tau_cal_0,tau_cal_1,tau_cal_2,tau_cal_3,tau_cal_4,tau_cal_5,tau_cal_6,tau_cal_7,tau_cal_8,tau_cal_9,tau_cal_10,tau_cal_11,tau_est_0,tau_est_1,tau_est_2,tau_est_3,tau_est_4,tau_est_5,tau_est_6,tau_est_7,tau_est_8,tau_est_9,tau_est_10,tau_est_11,joint_pos_0,joint_pos_1,joint_pos_2,joint_pos_3,joint_pos_4,joint_pos_5,joint_pos_6,joint_pos_7,joint_pos_8,joint_pos_9,joint_pos_10,joint_pos_11,joint_pos_target_0,joint_pos_target_1,joint_pos_target_2,joint_pos_target_3,joint_pos_target_4,joint_pos_target_5,joint_pos_target_6,joint_pos_target_7,joint_pos_target_8,joint_pos_target_9,joint_pos_target_10,joint_pos_target_11,joint_vel_0,joint_vel_1,joint_vel_2,joint_vel_3,joint_vel_4,joint_vel_5,joint_vel_6,joint_vel_7,joint_vel_8,joint_vel_9,joint_vel_10,joint_vel_11,
1.69352,-2.6694,7.89433,-1.40858,0.053871,6.22117,-0.527316,6.57704,13.617,0.534086,4.68707,11.7637,0,0,0,0,0,0,0,0,0,0,0,0,0.012244,0.814186,-1.55509,-0.0122469,0.814184,-1.55509,0.0279032,0.774594,-1.58035,-0.0279,0.774588,-1.58036,0.0545853,0.747449,-1.35774,-0.0474648,0.815529,-1.39957,0.014721,0.938993,-1.23988,-0.0145485,0.891738,-1.28621,0.000133242,-7.17855e-05,-0.00030582,-0.000133225,-7.18356e-05,-0.000305795,2.62185e-05,-0.0010736,0.00200738,-2.63722e-05,-0.00107368,0.0020075,
2.05977,-0.322209,7.18033,-1.85494,2.43141,6.37306,-1.76952,8.54872,17.9425,2.18787,6.74355,16.4126,0,0,0,0,0,0,0,0,0,0,0,0,0.0122536,0.814184,-1.55511,-0.0122565,0.814182,-1.55511,0.0279052,0.774523,-1.58021,-0.027902,0.774517,-1.58022,0.063751,0.806129,-1.37561,-0.0586332,0.874968,-1.39579,-0.0163321,0.98822,-1.13161,0.0267939,0.943085,-1.16986,0.000133267,2.9294e-05,-0.000284685,-0.000133245,2.92458e-05,-0.000284662,2.91384e-05,-0.000834743,0.00176956,-2.92849e-05,-0.000834815,0.00176968,
2.6267,0.453494,2.65722,-2.33482,3.39169,2.21837,-1.79113,9.69233,16.0608,2.28811,8.21955,14.4929,0,0,0,0,0,0,0,0,0,0,0,0,0.0123922,0.811809,-1.54831,-0.0128824,0.81302,-1.54997,0.0278843,0.773138,-1.57386,-0.0283083,0.773211,-1.57464,0.0786525,0.817353,-1.46459,-0.0730981,0.895208,-1.48086,-0.0167429,1.01116,-1.15421,0.0280503,0.974504,-1.19595,0.0237172,-0.23172,0.691434,-0.0738051,-0.104175,0.546041,0.0060479,-0.171554,0.725029,-0.0337696,-0.167843,0.654669,
1.99315,-0.847923,-0.378865,-1.90505,1.17548,0.77498,-1.55014,8.26211,11.0808,1.59723,7.23063,9.65072,0,0,0,0,0,0,0,0,0,0,0,0,0.0159461,0.807962,-1.53477,-0.015554,0.813763,-1.5396,0.028561,0.770603,-1.5587,-0.0288212,0.770389,-1.56077,0.0716033,0.782827,-1.52482,-0.0707994,0.852572,-1.50745,-0.00792314,0.975351,-1.25678,0.0103992,0.948245,-1.29674,0.233143,-0.157481,0.777076,-0.304764,0.376855,0.510931,0.0907727,-0.072202,0.995907,-0.0284196,-0.116396,0.910573,
0.298512,-3.63899,-0.504931,-0.468652,-3.12206,1.91968,-1.37785,4.78098,5.48553,0.987406,4.23239,5.01786,0,0,0,0,0,0,0,0,0,0,0,0,0.02426,0.806077,-1.52255,-0.0280562,0.831735,-1.52129,0.0319927,0.77352,-1.53749,-0.0299493,0.770807,-1.54162,0.0482803,0.710633,-1.52826,-0.0589884,0.776491,-1.44717,0.00233467,0.903316,-1.38089,-0.00767926,0.882661,-1.3994,0.6623,-0.178757,0.276374,-0.768636,0.912311,1.04505,0.191531,0.410857,0.778366,-0.096605,0.241755,0.671206,
-0.747967,-4.64473,1.47404,0.228839,-6.4056,5.01049,-1.46184,0.182177,0.614037,0.178338,0.164855,1.19889,0,0,0,0,0,0,0,0,0,0,0,0,0.0414237,0.785757,-1.5193,-0.0433349,0.845431,-1.50772,0.0363214,0.792906,-1.51625,-0.0321839,0.78305,-1.53265,0.0369007,0.629524,-1.48056,-0.0450576,0.695077,-1.38463,0.00416943,0.823334,-1.48427,-0.0285719,0.803127,-1.49723,0.567046,-1.60461,0.0754953,-0.297747,0.391448,-0.0870019,0.175764,1.03494,0.665146,-0.0338597,0.638205,0.217971,
-0.912728,-3.64084,3.92438,0.499744,-6.35866,5.57623,-1.27323,-1.12263,0.270078,0.0459572,-1.85512,-0.354806,0,0,0,0,0,0,0,0,0,0,0,0,0.0504272,0.747804,-1.52494,-0.0468637,0.855531,-1.51555,0.0372578,0.810725,-1.51193,-0.0321865,0.792584,-1.5257,0.0394905,0.629529,-1.4562,-0.0372965,0.708441,-1.38584,0.00298408,0.795766,-1.50196,-0.0309637,0.757208,-1.53044,0.475258,-1.09015,-1.17463,-0.117056,0.475059,-0.387825,-0.0977163,0.524266,0.128491,0.0029527,0.440086,0.164882,
-0.961061,-2.05421,4.65147,0.626111,-4.94312,5.39111,-1.40039,-1.25511,1.25481,0.346785,-2.02973,0.0902933,0,0,0,0,0,0,0,0,0,0,0,0,0.0567862,0.725891,-1.53219,-0.0485613,0.863435,-1.52262,0.0366319,0.817583,-1.51398,-0.0323264,0.800537,-1.52789,0.0425189,0.649351,-1.43023,-0.0357311,0.752094,-1.39953,0.000735849,0.795896,-1.48924,-0.02478,0.756297,-1.53427,0.390369,-1.00739,-0.572861,-0.112903,0.489459,-0.467504,-0.0354553,0.387634,-0.265431,-0.0449287,0.260136,-0.345487,
-0.716988,-1.99637,5.35446,0.608145,-3.78808,5.08524,-1.46996,-0.964007,2.2674,0.818454,-1.37505,1.25237,0,0,0,0,0,0,0,0,0,0,0,0,0.0626327,0.715646,-1.54259,-0.0516383,0.874617,-1.5348,0.0353112,0.826698,-1.52356,-0.0339351,0.801582,-1.53871,0.0462339,0.667181,-1.4199,-0.039881,0.791005,-1.42069,-0.00324912,0.81231,-1.47888,-0.0150835,0.765049,-1.51978,0.0610383,0.057758,-0.446846,-0.13785,0.443615,-0.520819,-0.0724542,0.388486,-0.480483,-0.0643886,-0.0862613,-0.495097,
-0.586859,-1.7769,5.71263,0.379171,-2.80909,4.67441,-1.48538,-0.689784,2.79193,1.2671,-0.893551,2.26181,0,0,0,0,0,0,0,0,0,0,0,0,0.0622334,0.721718,-1.55156,-0.0536915,0.881158,-1.54285,0.0341778,0.832899,-1.53179,-0.0348163,0.800837,-1.54508,0.0466203,0.685515,-1.42347,-0.0472587,0.820698,-1.43853,-0.00475399,0.825293,-1.47529,-0.00469788,0.779811,-1.49567,-0.0376679,0.328762,-0.588856,-0.121859,0.390656,-0.501491,-0.0718898,0.385552,-0.532126,-0.0623649,0.0524985,-0.285662,
-0.620895,-1.0895,6.09337,0.0973866,-2.12846,4.19122,-1.48517,-0.404718,3.05428,1.64126,-0.319672,3.553,0,0,0,0,0,0,0,0,0,0,0,0,0.061872,0.726278,-1.56361,-0.055702,0.888149,-1.55293,0.033082,0.840165,-1.54295,-0.0360771,0.803834,-1.55129,0.0460624,0.705414,-1.42403,-0.0549931,0.841607,-1.45908,-0.0048494,0.836965,-1.47843,0.00381578,0.799556,-1.46958,-0.0114869,0.254944,-0.510226,-0.069028,0.266783,-0.437221,-0.0320835,0.276682,-0.473621,-0.0455435,0.148559,-0.284835,
-0.681387,-0.573375,6.51369,-0.179354,-1.79771,3.60099,-1.40909,-0.261504,3.02115,1.97381,0.422717,4.87625,0,0,0,0,0,0,0,0,0,0,0,0,0.0617859,0.731027,-1.57455,-0.0570893,0.893364,-1.56291,0.0324819,0.845355,-1.55315,-0.0370181,0.806671,-1.55785,0.0447573,0.720617,-1.42194,-0.0628553,0.852983,-1.48276,-0.00330295,0.843231,-1.48735,0.0114179,0.819552,-1.44238,0.00024308,0.156994,-0.409364,-0.0512847,0.182457,-0.394831,-0.0223023,0.176551,-0.388993,-0.0363725,0.0925035,-0.257622,
-0.770823,-0.184235,6.91521,-0.469437,-1.68318,2.72558,-1.25783,-0.246964,2.64136,2.25664,1.19172,5.97421,0,0,0,0,0,0,0,0,0,0,0,0,0.0618145,0.732964,-1.58037,-0.0578431,0.895752,-1.56875,0.0321403,0.847629,-1.55879,-0.0375705,0.807698,-1.56155,0.0426237,0.730925,-1.41592,-0.0706947,0.857072,-1.50951,0.000159942,0.84462,-1.50113,0.0179964,0.83865,-1.41748,0.00318993,0.102648,-0.337215,-0.0446254,0.135965,-0.356018,-0.0213831,0.1266,-0.334888,-0.0339677,0.0463539,-0.211357,
-0.89631,0.0478557,7.4546,-0.760772,-1.79343,1.89777,-1.04273,-0.373425,2.16233,2.5265,1.96978,7.0154,0,0,0,0,0,0,0,0,0,0,0,0,0.0619289,0.734703,-1.58694,-0.0587604,0.898377,-1.57633,0.0316398,0.850002,-1.56563,-0.0383284,0.808257,-1.56566,0.0397173,0.737513,-1.40737,-0.078754,0.8563,-1.53738,0.00498129,0.843088,-1.51895,0.0239659,0.857822,-1.39457,0.00784785,0.0645395,-0.271988,-0.0389738,0.110367,-0.340054,-0.0236169,0.0968806,-0.295253,-0.034722,0.0128262,-0.171734,
-1.0431,0.176812,8.05788,-1.06747,-2.06431,1.09549,-0.800049,-0.587654,1.57686,2.75422,2.70923,7.99318,0,0,0,0,0,0,0,0,0,0,0,0,0.0622038,0.735804,-1.59224,-0.0595345,0.900533,-1.58354,0.0311522,0.851908,-1.57172,-0.0390498,0.808419,-1.56928,0.0365606,0.741277,-1.39632,-0.0870397,0.851253,-1.56434,0.0106238,0.839295,-1.53901,0.0290183,0.876292,-1.37352,0.0173753,0.0421087,-0.221079,-0.0327318,0.0931184,-0.327462,-0.0210888,0.083117,-0.268441,-0.0314987,0.00566364,-0.162588,
-1.20673,0.202451,8.62132,-1.32286,-2.37552,0.374481,-0.553094,-0.822535,0.890735,2.9183,3.36621,8.83548,0,0,0,0,0,0,0,0,0,0,0,0,0.0626244,0.736413,-1.59585,-0.0603487,0.901874,-1.58947,0.0308224,0.853296,-1.57633,-0.0395635,0.808514,-1.5722,0.0331942,0.742204,-1.385,-0.0952922,0.843819,-1.58895,0.0165743,0.834691,-1.56047,0.032716,0.892809,-1.35542,0.0295208,0.0291794,-0.187343,-0.0748772,0.0533306,-0.353519,-0.0168335,0.0783494,-0.256518,-0.0271169,0.00557742,-0.164336,
-1.39852,0.107791,9.08067,-1.34066,-2.47385,-0.0692782,-0.345505,-1.05302,0.24898,3.01022,3.87089,9.64078,0,0,0,0,0,0,0,0,0,0,0,0,0.0634528,0.736978,-1.5993,-0.0636024,0.901317,-1.59775,0.0305931,0.855059,-1.58166,-0.0400125,0.808858,-1.5758,0.0297876,0.740448,-1.37631,-0.103634,0.836277,-1.61103,0.0217816,0.831273,-1.58243,0.0347763,0.906465,-1.33978,0.0519134,0.0310066,-0.1612,-0.260593,-0.127737,-0.461637,-0.00695545,0.101608,-0.279769,-0.0186728,0.0333975,-0.200143,
-1.63618,-0.215434,9.42427,-1.15524,-1.71588,-0.350702,-0.122622,-1.27098,-0.493178,3.10363,4.10027,10.5553,0,0,0,0,0,0,0,0,0,0,0,0,0.064747,0.737857,-1.60307,-0.0717682,0.887931,-1.60371,0.0302911,0.857373,-1.58816,-0.0406029,0.810008,-1.58108,0.0256232,0.733763,-1.37202,-0.111741,0.821609,-1.61989,0.0268971,0.828505,-1.60852,0.0362976,0.914376,-1.32417,0.0712309,0.0516616,-0.182101,-0.443666,-0.936979,-0.296485,-0.0131384,0.116264,-0.321131,-0.0276158,0.0744718,-0.278966,
-1.86519,-0.717615,9.53595,-1.01286,-0.940773,-0.33287,0.019136,-1.23843,-0.821376,3.10329,4.05877,11.2224,0,0,0,0,0,0,0,0,0,0,0,0,0.0670229,0.739462,-1.60753,-0.0819119,0.85948,-1.61034,0.0301457,0.859222,-1.59927,-0.0409345,0.811749,-1.58665,0.0232531,0.723538,-1.3736,-0.117001,0.803055,-1.6262,0.0305384,0.828794,-1.63532,0.0363917,0.916075,-1.31437,0.114395,0.0806825,-0.178831,-0.390691,-1.31622,-0.301567,-0.00342981,0.0212985,-0.620536,-0.010239,0.114261,-0.331166,
-2.23897,-1.4558,9.29341,-1.09068,-0.50424,-0.280641,0.357095,-0.769206,-0.901795,3.0577,3.90894,11.7075,0,0,0,0,0,0,0,0,0,0,0,0,0.0700661,0.741679,-1.61081,-0.0878112,0.832869,-1.61617,0.0285094,0.854834,-1.61082,-0.0406904,0.816221,-1.59652,0.0189046,0.708732,-1.38224,-0.120709,0.787851,-1.63143,0.033522,0.825429,-1.6499,0.0366988,0.919589,-1.31397,0.192508,0.137938,-0.150505,-0.225238,-1.29646,-0.330078,-0.156592,-0.406996,-0.661411,0.0378632,0.225799,-0.40541,
-2.42281,-1.96693,9.08867,-1.11534,-0.248914,-0.242023,0.53985,-0.310821,-0.640502,2.99511,3.7484,11.9274,0,0,0,0,0,0,0,0,0,0,0,0,0.0733462,0.744153,-1.61313,-0.0904112,0.812162,-1.62018,0.0256757,0.847387,-1.62335,-0.0400197,0.820307,-1.60365,0.0181321,0.699099,-1.38953,-0.121728,0.77514,-1.63382,0.0341712,0.825472,-1.6596,0.0360402,0.920857,-1.31702,0.21425,0.164772,-0.14441,-0.137338,-1.23198,-0.30376,-0.200028,-0.565765,-0.809832,0.0472813,0.273592,-0.461926,
-2.57221,-2.37962,8.90539,-1.12703,0.0811543,-0.099463,0.672673,0.164997,-0.218257,2.95866,3.55645,12.1631,0,0,0,0,0,0,0,0,0,0,0,0,0.0781726,0.748131,-1.61636,-0.0921167,0.786552,-1.62469,0.0209948,0.834055,-1.64079,-0.0389868,0.826912,-1.61437,0.019418,0.693371,-1.3975,-0.121454,0.762305,-1.63175,0.0327419,0.824059,-1.66579,0.0361468,0.923607,-1.32273,0.222031,0.18922,-0.150634,-0.0464519,-1.05102,-0.183092,-0.202789,-0.564858,-0.78179,0.0466843,0.311372,-0.497426,
-2.65637,-2.50199,8.82253,-1.06282,0.106885,0.143045,0.665305,0.243941,-0.146543,2.91104,3.42897,12.2817,0,0,0,0,0,0,0,0,0,0,0,0,0.0834507,0.752656,-1.62009,-0.0930858,0.767464,-1.62992,0.0171493,0.823435,-1.65597,-0.0379118,0.834171,-1.62605,0.022286,0.694595,-1.40367,-0.120499,0.753556,-1.62996,0.0308721,0.822046,-1.67287,0.0357659,0.926826,-1.33063,0.209786,0.179569,-0.165736,-0.0337179,-0.663206,-0.144748,-0.116394,-0.299493,-0.529412,0.0360626,0.277245,-0.465208,
-2.62549,-2.40181,8.74089,-0.962453,-0.0254743,0.342601,0.578422,0.10232,-0.288243,2.86406,3.36355,12.0829,0,0,0,0,0,0,0,0,0,0,0,0,0.0865708,0.75521,-1.62277,-0.0937689,0.760076,-1.63361,0.0159116,0.820325,-1.6631,-0.0374758,0.837971,-1.63288,0.0254725,0.698685,-1.40856,-0.119172,0.751229,-1.63215,0.0294859,0.82091,-1.68302,0.034645,0.927114,-1.34067,0.181555,0.140777,-0.172169,-0.0536726,-0.328425,-0.284346,-0.0354497,-0.0789125,-0.508442,0.0207736,0.202179,-0.394837,
-2.72364,-2.32647,8.73416,-0.959465,-0.0646862,0.433013,0.617434,0.066968,-0.467449,2.80963,3.27343,11.9586,0,0,0,0,0,0,0,0,0,0,0,0,0.0906537,0.758013,-1.62663,-0.0943134,0.755872,-1.63961,0.0149686,0.818621,-1.67107,-0.0368488,0.841714,-1.64083,0.027091,0.702771,-1.4127,-0.118537,0.751369,-1.6346,0.0290765,0.818834,-1.69123,0.0340699,0.927252,-1.35038,0.181139,0.116795,-0.177173,-0.00950031,-0.115434,-0.23286,-0.0531154,-0.0584374,-0.33894,0.0271217,0.148101,-0.34062,
-2.75961,-2.22354,8.73315,-0.949537,-0.0792249,0.504026,0.654484,0.0881533,-0.48904,2.78031,3.15829,11.8952,0,0,0,0,0,0,0,0,0,0,0,0,0.0942967,0.760205,-1.63018,-0.0944071,0.755021,-1.64583,0.0137164,0.817491,-1.67784,-0.0364016,0.844516,-1.64773,0.0292093,0.706915,-1.41561,-0.118193,0.752776,-1.64034,0.028175,0.818129,-1.69701,0.033506,0.926514,-1.35793,0.156116,0.0919563,-0.150272,-0.00189404,-0.0105779,-0.284133,-0.076138,-0.0626377,-0.27789,0.0159928,0.121606,-0.303165,
-2.79645,-2.16231,8.75632,-0.941509,-0.0282189,0.479783,0.679831,0.0962864,-0.509937,2.78142,3.07338,11.803,0,0,0,0,0,0,0,0,0,0,0,0,0.0974179,0.761971,-1.63331,-0.0944299,0.754611,-1.65084,0.01225,0.816806,-1.68268,-0.0362539,0.846249,-1.65234,0.0308835,0.70978,-1.41782,-0.117975,0.753685,-1.6449,0.0275498,0.817657,-1.70188,0.0334449,0.925772,-1.3644,0.135074,0.0746659,-0.136726,-0.000301555,-0.00883138,-0.242494,-0.0678415,-0.0622355,-0.258152,0.00653857,0.107542,-0.285544,
-2.81467,-2.09147,8.77037,-0.943743,0.0127919,0.453454,0.673952,0.134562,-0.421568,2.79032,3.04395,11.7884,0,0,0,0,0,0,0,0,0,0,0,0,0.0997362,0.763177,-1.63564,-0.0944249,0.754544,-1.65526,0.0112422,0.815719,-1.68895,-0.036155,0.848502,-1.65875,0.0325007,0.712482,-1.41956,-0.118003,0.754819,-1.65003,0.0267759,0.8181,-1.70586,0.0336707,0.926767,-1.37049,0.125247,0.0636739,-0.127023,0.000620682,-0.00176743,-0.244156,-0.0526034,-0.0393181,-0.254759,0.0027067,0.0866749,-0.257715,
-2.84417,-2.01825,8.79228,-0.948752,0.0479223,0.436023,0.662111,0.173035,-0.35191,2.80342,3.02697,11.8031,0,0,0,0,0,0,0,0,0,0,0,0,0.102145,0.764381,-1.63813,-0.0944047,0.754519,-1.65997,0.0103863,0.81519,-1.69414,-0.0361246,0.850187,-1.66384,0.0339707,0.715394,-1.42141,-0.118094,0.755694,-1.6548,0.0259944,0.818985,-1.70928,0.0339754,0.927977,-1.37511,0.117209,0.0587748,-0.123181,0.00116903,-0.000922876,-0.229266,-0.0377884,-0.0212125,-0.253649,0.000580439,0.0846202,-0.254175,
-2.86865,-1.93616,8.85039,-0.951661,0.0716597,0.432023,0.638514,0.214089,-0.296641,2.81869,3.02454,11.8676,0,0,0,0,0,0,0,0,0,0,0,0,0.104585,0.765553,-1.64078,-0.0943734,0.754491,-1.66479,0.00977551,0.814893,-1.69929,-0.0361463,0.851914,-1.66926,0.0355105,0.718364,-1.42254,-0.118129,0.756249,-1.65937,0.0253191,0.820137,-1.71277,0.0342621,0.929331,-1.37857,0.105686,0.048596,-0.120864,0.00141696,-0.00134525,-0.215377,-0.0167704,-0.00433303,-0.242767,-0.002357,0.0721725,-0.240191,
-2.90272,-1.86939,8.90209,-0.96107,0.090415,0.435452,0.636463,0.240467,-0.304202,2.83248,3.03342,11.9472,0,0,0,0,0,0,0,0,0,0,0,0,0.106802,0.76651,-1.64338,-0.0943345,0.754455,-1.66939,0.00940978,0.814839,-1.70381,-0.0362242,0.853348,-1.67434,0.0366834,0.720789,-1.42374,-0.118312,0.756673,-1.66366,0.0249064,0.820859,-1.71606,0.0344827,0.930708,-1.3813,0.0979543,0.040562,-0.116388,0.00195729,-0.00168276,-0.206389,-0.0165969,0.000332998,-0.185543,-0.00419836,0.0609827,-0.225638,
-2.92464,-1.80919,8.93379,-0.963522,0.104044,0.445639,0.629336,0.263702,-0.318426,2.83648,3.03482,11.9659,0,0,0,0,0,0,0,0,0,0,0,0,0.108817,0.767236,-1.64587,-0.0942915,0.754408,-1.67386,0.00919055,0.814893,-1.70789,-0.0363166,0.854163,-1.67777,0.0379088,0.722752,-1.42528,-0.118331,0.756957,-1.66774,0.02466,0.821556,-1.72003,0.0344384,0.931197,-1.38385,0.0882995,0.0298402,-0.110118,0.00194727,-0.00208932,-0.200807,-0.0105582,0.00284804,-0.167099,-0.00628256,0.0465587,-0.209224,
-2.96908,-1.79442,8.9582,-0.973474,0.11637,0.435961,0.629547,0.27355,-0.344991,2.85302,3.04789,12.0331,0,0,0,0,0,0,0,0,0,0,0,0,0.110519,0.767754,-1.64801,-0.0942506,0.754371,-1.67704,0.00907903,0.814951,-1.71064,-0.0364848,0.855088,-1.6822,0.0384538,0.723565,-1.42667,-0.118535,0.757223,-1.67112,0.0246748,0.821886,-1.72377,0.0346539,0.932224,-1.38625,0.0864622,0.0268583,-0.104736,0.00211675,-0.00227432,-0.199264,-0.00571701,0.00382839,-0.180264,-0.00747654,0.0375386,-0.195213,
-2.99327,-1.76443,8.98188,-0.982622,0.130718,0.442541,0.635263,0.298268,-0.357459,2.85921,3.05317,12.1055,0,0,0,0,0,0,0,0,0,0,0,0,0.112002,0.768165,-1.64981,-0.0942103,0.754313,-1.68125,0.00889062,0.815028,-1.71416,-0.0366557,0.855873,-1.68635,0.0392034,0.724602,-1.42771,-0.118721,0.757515,-1.67486,0.0246168,0.822581,-1.7274,0.0346351,0.933064,-1.38834,0.0813032,0.0219239,-0.0977923,0.00219108,-0.00263472,-0.187123,-0.00621647,0.00384933,-0.172106,-0.00757324,0.03448,-0.184755,
-3.04175,-1.75736,8.99796,-0.997297,0.145937,0.435376,0.650498,0.318385,-0.354324,2.86959,3.05854,12.1917,0,0,0,0,0,0,0,0,0,0,0,0,0.113773,0.768656,-1.65183,-0.0941617,0.754257,-1.68519,0.0086764,0.815103,-1.7177,-0.0368122,0.856684,-1.69037,0.0397574,0.725325,-1.42907,-0.119037,0.757846,-1.67863,0.0245418,0.823128,-1.73029,0.0347702,0.934165,-1.39013,0.0811247,0.0241481,-0.0872993,0.00226974,-0.0023829,-0.173106,-0.0158835,0.00261228,-0.149159,-0.00629843,0.0406706,-0.182287,
-3.07413,-1.74724,9.02164,-1.00498,0.152235,0.432089,0.650928,0.347191,-0.33619,2.88166,3.06739,12.2669,0,0,0,0,0,0,0,0,0,0,0,0,0.115487,0.769151,-1.65367,-0.0941202,0.754203,-1.68888,0.0084126,0.815186,-1.72117,-0.0369728,0.857544,-1.69426,0.0405151,0.726001,-1.43014,-0.119205,0.757945,-1.68217,0.0244518,0.823976,-1.7336,0.034862,0.935164,-1.39191,0.0752483,0.0212478,-0.0804491,0.00159603,-0.0025203,-0.163587,-0.00936167,0.00439775,-0.160841,-0.00826723,0.037407,-0.172643,
-3.10012,-1.76283,9.01662,-1.01226,0.148422,0.417331,0.660555,0.35508,-0.377442,2.88552,3.06022,12.2745,0,0,0,0,0,0,0,0,0,0,0,0,0.116667,0.769484,-1.6549,-0.0940941,0.75416,-1.69141,0.00822501,0.815253,-1.72354,-0.0371085,0.858136,-1.69696,0.0409848,0.725922,-1.43138,-0.119362,0.757805,-1.68489,0.0245108,0.82425,-1.73698,0.0348192,0.935542,-1.39426,0.0728244,0.0203443,-0.0759739,0.00152746,-0.00262925,-0.156768,-0.00912172,0.00479428,-0.160268,-0.00841294,0.0359964,-0.166192,
-3.12894,-1.76051,9.02991,-1.0173,0.156726,0.421678,0.669684,0.373823,-0.388175,2.89131,3.04737,12.3247,0,0,0,0,0,0,0,0,0,0,0,0,0.118199,0.769894,-1.65646,-0.0940613,0.754094,-1.69469,0.00798696,0.815354,-1.72672,-0.0373154,0.858886,-1.70048,0.0416515,0.726315,-1.43242,-0.11946,0.757932,-1.68778,0.0244893,0.824819,-1.74024,0.0347138,0.935884,-1.39626,0.0670395,0.0173198,-0.0685148,0.00135057,-0.00318395,-0.145275,-0.00959173,0.00476443,-0.152539,-0.010144,0.0325316,-0.155732,
-3.16795,-1.76281,9.03932,-1.02684,0.169059,0.42236,0.693353,0.388775,-0.396801,2.89663,3.04037,12.3861,0,0,0,0,0,0,0,0,0,0,0,0,0.119659,0.77029,-1.65789,-0.0940297,0.754022,-1.69775,0.00760968,0.815443,-1.72967,-0.0375292,0.859627,-1.70385,0.0421178,0.72669,-1.43348,-0.119665,0.758168,-1.69057,0.0244018,0.825262,-1.74288,0.0346576,0.9365,-1.39797,0.066297,0.0188135,-0.0629919,0.0014277,-0.00324341,-0.135152,-0.0216687,0.00396953,-0.131649,-0.00915905,0.0345665,-0.151002,
-3.19665,-1.76204,9.05028,-1.03396,0.178453,0.416385,0.707663,0.404379,-0.398691,2.90325,3.03921,12.4259,0,0,0,0,0,0,0,0,0,0,0,0,0.120942,0.770645,-1.65911,-0.0940043,0.753955,-1.70038,0.00724141,0.815529,-1.73243,-0.0377225,0.860277,-1.70677,0.0426247,0.727065,-1.43434,-0.119822,0.758336,-1.69317,0.024324,0.825734,-1.74534,0.0346224,0.937096,-1.39974,0.0639763,0.018848,-0.0595477,0.00126435,-0.00323405,-0.127998,-0.0243583,0.00380537,-0.117471,-0.00945051,0.0335462,-0.144773,
-3.21713,-1.76027,9.06609,-1.03542,0.182414,0.410678,0.705769,0.421073,-0.398108,2.91247,3.03464,12.4442,0,0,0,0,0,0,0,0,0,0,0,0,0.122254,0.770995,-1.66038,-0.0939824,0.753892,-1.70263,0.00696356,0.815616,-1.7348,-0.0379197,0.860799,-1.70926,0.0432695,0.727372,-1.43512,-0.119845,0.758366,-1.69547,0.0242885,0.826269,-1.74822,0.034595,0.937345,-1.40153,0.0577592,0.0153843,-0.0558213,0.00093474,-0.00344714,-0.124261,-0.0127711,0.00502406,-0.138635,-0.0118846,0.0271868,-0.135072,
-3.2309,-1.75521,9.06444,-1.04052,0.193547,0.412491,0.720604,0.42886,-0.435203,2.91721,3.02679,12.469,0,0,0,0,0,0,0,0,0,0,0,0,0.12313,0.771205,-1.66123,-0.0939683,0.753818,-1.70501,0.00666811,0.81571,-1.73713,-0.0381675,0.861306,-1.71185,0.0437209,0.72766,-1.43593,-0.119957,0.758564,-1.69761,0.0242609,0.826546,-1.7508,0.0344554,0.93759,-1.4033,0.0545344,0.0134224,-0.0524413,0.000976815,-0.00368679,-0.116499,-0.0168917,0.0045778,-0.111939,-0.0122955,0.0245849,-0.126782,
-3.25237,-1.74083,9.08537,-1.04416,0.206001,0.414938,0.725608,0.446498,-0.422526,2.92504,3.02348,12.5168,0,0,0,0,0,0,0,0,0,0,0,0,0.124383,0.771489,-1.66241,-0.0939448,0.753722,-1.70768,0.00631929,0.815827,-1.73975,-0.038461,0.86184,-1.71475,0.0443339,0.728244,-1.43647,-0.120026,0.758772,-1.7,0.024137,0.827115,-1.75327,0.0343573,0.937953,-1.40475,0.0504146,0.0110171,-0.0473909,0.000900478,-0.00398177,-0.107797,-0.0129014,0.00504049,-0.118341,-0.0123078,0.0210098,-0.116844,
-3.28022,-1.74759,9.08977,-1.05065,0.212678,0.411377,0.740078,0.455015,-0.416205,2.93244,3.02028,12.5477,0,0,0,0,0,0,0,0,0,0,0,0,0.125408,0.771745,-1.66333,-0.0939249,0.753648,-1.70976,0.00594141,0.815921,-1.74195,-0.0386835,0.862304,-1.71707,0.0446771,0.728381,-1.43722,-0.120169,0.758875,-1.70204,0.0240266,0.827426,-1.7555,0.0343579,0.938383,-1.40624,0.0509753,0.0130194,-0.0452623,0.000900393,-0.00359229,-0.10262,-0.0166724,0.00518068,-0.125753,-0.0107854,0.0228761,-0.114295,
-3.30402,-1.74535,9.0985,-1.05535,0.218143,0.409504,0.748452,0.468985,-0.408881,2.93918,3.0159,12.5846,0,0,0,0,0,0,0,0,0,0,0,0,0.126522,0.772044,-1.66428,-0.0939047,0.753567,-1.7119,0.00553595,0.816033,-1.74439,-0.0389052,0.86282,-1.71953,0.0451446,0.728732,-1.43788,-0.12027,0.758926,-1.70405,0.0238893,0.827892,-1.75764,0.0343145,0.93877,-1.40763,0.0489381,0.0128789,-0.0424012,0.000740994,-0.00376212,-0.0953303,-0.0143199,0.00539172,-0.120885,-0.010394,0.0221051,-0.108726,
-3.33134,-1.75359,9.10219,-1.05944,0.218544,0.400577,0.759413,0.473734,-0.425097,2.94302,3.00452,12.593,0,0,0,0,0,0,0,0,0,0,0,0,0.12759,0.772344,-1.66518,-0.093888,0.753485,-1.71338,0.00524042,0.816117,-1.74606,-0.0390629,0.863191,-1.72125,0.0454971,0.728845,-1.43863,-0.120356,0.758854,-1.70566,0.02383,0.828102,-1.75963,0.0342606,0.938862,-1.40908,0.0476421,0.0136455,-0.0402857,0.00073716,-0.00376983,-0.0918678,-0.0158294,0.00568483,-0.117901,-0.0100763,0.0223269,-0.106199,
-3.33978,-1.74432,9.1054,-1.06178,0.226715,0.402595,0.766169,0.484615,-0.425805,2.94822,2.99896,12.6156,0,0,0,0,0,0,0,0,0,0,0,0,0.128327,0.77255,-1.66581,-0.0938776,0.753421,-1.71531,0.00489258,0.816242,-1.74826,-0.039288,0.863653,-1.7235,0.0459543,0.729243,-1.43917,-0.120409,0.758987,-1.70741,0.0237239,0.828503,-1.76158,0.0341521,0.939104,-1.41059,0.0448473,0.0120668,-0.0396688,0.000529669,-0.00406098,-0.0866522,-0.0129155,0.00584326,-0.107237,-0.0106168,0.0190763,-0.0991608,
-3.35575,-1.72926,9.12468,-1.06403,0.238674,0.406793,0.772879,0.495011,-0.43142,2.95757,2.9976,12.6505,0,0,0,0,0,0,0,0,0,0,0,0,0.129346,0.772805,-1.66671,-0.0938646,0.753316,-1.71728,0.00458066,0.816377,-1.75036,-0.0395527,0.864058,-1.72576,0.0464526,0.729803,-1.4395,-0.120455,0.759172,-1.70914,0.0236397,0.828899,-1.76346,0.0340922,0.939363,-1.41175,0.0400238,0.0091936,-0.0363757,0.000426676,-0.00442809,-0.0810564,-0.010518,0.00587088,-0.0926288,-0.0117767,0.0146032,-0.0902019,
-3.3742,-1.72397,9.13413,-1.068,0.248145,0.408001,0.784329,0.496826,-0.453189,2.96305,2.99109,12.6675,0,0,0,0,0,0,0,0,0,0,0,0,0.130197,0.772997,-1.66747,-0.0938548,0.753221,-1.71903,0.0043751,0.816477,-1.7519,-0.0397693,0.864304,-1.72733,0.0468009,0.730124,-1.43997,-0.120543,0.759323,-1.71077,0.023593,0.829033,-1.7651,0.0340169,0.93945,-1.41283,0.0383541,0.00900641,-0.0338638,0.000461604,-0.00407092,-0.0776195,-0.0156135,0.00543176,-0.0748505,-0.0115969,0.014762,-0.0872049,
-3.38611,-1.71954,9.13855,-1.0712,0.254518,0.400847,0.788099,0.503159,-0.44909,2.97126,2.99252,12.6851,0,0,0,0,0,0,0,0,0,0,0,0,0.130866,0.773143,-1.66806,-0.0938469,0.753146,-1.72038,0.00412479,0.816603,-1.75364,-0.0400233,0.864583,-1.72916,0.047136,0.730358,-1.4404,-0.120617,0.759408,-1.71223,0.0235442,0.829319,-1.76681,0.0339763,0.939696,-1.41405,0.0369032,0.00814376,-0.0320742,0.000414665,-0.00404521,-0.0746616,-0.0113217,0.00546463,-0.0778101,-0.0112748,0.0120281,-0.0808101,
-3.40744,-1.72153,9.14118,-1.07634,0.261158,0.398546,0.800208,0.507501,-0.452643,2.9765,2.98757,12.7053,0,0,0,0,0,0,0,0,0,0,0,0,0.131607,0.773318,-1.66869,-0.0938385,0.753069,-1.72184,0.00387421,0.816709,-1.75517,-0.0402354,0.864836,-1.73076,0.0473711,0.730534,-1.44093,-0.120734,0.759507,-1.71365,0.0234652,0.829514,-1.76818,0.0339358,0.93989,-1.41513,0.0380068,0.0101405,-0.0307442,0.00050902,-0.003623,-0.0708013,-0.0165668,0.00471941,-0.0676819,-0.00964606,0.0145636,-0.0803512,
-3.42322,-1.71075,9.15511,-1.07834,0.268858,0.401025,0.801852,0.519046,-0.439641,2.98532,2.98753,12.7418,0,0,0,0,0,0,0,0,0,0,0,0,0.132476,0.773537,-1.6694,-0.0938309,0.752978,-1.72349,0.00359429,0.81684,-1.75694,-0.0404724,0.865152,-1.73261,0.0477783,0.730993,-1.44125,-0.120784,0.759606,-1.71512,0.0233532,0.829956,-1.76963,0.033913,0.940165,-1.41596,0.035307,0.00901122,-0.0289086,0.000226824,-0.00376035,-0.066548,-0.0114974,0.00561341,-0.0677517,-0.0099065,0.0129989,-0.075749,
-3.43629,-1.71403,9.15836,-1.07928,0.268569,0.395522,0.803364,0.520419,-0.457222,2.99033,2.98118,12.739,0,0,0,0,0,0,0,0,0,0,0,0,0.133146,0.773693,-1.66996,-0.0938282,0.752901,-1.72441,0.00347064,0.816921,-1.75795,-0.0406184,0.865309,-1.73363,0.0480626,0.731035,-1.44169,-0.120806,0.75952,-1.71616,0.0233537,0.830079,-1.77126,0.0338761,0.940103,-1.41696,0.0329617,0.0077255,-0.0274502,0.000156974,-0.00380236,-0.0656364,-0.00804239,0.00588542,-0.0752863,-0.0105482,0.0105771,-0.0718822,
-3.44539,-1.70625,9.16196,-1.08166,0.277568,0.400191,0.809704,0.524948,-0.463755,2.99589,2.97825,12.7634,0,0,0,0,0,0,0,0,0,0,0,0,0.133716,0.773816,-1.67044,-0.0938259,0.752829,-1.72592,0.00326971,0.817065,-1.75952,-0.040868,0.86554,-1.73529,0.0483696,0.73133,-1.44204,-0.120863,0.759668,-1.71744,0.0232986,0.830332,-1.77273,0.0337803,0.940222,-1.41787,0.0315297,0.00679655,-0.0260175,0.000173107,-0.00402127,-0.0612121,-0.00854659,0.0057435,-0.0646137,-0.0099627,0.00903798,-0.0667882,
-3.46423,-1.70335,9.16777,-1.08525,0.285315,0.399398,0.817701,0.530347,-0.458444,3.00098,2.97692,12.7891,0,0,0,0,0,0,0,0,0,0,0,0,0.134417,0.773979,-1.671,-0.093821,0.752744,-1.72722,0.00304558,0.817185,-1.76092,-0.0410684,0.865753,-1.73674,0.0486117,0.731589,-1.44243,-0.120947,0.759782,-1.71868,0.0232164,0.830579,-1.77399,0.033744,0.94043,-1.41864,0.0320348,0.00778841,-0.0248683,0.000219833,-0.00379522,-0.057739,-0.0108702,0.00540844,-0.0643272,-0.00848603,0.0101567,-0.0652306,
-3.47718,-1.70027,9.17433,-1.0873,0.289743,0.397856,0.821401,0.535544,-0.456376,3.00696,2.97611,12.8077,0,0,0,0,0,0,0,0,0,0,0,0,0.13504,0.774129,-1.67148,-0.0938181,0.752667,-1.72834,0.00284654,0.817295,-1.76221,-0.041238,0.865947,-1.73801,0.0488758,0.731807,-1.44272,-0.120999,0.759817,-1.71978,0.0231556,0.830824,-1.77526,0.0337241,0.940584,-1.41937,0.030598,0.00740131,-0.023862,7.64776e-05,-0.00376021,-0.0552009,-0.00903992,0.00562331,-0.0656796,-0.00848014,0.00937994,-0.0623562,
-3.49082,-1.69611,9.18098,-1.09007,0.294845,0.396159,0.827322,0.539537,-0.463109,3.01247,2.97404,12.8294,0,0,0,0,0,0,0,0,0,0,0,0,0.135689,0.774283,-1.67198,-0.0938168,0.752583,-1.72951,0.00265502,0.817418,-1.76351,-0.0414264,0.866141,-1.73933,0.0491494,0.73206,-1.44301,-0.121066,0.75986,-1.72089,0.0230965,0.83104,-1.77642,0.0336786,0.940717,-1.42008,0.0292196,0.00716271,-0.0220882,9.23637e-05,-0.00377915,-0.0514395,-0.00966336,0.00535228,-0.0530384,-0.00827064,0.00898862,-0.0591543,
-3.50143,-1.68725,9.18851,-1.09195,0.300584,0.394684,0.830822,0.544786,-0.464884,3.01831,2.97499,12.8498,0,0,0,0,0,0,0,0,0,0,0,0,0.136299,0.774424,-1.67245,-0.0938169,0.752498,-1.73061,0.00247764,0.817543,-1.76471,-0.0416155,0.866311,-1.74058,0.0494413,0.7324,-1.44326,-0.121116,0.759917,-1.72196,0.0230393,0.831311,-1.7776,0.03363,0.940873,-1.42071,0.027128,0.00630194,-0.0207259,-3.03321e-05,-0.00382708,-0.0487578,-0.00835437,0.00593194,-0.050668,-0.00848903,0.00748367,-0.0551195,
-3.50968,-1.68952,9.18771,-1.09355,0.30179,0.390197,0.834766,0.543951,-0.477256,3.02151,2.9704,12.8476,0,0,0,0,0,0,0,0,0,0,0,0,0.136717,0.774518,-1.67278,-0.0938184,0.752437,-1.73138,0.00236394,0.81764,-1.76558,-0.0417541,0.866419,-1.74143,0.049631,0.732433,-1.44359,-0.121158,0.75989,-1.72281,0.023037,0.831383,-1.77882,0.0335766,0.940851,-1.42156,0.0262494,0.00612557,-0.0201142,-4.83547e-05,-0.00367588,-0.0474278,-0.00784575,0.00573934,-0.0523338,-0.00827616,0.00689685,-0.0528554,
-3.5247,-1.68901,9.19302,-1.09584,0.307129,0.389856,0.842088,0.545519,-0.478879,3.02479,2.96414,12.8643,0,0,0,0,0,0,0,0,0,0,0,0,0.137288,0.774655,-1.67321,-0.0938198,0.752357,-1.73239,0.00218569,0.81777,-1.76671,-0.0419274,0.866573,-1.74257,0.0498325,0.732601,-1.44386,-0.121215,0.759947,-1.72375,0.0229843,0.831539,-1.7798,0.0335153,0.940873,-1.42225,0.0264911,0.00683688,-0.0190874,1.92648e-05,-0.00353678,-0.0443781,-0.0101444,0.00524434,-0.044455,-0.00707564,0.00787047,-0.0515863,
-3.53631,-1.68506,9.20065,-1.09613,0.312603,0.39161,0.845531,0.548408,-0.476343,3.02891,2.95914,12.8757,0,0,0,0,0,0,0,0,0,0,0,0,0.13789,0.774803,-1.67365,-0.0938226,0.75227,-1.73342,0.00199702,0.817902,-1.76764,-0.0420624,0.866695,-1.74346,0.050098,0.732832,-1.44408,-0.121229,0.759995,-1.72467,0.0229232,0.831748,-1.78083,0.0334744,0.940842,-1.4228,0.0246477,0.0062324,-0.0178833,-0.000129036,-0.00359153,-0.0416692,-0.00848539,0.00542654,-0.0510339,-0.00743481,0.0067324,-0.0490755,
-3.54208,-1.68178,9.20333,-1.09736,0.31646,0.388511,0.846838,0.552032,-0.476519,3.03604,2.96071,12.8917,0,0,0,0,0,0,0,0,0,0,0,0,0.138262,0.774894,-1.67393,-0.0938263,0.752212,-1.73408,0.00188727,0.817994,-1.76868,-0.0422315,0.866837,-1.74451,0.0502807,0.732988,-1.44429,-0.121266,0.760035,-1.72539,0.0229022,0.831938,-1.7819,0.0334714,0.941002,-1.42338,0.0228322,0.00554144,-0.0174724,-0.000244402,-0.00353097,-0.0409012,-0.0062411,0.0057412,-0.0523408,-0.00792833,0.00586002,-0.0462708,
-3.5539,-1.67748,9.20971,-1.09942,0.321039,0.388217,0.850763,0.555707,-0.476252,3.04019,2.96039,12.9107,0,0,0,0,0,0,0,0,0,0,0,0,0.138769,0.775019,-1.67431,-0.0938299,0.752135,-1.73495,0.0017354,0.818114,-1.76968,-0.04239,0.866968,-1.74551,0.0504852,0.733223,-1.44448,-0.121321,0.760074,-1.72621,0.0228483,0.832148,-1.78286,0.0334369,0.941121,-1.42385,0.0225474,0.00560948,-0.0167555,-0.000209437,-0.00347219,-0.0386713,-0.00624631,0.00565403,-0.0509154,-0.0071148,0.00576087,-0.0443195,
-3.56586,-1.67171,9.21594,-1.10216,0.325635,0.385854,0.85597,0.558388,-0.481254,3.04385,2.96112,12.9304,0,0,0,0,0,0,0,0,0,0,0,0,0.139257,0.775145,-1.67467,-0.0938341,0.752059,-1.73577,0.0015891,0.818235,-1.77067,-0.0425396,0.867095,-1.74645,0.0506679,0.733502,-1.44467,-0.121392,0.760115,-1.72702,0.0227956,0.832325,-1.78365,0.0333979,0.94127,-1.42425,0.02229,0.00596947,-0.0160525,-0.000156713,-0.00338875,-0.0361087,-0.00771082,0.00522647,-0.0380692,-0.00635496,0.00588249,-0.0423465,
-3.57322,-1.66598,9.22398,-1.10326,0.327774,0.3831,0.858676,0.561677,-0.480002,3.04847,2.96101,12.9458,0,0,0,0,0,0,0,0,0,0,0,0,0.139715,0.77527,-1.67501,-0.0938406,0.751986,-1.73654,0.00144455,0.818358,-1.77159,-0.0426889,0.867216,-1.74736,0.0508954,0.733764,-1.4448,-0.12143,0.760101,-1.72782,0.0227457,0.832541,-1.78452,0.0333563,0.941378,-1.42471,0.020418,0.00575707,-0.0155528,-0.00031943,-0.00319804,-0.0343179,-0.00663066,0.0056257,-0.0372613,-0.00665799,0.00548148,-0.0400309,
-3.58031,-1.66128,9.231,-1.10438,0.329797,0.380593,0.861553,0.56358,-0.48365,3.0526,2.95973,12.9584,0,0,0,0,0,0,0,0,0,0,0,0,0.140136,0.775392,-1.67535,-0.0938496,0.751919,-1.73727,0.00131344,0.818486,-1.77245,-0.0428418,0.86733,-1.74821,0.0511024,0.734002,-1.44495,-0.121469,0.760089,-1.72857,0.0227056,0.832721,-1.7854,0.0333079,0.941454,-1.42519,0.0189611,0.00567981,-0.0150233,-0.000390051,-0.00296052,-0.0326405,-0.00586684,0.00582353,-0.0342955,-0.00661683,0.0052051,-0.037745,
-3.58427,-1.6621,9.23204,-1.10473,0.328932,0.376509,0.864459,0.562929,-0.489744,3.05484,2.95469,12.9555,0,0,0,0,0,0,0,0,0,0,0,0,0.140422,0.775479,-1.67558,-0.0938574,0.751872,-1.73778,0.00122384,0.818585,-1.77307,-0.0429523,0.867409,-1.74879,0.0512556,0.734063,-1.44515,-0.121488,0.760027,-1.72917,0.0226962,0.83281,-1.78637,0.0332496,0.941397,-1.42581,0.0176119,0.00545657,-0.0147697,-0.000494657,-0.00274473,-0.0318086,-0.00556571,0.00605468,-0.0421007,-0.00676278,0.00484712,-0.0360789,
-3.59529,-1.66346,9.23666,-1.10596,0.332675,0.377121,0.868908,0.562203,-0.491072,3.05801,2.95006,12.9649,0,0,0,0,0,0,0,0,0,0,0,0,0.140816,0.775605,-1.67591,-0.0938672,0.751814,-1.73847,0.00109739,0.818711,-1.77391,-0.0430883,0.867519,-1.74957,0.051384,0.734167,-1.44535,-0.121527,0.760065,-1.7298,0.0226738,0.832904,-1.78716,0.0332153,0.941398,-1.42633,0.0180239,0.00591735,-0.0145442,-0.000430142,-0.00262503,-0.030623,-0.0058508,0.00549277,-0.0390851,-0.00586956,0.00509746,-0.0350693,
-3.60475,-1.66195,9.24282,-1.10714,0.336819,0.377054,0.872748,0.563266,-0.490014,3.06237,2.94818,12.9785,0,0,0,0,0,0,0,0,0,0,0,0,0.141205,0.775736,-1.67622,-0.0938772,0.751756,-1.73912,0.000969226,0.81883,-1.77471,-0.0432162,0.86763,-1.75033,0.0515237,0.734337,-1.44551,-0.121567,0.760112,-1.73043,0.0226415,0.833044,-1.78786,0.0331995,0.941462,-1.42672,0.017514,0.00599931,-0.0142313,-0.000465601,-0.0025944,-0.0292585,-0.00585661,0.00528368,-0.036328,-0.0057399,0.00507541,-0.0340022,
-3.61322,-1.66259,9.24487,-1.1078,0.337207,0.374441,0.875635,0.563446,-0.495215,3.06506,2.94453,12.9829,0,0,0,0,0,0,0,0,0,0,0,0,0.141575,0.775865,-1.67645,-0.0938854,0.751715,-1.73958,0.000877749,0.818916,-1.77527,-0.0433102,0.867709,-1.75086,0.0516594,0.734448,-1.44567,-0.121594,0.760082,-1.73093,0.0226263,0.833138,-1.7886,0.0331691,0.941444,-1.42711,0.0166104,0.00590392,-0.0140039,-0.000533785,-0.00251521,-0.0284667,-0.00569181,0.00542815,-0.0378889,-0.00589184,0.0048481,-0.0329939,
-3.61704,-1.65648,9.25189,-1.1086,0.341684,0.37444,0.879011,0.566191,-0.490835,3.0695,2.94499,12.9984,0,0,0,0,0,0,0,0,0,0,0,0,0.141859,0.775967,-1.67677,-0.0938989,0.751655,-1.74024,0.000743301,0.819046,-1.7761,-0.0434526,0.867822,-1.75163,0.0518196,0.734696,-1.44582,-0.121628,0.760136,-1.73155,0.0225802,0.833337,-1.7893,0.0331367,0.941561,-1.42745,0.0154779,0.00563006,-0.013539,-0.000584506,-0.00244275,-0.0269351,-0.00553537,0.00543861,-0.0371431,-0.00592685,0.00455823,-0.0312988,
-3.62515,-1.65382,9.25573,-1.11035,0.345302,0.372989,0.882646,0.566716,-0.49374,3.07362,2.94668,13.01,0,0,0,0,0,0,0,0,0,0,0,0,0.142168,0.776083,-1.67704,-0.0939103,0.751608,-1.74077,0.000630118,0.819152,-1.77676,-0.0435671,0.867915,-1.75225,0.0519253,0.734884,-1.44598,-0.121684,0.760184,-1.7321,0.0225542,0.833452,-1.78991,0.0331322,0.941698,-1.42776,0.0154292,0.00586758,-0.0133335,-0.000585728,-0.00226032,-0.0263718,-0.00568438,0.00529529,-0.0324686,-0.00564771,0.00464906,-0.0305643,
-3.63245,-1.65144,9.26231,-1.11093,0.347374,0.372996,0.885261,0.56765,-0.49523,3.07651,2.94482,13.019,0,0,0,0,0,0,0,0,0,0,0,0,0.142524,0.776221,-1.67736,-0.0939256,0.751555,-1.74138,0.000530347,0.819249,-1.77735,-0.0436702,0.867996,-1.75278,0.0520768,0.735081,-1.44612,-0.121715,0.760186,-1.73269,0.0225224,0.833573,-1.79053,0.033101,0.941729,-1.42805,0.0145662,0.0058281,-0.0129424,-0.000647559,-0.00212217,-0.0251104,-0.00558057,0.00532685,-0.0320041,-0.00566451,0.00451993,-0.0295661,
-3.63542,-1.64791,9.26505,-1.11172,0.347812,0.369306,0.888619,0.56889,-0.495181,3.08015,2.94544,13.0285,0,0,0,0,0,0,0,0,0,0,0,0,0.142743,0.77631,-1.67756,-0.0939371,0.751522,-1.74178,0.000411688,0.819368,-1.77804,-0.0437968,0.86809,-1.75341,0.0521952,0.735251,-1.44625,-0.121748,0.760167,-1.73316,0.0224935,0.833727,-1.79121,0.0330632,0.94183,-1.4284,0.0134994,0.00556433,-0.012721,-0.000728386,-0.00198347,-0.0244143,-0.00534766,0.00544813,-0.0318004,-0.00575114,0.00416072,-0.0278776,
-3.64228,-1.64397,9.27185,-1.11249,0.3505,0.369944,0.892093,0.570712,-0.492253,3.08433,2.94609,13.0435,0,0,0,0,0,0,0,0,0,0,0,0,0.14306,0.776445,-1.67786,-0.0939551,0.751477,-1.74235,0.000282735,0.819498,-1.77875,-0.0439323,0.86819,-1.75407,0.0523264,0.735486,-1.44638,-0.121787,0.760194,-1.73369,0.0224512,0.833901,-1.79184,0.0330359,0.941945,-1.42865,0.0129275,0.00562619,-0.0124278,-0.000770422,-0.0017982,-0.0235601,-0.00535605,0.00540054,-0.0310615,-0.00560036,0.00411835,-0.026731,
-3.64668,-1.64283,9.2746,-1.11328,0.350653,0.367621,0.895089,0.570247,-0.497315,3.08698,2.94503,13.0484,0,0,0,0,0,0,0,0,0,0,0,0,0.143286,0.776545,-1.67808,-0.0939692,0.751445,-1.74276,0.000186982,0.819595,-1.77926,-0.0440324,0.868263,-1.75454,0.0524251,0.735614,-1.44652,-0.121822,0.76017,-1.73414,0.0224329,0.83399,-1.79247,0.0330027,0.941988,-1.42897,0.0122355,0.00555538,-0.012153,-0.000827071,-0.00166352,-0.0227624,-0.00525096,0.00553354,-0.0313067,-0.00557917,0.00397151,-0.0256477,
-3.65259,-1.64148,9.27861,-1.11387,0.352382,0.367438,0.898656,0.570555,-0.495788,3.09036,2.94399,13.0576,0,0,0,0,0,0,0,0,0,0,0,0,0.143552,0.776669,-1.67835,-0.0939877,0.751411,-1.74326,7.04094e-05,0.819715,-1.77993,-0.0441528,0.868351,-1.75509,0.0525333,0.735773,-1.44668,-0.121856,0.760182,-1.73462,0.0224046,0.834113,-1.79308,0.0329706,0.94205,-1.42927,0.0118586,0.0056413,-0.0119133,-0.000855147,-0.00152253,-0.0220462,-0.00528785,0.00536667,-0.030221,-0.00542475,0.00396963,-0.0247665,
-3.65784,-1.64099,9.28245,-1.11402,0.353584,0.367235,0.901467,0.569306,-0.503438,3.09202,2.94026,13.0607,0,0,0,0,0,0,0,0,0,0,0,0,0.143804,0.776792,-1.6786,-0.0940069,0.751378,-1.74373,-1.35512e-05,0.8198,-1.78036,-0.0442392,0.868414,-1.75548,0.0526373,0.735907,-1.44683,-0.12188,0.760182,-1.73507,0.0223922,0.834167,-1.79365,0.032927,0.942017,-1.42956,0.0111814,0.00557591,-0.0115833,-0.00089463,-0.00142759,-0.0210224,-0.00523678,0.00536875,-0.0280213,-0.00537512,0.00389353,-0.0239813,
-3.66158,-1.63819,9.28517,-1.11463,0.355121,0.365246,0.905235,0.569609,-0.501342,3.09567,2.94036,13.0705,0,0,0,0,0,0,0,0,0,0,0,0,0.143999,0.776892,-1.67881,-0.0940232,0.751353,-1.7441,-0.000137594,0.819928,-1.78099,-0.0443675,0.868504,-1.75604,0.0527252,0.736074,-1.44697,-0.121912,0.760198,-1.73548,0.0223652,0.834301,-1.79421,0.0328912,0.942106,-1.42984,0.0106388,0.00549679,-0.011386,-0.000930429,-0.00132416,-0.0204068,-0.00512444,0.00532501,-0.0274707,-0.00532092,0.00368996,-0.0227468,
-3.66551,-1.63634,9.28837,-1.11476,0.356588,0.364783,0.907971,0.570865,-0.49689,3.09884,2.94017,13.0768,0,0,0,0,0,0,0,0,0,0,0,0,0.144206,0.777001,-1.67904,-0.0940424,0.751328,-1.7445,-0.000239112,0.820035,-1.78158,-0.0444737,0.868577,-1.75648,0.0528221,0.736229,-1.44711,-0.121936,0.760214,-1.73588,0.0223344,0.83444,-1.79479,0.0328647,0.942171,-1.43012,0.0101535,0.0054529,-0.0112682,-0.000984921,-0.00116592,-0.0200674,-0.0050312,0.00534961,-0.0312883,-0.00530801,0.00358218,-0.0220304,
-3.66988,-1.63399,9.29272,-1.1145,0.358201,0.365984,0.911303,0.570331,-0.499877,3.10077,2.93762,13.0831,0,0,0,0,0,0,0,0,0,0,0,0,0.14444,0.777131,-1.6793,-0.0940666,0.751302,-1.74497,-0.000358149,0.820163,-1.7821,-0.044569,0.86864,-1.75687,0.052929,0.736415,-1.44726,-0.121955,0.760231,-1.7363,0.0223017,0.834554,-1.79534,0.0328184,0.942168,-1.43032,0.0094429,0.00535377,-0.0109337,-0.00102525,-0.00103282,-0.0191516,-0.00490755,0.00534259,-0.0298362,-0.00527173,0.00349151,-0.0212513,
-3.67251,-1.63202,9.29361,-1.11495,0.359407,0.363779,0.913618,0.570891,-0.499384,3.10408,2.93788,13.0895,0,0,0,0,0,0,0,0,0,0,0,0,0.144587,0.777216,-1.67947,-0.0940832,0.751286,-1.74527,-0.000436048,0.820248,-1.78269,-0.0446842,0.868715,-1.75732,0.0529996,0.736548,-1.4474,-0.121983,0.760249,-1.73664,0.022283,0.834655,-1.79587,0.0327878,0.942245,-1.43059,0.00903118,0.00530561,-0.010793,-0.0010529,-0.000906395,-0.01874,-0.00485438,0.00537595,-0.0275207,-0.00519605,0.00330961,-0.0201553,
-3.67579,-1.62936,9.29707,-1.11469,0.361062,0.364391,0.916242,0.572244,-0.493801,3.10707,2.93754,13.0972,0,0,0,0,0,0,0,0,0,0,0,0,0.144779,0.777332,-1.67971,-0.094107,0.751268,-1.74568,-0.000541763,0.820367,-1.78333,-0.0447979,0.868787,-1.75776,0.0530977,0.736729,-1.44755,-0.122002,0.760276,-1.73703,0.0222455,0.834807,-1.7964,0.0327502,0.942305,-1.43081,0.00852545,0.00525491,-0.0106407,-0.00110446,-0.000742667,-0.0182883,-0.00475126,0.00537283,-0.0289933,-0.00514804,0.00320548,-0.0193677,
-3.6789,-1.62685,9.29993,-1.1145,0.362454,0.364954,0.918912,0.572554,-0.493598,3.10979,2.93675,13.1048,0,0,0,0,0,0,0,0,0,0,0,0,0.14496,0.777447,-1.67994,-0.0941317,0.751254,-1.74607,-0.000645156,0.820485,-1.78392,-0.0449102,0.868856,-1.75817,0.053187,0.736905,-1.4477,-0.122023,0.7603,-1.73739,0.0222112,0.834934,-1.79691,0.0327077,0.942352,-1.43101,0.00797912,0.0051909,-0.0103969,-0.00113726,-0.000596553,-0.0176116,-0.00465878,0.00539388,-0.0259783,-0.00507165,0.00309409,-0.0184438,
-3.68111,-1.62631,9.30018,-1.11453,0.362776,0.363598,0.921437,0.570906,-0.500132,3.11115,2.93446,13.1052,0,0,0,0,0,0,0,0,0,0,0,0,0.145083,0.777529,-1.68011,-0.0941501,0.751245,-1.74635,-0.000719037,0.820571,-1.78429,-0.0449908,0.868904,-1.75846,0.0532449,0.737,-1.44786,-0.122042,0.760302,-1.73768,0.0222017,0.834979,-1.79739,0.0326632,0.942341,-1.43127,0.00756999,0.00513873,-0.0102104,-0.00116217,-0.000482217,-0.0170899,-0.00460755,0.00542335,-0.0237785,-0.00499163,0.00300101,-0.0177138,
-3.6839,-1.62504,9.30306,-1.11384,0.364191,0.364698,0.92417,0.571104,-0.494473,3.11373,2.93277,13.1106,0,0,0,0,0,0,0,0,0,0,0,0,0.145245,0.777641,-1.68033,-0.0941762,0.751236,-1.74672,-0.000819478,0.82069,-1.78485,-0.0450997,0.868969,-1.75884,0.0533264,0.737143,-1.44801,-0.122053,0.760333,-1.73802,0.0221717,0.835103,-1.79789,0.0326203,0.942361,-1.4315,0.00716653,0.00508742,-0.0101222,-0.00121112,-0.000324139,-0.0168122,-0.00452282,0.0054044,-0.0271103,-0.0049288,0.00289011,-0.0170553,
-3.68706,-1.62272,9.30648,-1.11334,0.366412,0.366764,0.927049,0.571081,-0.493051,3.11689,2.93218,13.1197,0,0,0,0,0,0,0,0,0,0,0,0,0.145411,0.777762,-1.68057,-0.0942058,0.751231,-1.74712,-0.000926357,0.820819,-1.78543,-0.0452176,0.869037,-1.75924,0.0534028,0.737319,-1.44816,-0.12207,0.760387,-1.73836,0.0221397,0.83523,-1.79836,0.0325821,0.942412,-1.43166,0.00674865,0.00500289,-0.00994419,-0.00124576,-0.000167878,-0.0165082,-0.00440518,0.00536244,-0.0238076,-0.00489754,0.00280744,-0.0164516,
-3.69074,-1.6228,9.30839,-1.11301,0.367066,0.366598,0.929509,0.56984,-0.497227,3.11878,2.931,13.1233,0,0,0,0,0,0,0,0,0,0,0,0,0.145556,0.777872,-1.68079,-0.0942335,0.751229,-1.74738,-0.000996275,0.820905,-1.78579,-0.0452957,0.869082,-1.7595,0.0534495,0.737426,-1.44832,-0.122091,0.760404,-1.73863,0.0221325,0.835286,-1.79881,0.0325523,0.942426,-1.43182,0.00648942,0.00497147,-0.00983593,-0.00126833,-4.89644e-05,-0.0164472,-0.00435591,0.00540171,-0.0234602,-0.00485639,0.00277847,-0.0161614,
-3.69244,-1.62092,9.30876,-1.1131,0.369155,0.367715,0.932433,0.568938,-0.496754,3.12153,2.93092,13.129,0,0,0,0,0,0,0,0,0,0,0,0,0.145658,0.777951,-1.68094,-0.0942539,0.751229,-1.74774,-0.00109083,0.821023,-1.78627,-0.0454021,0.869142,-1.75985,0.0535051,0.737552,-1.44847,-0.122114,0.760459,-1.73895,0.0221135,0.83538,-1.79925,0.0325157,0.942483,-1.43202,0.00633143,0.00494603,-0.00978454,-0.00128473,4.58679e-05,-0.0162193,-0.00425953,0.00535756,-0.0223497,-0.00481348,0.00272066,-0.0157519,
-3.69538,-1.61939,9.31125,-1.11279,0.371316,0.369076,0.935022,0.569178,-0.492461,3.12473,2.93163,13.1366,0,0,0,0,0,0,0,0,0,0,0,0,0.145795,0.77806,-1.68116,-0.0942825,0.751231,-1.7481,-0.00118348,0.821141,-1.78679,-0.0455077,0.869202,-1.7602,0.0535648,0.737698,-1.44862,-0.122135,0.760518,-1.73927,0.022088,0.835503,-1.79969,0.0324907,0.94256,-1.43217,0.0061642,0.0049289,-0.00974233,-0.00130947,0.000154654,-0.016178,-0.00416442,0.00532777,-0.0236959,-0.00479561,0.00269233,-0.0155072,
-3.69826,-1.61854,9.31295,-1.11273,0.372858,0.370155,0.93753,0.568584,-0.492948,3.12752,2.93203,13.1431,0,0,0,0,0,0,0,0,0,0,0,0,0.145917,0.778158,-1.68135,-0.0943088,0.751235,-1.74842,-0.00126587,0.821247,-1.78723,-0.0456032,0.869255,-1.7605,0.0536118,0.737817,-1.44877,-0.12216,0.760563,-1.73957,0.0220702,0.835595,-1.80012,0.0324662,0.942623,-1.43231,0.00604541,0.0049183,-0.00967868,-0.00131562,0.00024328,-0.0160892,-0.00408711,0.0053324,-0.0222981,-0.00475068,0.00266921,-0.0152644,
-3.7014,-1.61761,9.31573,-1.11267,0.374523,0.371526,0.940275,0.567761,-0.49314,3.13049,2.93253,13.1512,0,0,0,0,0,0,0,0,0,0,0,0,0.146049,0.778266,-1.68156,-0.0943376,0.751241,-1.74877,-0.00135468,0.821364,-1.78769,-0.0457067,0.869313,-1.76083,0.0536626,0.737948,-1.44891,-0.122187,0.760612,-1.73988,0.0220522,0.835691,-1.80052,0.0324387,0.942693,-1.43243,0.00595095,0.00489252,-0.00957599,-0.00130958,0.000296976,-0.0159061,-0.00399914,0.00530671,-0.0203225,-0.00467223,0.00262942,-0.0149775,
-3.70458,-1.61624,9.31861,-1.11273,0.37628,0.372565,0.942984,0.56716,-0.492886,3.13353,2.93379,13.1597,0,0,0,0,0,0,0,0,0,0,0,0,0.146179,0.778373,-1.68177,-0.0943663,0.751248,-1.74912,-0.00144167,0.821481,-1.78811,-0.0458085,0.869371,-1.76116,0.0537112,0.738089,-1.44904,-0.122217,0.760664,-1.7402,0.022035,0.835792,-1.80092,0.0324148,0.94278,-1.43254,0.00587835,0.00486934,-0.00948109,-0.00130364,0.000344767,-0.0157478,-0.003918,0.00528579,-0.0194663,-0.00459464,0.0025891,-0.0147154,
-3.70731,-1.61583,9.3196,-1.11297,0.377081,0.372589,0.945478,0.566082,-0.495445,3.13577,2.93443,13.1645,0,0,0,0,0,0,0,0,0,0,0,0,0.146284,0.77846,-1.68194,-0.0943897,0.751255,-1.7494,-0.00151152,0.821575,-1.78845,-0.0458906,0.869417,-1.76142,0.0537468,0.738186,-1.44919,-0.122247,0.760692,-1.74047,0.022029,0.83586,-1.80133,0.0323903,0.942842,-1.43268,0.00582763,0.00486184,-0.00942417,-0.00130285,0.000392889,-0.0156526,-0.00385765,0.00528617,-0.0195727,-0.00453319,0.00256441,-0.0145233,
-3.71038,-1.61512,9.32215,-1.11283,0.378434,0.374023,0.948122,0.565674,-0.492829,3.13868,2.93519,13.172,0,0,0,0,0,0,0,0,0,0,0,0,0.146411,0.778567,-1.68215,-0.0944185,0.751264,-1.74974,-0.0015954,0.821692,-1.78891,-0.0459896,0.869473,-1.76174,0.0537961,0.738311,-1.44933,-0.122272,0.760736,-1.74078,0.0220135,0.835965,-1.80175,0.0323654,0.942916,-1.4328,0.00576767,0.00485395,-0.00939809,-0.00130846,0.000431883,-0.0155654,-0.00376623,0.00524769,-0.020906,-0.00448205,0.00253194,-0.0143442,
-3.71351,-1.61396,9.32499,-1.11285,0.380056,0.375239,0.950749,0.565041,-0.493084,3.1416,2.93629,13.1804,0,0,0,0,0,0,0,0,0,0,0,0,0.146537,0.778674,-1.68235,-0.0944471,0.751274,-1.75008,-0.00167717,0.821806,-1.78934,-0.0460874,0.869528,-1.76205,0.0538417,0.738445,-1.44946,-0.122301,0.760787,-1.74108,0.0219996,0.836063,-1.80215,0.0323422,0.942998,-1.4329,0.00569335,0.00482524,-0.00930941,-0.00129871,0.000457979,-0.0153794,-0.00368011,0.00522016,-0.0195068,-0.00441388,0.00249331,-0.0141076,
-3.71636,-1.61318,9.32701,-1.11296,0.381206,0.375776,0.953215,0.564348,-0.493388,3.14415,2.9374,13.1869,0,0,0,0,0,0,0,0,0,0,0,0,0.146651,0.77877,-1.68254,-0.094473,0.751283,-1.75039,-0.00175005,0.821911,-1.78973,-0.046175,0.869578,-1.76233,0.0538825,0.738561,-1.4496,-0.12233,0.760826,-1.74137,0.02199,0.83615,-1.80256,0.03232,0.943075,-1.43301,0.00563908,0.00481909,-0.00926835,-0.00129763,0.000504964,-0.0152869,-0.00361146,0.00521745,-0.01987,-0.0043544,0.00246458,-0.013917,
-3.71956,-1.61357,9.32936,-1.11279,0.382162,0.37721,0.955474,0.562859,-0.497258,3.14582,2.93679,13.191,0,0,0,0,0,0,0,0,0,0,0,0,0.146774,0.778876,-1.68274,-0.0945014,0.751295,-1.75072,-0.00180725,0.821994,-1.79003,-0.0462441,0.869617,-1.76255,0.0539237,0.738656,-1.44974,-0.122354,0.760862,-1.74167,0.0219907,0.836196,-1.80296,0.0322938,0.943098,-1.43312,0.00556182,0.00479271,-0.00918228,-0.00129221,0.000535146,-0.0151042,-0.00355757,0.00521137,-0.019948,-0.00430217,0.00244374,-0.0137598,
-3.72183,-1.61237,9.33031,-1.11312,0.383267,0.376612,0.958249,0.561913,-0.497042,3.1485,2.93802,13.1978,0,0,0,0,0,0,0,0,0,0,0,0,0.146862,0.778952,-1.68289,-0.094522,0.751303,-1.75096,-0.00188434,0.822108,-1.79045,-0.0463379,0.86967,-1.76285,0.0539542,0.738762,-1.44986,-0.122382,0.760899,-1.74192,0.0219851,0.836284,-1.80336,0.0322687,0.94318,-1.43325,0.00551755,0.00477068,-0.00914858,-0.00128916,0.000555998,-0.0150215,-0.00346997,0.00515092,-0.0195065,-0.00423481,0.00238789,-0.0135201,
-3.7249,-1.61095,9.33425,-1.11291,0.384964,0.378537,0.960684,0.562092,-0.492516,3.15167,2.93958,13.2073,0,0,0,0,0,0,0,0,0,0,0,0,0.146994,0.779066,-1.68311,-0.094553,0.751317,-1.75132,-0.0019664,0.822231,-1.79093,-0.0464389,0.869727,-1.76318,0.0540071,0.738911,-1.44998,-0.122408,0.760956,-1.74223,0.0219664,0.836411,-1.80377,0.0322483,0.943276,-1.43333,0.00544471,0.00475185,-0.00910191,-0.00129118,0.000589387,-0.0149008,-0.00337138,0.00510844,-0.020752,-0.00418572,0.00235704,-0.0133349,
-3.72783,-1.60957,9.33724,-1.11302,0.386368,0.379467,0.963031,0.561605,-0.49286,3.15447,2.94129,13.2158,0,0,0,0,0,0,0,0,0,0,0,0,0.147112,0.77917,-1.68331,-0.0945812,0.75133,-1.75165,-0.00203959,0.822343,-1.79136,-0.0465301,0.869779,-1.76347,0.0540508,0.739049,-1.4501,-0.122439,0.761005,-1.74253,0.0219538,0.836511,-1.80416,0.0322288,0.943369,-1.4334,0.0053699,0.00473036,-0.00900003,-0.00128107,0.000631105,-0.0147196,-0.00329588,0.00510415,-0.0190484,-0.0041146,0.00233198,-0.0130951,
-3.73006,-1.60958,9.33762,-1.1133,0.386647,0.378851,0.965154,0.56045,-0.49584,3.15614,2.94189,13.2187,0,0,0,0,0,0,0,0,0,0,0,0,0.147198,0.779246,-1.68345,-0.0946017,0.751341,-1.75188,-0.00209193,0.822425,-1.79167,-0.0465954,0.869816,-1.76367,0.0540796,0.739125,-1.45023,-0.122466,0.761024,-1.74278,0.0219555,0.836564,-1.80456,0.0322066,0.943421,-1.43353,0.00533357,0.00473746,-0.00898087,-0.00128462,0.00068332,-0.0146764,-0.00325531,0.00512865,-0.0199306,-0.00406156,0.00232036,-0.0129537,
-3.73282,-1.60907,9.3402,-1.11307,0.387754,0.380301,0.967526,0.559783,-0.493827,3.15859,2.94223,13.2254,0,0,0,0,0,0,0,0,0,0,0,0,0.147314,0.77935,-1.68365,-0.09463,0.751356,-1.7522,-0.00216257,0.822537,-1.79211,-0.0466841,0.869866,-1.76396,0.0541255,0.739241,-1.45037,-0.122489,0.761068,-1.74306,0.0219463,0.836659,-1.80497,0.0321805,0.94348,-1.43364,0.00526609,0.00471851,-0.00893981,-0.00128773,0.000706598,-0.0145476,-0.00317203,0.00508109,-0.0206178,-0.00400793,0.00229287,-0.0127793,
-3.73567,-1.60823,9.34267,-1.11291,0.389129,0.381807,0.969827,0.55905,-0.493384,3.1611,2.94298,13.2329,0,0,0,0,0,0,0,0,0,0,0,0,0.147429,0.779453,-1.68384,-0.0946582,0.751372,-1.75252,-0.00223137,0.822648,-1.79254,-0.0467715,0.869916,-1.76424,0.0541673,0.739365,-1.4505,-0.122513,0.761118,-1.74333,0.021937,0.836751,-1.80537,0.0321571,0.943547,-1.43373,0.0051958,0.00469013,-0.00886951,-0.00127918,0.000728296,-0.0143895,-0.00309327,0.00504626,-0.019707,-0.00395063,0.00225744,-0.0125773,
-3.73846,-1.60727,9.34527,-1.11284,0.390473,0.382954,0.972099,0.558275,-0.493309,3.16354,2.94399,13.2404,0,0,0,0,0,0,0,0,0,0,0,0,0.147543,0.779556,-1.68404,-0.0946862,0.751388,-1.75283,-0.00229856,0.822759,-1.79296,-0.0468576,0.869966,-1.76451,0.0542092,0.739491,-1.45062,-0.122539,0.761169,-1.74361,0.0219284,0.836841,-1.80576,0.0321339,0.943621,-1.43381,0.00512622,0.00466724,-0.00879787,-0.00126982,0.000759557,-0.0142302,-0.00302182,0.00502242,-0.0188568,-0.00388604,0.00222295,-0.0123591,
-3.74061,-1.60731,9.34558,-1.11298,0.39099,0.382582,0.974111,0.557107,-0.495862,3.16507,2.94431,13.2431,0,0,0,0,0,0,0,0,0,0,0,0,0.147624,0.779631,-1.68418,-0.0947064,0.751401,-1.75306,-0.00234651,0.822839,-1.79326,-0.0469193,0.870001,-1.76471,0.0542362,0.739565,-1.45076,-0.122563,0.761195,-1.74385,0.0219317,0.836893,-1.80616,0.0321115,0.943664,-1.43393,0.00509073,0.00467007,-0.00878804,-0.00127053,0.000803701,-0.0141921,-0.00298095,0.00503363,-0.0199424,-0.00383999,0.00220599,-0.0122311,
-3.74323,-1.60668,9.34809,-1.11267,0.392268,0.384141,0.976301,0.556465,-0.493735,3.16737,2.94461,13.2497,0,0,0,0,0,0,0,0,0,0,0,0,0.147735,0.779733,-1.68437,-0.0947344,0.751418,-1.75337,-0.00241114,0.822949,-1.7937,-0.0470032,0.870049,-1.76497,0.0542802,0.739682,-1.45089,-0.122583,0.761246,-1.74412,0.0219239,0.836985,-1.80655,0.0320863,0.943719,-1.43403,0.00502323,0.00464754,-0.00874688,-0.00126923,0.000824831,-0.0140679,-0.00289819,0.00497723,-0.0202861,-0.00379248,0.0021757,-0.0120639,
-3.7459,-1.6058,9.35058,-1.11247,0.393719,0.385556,0.978426,0.555732,-0.493219,3.16972,2.94536,13.2568,0,0,0,0,0,0,0,0,0,0,0,0,0.147845,0.779835,-1.68456,-0.0947621,0.751437,-1.75368,-0.002474,0.823058,-1.79413,-0.0470859,0.870097,-1.76524,0.0543213,0.739805,-1.45101,-0.122605,0.761301,-1.74439,0.021916,0.837075,-1.80694,0.0320638,0.943784,-1.43411,0.00495431,0.0046196,-0.00867494,-0.00125817,0.000849043,-0.0139136,-0.00282441,0.00494241,-0.0191325,-0.00373619,0.00214247,-0.0118658,
-3.74854,-1.60502,9.35301,-1.1123,0.395014,0.386775,0.980459,0.555207,-0.491297,3.17213,2.94653,13.2639,0,0,0,0,0,0,0,0,0,0,0,0,0.147953,0.779936,-1.68475,-0.0947897,0.751456,-1.75398,-0.00253551,0.823167,-1.79455,-0.0471674,0.870144,-1.76549,0.0543625,0.739926,-1.45114,-0.122628,0.761354,-1.74466,0.0219066,0.837171,-1.80733,0.0320438,0.94386,-1.43419,0.00490943,0.00461692,-0.00865202,-0.00125411,0.000894371,-0.0138453,-0.00277495,0.00494768,-0.0201109,-0.00368149,0.00212139,-0.0117107,
-3.75057,-1.60488,9.35322,-1.11245,0.395569,0.386431,0.982366,0.553861,-0.495656,3.17344,2.94664,13.2666,0,0,0,0,0,0,0,0,0,0,0,0,0.148031,0.78001,-1.68489,-0.0948096,0.75147,-1.7542,-0.0025793,0.823246,-1.79484,-0.0472258,0.870177,-1.76568,0.0543881,0.740003,-1.45127,-0.122652,0.761382,-1.74488,0.0219118,0.837215,-1.80771,0.0320194,0.943896,-1.4343,0.00485026,0.00459412,-0.00857774,-0.00124421,0.00091829,-0.0137013,-0.00271998,0.00492303,-0.0188276,-0.00362897,0.00209828,-0.0115332,
-3.75306,-1.60431,9.35573,-1.1121,0.396774,0.387948,0.984413,0.553127,-0.493229,3.17556,2.9469,13.2728,0,0,0,0,0,0,0,0,0,0,0,0,0.148137,0.780111,-1.68508,-0.094837,0.751491,-1.7545,-0.00263835,0.823354,-1.79527,-0.0473049,0.870223,-1.76593,0.0544305,0.740118,-1.4514,-0.122671,0.761434,-1.74514,0.0219058,0.837304,-1.80809,0.0319946,0.943947,-1.4344,0.00479143,0.00458083,-0.0085571,-0.00124519,0.000948922,-0.013612,-0.00264923,0.00488219,-0.0197003,-0.00358043,0.00207215,-0.0113811,
-3.7556,-1.60353,9.35818,-1.11186,0.398126,0.389364,0.986408,0.55229,-0.492918,3.17774,2.94752,13.2795,0,0,0,0,0,0,0,0,0,0,0,0,0.148242,0.780211,-1.68526,-0.0948642,0.751512,-1.7548,-0.00269576,0.82346,-1.79568,-0.047383,0.870268,-1.76618,0.0544697,0.740237,-1.45152,-0.122692,0.761489,-1.7454,0.0219,0.837389,-1.80846,0.0319723,0.944007,-1.43447,0.00472208,0.00455186,-0.00848426,-0.00123345,0.000972124,-0.0134587,-0.00257827,0.00484194,-0.0184473,-0.00352638,0.00204156,-0.0111904,
-3.75828,-1.60352,9.36039,-1.11156,0.399084,0.390835,0.988646,0.550196,-0.496286,3.1789,2.94709,13.2834,0,0,0,0,0,0,0,0,0,0,0,0,0.148345,0.780311,-1.68545,-0.0948911,0.751533,-1.75509,-0.00275179,0.823567,-1.79597,-0.047439,0.870301,-1.76636,0.0545041,0.740336,-1.45165,-0.122711,0.761536,-1.74565,0.0219014,0.837442,-1.80884,0.0319465,0.944029,-1.43455,0.00465803,0.00452883,-0.00841339,-0.0012221,0.00100359,-0.013313,-0.00251811,0.00481812,-0.0186167,-0.00348137,0.00202493,-0.0110615,
-3.76107,-1.60254,9.36116,-1.11162,0.399968,0.390554,0.990328,0.549988,-0.496011,3.18103,2.94783,13.2893,0,0,0,0,0,0,0,0,0,0,0,0,0.148446,0.780383,-1.68558,-0.0949106,0.75155,-1.7553,-0.0027917,0.823643,-1.79636,-0.0475148,0.870345,-1.7666,0.0545345,0.740432,-1.45176,-0.122731,0.761574,-1.74587,0.0219046,0.837513,-1.80921,0.0319254,0.94409,-1.43464,0.00459071,0.00451037,-0.00838085,-0.00121619,0.00102612,-0.0132374,-0.00247709,0.00479323,-0.0181482,-0.0034217,0.00198166,-0.0108536,
-3.76248,-1.60181,9.36392,-1.1115,0.401328,0.39153,0.992197,0.549253,-0.494416,3.18313,2.94895,13.2952,0,0,0,0,0,0,0,0,0,0,0,0,0.148519,0.780482,-1.68577,-0.0949371,0.751572,-1.75559,-0.00284533,0.823748,-1.79675,-0.0475894,0.870388,-1.76683,0.0545711,0.740549,-1.45188,-0.122755,0.761632,-1.74613,0.0218994,0.837598,-1.80957,0.0319048,0.94416,-1.43472,0.00454976,0.00448236,-0.00831523,-0.00120763,0.00104673,-0.0130886,-0.00240941,0.00475275,-0.0183656,-0.00336637,0.00195373,-0.0106729,
-3.76483,-1.60104,9.36652,-1.1113,0.402434,0.392602,0.993978,0.54869,-0.492764,3.18528,2.94994,13.3014,0,0,0,0,0,0,0,0,0,0,0,0,0.148619,0.78058,-1.68595,-0.0949637,0.751596,-1.75588,-0.00289758,0.823852,-1.79715,-0.0476628,0.870431,-1.76707,0.0546102,0.740666,-1.45199,-0.122776,0.761684,-1.74639,0.0218932,0.837688,-1.80993,0.0318861,0.944228,-1.4348,0.00449123,0.00447245,-0.00827017,-0.00120593,0.00109222,-0.013006,-0.00234542,0.00472929,-0.0184344,-0.00332137,0.00194478,-0.0105298,
-3.76796,-1.60096,9.36701,-1.11123,0.402666,0.392784,0.995713,0.547525,-0.496093,3.18648,2.94959,13.3045,0,0,0,0,0,0,0,0,0,0,0,0,0.148726,0.780651,-1.68608,-0.0949829,0.751613,-1.75609,-0.00293474,0.823928,-1.79744,-0.0477156,0.870462,-1.76723,0.054638,0.740739,-1.45211,-0.122794,0.761708,-1.74659,0.0219003,0.837734,-1.8103,0.0318644,0.94425,-1.43488,0.00445327,0.0044653,-0.00823581,-0.00120209,0.00112452,-0.01294,-0.0023093,0.00472837,-0.0184622,-0.0032807,0.00193685,-0.0104182,
-3.76919,-1.60045,9.36995,-1.11097,0.404112,0.394313,0.997608,0.546462,-0.494142,3.18859,2.9503,13.3108,0,0,0,0,0,0,0,0,0,0,0,0,0.148796,0.780758,-1.68628,-0.0950115,0.75164,-1.75639,-0.00298924,0.82404,-1.79786,-0.0477935,0.870508,-1.76748,0.0546758,0.740857,-1.45223,-0.122815,0.761771,-1.74685,0.021895,0.837819,-1.81066,0.0318407,0.944313,-1.43497,0.00437991,0.00442488,-0.00814615,-0.00118888,0.00112832,-0.0127382,-0.00223933,0.00467142,-0.0177088,-0.00321968,0.0019034,-0.0102168,
-3.77149,-1.59975,9.37222,-1.11072,0.405253,0.395391,0.999317,0.545803,-0.492736,3.19058,2.95116,13.3167,0,0,0,0,0,0,0,0,0,0,0,0,0.148892,0.780855,-1.68646,-0.0950376,0.751665,-1.75667,-0.00303783,0.824143,-1.79826,-0.0478637,0.870549,-1.7677,0.0547125,0.740972,-1.45235,-0.122835,0.761826,-1.7471,0.0218905,0.837904,-1.81102,0.0318213,0.944376,-1.43504,0.00432648,0.00441139,-0.00811141,-0.00118509,0.0011676,-0.0126672,-0.00218194,0.00464606,-0.0179856,-0.00317668,0.00188335,-0.0100758,
-3.87507,-3.79074,9.28985,-0.919735,0.264818,1.07992,1.15064,0.205766,-1.00826,3.02302,1.08713,12.1689,0,0,0,0,0,0,0,0,0,0,0,0,0.148986,0.780952,-1.68663,-0.0950636,0.751687,-1.7569,-0.00307671,0.824226,-1.79858,-0.0479205,0.870583,-1.76788,0.0522165,0.686294,-1.45459,-0.118086,0.758337,-1.73022,0.0256356,0.829487,-1.82426,0.0275763,0.897808,-1.46391,0.00427708,0.0044051,-0.0080852,-0.00117993,0.00121155,-0.0126473,-0.00214356,0.00464825,-0.0186588,-0.00314121,0.00187464,-0.00997975,
-4.2694,-9.79922,7.68743,-0.257264,0.0471381,3.37635,1.77307,0.245125,-2.01212,2.07808,-4.29134,9.39041,0,0,0,0,0,0,0,0,0,0,0,0,0.149063,0.780814,-1.68671,-0.0950813,0.7515,-1.75712,-0.00312025,0.824284,-1.80011,-0.0479972,0.870377,-1.768,0.0424833,0.534928,-1.4945,-0.101541,0.751683,-1.67288,0.0411504,0.830373,-1.85653,0.00380236,0.761934,-1.53304,0.00619629,-0.0362119,0.0010513,-0.00114027,-0.0398282,-0.00705514,-0.00224072,-0.00159024,-0.244657,-0.00610133,-0.0463787,0.00762636,
-4.73231,-18.2331,11.272,-0.357355,0.21696,1.95921,3.6783,2.3426,-3.45376,2.2182,-11.2874,6.96679,0,0,0,0,0,0,0,0,0,0,0,0,0.15491,0.767041,-1.68961,-0.0955717,0.746185,-1.75736,-0.0031414,0.822413,-1.81727,-0.048501,0.862795,-1.76398,0.0504729,0.277555,-1.4143,-0.106354,0.740462,-1.70927,0.0888457,0.876197,-1.93184,0.00538914,0.56393,-1.58033,0.554838,-1.34637,-0.259651,-0.0739347,-0.445887,-0.0355463,0.00118089,-0.191228,-1.12891,-0.0625895,-0.667243,0.379249,
-5.90266,-16.0078,14.4737,-0.512446,4.03859,1.76249,4.14427,4.16904,-3.08244,3.42863,-10.6676,8.1352,0,0,0,0,0,0,0,0,0,0,0,0,0.176861,0.686905,-1.66782,-0.0990058,0.730731,-1.76237,0.000533532,0.82105,-1.85621,-0.0542198,0.829462,-1.75415,0.0734385,0.142646,-1.28384,-0.118322,0.80738,-1.7292,0.114154,0.930384,-1.9989,0.0175539,0.498192,-1.5402,1.76577,-5.76251,0.885272,-0.260186,-0.97264,-0.435574,0.400535,0.204332,-2.6254,-0.557681,-2.58323,0.422916,
-5.69861,-9.72718,16.2699,-0.408345,6.24196,1.9157,3.21135,3.9612,-1.3709,3.89476,-7.99867,8.77948,0,0,0,0,0,0,0,0,0,0,0,0,0.203299,0.558655,-1.62128,-0.103824,0.716428,-1.77369,0.0137851,0.830477,-1.90215,-0.063272,0.771176,-1.73419,0.105034,0.0801575,-1.11566,-0.123985,0.859779,-1.75128,0.123109,0.958942,-2.02044,0.0212065,0.45306,-1.45111,1.76801,-9.41272,3.95487,-0.398094,-0.507926,-1.01919,1.16162,1.17738,-3.36099,-0.515627,-4.72598,2.54402,
-6.35751,1.65571,14.0865,0.375111,4.43103,3.48367,0.844218,0.310472,3.32515,4.07039,-3.70578,9.46195,0,0,0,0,0,0,0,0,0,0,0,0,0.244513,0.316103,-1.48267,-0.112347,0.727424,-1.79591,0.0488703,0.873019,-1.97482,-0.076479,0.671194,-1.69691,0.124664,0.0518974,-0.877354,-0.111186,0.875006,-1.73502,0.117718,0.941932,-1.96361,0.0110888,0.464389,-1.41335,1.56357,-12.2239,10.1262,-0.328676,1.47223,-1.04812,1.90967,2.44604,-2.87703,-0.56768,-4.56643,1.88032,
-6.30096,6.45349,9.5168,2.9214,1.74495,8.22677,-1.52225,-4.22671,5.98713,2.97461,-0.859586,6.52174,0,0,0,0,0,0,0,0,0,0,0,0,0.279787,0.0699991,-1.28762,-0.126057,0.768929,-1.8251,0.0914969,0.923277,-1.99689,-0.087962,0.599711,-1.66334,0.146429,0.0104254,-0.815622,-0.0669223,0.856164,-1.64044,0.0916498,0.856231,-1.82834,-0.0300602,0.491408,-1.44447,0.966634,-8.83644,9.36311,-0.556004,1.74444,-0.840354,1.52837,1.54488,0.755096,-0.658536,-3.4725,2.23299,
-4.55287,8.9376,0.861228,5.38257,-1.65079,14.4348,-3.81894,-9.13015,8.84557,0.593017,4.7633,3.998,0,0,0,0,0,0,0,0,0,0,0,0,0.292162,-0.0430378,-1.1659,-0.135248,0.787167,-1.83507,0.110265,0.93391,-1.96004,-0.102646,0.545837,-1.63575,0.187787,0.0307668,-0.946946,-0.0147179,0.754718,-1.48657,0.0389797,0.696779,-1.63605,-0.104259,0.619311,-1.51845,0.37786,-5.98542,7.89708,-0.561382,0.352844,-0.494616,0.967526,-0.355093,4.11415,-0.657511,-1.82432,0.693804,
-1.94316,8.41531,-8.42334,6.96783,-8.3129,15.7661,-5.40515,-11.4701,9.52849,-2.23024,8.67024,-0.620748,0,0,0,0,0,0,0,0,0,0,0,0,0.293437,-0.123025,-1.05564,-0.141077,0.77947,-1.82377,0.118959,0.899722,-1.84552,-0.114482,0.519379,-1.63114,0.236248,0.0476634,-1.19696,0.0318219,0.549309,-1.40553,-0.013921,0.531365,-1.42808,-0.1778,0.722546,-1.65251,-0.344402,-1.58779,2.77074,-0.0518911,-0.893548,0.963549,0.0899398,-3.26418,7.1691,-0.302463,-0.543557,-0.234169,
-0.881328,5.45408,-7.81035,5.24849,-11.831,12.8789,-4.74422,-8.00098,7.0254,-3.15589,8.30419,-2.54499,0,0,0,0,0,0,0,0,0,0,0,0,0.274407,-0.0971798,-1.07965,-0.132725,0.756269,-1.78699,0.109276,0.777351,-1.63378,-0.117351,0.541504,-1.65606,0.22268,0.128693,-1.37965,0.0200005,0.432007,-1.40945,-0.033992,0.394165,-1.17474,-0.19987,0.820181,-1.76087,-1.18773,3.58083,-4.89375,0.860541,-1.13943,2.22257,-0.986492,-7.32648,11.3364,-0.144847,2.84286,-1.64755,
1.70049,7.83727,-6.85776,7.30713,-10.4108,12.2581,-6.59235,-7.80007,10.3196,-2.88257,6.17199,-3.46798,0,0,0,0,0,0,0,0,0,0,0,0,0.236255,-3.88591e-05,-1.22178,-0.123806,0.71769,-1.74062,0.104585,0.703923,-1.53852,-0.121835,0.605387,-1.67856,0.220282,0.299961,-1.52178,0.045387,0.389554,-1.39326,-0.0528315,0.453178,-1.24059,-0.203476,0.883008,-1.81979,-2.33942,4.74075,-7.93039,-0.539394,-2.71468,1.63633,0.295697,-2.22974,1.59756,-0.383067,4.93287,-2.18098,
1.46039,11.1601,-6.12525,8.00701,-7.11317,12.8868,-6.18125,-5.38502,10.6899,-2.57689,5.66022,-2.05676,0,0,0,0,0,0,0,0,0,0,0,0,0.201306,0.0742482,-1.34082,-0.136701,0.658433,-1.70844,0.109183,0.657708,-1.53074,-0.129579,0.723058,-1.73441,0.190568,0.374248,-1.64082,0.0451611,0.369097,-1.32173,-0.03801,0.463232,-1.25673,-0.200957,1.00226,-1.85527,-1.88994,5.3793,-7.9819,-0.732516,-4.46025,2.5816,0.293519,-2.39404,0.270679,-0.278225,5.50792,-2.77769,
0.0174571,11.836,-3.04721,7.15846,-3.93327,13.2613,-5.97432,-1.80918,12.4201,-1.97748,5.57337,-0.474314,0,0,0,0,0,0,0,0,0,0,0,0,0.172702,0.21434,-1.51329,-0.147461,0.555677,-1.65633,0.11779,0.595247,-1.51376,-0.134641,0.849209,-1.7964,0.149061,0.51434,-1.77276,0.0260232,0.33914,-1.25692,-0.0194662,0.471811,-1.17423,-0.190259,1.14087,-1.876,-0.963085,6.86913,-7.3314,-0.219088,-4.72823,2.71512,0.484094,-3.12825,1.16108,-0.24725,6.09318,-2.70994,
-0.36408,12.2414,-0.929013,6.23717,-4.00525,12.9177,-6.30866,1.50075,13.6582,-0.871891,3.15044,-0.0530503,0,0,0,0,0,0,0,0,0,0,0,0,0.154015,0.364388,-1.64719,-0.149782,0.463022,-1.60706,0.129852,0.520677,-1.47847,-0.142549,0.983727,-1.83997,0.11797,0.664388,-1.81927,0.0050406,0.264859,-1.22488,-0.0137921,0.469838,-1.08876,-0.173592,1.2242,-1.88093,-1.07773,7.13771,-5.95385,-0.0442442,-3.92125,2.36934,0.562905,-3.53429,1.93026,-0.369808,6.46835,-1.58512,
-0.11234,11.6946,0.606985,4.87422,-4.13076,12.1032,-6.4273,3.54461,12.7266,0.65399,-0.206806,0.587866,0,0,0,0,0,0,0,0,0,0,0,0,0.132302,0.48935,-1.7345,-0.149391,0.392984,-1.55937,0.139602,0.455329,-1.43933,-0.149506,1.09508,-1.85807,0.0937876,0.78935,-1.82529,-0.0274426,0.189456,-1.18562,-0.00872366,0.451193,-1.06124,-0.140302,1.24138,-1.86049,-1.42823,7.1718,-4.23847,0.00370798,-4.01035,2.84693,0.494275,-3.71006,2.39683,-0.28583,6.05892,-0.684946,
0.024554,6.47733,1.80125,3.31345,-0.715835,8.3574,-5.66247,6.14776,8.58216,2.26413,-4.70955,2.30208,0,0,0,0,0,0,0,0,0,0,0,0,0.0984245,0.646186,-1.79597,-0.149733,0.298603,-1.48997,0.149129,0.372788,-1.38265,-0.151921,1.207,-1.86113,0.0593724,0.946186,-1.79148,-0.0679495,0.164875,-1.19379,0.0172541,0.432842,-1.10159,-0.0932363,1.19007,-1.79655,-1.58664,7.12185,-1.62166,-0.0420947,-4.63329,3.48963,0.387456,-3.74558,2.66003,0.083258,4.03245,0.280952,
-0.732838,-4.23516,2.69165,1.18415,3.85498,3.62359,-3.90813,8.84576,2.70373,3.68143,-8.92486,2.96906,0,0,0,0,0,0,0,0,0,0,0,0,0.0658858,0.79648,-1.80495,-0.146576,0.200907,-1.40605,0.155033,0.308588,-1.33799,-0.148123,1.25257,-1.8452,0.0108498,0.865611,-1.72751,-0.1106,0.197035,-1.23274,0.0655232,0.447222,-1.21597,-0.0447164,1.05725,-1.72635,-1.4686,7.00041,0.405907,0.254919,-4.00986,3.30848,0.327757,-3.30039,2.1769,0.454822,1.11226,1.78512,
-1.37822,-14.9056,5.29494,0.167525,8.64994,1.06507,-1.39431,11.337,-2.01897,3.31276,-12.037,1.89128,0,0,0,0,0,0,0,0,0,0,0,0,0.042129,0.902872,-1.78226,-0.141993,0.136673,-1.3548,0.159091,0.254867,-1.31223,-0.130719,1.24155,-1.79733,-0.0218503,0.636601,-1.59088,-0.132488,0.27462,-1.27066,0.12406,0.508437,-1.37012,-0.0201346,0.880789,-1.67658,-1.18096,4.25482,2.36029,0.212639,-3.13207,2.30049,-0.00692341,-1.19421,-0.296881,1.11061,-2.39329,2.9391,
-1.12793,-14.5744,8.56942,0.207013,9.47419,0.385739,0.668674,9.22228,-3.93575,1.67042,-9.53176,4.01408,0,0,0,0,0,0,0,0,0,0,0,0,0.0258191,0.903062,-1.68441,-0.140002,0.104442,-1.33587,0.150196,0.288246,-1.35676,-0.0978599,1.12579,-1.71423,-0.010877,0.477251,-1.37968,-0.138036,0.341741,-1.34059,0.151008,0.588246,-1.53152,-0.0128702,0.706601,-1.51789,-0.339915,-2.45807,3.6197,-0.12838,0.0177496,-0.574447,-0.636209,3.70261,-3.05492,1.72916,-7.23584,3.83918,
-0.204377,-16.4386,13.0351,-0.675679,10.915,-1.58828,2.02052,7.05758,-4.08993,2.18852,-5.53694,8.60009,0,0,0,0,0,0,0,0,0,0,0,0,0.0189952,0.868174,-1.67626,-0.146655,0.137767,-1.36413,0.136431,0.389923,-1.45053,-0.0685303,0.956823,-1.62265,0.00280186,0.418855,-1.35948,-0.173049,0.437767,-1.45683,0.166931,0.689923,-1.68362,0.0148646,0.581988,-1.26008,-0.443357,-1.53416,-0.363805,-0.380111,2.98189,-2.1194,-0.800555,6.44216,-5.23338,1.14728,-9.45646,5.90247,
-3.20129,-12.2547,12.2321,-1.98208,13.0614,-2.09955,2.34644,5.56496,-3.40415,3.21725,-3.91565,14.7791,0,0,0,0,0,0,0,0,0,0,0,0,0.0191558,0.818794,-1.68089,-0.150525,0.236058,-1.4319,0.121892,0.556143,-1.56656,-0.0556449,0.815804,-1.56518,-0.0385899,0.440628,-1.37928,-0.193087,0.536058,-1.55873,0.169968,0.856143,-1.78276,0.0232818,0.654405,-1.21813,0.891459,-2.87198,-0.167487,0.279597,5.07582,-2.97376,-0.423394,6.93667,-5.24358,-0.060186,-2.54029,-0.897058,
-4.70329,-7.93448,12.1931,-2.06152,14.7514,-0.947817,2.2498,6.89412,-2.09462,2.8372,0.561375,16.0762,0,0,0,0,0,0,0,0,0,0,0,0,0.0386676,0.762454,-1.6799,-0.146069,0.32337,-1.48342,0.115976,0.662482,-1.64689,-0.0567477,0.776234,-1.58155,-0.0477799,0.467451,-1.36629,-0.194011,0.62337,-1.61406,0.162411,0.962482,-1.83534,0.0125446,0.7243,-1.20001,1.24539,-3.86562,0.35141,0.143835,5.93065,-4.27805,-0.392412,6.98987,-5.44336,-0.0655071,-2.63875,-0.814403,
-4.31702,-3.14367,9.95714,-1.0857,13.5894,0.989338,1.71049,6.58904,-0.0538602,2.34402,4.72447,17.7849,0,0,0,0,0,0,0,0,0,0,0,0,0.0598631,0.665931,-1.64641,-0.147374,0.466236,-1.56052,0.110062,0.816334,-1.75349,-0.0582355,0.706365,-1.58366,-0.0320131,0.478891,-1.35186,-0.180725,0.766236,-1.60743,0.149246,1.11633,-1.85869,-0.00303728,0.738057,-1.12943,0.641967,-4.33793,1.82506,-0.248352,6.85121,-2.8658,-0.143157,6.96825,-4.15422,-0.136093,-3.45677,0.384524,
-3.95395,-1.48285,8.41485,-0.238937,9.92932,1.49527,1.18088,3.5411,0.234786,2.10725,6.86475,19.1258,0,0,0,0,0,0,0,0,0,0,0,0,0.070245,0.576546,-1.61057,-0.152833,0.619332,-1.59534,0.109611,0.969132,-1.81906,-0.0622518,0.626095,-1.56442,-0.0189083,0.441599,-1.35786,-0.161616,0.919332,-1.57338,0.140101,1.23558,-1.86648,-0.0145301,0.704934,-1.05623,0.387823,-3.91504,1.69362,-0.1124,7.10981,-0.617022,0.0387417,7.11663,-2.13186,-0.198385,-3.71119,1.20176,
-3.66498,-0.409702,8.22985,0.506357,6.31459,1.5523,0.435201,0.147946,0.979917,1.27926,7.6105,19.1845,0,0,0,0,0,0,0,0,0,0,0,0,0.078842,0.491672,-1.58118,-0.154664,0.727927,-1.60481,0.111768,1.07932,-1.84089,-0.0644381,0.56608,-1.54086,-0.00258808,0.386173,-1.32722,-0.139666,1.02793,-1.55769,0.124956,1.25741,-1.84089,-0.0346006,0.660916,-1.01842,0.407781,-3.81025,1.92863,0.0935645,7.06519,0.332407,0.0923404,6.97567,-0.979812,-0.0857637,-3.81708,1.71297,
-2.36062,-0.467719,6.70197,1.67158,0.24682,0.926836,-0.589062,-3.88038,1.67759,0.222136,8.7418,15.191,0,0,0,0,0,0,0,0,0,0,0,0,0.084016,0.430667,-1.53583,-0.152213,0.871041,-1.59172,0.115254,1.20985,-1.84707,-0.0653552,0.482121,-1.49812,0.031256,0.322609,-1.31289,-0.10222,1.03527,-1.53483,0.102929,1.23145,-1.79693,-0.0616843,0.604128,-1.06464,0.250224,-3.8546,2.21562,0.328146,6.32234,1.34866,0.0960674,4.74463,0.328152,-0.0753,-3.86153,2.14827,
-0.653542,2.26504,5.05815,2.22263,-7.27798,0.77002,-1.70088,-6.77978,3.56112,-0.622389,11.5977,8.13753,0,0,0,0,0,0,0,0,0,0,0,0,0.0868147,0.337656,-1.48023,-0.134671,1.00493,-1.5502,0.115468,1.27441,-1.81935,-0.0699205,0.390762,-1.44496,0.0714426,0.298208,-1.29527,-0.0520345,0.937207,-1.48353,0.0715273,1.1288,-1.68676,-0.093043,0.589578,-1.18822,0.0386582,-3.84299,2.33992,1.08284,4.56913,1.89692,-0.0567289,0.955097,1.74264,-0.302512,-3.64501,2.13195,
0.242544,4.43183,4.40642,2.10819,-13.584,2.39442,-2.45357,-9.45338,1.77293,-0.670943,11.8836,0.437938,0,0,0,0,0,0,0,0,0,0,0,0,0.0870634,0.264856,-1.43503,-0.109356,1.05641,-1.50496,0.112942,1.25909,-1.76506,-0.0814322,0.339788,-1.41355,0.0928816,0.290749,-1.27103,-0.0215258,0.734273,-1.37931,0.0459905,0.965637,-1.62525,-0.119643,0.614142,-1.34551,-0.0098167,-3.39614,2.15382,1.40501,0.698477,2.63138,-0.224484,-2.28492,3.81956,-0.8575,-0.909476,2.28341,
0.267205,6.89749,4.00607,2.22871,-16.6405,4.23305,-3.90431,-10.3166,1.55239,-1.24052,10.1002,-2.7935,0,0,0,0,0,0,0,0,0,0,0,0,0.0929548,0.21815,-1.40338,-0.0906467,1.0502,-1.4865,0.10774,1.20511,-1.70262,-0.0959286,0.341434,-1.41611,0.113341,0.327987,-1.25511,-0.0168442,0.613214,-1.39226,0.00328934,0.830658,-1.55778,-0.146012,0.633407,-1.52046,0.548226,-2.50403,1.92458,0.723396,-0.838893,-0.463509,-0.273702,-4.66156,4.24113,-0.762793,1.57875,-1.38055,
-0.379263,8.29981,1.97332,0.938492,-14.4989,4.00546,-2.93892,-6.55145,5.15044,-1.41367,7.76667,-5.09237,0,0,0,0,0,0,0,0,0,0,0,0,0.106873,0.182977,-1.37013,-0.0730817,1.02428,-1.50787,0.0944007,1.06621,-1.6149,-0.108168,0.432902,-1.45897,0.118823,0.376952,-1.30102,-0.0314066,0.630047,-1.4259,-0.00712518,0.730911,-1.39549,-0.154233,0.732902,-1.65546,0.857229,-0.540838,0.791181,0.728509,-1.27057,-0.72657,-1.12212,-6.86034,3.62589,-0.428927,5.54707,-2.7671,
0.526422,10.791,0.467715,2.33251,-9.94877,2.93965,-3.23766,-5.78833,10.5392,-0.279165,6.26448,-2.84661,0,0,0,0,0,0,0,0,0,0,0,0,0.119919,0.194693,-1.36495,-0.0650467,0.991638,-1.52059,0.0720198,0.952287,-1.57808,-0.1186,0.578475,-1.54027,0.134033,0.494693,-1.35141,-0.0147506,0.699914,-1.46679,-0.0157573,0.759233,-1.35717,-0.13844,0.878475,-1.73281,0.0381227,1.59735,0.0738003,-0.320666,-1.72017,-0.787983,-0.273421,-1.93383,-1.70287,-0.514439,7.13058,-4.85491,
0.774359,11.8559,0.407587,3.91382,-8.41614,4.32174,-3.15082,-4.42465,11.6062,0.322032,5.96475,-2.19578,0,0,0,0,0,0,0,0,0,0,0,0,0.119147,0.223156,-1.38651,-0.0765719,0.959575,-1.53508,0.0685822,0.930721,-1.61857,-0.124761,0.68675,-1.61272,0.135676,0.523156,-1.41314,-0.00100055,0.694999,-1.45131,-0.0169159,0.785063,-1.3922,-0.120415,0.98675,-1.78593,-0.113232,2.8465,-1.47258,-0.890962,-2.16693,-0.970919,-0.269103,-1.40167,-2.55156,-0.148156,6.92771,-4.73288,
-0.000843406,10.1231,1.97775,4.76458,-7.41035,7.16471,-2.52618,-1.41976,13.5987,0.16395,4.201,-0.221981,0,0,0,0,0,0,0,0,0,0,0,0,0.119361,0.305441,-1.44457,-0.0983152,0.905813,-1.55399,0.059121,0.884909,-1.65807,-0.117861,0.841911,-1.71021,0.124148,0.605441,-1.46145,-0.00232836,0.655397,-1.39482,-0.0149351,0.784431,-1.34764,-0.0943536,1.12366,-1.81413,0.192296,4.39889,-2.65282,-0.925103,-2.60628,-0.797908,-0.436061,-2.59937,-1.18177,0.776336,7.06908,-3.93495,
-0.611292,9.62144,1.67041,4.74827,-6.5764,9.43037,-2.45333,0.908498,15.8872,-0.440306,1.97656,-0.193567,0,0,0,0,0,0,0,0,0,0,0,0,0.127314,0.400074,-1.50653,-0.116998,0.84566,-1.56917,0.0502004,0.818124,-1.66946,-0.0948471,0.986706,-1.76981,0.122129,0.700074,-1.55044,-0.0177943,0.610243,-1.34438,-0.0198292,0.759884,-1.2742,-0.07311,1.20101,-1.82647,0.403879,4.3687,-3.42679,-0.780126,-2.84025,-0.438547,-0.347859,-3.23809,-0.0769399,1.30979,6.59558,-2.07276,
-0.529527,8.29902,0.158439,4.72994,-6.00853,10.1121,-2.7244,2.22556,17.0622,-0.855771,-0.150734,-0.802943,0,0,0,0,0,0,0,0,0,0,0,0,0.132973,0.505868,-1.56204,-0.131887,0.779436,-1.5716,0.044032,0.764229,-1.66558,-0.0741359,1.08316,-1.79131,0.120927,0.805868,-1.6037,-0.0282491,0.549847,-1.31374,-0.0293201,0.732582,-1.22574,-0.0620988,1.22258,-1.83614,0.047704,5.48602,-1.82489,-0.584402,-3.17502,0.202253,-0.209683,-3.49143,0.531279,1.33725,5.72732,-0.990336,
-0.468888,7.22914,-0.290468,4.17618,-5.41201,9.37635,-2.68761,3.75429,16.5999,-0.866917,-1.59614,-0.299123,0,0,0,0,0,0,0,0,0,0,0,0,0.132707,0.603565,-1.60445,-0.141428,0.719586,-1.56204,0.0402749,0.677379,-1.64379,-0.0480841,1.19128,-1.80323,0.115804,0.903565,-1.65729,-0.048205,0.497417,-1.30763,-0.0309998,0.678266,-1.19848,-0.0488251,1.23493,-1.81848,-0.207232,5.94913,-1.82314,-0.447257,-3.47474,0.799989,-0.163372,-3.71882,1.2124,0.837278,3.34203,-0.310499,
-0.42338,3.09295,-0.13333,3.3807,-3.97735,7.58941,-2.50348,6.43334,14.4757,-0.448277,-2.51884,1.64699,0,0,0,0,0,0,0,0,0,0,0,0,0.123139,0.73524,-1.63493,-0.14805,0.64641,-1.54052,0.0387477,0.600335,-1.6141,-0.0351179,1.23417,-1.80667,0.0962722,0.986032,-1.68533,-0.0703985,0.45209,-1.31899,-0.0247354,0.66178,-1.20949,-0.0334206,1.20267,-1.7667,-0.651295,6.93876,-1.88284,-0.274647,-3.79544,1.27195,-0.035848,-3.97552,1.70881,0.51617,1.25875,-0.0481804,
-0.899989,-3.57986,0.037201,1.86312,-0.865543,4.2185,-1.28604,10.6324,9.84449,0.650257,-4.54682,4.16259,0,0,0,0,0,0,0,0,0,0,0,0,0.103547,0.89056,-1.65515,-0.152205,0.553812,-1.50507,0.0391912,0.506334,-1.57203,-0.0287369,1.2385,-1.7953,0.0567765,0.953354,-1.66806,-0.107738,0.435415,-1.35923,0.0088479,0.677873,-1.2841,-0.00949067,1.10804,-1.66042,-0.970816,6.09159,-0.553468,-0.0844357,-3.87033,1.61525,0.0723056,-3.77083,1.6728,0.119592,-0.671573,1.23268,
-1.60726,-10.332,1.52716,0.571162,2.73622,1.82652,0.1447,13.5506,5.38799,1.33938,-6.65458,4.24189,0,0,0,0,0,0,0,0,0,0,0,0,0.0823583,0.990775,-1.65587,-0.152861,0.472,-1.46986,0.0425627,0.439016,-1.54833,-0.0275343,1.2028,-1.76535,0.017215,0.805137,-1.60811,-0.13913,0.452066,-1.38739,0.0524822,0.723889,-1.40489,0.00691234,0.969394,-1.58122,-0.99847,2.90647,0.383428,-0.0219324,-3.53361,1.47239,0.252081,-2.1557,0.3494,0.0384825,-2.68164,3.12335,
-1.4765,-11.9629,4.29272,0.486025,7.20905,1.43616,0.613848,14.035,3.68101,1.46245,-7.25186,2.16274,0,0,0,0,0,0,0,0,0,0,0,0,0.0673369,1.00913,-1.64658,-0.153987,0.42172,-1.45088,0.0469699,0.424315,-1.54933,-0.0262472,1.15113,-1.68045,0.0115675,0.699183,-1.53464,-0.144535,0.536893,-1.39122,0.0698123,0.724315,-1.49682,0.0116216,0.867237,-1.51457,-0.754279,-0.434819,0.184891,-0.107965,-2.60216,0.950506,0.299851,0.215033,-1.58085,0.0522966,-4.10375,4.47255,
0.158753,-5.7957,5.50984,1.28805,10.4126,2.32178,-0.368053,11.1112,6.2702,1.8875,-1.63748,5.87241,0,0,0,0,0,0,0,0,0,0,0,0,0.0530565,0.98335,-1.66813,-0.160293,0.395391,-1.44753,0.052426,0.478525,-1.58811,-0.0255592,1.03881,-1.57822,0.0379092,0.800072,-1.55741,-0.139031,0.659927,-1.40445,0.0497104,0.778525,-1.49043,0.0231828,0.85453,-1.31785,-0.764647,-1.53541,-1.08074,-0.437578,0.168812,-0.598498,0.259428,3.71151,-2.36301,0.0621806,-5.73375,4.54233,
-0.125971,1.21056,8.0603,-0.461542,9.75071,1.50787,-2.76932,11.4241,12.0508,3.6691,6.33829,15.1425,0,0,0,0,0,0,0,0,0,0,0,0,0.0457969,0.940908,-1.69261,-0.162129,0.432511,-1.47788,0.0655753,0.570711,-1.63611,-0.0345508,0.979925,-1.58476,0.0487837,0.922739,-1.51691,-0.163439,0.732511,-1.47374,0.0147189,0.870711,-1.37499,0.0483572,1.1084,-1.26156,0.245446,-1.93734,-1.03225,0.409138,2.89282,-1.34229,0.735065,3.53021,-1.606,-0.352781,-1.19944,-2.21473,
-0.150168,4.73239,6.69093,-0.148185,6.41041,0.312498,-3.80067,11.402,15.8308,4.28019,11.0949,18.2378,0,0,0,0,0,0,0,0,0,0,0,0,0.0535945,0.908776,-1.70476,-0.157689,0.489123,-1.50966,0.0775498,0.618131,-1.65542,-0.0395153,0.962794,-1.61927,0.0569222,0.977453,-1.5473,-0.157501,0.761262,-1.55216,0.000183433,0.918131,-1.28552,0.0569578,1.2227,-1.21677,0.283277,-1.98529,-0.392912,0.15571,4.47514,-2.01224,0.706019,2.45435,-1.03464,-0.421264,-0.698778,-2.13767,
-0.275695,5.04099,4.60267,0.260158,1.67412,-0.827949,-4.06068,12.0025,17.7706,5.28506,11.1158,19.4408,0,0,0,0,0,0,0,0,0,0,0,0,0.0574542,0.873829,-1.70383,-0.15572,0.608164,-1.55309,0.0907883,0.652831,-1.67002,-0.0532579,0.962897,-1.65963,0.0565582,0.976716,-1.57509,-0.144922,0.799564,-1.62252,0.00299533,0.952831,-1.24197,0.0582536,1.26001,-1.21229,0.239854,-0.925505,0.546907,0.171798,5.98189,-1.94934,0.548962,0.704633,-0.64877,-0.824592,0.76881,-1.54707,
-1.21088,1.94439,3.37334,-0.0555448,-1.25492,-0.725266,-3.12219,10.9833,14.7975,5.83882,6.37444,14.3586,0,0,0,0,0,0,0,0,0,0,0,0,0.0629524,0.869794,-1.69449,-0.14625,0.735105,-1.57989,0.0986815,0.660443,-1.6644,-0.0711267,0.998062,-1.64939,0.0392884,0.925378,-1.61039,-0.132014,0.83688,-1.62618,0.0278706,0.932372,-1.29678,0.0516643,1.21362,-1.27782,0.264322,0.278984,-0.00954636,0.624981,5.3259,-1.12642,0.289756,-0.106132,-0.0928242,-0.927181,2.24799,0.504142,
-1.73138,-2.53973,2.4287,0.0546492,-3.73963,1.9683,-2.46411,7.17607,7.85113,5.08031,0.710043,7.6542,0,0,0,0,0,0,0,0,0,0,0,0,0.0665129,0.879305,-1.68657,-0.134486,0.814146,-1.59434,0.103103,0.660351,-1.65352,-0.0829319,1.04506,-1.61635,0.0220287,0.822536,-1.62989,-0.114789,0.811257,-1.55987,0.0490631,0.841085,-1.44274,0.0263501,1.12713,-1.40983,-0.0479842,0.269003,-0.161447,0.73323,3.62408,-0.589574,0.302516,0.0532912,0.580207,-0.70903,2.5729,0.606661,
-2.0374,-7.0982,1.88087,1.29905,-5.59353,7.10003,-2.29675,1.43348,2.55274,2.58456,-5.44383,-2.81156,0,0,0,0,0,0,0,0,0,0,0,0,0.0670835,0.876247,-1.68908,-0.127124,0.85875,-1.60585,0.107149,0.663728,-1.64327,-0.0849475,1.09451,-1.56265,0.0183223,0.679256,-1.64997,-0.0931849,0.737909,-1.4463,0.0519419,0.71339,-1.54685,-0.0128718,1.01082,-1.57519,0.0869535,-0.781449,-0.316376,0.0585142,0.759877,-0.718139,0.0884598,0.553023,1.30392,0.298468,2.09604,2.31014,
-1.32559,-5.33087,2.07499,2.49124,-2.9182,9.94589,-2.75787,-0.326245,3.97785,0.971877,-6.24197,-3.90169,0,0,0,0,0,0,0,0,0,0,0,0,0.0683735,0.842843,-1.70001,-0.130561,0.843163,-1.61896,0.106483,0.66819,-1.64088,-0.0698823,1.1178,-1.53426,0.0388214,0.658423,-1.66564,-0.0727632,0.732926,-1.38493,0.0307542,0.657628,-1.52587,-0.0301879,0.962944,-1.65913,0.143503,-2.04592,-0.700183,-0.179317,-1.49131,-0.584632,-0.271274,-0.0962305,0.622424,0.615896,0.0476548,-1.09313,
-0.254924,0.0971725,1.86005,3.06229,1.2272,8.16335,-4.18897,3.47426,8.30852,0.469829,-4.09774,-0.498171,0,0,0,0,0,0,0,0,0,0,0,0,0.0708077,0.785614,-1.70859,-0.134066,0.806911,-1.63085,0.10205,0.651051,-1.63458,-0.0542759,1.09691,-1.57375,0.0672344,0.715396,-1.66925,-0.0605915,0.794229,-1.43618,-0.00458473,0.702565,-1.42748,-0.0283727,0.954791,-1.65466,0.111994,-2.90587,-0.286435,-0.123326,-1.73449,-0.37656,-0.076432,-1.41369,-0.0244911,0.566298,-1.58688,-2.7383,
0.588812,3.22297,2.49155,3.2176,5.56695,5.65653,-5.1666,9.5484,14.1612,1.29532,-2.01371,4.48805,0,0,0,0,0,0,0,0,0,0,0,0,0.0714684,0.730759,-1.71081,-0.136641,0.771109,-1.63675,0.101333,0.618874,-1.63851,-0.0456255,1.05167,-1.62967,0.086571,0.763259,-1.65137,-0.0586075,0.872534,-1.50159,-0.0280763,0.822281,-1.29117,-0.0115849,0.964679,-1.57881,0.0152907,-1.92296,-0.113867,-0.0962705,-1.50996,-0.249779,-0.0097882,-1.41213,-0.267581,0.0663007,-1.46582,-2.45371,
0.833947,3.48511,2.76455,2.88129,6.14211,4.67108,-5.31886,14.3637,17.438,2.26291,-1.39767,8.15424,0,0,0,0,0,0,0,0,0,0,0,0,0.0720332,0.701526,-1.71589,-0.138356,0.747794,-1.64516,0.100578,0.593594,-1.64753,-0.0465307,1.0256,-1.65878,0.0947713,0.768044,-1.65441,-0.066982,0.889324,-1.54458,-0.0339816,0.893594,-1.22228,0.00516194,0.967636,-1.49017,0.0755781,-0.824404,-0.305334,-0.026331,-0.480934,-0.647878,-0.0635049,-0.954735,-0.427995,-0.195205,-0.921021,-1.40976,
0.589226,3.16571,2.95349,2.30756,4.76845,3.43538,-5.24313,17.6626,17.628,2.80522,-0.967611,11.0391,0,0,0,0,0,0,0,0,0,0,0,0,0.0745137,0.694838,-1.71843,-0.136614,0.748672,-1.65487,0.0991238,0.57849,-1.65496,-0.053068,1.0112,-1.68645,0.0953835,0.771772,-1.64819,-0.0746349,0.879545,-1.59053,-0.033655,0.87849,-1.22237,0.00890831,0.96942,-1.43447,0.245566,-0.0883843,-0.143948,0.171587,0.46649,-0.861924,-0.068022,-0.783322,-0.324602,-0.326167,-0.703446,-0.959897,
0.173443,3.54212,4.3071,1.98913,1.85204,2.12598,-5.0682,20.182,15.7986,2.64588,-0.755057,11.4443,0,0,0,0,0,0,0,0,0,0,0,0,0.0823096,0.696818,-1.72178,-0.128479,0.770594,-1.67269,0.0966638,0.560269,-1.65714,-0.0613253,0.989298,-1.69784,0.0972877,0.789112,-1.62043,-0.0680037,0.847152,-1.64294,-0.0339079,0.860269,-1.26016,-0.00562583,0.9395,-1.41592,0.42568,0.14964,-0.253145,0.429874,1.21029,-0.936188,-0.154665,-0.861338,0.0806073,-0.417901,-1.23686,-0.167577,
-0.547935,2.87701,4.84367,1.54325,0.559586,2.48287,-4.26844,19.371,13.8068,3.10087,-0.0184407,10.1462,0,0,0,0,0,0,0,0,0,0,0,0,0.0922354,0.70131,-1.72302,-0.117625,0.793143,-1.69288,0.0914097,0.544167,-1.65425,-0.0729344,0.957395,-1.69475,0.0907256,0.778143,-1.60276,-0.0663781,0.824746,-1.65817,-0.0232306,0.844167,-1.3061,-0.0115011,0.91668,-1.43178,0.48754,0.196322,-0.0329736,0.506611,0.70455,-1.09466,-0.317177,-0.556496,0.119033,-0.643534,-1.61016,0.372414,
-1.3364,1.47447,4.18571,1.14778,0.199975,3.45677,-3.61145,16.4607,11.4766,3.73294,0.421061,8.6393,0,0,0,0,0,0,0,0,0,0,0,0,0.102309,0.703719,-1.72123,-0.110223,0.798569,-1.7089,0.0857874,0.538952,-1.65356,-0.0844319,0.931118,-1.68705,0.0797783,0.742707,-1.6111,-0.0713832,0.804093,-1.64739,-0.0134537,0.838952,-1.36745,-0.0100532,0.900599,-1.45761,0.435163,0.0850565,0.219325,0.405827,0.0209987,-0.996507,-0.358192,-0.138797,-0.0321828,-0.75779,-1.64182,0.538506,
-1.6068,0.981097,4.09926,1.03042,0.069626,3.7141,-3.59274,13.7006,9.87501,4.14644,0.154028,7.83168,0,0,0,0,0,0,0,0,0,0,0,0,0.108229,0.703219,-1.71891,-0.102585,0.792485,-1.72287,0.0787813,0.542144,-1.65591,-0.100161,0.900393,-1.67622,0.0783963,0.724008,-1.61201,-0.0689252,0.779397,-1.64488,-0.0182271,0.842144,-1.41777,-0.0154932,0.869308,-1.46807,0.413511,-0.149502,0.176619,0.315962,-0.593138,-0.594815,-0.287594,0.590655,-0.349164,-0.759713,-1.3974,0.494101,
-1.79445,0.734583,4.26205,1.12257,-0.00360221,3.75125,-3.80293,10.578,9.37229,4.27215,-0.476935,6.94465,0,0,0,0,0,0,0,0,0,0,0,0,0.117767,0.699549,-1.71345,-0.0953824,0.777484,-1.73268,0.0733335,0.571051,-1.66281,-0.115318,0.874198,-1.66745,0.0836124,0.714199,-1.60038,-0.0593216,0.760114,-1.64824,-0.026815,0.871051,-1.45318,-0.0247034,0.835807,-1.48532,0.428264,-0.148609,0.26085,0.319867,-0.691228,-0.37342,-0.203009,1.64237,-0.987184,-0.647565,-1.05869,0.340356,
-1.86092,0.591078,4.53662,1.36476,-0.0251565,4.20087,-3.87878,7.98916,9.53134,4.3833,-1.08654,5.77567,0,0,0,0,0,0,0,0,0,0,0,0,0.127996,0.697824,-1.70781,-0.0877725,0.76271,-1.74134,0.06753,0.618803,-1.68717,-0.130111,0.852123,-1.66088,0.0923037,0.712243,-1.58895,-0.0456477,0.748175,-1.64537,-0.0365674,0.876793,-1.47626,-0.0355401,0.804315,-1.5109,0.433218,-0.014336,0.217515,0.32023,-0.556273,-0.362,-0.285114,2.33046,-1.09518,-0.600478,-0.825801,0.223493,
-1.90943,0.552806,4.3762,1.61304,-0.0842562,4.85535,-3.88673,6.76568,9.30223,4.38602,-1.6721,4.56737,0,0,0,0,0,0,0,0,0,0,0,0,0.13482,0.698039,-1.70474,-0.0827508,0.754459,-1.74713,0.0623968,0.654484,-1.70036,-0.139353,0.839827,-1.65791,0.0979602,0.712678,-1.59088,-0.034367,0.739974,-1.63473,-0.043705,0.877104,-1.48653,-0.0436727,0.77962,-1.53979,0.435025,0.0327527,0.178359,0.322307,-0.495134,-0.359403,-0.357338,2.13912,-0.749303,-0.558809,-0.736161,0.157226,
-1.95534,0.704467,4.01739,1.86435,-0.0335744,5.51102,-4.04165,7.05997,10.3786,4.57721,-2.12078,3.71637,0,0,0,0,0,0,0,0,0,0,0,0,0.14388,0.699167,-1.70137,-0.0759871,0.744262,-1.75485,0.0551182,0.689896,-1.72101,-0.15105,0.824794,-1.65554,0.105001,0.718495,-1.59756,-0.0217611,0.73245,-1.62552,-0.0541612,0.895548,-1.48059,-0.0491271,0.755897,-1.56116,0.400183,0.0686436,0.13506,0.30469,-0.43889,-0.337811,-0.329528,1.16614,-0.761792,-0.500279,-0.635113,0.0587626,
-2.08264,0.951286,3.45419,1.96658,0.261468,5.85396,-4.17551,7.70832,11.4387,4.70215,-2.38149,3.24809,0,0,0,0,0,0,0,0,0,0,0,0,0.15277,0.701305,-1.69885,-0.0688736,0.735345,-1.76166,0.0481341,0.707528,-1.73263,-0.160793,0.812081,-1.65511,0.111197,0.728178,-1.61005,-0.0109046,0.732285,-1.62232,-0.0636328,0.915853,-1.45811,-0.0529636,0.739024,-1.57398,0.419719,0.123629,0.0979122,0.352176,-0.383858,-0.280081,-0.295163,0.624668,-0.458183,-0.388988,-0.540792,-0.00290865,
-2.00295,1.71881,2.97174,2.05357,1.87667,5.9013,-4.3881,9.54394,13.4956,4.83444,-1.92216,3.6286,0,0,0,0,0,0,0,0,0,0,0,0,0.159315,0.703522,-1.6976,-0.0631873,0.729557,-1.7659,0.0437133,0.716523,-1.74053,-0.166455,0.80383,-1.65533,0.119198,0.750301,-1.62191,-0.00292155,0.767819,-1.62488,-0.0725806,0.968436,-1.41614,-0.0538353,0.743123,-1.56511,0.39825,0.152333,0.0559734,0.357061,-0.346209,-0.260459,-0.263655,0.53257,-0.519954,-0.329636,-0.506119,-0.0197067,
-1.4975,2.93131,1.28025,1.48432,4.0771,6.8935,-5.13296,12.6166,15.4982,5.15932,-1.04981,6.42776,0,0,0,0,0,0,0,0,0,0,0,0,0.16702,0.707124,-1.69672,-0.0559908,0.722969,-1.77152,0.0381352,0.727557,-1.75181,-0.173252,0.793681,-1.65591,0.137216,0.785698,-1.66413,-0.0111681,0.819359,-1.60558,-0.0962383,1.02756,-1.37726,-0.0517753,0.757695,-1.49618,0.305327,0.211625,0.0234627,0.30859,-0.2215,-0.255945,-0.241981,0.537665,-0.515897,-0.300273,-0.389612,-0.0386988,
-0.79416,2.44281,0.811091,1.02278,6.40629,6.83027,-5.4399,15.4163,18.5076,5.34535,0.113042,9.04113,0,0,0,0,0,0,0,0,0,0,0,0,0.171367,0.719158,-1.70119,-0.0486744,0.720619,-1.77673,0.0329354,0.744003,-1.76481,-0.180087,0.786628,-1.65569,0.152869,0.800968,-1.6915,-0.015152,0.880663,-1.60986,-0.107764,1.044,-1.31587,-0.0529955,0.783635,-1.42731,0.0542303,0.829609,-0.423361,0.318121,-0.00451373,-0.155231,-0.188093,0.823465,-0.550158,-0.261679,-0.232759,0.0938762,
-0.204638,1.78777,-0.0170352,0.762486,7.48148,6.97757,-5.62601,18.0727,20.88,4.9235,1.07019,9.98317,0,0,0,0,0,0,0,0,0,0,0,0,0.170354,0.735532,-1.70694,-0.0435272,0.723179,-1.77972,0.0306908,0.756054,-1.77137,-0.183237,0.78262,-1.65201,0.163588,0.809189,-1.72057,-0.0172145,0.919655,-1.61211,-0.112612,1.05605,-1.25533,-0.063757,0.801859,-1.39281,-0.0659733,1.15849,-0.528505,0.290023,0.377593,-0.272855,-0.106117,0.640071,-0.238607,-0.144303,-0.300616,0.384804,
0.563633,1.6422,-1.54874,1.18793,6.31567,7.73797,-5.81976,20.0275,22.7301,3.79438,1.72373,7.74228,0,0,0,0,0,0,0,0,0,0,0,0,0.166682,0.763264,-1.71907,-0.0396211,0.741856,-1.7844,0.0290775,0.766308,-1.77037,-0.185013,0.773877,-1.63797,0.17319,0.836977,-1.76873,-0.00807098,0.933619,-1.59161,-0.11798,1.06631,-1.1945,-0.0913267,0.804529,-1.42288,-0.303292,1.30631,-0.437779,0.0740709,1.35486,-0.0264975,-0.0625237,0.305337,0.305042,-0.0469409,-0.497615,0.861319,
1.42931,1.71427,-3.34602,2.16242,5.0247,9.47939,-6.15103,21.4321,24.8844,2.56749,1.45545,3.73956,0,0,0,0,0,0,0,0,0,0,0,0,0.160282,0.791704,-1.73678,-0.0402153,0.774375,-1.78735,0.0277194,0.770564,-1.75808,-0.185589,0.762493,-1.61549,0.184454,0.870703,-1.84666,0.0113856,0.937323,-1.54869,-0.127941,1.07056,-1.11684,-0.122053,0.786649,-1.49423,-0.462448,1.44569,-1.04916,-0.0983858,1.49323,0.067087,-0.075378,0.117481,0.765375,-0.026018,-0.489244,1.11096,
2.37752,1.55497,-4.60402,3.50829,4.64125,11.3799,-6.56474,22.1624,27.4288,1.68565,0.3283,0.0117146,0,0,0,0,0,0,0,0,0,0,0,0,0.147608,0.828077,-1.77257,-0.0436746,0.802049,-1.78877,0.0255046,0.772197,-1.74142,-0.185772,0.755311,-1.59504,0.193533,0.909115,-1.94814,0.0395723,0.937817,-1.50114,-0.142074,1.0722,-1.02852,-0.14378,0.756762,-1.56782,-0.540539,1.68655,-2.41863,-0.178409,0.789461,0.125244,-0.138415,0.0451191,1.08739,-0.00599828,-0.270259,1.07695,
2.85859,1.19535,-4.85623,4.52673,4.33454,12.3492,-6.25294,22.2014,27.5443,0.80387,-0.742426,-1.23577,0,0,0,0,0,0,0,0,0,0,0,0,0.139559,0.863198,-1.83923,-0.0489364,0.81383,-1.78376,0.0209435,0.77141,-1.70556,-0.18297,0.753953,-1.5772,0.204011,0.93931,-2.06611,0.0547452,0.935459,-1.46867,-0.143766,1.07141,-0.974705,-0.153391,0.737819,-1.59957,-0.2805,1.84913,-4.21877,-0.379469,0.5306,0.254207,-0.335447,-0.130344,1.6898,0.379274,0.0970866,0.341218,
3.15649,0.176453,-4.29237,5.27044,3.57902,12.3963,-5.21095,22.029,26.1746,-0.238983,-1.22502,-0.230817,0,0,0,0,0,0,0,0,0,0,0,0,0.137988,0.900063,-1.93971,-0.0575411,0.823414,-1.78032,0.0134052,0.769008,-1.6752,-0.171021,0.755338,-1.57374,0.219071,0.945498,-2.17349,0.058534,0.928784,-1.46475,-0.130381,1.06901,-0.968888,-0.152678,0.72431,-1.58167,0.0868103,1.64094,-5.05907,-0.62743,0.635798,0.226599,-0.54049,-0.185192,2.07788,0.972726,-0.0161014,-0.0861941,
2.56809,-0.340234,-3.83334,5.87212,2.65136,11.4447,-4.05971,21.0542,21.9963,-1.07119,-1.28907,0.808886,0,0,0,0,0,0,0,0,0,0,0,0,0.143972,0.921441,-2.0206,-0.0734362,0.839105,-1.77305,-0.000222303,0.766567,-1.62487,-0.147778,0.750802,-1.5789,0.224229,0.941771,-2.25155,0.0559034,0.924437,-1.47586,-0.116232,1.06657,-1.01446,-0.147758,0.706918,-1.56058,0.642204,1.15344,-5.40448,-0.698539,0.761909,0.442828,-0.580667,-0.0165293,2.41973,1.07197,-0.466298,-0.0759874,
1.08701,-1.09813,-1.93834,5.7587,1.63719,10.4205,-3.46915,18.8028,17.2736,-1.2539,-1.62295,1.07524,0,0,0,0,0,0,0,0,0,0,0,0,0.166319,0.937263,-2.14195,-0.0860588,0.857481,-1.75976,-0.00952335,0.773678,-1.57165,-0.127604,0.734108,-1.57187,0.224685,0.918203,-2.32538,0.047158,0.920953,-1.4807,-0.102319,1.07368,-1.08152,-0.143118,0.672913,-1.53199,1.24765,0.335698,-5.3987,-0.430024,0.901666,0.742038,-0.242664,0.747712,2.33196,0.63333,-0.824825,0.5199,
0.19923,-1.21471,-1.13112,5.01439,0.401599,9.73004,-3.18104,14.1913,11.6755,-0.97818,-1.78632,1.1307,0,0,0,0,0,0,0,0,0,0,0,0,0.192777,0.937067,-2.24194,-0.0918037,0.879401,-1.73948,-0.0115016,0.794497,-1.52803,-0.122234,0.721089,-1.56193,0.224834,0.898857,-2.37457,0.0317089,0.915551,-1.4699,-0.0916926,1.0945,-1.14223,-0.141897,0.64997,-1.50716,1.08303,-0.313704,-4.17412,-0.0738829,1.0444,1.05336,-0.0265979,1.93528,3.75661,0.191644,-1.05843,1.06009,
-0.0125101,-0.527717,-0.585664,4.31377,-0.86595,10.134,-3.9296,6.79229,8.51576,-0.569334,-1.95309,0.492524,0,0,0,0,0,0,0,0,0,0,0,0,0.208366,0.927502,-2.30533,-0.0895884,0.899704,-1.71788,-0.00806201,0.865791,-1.44387,-0.123677,0.7016,-1.54192,0.224545,0.895615,-2.40159,0.0249835,0.906456,-1.43247,-0.0994121,1.13527,-1.16639,-0.142473,0.634915,-1.51001,0.659691,-0.747744,-3.26482,0.269106,1.13601,1.28236,0.275596,3.98703,2.58376,-0.182518,-0.714311,0.783879,
-0.203289,0.750973,3.56457,2.09667,-2.95333,9.52079,-3.56032,-6.66022,3.36359,-0.282124,-2.12398,-2.49269,0,0,0,0,0,0,0,0,0,0,0,0,0.219219,0.910913,-2.36572,-0.0734294,0.925427,-1.68448,-0.0124763,0.976325,-1.33292,-0.126686,0.686778,-1.52827,0.222671,0.912591,-2.33295,0.00627333,0.881346,-1.40384,-0.119714,0.952815,-1.10241,-0.135496,0.618248,-1.58368,0.341353,-0.68386,-2.25377,1.09144,1.19007,1.70487,-0.729168,5.71981,5.85701,-0.0702989,-0.617224,0.276002,
-0.306809,3.22634,8.6445,0.700796,-6.01926,8.18077,-2.93101,-11.5777,1.53692,0.62709,-1.21583,-2.88739,0,0,0,0,0,0,0,0,0,0,0,0,0.222489,0.901152,-2.37848,-0.0471788,0.952291,-1.64633,-0.0406205,1.06662,-1.18376,-0.125461,0.665401,-1.53529,0.213587,0.976374,-2.13906,-0.00312218,0.832264,-1.40168,-0.139997,0.835249,-1.01023,-0.106234,0.603459,-1.6358,-0.0492581,-0.217439,0.932298,1.06147,1.21816,1.6049,-1.04403,2.32298,5.40435,0.14198,-1.26185,-1.13301,
-0.777756,5.72044,11.7264,1.03781,-7.94762,9.12496,-3.18341,-9.07094,1.74045,1.40577,-0.479831,-0.460382,0,0,0,0,0,0,0,0,0,0,0,0,0.218843,0.903135,-2.33141,-0.0358142,0.971129,-1.6257,-0.0482164,1.09103,-1.13229,-0.121357,0.64134,-1.5622,0.190945,1.05942,-1.90291,-0.00067129,0.799842,-1.37278,-0.136733,0.880867,-1.0193,-0.0743589,0.587166,-1.63031,-0.338133,0.530905,5.41359,0.367903,1.09614,0.992151,-0.357251,0.664435,2.77907,0.474151,-1.68709,-2.26388,
-1.44239,3.69791,13.1543,-0.0653756,-10.0026,6.29555,-1.80735,-7.43534,-2.86285,0.535792,1.11482,3.29352,0,0,0,0,0,0,0,0,0,0,0,0,0.206988,0.935667,-2.14534,-0.0325998,0.992381,-1.61023,-0.0559902,1.08693,-1.06789,-0.100121,0.600365,-1.60765,0.152524,1.08839,-1.5434,-0.0311352,0.764117,-1.43718,-0.108852,0.888144,-1.06598,-0.0519084,0.581222,-1.56211,-0.736155,2.41083,10.9237,0.123958,0.872088,0.626725,-0.307116,-0.515912,2.93914,1.39271,-1.88053,-1.47177,
-2.0589,-2.20618,14.9669,-2.37135,-11.8917,-0.173212,0.728813,-6.29503,-7.06606,-0.0737964,2.21584,8.19778,0,0,0,0,0,0,0,0,0,0,0,0,0.185094,0.991293,-1.8657,-0.0299638,1.01098,-1.59986,-0.0625527,1.07578,-1.01728,-0.0661168,0.564231,-1.611,0.103947,0.990763,-1.10744,-0.0873938,0.735001,-1.59643,-0.0540899,0.903792,-1.16353,-0.0296174,0.585201,-1.37677,-1.18697,2.18502,15.3635,0.0741449,0.85266,0.31067,-0.390302,-0.584292,1.2162,1.53377,-1.37705,1.1714,
-2.48964,-10.6077,15.8767,-3.03398,-12.5077,-4.5249,3.78986,-5.01075,-9.68474,-0.671585,1.74334,10.918,0,0,0,0,0,0,0,0,0,0,0,0,0.154347,1.00969,-1.49175,-0.0365802,1.02749,-1.61097,-0.0676985,1.06637,-1.03158,-0.0358655,0.539731,-1.53576,0.0544391,0.719921,-0.600939,-0.135729,0.728116,-1.76215,0.0261744,0.932902,-1.33158,-0.0234215,0.557888,-1.11204,-1.50666,-0.982933,19.7557,-0.931963,0.532892,-1.52235,-0.0349439,-0.328035,-2.56709,1.16935,-1.01707,6.0304,
-4.74457,-6.71149,18.7662,-1.88358,-7.11019,-3.23408,7.03457,-1.69429,-11.6608,1.98069,7.66643,21.6305,0,0,0,0,0,0,0,0,0,0,0,0,0.139421,0.997626,-1.24427,-0.0744438,0.978564,-1.6455,-0.0682425,1.05034,-1.12909,-0.0349069,0.531131,-1.47507,0.0284613,0.834377,-0.621956,-0.182589,0.679457,-1.79191,0.104607,0.968855,-1.42909,-0.0107022,0.719763,-0.903961,0.306162,0.181554,6.1262,-2.44223,-4.85408,-2.62225,-0.120592,-1.56512,-7.01639,-1.0125,-0.121153,1.21384,
-7.08255,-8.03281,2.00843,-0.529314,-3.53793,-0.121229,5.8586,-1.2441,-12.3342,3.92751,13.8996,22.9478,0,0,0,0,0,0,0,0,0,0,0,0,0.171191,1.00252,-1.09215,-0.119753,0.832841,-1.71009,-0.0550233,0.993948,-1.28348,-0.069382,0.529531,-1.45968,0.0421174,0.785272,-0.784652,-0.171326,0.557938,-1.788,0.135655,0.890912,-1.58348,-0.0104223,0.829531,-0.859717,1.91962,-0.657265,10.2914,-1.53361,-7.45819,-2.99539,1.76851,-2.87734,-7.02237,-1.56913,-0.141632,1.05077,
-3.78498,-12.9855,-1.3798,0.125695,-3.36445,2.52816,1.28966,-3.59556,-9.15161,1.59571,13.9116,20.6982,0,0,0,0,0,0,0,0,0,0,0,0,0.179212,0.944622,-0.874623,-0.13349,0.712759,-1.7511,-0.00694838,0.945696,-1.38964,-0.0854553,0.523257,-1.42583,0.061542,0.562415,-0.62444,-0.139892,0.435545,-1.73646,0.121968,0.779147,-1.68964,-0.0579627,0.823257,-0.859011,-0.921811,-2.3028,11.3872,-0.381795,-7.72412,-1.94263,3.867,-3.06641,-7.22613,-0.496007,-0.554382,1.97442,
-2.02779,-15.0926,4.39432,1.03151,-0.0257087,7.14045,-0.866645,-5.78896,-3.85748,0.422039,15.1563,16.5998,0,0,0,0,0,0,0,0,0,0,0,0,0.160746,0.919264,-0.782241,-0.1363,0.550909,-1.77093,0.0826743,0.871636,-1.54291,-0.0890689,0.507857,-1.37463,0.0966726,0.524723,-0.659555,-0.113429,0.369819,-1.58714,0.147036,0.626907,-1.80612,-0.0851984,0.807857,-0.893905,-0.53515,-0.689044,0.513111,-0.116667,-7.21786,0.211159,3.44111,-4.00021,-6.67074,-0.26722,-0.817341,2.62914,
-0.387303,-19.0707,0.896443,2.70175,1.37162,10.7012,-1.4195,-2.51367,2.55801,-1.76423,11.6905,4.26963,0,0,0,0,0,0,0,0,0,0,0,0,0.159947,0.91846,-0.791242,-0.137534,0.407005,-1.72053,0.134483,0.762912,-1.67925,-0.103454,0.50173,-1.29764,0.154003,0.444595,-0.785983,-0.0685216,0.295411,-1.3395,0.140422,0.552826,-1.76663,-0.170489,0.80173,-1.06238,0.149558,0.116043,-0.686086,0.0587527,-5.83541,4.54005,1.65705,-5.88976,-6.05324,-0.917189,0.568395,5.14112,
0.836379,-17.966,-9.71902,4.00693,1.62334,17.0785,-4.66689,2.47844,10.0626,-3.31054,2.387,-5.19387,0,0,0,0,0,0,0,0,0,0,0,0,0.164047,0.919426,-0.805357,-0.136313,0.317632,-1.61839,0.155791,0.626734,-1.76728,-0.128413,0.558712,-1.19297,0.195282,0.470277,-1.06281,-0.0441446,0.313999,-1.16125,0.055069,0.53533,-1.56319,-0.237734,0.733142,-1.20664,0.413017,1.82103e-06,-0.579192,-0.320186,-1.76865,1.207,0.638013,-6.1346,-1.89912,-1.0623,4.59019,4.64687,
1.95256,-6.04988,-21.3395,5.22545,2.83171,20.6411,-10.0399,11.7861,21.5602,-3.60438,-0.237615,-8.96251,0,0,0,0,0,0,0,0,0,0,0,0,0.182478,0.912759,-0.828607,-0.147179,0.317881,-1.65369,0.15506,0.516058,-1.76321,-0.142327,0.648146,-1.13673,0.261651,0.745706,-1.12861,-0.027256,0.406628,-1.18831,-0.11703,0.710701,-1.14506,-0.256196,0.792771,-1.32307,1.21439,-0.632222,-2.14419,-0.428529,0.718171,-2.02592,-0.843682,-4.00039,3.16578,-0.950372,6.0226,1.50898,
3.40357,7.37744,-26.1771,5.81918,4.0989,17.9122,-9.9444,11.0896,20.0649,-1.42099,-0.0395079,-5.54023,0,0,0,0,0,0,0,0,0,0,0,0,0.205894,0.912665,-0.878313,-0.149873,0.331955,-1.67701,0.126399,0.478205,-1.61774,-0.170194,0.768361,-1.1571,0.330029,1.13112,-1.17831,-0.00467913,0.461762,-1.25488,-0.195174,0.735381,-0.820761,-0.249211,0.895759,-1.38073,1.56182,1.36068,-4.62204,-0.0114438,1.09337,-1.02677,-2.91851,-0.802588,11.8143,-1.73972,5.13541,-3.40482,
1.17256,9.46803,-22.5462,2.6742,4.15477,12.6991,-3.24642,-0.891102,7.17244,-0.211708,-0.831238,-4.29743,0,0,0,0,0,0,0,0,0,0,0,0,0.249534,0.95948,-1.05781,-0.12918,0.3665,-1.67884,0.0283493,0.516926,-1.2062,-0.215855,0.877826,-1.27251,0.335263,1.25948,-1.35781,-0.01612,0.514763,-1.3431,-0.168918,0.576972,-0.534492,-0.265611,0.959296,-1.50543,2.25662,3.64912,-8.32086,1.84819,1.77577,0.730259,-4.64425,3.29295,19.6959,-1.77853,4.09006,-5.01947,
1.71975,11.6948,-22.0189,5.4359,5.53499,13.6845,-6.31081,3.22893,20.9926,1.32128,-2.0553,-5.33701,0,0,0,0,0,0,0,0,0,0,0,0,0.281974,1.05187,-1.21991,-0.100458,0.401707,-1.66047,-0.0203361,0.589461,-1.0285,-0.248826,0.940623,-1.37417,0.341376,1.35187,-1.51991,0.0484999,0.578789,-1.30136,-0.198954,0.735406,-0.451749,-0.250837,0.948623,-1.64912,0.656318,5.3677,-8.61341,0.522404,1.54827,0.680195,-0.833909,2.6089,2.07759,-1.40171,2.37529,-5.66096,
2.69647,13.3269,-22.2654,7.85626,7.66863,17.7502,-6.74933,4.46896,20.9321,0.510412,-0.195823,-5.49592,0,0,0,0,0,0,0,0,0,0,0,0,0.285903,1.14943,-1.35625,-0.101868,0.423216,-1.65218,-0.0328831,0.612895,-0.997623,-0.261756,0.963277,-1.47495,0.354086,1.44943,-1.65625,0.0877802,0.639581,-1.19862,-0.217317,0.740548,-0.421039,-0.249483,0.974336,-1.77373,0.0308348,5.95393,-7.88836,-0.270322,0.985966,0.392072,-0.628031,0.637134,2.13131,-0.0194858,0.638178,-6.4552,
2.18463,10.2237,-19.8038,8.15916,8.30289,20.1159,-6.67486,0.458495,14.0358,-1.41926,-0.134565,-2.30454,0,0,0,0,0,0,0,0,0,0,0,0,0.28813,1.3015,-1.53481,-0.108151,0.442729,-1.63755,-0.0464905,0.6238,-0.90637,-0.24261,0.964978,-1.64224,0.35069,1.6015,-1.83481,0.0927541,0.669234,-1.11074,-0.225534,0.653814,-0.421087,-0.246618,0.957993,-1.87683,0.31774,6.51314,-6.91559,-0.122934,0.757319,0.956483,-0.486892,0.742036,5.37547,1.25893,-0.144843,-7.07904,
-0.582822,2.20719,-15.1218,5.17303,6.47031,14.7878,-5.45648,-6.03522,12.9144,-1.63182,-1.626,-1.57574,0,0,0,0,0,0,0,0,0,0,0,0,0.307762,1.45046,-1.67654,-0.094191,0.4649,-1.59865,-0.0673805,0.659605,-0.765037,-0.219277,0.961234,-1.77331,0.322977,1.69558,-1.97654,0.0711825,0.65799,-1.16407,-0.242616,0.589341,-0.387049,-0.239145,0.917976,-1.94982,1.19141,7.59762,-7.33151,1.44191,1.25329,2.59563,-1.55296,3.22466,2.20515,0.837115,-0.104323,-5.48447,
-1.87714,-6.98626,-8.88124,2.05376,5.69562,7.90885,-2.65611,-5.02995,17.3108,-0.260931,-2.18014,-2.44342,0,0,0,0,0,0,0,0,0,0,0,0,0.325846,1.5995,-1.8239,-0.0589806,0.493086,-1.53578,-0.111957,0.716233,-0.766027,-0.212208,0.955332,-1.84973,0.289591,1.60482,-2.1239,0.0385443,0.672638,-1.25197,-0.245844,0.633485,-0.354707,-0.2147,0.883209,-2.02418,0.426945,7.19915,-7.57482,1.84724,1.48646,3.44361,-2.69939,1.72006,-0.85798,0.161239,-0.704806,-4.53471,
-2.88892,-12.8962,-2.34487,-0.295837,4.28213,-0.633882,1.24188,-1.18342,17.8339,0.829691,-2.29041,-2.71641,0,0,0,0,0,0,0,0,0,0,0,0,0.331216,1.69376,-1.94418,-0.0272245,0.523037,-1.46909,-0.163908,0.723576,-0.782101,-0.214095,0.930232,-1.93366,0.262061,1.44934,-2.17423,0.00459947,0.679808,-1.37978,-0.208669,0.682773,-0.356403,-0.196506,0.837214,-2.09638,0.122727,3.11921,-6.85712,1.5688,1.98872,4.20638,-3.03234,-0.448666,-0.805988,-0.126126,-1.43031,-3.79218,
-3.6842,-15.8954,11.5981,-0.88459,2.44785,-6.40734,4.76556,-2.65044,13.8361,1.46358,-1.49074,1.74257,0,0,0,0,0,0,0,0,0,0,0,0,0.327576,1.66694,-2.07785,-0.00426647,0.584983,-1.40248,-0.218045,0.726106,-0.795747,-0.215025,0.88867,-2.02108,0.220347,1.14681,-1.91369,-0.0155729,0.73182,-1.52617,-0.138128,0.705715,-0.46186,-0.17647,0.791951,-2.07725,-0.604957,-4.90969,-5.03172,0.432334,3.42561,1.45958,-1.56888,1.83481,-0.480593,0.0786246,-2.37804,-3.98939,
-4.34041,-12.2497,26.2675,-2.24925,-0.219024,-11.9589,7.18847,-6.3161,7.488,1.62151,1.64501,6.82252,0,0,0,0,0,0,0,0,0,0,0,0,0.311779,1.47568,-2.08515,-0.00122001,0.668472,-1.42133,-0.237115,0.774002,-0.803543,-0.206016,0.830738,-2.07783,0.186489,0.866227,-1.29893,-0.0570596,0.766149,-1.72133,-0.0687597,0.669081,-0.623661,-0.14593,0.80232,-1.93623,-0.671194,-12.1282,5.18151,0.0156646,4.12609,-3.37617,-0.454272,2.11923,-0.29274,0.781922,-2.78173,-1.15838,
-3.50023,-6.00858,33.3863,-4.93249,-2.51733,-18.0333,10.0165,-10.5968,-1.0629,0.55391,5.94638,9.05161,0,0,0,0,0,0,0,0,0,0,0,0,0.295779,1.26385,-1.92751,-0.00390792,0.729011,-1.4946,-0.240568,0.804481,-0.807965,-0.187636,0.791323,-2.07251,0.187573,0.735939,-0.660036,-0.137903,0.758614,-1.7946,0.00734501,0.581559,-0.842312,-0.139963,0.886752,-1.78837,-0.828031,-15.108,17.3126,-0.427296,3.70143,-6.58746,-0.0999619,1.6799,-0.311011,1.35301,-2.12921,2.31375,
-3.51159,-8.9465,33.5,-6.73371,-1.9269,-21.3157,13.6011,-8.74855,-19.3581,2.27031,2.72531,7.35772,0,0,0,0,0,0,0,0,0,0,0,0,0.267719,0.990408,-1.51904,-0.0298227,0.78571,-1.6507,-0.237187,0.831902,-0.815327,-0.153841,0.769832,-1.97349,0.143446,0.666316,-0.271303,-0.253847,0.771544,-1.9507,0.0927867,0.645911,-1.11533,-0.070598,0.849818,-1.62985,-1.45934,-4.01719,8.71718,-2.22726,1.36028,-6.47305,-0.402145,1.30889,-0.394942,1.0594,0.474111,6.38766,
-1.58086,-17.6137,33.5,-3.16226,0.109453,-20.323,16.828,-4.77931,-30.4238,5.484,-2.52332,5.67751,0,0,0,0,0,0,0,0,0,0,0,0,0.223474,1.01976,-1.46453,-0.0976596,0.795011,-1.78555,-0.253952,0.879623,-0.867418,-0.139473,0.805206,-1.80571,0.119916,0.649029,-0.426561,-0.267942,0.797849,-2.08555,0.161882,0.828017,-1.16742,0.0134301,0.792114,-1.45059,-2.56144,2.78452,2.06471,-3.64904,0.00407925,-6.57378,-0.194675,2.71509,-4.86774,0.632121,1.99963,8.52731,
-0.485879,-18.9242,25.9405,-1.11427,2.43626,-17.9164,16.1698,-3.3214,-30.9988,3.44833,-6.20033,9.10465,0,0,0,0,0,0,0,0,0,0,0,0,0.172282,1.06608,-1.35851,-0.166181,0.789449,-1.93087,-0.257995,0.940613,-0.947717,-0.116858,0.832888,-1.66992,0.115017,0.625232,-0.528741,-0.252105,0.845994,-2.23087,0.160167,0.972045,-1.24772,0.0280116,0.704011,-1.2068,-1.8047,1.29028,7.25034,-2.32272,-0.174483,-6.94533,0.556646,4.57869,-5.57805,2.34645,1.04526,9.42036,
0.820273,-15.7078,10.201,1.92057,1.36328,-14.5986,10.1891,-6.8822,-23.0165,-0.252599,-5.79273,9.54371,0,0,0,0,0,0,0,0,0,0,0,0,0.145179,1.06603,-1.12633,-0.20235,0.794611,-2.03784,-0.193385,1.02782,-1.05998,-0.0487477,0.834811,-1.46309,0.143531,0.643028,-0.540716,-0.181339,0.850063,-2.33784,0.184155,0.941788,-1.35998,0.0228922,0.656536,-0.950797,-0.886194,-1.21232,13.2235,-1.08014,0.854809,-7.31112,4.91255,3.44074,-5.25924,3.1182,-1.33827,10.948,
0.0435998,-14.3414,1.74623,3.72432,-2.22848,-1.95583,0.174107,-11.1045,-11.3285,0.864668,-3.86945,10.9946,0,0,0,0,0,0,0,0,0,0,0,0,0.139078,1.01091,-0.868048,-0.212533,0.810789,-2.19467,-0.0249517,1.04686,-1.17252,5.02614e-05,0.789627,-1.22379,0.154959,0.499849,-0.366966,-0.114608,0.777787,-2.42088,0.206409,0.736889,-1.47252,0.0370885,0.675942,-0.746289,0.591614,-6.10091,18.2971,0.192684,0.90841,-7.09263,9.08031,-1.2942,-5.78303,0.616861,-0.677975,8.1053,
-2.94134,-7.95948,17.2913,0.20955,-2.45737,13.1551,-6.52699,-5.54478,-3.23555,4.91618,2.07637,10.7089,0,0,0,0,0,0,0,0,0,0,0,0,0.175712,0.860369,-0.718272,-0.177318,0.803151,-2.34493,0.171529,0.929497,-1.31839,-0.0137092,0.815241,-1.14262,0.152588,0.536402,-0.29339,-0.115104,0.704488,-2.15094,0.164506,0.595608,-1.5516,0.0900355,0.867168,-0.793723,2.01638,-4.99917,-0.295973,2.27898,-1.48915,-5.39531,6.24604,-7.81079,-6.09272,-0.766391,0.000710689,3.24678,
-1.5325,-1.3107,17.8518,0.204617,0.164976,11.5649,-6.69956,1.48638,3.26126,3.25592,5.39556,5.20759,0,0,0,0,0,0,0,0,0,0,0,0,0.208661,0.786326,-0.745721,-0.145349,0.756647,-2.35013,0.235052,0.790536,-1.41165,-0.028192,0.800785,-1.07795,0.196544,0.633005,-0.33953,-0.118059,0.687342,-1.93551,0.12718,0.598548,-1.47727,0.0315932,0.908818,-0.840016,1.04782,-4.82218,-1.60422,0.886991,-2.93719,5.02001,2.38465,-9.16591,-5.88607,-0.864507,-1.07423,4.30995,
0.0395877,1.27345,7.51502,0.657515,1.91364,11.4251,-5.94302,8.2259,11.2862,0.00745332,2.05814,1.88639,0,0,0,0,0,0,0,0,0,0,0,0,0.219928,0.697899,-0.775164,-0.134354,0.713636,-2.23099,0.246014,0.618879,-1.50582,-0.040994,0.792303,-0.991843,0.22634,0.663849,-0.61442,-0.108159,0.699164,-1.69654,0.0761791,0.635992,-1.29154,-0.054531,0.858726,-0.845314,0.216917,-2.63544,-1.08525,0.390292,-2.49251,9.95294,-0.850378,-7.54136,-2.71527,-0.548933,0.598752,3.97479,
0.941643,0.996019,-6.33389,2.73449,1.54021,11.4491,-3.51113,9.61661,17.9433,-3.36144,-2.33619,-0.323056,0,0,0,0,0,0,0,0,0,0,0,0,0.217479,0.661145,-0.790815,-0.127291,0.674812,-1.98828,0.202632,0.507342,-1.5003,-0.04593,0.829233,-0.908475,0.231943,0.639441,-0.973403,-0.0540909,0.683974,-1.39012,0.0446607,0.674922,-0.9557,-0.139224,0.821702,-0.825325,-0.363107,-1.86415,-0.969631,0.193513,-1.17375,12.4774,-2.80771,-2.91344,3.84077,-0.370303,2.03497,3.64906,
-0.80209,-4.57381,-11.4223,3.08884,-0.181518,8.2111,-0.063133,4.43765,11.4958,-2.49242,-5.04073,-2.01109,0,0,0,0,0,0,0,0,0,0,0,0,0.209814,0.643234,-0.849986,-0.116548,0.65705,-1.68729,0.133693,0.488921,-1.30593,-0.0671415,0.866369,-0.842814,0.184481,0.529551,-1.14999,-0.0161122,0.633175,-1.10322,0.052676,0.61084,-0.680127,-0.171094,0.767044,-0.830431,-0.211239,0.0265,-4.96934,0.928598,-0.773458,15.1518,-3.17754,0.439089,13.5363,-1.66568,1.06772,2.50641,
-3.58804,-7.61098,-9.53911,2.49342,-1.22016,8.61881,1.16834,-2.56212,5.06517,-0.193979,-6.94505,-3.43434,0,0,0,0,0,0,0,0,0,0,0,0,0.210769,0.63861,-0.979197,-0.0831377,0.6424,-1.37809,0.0686396,0.519043,-0.984888,-0.111916,0.873443,-0.821928,0.125728,0.427718,-1.2792,0.0186905,0.60674,-0.876933,0.0369641,0.490198,-0.465757,-0.168173,0.686665,-0.907554,0.186389,-0.824705,-6.93951,1.57971,-0.206249,11.4274,-2.43536,1.40833,15.7,-2.05627,-0.526058,0.00930492,
-1.79571,-3.55825,-11.0342,6.27881,-0.467008,15.0063,-4.03938,3.97828,16.8285,-1.7837,-4.29743,-9.84009,0,0,0,0,0,0,0,0,0,0,0,0,0.211635,0.599547,-1.09848,-0.0668274,0.687236,-1.34187,0.0453893,0.553916,-0.812442,-0.134151,0.845257,-0.829956,0.153151,0.423601,-1.39848,0.104765,0.761547,-1.00668,-0.0657861,0.704631,-0.296436,-0.191015,0.672154,-1.10066,-0.543629,-3.47957,-6.89677,0.584877,3.43947,-1.59894,-0.407634,2.05035,3.81177,-0.490852,-2.62668,-0.988256,
0.201521,1.02958,-9.01834,6.18245,-1.09525,11.2517,-6.21505,3.51793,21.8963,-2.59215,-2.32216,-9.01991,0,0,0,0,0,0,0,0,0,0,0,0,0.183841,0.50391,-1.25682,-0.0503777,0.766319,-1.38442,0.050131,0.612181,-0.792664,-0.135596,0.785586,-0.923004,0.148279,0.414452,-1.55682,0.128474,0.826666,-1.14114,-0.0921535,0.777021,-0.249869,-0.201772,0.68561,-1.223,-1.62401,-4.6079,-7.24983,0.971608,3.50914,-1.52073,0.523675,3.07568,-0.184473,-0.0548769,-1.67686,-6.81912,
0.318772,1.27117,-3.76534,3.22673,-2.38662,7.32151,-5.20153,-0.0284393,18.9897,-0.709677,-1.3063,-10.0887,0,0,0,0,0,0,0,0,0,0,0,0,0.147281,0.414669,-1.41795,-0.0214509,0.836348,-1.40025,0.0649169,0.686055,-0.799479,-0.145063,0.775057,-1.07459,0.111146,0.363518,-1.70266,0.0938022,0.852082,-1.22284,-0.0510997,0.775532,-0.331954,-0.183393,0.7099,-1.37459,-1.76416,-3.31722,-7.62313,1.38339,3.01595,-0.224866,0.560865,3.60753,-0.288721,-0.823535,-1.29997,-6.85156,
0.352685,1.63872,5.70421,0.0617694,-4.28891,2.94012,-3.23111,-0.951893,15.3441,1.05593,-0.574042,-7.91521,0,0,0,0,0,0,0,0,0,0,0,0,0.109947,0.357428,-1.57942,0.00897014,0.899393,-1.39616,0.071326,0.744543,-0.803182,-0.159219,0.7466,-1.18519,0.0802653,0.345582,-1.61558,0.046481,0.861575,-1.31161,-0.00146315,0.811276,-0.424519,-0.152002,0.68912,-1.48519,-1.53997,-2.11257,-7.15085,1.43867,2.77619,0.441986,0.319542,3.62123,-0.197542,-0.767274,-1.72516,-7.80075,
-0.035769,7.03972,13.7636,-1.92803,-5.6145,-3.11471,-0.470005,-4.76221,11.0022,2.66925,0.82823,-1.52746,0,0,0,0,0,0,0,0,0,0,0,0,0.0825657,0.315342,-1.65793,0.0291187,0.942795,-1.38818,0.070882,0.821071,-0.806287,-0.169484,0.704741,-1.33883,0.0564625,0.442912,-1.37233,0.00722864,0.870097,-1.45574,0.059167,0.78971,-0.53524,-0.107699,0.678236,-1.54272,-1.00836,-1.93689,-2.33947,1.05243,2.70657,0.41221,0.00140607,3.50778,-0.160253,-0.197882,-1.88843,-6.62812,
1.07245,13.614,18.8612,-3.9625,-7.92302,-9.41663,1.17618,-10.4029,6.57816,2.98087,4.63071,2.70924,0,0,0,0,0,0,0,0,0,0,0,0,0.0710352,0.298191,-1.63267,0.0446062,1.00248,-1.38884,0.0684291,0.893602,-0.809383,-0.164935,0.665769,-1.46129,0.086895,0.598191,-1.02801,-0.0478308,0.872741,-1.64936,0.0941577,0.705733,-0.648841,-0.0722504,0.742589,-1.51147,-0.438054,-0.416136,5.32542,0.265022,2.73343,-1.00444,-0.147037,2.88814,-0.156503,0.726538,-1.55791,-4.7165,
1.31524,9.24824,20.227,-2.42674,-4.9681,-6.47615,1.08777,-13.5291,0.0283454,1.95663,2.87494,3.76266,0,0,0,0,0,0,0,0,0,0,0,0,0.0714451,0.329874,-1.39307,0.0213945,1.01633,-1.47027,0.0649548,0.951799,-0.81368,-0.131629,0.646164,-1.53249,0.110119,0.629874,-0.705648,-0.0894316,0.863403,-1.77027,0.0851343,0.668637,-0.817659,-0.040679,0.721894,-1.46897,0.231726,3.37152,7.26983,-2.0063,-1.14904,-6.06979,-0.280589,2.20268,-0.187528,1.68136,0.154264,-1.22217,
2.73804,10.2652,29.8278,-1.8367,-4.7551,-4.03581,2.50902,-17.2164,-6.75972,4.53395,3.09896,6.79597,0,0,0,0,0,0,0,0,0,0,0,0,0.0643277,0.431327,-1.42687,-0.0178199,0.979637,-1.57645,0.0548494,0.983078,-0.817212,-0.109046,0.65992,-1.53266,0.108181,0.731327,-0.779429,-0.130265,0.786988,-1.86,0.0948776,0.593175,-0.993264,0.0330987,0.768313,-1.33708,-0.983894,5.56399,-3.93008,-2.66111,-2.95087,-7.3061,-0.907895,1.62035,-0.282384,1.15184,1.23678,1.02737,
2.12471,11.6635,29.6275,-2.73461,-1.86053,-2.40631,4.03358,-15.7226,-15.2999,5.8467,-0.7392,14.0868,0,0,0,0,0,0,0,0,0,0,0,0,0.0423519,0.525211,-1.48287,-0.0680312,0.89489,-1.72067,0.0322964,1.02395,-0.824295,-0.0856156,0.697682,-1.48903,0.0716576,0.825211,-0.796395,-0.177332,0.730568,-1.93296,0.11986,0.671859,-1.1243,0.0668646,0.746885,-1.10782,-0.952479,4.79792,-2.16829,-1.63743,-4.71235,-6.08535,-0.531025,1.63893,-0.427716,0.252505,2.70731,1.16155,
-1.72139,12.264,25.0433,-4.74098,2.67209,-3.39308,3.95397,-9.34444,-18.7243,7.88912,-0.573104,20.6377,0,0,0,0,0,0,0,0,0,0,0,0,0.0411898,0.610022,-1.49663,-0.0834388,0.780935,-1.83075,0.0419777,1.04049,-0.854851,-0.10798,0.77842,-1.52147,0.0153438,0.910022,-0.85921,-0.207154,0.71394,-2.02672,0.172914,0.809101,-1.15485,0.0614348,0.84459,-1.04186,0.687554,3.0877,0.453597,-0.207608,-5.35189,-4.44595,1.28347,0.0888393,-3.68247,-1.11251,3.21988,-1.45356,
-4.10894,10.0598,18.2062,-4.30261,4.24365,-2.83739,2.29305,-3.80555,-16.9365,7.9693,2.07408,15.6971,0,0,0,0,0,0,0,0,0,0,0,0,0.0657726,0.664194,-1.46301,-0.0891143,0.683666,-1.93111,0.0879085,1.00909,-0.977224,-0.125962,0.82835,-1.52679,-0.00440098,0.964194,-0.948316,-0.209134,0.707724,-2.11971,0.210135,0.838673,-1.27722,0.057704,0.923006,-1.11857,1.30199,2.09925,2.38161,-0.498166,-3.28133,-4.70649,2.59602,-3.0113,-6.31051,-0.622654,1.71215,0.631604,
-6.25515,6.60451,12.3009,-3.23394,2.78144,-0.864935,0.725416,-2.49694,-16.0609,8.06813,3.02907,11.4761,0,0,0,0,0,0,0,0,0,0,0,0,0.0970468,0.709013,-1.39353,-0.108479,0.64772,-2.00356,0.13063,0.946105,-1.08268,-0.133954,0.853078,-1.50952,-0.0220579,0.927943,-0.994344,-0.218853,0.707383,-2.14504,0.21692,0.781941,-1.38268,0.0577317,0.969301,-1.19245,1.49096,2.15268,3.66662,-1.18101,-0.394938,-4.79424,2.72618,-4.0696,-7.45433,-0.400713,1.61984,1.20688,
-6.73719,0.374324,8.08399,-1.82453,0.832149,1.55964,-0.835476,-2.93653,-13.9342,7.83098,1.72666,5.97112,0,0,0,0,0,0,0,0,0,0,0,0,0.117078,0.744764,-1.31385,-0.132762,0.651822,-2.09066,0.185299,0.854289,-1.23591,-0.140424,0.890733,-1.47891,-0.0268703,0.811581,-0.967576,-0.223441,0.689465,-2.12876,0.218374,0.676545,-1.53591,0.0499212,0.98021,-1.29439,0.979258,2.29834,5.76711,-1.80263,0.673557,-3.08364,2.15847,-4.17326,-6.75812,-0.217173,1.85242,1.40957,
-6.07715,-6.69714,5.93613,-0.00692797,-1.96414,3.47639,-1.93133,-3.1657,-9.51396,7.35307,-1.07302,2.08669,0,0,0,0,0,0,0,0,0,0,0,0,0.136217,0.78538,-1.20418,-0.178677,0.669525,-2.12766,0.218082,0.759974,-1.39191,-0.144488,0.937083,-1.45292,-0.00336576,0.647832,-0.916183,-0.231499,0.637567,-2.05519,0.194122,0.566845,-1.69191,0.0369439,0.96712,-1.37625,0.493829,1.19524,5.58376,-2.10596,0.685808,-0.577544,0.972921,-4.55947,-7.34678,-0.095783,2.2745,0.9798,
-4.8682,-11.2017,3.05679,0.966833,-3.05352,4.89698,-2.15025,-1.45869,-3.23405,5.66268,-3.0839,1.20048,0,0,0,0,0,0,0,0,0,0,0,0,0.148615,0.801672,-1.08798,-0.21995,0.67033,-2.10972,0.221494,0.650836,-1.55048,-0.140189,0.98665,-1.43639,0.0392932,0.530383,-0.880043,-0.236836,0.57816,-1.93792,0.152934,0.481046,-1.81305,0.0195469,0.960984,-1.38695,0.495341,0.350115,5.26066,-1.6423,-0.633255,1.97504,-0.592158,-5.33293,-7.26862,0.726745,2.05724,0.777409,
-3.07819,-14.0611,-1.80017,1.5251,-2.25779,7.53487,-2.53757,1.9434,4.17263,3.63791,-4.06181,0.852569,0,0,0,0,0,0,0,0,0,0,0,0,0.157658,0.804165,-0.995496,-0.240809,0.648488,-2.05969,0.201444,0.554566,-1.66765,-0.129575,1.02151,-1.42823,0.0932675,0.449907,-0.911985,-0.225562,0.543539,-1.76904,0.0955408,0.469998,-1.72662,-0.0193957,0.957779,-1.39186,0.502589,-0.109247,5.14058,-0.915215,-1.94021,4.09085,-1.69855,-5.32611,-6.53145,0.769273,1.51248,0.602142,
-1.91804,-13.7813,-7.59309,2.58201,0.751233,7.65703,-1.67842,8.49983,11.3517,1.42034,-4.17546,-0.616023,0,0,0,0,0,0,0,0,0,0,0,0,0.172891,0.79116,-0.898357,-0.25073,0.589655,-1.92395,0.151707,0.445516,-1.7553,-0.12049,1.04781,-1.41832,0.145214,0.414938,-1.00209,-0.188511,0.533436,-1.54383,0.0437125,0.551243,-1.5036,-0.076077,0.960991,-1.41893,0.810966,-1.26757,3.4438,-0.0932615,-2.99997,7.54779,-2.64138,-4.27073,-1.2836,0.356165,0.70272,0.591384,
-1.76027,-9.01881,-10.6345,4.18369,2.26519,6.80541,-0.234912,13.4321,16.7387,-0.477227,-2.78665,-2.14113,0,0,0,0,0,0,0,0,0,0,0,0,0.195528,0.75579,-0.873388,-0.242643,0.532421,-1.74728,0.0934457,0.393778,-1.73854,-0.118411,1.05609,-1.41212,0.17458,0.451699,-1.16545,-0.118915,0.531844,-1.34386,0.0251991,0.689089,-1.21596,-0.126177,0.984724,-1.45701,0.922376,-3.14481,-1.0481,0.765425,-2.28827,9.33138,-2.49495,-1.61973,4.16472,0.166565,-0.0679874,0.345657,
-2.79618,-6.66166,-12.6844,4.88521,4.13693,6.42439,0.76369,9.55669,13.5959,-0.607006,-2.81416,-1.76112,0,0,0,0,0,0,0,0,0,0,0,0,0.217391,0.72006,-0.921441,-0.223706,0.506018,-1.60227,0.0551166,0.412332,-1.57747,-0.123361,1.06009,-1.41423,0.175355,0.483247,-1.22144,-0.0584232,0.576557,-1.19555,0.0241568,0.712332,-0.970392,-0.14802,0.99652,-1.47458,1.11475,-2.81087,-5.40708,1.7261,-1.31536,9.84442,-2.00208,2.53059,10.6873,-0.379377,0.271229,-0.65281,
-4.10085,-3.73126,-11.3766,5.09157,5.87352,9.98391,-1.11744,4.0638,11.5603,-0.947857,-4.55638,-3.43985,0,0,0,0,0,0,0,0,0,0,0,0,0.234921,0.625266,-1.09191,-0.167934,0.511488,-1.42919,0.0249119,0.509024,-1.26429,-0.133438,1.06987,-1.441,0.151693,0.429484,-1.39191,0.0053135,0.725288,-1.19191,-0.0108981,0.719682,-0.758256,-0.164965,0.967594,-1.55599,0.771753,-4.10003,-7.25147,1.83835,2.67848,-0.492782,-0.314964,4.36253,8.681,-0.313246,0.465354,-1.16002,
-0.932347,1.77268,-11.6187,8.66246,5.16187,14.1097,-4.45583,9.63174,23.5081,-2.12779,-2.83281,-6.87707,0,0,0,0,0,0,0,0,0,0,0,0,0.224059,0.524807,-1.23276,-0.146052,0.585662,-1.51455,0.0297256,0.588191,-1.2552,-0.135946,1.06759,-1.4724,0.156065,0.431048,-1.53276,0.0845329,0.81322,-1.29597,-0.0730852,0.888191,-0.714295,-0.188518,0.96459,-1.69708,-1.78738,-5.52301,-7.58244,0.560958,3.94047,-5.36628,0.343401,3.23203,-1.87194,0.0249003,-1.28729,-2.1101,
1.60606,4.48835,-10.5025,8.80746,1.51714,15.5506,-5.711,9.98226,19.7659,-2.33537,-1.36923,-4.5957,0,0,0,0,0,0,0,0,0,0,0,0,0.165906,0.412226,-1.39444,-0.136929,0.666375,-1.61717,0.0399456,0.632536,-1.27917,-0.133213,1.03071,-1.52876,0.131208,0.421089,-1.69444,0.0954109,0.791347,-1.32625,-0.0882347,0.932536,-0.803926,-0.188804,0.94143,-1.76677,-2.994,-4.13381,-7.64457,0.486147,3.48175,-3.91353,0.583786,2.10365,-0.756132,0.111742,-2.20184,-4.92453,
1.91993,2.97829,-9.35823,7.09048,1.26968,13.7596,-6.10614,9.02489,15.2786,-1.78053,-1.23061,-1.99738,0,0,0,0,0,0,0,0,0,0,0,0,0.117023,0.361,-1.52257,-0.122234,0.725214,-1.67034,0.0551671,0.675089,-1.27628,-0.13272,0.978244,-1.64649,0.102489,0.396193,-1.82257,0.0829516,0.835177,-1.38194,-0.0712231,0.951838,-0.878894,-0.178653,0.88628,-1.8312,-2.50129,-1.5706,-7.72326,1.11694,3.12885,-2.22335,1.05053,2.04508,0.616955,-0.0567949,-2.44794,-5.39113,
1.92134,0.220614,-4.94451,4.70802,0.8511,11.8706,-6.09771,6.94645,11.7073,-0.618379,-2.37766,0.137371,0,0,0,0,0,0,0,0,0,0,0,0,0.0711852,0.35326,-1.69471,-0.0909787,0.791802,-1.70098,0.0821968,0.727828,-1.25459,-0.138001,0.922407,-1.75425,0.0764147,0.364362,-1.99471,0.0660145,0.887426,-1.42478,-0.0379749,0.968855,-0.929964,-0.163363,0.797264,-1.85911,-1.71216,0.22346,-7.3506,1.57171,2.97384,-0.822617,1.29085,2.69463,1.27795,-0.39608,-2.62806,-4.33164,
1.50841,-0.185777,-0.0426707,3.11422,-0.0568037,10.3906,-5.48021,3.13785,7.91698,0.121434,-3.06189,1.56513,0,0,0,0,0,0,0,0,0,0,0,0,0.0503905,0.359115,-1.79722,-0.0653196,0.838686,-1.7077,0.101571,0.773458,-1.22586,-0.145462,0.879552,-1.8076,0.0616305,0.3667,-1.9721,0.0548931,0.910417,-1.45278,-0.0111564,0.928046,-0.951263,-0.152775,0.7289,-1.835,-1.05881,0.489191,-6.95238,1.69429,2.92604,-0.193611,0.971123,3.04566,3.06684,-0.413947,-2.96417,-2.66103,
0.773838,3.20649,7.41849,0.550501,-2.71551,6.75332,-3.87054,-3.56914,1.63436,1.16849,-1.45127,4.70376,0,0,0,0,0,0,0,0,0,0,0,0,0.0366996,0.364452,-1.92875,-0.0271848,0.903003,-1.70573,0.114558,0.844796,-1.13837,-0.151225,0.803925,-1.83871,0.0493757,0.444127,-1.84309,0.0292014,0.908069,-1.52943,0.0189531,0.832992,-0.978496,-0.125015,0.673325,-1.73101,-0.266796,-0.0194827,-3.99202,1.70495,2.91813,0.298677,0.0463644,3.097,4.76075,-0.120108,-3.77272,-0.395514,
0.586681,8.80877,11.5538,-1.01809,-5.4795,1.47324,-2.77459,-4.48563,-2.26934,2.89013,1.84607,8.28909,0,0,0,0,0,0,0,0,0,0,0,0,0.0341572,0.367892,-1.94283,0.00187235,0.967004,-1.6987,0.116686,0.900768,-1.06601,-0.150866,0.722427,-1.81498,0.0482285,0.604376,-1.59536,0.00139664,0.902035,-1.65592,0.0470085,0.833845,-1.04855,-0.0733128,0.67526,-1.5379,-0.0238294,0.650603,2.34482,0.999062,2.88071,0.237688,-0.0125287,1.80868,2.96771,0.212011,-3.73275,2.79406,
0.801441,10.9442,13.0131,-3.36905,-9.84848,-2.87388,-0.863031,-5.06077,-6.5277,3.52333,5.17892,8.16371,0,0,0,0,0,0,0,0,0,0,0,0,0.0363964,0.410729,-1.82354,0.0164048,1.02849,-1.69981,0.112753,0.935746,-1.01862,-0.13537,0.665681,-1.74041,0.0617361,0.710729,-1.28199,-0.0588673,0.849435,-1.78261,0.0830207,0.849099,-1.15404,-0.0228854,0.72683,-1.37831,0.212148,3.41245,8.64892,0.358163,2.68619,-0.438424,-0.326265,1.59489,1.11111,0.976052,-2.73296,6.32025,
-0.343603,7.50602,12.271,-4.55594,-9.49606,-4.46482,1.35178,-4.81533,-8.66677,2.55449,5.47116,7.73401,0,0,0,0,0,0,0,0,0,0,0,0,0.0390834,0.48717,-1.65012,0.0140779,1.06563,-1.71493,0.106931,0.96318,-1.01883,-0.104907,0.632415,-1.58994,0.0382276,0.78717,-1.03696,-0.121107,0.849038,-1.86549,0.133175,0.876263,-1.27954,0.0113086,0.758498,-1.20713,0.309373,4.66758,12.2556,-0.851446,0.832417,-1.55742,-0.302024,1.33866,-1.76145,2.09414,-0.427836,7.57857,
-6.98985,2.90301,12.6287,-4.84647,-3.0866,-1.92932,2.72781,-8.348,-9.9505,6.92917,12.1551,17.7307,0,0,0,0,0,0,0,0,0,0,0,0,0.0569028,0.578094,-1.45813,-0.0180099,1.03558,-1.76789,0.10742,0.984603,-1.09687,-0.0842968,0.669764,-1.57096,-0.0828177,0.760286,-1.09443,-0.195131,0.87374,-1.89771,0.176856,0.783038,-1.39687,0.102839,0.969764,-1.16701,1.40103,4.38467,1.9193,-2.23837,-3.38703,-3.2635,0.0496241,0.285401,-5.83765,0.556261,2.69114,-1.57261,
-7.123,0.613349,13.9852,-2.78006,-2.58611,-1.6206,2.37442,-3.80099,-10.3545,7.86111,11.2604,19.3221,0,0,0,0,0,0,0,0,0,0,0,0,0.0890408,0.680607,-1.5007,-0.0856938,0.920802,-1.83661,0.114624,0.950084,-1.2442,-0.0811473,0.737662,-1.61578,-0.0655599,0.794637,-1.20736,-0.235304,0.737243,-1.94424,0.191337,0.780923,-1.5442,0.110224,1.03766,-1.17713,0.938968,3.94786,-2.25186,-3.20435,-4.75626,-2.68488,0.694069,-2.96545,-6.15457,-0.206249,2.99182,-1.7763,
-7.3362,-2.16626,11.5655,-1.21852,-3.83112,-0.0221529,0.914285,-2.33278,-8.88228,7.537,9.74217,18.4472,0,0,0,0,0,0,0,0,0,0,0,0,0.107687,0.757847,-1.52854,-0.150307,0.818323,-1.88874,0.135089,0.861941,-1.38979,-0.085033,0.803942,-1.64438,-0.0537366,0.783525,-1.25121,-0.247105,0.601652,-1.94339,0.184721,0.69535,-1.68979,0.102055,1.10394,-1.20533,0.879251,3.19337,-0.472568,-2.6534,-4.83571,-2.16395,1.07101,-4.33083,-7.30664,-0.0534595,2.99515,-0.884839,
-7.44025,-2.50848,10.1309,-0.770861,-3.4819,0.924051,0.336107,-2.29666,-8.08254,7.45607,9.08008,17.3595,0,0,0,0,0,0,0,0,0,0,0,0,0.121566,0.804123,-1.52473,-0.186299,0.742073,-1.91594,0.150881,0.790587,-1.49917,-0.0849473,0.85144,-1.65284,-0.0434086,0.808022,-1.25396,-0.256153,0.526211,-1.92177,0.179494,0.619898,-1.79917,0.102655,1.15144,-1.22643,0.841259,2.66444,0.699855,-2.0233,-5.15259,-1.15733,0.808417,-4.53089,-7.229,0.0480362,2.98162,-0.303297,
-6.5828,-4.53618,7.53755,-0.0713158,-2.26034,3.06191,-0.225036,-1.45753,-4.48193,6.42796,6.31925,13.9939,0,0,0,0,0,0,0,0,0,0,0,0,0.138098,0.855627,-1.49526,-0.220585,0.621444,-1.92469,0.160488,0.687642,-1.66146,-0.0828673,0.919739,-1.65346,-0.00970176,0.794982,-1.2621,-0.251109,0.426995,-1.84578,0.158637,0.530653,-1.95432,0.0812573,1.15894,-1.29941,0.670818,2.11036,1.78895,-1.14965,-5.51764,0.09472,0.150966,-4.82205,-7.23243,0.137026,3.24875,0.167993,
-5.23802,-8.32771,4.49841,0.613744,-0.793437,5.84132,-0.71127,-1.18488,0.572908,4.5346,2.62445,9.11873,0,0,0,0,0,0,0,0,0,0,0,0,0.151675,0.896716,-1.44772,-0.235573,0.508962,-1.9032,0.157371,0.586051,-1.80935,-0.0783802,0.991779,-1.64294,0.0352789,0.730445,-1.27564,-0.230048,0.363497,-1.70357,0.127921,0.445052,-1.9716,0.0416929,1.13934,-1.39533,0.582174,1.67685,2.38472,-0.392734,-5.02514,2.14418,-0.46672,-4.45507,-7.0631,0.268325,3.2779,0.785454,
-3.04319,-11.2144,-1.31334,1.77306,1.86726,8.98331,-1.35382,0.430636,4.55244,1.90393,-1.11858,4.79394,0,0,0,0,0,0,0,0,0,0,0,0,0.159606,0.922208,-1.401,-0.239469,0.427901,-1.84797,0.144986,0.508362,-1.91127,-0.072177,1.0487,-1.61365,0.0927751,0.670296,-1.36508,-0.197904,0.365201,-1.5063,0.0880744,0.40844,-1.90571,-0.0183807,1.0973,-1.46341,0.369951,1.13791,2.74998,-0.110443,-4.37526,4.6836,-0.922644,-4.4275,-4.33008,0.247923,3.06265,1.21551,
-1.93253,-11.7507,-6.43228,2.98035,4.66244,6.64372,-1.01542,6.12249,6.17993,-0.239243,-4.17099,1.72786,0,0,0,0,0,0,0,0,0,0,0,0,0.169144,0.93019,-1.35445,-0.238443,0.34647,-1.69179,0.117154,0.416979,-1.94843,-0.0691922,1.10411,-1.58381,0.138441,0.63343,-1.48885,-0.157689,0.390737,-1.30956,0.0526243,0.47878,-1.78534,-0.0732206,1.04955,-1.49812,0.704415,-0.119755,1.05619,0.249801,-2.89175,8.64522,-1.56577,-3.65048,0.343703,0.0781071,1.98889,1.6997,
-2.27981,-7.02693,-7.30049,4.03116,7.86504,10.9569,-1.84837,11.0744,8.57806,-1.67384,-6.37598,-0.97852,0,0,0,0,0,0,0,0,0,0,0,0,0.185538,0.895435,-1.36815,-0.230665,0.325909,-1.59204,0.0842682,0.373655,-1.90221,-0.0656877,1.14269,-1.55159,0.145191,0.635943,-1.61006,-0.12684,0.545383,-1.35012,0.00840224,0.643598,-1.5931,-0.0964226,1.02143,-1.54014,0.66595,-3.35275,-2.37584,0.121836,0.913951,-1.27988,-1.18627,-0.276704,3.78643,0.444445,1.52543,1.43641,
-2.8536,-5.15998,-6.22856,5.12236,10.5553,11.9067,-1.48734,13.2363,12.3602,-2.43377,-5.78536,-2.89947,0,0,0,0,0,0,0,0,0,0,0,0,0.202459,0.846717,-1.4307,-0.228823,0.353948,-1.64017,0.0667075,0.395559,-1.82613,-0.0581893,1.16416,-1.53102,0.143962,0.620858,-1.71258,-0.0899205,0.653948,-1.43214,0.00306209,0.695559,-1.35718,-0.109311,1.05434,-1.58254,0.51375,-3.87439,-5.04637,0.433755,2.66981,-3.58546,-1.05848,3.0446,6.3977,0.388898,1.39242,0.838914,
-1.7733,-3.44089,-2.72564,3.5924,9.15687,13.2529,-1.17011,4.35431,11.5107,-2.77828,-4.42773,-4.24818,0,0,0,0,0,0,0,0,0,0,0,0,0.192602,0.729702,-1.57952,-0.196062,0.443701,-1.71851,0.0464546,0.514148,-1.59514,-0.0590362,1.18898,-1.53247,0.123369,0.511503,-1.81307,-0.0533817,0.743701,-1.45707,0.00196049,0.766489,-1.01052,-0.13832,1.09748,-1.65952,-0.996007,-5.28707,-6.61643,2.11482,4.30649,-2.79544,-0.609658,5.73935,11.8742,-0.393077,0.767415,-0.83394,
1.65872,-1.39102,-1.90254,4.73817,10.0631,12.8509,-2.75994,7.61933,26.0862,-1.98622,-4.11876,-5.38132,0,0,0,0,0,0,0,0,0,0,0,0,0.151283,0.600291,-1.7097,-0.154326,0.537221,-1.77087,0.0529797,0.631886,-1.49222,-0.0758947,1.20066,-1.57518,0.122229,0.404299,-1.89162,-0.00531778,0.837221,-1.50421,0.0122954,0.931886,-0.879753,-0.160578,1.06964,-1.77157,-2.82085,-6.44867,-5.37427,1.22217,4.11916,-2.18443,1.13257,4.82691,-1.58767,-1.4011,-1.12184,-2.47432,
3.418,1.39794,-1.48066,5.96227,9.97214,14.1504,-3.69779,10.7145,27.0664,-1.95049,-3.77438,-5.79983,0,0,0,0,0,0,0,0,0,0,0,0,0.0875803,0.458433,-1.81015,-0.140965,0.599958,-1.80462,0.0735064,0.698182,-1.52869,-0.0974315,1.17175,-1.62785,0.107701,0.337817,-1.95919,0.0241808,0.899958,-1.50319,0.0154182,0.998182,-0.903881,-0.17692,1.02056,-1.8828,-2.61317,-6.22256,-4.48104,0.643544,3.81896,-2.09303,1.37426,3.56132,-2.07387,-1.22906,-2.27314,-4.39805,
3.14987,1.75282,-0.200478,5.89063,6.54139,15.2547,-5.24491,10.1295,21.9223,-1.55034,-3.84281,-2.88441,0,0,0,0,0,0,0,0,0,0,0,0,0.0533377,0.368913,-1.87477,-0.128914,0.682042,-1.84668,0.107636,0.758965,-1.54803,-0.119874,1.09983,-1.74415,0.0890775,0.288761,-1.97726,0.0324067,0.938721,-1.50742,0.0196203,1.05897,-0.997944,-0.181228,0.908175,-1.9645,-1.72028,-4.95889,-3.89891,0.562214,3.72575,-1.68445,1.72427,2.31699,0.0809635,-0.903809,-3.82348,-5.92957,
2.40432,1.56422,1.51832,5.39976,3.2012,15.0736,-6.46873,7.39201,15.596,-0.61095,-4.27585,1.2252,0,0,0,0,0,0,0,0,0,0,0,0,0.0318695,0.289584,-1.9399,-0.115678,0.765059,-1.87473,0.149125,0.808127,-1.52619,-0.140004,1.00523,-1.86325,0.0804232,0.264534,-1.95533,0.0354161,0.941027,-1.52028,0.0375618,1.05399,-1.09748,-0.18,0.778691,-1.95812,-0.46217,-2.56621,-2.13564,0.644001,3.83753,-0.895546,2.00621,2.44233,1.5523,-0.98888,-4.78581,-5.02013,
1.3863,2.09008,2.55046,4.39926,-2.14399,13.9468,-6.74675,-0.381576,5.42436,0.388066,-3.26006,3.81297,0,0,0,0,0,0,0,0,0,0,0,0,0.030492,0.257319,-1.96228,-0.10096,0.849851,-1.88399,0.189592,0.867236,-1.46421,-0.161254,0.891784,-1.9368,0.0708143,0.291192,-1.90361,0.0289786,0.892256,-1.53617,0.0559228,0.931289,-1.20301,-0.173202,0.669135,-1.88638,0.226593,-0.735174,-0.203627,0.798281,3.8402,-0.0341105,1.39999,2.94369,5.02354,-0.865969,-5.64588,-1.79626,
0.662792,5.01491,4.04208,3.3421,-4.27693,10.2784,-6.26586,-4.64792,1.18763,1.24077,-0.6624,5.73121,0,0,0,0,0,0,0,0,0,0,0,0,0.0350796,0.25317,-1.95557,-0.0885593,0.910015,-1.87993,0.209591,0.912894,-1.39757,-0.171102,0.80205,-1.94542,0.0620243,0.380468,-1.82595,0.0163262,0.89348,-1.611,0.0737673,0.856624,-1.2576,-0.149092,0.638033,-1.78156,0.414996,0.0770271,1.14307,0.85332,3.61556,0.478965,0.832908,2.39711,4.41125,-0.36037,-5.89829,0.823231,
0.179782,5.85433,6.35932,2.08412,-8.71945,5.20751,-5.63287,-6.89675,-3.57078,2.8011,2.94489,7.12411,0,0,0,0,0,0,0,0,0,0,0,0,0.0405821,0.272081,-1.90939,-0.0722804,0.992198,-1.86315,0.228633,0.957275,-1.32366,-0.171654,0.674359,-1.89278,0.0470257,0.462028,-1.68075,-0.00791657,0.856185,-1.71449,0.103647,0.821886,-1.34891,-0.0945762,0.634063,-1.62386,0.0779613,1.74353,2.78608,0.490432,3.27897,0.739136,0.633422,1.48117,2.56088,0.282024,-4.55674,3.6328,
-0.0802771,4.27427,7.96318,0.546002,-13.1716,1.94298,-4.07474,-6.17872,-7.6828,2.9172,4.13924,4.21628,0,0,0,0,0,0,0,0,0,0,0,0,0.0417944,0.33067,-1.8182,-0.0664454,1.05613,-1.85213,0.232798,0.982049,-1.29071,-0.151535,0.600695,-1.78022,0.0413056,0.520584,-1.4776,-0.051328,0.787466,-1.79914,0.125869,0.846181,-1.4813,-0.0389249,0.645161,-1.50972,0.0607265,3.3223,5.66053,0.0586921,2.42497,0.176666,-0.202414,0.744017,0.0591224,1.5872,-2.36059,6.60366,
-0.592146,-0.333466,9.02519,-1.0263,-12.7258,0.310181,-2.79779,-4.72135,-8.30238,2.96821,4.28772,4.36234,0,0,0,0,0,0,0,0,0,0,0,0,0.0428195,0.386391,-1.7165,-0.0695667,1.07973,-1.85022,0.227472,0.991225,-1.31233,-0.120026,0.582223,-1.68763,0.0354316,0.463906,-1.2928,-0.10564,0.768578,-1.85184,0.141341,0.881323,-1.60311,0.00210296,0.696885,-1.49593,0.296631,3.43409,7.92288,-0.416628,0.27973,-0.37515,-0.647463,0.325253,-3.32873,1.91696,0.298768,3.30576,
-2.86371,-7.53887,12.9417,-1.30956,-5.94514,0.558696,-0.959374,-2.06763,-6.52146,3.95955,1.83617,6.84148,0,0,0,0,0,0,0,0,0,0,0,0,0.0602057,0.452352,-1.59165,-0.0882139,1.02877,-1.86734,0.202978,0.983734,-1.43822,-0.0869135,0.626902,-1.69937,0.020081,0.333507,-1.26362,-0.153653,0.753583,-1.85473,0.135249,0.902722,-1.73822,0.0422431,0.736992,-1.5727,1.25872,2.78504,0.179449,-1.30802,-5.06214,-0.0542448,-1.74977,-1.17285,-6.92228,1.20671,2.5674,-1.77466,
-5.32042,-7.41718,12.3519,-0.336222,-0.522134,4.01355,1.07341,1.52714,-5.51695,4.34672,-1.24905,10.4037,0,0,0,0,0,0,0,0,0,0,0,0,0.105504,0.489589,-1.62841,-0.123217,0.886211,-1.87418,0.14517,0.930398,-1.60405,-0.065591,0.686765,-1.74122,0.0318026,0.300946,-1.35046,-0.16882,0.709485,-1.76251,0.103657,0.905288,-1.90405,0.0560947,0.719127,-1.52495,2.37237,-0.128534,-1.23428,-1.48788,-6.54693,0.453185,-2.73394,-2.53154,-7.08004,0.520712,2.54352,-1.75313,
-6.7464,-3.89078,8.56607,0.350127,1.80039,7.51351,1.12793,2.38929,-3.6756,3.74521,-3.07722,14.084,0,0,0,0,0,0,0,0,0,0,0,0,0.146766,0.467398,-1.63342,-0.143468,0.792992,-1.86614,0.103664,0.892847,-1.71663,-0.05916,0.72622,-1.76633,0.0456693,0.311936,-1.41059,-0.164292,0.710446,-1.66039,0.0691234,0.903908,-2.00487,0.0453757,0.706856,-1.44712,2.70252,-2.3277,0.347196,-1.18311,-5.10223,0.716243,-2.50953,-1.94683,-7.85433,0.436214,2.30268,-1.31552,
-6.85001,0.480557,4.73709,0.886582,2.41879,9.02556,0.792,1.33935,1.59122,1.12636,-3.40697,12.1259,0,0,0,0,0,0,0,0,0,0,0,0,0.193455,0.382409,-1.55832,-0.161494,0.712484,-1.84448,0.0558458,0.86108,-1.90471,-0.0394788,0.768855,-1.78172,0.0567495,0.310267,-1.3819,-0.149057,0.73396,-1.60922,0.0346564,0.874555,-2.05065,0.0170695,0.715733,-1.47886,1.38179,-3.36623,2.3197,-0.389115,-1.55977,0.38482,-1.63958,-0.80035,-7.42897,1.13557,1.28207,-0.0117222,
-6.28831,0.828393,3.72739,1.65147,2.29606,8.83274,0.84858,0.0173192,1.88267,-0.492941,-3.46644,8.20754,0,0,0,0,0,0,0,0,0,0,0,0,0.209021,0.337916,-1.53395,-0.164879,0.700473,-1.83497,0.0353242,0.85089,-1.99035,-0.0207788,0.784739,-1.7765,0.0671002,0.300147,-1.40925,-0.126571,0.75102,-1.58203,0.0260385,0.837884,-2.04525,-0.00596183,0.718728,-1.55862,0.611477,-2.33916,1.26068,-0.11912,-0.274162,1.28456,-1.22001,-0.537551,-4.07882,1.08562,0.825991,0.507686,
-5.09032,0.258368,3.03892,2.10236,0.108859,10.1896,1.06962,-0.623878,2.44581,-1.52447,-5.12102,4.76648,0,0,0,0,0,0,0,0,0,0,0,0,0.216167,0.30346,-1.52683,-0.161997,0.714669,-1.82846,0.00967386,0.837669,-2.04091,-0.00194568,0.802862,-1.76259,0.0892115,0.288343,-1.45606,-0.102168,0.742943,-1.57315,0.0153804,0.804992,-1.99674,-0.0267249,0.693972,-1.62995,0.012102,-0.863063,-0.208076,0.290802,1.02208,0.0229171,-0.841359,-0.683206,-0.67908,0.533303,0.765427,0.538912,
-4.06048,0.40916,3.61444,2.33792,-0.348543,9.53235,0.391534,-1.20202,5.14945,-1.69474,-4.45235,2.07661,0,0,0,0,0,0,0,0,0,0,0,0,0.209088,0.290364,-1.52951,-0.152053,0.737466,-1.82532,-0.000755427,0.818712,-2.03089,0.00409433,0.813774,-1.7541,0.102214,0.292339,-1.45748,-0.0800086,0.753931,-1.58113,0.0040032,0.762465,-1.86918,-0.0379444,0.706635,-1.69622,-0.214474,-0.330146,-0.733108,0.543867,1.00714,0.235357,-0.201188,-1.04789,1.31909,0.0131871,0.166789,0.238592,
-2.7955,1.42673,2.68523,2.89393,-0.506904,8.6593,-0.359261,-0.794352,7.969,-1.44378,-2.96631,0.537634,0,0,0,0,0,0,0,0,0,0,0,0,0.201341,0.286587,-1.53581,-0.143466,0.754384,-1.82053,-0.00175957,0.799866,-1.99283,-0.00154695,0.807111,-1.74251,0.120728,0.319501,-1.48357,-0.058755,0.768806,-1.59597,-0.0109516,0.742188,-1.69686,-0.0512093,0.723098,-1.72852,-0.429017,-0.110146,-0.595637,0.494503,1.08378,0.323417,-0.0084209,-1.51277,3.86992,-0.542715,-0.394237,0.021906,
-2.01523,0.907501,1.24867,3.4771,-2.37503,8.10874,-1.02911,-0.854101,8.52007,-0.980719,-1.14472,-0.531503,0,0,0,0,0,0,0,0,0,0,0,0,0.195185,0.288831,-1.54213,-0.132797,0.781717,-1.81089,-0.000243436,0.767558,-1.88289,-0.0202508,0.783996,-1.73494,0.13676,0.321893,-1.51817,-0.0333471,0.757109,-1.5955,-0.0229151,0.708088,-1.50018,-0.0692621,0.723253,-1.74378,-0.321746,0.414968,-0.290526,0.500899,1.39071,0.506885,0.122248,-1.52468,6.78824,-0.979734,-1.28498,0.177666,
-1.50208,0.42577,0.509599,3.74245,-4.36786,7.77079,-1.49991,-1.54219,8.79759,-1.06226,0.0866554,-0.554749,0,0,0,0,0,0,0,0,0,0,0,0,0.189753,0.302976,-1.55131,-0.119167,0.814185,-1.79856,0.00233489,0.735203,-1.70103,-0.0408513,0.758894,-1.74273,0.142513,0.328583,-1.54727,-0.0110747,0.741786,-1.59154,-0.0277286,0.68764,-1.33392,-0.0889337,0.729329,-1.76488,-0.38751,0.598503,-0.348094,0.581236,1.47191,0.51004,0.297368,-0.360334,5.88687,-0.861039,-1.26925,-0.331267,
-0.568243,2.74001,-0.620662,6.00761,-6.81262,9.10053,-2.56765,0.409283,13.5564,-1.92564,-0.0625216,-1.39715,0,0,0,0,0,0,0,0,0,0,0,0,0.177988,0.309406,-1.56645,-0.116556,0.841797,-1.79371,0.00939798,0.754878,-1.68783,-0.0519721,0.736774,-1.74847,0.14395,0.378696,-1.5993,0.0269827,0.696257,-1.56376,-0.0440019,0.804532,-1.37556,-0.11308,0.700083,-1.79625,-0.793284,0.031578,-0.693396,-0.266063,0.990991,0.0974857,0.431658,1.57685,-1.06569,-0.518676,-1.40511,-0.513945,
-0.827317,3.4395,-1.15631,6.42967,-6.97029,10.9452,-2.89648,3.22157,13.4277,-2.4299,0.84012,-0.934014,0,0,0,0,0,0,0,0,0,0,0,0,0.165934,0.310777,-1.58313,-0.123615,0.853991,-1.79805,0.0164734,0.775215,-1.71237,-0.0567721,0.706233,-1.75758,0.128241,0.405002,-1.64657,0.027326,0.694851,-1.53158,-0.0474116,0.868425,-1.39922,-0.119793,0.694966,-1.79715,-0.680404,0.32951,-1.38139,-0.392016,0.604673,-0.286319,0.341084,0.506813,-0.902037,-0.0909348,-1.29081,-0.648799,
-0.700065,2.25632,-0.146749,5.47531,-6.12374,11.2851,-3.37977,3.66838,13.6976,-1.90846,1.4153,-0.664591,0,0,0,0,0,0,0,0,0,0,0,0,0.149612,0.333137,-1.62577,-0.127255,0.864041,-1.80197,0.0277579,0.782377,-1.72637,-0.0613353,0.682045,-1.77658,0.114315,0.424167,-1.68351,0.0101803,0.718709,-1.52018,-0.0432849,0.879925,-1.39339,-0.1186,0.699764,-1.81028,-0.711787,1.38491,-2.1631,0.0220959,0.310468,-0.013776,0.538058,0.233575,-0.378659,-0.382147,-0.706522,-0.683285,
-0.0208276,1.78064,-0.0599381,4.71188,-5.32249,10.8919,-3.74898,3.78718,13.4874,-1.26616,1.16301,-1.00842,0,0,0,0,0,0,0,0,0,0,0,0,0.132533,0.366771,-1.66898,-0.124653,0.869174,-1.79937,0.039957,0.785866,-1.73003,-0.0722078,0.674933,-1.79003,0.108978,0.452431,-1.7089,-0.00244509,0.740566,-1.52153,-0.0398763,0.883401,-1.3935,-0.117222,0.702375,-1.82986,-0.921377,1.64577,-1.53656,0.176423,0.178144,0.221819,0.555648,0.114245,-0.0263446,-0.534413,-0.0653033,-0.58469,
0.142489,2.12395,0.256349,4.4516,-4.50769,10.0273,-3.75716,3.72397,13.2734,-0.885161,1.01854,-1.1965,0,0,0,0,0,0,0,0,0,0,0,0,0.121207,0.389444,-1.69642,-0.121844,0.871442,-1.79467,0.0483373,0.78718,-1.72902,-0.0805044,0.676572,-1.79991,0.107662,0.478054,-1.73138,-0.00643461,0.76189,-1.53558,-0.0333647,0.882076,-1.39431,-0.114666,0.708098,-1.84874,-0.684274,1.42047,-1.65497,0.164788,0.125599,0.336302,0.48908,0.0718777,0.115065,-0.481322,0.242514,-0.75679,
0.343749,1.88609,0.534383,4.22785,-3.87755,9.20825,-3.62321,3.44005,12.7442,-0.668867,0.913938,-1.1499,0,0,0,0,0,0,0,0,0,0,0,0,0.107843,0.420087,-1.726,-0.118493,0.873699,-1.78659,0.0579401,0.788366,-1.72523,-0.0883081,0.684783,-1.81928,0.10406,0.501395,-1.74464,-0.00940837,0.779123,-1.54723,-0.0229104,0.875399,-1.40153,-0.110808,0.718935,-1.8726,-0.495082,1.36623,-1.28019,0.135539,0.0945249,0.365849,0.389188,0.0412804,0.204038,-0.231121,0.452138,-0.982731,
0.289775,1.81772,0.811612,4.11744,-3.83842,8.86303,-3.3968,2.97241,12.0176,-0.631864,0.810421,-0.99588,0,0,0,0,0,0,0,0,0,0,0,0,0.0997801,0.447211,-1.74818,-0.116295,0.875652,-1.77921,0.0650203,0.788993,-1.72046,-0.0907612,0.695234,-1.84099,0.100255,0.521191,-1.75197,-0.0119405,0.782169,-1.55032,-0.0134788,0.864047,-1.41475,-0.107364,0.728687,-1.89306,-0.270776,1.14149,-0.963299,0.0567228,0.0991383,0.292447,0.25684,0.029744,0.210548,-0.0322306,0.527708,-1.08683,
0.208111,1.93814,1.18919,4.04422,-3.72839,8.69977,-3.1926,2.60834,11.6453,-0.577413,0.885382,-0.77805,0,0,0,0,0,0,0,0,0,0,0,0,0.0954766,0.470034,-1.7645,-0.115848,0.877308,-1.77516,0.0683534,0.789576,-1.71744,-0.0907807,0.703602,-1.85799,0.0973484,0.542357,-1.75411,-0.0144507,0.786868,-1.55202,-0.00699232,0.856092,-1.42236,-0.104639,0.73951,-1.9055,-0.133238,0.954758,-0.773856,0.0116835,0.110808,0.225605,0.17877,0.0522753,0.157901,0.0230647,0.55094,-1.12209,
0.0974895,2.26822,1.54414,4.01084,-3.71997,8.5566,-3.07045,2.20289,11.5386,-0.590441,0.958135,-0.610949,0,0,0,0,0,0,0,0,0,0,0,0,0.0943251,0.482732,-1.77365,-0.115797,0.879762,-1.77121,0.0715351,0.79108,-1.71499,-0.0899203,0.714172,-1.87833,0.0955397,0.558493,-1.74823,-0.0155866,0.789715,-1.55367,-0.00215517,0.848453,-1.42492,-0.102925,0.749834,-1.91381,-0.0489045,0.762213,-0.527088,-0.00240993,0.118093,0.145089,0.122836,0.0920309,0.0641984,0.0702576,0.468338,-0.808061,
0.0353358,2.36989,1.96958,3.99607,-3.66947,8.493,-2.9032,1.86203,11.4653,-0.640122,0.924227,-0.423653,0,0,0,0,0,0,0,0,0,0,0,0,0.0937638,0.497363,-1.78404,-0.116247,0.882583,-1.76879,0.0735298,0.793573,-1.71447,-0.0875427,0.725118,-1.89378,0.0940544,0.571552,-1.74426,-0.0173843,0.794219,-1.55446,0.0024541,0.843134,-1.42776,-0.100192,0.761357,-1.91959,-0.0237117,0.597682,-0.378223,-0.0415807,0.1349,0.0803129,0.0601725,0.120413,0.00304142,0.134134,0.525319,-0.608766,
0.0420488,2.59845,2.23254,4.00914,-3.62872,8.49821,-2.75098,1.60261,11.3666,-0.675371,0.912976,-0.351832,0,0,0,0,0,0,0,0,0,0,0,0,0.0930468,0.507045,-1.79191,-0.117691,0.885588,-1.76763,0.0740847,0.796229,-1.7146,-0.0850195,0.734222,-1.90195,0.0930837,0.580803,-1.744,-0.0193581,0.798352,-1.55426,0.005521,0.839424,-1.43087,-0.0977931,0.770481,-1.92051,-0.0405715,0.351887,-0.31627,-0.0758103,0.139292,0.0364958,0.00843863,0.125167,-0.0175247,0.164424,0.537377,-0.390336,
0.0486526,2.79596,2.32176,3.98589,-3.51381,8.48638,-2.67403,1.45636,11.3166,-0.767653,0.888012,-0.304815,0,0,0,0,0,0,0,0,0,0,0,0,0.0922025,0.512055,-1.79662,-0.118987,0.888029,-1.76719,0.0741517,0.798506,-1.71531,-0.0810724,0.745234,-1.90738,0.092222,0.588234,-1.7445,-0.0210648,0.803574,-1.5546,0.00734959,0.838217,-1.43359,-0.0954964,0.779632,-1.91863,-0.0478736,0.251201,-0.237035,-0.069018,0.135616,0.0174755,0.00194654,0.13206,-0.0477109,0.190695,0.487897,-0.145181,
0.0524959,2.86573,2.3443,3.97664,-3.38416,8.46052,-2.63363,1.35914,11.279,-0.832466,0.788649,-0.226885,0,0,0,0,0,0,0,0,0,0,0,0,0.0912369,0.517506,-1.80148,-0.12042,0.891092,-1.76693,0.0741686,0.801735,-1.71685,-0.0767734,0.756391,-1.9088,0.0915484,0.595306,-1.74804,-0.0225568,0.810045,-1.55521,0.00831966,0.839683,-1.43707,-0.0927485,0.789066,-1.91506,-0.0400353,0.246246,-0.206427,-0.0621202,0.142279,0.00827372,-0.000325689,0.158789,-0.0878005,0.193462,0.518353,-0.0234216,
0.0413174,2.33114,2.45963,4.07849,-4.55966,8.67114,-2.62498,0.182439,10.9266,-0.988877,0.596176,-0.520221,0,0,0,0,0,0,0,0,0,0,0,0,0.0905203,0.523056,-1.80574,-0.121675,0.894277,-1.76685,0.0741441,0.80551,-1.7192,-0.0728359,0.767389,-1.90897,0.0909617,0.587959,-1.7489,-0.0210442,0.783983,-1.55009,0.00847623,0.814648,-1.44909,-0.093391,0.794485,-1.92196,-0.0236613,0.264956,-0.186128,-0.0532383,0.147875,-0.000760405,-0.00173321,0.183067,-0.122119,0.166673,0.487685,0.000974006,
0.0607922,2.50432,2.3831,4.07014,-4.85672,8.72556,-2.61859,-0.181127,10.645,-1.13405,0.736728,-0.682076,0,0,0,0,0,0,0,0,0,0,0,0,0.089948,0.52721,-1.80876,-0.122674,0.896819,-1.76691,0.0741156,0.808608,-1.72134,-0.0696193,0.775966,-1.90903,0.0907462,0.592312,-1.75163,-0.021845,0.777086,-1.54883,0.00865293,0.805894,-1.45653,-0.0946401,0.801887,-1.92634,-0.0288632,0.0997528,-0.0978462,-0.0369785,0.067395,-0.00260645,8.66272e-05,0.0725394,-0.0526429,0.13322,0.300085,-0.0102392,
0.0534132,2.85391,2.25841,4.00192,-4.6427,8.66611,-2.60264,-0.164084,10.5122,-1.13793,0.937827,-0.646701,0,0,0,0,0,0,0,0,0,0,0,0,0.0896087,0.528073,-1.81003,-0.1231,0.897336,-1.76696,0.0741287,0.80909,-1.7218,-0.0680118,0.779852,-1.90962,0.0905751,0.600212,-1.75531,-0.0235411,0.781568,-1.55037,0.00908811,0.805221,-1.45947,-0.0947459,0.809341,-1.92803,-0.014756,0.03161,-0.0696951,-0.0195478,0.0119979,-0.00256098,0.00101532,0.00930981,-0.0193773,0.068562,0.24172,-0.0894684,
0.0340408,3.08873,2.23044,3.97579,-4.3038,8.56812,-2.59202,-0.0387276,10.4937,-1.07298,0.940138,-0.476457,0,0,0,0,0,0,0,0,0,0,0,0,0.0894635,0.529156,-1.81181,-0.123441,0.897263,-1.76699,0.0741332,0.808949,-1.72207,-0.0674435,0.786091,-1.91285,0.0902739,0.608679,-1.75874,-0.0244633,0.789393,-1.55279,0.00930935,0.80759,-1.45994,-0.0940639,0.817885,-1.92897,-0.00162241,0.0921932,-0.107806,-0.0166788,-0.0110274,-0.000201086,-0.000936221,-0.0156581,-0.00853641,0.00816441,0.331623,-0.168528,
0.0253328,3.15646,2.20986,4.00175,-4.08159,8.49661,-2.62069,0.143806,10.491,-1.03439,0.894469,-0.360543,0,0,0,0,0,0,0,0,0,0,0,0,0.0894742,0.5329,-1.81504,-0.123929,0.896867,-1.76695,0.074112,0.808528,-1.72216,-0.0673734,0.792161,-1.91521,0.090147,0.617877,-1.76414,-0.0245186,0.794457,-1.55446,0.0085431,0.811562,-1.46007,-0.0931752,0.823848,-1.92707,0.00158112,0.242621,-0.174008,-0.0253486,-0.0147731,0.00284463,-0.00206689,-0.0224412,-0.00738046,0.00231765,0.372995,-0.113738,
0.00970764,3.27072,2.14543,4.02904,-3.73795,8.43895,-2.64626,0.390903,10.5985,-0.984258,0.859645,-0.187963,0,0,0,0,0,0,0,0,0,0,0,0,0.0895122,0.538345,-1.8185,-0.124446,0.896621,-1.76683,0.0740315,0.808033,-1.72242,-0.0673337,0.801314,-1.91675,0.0898136,0.629622,-1.7706,-0.0245042,0.80294,-1.55572,0.00776599,0.817456,-1.45789,-0.0918982,0.83243,-1.92207,0.00234918,0.380372,-0.229276,-0.0313729,-0.00929407,0.00551857,-0.00436321,-0.0139517,-0.0172632,0.00167496,0.385,-0.0251021,
-0.013805,2.97577,2.17242,4.07827,-3.77364,8.4349,-2.68446,0.446187,10.5542,-0.952196,0.721508,-0.113488,0,0,0,0,0,0,0,0,0,0,0,0,0.0894108,0.55009,-1.82282,-0.125179,0.896507,-1.7668,0.073976,0.807792,-1.72294,-0.0672762,0.809762,-1.91694,0.0890729,0.63946,-1.77698,-0.0241995,0.80217,-1.55588,0.00672698,0.818837,-1.45982,-0.0910028,0.837844,-1.91974,0.000291732,0.599038,-0.338702,-0.0390975,0.000168028,0.00185884,-0.00549637,-0.00439703,-0.0293398,0.00313047,0.401753,0.00169332,
-0.0275207,2.68941,2.12844,4.10761,-3.78316,8.36553,-2.72204,0.581739,10.4603,-0.936368,0.623142,-0.0862238,0,0,0,0,0,0,0,0,0,0,0,0,0.08925,0.565133,-1.82838,-0.126065,0.896533,-1.76687,0.0739232,0.807713,-1.72349,-0.0672004,0.815924,-1.91683,0.0880691,0.65136,-1.77764,-0.0243329,0.801978,-1.55779,0.00576771,0.822192,-1.46295,-0.0904934,0.84101,-1.91872,-0.0197169,0.759672,-0.0985013,-0.0383112,0.0009286,-0.00218143,-0.00417714,-0.00256297,-0.0386963,0.00464866,0.380307,0.0108215,
-0.054911,2.76319,2.27959,4.1196,-3.74733,8.29307,-2.72001,0.548238,10.4468,-0.899445,0.578914,0.00930983,0,0,0,0,0,0,0,0,0,0,0,0,0.0891438,0.57558,-1.83238,-0.126783,0.896556,-1.76696,0.0738712,0.807648,-1.72449,-0.0670614,0.823039,-1.91652,0.0877356,0.659876,-1.78312,-0.0250077,0.802928,-1.55972,0.00574429,0.821374,-1.46459,-0.0894198,0.844434,-1.91588,-0.00141715,0.608642,-0.30918,-0.0485877,0.00218349,-0.00353772,-0.00506492,0.000802016,-0.0511527,0.0051089,0.276849,0.0163678,
-0.0517554,2.69101,2.26268,4.15853,-3.73878,8.24072,-2.75006,0.585405,10.439,-0.881899,0.558035,0.0671067,0,0,0,0,0,0,0,0,0,0,0,0,0.0889613,0.58871,-1.83673,-0.127866,0.89661,-1.76711,0.0738025,0.807685,-1.72576,-0.0669105,0.827766,-1.91552,0.0876293,0.669296,-1.78711,-0.0252341,0.803216,-1.56127,0.00494166,0.82238,-1.46633,-0.0888112,0.846084,-1.91181,-0.00152489,0.532446,-0.277866,-0.053253,0.00299432,-0.00691707,-0.00437947,0.00242366,-0.0616862,0.00586968,0.174692,0.0814137,
-0.0469006,2.65151,2.24783,4.19844,-3.71631,8.20884,-2.78502,0.648902,10.467,-0.869386,0.565767,0.0921221,0,0,0,0,0,0,0,0,0,0,0,0,0.0887769,0.600136,-1.84026,-0.129022,0.896673,-1.76739,0.0737944,0.807714,-1.72728,-0.0667065,0.83049,-1.91291,0.0875297,0.678249,-1.79,-0.0254625,0.803845,-1.5625,0.00412672,0.824002,-1.46744,-0.0882413,0.846892,-1.90665,-0.00298697,0.472995,-0.237576,-0.0560633,0.00319232,-0.0131317,-0.00168417,0.00263859,-0.0734728,0.00799683,0.0903421,0.158165,
-0.0393157,2.61462,2.2355,4.23402,-3.64902,8.17802,-2.81908,0.750243,10.5241,-0.854308,0.594983,0.150572,0,0,0,0,0,0,0,0,0,0,0,0,0.0885768,0.610649,-1.84341,-0.130245,0.896752,-1.76778,0.0738256,0.807781,-1.72905,-0.066376,0.831503,-1.90996,0.0874877,0.687015,-1.79284,-0.0258759,0.805627,-1.56379,0.00334132,0.826645,-1.46806,-0.0873574,0.847522,-1.90062,-0.00425081,0.440063,-0.212724,-0.0592453,0.00401604,-0.018132,-0.000293928,0.00431177,-0.0845868,0.0150498,0.0457816,0.222872,
-0.0222996,2.56745,2.11543,4.25594,-3.63096,8.16462,-2.84898,0.82828,10.5421,-0.853739,0.597961,0.141941,0,0,0,0,0,0,0,0,0,0,0,0,0.0883789,0.617207,-1.84568,-0.131198,0.896823,-1.7681,0.0738425,0.807867,-1.73047,-0.0659582,0.83216,-1.9051,0.0873423,0.692975,-1.79272,-0.0261871,0.80619,-1.56459,0.00276828,0.82876,-1.46931,-0.0864345,0.847548,-1.89535,-0.0191653,0.463246,0.00314936,-0.0555014,0.00564179,-0.0245086,0.00600839,0.00742989,-0.0956038,0.0346851,0.0175645,0.248293,
-0.0292959,2.52274,2.21869,4.28183,-3.58748,8.16475,-2.86082,0.85163,10.6061,-0.833934,0.584914,0.119672,0,0,0,0,0,0,0,0,0,0,0,0,0.0882966,0.626145,-1.84897,-0.132543,0.897006,-1.7686,0.0738704,0.808173,-1.73272,-0.0651588,0.832404,-1.89884,0.0874906,0.698447,-1.7981,-0.0270863,0.8076,-1.565,0.00233023,0.83002,-1.47031,-0.0850023,0.847244,-1.88806,-0.00294487,0.369342,-0.183773,-0.0635739,0.011241,-0.0204172,-0.000788002,0.022255,-0.109927,0.0401944,0.00868433,0.311489,
-0.0113493,2.42044,2.13412,4.32515,-3.56003,8.19229,-2.89647,0.937162,10.6764,-0.863773,0.56646,0.09313,0,0,0,0,0,0,0,0,0,0,0,0,0.0880538,0.634797,-1.85083,-0.134037,0.897326,-1.7692,0.0739298,0.808757,-1.73551,-0.0638079,0.832632,-1.89159,0.087588,0.703844,-1.80081,-0.0275232,0.808702,-1.56515,0.00157081,0.832784,-1.47158,-0.0837825,0.846955,-1.88133,-0.00728076,0.34144,-0.133074,-0.0646161,0.0150852,-0.0303216,0.0021152,0.0239009,-0.11958,0.0647899,0.00644066,0.317584,
-0.00669454,2.35971,2.10924,4.35797,-3.70026,8.22915,-2.91532,0.816578,10.679,-0.87694,0.558621,0.0583068,0,0,0,0,0,0,0,0,0,0,0,0,0.0879497,0.639687,-1.85322,-0.135099,0.897588,-1.76971,0.0739501,0.809172,-1.73748,-0.062729,0.832721,-1.88664,0.0876847,0.706087,-1.80432,-0.0278177,0.805543,-1.56477,0.00109309,0.830365,-1.47372,-0.0829671,0.84681,-1.87686,-0.00390525,0.296301,-0.153298,-0.0667372,0.0184578,-0.0317812,0.00104452,0.0311435,-0.128932,0.0674162,0.00494118,0.332528,
0.0121533,2.29387,2.01893,4.40196,-3.71499,8.26751,-2.94755,0.880366,10.7237,-0.933176,0.565162,-0.00192431,0,0,0,0,0,0,0,0,0,0,0,0,0.0877332,0.64606,-1.85423,-0.136543,0.897986,-1.77051,0.0740336,0.80981,-1.74037,-0.0611233,0.832822,-1.88006,0.0877631,0.710153,-1.80523,-0.0281537,0.805467,-1.56485,0.000461817,0.832331,-1.4755,-0.0825437,0.847054,-1.8731,-0.0109574,0.269849,-0.0587362,-0.066381,0.0142392,-0.0410533,0.00467685,0.0204482,-0.128967,0.0763604,0.00409805,0.280149,
0.0203071,2.30865,2.06799,4.4246,-3.63709,8.29727,-2.96581,0.956741,10.8064,-0.937941,0.583756,-0.00946899,0,0,0,0,0,0,0,0,0,0,0,0,0.0875796,0.651058,-1.85687,-0.138039,0.898194,-1.77147,0.074115,0.810117,-1.74319,-0.0596459,0.832912,-1.8744,0.0879471,0.713727,-1.80829,-0.0291351,0.807433,-1.56512,5.11706e-05,0.834347,-1.47627,-0.0816973,0.847613,-1.86878,-0.00560499,0.198129,-0.125086,-0.0684422,0.00663587,-0.0434535,0.00325825,0.012431,-0.12972,0.0558852,0.00427446,0.23405,
0.036903,2.24553,2.03527,4.47152,-3.75481,8.3411,-2.99599,0.881131,10.8632,-0.943169,0.582804,-0.0644229,0,0,0,0,0,0,0,0,0,0,0,0,0.0874497,0.654843,-1.85913,-0.139542,0.898305,-1.77242,0.0741963,0.810371,-1.74608,-0.0587097,0.833012,-1.87002,0.0882278,0.71523,-1.81066,-0.0294635,0.80455,-1.56499,-0.000599816,0.832706,-1.47785,-0.0814949,0.847699,-1.86668,-0.00577834,0.169929,-0.0962948,-0.0683651,0.00462679,-0.043643,0.00414416,0.0122764,-0.133883,0.0317612,0.0046809,0.197966,
0.0562391,2.27734,1.96157,4.49966,-3.74015,8.33639,-3.0195,0.916254,10.9105,-0.948668,0.614175,-0.0638253,0,0,0,0,0,0,0,0,0,0,0,0,0.0873501,0.657314,-1.86045,-0.140643,0.898356,-1.77313,0.0742689,0.810524,-1.74821,-0.0582907,0.833089,-1.86735,0.088598,0.717967,-1.81336,-0.0298774,0.804891,-1.56582,-0.00109483,0.833604,-1.47875,-0.0814605,0.848564,-1.86513,-0.00632353,0.148779,-0.0780415,-0.0690433,0.00157181,-0.0442519,0.0049538,0.0069241,-0.132258,0.0218768,0.00480722,0.152751,
0.0806003,2.24137,1.89466,4.53956,-3.66596,8.34896,-3.0652,1.05121,11.0269,-0.94849,0.646419,-0.050924,0,0,0,0,0,0,0,0,0,0,0,0,0.0870574,0.661382,-1.86062,-0.142079,0.898358,-1.77421,0.0745027,0.810608,-1.7512,-0.0578981,0.833201,-1.86456,0.0888385,0.722024,-1.81541,-0.0302292,0.806696,-1.5668,-0.00183989,0.836948,-1.47898,-0.0813538,0.8495,-1.86312,-0.00935519,0.184296,-0.0861809,-0.0655698,-0.000527174,-0.0523941,0.0114972,0.0023909,-0.138416,0.0102619,0.00556753,0.108526,
0.0884022,2.12402,1.92296,4.60573,-3.98533,8.42861,-3.09032,0.806345,11.0777,-0.971991,0.637543,-0.161317,0,0,0,0,0,0,0,0,0,0,0,0,0.0869137,0.665017,-1.86334,-0.143526,0.89834,-1.77537,0.0747626,0.810662,-1.75427,-0.0577451,0.833411,-1.86261,0.0889909,0.722201,-1.81856,-0.0300473,0.798693,-1.56596,-0.00221687,0.8309,-1.48085,-0.0819041,0.849747,-1.86451,-0.00531302,0.163333,-0.131814,-0.0665859,-0.000555761,-0.0523496,0.0111422,0.00317391,-0.140734,0.00563049,0.0159292,0.0850899,
0.100242,1.82812,1.90809,4.7433,-5.16996,8.59991,-3.10993,-0.180035,11.0012,-1.13182,0.615957,-0.598406,0,0,0,0,0,0,0,0,0,0,0,0,0.0868016,0.668087,-1.86571,-0.144943,0.898243,-1.77643,0.0750507,0.810678,-1.75734,-0.0576259,0.833872,-1.86145,0.0891869,0.716763,-1.82025,-0.0278607,0.768737,-1.56251,-0.00226805,0.806108,-1.48576,-0.0857894,0.84981,-1.87578,-0.0048291,0.118933,-0.0900346,-0.0599943,-0.0102841,-0.0431849,0.0171752,-0.00275345,-0.138212,0.00527383,0.0215603,0.0251049,
0.11589,1.69991,1.93861,4.88053,-6.65321,8.71407,-3.10079,-1.35197,10.8675,-1.42339,0.747676,-1.27371,0,0,0,0,0,0,0,0,0,0,0,0,0.0867206,0.669409,-1.867,-0.145916,0.897633,-1.77705,0.0754693,0.810065,-1.7594,-0.057534,0.834132,-1.86143,0.0895213,0.712635,-1.8203,-0.025158,0.729508,-1.55987,-0.00134057,0.773985,-1.48951,-0.0929966,0.853009,-1.8941,-0.00386551,0.0291573,-0.0704455,-0.0502215,-0.0717639,-0.0268492,0.0283951,-0.0912248,-0.0716523,0.00488737,0.00743601,-0.0330499,
0.0903634,1.43845,2.48126,4.98429,-8.59097,8.71898,-3.02948,-2.8326,10.5578,-1.81474,1.03894,-1.90849,0,0,0,0,0,0,0,0,0,0,0,0,0.0866862,0.668869,-1.86913,-0.14698,0.89429,-1.77749,0.0762432,0.805459,-1.75921,-0.0574619,0.834325,-1.86685,0.0889665,0.702673,-1.81017,-0.0235599,0.673576,-1.55991,0.00155777,0.726283,-1.49299,-0.102801,0.860548,-1.92749,0.000851946,-0.086294,-0.122901,-0.0474893,-0.237572,-0.0155008,0.0420581,-0.334451,0.0910036,0.00118291,0.00997785,-0.517065,
0.0541158,1.64767,3.52414,4.96813,-9.87708,8.39258,-2.87483,-3.87229,10.1384,-2.17288,1.58656,-2.14219,0,0,0,0,0,0,0,0,0,0,0,0,0.0867273,0.662925,-1.87133,-0.148321,0.885734,-1.77778,0.0772603,0.793338,-1.75387,-0.0575517,0.835479,-1.8874,0.0881641,0.692674,-1.78502,-0.0259281,0.625378,-1.56824,0.00663909,0.677507,-1.49066,-0.112392,0.877265,-1.97282,0.00335555,-0.457687,-0.0720015,-0.0724007,-0.537146,-0.0108366,0.0499788,-0.760936,0.39038,-0.0207215,0.0848742,-1.27468,
0.0617001,1.73514,5.11786,5.05574,-11.1933,8.08837,-2.63503,-5.35703,9.84169,-2.40732,2.23428,-2.35677,0,0,0,0,0,0,0,0,0,0,0,0,0.0868888,0.650138,-1.87229,-0.150869,0.870717,-1.77819,0.0782115,0.773499,-1.74281,-0.059241,0.839488,-1.91926,0.088641,0.673384,-1.74471,-0.0292327,0.567054,-1.57665,0.0133224,0.609727,-1.47933,-0.123286,0.904111,-2.02678,0.00838572,-0.805307,-0.0148962,-0.190276,-0.953221,-0.0264926,0.0394584,-1.19386,0.697755,-0.154483,0.350638,-1.94379,
0.120737,1.82402,7.00683,5.39282,-12.3921,8.03086,-2.32573,-7.43408,10.065,-2.59168,3.24402,-2.66637,0,0,0,0,0,0,0,0,0,0,0,0,0.0873335,0.632728,-1.87175,-0.155867,0.848354,-1.77883,0.0789059,0.748393,-1.72762,-0.063993,0.848562,-1.95592,0.0909716,0.649461,-1.69402,-0.0321316,0.498322,-1.5798,0.0214829,0.522447,-1.45071,-0.136887,0.94838,-2.08301,0.0247895,-1.15472,0.1023,-0.443395,-1.60918,-0.0694691,0.0288114,-1.60375,1.01132,-0.324067,0.748695,-2.41713,
0.153513,2.97379,8.60338,5.80404,-10.2759,7.90932,-1.94652,-8.85959,10.741,-2.49917,4.33146,-2.39113,0,0,0,0,0,0,0,0,0,0,0,0,0.0886502,0.601463,-1.86706,-0.16948,0.794462,-1.77526,0.0797622,0.706028,-1.69941,-0.0733638,0.873846,-2.01529,0.0944188,0.634101,-1.64397,-0.0408181,0.445988,-1.55233,0.0317214,0.428787,-1.3921,-0.14929,1.02093,-2.14811,0.0772308,-1.66825,0.320565,-0.657574,-3.66302,1.00778,0.0248877,-2.23007,1.5515,-0.537884,1.55209,-2.92171,
0.153266,5.75984,8.70591,6.35981,-7.68927,9.90517,-1.84929,-9.37079,12.2294,-2.3326,5.10363,-2.02486,0,0,0,0,0,0,0,0,0,0,0,0,0.0917013,0.559524,-1.85671,-0.184937,0.703296,-1.7557,0.0813063,0.649859,-1.65909,-0.0871501,0.919444,-2.07865,0.0995913,0.650478,-1.62288,-0.0456351,0.402676,-1.49339,0.0371686,0.344736,-1.3004,-0.161889,1.11429,-2.20555,0.162334,-2.12168,0.647061,-0.787729,-4.33552,0.587332,0.0837843,-2.83414,2.11795,-0.656943,2.69003,-3.05129,
0.14421,8.65448,7.09884,6.52781,-6.5982,11.1313,-1.80933,-9.42535,13.2178,-2.23691,5.18143,-1.84132,0,0,0,0,0,0,0,0,0,0,0,0,0.0952943,0.525373,-1.84519,-0.193224,0.626627,-1.7314,0.082851,0.601339,-1.62193,-0.0988735,0.968887,-2.1242,0.105684,0.690034,-1.64875,-0.0433144,0.341822,-1.41078,0.0402928,0.283831,-1.22732,-0.172642,1.19111,-2.24561,0.27136,-2.06807,0.758873,-0.531437,-4.79401,1.69317,0.107005,-3.27498,2.56643,-0.713838,3.70736,-3.01502,
-0.640008,10.8328,4.07844,6.83229,-6.87943,13.063,-1.93851,-8.24698,14.0477,-1.95971,4.3949,-1.2913,0,0,0,0,0,0,0,0,0,0,0,0,0.105842,0.494183,-1.8261,-0.202347,0.531207,-1.69752,0.0859552,0.525001,-1.55919,-0.115094,1.05838,-2.18158,0.106084,0.750619,-1.71098,-0.039796,0.255963,-1.32779,0.042491,0.227732,-1.13025,-0.181685,1.27815,-2.27384,0.649671,-0.575334,0.526289,-0.330247,-4.13033,1.7262,0.199942,-3.64376,3.10978,-0.703899,4.39591,-2.39894,
-1.60677,9.21086,2.6925,6.85266,-5.92784,12.2374,-2.48596,-4.17907,12.4585,-1.54954,2.36106,0.925561,0,0,0,0,0,0,0,0,0,0,0,0,0.120365,0.525231,-1.81835,-0.208911,0.429198,-1.6444,0.0937046,0.43117,-1.47491,-0.128871,1.17053,-2.23248,0.0913691,0.825231,-1.75199,-0.04147,0.163579,-1.2579,0.0419105,0.222815,-1.06654,-0.180344,1.3491,-2.25439,0.446943,2.96602,-0.0381546,-0.155037,-4.69691,3.22255,0.414193,-4.15514,3.87644,-0.509371,4.78204,-1.80233,
-2.02415,7.11725,3.1807,5.99939,-6.3159,11.8706,-3.14268,-1.43626,11.1882,-0.681297,1.27535,2.48709,0,0,0,0,0,0,0,0,0,0,0,0,0.12612,0.5849,-1.82611,-0.210726,0.357234,-1.60109,0.101843,0.364068,-1.41081,-0.138397,1.24,-2.2508,0.0723958,0.876884,-1.76701,-0.063616,0.0832115,-1.23732,0.0382701,0.222884,-1.02864,-0.169783,1.37691,-2.20265,-0.124809,4.5621,-0.816508,-0.114979,-4.64498,2.68019,0.599765,-4.21112,4.09854,-0.574147,4.20103,-0.560861,
-2.94843,-0.826494,3.90272,4.57035,-2.60459,7.26955,-2.27277,2.73676,5.6132,1.00654,-2.9795,4.88758,0,0,0,0,0,0,0,0,0,0,0,0,0.121442,0.702489,-1.83368,-0.208536,0.245752,-1.5214,0.11696,0.272658,-1.32047,-0.150828,1.32015,-2.24672,0.0321988,0.824116,-1.73231,-0.092184,0.0484755,-1.24833,0.0777749,0.239103,-1.07822,-0.139096,1.32244,-2.09653,-0.621303,5.69158,0.152009,0.0837476,-5.28647,3.6529,0.705369,-4.07894,4.07679,-0.537288,3.07119,1.12022,
-3.83877,-10.3135,7.30479,1.68893,2.26673,0.756322,0.157424,6.30349,-2.73883,2.80048,-8.49571,6.08462,0,0,0,0,0,0,0,0,0,0,0,0,0.103457,0.80332,-1.82124,-0.199985,0.128403,-1.4272,0.131899,0.189629,-1.2387,-0.159834,1.35729,-2.18528,-0.0152415,0.622965,-1.61244,-0.144036,0.0626568,-1.31159,0.152032,0.264289,-1.22779,-0.0949359,1.15629,-1.93182,-0.909167,3.09931,1.04734,0.549047,-4.89659,3.86795,0.647875,-3.3171,3.17537,-0.204543,0.455587,4.05356,
-4.37137,-16.6264,14.2224,-0.111402,6.22682,-3.19129,3.60805,7.75034,-8.93715,4.29782,-13.8118,4.88697,0,0,0,0,0,0,0,0,0,0,0,0,0.0930234,0.810524,-1.79745,-0.183843,0.0450273,-1.35766,0.137334,0.157776,-1.21463,-0.160299,1.3181,-2.06348,-0.0176511,0.352714,-1.42455,-0.170905,0.134785,-1.39377,0.22522,0.36162,-1.45471,-0.0477092,0.875759,-1.77039,-0.055606,-1.68599,0.693516,0.628921,-2.63651,1.74662,-0.0925924,0.403446,-0.666069,0.205767,-3.88196,6.83676,
-1.62529,-19.2707,17.4038,-0.476532,8.64002,-4.55711,4.48409,7.47767,-7.13426,3.71927,-12.155,3.9173,0,0,0,0,0,0,0,0,0,0,0,0,0.088991,0.759606,-1.77577,-0.17103,0.0289943,-1.36328,0.135513,0.218535,-1.3048,-0.14473,1.1715,-1.89665,0.0379675,0.210333,-1.3057,-0.170333,0.268728,-1.51705,0.249792,0.518535,-1.6048,-0.0223574,0.638214,-1.59311,-0.415651,-2.70023,1.39899,0.50442,0.949336,-1.59343,0.0870666,4.533,-6.96399,1.17565,-9.17651,8.22405,
0.639457,-16.7747,16.5832,-1.2326,11.71,-6.23872,3.43086,6.85255,-6.13381,3.52867,-8.22128,8.58352,0,0,0,0,0,0,0,0,0,0,0,0,0.0764275,0.697233,-1.7479,-0.16568,0.0654022,-1.40013,0.142146,0.299977,-1.41421,-0.119574,1.01331,-1.77571,0.0814692,0.185547,-1.28357,-0.186461,0.365402,-1.65064,0.246826,0.599977,-1.71421,0.0116257,0.528757,-1.3521,-0.437789,-3.69272,1.99013,0.401365,3.78096,-3.78164,0.75635,6.03895,-7.59776,1.71933,-11.161,8.36081,
1.58646,-6.44146,10.4514,-1.08261,13.225,-4.06054,0.674665,6.86365,-3.57735,2.26422,-1.5281,13.3612,0,0,0,0,0,0,0,0,0,0,0,0,0.074472,0.603034,-1.67273,-0.161234,0.184475,-1.50467,0.169749,0.444494,-1.56728,-0.0779986,0.761106,-1.58362,0.122649,0.26618,-1.26158,-0.187676,0.484475,-1.75455,0.226894,0.744494,-1.82291,0.0291905,0.435786,-0.9912,0.340621,-7.0327,5.99437,0.024912,6.66516,-5.9348,1.6111,6.82971,-6.64786,2.02334,-11.4847,10.3358,
1.41791,2.5203,5.60396,-0.793751,14.6034,0.00733328,-2.03447,7.65866,-0.264819,1.69964,1.81732,13.9979,0,0,0,0,0,0,0,0,0,0,0,0,0.0893457,0.434938,-1.52445,-0.163465,0.342934,-1.63782,0.207845,0.596142,-1.70357,-0.0395482,0.540659,-1.32574,0.157986,0.304621,-1.19463,-0.178718,0.642934,-1.78861,0.199764,0.896142,-1.86456,0.0200789,0.420867,-0.753786,1.32771,-7.73298,7.58872,0.183615,7.28057,-6.03885,1.71123,7.07539,-6.17488,0.685445,-6.60901,8.88039,
-5.95511,2.40887,6.40457,-1.93882,14.3512,4.38908,-1.49484,4.37317,0.683836,1.71624,4.26444,19.302,0,0,0,0,0,0,0,0,0,0,0,0,0.139773,0.283165,-1.3719,-0.148232,0.482475,-1.73796,0.231055,0.739324,-1.80832,-0.0393834,0.481964,-1.30731,0.0650814,0.206969,-1.07439,-0.170294,0.782475,-1.71459,0.196464,1.00995,-1.88499,0.00824659,0.530295,-0.847158,2.96744,-5.45673,5.49574,1.05632,6.00874,-3.45453,0.111184,6.45188,-3.75057,0.188955,-2.3312,-0.895935,
-7.42107,-0.0194135,7.79239,-0.0872621,8.69456,8.18715,0.733,4.02288,-0.28374,-0.299861,6.84975,15.7202,0,0,0,0,0,0,0,0,0,0,0,0,0.180785,0.21198,-1.30899,-0.135963,0.573155,-1.76668,0.218553,0.836555,-1.8487,-0.0344562,0.432095,-1.3104,0.0380015,0.110276,-1.04688,-0.128465,0.873155,-1.56673,0.199595,1.09332,-1.90291,-0.0388546,0.520844,-0.916525,1.70974,-4.04871,2.69237,0.387215,5.96569,-0.189174,-1.49131,6.24787,-1.88437,0.123927,-3.29979,0.0349534,
-5.64611,2.33441,5.14849,2.24453,-3.58161,13.5981,1.03862,1.19115,1.30144,-1.95763,9.23501,15.2267,0,0,0,0,0,0,0,0,0,0,0,0,0.198098,0.127698,-1.25747,-0.13527,0.707776,-1.72616,0.180156,0.974822,-1.87371,-0.0383129,0.361595,-1.30465,0.0645014,0.0936485,-1.06581,-0.087427,0.755912,-1.38139,0.170995,1.16099,-1.85981,-0.0940222,0.519908,-0.915828,0.302236,-3.69638,2.51793,-0.330822,5.50702,0.192778,-1.40507,6.25544,-0.745152,-0.270742,-2.9025,0.326199,
-2.39796,5.29904,0.568266,4.53859,-8.12234,14.8832,-2.76582,-6.16137,4.73776,-4.52443,10.1793,10.1446,0,0,0,0,0,0,0,0,0,0,0,0,0.200614,0.0531903,-1.19798,-0.147153,0.772272,-1.72034,0.167604,1.09674,-1.87413,-0.0399594,0.30693,-1.29391,0.138272,0.113318,-1.12032,-0.0431252,0.573618,-1.29794,0.0953238,1.06736,-1.74017,-0.150375,0.5091,-1.02503,-0.0957213,-2.89395,2.53806,-0.377485,0.176184,2.01252,-0.125382,4.98647,0.62036,0.107796,-2.09247,0.610911,
1.11299,4.29464,-3.29511,4.74378,-11.997,13.4087,-6.16225,-13.2771,3.77857,-5.49278,9.07536,0.0788367,0,0,0,0,0,0,0,0,0,0,0,0,0.184394,0.0222662,-1.16118,-0.144288,0.738448,-1.67906,0.164856,1.15956,-1.81896,-0.0393215,0.27937,-1.28586,0.184989,0.1282,-1.2215,-0.0114853,0.380569,-1.287,0.00158354,0.847445,-1.62335,-0.17929,0.494174,-1.28137,-1.08917,-0.0572856,0.882201,0.568316,-2.31812,2.27373,-0.368648,0.792411,4.0459,-0.105941,-0.483193,0.100716,
1.46189,5.24323,-5.90677,4.01013,-13.5329,10.8464,-6.04593,-14.6938,2.47168,-5.00494,8.20895,-6.35597,0,0,0,0,0,0,0,0,0,0,0,0,0.164733,0.04534,-1.17546,-0.126694,0.683227,-1.61802,0.150746,1.14259,-1.74823,-0.045796,0.286227,-1.28892,0.181512,0.227744,-1.36818,-0.00383962,0.280021,-1.27431,-0.0379514,0.690473,-1.54892,-0.194502,0.534783,-1.46142,-0.790702,2.05293,-1.80203,0.904069,-2.59535,2.90215,-1.50195,-3.39108,5.50072,-0.943316,1.73331,-0.544135,
0.0652216,5.74057,-4.77938,2.02927,-11.8639,10.1507,-3.21695,-8.8919,4.25433,-3.1734,6.89995,-7.18478,0,0,0,0,0,0,0,0,0,0,0,0,0.157329,0.0926185,-1.22599,-0.108931,0.639689,-1.5676,0.0994956,1.00726,-1.62346,-0.0801629,0.368562,-1.32181,0.152569,0.334865,-1.47112,-0.0284194,0.269581,-1.23547,-0.0525773,0.578635,-1.3761,-0.204373,0.668562,-1.60107,-0.255593,3.94928,-5.02588,1.19118,-2.94043,3.13432,-2.86597,-8.25319,5.64019,-1.79502,5.3334,-3.98598,
-0.426418,6.41766,-2.119,-0.236327,-3.39489,6.23443,-0.554173,-0.907856,10.5904,-0.84007,7.7909,-3.63074,0,0,0,0,0,0,0,0,0,0,0,0,0.155876,0.200581,-1.3584,-0.0825828,0.558233,-1.48839,0.0334695,0.799493,-1.49019,-0.124189,0.509079,-1.45212,0.143035,0.500581,-1.57005,-0.0621071,0.340637,-1.18433,-0.0545295,0.5259,-1.04819,-0.202043,0.809079,-1.72244,-0.0872566,5.59615,-6.3472,1.05536,-5.30895,5.92802,-2.96579,-10.0359,7.08964,-2.27412,7.18506,-7.18187,
0.89236,9.80922,-1.76916,0.205183,1.52279,1.9479,-1.33484,2.60353,18.238,1.52532,8.14614,-1.98029,0,0,0,0,0,0,0,0,0,0,0,0,0.151935,0.331191,-1.47764,-0.0619414,0.441868,-1.36172,-0.0144606,0.617899,-1.33776,-0.176433,0.664841,-1.59475,0.155785,0.631191,-1.65296,-0.0492629,0.35555,-1.17908,-0.0604245,0.582086,-0.807188,-0.197633,0.964841,-1.80365,-0.738363,6.38441,-5.24393,0.301959,-4.97551,5.35756,-0.503715,-4.03607,2.98505,-2.37329,7.0685,-6.37575,
1.29175,11.999,0.582266,4.87267,0.531926,3.804,-1.58328,3.59269,22.6709,2.06585,6.13837,-2.91987,0,0,0,0,0,0,0,0,0,0,0,0,0.124138,0.46543,-1.57683,-0.0729983,0.34433,-1.26655,-0.0117046,0.592049,-1.36518,-0.20983,0.780859,-1.69341,0.11928,0.76543,-1.66955,0.0260918,0.269253,-1.10565,-0.047284,0.650522,-0.856236,-0.185162,1.08086,-1.90038,-1.48609,6.11279,-4.29093,-0.909074,-3.53498,2.6321,0.160106,-1.25376,-2.31333,-1.07914,6.52448,-5.35886,
-0.231328,9.13866,2.12515,5.89585,-1.35541,8.98388,-0.899919,7.05157,20.399,0.614614,4.57866,-1.0243,0,0,0,0,0,0,0,0,0,0,0,0,0.105124,0.558953,-1.62828,-0.0883241,0.293034,-1.24408,-0.0136484,0.541162,-1.38491,-0.209554,0.903351,-1.78168,0.0754985,0.858953,-1.64007,0.0389228,0.179411,-0.998891,-0.0379255,0.636049,-0.877941,-0.168646,1.17534,-1.91824,-0.953675,6.18157,-2.59655,-0.805972,-3.18952,0.823695,-0.0711646,-3.25612,-0.120025,1.02169,6.30082,-4.43798,
-1.10171,0.163762,2.19968,4.40523,1.07187,8.07701,-0.789119,10.3472,16.5634,-0.393964,0.225536,1.74389,0,0,0,0,0,0,0,0,0,0,0,0,0.0856706,0.71854,-1.65318,-0.100041,0.211366,-1.22186,-0.0103094,0.453083,-1.3683,-0.166413,1.0576,-1.87234,0.0354149,0.892568,-1.591,0.00471,0.147886,-0.98601,-0.021993,0.616762,-0.924794,-0.126567,1.21886,-1.89417,-0.908522,6.79733,0.287387,-0.215198,-3.61106,1.35685,0.321778,-3.80005,1.17703,1.98781,6.22498,-2.61702,
-0.973765,-7.98958,2.23894,2.57293,2.7332,3.85574,0.336098,11.9392,10.3313,0.391034,-4.23492,2.7671,0,0,0,0,0,0,0,0,0,0,0,0,0.0605738,0.847878,-1.61939,-0.101086,0.1531,-1.19649,-0.00424035,0.393289,-1.34682,-0.139703,1.14414,-1.89383,0.0019212,0.771016,-1.50468,-0.0352348,0.130631,-1.05559,0.014297,0.601656,-1.05443,-0.0925921,1.15951,-1.83668,-1.37234,4.9151,2.34962,0.0611248,-3.63195,1.78014,0.405398,-3.60452,1.36418,1.49342,4.84953,-0.481309,
-1.64221,-15.4376,6.06003,0.578784,5.94859,-0.442328,2.25466,13.1154,1.7107,1.99659,-9.79317,4.14866,0,0,0,0,0,0,0,0,0,0,0,0,0.0399822,0.898566,-1.57344,-0.0985471,0.0777932,-1.15766,0.00622479,0.326502,-1.32565,-0.117415,1.2162,-1.88094,-0.0259503,0.54456,-1.35647,-0.0794325,0.150995,-1.13462,0.0758321,0.600913,-1.27815,-0.0527657,1.00826,-1.73324,-0.995093,1.27742,2.61879,0.185801,-3.0205,1.36381,0.529631,-2.13899,0.189358,0.58937,1.47556,1.75942,
-1.15332,-19.6,11.8015,-1.04364,8.59562,-2.93133,3.94161,9.61851,-5.3958,4.07586,-11.8569,3.30394,0,0,0,0,0,0,0,0,0,0,0,0,0.031086,0.889573,-1.5757,-0.0945731,0.0451229,-1.14982,0.0159108,0.327065,-1.34794,-0.112982,1.19705,-1.81586,-0.00674,0.369172,-1.30027,-0.112481,0.256179,-1.2261,0.128158,0.627065,-1.51443,-0.0087584,0.822415,-1.62069,-0.359723,-1.21606,-0.784312,0.327333,-0.153394,-0.120117,0.548256,2.4504,-1.26355,0.0930879,-3.12862,4.5027,
0.969965,-19.6197,11.3799,-1.63517,9.34675,-3.33077,3.4047,4.4655,-5.43878,3.20215,-8.73918,3.24114,0,0,0,0,0,0,0,0,0,0,0,0,0.0203459,0.855388,-1.58296,-0.0911693,0.0776696,-1.19097,0.0324663,0.437223,-1.40307,-0.101288,1.08256,-1.70812,0.0303183,0.319019,-1.29411,-0.129887,0.37767,-1.34689,0.142701,0.716745,-1.66384,0.00625982,0.68325,-1.48572,-0.571069,-1.83505,0.17438,0.0864713,3.2393,-2.90595,1.00467,6.7154,-4.99179,1.09975,-7.23333,5.65501,
2.69618,-16.2661,9.20253,-1.66903,7.84092,-2.16232,1.62674,2.29125,-2.99731,1.61651,-3.61151,8.57126,0,0,0,0,0,0,0,0,0,0,0,0,0.0031123,0.80835,-1.56763,-0.0925153,0.186083,-1.26389,0.0609626,0.593674,-1.52082,-0.0660182,0.902035,-1.58345,0.049241,0.340673,-1.31277,-0.139068,0.486083,-1.42506,0.138969,0.832278,-1.74814,0.0203461,0.588022,-1.21575,-0.851027,-2.44106,0.991947,-0.193066,6.39849,-4.28456,1.49352,7.25294,-6.09547,1.83807,-8.94904,6.1366,
3.6957,-10.8409,7.07105,-1.46983,8.84693,-0.639472,-0.0140295,3.54834,-1.04041,0.875039,1.6715,13.3652,0,0,0,0,0,0,0,0,0,0,0,0,-0.00980881,0.754473,-1.54829,-0.101923,0.307282,-1.33918,0.0898252,0.712025,-1.61926,-0.0334294,0.744903,-1.45966,0.0730429,0.394479,-1.34386,-0.155515,0.607282,-1.46509,0.129906,0.960017,-1.78142,0.0291823,0.564727,-0.892829,-0.38163,-3.55885,1.10606,-0.673838,7.11153,-4.39707,1.61726,6.37133,-5.44623,1.62943,-8.87856,9.30799,
-3.79564,-0.979405,4.52227,-2.33798,11.4801,2.51544,-0.715859,3.17581,-0.030457,1.5797,4.29147,19.7407,0,0,0,0,0,0,0,0,0,0,0,0,0.0235775,0.615277,-1.47536,-0.105576,0.454969,-1.42486,0.122827,0.836996,-1.72169,-0.0239448,0.645976,-1.39733,-0.00102159,0.399561,-1.26212,-0.160234,0.754969,-1.45617,0.132169,1.04583,-1.81627,0.0209871,0.679968,-0.912879,2.81168,-7.64926,4.00722,0.151667,6.07611,-3.76809,1.08951,5.17739,-3.75279,0.217576,-2.9318,-0.362544,
-5.13678,1.30639,7.27126,-0.434124,9.64785,4.14889,0.764474,4.44123,0.0953066,-0.16104,7.36097,18.4459,0,0,0,0,0,0,0,0,0,0,0,0,0.0740228,0.470527,-1.41765,-0.109931,0.577803,-1.48604,0.128167,0.914038,-1.76696,-0.0194131,0.593296,-1.40189,-0.0198062,0.375047,-1.19835,-0.135128,0.877803,-1.41769,0.138709,1.14798,-1.82552,-0.0176948,0.692168,-0.945067,1.38362,-5.12562,1.5008,-0.573777,5.65862,-1.41497,-0.342795,4.91636,-2.43754,0.229772,-3.40608,-0.173143,
-4.53626,0.614951,7.34036,1.24894,4.77619,5.11091,0.954992,2.026,0.273023,-1.25126,8.56058,18.4977,0,0,0,0,0,0,0,0,0,0,0,0,0.0891647,0.401037,-1.39815,-0.12203,0.664806,-1.50158,0.121191,1.0155,-1.80019,-0.0159256,0.513036,-1.39342,-0.0078096,0.317269,-1.18149,-0.108693,0.927036,-1.37176,0.133504,1.18434,-1.8178,-0.0456772,0.638066,-0.915141,0.657288,-3.9657,1.32615,-0.715464,5.71301,0.0821475,-0.462478,4.72759,-0.977526,0.0611906,-3.55939,0.63345,
-3.10975,1.98959,5.73789,2.69438,-1.19773,3.88123,-0.347123,-1.93443,2.29786,-2.3224,10.324,16.7336,0,0,0,0,0,0,0,0,0,0,0,0,0.0992186,0.320095,-1.36224,-0.135174,0.786236,-1.48902,0.115553,1.11809,-1.81035,-0.0155529,0.440034,-1.37466,0.0307282,0.28168,-1.17298,-0.0787297,0.885216,-1.3696,0.103867,1.17838,-1.75552,-0.073022,0.617188,-0.927818,0.37013,-3.52618,1.83237,-0.436613,5.1569,0.895339,-0.120321,4.34621,-0.104755,0.023639,-3.23782,1.14023,
-1.15904,3.25738,4.61328,3.84005,-6.55912,3.11258,-2.00805,-6.55091,4.91304,-2.95627,12.8457,9.53061,0,0,0,0,0,0,0,0,0,0,0,0,0.103763,0.245806,-1.32088,-0.136641,0.878254,-1.4445,0.113699,1.18638,-1.79346,-0.0180032,0.37144,-1.34639,0.0785843,0.246422,-1.15738,-0.036766,0.790131,-1.33255,0.0606706,1.07159,-1.62744,-0.0967744,0.618566,-1.07447,0.151914,-3.23271,1.92681,0.154945,3.03417,1.36545,-0.113089,1.95924,1.72774,-0.194579,-2.96061,1.34629,
-0.0407122,3.92227,3.8814,4.27685,-10.7887,5.03597,-3.14646,-10.8362,2.8899,-2.85291,11.9301,1.77144,0,0,0,0,0,0,0,0,0,0,0,0,0.105641,0.182803,-1.28012,-0.127027,0.906079,-1.41216,0.109617,1.1905,-1.72445,-0.0298027,0.326799,-1.33226,0.107191,0.221363,-1.13036,-0.0116938,0.628258,-1.28744,0.0255712,0.881273,-1.53315,-0.122872,0.604983,-1.29459,0.1027,-2.37984,2.10874,0.336496,-0.324149,-0.0470671,-0.215366,-1.53294,4.76208,-0.869877,-0.802761,-0.264762,
-0.0149641,6.60735,1.9844,3.64105,-13.304,4.57299,-4.0041,-11.5533,2.02666,-2.61239,9.18464,-3.68072,0,0,0,0,0,0,0,0,0,0,0,0,0.112134,0.142915,-1.24357,-0.117721,0.883116,-1.41782,0.104493,1.14715,-1.64521,-0.0479118,0.340195,-1.33276,0.123369,0.272133,-1.15224,-0.0127495,0.515752,-1.30436,-0.00613158,0.749885,-1.4541,-0.143191,0.623324,-1.4771,0.464359,-1.43862,1.66871,0.557805,-1.39057,-0.034813,-0.420875,-4.33711,5.61789,-1.19877,2.14052,-2.09302,
-0.813541,7.96705,0.0787206,2.27122,-12.8642,3.78512,-2.28898,-7.23314,4.396,-1.92593,6.35509,-5.72069,0,0,0,0,0,0,0,0,0,0,0,0,0.121652,0.130057,-1.22413,-0.106235,0.859798,-1.41416,0.0870802,1.0182,-1.53204,-0.0770711,0.438079,-1.36674,0.117102,0.328106,-1.20264,-0.0303861,0.49981,-1.31061,-0.00136953,0.656935,-1.29586,-0.158674,0.738079,-1.60044,0.631545,-0.0450747,0.780979,0.76274,-1.53531,0.356747,-1.249,-7.21753,5.05149,-1.33817,6.06927,-3.6272,
-0.332284,10.1845,-0.523315,2.80858,-8.11523,3.01507,-2.52011,-5.52402,10.145,-0.392696,5.00429,-3.31329,0,0,0,0,0,0,0,0,0,0,0,0,0.132706,0.155044,-1.23307,-0.0946035,0.821104,-1.40651,0.0622841,0.883538,-1.46024,-0.107245,0.590988,-1.47788,0.125878,0.455044,-1.27972,-0.0265425,0.565326,-1.32798,-0.00692329,0.689091,-1.23285,-0.152645,0.890988,-1.70391,0.0591671,1.92155,-1.34238,-0.0861438,-2.11591,0.126146,-0.248188,-2.25384,-1.04949,-1.42329,7.14196,-5.72774,
-0.0199907,12.7772,1.26847,4.6548,-4.3779,4.64937,-2.56212,-2.18577,12.6418,0.838462,5.13635,-1.81682,0,0,0,0,0,0,0,0,0,0,0,0,0.128025,0.209919,-1.29187,-0.107203,0.762355,-1.40615,0.0598553,0.857781,-1.51895,-0.130966,0.736581,-1.59282,0.119376,0.509919,-1.36018,-0.0113494,0.590271,-1.30407,-0.00901614,0.76818,-1.26727,-0.124189,1.03349,-1.77372,-0.325962,3.39744,-4.00095,-0.820678,-2.50545,-0.566247,-0.192731,-1.39826,-2.57479,-0.567359,6.7398,-5.41932,
-0.781155,11.9347,2.5468,5.44258,-4.25645,7.603,-2.50577,0.920665,14.4947,0.452551,2.6882,-0.477893,0,0,0,0,0,0,0,0,0,0,0,0,0.12389,0.297214,-1.37707,-0.125255,0.707448,-1.42275,0.054775,0.81011,-1.55584,-0.128619,0.881266,-1.69367,0.102723,0.597214,-1.3941,-0.00635807,0.538861,-1.25025,-0.0115464,0.770411,-1.22237,-0.0992192,1.11975,-1.81046,-0.065555,4.61216,-3.22797,-0.686712,-2.48705,-0.703148,-0.147083,-2.50864,-1.15595,0.723434,6.85112,-4.19391,
-1.07703,11.1422,1.70399,5.47878,-4.99988,9.76373,-2.65517,1.16888,15.9672,-0.117854,0.745247,-1.42461,0,0,0,0,0,0,0,0,0,0,0,0,0.125032,0.372409,-1.44372,-0.136887,0.661385,-1.43165,0.0519059,0.760981,-1.56789,-0.111665,0.997302,-1.75016,0.0986833,0.672409,-1.47021,-0.0141648,0.469916,-1.19304,-0.0172801,0.718842,-1.17664,-0.0840393,1.17214,-1.85065,0.023088,4.45143,-2.7634,-0.569907,-2.65888,-0.219677,-0.112273,-2.85444,-0.317309,1.22289,6.24846,-2.59492,
-0.85207,9.22069,0.112529,5.23319,-4.61793,10.068,-2.86887,1.76166,16.3247,-0.84291,-0.700192,-1.47764,0,0,0,0,0,0,0,0,0,0,0,0,0.124215,0.471884,-1.50769,-0.148009,0.599206,-1.42709,0.0493525,0.695262,-1.56514,-0.083128,1.11632,-1.79447,0.0976164,0.771884,-1.55677,-0.0279271,0.408523,-1.16075,-0.0245334,0.660576,-1.14422,-0.0707821,1.21325,-1.87607,-0.211886,4.94676,-2.07567,-0.429932,-3.00937,0.585777,-0.0865686,-3.14909,0.512212,1.33675,4.57749,-1.78604,
-0.494582,6.08646,-0.324757,5.04404,-4.35623,9.24174,-3.01392,1.97216,15.3834,-1.03358,-1.46369,-1.00821,0,0,0,0,0,0,0,0,0,0,0,0,0.116386,0.588809,-1.56709,-0.156251,0.528461,-1.40517,0.0474569,0.642872,-1.55211,-0.0645005,1.17491,-1.82,0.0898929,0.887285,-1.62863,-0.0377222,0.334984,-1.14133,-0.0292258,0.607061,-1.14072,-0.0630849,1.21511,-1.88553,-0.565144,5.85256,-2.13655,-0.302899,-3.38284,1.3116,-0.0533838,-3.40461,1.0721,1.09021,3.07164,-1.61307,
-0.395229,2.92763,-0.127868,4.41252,-4.1063,7.3693,-2.81896,3.55122,13.6156,-0.763349,-1.52154,0.755398,0,0,0,0,0,0,0,0,0,0,0,0,0.104359,0.688529,-1.59278,-0.159766,0.472218,-1.38073,0.0473567,0.565325,-1.52287,-0.0467669,1.21636,-1.84863,0.0758027,0.925243,-1.67255,-0.0539297,0.278699,-1.15328,-0.0228608,0.563977,-1.14462,-0.0524263,1.20193,-1.85611,-0.747033,6.54095,-3.06283,-0.179078,-3.63446,1.72883,0.0102617,-3.60515,1.51454,0.53697,0.944304,-1.0549,
-0.687816,-3.6656,0.493194,2.99128,-0.596781,3.62096,-1.6761,7.66105,9.0629,0.232817,-2.94803,4.10572,0,0,0,0,0,0,0,0,0,0,0,0,0.0819816,0.843048,-1.63925,-0.16174,0.381484,-1.33465,0.0491722,0.477177,-1.48363,-0.0391808,1.21733,-1.86062,0.0396165,0.898045,-1.65548,-0.0877299,0.270037,-1.19392,0.00993276,0.575863,-1.21471,-0.0286216,1.13019,-1.75751,-1.00679,5.86549,-1.14269,-0.0308812,-3.86107,2.00827,0.106519,-3.71363,1.69395,0.18955,-0.537748,0.0186769,
-1.65906,-10.3172,3.03749,1.4301,3.57205,-0.136423,0.0924627,11.6473,3.84272,1.29533,-6.01727,5.34887,0,0,0,0,0,0,0,0,0,0,0,0,0.0633241,0.929553,-1.64533,-0.161142,0.306731,-1.29668,0.0518949,0.40909,-1.45643,-0.0376707,1.19192,-1.84406,-0.000876062,0.743618,-1.56322,-0.123439,0.306958,-1.25749,0.0584391,0.62612,-1.33808,-0.00462797,0.991554,-1.65021,-0.908945,2.8798,0.246763,0.0780105,-3.56297,1.70404,0.169304,-2.96611,0.891531,0.026378,-1.99722,2.40521,
-1.75494,-15.3561,7.09557,0.080238,7.0117,-1.99993,1.80127,12.3891,-1.33971,1.90491,-8.92171,3.1178,0,0,0,0,0,0,0,0,0,0,0,0,0.0484408,0.944256,-1.62536,-0.158587,0.254124,-1.27774,0.0551956,0.377875,-1.45353,-0.0371029,1.14457,-1.76781,-0.0118611,0.533243,-1.40889,-0.148978,0.38012,-1.31929,0.104963,0.677875,-1.49728,0.0106844,0.829348,-1.56883,-0.657134,-1.08441,1.5635,0.304132,-1.97185,0.337978,0.189433,-0.0893496,-0.410326,0.00658149,-3.6871,4.84143,
-0.479715,-16.9467,10.4492,-0.468358,8.45229,-1.24661,3.03275,8.2894,-2.79365,2.58349,-6.88842,3.49959,0,0,0,0,0,0,0,0,0,0,0,0,0.0355353,0.915279,-1.63829,-0.152894,0.253088,-1.30283,0.056872,0.4354,-1.4983,-0.0376599,1.03047,-1.64505,0.00378514,0.454117,-1.40102,-0.159622,0.504321,-1.37949,0.133254,0.7354,-1.63979,0.0274911,0.701358,-1.41715,-0.790292,-1.49973,-0.958242,0.199215,1.59703,-1.81958,0.0225384,4.87172,-2.86572,0.0225551,-6.2761,5.61667,
1.10221,-14.864,9.64826,-0.168605,8.68484,0.203447,1.87227,5.16588,-1.55589,1.54468,-3.62181,8.57029,0,0,0,0,0,0,0,0,0,0,0,0,0.0142142,0.875786,-1.64902,-0.154606,0.31606,-1.35926,0.0640079,0.566369,-1.57617,-0.0295651,0.883995,-1.52675,0.0195894,0.450787,-1.41107,-0.162541,0.61606,-1.43143,0.129067,0.864241,-1.71029,0.0263348,0.613715,-1.15849,-0.887196,-2.13592,-0.13054,-0.148784,4.15668,-3.09028,0.730078,6.749,-3.80876,0.691321,-7.18939,6.16007,
-2.31215,-9.81171,9.73036,-1.22867,12.8694,0.0602295,1.22287,4.7192,-1.75156,3.17317,-1.86344,16.8218,0,0,0,0,0,0,0,0,0,0,0,0,0.01266,0.832319,-1.65185,-0.152367,0.384395,-1.41075,0.0807537,0.67057,-1.62395,-0.0331579,0.836256,-1.52359,-0.0292552,0.505696,-1.41539,-0.171293,0.684395,-1.49324,0.137746,0.954419,-1.74317,0.0359257,0.747136,-1.14962,0.635538,-3.25319,-0.271949,0.471619,4.61214,-3.35983,1.05684,6.63475,-3.0174,-0.409828,-1.70134,-1.863,
-4.37075,-2.27118,9.71418,-1.37176,12.3274,1.18492,1.32722,5.39339,-0.146598,1.9198,4.82139,17.6199,0,0,0,0,0,0,0,0,0,0,0,0,0.0422432,0.727714,-1.637,-0.138861,0.506223,-1.48421,0.0972676,0.826839,-1.69137,-0.036926,0.779158,-1.55904,-0.0402487,0.563133,-1.3791,-0.163641,0.806223,-1.50918,0.13884,1.1195,-1.75446,0.00971171,0.82347,-1.13767,1.07107,-4.31203,0.60208,0.380582,5.58306,-2.18367,0.335695,6.3131,-2.37691,-0.0542898,-3.04889,-0.765135,
-4.21987,-0.0791004,9.33854,-0.313343,8.77483,1.40866,1.26834,2.52146,-0.0859079,1.29732,6.59334,18.5446,0,0,0,0,0,0,0,0,0,0,0,0,0.0602367,0.638126,-1.61964,-0.13816,0.629325,-1.5229,0.101175,0.962423,-1.7271,-0.0374787,0.717475,-1.56126,-0.0306954,0.541593,-1.36157,-0.146512,0.929325,-1.50512,0.134538,1.19353,-1.76172,-0.00771169,0.797892,-1.09467,0.582585,-3.78223,0.984184,-0.0207151,6.20426,-0.697432,0.0661726,6.72293,-1.29886,-0.106643,-3.37667,0.118848,
-3.69038,-0.251206,9.11193,0.631432,5.48294,1.47067,0.590199,-0.756271,0.120494,1.04013,7.09125,18.6463,0,0,0,0,0,0,0,0,0,0,0,0,0.0680097,0.58023,-1.6024,-0.141466,0.72554,-1.53888,0.10355,1.06541,-1.73848,-0.0409464,0.652242,-1.55375,-0.0140815,0.485667,-1.34488,-0.128647,1.0208,-1.50858,0.121599,1.20375,-1.74616,-0.0205076,0.748958,-1.0721,0.406733,-3.53135,1.18891,-0.118678,6.32726,-0.258601,0.131759,6.29001,-0.427448,-0.222582,-3.22259,0.619531,
-2.33511,0.96146,7.52224,1.16672,-0.633916,0.0493087,-0.529723,-3.99698,1.77459,0.937179,9.1315,15.7418,0,0,0,0,0,0,0,0,0,0,0,0,0.0734148,0.496789,-1.56937,-0.13831,0.87856,-1.51858,0.106673,1.18755,-1.73988,-0.0489364,0.574884,-1.53223,0.0173758,0.433185,-1.34269,-0.0981756,1.02332,-1.49175,0.0952235,1.18101,-1.68874,-0.0358745,0.719897,-1.10909,0.0935521,-3.50562,1.54458,0.438673,6.4242,1.02374,0.071745,3.73563,0.270798,-0.414702,-3.331,1.18385,
-1.0698,2.5875,6.207,1.41914,-5.46818,-0.113646,-1.47683,-6.40422,3.46394,0.555069,11.4932,10.127,0,0,0,0,0,0,0,0,0,0,0,0,0.0743703,0.419482,-1.53298,-0.121143,1.0016,-1.49364,0.107232,1.22964,-1.71535,-0.0594908,0.50182,-1.50309,0.0484885,0.397412,-1.33498,-0.0598428,0.978366,-1.46458,0.0694935,1.08306,-1.58396,-0.059054,0.70953,-1.21694,0.0345288,-3.47033,1.71306,1.03285,4.53878,1.27605,-0.0327142,0.541212,1.79162,-0.537597,-3.18477,1.31913,
-0.0613985,4.53167,5.36867,1.59789,-8.65803,0.405775,-2.06424,-8.83118,2.23886,0.416804,12.1504,4.01393,0,0,0,0,0,0,0,0,0,0,0,0,0.0747892,0.365961,-1.5053,-0.103167,1.05228,-1.47129,0.105991,1.21876,-1.67484,-0.0703733,0.461222,-1.48591,0.0730719,0.398173,-1.32717,-0.033532,0.884381,-1.42098,0.0518281,0.949433,-1.52648,-0.0805278,0.726614,-1.34629,-0.00729468,-3.24318,1.75674,1.1875,1.94201,1.60665,-0.1023,-1.94199,3.6955,-0.822984,-1.53474,1.57121,
0.0253091,6.89111,4.06899,1.44723,-7.98059,2.49321,-2.48309,-6.69877,3.0229,0.714607,11.1745,1.49271,0,0,0,0,0,0,0,0,0,0,0,0,0.0775423,0.302924,-1.47071,-0.0784821,1.0542,-1.44495,0.100874,1.1395,-1.58121,-0.0912381,0.461798,-1.48895,0.0874175,0.415338,-1.33621,-0.0252803,0.83603,-1.39274,0.0325972,0.848923,-1.39743,-0.0952394,0.761798,-1.48893,0.369697,-2.39455,1.31111,0.680846,-0.74631,-0.40463,-0.247994,-4.9242,4.32849,-0.874658,1.60743,-1.4919,
1.01977,10.9379,2.96046,2.70824,-6.90858,3.43008,-3.96476,-4.29548,9.61441,0.580429,7.06766,0.74965,0,0,0,0,0,0,0,0,0,0,0,0,0.0861793,0.269263,-1.4496,-0.0725002,1.03847,-1.47879,0.0987023,1.0679,-1.55845,-0.104494,0.533458,-1.52838,0.115026,0.523742,-1.3504,-0.00927699,0.844817,-1.44162,0.00322817,0.93363,-1.37401,-0.098485,0.822465,-1.56196,0.134081,-0.758812,1.00746,-0.179313,-0.837652,-1.94316,0.145792,-1.0752,-2.23683,-0.340059,4.49262,-2.0929,
0.729139,11.2752,3.13119,3.70671,-2.49207,4.45761,-3.8982,0.432092,13.1481,1.32939,4.30523,3.13547,0,0,0,0,0,0,0,0,0,0,0,0,0.088978,0.273776,-1.46313,-0.0840291,1.01205,-1.52403,0.100317,1.04696,-1.62341,-0.110463,0.65069,-1.58364,0.113697,0.573776,-1.41602,-0.00682224,0.917629,-1.4573,0.00149351,1.03055,-1.35586,-0.0813208,0.887565,-1.56754,0.259615,1.5632,-1.24688,-0.618434,-1.28458,-1.78837,-0.0547575,-1.08843,-2.44612,-0.163706,5.16978,-2.49146,
0.384562,11.1465,2.27038,3.86627,-2.29017,4.49276,-3.80755,1.35205,13.7446,1.55063,3.41195,2.60602,0,0,0,0,0,0,0,0,0,0,0,0,0.088978,0.273776,-1.46313,-0.0840291,1.01205,-1.52403,0.100317,1.04696,-1.62341,-0.110463,0.65069,-1.58364,0.105082,0.573776,-1.43754,-0.00283325,0.922676,-1.45642,0.00375974,1.05355,-1.34095,-0.0757899,0.865233,-1.58077,0.259615,1.5632,-1.24688,-0.618434,-1.28458,-1.78837,-0.0547575,-1.08843,-2.44612,-0.163706,5.16978,-2.49146,
-0.0124058,13.3073,2.3202,3.67722,2.55433,4.18279,-3.18106,5.73013,17.7485,2.2365,3.08138,4.86392,0,0,0,0,0,0,0,0,0,0,0,0,0.088978,0.273776,-1.46313,-0.0840291,1.01205,-1.52403,0.100317,1.04696,-1.62341,-0.110463,0.65069,-1.58364,0.0951582,0.573776,-1.4363,-0.00755951,1.04379,-1.46417,0.019422,1.163,-1.24085,-0.0586433,0.856969,-1.52432,0.259615,1.5632,-1.24688,-0.618434,-1.28458,-1.78837,-0.0547575,-1.08843,-2.44612,-0.163706,5.16978,-2.49146,
-1.92206,8.09926,2.34862,4.13628,7.89618,8.82252,-2.85164,11.2486,19.0911,2.8851,1.07134,8.38485,0,0,0,0,0,0,0,0,0,0,0,0,0.136749,0.441119,-1.55292,-0.130571,0.903997,-1.60487,0.0792846,0.905333,-1.66208,-0.112118,0.865221,-1.60576,0.108081,0.724072,-1.49715,-0.0389121,1.068,-1.41395,0.00593607,1.14594,-1.18616,-0.036513,0.935329,-1.38318,0.775336,3.21886,-0.11817,-0.469916,-1.33605,-1.18589,-0.0823037,-1.62441,-0.0546031,0.139096,1.73299,0.518184,
-1.31335,5.7467,1.98083,2.50379,6.08273,5.87928,-4.43798,7.74826,13.901,4.0381,3.82076,12.3212,0,0,0,0,0,0,0,0,0,0,0,0,0.144914,0.50981,-1.57101,-0.129569,0.904896,-1.6158,0.088374,0.905683,-1.64427,-0.115421,0.877193,-1.59938,0.116028,0.755217,-1.55238,-0.0634129,1.0774,-1.47839,-0.00459597,1.12511,-1.23203,-0.0194835,0.969474,-1.29586,0.157915,4.06957,-1.23574,0.142446,0.817385,-0.38308,0.719184,1.02872,2.58866,-0.200588,-0.129521,-0.18032,
-1.32363,2.95495,2.38689,1.76992,2.39309,2.70463,-4.98722,5.37259,8.80988,4.49329,5.07478,12.1872,0,0,0,0,0,0,0,0,0,0,0,0,0.143611,0.581002,-1.5873,-0.124907,0.927629,-1.60984,0.101788,0.926109,-1.6228,-0.119129,0.867967,-1.59667,0.105712,0.775165,-1.54861,-0.0747202,1.03384,-1.5496,-0.00312278,1.09663,-1.35785,-0.0107712,0.97394,-1.28857,-0.192337,4.81156,-0.839404,0.237544,1.85522,-0.294739,0.79079,1.4484,1.78815,-0.15898,-0.835878,0.137111,
-2.5688,0.485504,5.41008,0.562546,-3.53645,0.376107,-3.72918,-0.258373,0.243361,4.85938,5.23143,9.39536,0,0,0,0,0,0,0,0,0,0,0,0,0.139013,0.677647,-1.60858,-0.112419,0.977114,-1.59486,0.111312,0.959948,-1.58722,-0.122913,0.843988,-1.58979,0.0734657,0.781265,-1.51068,-0.0812391,0.943671,-1.57537,0.0159571,0.997748,-1.53007,-0.00563527,0.946044,-1.34482,-0.0530742,3.65922,-1.4942,0.684661,2.19874,0.403575,-0.0850193,1.77035,2.04288,-0.168274,-1.14918,0.403475,
-3.73538,-1.86517,8.18495,0.410878,-7.04895,0.64031,-1.81217,-4.08178,-4.39276,4.14119,2.07825,6.46469,0,0,0,0,0,0,0,0,0,0,0,0,0.137757,0.735021,-1.6196,-0.0993921,1.00422,-1.58995,0.0997658,0.996086,-1.56535,-0.124986,0.820066,-1.58206,0.0460771,0.715067,-1.42607,-0.0840656,0.824651,-1.58836,0.0320087,0.920822,-1.67034,-0.0203735,0.853389,-1.41698,0.0681998,1.06701,-0.443995,0.20218,-0.133824,-0.576719,-0.898117,1.07122,0.192795,0.0432995,-0.745322,0.138253,
-4.15951,-0.759597,10.1933,0.342945,-6.21886,-0.00117284,-0.704967,-4.5199,-3.79613,4.03777,0.855795,6.34264,0,0,0,0,0,0,0,0,0,0,0,0,0.138607,0.736864,-1.62406,-0.0984155,0.994146,-1.60084,0.0856401,1.00488,-1.57802,-0.122092,0.810143,-1.57411,0.0361157,0.700836,-1.37212,-0.0906771,0.814892,-1.61856,0.0416667,0.892592,-1.72073,-0.0176507,0.810876,-1.41417,0.0598462,-0.681541,-0.115595,-0.0334085,-0.95127,-0.707841,-1.05397,0.0285394,-1.91229,0.139895,-0.826462,0.0546917,
-4.281,1.57917,9.86461,-0.169114,-1.897,-1.05061,0.326169,-1.11167,1.75447,4.83294,3.55735,8.82193,0,0,0,0,0,0,0,0,0,0,0,0,0.142231,0.710155,-1.62815,-0.101185,0.961064,-1.61894,0.0535434,0.976779,-1.64452,-0.118913,0.786231,-1.57847,0.0406511,0.718543,-1.38365,-0.108482,0.863768,-1.66037,0.028908,0.896122,-1.67723,0.00488356,0.849953,-1.36597,0.217794,-1.24363,-0.084454,-0.122772,-1.99484,-0.606777,-1.31158,-2.11461,-3.06311,0.11892,-1.00848,-0.322026,
-3.73057,3.80953,8.88565,-0.896052,1.28766,-1.2254,-0.39513,0.481231,5.72659,5.67271,6.88075,11.9815,0,0,0,0,0,0,0,0,0,0,0,0,0.147888,0.685438,-1.62785,-0.101385,0.913846,-1.6343,0.0313097,0.923683,-1.67884,-0.117013,0.773117,-1.58636,0.0598346,0.755485,-1.4038,-0.120774,0.888264,-1.68218,0.00627284,0.890658,-1.56278,0.0267645,0.929522,-1.30332,0.208433,-1.00764,0.0762467,0.120517,-2.31095,-0.68961,-0.606345,-1.80222,-1.08422,0.0783813,-0.624546,-0.660025,
-2.42369,6.0929,8.02107,-1.04503,2.13262,-0.635403,-1.80025,1.59054,10.5398,6.26601,9.70485,15.3051,0,0,0,0,0,0,0,0,0,0,0,0,0.149497,0.670236,-1.62627,-0.0986691,0.88075,-1.64686,0.0274013,0.910537,-1.70821,-0.117864,0.764427,-1.60523,0.0891175,0.799607,-1.42381,-0.120527,0.892461,-1.68888,-0.019997,0.938299,-1.47734,0.0356028,0.99984,-1.24505,0.00851646,-0.918041,0.077582,0.170707,-1.66417,-1.04565,-0.0956792,-0.480038,-1.30489,-0.127338,-0.288331,-0.897825,
-1.66977,6.70087,6.71813,-1.03732,1.33618,0.10865,-2.44793,4.07083,12.2086,6.38685,10.701,17.2155,0,0,0,0,0,0,0,0,0,0,0,0,0.148041,0.651536,-1.62581,-0.0946904,0.860305,-1.67315,0.0266675,0.899627,-1.7303,-0.121731,0.759324,-1.62405,0.104786,0.804583,-1.45865,-0.116502,0.887133,-1.69216,-0.034655,0.989188,-1.44029,0.0338271,1.02351,-1.21013,-0.060434,-0.57897,-0.0318044,0.164873,-0.263047,-0.869024,-0.00496463,-0.488378,-0.60826,-0.164517,-0.133396,-0.658567,
-1.77002,4.97782,5.66519,-0.940141,0.34478,0.295689,-2.48644,5.05052,11.955,6.37615,10.5273,17.0627,0,0,0,0,0,0,0,0,0,0,0,0,0.147611,0.646124,-1.62815,-0.0918143,0.860218,-1.68245,0.0267015,0.889385,-1.73779,-0.124744,0.756771,-1.63354,0.103867,0.771,-1.49099,-0.111783,0.872571,-1.68004,-0.0353486,1.00279,-1.44403,0.0311891,1.01677,-1.21485,0.0202722,0.0172126,-0.178845,0.141382,0.149316,-0.199106,0.00443637,-0.514326,-0.204457,-0.138831,-0.127537,-0.314822,
-2.08183,2.88618,4.92076,-0.811444,-0.595728,0.521627,-2.45613,4.91395,10.1272,6.04122,9.33797,15.2975,0,0,0,0,0,0,0,0,0,0,0,0,0.148095,0.651164,-1.62652,-0.0893124,0.863571,-1.68279,0.0273803,0.880257,-1.73917,-0.126293,0.75411,-1.63636,0.0974327,0.730881,-1.50703,-0.106237,0.851714,-1.66616,-0.0323576,0.991086,-1.48618,0.0237278,0.983742,-1.25531,0.0553612,0.302508,-0.14113,0.134469,0.121468,0.143537,0.0666202,-0.48077,-0.00754382,-0.0403949,-0.152695,-0.0555314,
-2.42327,1.86304,4.77025,-0.585316,-1.0091,0.802737,-2.33952,3.87248,8.17139,5.75006,7.88737,13.1844,0,0,0,0,0,0,0,0,0,0,0,0,0.148944,0.65332,-1.63012,-0.0872079,0.862608,-1.67505,0.0288853,0.871541,-1.73863,-0.126588,0.751303,-1.63619,0.0886258,0.696835,-1.51251,-0.100476,0.832733,-1.64451,-0.0280032,0.960758,-1.53407,0.0173492,0.945244,-1.30549,0.0105467,-0.122435,-0.0660171,0.0545896,-0.185876,0.419244,0.0639798,-0.303793,0.0110942,0.00743742,-0.129728,0.0434078,
-2.64785,1.09035,4.84522,-0.287451,-1.20996,1.56769,-2.32562,2.88077,6.92455,5.41769,6.49599,11.3541,0,0,0,0,0,0,0,0,0,0,0,0,0.149228,0.65062,-1.63136,-0.0868934,0.86077,-1.67442,0.0303554,0.867637,-1.73916,-0.125767,0.749052,-1.63493,0.0835586,0.676296,-1.51269,-0.0941049,0.830242,-1.63812,-0.0261159,0.93768,-1.56761,0.011046,0.909653,-1.34981,0.021082,-0.0632891,-0.0982232,-0.00101016,-0.0111688,-0.115646,0.0667699,-0.0790585,-0.0623796,0.054829,-0.0719323,0.0504501,
-2.81982,0.641444,5.23655,-0.0359465,-1.12025,1.89747,-2.20891,2.20205,6.14026,5.26641,5.46226,9.98473,0,0,0,0,0,0,0,0,0,0,0,0,0.149495,0.650604,-1.63374,-0.0871077,0.861241,-1.67665,0.0312131,0.867148,-1.74024,-0.125025,0.748498,-1.63432,0.0792345,0.667504,-1.50749,-0.0885891,0.834539,-1.63302,-0.0230337,0.922016,-1.58855,0.0074793,0.884687,-1.38414,0.00937853,0.0345444,-0.186595,-0.02331,0.0521784,-0.152321,0.0390426,-0.00734386,-0.0726586,0.0337816,-0.014722,0.0223059,
-2.91313,0.512492,5.81992,0.149116,-0.94507,2.06127,-2.10766,1.80392,5.78276,5.189,4.77467,9.07322,0,0,0,0,0,0,0,0,0,0,0,0,0.149579,0.652269,-1.63895,-0.0877919,0.862864,-1.68016,0.0317638,0.867403,-1.74181,-0.124566,0.748577,-1.63405,0.0767741,0.66757,-1.50006,-0.0849079,0.841444,-1.63272,-0.0205096,0.913136,-1.59911,0.00547384,0.868391,-1.40727,0.000937497,0.0995353,-0.264358,-0.0337544,0.0882961,-0.163775,0.0167238,0.0253955,-0.0748785,0.0126064,0.017872,-0.00187847,
-2.97203,0.500606,6.26147,0.252373,-0.816262,2.14401,-2.02147,1.52326,5.64426,5.17722,4.36276,8.57285,0,0,0,0,0,0,0,0,0,0,0,0,0.149578,0.654834,-1.64498,-0.088534,0.86519,-1.68394,0.032024,0.868327,-1.74361,-0.124418,0.749431,-1.63464,0.0752792,0.670551,-1.49525,-0.0830334,0.847836,-1.63484,-0.0182831,0.907877,-1.60478,0.00508345,0.860013,-1.42166,5.93651e-05,0.128087,-0.272582,-0.0323486,0.122104,-0.179997,0.00918903,0.0587645,-0.0910259,0.00284007,0.0605463,-0.0536122,
-3.01111,0.506715,6.50653,0.292223,-0.770214,2.19124,-1.96053,1.30923,5.56266,5.2077,4.12426,8.40874,0,0,0,0,0,0,0,0,0,0,0,0,0.149601,0.658124,-1.65117,-0.0892415,0.868532,-1.6884,0.0322139,0.87017,-1.74592,-0.124416,0.751483,-1.63659,0.0743705,0.67435,-1.4945,-0.0825949,0.853099,-1.63837,-0.0166216,0.905214,-1.60938,0.00572263,0.857271,-1.42905,0.0019003,0.142308,-0.239779,-0.0263564,0.152893,-0.189807,0.00710717,0.0925304,-0.101114,-0.00215432,0.107255,-0.106763,
-3.04284,0.572746,6.59091,0.284341,-0.756358,2.18849,-1.92352,1.18799,5.4262,5.24194,4.02313,8.4166,0,0,0,0,0,0,0,0,0,0,0,0,0.149644,0.660417,-1.65476,-0.0896248,0.871081,-1.69144,0.0323231,0.871775,-1.74755,-0.124467,0.753383,-1.63851,0.0736606,0.678354,-1.49537,-0.0830727,0.856309,-1.64154,-0.0155941,0.90416,-1.6145,0.00648055,0.857186,-1.43141,0.00349075,0.144705,-0.215166,-0.0222548,0.165483,-0.192235,0.00682735,0.107422,-0.104325,-0.00402098,0.129001,-0.132453,
-3.07821,0.610978,6.68419,0.255784,-0.810883,2.20185,-1.89717,1.07306,5.25516,5.28205,3.97814,8.58272,0,0,0,0,0,0,0,0,0,0,0,0,0.149755,0.663854,-1.6596,-0.0901027,0.875126,-1.69603,0.0324901,0.874464,-1.75005,-0.124576,0.756661,-1.64193,0.0729366,0.68264,-1.49729,-0.0841642,0.859062,-1.6457,-0.0147621,0.904113,-1.62125,0.0073588,0.859588,-1.43102,0.00545811,0.140443,-0.191654,-0.0182415,0.168326,-0.188791,0.00708135,0.112895,-0.103012,-0.0046535,0.138949,-0.146229,
-3.12001,0.669699,6.77613,0.205121,-0.878543,2.13665,-1.86609,0.99646,5.02138,5.31541,4.01647,8.75517,0,0,0,0,0,0,0,0,0,0,0,0,0.149891,0.666793,-1.66359,-0.0904671,0.878691,-1.69896,0.0326053,0.876184,-1.75161,-0.124643,0.758804,-1.64419,0.0720692,0.68678,-1.49854,-0.0857147,0.860762,-1.65008,-0.0138595,0.903797,-1.62852,0.00814816,0.862535,-1.42882,0.00711475,0.1298,-0.1743,-0.0150231,0.16137,-0.181321,0.00749824,0.108038,-0.0980399,-0.00377813,0.13278,-0.140427,
-3.15708,0.757404,6.88623,0.139014,-0.916226,2.05816,-1.8339,0.900515,4.79625,5.34897,4.07135,8.96959,0,0,0,0,0,0,0,0,0,0,0,0,0.150008,0.668776,-1.66625,-0.0906917,0.881115,-1.70277,0.0327693,0.878446,-1.75366,-0.124714,0.76157,-1.64712,0.0712835,0.690756,-1.49816,-0.0875375,0.861919,-1.6555,-0.0128905,0.903499,-1.63609,0.00894139,0.866373,-1.42606,0.0080887,0.121805,-0.162728,-0.0128488,0.148418,-0.167105,0.00750895,0.101601,-0.0934991,-0.0027606,0.12077,-0.127469,
-3.20175,0.793722,7.07158,0.0617508,-0.995144,1.9363,-1.79051,0.77663,4.60664,5.39233,4.15703,9.1974,0,0,0,0,0,0,0,0,0,0,0,0,0.150224,0.671578,-1.66993,-0.0909515,0.884497,-1.70655,0.0329435,0.880877,-1.75593,-0.124773,0.764329,-1.65001,0.0704295,0.694265,-1.49678,-0.0896308,0.863008,-1.66187,-0.0116442,0.902886,-1.64323,0.00997481,0.871052,-1.423,0.00995158,0.113782,-0.14552,-0.00892262,0.135616,-0.149058,0.00699939,0.103742,-0.0986646,-0.00241022,0.111906,-0.116749,
-3.23689,0.855714,7.25401,-0.0248573,-1.05533,1.75251,-1.73946,0.6803,4.41596,5.4369,4.278,9.40333,0,0,0,0,0,0,0,0,0,0,0,0,0.150382,0.673317,-1.67213,-0.0910791,0.886557,-1.7088,0.0330473,0.882495,-1.75748,-0.124813,0.766038,-1.65179,0.069712,0.697373,-1.49407,-0.0918786,0.863324,-1.66838,-0.0102852,0.902074,-1.64956,0.0110437,0.87562,-1.41943,0.0100769,0.106529,-0.131656,-0.00712359,0.126001,-0.136027,0.00615492,0.102855,-0.0992773,-0.00264237,0.105277,-0.109073,
-3.26893,0.890747,7.48292,-0.114574,-1.14343,1.57255,-1.68623,0.568602,4.2637,5.48475,4.39504,9.63727,0,0,0,0,0,0,0,0,0,0,0,0,0.150619,0.675748,-1.67504,-0.0912254,0.889429,-1.71184,0.0331807,0.884955,-1.75988,-0.124882,0.768469,-1.65429,0.0691289,0.700415,-1.49078,-0.0942291,0.863679,-1.67551,-0.00884943,0.901665,-1.65572,0.0121623,0.880764,-1.41584,0.00932647,0.0959387,-0.112496,-0.00557388,0.113424,-0.119127,0.00502236,0.0997922,-0.0975939,-0.00300047,0.0967461,-0.0991061,
-3.29662,0.935401,7.70672,-0.206225,-1.2341,1.36326,-1.62689,0.488226,4.08652,5.52819,4.53748,9.84565,0,0,0,0,0,0,0,0,0,0,0,0,0.150801,0.677688,-1.67729,-0.0913448,0.891742,-1.71364,0.0332539,0.886464,-1.76135,-0.124929,0.769926,-1.65578,0.0685708,0.703128,-1.48698,-0.0966342,0.86348,-1.68227,-0.00731142,0.900977,-1.66146,0.0131997,0.885569,-1.41189,0.00741619,0.082179,-0.0944827,-0.00534878,0.103639,-0.108428,0.00428133,0.0922756,-0.0906501,-0.00302963,0.08826,-0.089742,
-3.31684,0.994098,7.91174,-0.298083,-1.29477,1.16771,-1.56828,0.406526,3.91789,5.56786,4.67506,10.0564,0,0,0,0,0,0,0,0,0,0,0,0,0.150906,0.678889,-1.67867,-0.0914287,0.893191,-1.71579,0.0333354,0.888278,-1.76313,-0.124993,0.771672,-1.65756,0.0681343,0.705501,-1.48289,-0.0990116,0.862978,-1.68888,-0.00578945,0.900341,-1.66706,0.0141347,0.890365,-1.40799,0.00596609,0.0703837,-0.0805052,-0.00523291,0.0862569,-0.0911616,0.0032836,0.076007,-0.0749407,-0.00276629,0.0726699,-0.0736738,
-3.33694,1.0298,8.11755,-0.383177,-1.36978,0.977974,-1.51019,0.324741,3.75777,5.60297,4.81361,10.2564,0,0,0,0,0,0,0,0,0,0,0,0,0.151022,0.680277,-1.68024,-0.091564,0.894897,-1.71766,0.0334024,0.889809,-1.76465,-0.125047,0.77312,-1.65902,0.0677211,0.707463,-1.47892,-0.101337,0.862395,-1.69521,-0.0042779,0.89955,-1.67233,0.0149751,0.894981,-1.40414,0.0048915,0.0576417,-0.0643823,-0.00773079,0.0696717,-0.0802278,0.00297695,0.0649229,-0.0648698,-0.00210589,0.0608124,-0.0611451,
-3.35594,1.04006,8.30595,-0.422877,-1.40433,0.816319,-1.45793,0.246652,3.59843,5.62897,4.93937,10.4394,0,0,0,0,0,0,0,0,0,0,0,0,0.15113,0.681494,-1.68159,-0.0921349,0.895857,-1.71911,0.0334546,0.890865,-1.76571,-0.125078,0.77411,-1.66002,0.0673376,0.708666,-1.47522,-0.103706,0.861321,-1.70093,-0.00292261,0.898435,-1.67716,0.0156074,0.898899,-1.40034,0.00422967,0.0468292,-0.0509269,-0.0399462,0.0228616,-0.0889656,0.00284264,0.0561347,-0.0565029,-0.00156635,0.0522031,-0.0524777,
-3.37082,1.05884,8.4772,-0.481691,-1.42962,0.659939,-1.40764,0.1665,3.45332,5.65497,5.04943,10.6235,0,0,0,0,0,0,0,0,0,0,0,0,0.151194,0.682217,-1.68236,-0.0927756,0.89591,-1.72077,0.0335149,0.892037,-1.76687,-0.125111,0.77522,-1.66113,0.0670165,0.709812,-1.47161,-0.105844,0.860108,-1.70593,-0.00161231,0.897528,-1.68184,0.0162203,0.902728,-1.39682,0.00373359,0.0449667,-0.0468162,-0.0410504,-0.00245635,-0.066611,0.00255233,0.0531355,-0.0520789,-0.00172346,0.0508894,-0.0509126,
-3.38826,1.04311,8.6448,-0.496052,-1.42321,0.55385,-1.36403,0.0819655,3.3086,5.67471,5.12783,10.8023,0,0,0,0,0,0,0,0,0,0,0,0,0.151276,0.683196,-1.68336,-0.0938863,0.895345,-1.72223,0.0335704,0.893199,-1.768,-0.125151,0.776355,-1.66227,0.0666665,0.710379,-1.46835,-0.107939,0.858351,-1.71024,-0.000465393,0.896568,-1.68655,0.016671,0.905858,-1.39354,0.00388413,0.0442135,-0.0442582,-0.0660392,-0.0565378,-0.074357,0.0026007,0.0528102,-0.0506724,-0.00182923,0.0522658,-0.0529367,
-3.40552,1.01164,8.79296,-0.480778,-1.37868,0.471033,-1.32576,-0.000740249,3.16114,5.68809,5.18358,10.9566,0,0,0,0,0,0,0,0,0,0,0,0,0.151367,0.68415,-1.6843,-0.0956871,0.893726,-1.7236,0.0336199,0.894129,-1.76888,-0.125181,0.777295,-1.66323,0.0663378,0.710509,-1.46549,-0.110019,0.856151,-1.71394,0.000547886,0.895404,-1.69106,0.0169817,0.908196,-1.39065,0.00436278,0.0427029,-0.0407379,-0.092505,-0.124294,-0.0847947,0.00287928,0.0517404,-0.0485576,-0.00156712,0.0524618,-0.0533589,
-3.48969,-0.482947,8.96517,-0.34798,-1.56477,0.780202,-1.2175,-0.542491,2.54868,5.56961,4.07435,10.3641,0,0,0,0,0,0,0,0,0,0,0,0,0.151442,0.684901,-1.68503,-0.097323,0.88926,-1.72451,0.0336794,0.89521,-1.76987,-0.125222,0.778448,-1.66443,0.0642904,0.673859,-1.462,-0.107929,0.841212,-1.70348,0.00328649,0.882787,-1.70723,0.0139403,0.881627,-1.40679,0.00362794,0.0412451,-0.0438725,-0.0762486,-0.357143,0.0611533,0.0017813,0.0455577,-0.0427475,-0.00313016,0.0528229,-0.0586598,
-3.52649,-0.9435,8.96019,-0.16577,-1.25112,0.932613,-1.14817,-0.613072,2.11976,5.4479,3.52445,10.0217,0,0,0,0,0,0,0,0,0,0,0,0,0.151544,0.685405,-1.6857,-0.0995996,0.882175,-1.72498,0.0337425,0.895807,-1.77057,-0.125245,0.779217,-1.66547,0.0635091,0.661771,-1.46204,-0.106494,0.841463,-1.70083,0.00512294,0.880546,-1.71806,0.0109672,0.867591,-1.41574,0.00510233,-0.00185814,-0.0136953,-0.110007,-0.377362,0.0337353,0.0033893,0.00264686,-0.0193895,0.000596192,0.0105252,-0.0325982,
-3.55991,-1.0642,8.89199,-0.0888961,-0.994705,0.993498,-1.08931,-0.620143,1.84767,5.3825,3.26261,9.85273,0,0,0,0,0,0,0,0,0,0,0,0,0.151673,0.684913,-1.68568,-0.101754,0.875763,-1.72513,0.0338386,0.895648,-1.7708,-0.125214,0.779203,-1.66591,0.062856,0.65729,-1.46315,-0.105732,0.845068,-1.70046,0.00671968,0.87961,-1.72491,0.00940648,0.860489,-1.42024,0.00725202,-0.0407115,0.00896312,-0.0702516,-0.233089,-0.00689377,0.00454921,-0.0213674,-0.0122301,0.00234063,-0.0111549,-0.0260073,
-3.59366,-0.965005,8.89489,-0.110762,-0.789828,0.95635,-1.04487,-0.536751,1.75187,5.38664,3.29429,9.94984,0,0,0,0,0,0,0,0,0,0,0,0,0.151829,0.684038,-1.68552,-0.102428,0.872733,-1.72513,0.0339102,0.89474,-1.77101,-0.125169,0.778633,-1.66659,0.0622791,0.658267,-1.46292,-0.105715,0.849227,-1.70111,0.00788884,0.879887,-1.72747,0.00952237,0.860066,-1.41885,0.011681,-0.0658548,0.00886468,-0.0207418,-0.150435,0.00468169,0.00402009,-0.0573547,-0.0102408,0.00103844,-0.0369661,-0.0401175,
-3.60849,-0.793293,8.92227,-0.152114,-0.663337,0.9061,-1.04135,-0.428683,1.80254,5.42672,3.42998,10.2702,0,0,0,0,0,0,0,0,0,0,0,0,0.15209,0.682281,-1.68532,-0.102569,0.870316,-1.72516,0.0339884,0.893238,-1.77136,-0.125186,0.777768,-1.66786,0.0621823,0.660256,-1.46198,-0.106395,0.851551,-1.70285,0.00805838,0.880767,-1.72692,0.0104474,0.862623,-1.41295,0.0121765,-0.0876927,0.0113666,-0.000946354,-0.0872669,-0.0135939,0.00414453,-0.0701361,-0.0249121,-0.00136148,-0.0357715,-0.0737139,
-3.59345,-0.376878,8.89262,-0.221547,-0.422179,0.807814,-1.09186,-0.218368,2.07704,5.49858,3.82395,10.8145,0,0,0,0,0,0,0,0,0,0,0,0,0.152401,0.680226,-1.68497,-0.10257,0.868765,-1.72609,0.034105,0.891757,-1.77217,-0.125212,0.777071,-1.66979,0.0629612,0.668373,-1.46214,-0.108099,0.85673,-1.70749,0.00696156,0.884695,-1.72139,0.0122293,0.871934,-1.4018,0.0158539,-0.0972369,0.0205728,0.00038006,-0.0592502,-0.0638189,0.00612346,-0.0641243,-0.0457106,-0.000928325,-0.0294332,-0.0950255,
-3.57762,-0.223192,8.85169,-0.287756,-0.377078,0.760415,-1.1514,-0.125676,2.33172,5.56924,4.13867,11.2261,0,0,0,0,0,0,0,0,0,0,0,0,0.152769,0.678118,-1.68441,-0.102549,0.86768,-1.72775,0.0342539,0.890538,-1.77337,-0.125238,0.776574,-1.67204,0.0637505,0.670291,-1.46242,-0.109703,0.85726,-1.71074,0.00564586,0.886278,-1.71659,0.0139513,0.879688,-1.39406,0.0168651,-0.0898995,0.0278064,0.00157901,-0.0397182,-0.0798686,0.00707873,-0.0446908,-0.0606967,-0.00165854,-0.0141404,-0.106874,
-3.56386,-0.374271,8.80522,-0.308394,-0.441865,0.800705,-1.19603,-0.116896,2.43388,5.58782,4.17504,11.3646,0,0,0,0,0,0,0,0,0,0,0,0,0.153118,0.676269,-1.68375,-0.102509,0.866895,-1.72938,0.0344076,0.889928,-1.77437,-0.12527,0.77643,-1.67376,0.0643812,0.664931,-1.46283,-0.110176,0.855017,-1.71107,0.00467381,0.886118,-1.71502,0.0143735,0.880631,-1.39225,0.0144055,-0.0792536,0.0313974,0.00171095,-0.0332512,-0.0682503,0.00668227,-0.0355326,-0.0598478,-0.00209544,-0.00697831,-0.104211,
-3.54556,-0.444416,8.74796,-0.310625,-0.442861,0.81776,-1.22494,-0.0580143,2.47586,5.58672,4.21704,11.4128,0,0,0,0,0,0,0,0,0,0,0,0,0.153325,0.675014,-1.68322,-0.102485,0.866322,-1.73034,0.0345065,0.889132,-1.7755,-0.125313,0.77623,-1.67581,0.0649789,0.661901,-1.46365,-0.110224,0.854253,-1.71125,0.00402635,0.886605,-1.71459,0.0143182,0.881238,-1.39247,0.0117259,-0.0801047,0.0346148,0.00108793,-0.0398939,-0.0538432,0.0057332,-0.0430776,-0.0392513,-0.00149088,-0.0167249,-0.0792785,
-3.53143,-0.465017,8.683,-0.3034,-0.407665,0.84257,-1.24452,0.000287808,2.47797,5.57501,4.23184,11.3842,0,0,0,0,0,0,0,0,0,0,0,0,0.153544,0.673225,-1.68241,-0.102467,0.865333,-1.73131,0.0346186,0.888016,-1.77608,-0.12533,0.775662,-1.67719,0.0654758,0.659571,-1.4644,-0.110034,0.853945,-1.71116,0.00362124,0.886663,-1.71457,0.0140384,0.880681,-1.39387,0.00869273,-0.0811428,0.0377785,0.000732947,-0.0478339,-0.0364097,0.00462941,-0.0543993,-0.0178494,-0.000274865,-0.0310923,-0.0513774,
-3.52085,-0.494894,8.61942,-0.291715,-0.372679,0.862721,-1.26164,0.0239403,2.49664,5.56334,4.20986,11.3285,0,0,0,0,0,0,0,0,0,0,0,0,0.153709,0.671521,-1.68157,-0.102447,0.864281,-1.73193,0.0347118,0.886863,-1.77638,-0.125328,0.774967,-1.67815,0.0658527,0.657308,-1.46511,-0.109713,0.853793,-1.7109,0.00326991,0.886223,-1.71427,0.0137625,0.879448,-1.39589,0.00659056,-0.0736126,0.0387031,0.00108181,-0.0468539,-0.021733,0.00396291,-0.049556,-0.0121094,0.000290154,-0.0306231,-0.0383183,
-3.51341,-0.54342,8.57385,-0.274455,-0.351651,0.890395,-1.27582,0.0247813,2.51818,5.55212,4.16176,11.2493,0,0,0,0,0,0,0,0,0,0,0,0,0.153818,0.670281,-1.68089,-0.102424,0.863479,-1.73225,0.0347797,0.886035,-1.77658,-0.12532,0.77445,-1.67878,0.066127,0.655059,-1.46566,-0.109252,0.853618,-1.71039,0.00297537,0.885557,-1.71388,0.0134958,0.877808,-1.39836,0.00577069,-0.0654463,0.0353791,0.00134042,-0.0427935,-0.0159281,0.00364552,-0.0439024,-0.0102058,0.000523883,-0.0274517,-0.0328139,
-3.5048,-0.539225,8.53876,-0.257421,-0.304837,0.914899,-1.29237,0.0462874,2.5627,5.54465,4.13873,11.1974,0,0,0,0,0,0,0,0,0,0,0,0,0.15393,0.669064,-1.68026,-0.102397,0.862676,-1.73255,0.0348503,0.885208,-1.77677,-0.125308,0.773933,-1.67939,0.0664459,0.654143,-1.46608,-0.108799,0.854096,-1.71003,0.00262773,0.885368,-1.71293,0.0133258,0.876778,-1.40019,0.00546139,-0.0575968,0.0284443,0.00133687,-0.0383383,-0.0142917,0.00347009,-0.039912,-0.00879123,0.000698321,-0.024919,-0.0293676,
-3.50922,-0.751675,8.51945,-0.219752,-0.328929,1.00793,-1.29752,0.000992499,2.54673,5.51985,3.94555,11.0461,0,0,0,0,0,0,0,0,0,0,0,0,0.154058,0.667808,-1.67969,-0.102366,0.861841,-1.73289,0.0349327,0.884325,-1.77698,-0.125289,0.77339,-1.68006,0.0664587,0.64782,-1.4662,-0.107828,0.85283,-1.70806,0.00258008,0.883502,-1.71353,0.0127271,0.87152,-1.4046,0.00525368,-0.0478335,0.0200246,0.00124951,-0.0314958,-0.0146028,0.00341986,-0.0339038,-0.00870552,0.000815068,-0.0203207,-0.027528,
-3.50589,-0.80433,8.48983,-0.187759,-0.270928,1.0564,-1.3044,0.0197558,2.54857,5.50036,3.85932,10.9414,0,0,0,0,0,0,0,0,0,0,0,0,0.154163,0.666854,-1.67933,-0.102342,0.861197,-1.73318,0.0349991,0.883615,-1.77713,-0.125269,0.772933,-1.68055,0.0666501,0.645498,-1.46666,-0.10701,0.853553,-1.70713,0.00246928,0.883125,-1.71354,0.0122711,0.86873,-1.40753,0.00536312,-0.0499361,0.0169262,0.00105256,-0.0348317,-0.0143276,0.00320527,-0.0393585,-0.00520279,0.0012476,-0.0274172,-0.0205415,
-3.49153,-0.598898,8.43711,-0.185664,-0.148782,1.03572,-1.32785,0.108537,2.63555,5.51058,3.98752,10.9891,0,0,0,0,0,0,0,0,0,0,0,0,0.154284,0.665718,-1.67897,-0.102321,0.860397,-1.7335,0.0350684,0.882694,-1.77722,-0.125239,0.772265,-1.68096,0.0671346,0.649422,-1.46765,-0.106939,0.855743,-1.70799,0.00195111,0.884323,-1.71143,0.0125612,0.871156,-1.40668,0.00556742,-0.0529547,0.0159141,0.000932566,-0.0373756,-0.015241,0.00315622,-0.0434012,-0.00402841,0.0014199,-0.0318486,-0.0181446,
-3.48458,-0.561878,8.39455,-0.18211,-0.14301,1.0577,-1.35154,0.115616,2.70681,5.52089,4.01705,11.0119,0,0,0,0,0,0,0,0,0,0,0,0,0.154383,0.664801,-1.6787,-0.102304,0.859765,-1.73379,0.0351271,0.881959,-1.77732,-0.125215,0.771744,-1.68132,0.0674021,0.649584,-1.46847,-0.106832,0.855422,-1.70776,0.0014239,0.883952,-1.70983,0.0128351,0.871591,-1.40663,0.00535273,-0.0467948,0.0145877,0.000994743,-0.0307206,-0.0164749,0.0034169,-0.0359106,-0.00727835,0.00111704,-0.0231907,-0.0241978,
-3.46937,-0.363904,8.34489,-0.194476,-0.0981506,1.03151,-1.3866,0.177588,2.82588,5.54472,4.17591,11.1286,0,0,0,0,0,0,0,0,0,0,0,0,0.154494,0.663895,-1.6784,-0.10228,0.859203,-1.73414,0.0352052,0.881306,-1.77752,-0.125194,0.771379,-1.68192,0.0678798,0.653868,-1.46946,-0.107115,0.856195,-1.70875,0.000630468,0.8851,-1.70711,0.0134486,0.875454,-1.40441,0.004812,-0.0371779,0.0126306,0.00111444,-0.0221721,-0.0157572,0.00360715,-0.025827,-0.00964815,0.000961782,-0.0129003,-0.028064,
-3.4629,-0.310111,8.31034,-0.199653,-0.120821,1.0456,-1.41252,0.187115,2.90326,5.55892,4.24195,11.1781,0,0,0,0,0,0,0,0,0,0,0,0,0.154595,0.663216,-1.67816,-0.102259,0.858878,-1.73442,0.0352691,0.880924,-1.7777,-0.125176,0.771211,-1.68242,0.0681338,0.654855,-1.47019,-0.107216,0.855514,-1.70867,4.17009e-05,0.885186,-1.70537,0.0138205,0.877111,-1.40362,0.0044512,-0.024345,0.00846878,0.00135571,-0.0137358,-0.0154764,0.00342668,-0.0166524,-0.0101852,0.000950516,-0.00595727,-0.0262969,
-3.45046,-0.143208,8.28748,-0.215064,-0.112501,1.01633,-1.43819,0.233172,2.99102,5.57745,4.39554,11.2528,0,0,0,0,0,0,0,0,0,0,0,0,0.154672,0.662875,-1.67805,-0.102224,0.858677,-1.73474,0.0353383,0.880667,-1.7779,-0.125152,0.771132,-1.6829,0.0685118,0.658922,-1.47075,-0.107559,0.855712,-1.70965,-0.000544086,0.886282,-1.70332,0.0143147,0.880963,-1.40202,0.00406611,-0.0148751,0.00423711,0.00168714,-0.00613092,-0.0128519,0.00289526,-0.0085646,-0.00764968,0.00123394,-0.00228646,-0.0177619,
-3.37294,1.40478,8.26131,-0.38689,0.235651,0.576808,-1.52504,0.710441,3.49253,5.73388,5.6603,12.0521,0,0,0,0,0,0,0,0,0,0,0,0,0.154753,0.662668,-1.67802,-0.102187,0.858605,-1.73498,0.0353958,0.880537,-1.77802,-0.125122,0.771111,-1.6832,0.0705144,0.69766,-1.47153,-0.111817,0.864472,-1.7208,-0.00267061,0.898197,-1.69078,0.0182611,0.912621,-1.38215,0.00337962,-0.00510498,-0.00154286,0.00166209,-0.000966444,-0.0094429,0.002382,-0.00404531,-0.00299943,0.00145938,9.27682e-05,-0.0102686,
-3.3577,1.61661,8.34307,-0.483544,-0.134085,0.493547,-1.56821,0.632457,3.7164,5.82835,6.06709,12.3574,0,0,0,0,0,0,0,0,0,0,0,0,0.154807,0.662741,-1.67814,-0.102166,0.858735,-1.73518,0.0354337,0.880605,-1.7781,-0.125103,0.771249,-1.68341,0.0709544,0.703703,-1.47002,-0.114236,0.856013,-1.72336,-0.00370772,0.896926,-1.68547,0.0206241,0.923578,-1.37506,0.0036054,0.0218358,-0.0181628,0.000708152,0.025204,-0.0206249,0.0025563,0.0204118,-0.0111475,0.000718879,0.0260565,-0.0231221,
-3.3592,1.43315,8.44156,-0.509837,-0.533103,0.497134,-1.59099,0.474518,3.76576,5.85194,6.04579,12.4364,0,0,0,0,0,0,0,0,0,0,0,0,0.154905,0.663875,-1.67897,-0.102176,0.859854,-1.73583,0.03551,0.881717,-1.77868,-0.125105,0.772556,-1.68443,0.0710294,0.701251,-1.469,-0.114958,0.847967,-1.72411,-0.00417295,0.895129,-1.68534,0.02118,0.92551,-1.3749,0.00418196,0.0619007,-0.0426683,-0.00142365,0.0575965,-0.0280214,0.00367515,0.0619551,-0.0320029,-0.00053429,0.0723649,-0.0550032,
-3.24461,3.85976,8.5324,-0.777657,-0.0130828,-0.21849,-1.67593,1.33747,4.54932,6.09804,7.97258,13.8404,0,0,0,0,0,0,0,0,0,0,0,0,0.154986,0.66505,-1.67977,-0.102255,0.860825,-1.73639,0.0355844,0.882893,-1.77927,-0.125109,0.77393,-1.68545,0.0739913,0.763124,-1.46753,-0.121937,0.861492,-1.74271,-0.00620057,0.91785,-1.66623,0.0273568,0.975057,-1.34072,0.00483725,0.0632045,-0.0431146,-0.00961245,0.0397642,-0.0344193,0.00453439,0.060814,-0.0275835,0.000591484,0.0725129,-0.0509895,
-3.07236,6.89833,8.98349,-1.23727,0.254209,-1.33255,-1.7174,2.37959,6.22186,6.53681,10.8335,16.4543,0,0,0,0,0,0,0,0,0,0,0,0,0.155106,0.667268,-1.68071,-0.10245,0.861764,-1.73785,0.0357198,0.885377,-1.78042,-0.125106,0.776601,-1.68703,0.078485,0.84421,-1.45739,-0.133541,0.869713,-1.77401,-0.00696219,0.950338,-1.62747,0.0382948,1.05307,-1.27883,0.00753084,0.179341,-0.0507002,-0.00640587,0.063763,-0.11363,0.0101226,0.218838,-0.103959,-0.00077438,0.225272,-0.125964,
-2.84408,9.15942,9.68779,-1.77551,-0.294846,-2.40794,-1.68502,3.12735,7.95228,6.87226,13.5225,19.6049,0,0,0,0,0,0,0,0,0,0,0,0,0.155356,0.674691,-1.68169,-0.102521,0.863434,-1.74473,0.0361096,0.894429,-1.78413,-0.1252,0.786013,-1.69142,0.0846136,0.915313,-1.44005,-0.14689,0.857652,-1.81858,-0.00539512,0.986562,-1.59034,0.0464406,1.08601,-1.20718,0.0143873,0.465467,-0.0223358,0.000737804,0.063558,-0.545705,0.0248259,0.55799,-0.200514,-0.00662955,0.585769,-0.235025,
-3.01983,10.725,10.8607,-2.34242,-0.879271,-3.32329,-1.30945,3.70306,8.96268,6.97115,16.3466,22.5897,0,0,0,0,0,0,0,0,0,0,0,0,0.157014,0.691718,-1.68315,-0.10258,0.863815,-1.76611,0.0369404,0.909984,-1.78795,-0.125258,0.801546,-1.69511,0.0856276,0.988018,-1.41471,-0.161513,0.841187,-1.88669,0.00539689,1.0231,-1.56672,0.0490222,1.10155,-1.13167,0.164361,1.12706,-0.12336,-0.014871,-0.0258781,-1.4997,0.0477129,0.821611,-0.113386,7.95733e-05,0.776112,-0.0523367,
-4.0234,11.1424,12.4629,-2.77551,-1.60143,-4.27024,-0.407269,3.19337,8.09633,6.7608,18.887,24.7348,0,0,0,0,0,0,0,0,0,0,0,0,0.162592,0.722222,-1.68548,-0.104191,0.860378,-1.80495,0.0380523,0.92842,-1.78807,-0.125243,0.81429,-1.69352,0.0724663,1.02222,-1.37684,-0.177419,0.812056,-1.97637,0.0294337,1.03318,-1.58291,0.0438027,1.11429,-1.06806,0.418378,1.9942,-0.117301,-0.153616,-0.331443,-2.58634,0.0625239,0.997141,0.109859,0.00104575,0.764019,0.283367,
-5.65731,10.8615,13.9339,-2.82079,-2.58341,-5.4231,0.916687,0.802646,3.14939,6.2893,19.9334,25.109,0,0,0,0,0,0,0,0,0,0,0,0,0.170849,0.765406,-1.67721,-0.109408,0.849282,-1.85912,0.0397692,0.946681,-1.78295,-0.124846,0.828827,-1.67923,0.0436866,1.06541,-1.32582,-0.190335,0.762842,-2.08878,0.0649225,0.992611,-1.69319,0.0323343,1.12883,-1.02686,0.570803,2.47712,0.121715,-0.416296,-0.874197,-3.76335,0.0894444,1.03452,0.440986,-0.00208373,0.556921,0.985997,
-7.05667,8.21986,15.5797,-2.55051,-2.65335,-4.33606,1.90251,-3.5877,-4.24215,5.99387,18.766,21.5391,0,0,0,0,0,0,0,0,0,0,0,0,0.18298,0.823171,-1.6607,-0.122227,0.817335,-1.96461,0.0426205,0.970265,-1.77018,-0.125382,0.840028,-1.64956,0.0218088,1.09341,-1.25649,-0.203971,0.701212,-2.20862,0.0940365,0.908977,-1.85982,0.0228538,1.14003,-1.07115,0.609834,2.58983,0.588485,-0.719222,-1.99158,-5.42467,0.154129,1.13616,0.656569,-0.0644339,0.546456,1.59715,
-7.89478,4.84719,14.6368,-1.7295,-2.44012,-2.13917,2.10038,-6.29605,-7.02621,6.01114,14.7226,16.8281,0,0,0,0,0,0,0,0,0,0,0,0,0.193228,0.877268,-1.62908,-0.141074,0.761803,-2.08694,0.0500308,0.982494,-1.78039,-0.129255,0.85971,-1.61312,0.00690708,1.05426,-1.22877,-0.208302,0.628095,-2.28385,0.115551,0.818571,-2.00054,0.0124006,1.15971,-1.15245,0.441947,2.23266,1.37574,-0.959614,-2.90819,-5.73738,0.520436,-0.260861,-1.77998,-0.344913,1.31728,1.59842,
-7.70512,2.73722,12.058,-0.936041,-2.87167,-0.651372,2.08088,-7.51399,-5.53759,6.14074,9.03979,10.8179,0,0,0,0,0,0,0,0,0,0,0,0,0.198631,0.908726,-1.60206,-0.156938,0.713619,-2.16725,0.0609456,0.965096,-1.82379,-0.136303,0.887894,-1.58394,0.00898966,1.01817,-1.24799,-0.207233,0.561761,-2.3036,0.132619,0.729679,-2.06633,0.00742026,1.17413,-1.22991,0.119482,1.64072,2.10463,-1.07573,-3.20264,-4.80264,0.786062,-1.90269,-4.16401,-0.391826,2.40949,3.34315,
-6.35514,-0.269222,8.68625,-0.452859,-3.66816,2.64801,0.674531,-6.8849,0.690069,6.36003,2.60644,6.77281,0,0,0,0,0,0,0,0,0,0,0,0,0.198216,0.943057,-1.54327,-0.178225,0.635616,-2.2571,0.0859596,0.882754,-1.94323,-0.150058,0.961604,-1.53669,0.0332487,0.971108,-1.26202,-0.209811,0.460909,-2.2584,0.133074,0.590792,-2.0513,0.00542331,1.12142,-1.27626,-0.243537,1.39127,2.56378,-0.81057,-3.32009,-2.69998,1.21006,-4.79357,-5.01307,-0.140789,3.78639,3.64465,
-5.66751,-3.86999,6.69754,-0.612988,-2.58194,5.12982,-0.958255,-3.16792,5.0656,6.60408,0.479108,6.79137,0,0,0,0,0,0,0,0,0,0,0,0,0.194254,0.970329,-1.49415,-0.190509,0.559067,-2.28089,0.110384,0.757213,-2.01584,-0.157026,1.0311,-1.50574,0.0489402,0.906474,-1.26868,-0.217777,0.384675,-2.15061,0.113659,0.491495,-1.94356,3.27304e-05,1.11566,-1.31422,-0.145042,1.3158,2.32151,-0.47775,-4.39373,0.0815497,1.08925,-7.4608,-2.17425,-0.321724,2.90301,0.869561,
-4.27069,-7.5477,4.14364,-0.530992,0.0570688,6.14058,-2.16252,4.33726,8.46046,5.97368,-1.46141,5.23442,0,0,0,0,0,0,0,0,0,0,0,0,0.19187,1.00106,-1.443,-0.198192,0.453733,-2.23508,0.121984,0.579065,-2.01071,-0.163159,1.0875,-1.4849,0.083555,0.843447,-1.29086,-0.217826,0.346701,-1.99171,0.0672819,0.510631,-1.74032,-0.0187304,1.10218,-1.3314,-0.0619181,1.24313,1.94223,-0.25439,-4.33834,3.59437,-0.0255816,-7.07461,2.35515,-0.196515,2.04871,0.905402,
-1.95484,-8.51845,-0.377937,-0.0140905,3.61683,7.57343,-3.22588,15.2011,15.8014,4.54472,-2.42836,4.3398,0,0,0,0,0,0,0,0,0,0,0,0,0.191483,1.02125,-1.41492,-0.200794,0.393926,-2.16778,0.114517,0.487839,-1.95478,-0.166113,1.11881,-1.47072,0.142389,0.839014,-1.38389,-0.206237,0.398573,-1.83944,0.0125699,0.754305,-1.42075,-0.0575315,1.10411,-1.33982,-0.00891692,1.22912,1.61902,-0.203624,-3.43095,5.56022,-0.851984,-4.54243,5.55984,-0.20145,1.84054,0.896398,
-0.543767,-7.2994,-5.10774,1.61302,5.50239,5.74661,-1.93979,18.2298,17.1027,2.46203,-1.51923,0.612455,0,0,0,0,0,0,0,0,0,0,0,0,0.194871,1.04742,-1.39189,-0.202835,0.34422,-2.00884,0.08356,0.461337,-1.74698,-0.170956,1.15584,-1.45009,0.191495,0.892822,-1.50994,-0.161696,0.458427,-1.6594,-0.0107863,0.761337,-0.998433,-0.115314,1.15749,-1.41057,0.408737,1.1153,0.385708,0.0325366,-0.934131,8.23095,-1.83406,2.27513,12.8391,-0.23638,1.58535,0.96869,
1.78967,-1.58793,-7.8354,4.30491,6.67841,4.20709,-1.13705,25.6522,31.8234,1.46376,-3.46567,-3.69372,0,0,0,0,0,0,0,0,0,0,0,0,0.201888,1.03971,-1.41636,-0.199953,0.3547,-1.81882,0.0481213,0.53625,-1.5895,-0.173604,1.18049,-1.43369,0.24353,0.948945,-1.67792,-0.0916453,0.556356,-1.51344,-0.00483307,0.83625,-0.794355,-0.139481,1.12057,-1.50669,-0.123993,-2.04247,-2.62702,0.0274106,1.38781,8.00805,-0.981122,2.05433,-0.0175318,-0.0988427,1.06876,0.773522,
3.13947,1.15103,-7.90486,5.61327,8.56023,4.19501,0.496159,29.0914,33.5,-0.427252,-2.19345,-5.00178,0,0,0,0,0,0,0,0,0,0,0,0,0.195757,0.993689,-1.48425,-0.195051,0.388642,-1.70039,0.0303897,0.551802,-1.60052,-0.163442,1.18415,-1.42966,0.263786,0.949515,-1.78425,-0.0351842,0.672778,-1.40703,0.0138614,0.851802,-0.769809,-0.142242,1.1103,-1.58172,-0.418302,-2.918,-6.3936,0.781411,2.80521,7.53927,-1.15729,0.0840805,-0.420875,1.27526,-0.760358,-1.08051,
2.35208,-0.401276,-4.27371,3.49232,2.21126,6.86064,2.67628,30.1402,26.8052,-1.73978,-1.14188,-2.73512,0,0,0,0,0,0,0,0,0,0,0,0,0.191497,0.932125,-1.64993,-0.155875,0.475971,-1.54315,0.00210019,0.527644,-1.58212,-0.129453,1.15004,-1.48682,0.252555,0.859381,-1.94993,-0.000568852,0.657166,-1.19739,0.0353792,0.827644,-0.86529,-0.135229,1.07216,-1.65045,0.0902303,-2.5085,-7.84928,2.71991,5.03651,6.96976,-1.34512,-1.87021,1.86803,1.50872,-1.97352,-3.81009,
-0.226625,-1.84062,-1.96992,5.19424,7.14163,15.1108,0.529077,30.1391,21.3151,-3.77701,-1.60217,-2.82127,0,0,0,0,0,0,0,0,0,0,0,0,0.206754,0.879462,-1.81798,-0.118291,0.573978,-1.47789,-0.0224418,0.476512,-1.52139,-0.100711,1.09462,-1.57688,0.231319,0.784079,-2.04066,0.00165776,0.819945,-1.17479,-0.0127327,0.776512,-0.924267,-0.162814,0.995044,-1.73872,1.20924,-1.97468,-6.9371,-0.39631,2.69708,-2.98655,-0.140711,-1.84266,2.56987,1.2929,-2.38072,-3.65225,
-0.484055,-1.79158,-1.97025,5.68813,8.72004,15.3054,-1.92677,27.9701,18.4637,-3.85798,-2.39882,-2.54745,0,0,0,0,0,0,0,0,0,0,0,0,0.223044,0.847795,-1.91625,-0.127641,0.615057,-1.54098,-0.0169487,0.455492,-1.48283,-0.0868111,1.05839,-1.63317,0.225283,0.749201,-2.10964,-0.000399224,0.896636,-1.25519,-0.0517381,0.755492,-0.964951,-0.175522,0.941965,-1.79135,0.573596,-2.1522,-5.76528,-0.598446,2.54312,-3.87385,0.53519,-0.870727,2.25153,0.309552,-2.25823,-3.77941,
0.0821109,-1.29586,-0.625782,5.04773,7.28201,11.1403,-3.63936,25.379,16.39,-1.4975,-3.33775,0.0735722,0,0,0,0,0,0,0,0,0,0,0,0,0.22194,0.796461,-2.02386,-0.134692,0.670452,-1.59922,-0.000457915,0.452017,-1.44048,-0.0992804,1.00654,-1.71379,0.210767,0.703782,-2.14831,-0.0120011,0.916012,-1.3615,-0.0709078,0.752017,-0.989774,-0.168258,0.860108,-1.79919,-0.529038,-2.41132,-4.35204,-0.140104,2.54039,-1.63178,0.821364,0.38306,1.63837,-1.26161,-2.51959,-3.48942,
0.506377,-0.524419,0.41413,4.18522,4.21662,7.59826,-4.38595,23.1015,13.4852,0.851231,-3.47087,2.40234,0,0,0,0,0,0,0,0,0,0,0,0,0.20443,0.744368,-2.09672,-0.133819,0.727555,-1.61381,0.0192155,0.471429,-1.4109,-0.133684,0.944129,-1.76883,0.193573,0.671872,-2.15206,-0.026063,0.899693,-1.4272,-0.0681891,0.771429,-1.0446,-0.152334,0.775387,-1.74936,-0.940685,-2.37543,-2.62793,0.125019,2.6689,-0.134238,0.889763,1.1751,1.16686,-1.59722,-3.2788,-1.62378,
0.575173,0.118418,1.92035,2.99896,1.59639,5.49489,-4.5338,20.8706,10.3821,2.22366,-1.67716,6.19564,0,0,0,0,0,0,0,0,0,0,0,0,0.184831,0.697096,-2.13383,-0.128983,0.78584,-1.60727,0.0390109,0.50419,-1.39064,-0.159886,0.864792,-1.77825,0.178332,0.651053,-2.11043,-0.0471488,0.891019,-1.45688,-0.0523996,0.80419,-1.11358,-0.123358,0.722995,-1.60603,-0.835138,-1.96014,-0.984116,0.274416,2.61076,0.52109,0.877378,1.73319,0.699989,-0.76253,-3.99473,0.693061,
0.390247,1.33081,4.05067,1.72836,0.228808,3.49622,-4.36132,19.0749,8.44405,3.6082,1.48846,11.3471,0,0,0,0,0,0,0,0,0,0,0,0,0.172602,0.670637,-2.13942,-0.124932,0.827084,-1.59697,0.0521384,0.535643,-1.38283,-0.165399,0.801938,-1.75083,0.165081,0.667113,-2.03043,-0.0754234,0.896665,-1.49192,-0.0371727,0.835643,-1.16579,-0.0770314,0.737357,-1.38032,-0.691061,-1.47176,0.308929,0.251972,2.55445,0.705557,0.78888,2.23018,0.237516,-0.0735195,-4.0717,3.47356,
0.76719,2.2873,3.71097,1.28091,-3.37626,1.84777,-4.22137,16.2844,7.33751,3.07047,2.99415,9.65043,0,0,0,0,0,0,0,0,0,0,0,0,0.157745,0.648637,-2.09781,-0.120824,0.889214,-1.57941,0.0687256,0.600125,-1.38562,-0.152049,0.716308,-1.58686,0.161781,0.697323,-1.93231,-0.0870945,0.87146,-1.51588,-0.021918,0.900125,-1.21094,-0.0456908,0.724194,-1.11439,-0.605752,-0.33985,2.909,0.068286,2.66608,0.693688,0.595624,3.03453,-0.350078,1.18384,-2.67871,9.24811,
-1.06769,3.36049,2.53451,-0.185281,-2.01789,2.75469,-3.5828,12.3023,8.1407,3.11575,7.73792,12.3806,0,0,0,0,0,0,0,0,0,0,0,0,0.151226,0.652259,-2.01718,-0.116788,0.944548,-1.56952,0.0765376,0.653302,-1.38851,-0.129026,0.695235,-1.45482,0.128216,0.749748,-1.851,-0.108283,0.946381,-1.49625,0.00129963,0.953302,-1.19586,-0.0196755,0.903089,-1.0315,0.147288,0.539107,4.11271,0.525497,2.09121,0.176432,0.573283,3.5422,-0.434552,1.25827,0.576219,4.5521,
-3.23265,5.41616,7.06756,-1.52219,-1.76958,2.63125,-2.26925,7.64709,5.35754,2.84345,12.8371,15.5174,0,0,0,0,0,0,0,0,0,0,0,0,0.154389,0.666787,-1.95685,-0.104547,0.969842,-1.56701,0.0874456,0.728532,-1.38468,-0.105171,0.736861,-1.44539,0.0731173,0.835975,-1.68209,-0.120692,0.961475,-1.49903,0.043401,1.00523,-1.23989,-0.00798537,1.03686,-1.07412,-0.0182205,1.35133,3.923,0.87639,1.43491,0.0877238,0.50746,3.42073,0.434022,1.04398,2.0265,-0.666519,
-3.33499,5.41823,10.5739,-2.7878,-6.26375,-0.593282,0.239711,-0.425225,-2.87398,1.7314,12.9326,13.2307,0,0,0,0,0,0,0,0,0,0,0,0,0.138992,0.715642,-1.84442,-0.0852045,1.0011,-1.56689,0.0905362,0.81926,-1.35221,-0.0833587,0.779857,-1.45347,0.0206545,0.926164,-1.41399,-0.139163,0.873405,-1.57002,0.094418,0.931423,-1.38131,-0.0183253,1.07986,-1.1273,-1.3985,3.00265,6.64338,0.62947,1.15616,0.467907,-0.0844403,4.91172,1.71024,0.869938,2.23756,-0.183908,
-2.63543,-1.2286,14.0338,-4.20374,-9.89892,-5.40785,2.62684,-6.46851,-10.4927,0.835471,7.34038,10.0695,0,0,0,0,0,0,0,0,0,0,0,0,0.100594,0.789389,-1.65857,-0.0805423,1.00935,-1.55843,0.0819013,0.92591,-1.31745,-0.0649633,0.839283,-1.44721,-0.0145426,0.845412,-1.03664,-0.19144,0.756253,-1.70186,0.140394,0.870487,-1.58113,-0.0249211,1.1038,-1.1775,-1.97006,3.46953,10.8437,-0.232166,-0.224908,-0.329323,-0.287114,4.25159,-0.0542618,0.766216,3.24029,0.718971,
-3.67922,-2.46666,20.0085,-1.38504,-9.06208,-5.58651,3.18657,-5.88496,-13.4075,3.43804,-4.63791,5.53363,0,0,0,0,0,0,0,0,0,0,0,0,0.0803003,0.864097,-1.54639,-0.116253,0.966367,-1.57061,0.0780836,0.977471,-1.34699,-0.0564563,0.898906,-1.37061,-0.0161921,0.886588,-1.04345,-0.222879,0.654285,-1.76232,0.148804,0.890847,-1.64699,0.0332888,0.893898,-1.05571,-0.180479,3.36628,0.10908,-2.88,-3.42122,-2.08204,-0.357746,2.42,-4.3527,0.151761,4.43759,7.06227,
-2.79695,-4.05586,16.3304,1.00397,-6.04311,0.0607445,2.39424,-7.15712,-11.2336,5.5313,-11.2532,4.9382,0,0,0,0,0,0,0,0,0,0,0,0,0.0701339,0.934916,-1.55148,-0.166059,0.889973,-1.635,0.074422,0.989148,-1.47482,-0.0589595,1.00821,-1.2169,-0.0144615,0.907402,-1.13702,-0.216641,0.590244,-1.72177,0.137538,0.787188,-1.77482,0.0793358,0.811919,-0.891048,-0.586871,2.95532,0.247722,-3.02725,-5.94604,-3.5318,0.130402,-0.921264,-6.24114,0.000506731,3.40135,8.0957,
-2.37988,-4.5956,9.29085,1.01532,-0.656832,7.88752,-0.134127,-6.87729,-5.75965,4.6418,-8.32154,3.98111,0,0,0,0,0,0,0,0,0,0,0,0,0.0675573,0.976822,-1.54195,-0.21045,0.728273,-1.698,0.0879249,0.929946,-1.61448,-0.0569085,1.03585,-1.06593,0.0145737,0.920289,-1.28959,-0.205701,0.508923,-1.54128,0.108385,0.649042,-1.91448,0.0526595,0.841574,-0.863379,0.26054,2.33425,0.803783,-0.825358,-8.11718,-1.61888,0.952519,-4.35886,-6.6312,-0.259075,0.550677,4.12095,
-1.31275,-7.41688,0.312041,2.25099,4.01388,14.4818,-1.72157,-3.86232,4.04716,1.63736,-7.05627,-1.75499,0,0,0,0,0,0,0,0,0,0,0,0,0.0798831,1.01887,-1.51711,-0.212315,0.5599,-1.67489,0.102959,0.803364,-1.75653,-0.0634371,1.03552,-0.987184,0.0655741,0.874453,-1.47933,-0.149456,0.481166,-1.21042,0.0668512,0.535317,-1.82699,-0.0265219,0.845785,-0.938291,0.740387,1.64018,1.19905,0.263369,-7.16323,4.09689,0.277256,-6.85959,-6.86553,-0.160751,-0.532989,3.7107,
-0.504414,-8.47424,-10.5521,4.53908,11.0146,20.2342,-5.66245,9.95682,15.1815,-2.05675,-9.81679,-5.88263,0,0,0,0,0,0,0,0,0,0,0,0,0.103395,1.04959,-1.49037,-0.216645,0.479414,-1.65179,0.105602,0.640378,-1.85302,-0.0576995,1.02127,-0.911432,0.127513,0.868416,-1.72714,-0.117685,0.725334,-1.16381,-0.0345591,0.699214,-1.51015,-0.0903258,0.765093,-0.992769,1.46916,1.22711,1.08127,-0.580696,-1.1778,-0.714954,0.0559905,-7.6034,-1.46687,0.751697,-0.430422,2.62916,
0.398127,-4.81242,-10.2521,4.1082,11.7432,15.3907,-4.8404,14.33,20.3062,-3.09666,-7.08665,-7.0491,0,0,0,0,0,0,0,0,0,0,0,0,0.134309,1.06764,-1.52426,-0.21824,0.484166,-1.63742,0.0900983,0.525742,-1.78613,-0.0448024,1.0129,-0.886929,0.167228,0.93682,-1.82426,-0.0988418,0.784166,-1.24877,-0.0719665,0.825742,-1.07991,-0.11855,0.834423,-1.06026,0.918646,-0.420512,-5.13911,0.66771,1.8169,0.155016,-1.64219,-2.17257,7.94231,0.146745,-0.0525792,0.116019,
1.07955,-1.98214,-8.69198,2.18821,9.83966,14.0618,-1.39307,4.65184,14.672,-3.14496,-3.91267,-9.25892,0,0,0,0,0,0,0,0,0,0,0,0,0.144972,1.02967,-1.6574,-0.192053,0.536536,-1.63482,0.046997,0.54251,-1.52387,-0.0521175,1.02425,-0.913594,0.181569,0.916023,-1.9574,-0.093469,0.836536,-1.27727,-0.0465293,0.732363,-0.712203,-0.150877,0.955627,-1.2125,0.384327,-2.56377,-7.3808,1.75516,3.11285,0.240209,-2.34798,2.94228,17.7947,-0.80541,1.1676,-2.69727,
3.31718,0.377766,-8.46366,5.73725,9.34436,10.9507,-3.27791,11.9919,32.564,-2.14855,-1.59211,-6.17918,0,0,0,0,0,0,0,0,0,0,0,0,0.1418,0.967073,-1.78358,-0.173208,0.592268,-1.63014,0.0412368,0.610909,-1.43668,-0.0742104,1.04605,-0.986202,0.206554,0.874979,-2.08358,-0.0230888,0.892268,-1.35357,-0.03729,0.910909,-0.624075,-0.167795,1.01898,-1.2862,-0.727014,-4.06153,-7.48657,0.267535,2.97155,0.112022,0.13683,3.71117,-0.0598541,-1.59481,0.509307,-6.71149,
3.47841,1.03358,-5.4437,8.36282,6.59598,11.813,-3.68477,16.6588,28.7119,-2.04551,0.631857,-5.2986,0,0,0,0,0,0,0,0,0,0,0,0,0.126864,0.874661,-1.94386,-0.180802,0.652631,-1.63411,0.0437908,0.665318,-1.44143,-0.104765,1.02717,-1.14992,0.207177,0.802498,-2.24386,0.0159661,0.885044,-1.34809,-0.0428553,0.965318,-0.710652,-0.182315,1.00565,-1.44992,-0.265898,-3.92009,-7.27407,-0.492106,2.70054,-0.371859,0.218929,1.55184,0.519228,-1.0565,-1.4928,-7.37359,
2.01497,-1.09835,-2.10519,8.04066,3.89938,12.6475,-4.18549,15.9651,19.6669,-2.30344,-0.499823,-5.7929,0,0,0,0,0,0,0,0,0,0,0,0,0.132485,0.80633,-2.09399,-0.189288,0.709632,-1.63749,0.0535569,0.684251,-1.40298,-0.120694,0.992819,-1.30225,0.198935,0.716127,-2.32615,0.00782537,0.870195,-1.31833,-0.0333215,0.984251,-0.848224,-0.191122,0.949389,-1.60225,0.643025,-2.5098,-7.1812,-0.156141,2.52314,0.118809,0.710355,0.602269,2.52332,-0.51365,-1.23739,-7.48469,
0.961983,-2.85471,-0.107652,7.13763,2.21552,11.9546,-4.66529,11.8293,12.2088,-1.95708,-2.59425,-6.26568,0,0,0,0,0,0,0,0,0,0,0,0,0.148026,0.767078,-2.20602,-0.189496,0.754173,-1.62842,0.0701533,0.6989,-1.3485,-0.131859,0.972264,-1.42782,0.195529,0.639225,-2.35274,-0.00806005,0.870331,-1.308,-0.0181843,0.9989,-0.964409,-0.199341,0.88151,-1.72782,0.938127,-2.25941,-5.76094,0.11979,2.43082,0.862303,1.13179,1.35077,3.15494,-0.742178,-1.03593,-7.41654,
-0.578435,-3.0803,4.08397,4.85039,-1.78871,10.15,-4.84177,-0.637931,0.551222,-0.514472,-4.58413,-3.46485,0,0,0,0,0,0,0,0,0,0,0,0,0.168824,0.707175,-2.30429,-0.180781,0.807449,-1.59836,0.0955478,0.75872,-1.25808,-0.154035,0.941077,-1.59369,0.179501,0.553593,-2.28465,-0.0392408,0.823479,-1.29878,-0.00882764,0.844281,-1.06642,-0.196351,0.77849,-1.8627,1.00552,-3.06298,-3.29853,0.811202,2.42994,1.83294,0.666751,4.06036,7.11496,-1.17817,-1.91934,-7.29571,
-2.30036,1.18375,11.8428,1.47926,-5.55731,4.11926,-2.68125,-10.066,-4.23554,0.626027,-4.78394,1.17323,0,0,0,0,0,0,0,0,0,0,0,0,0.188894,0.636429,-2.33251,-0.151911,0.858232,-1.54676,0.0875819,0.861222,-1.09419,-0.176089,0.880651,-1.7305,0.147822,0.575069,-2.02313,-0.0763018,0.772451,-1.37774,-0.00822639,0.717992,-1.06743,-0.177872,0.670941,-1.85262,0.657503,-3.63815,0.532493,1.5451,2.12606,2.64141,-1.15108,4.33682,5.30594,-0.697353,-3.60448,-6.05795,
-2.85394,9.78839,17.8728,-1.19109,-6.18161,-2.15938,-0.362711,-9.75664,-2.15693,2.61974,0.848485,7.58229,0,0,0,0,0,0,0,0,0,0,0,0,0.193614,0.577097,-2.27657,-0.123818,0.893453,-1.49956,0.0588379,0.913806,-1.03513,-0.183095,0.800459,-1.8142,0.121457,0.752121,-1.66095,-0.119651,0.783393,-1.49385,0.0027597,0.696121,-1.03253,-0.1223,0.686974,-1.70238,-0.0323489,-2.78744,6.75211,1.35777,1.77923,2.38783,-1.88042,1.04924,2.26065,-0.187931,-5.3879,-3.1093,
-0.868123,8.99153,13.6107,-0.446137,-8.18285,-4.91587,-1.47521,-6.6044,-6.79898,3.83411,4.92407,9.339,0,0,0,0,0,0,0,0,0,0,0,0,0.1762,0.565316,-2.00672,-0.115045,0.911803,-1.47056,0.0544526,0.933463,-0.995559,-0.181452,0.68293,-1.81014,0.120758,0.831091,-1.268,-0.136575,0.705407,-1.5903,0.0265152,0.779088,-1.11661,-0.0725005,0.692348,-1.50574,-1.34954,1.63945,15.9381,-0.415053,-0.0730032,0.126219,0.35772,0.42939,1.95688,0.523959,-4.54735,2.8368,
-0.853784,0.562761,11.2665,-0.00828463,-7.29296,-4.42148,-0.590539,-4.35984,-5.80625,2.38289,5.22344,8.3421,0,0,0,0,0,0,0,0,0,0,0,0,0.14492,0.630532,-1.64017,-0.133506,0.89603,-1.50231,0.0620119,0.934838,-0.993989,-0.14995,0.630216,-1.74271,0.0942867,0.734853,-0.903231,-0.156706,0.659459,-1.6725,0.0550552,0.827655,-1.19244,-0.0366356,0.699716,-1.37636,-1.17153,3.6101,18.2109,-0.919713,-2.16987,-2.38615,0.312274,0.0725178,-2.13169,2.14968,-2.44345,6.31203,
-2.44701,2.28739,20.1376,-0.0676571,-6.32246,-3.65731,2.19124,-6.78684,-10.6931,3.90225,3.5783,9.3238,0,0,0,0,0,0,0,0,0,0,0,0,0.132277,0.697467,-1.47875,-0.154462,0.8405,-1.55816,0.062873,0.940251,-1.04844,-0.112047,0.612032,-1.56587,0.0591199,0.849185,-0.929284,-0.189547,0.591665,-1.74698,0.108676,0.787632,-1.34844,0.029107,0.715441,-1.13334,-0.479273,3.78131,1.84102,-1.33575,-3.63093,-3.8955,-0.359114,0.682054,-3.92034,1.74392,0.558061,7.97771,
-3.51289,1.86765,13.3275,-0.959338,-3.93046,-1.41922,3.46754,-5.23973,-14.2802,5.09998,2.67216,17.0987,0,0,0,0,0,0,0,0,0,0,0,0,0.117818,0.780789,-1.47261,-0.17511,0.734224,-1.64362,0.0544982,0.94792,-1.15961,-0.0844953,0.649178,-1.39933,0.0204893,0.916823,-1.13043,-0.206389,0.491763,-1.77901,0.142174,0.796087,-1.45961,0.0508817,0.7993,-0.894243,-0.380247,3.57372,0.359815,-0.291832,-5.76798,-3.99628,0.0394866,-0.833594,-6.4192,0.315102,3.33274,3.1047,
-6.68941,-1.55722,5.57292,-2.83065,-0.396107,1.94515,2.55561,-4.15112,-13.9613,5.90289,6.54183,20.9254,0,0,0,0,0,0,0,0,0,0,0,0,0.12502,0.845577,-1.45061,-0.165364,0.59086,-1.71778,0.0684788,0.904431,-1.30125,-0.088595,0.740719,-1.43087,-0.0181357,0.867973,-1.28145,-0.213245,0.404763,-1.73928,0.158477,0.712424,-1.60125,0.0604137,0.992712,-0.956143,0.963197,2.45303,1.19332,0.915397,-7.04779,-2.80491,1.04431,-3.5292,-6.69284,0.0574589,3.53788,-1.93619,
-6.70752,-5.48766,3.08694,-1.48486,0.897903,6.9879,0.984356,-3.05277,-10.5491,4.04971,7.93187,15.7597,0,0,0,0,0,0,0,0,0,0,0,0,0.147826,0.887896,-1.42163,-0.153049,0.444209,-1.74968,0.093226,0.833303,-1.40917,-0.0849701,0.785217,-1.44908,0.00228312,0.790541,-1.31136,-0.188525,0.316586,-1.58372,0.146897,0.631862,-1.70917,0.0239494,1.0441,-1.07135,0.8858,1.59344,1.32391,0.0658189,-6.00282,-0.34969,1.16248,-5.00486,-7.37013,0.307077,2.42339,-0.650165,
-4.82078,-8.00198,-2.77628,1.43952,1.92895,12.3953,-0.480798,-2.13993,-3.71006,1.11907,6.84848,8.21925,0,0,0,0,0,0,0,0,0,0,0,0,0.159188,0.909516,-1.39853,-0.158555,0.360898,-1.72834,0.109128,0.714953,-1.56063,-0.0791596,0.832061,-1.44646,0.0525432,0.738542,-1.42901,-0.138665,0.286509,-1.32999,0.116867,0.524899,-1.82212,-0.0479851,1.06021,-1.22819,0.555,1.16301,1.55691,-0.643908,-4.90454,3.53875,0.790366,-5.4622,-6.74955,0.127903,2.27768,0.511748,
-2.29385,-9.81313,-7.68912,3.95489,4.73342,12.3087,-2.28095,2.19176,4.96662,-1.21988,0.214982,1.87209,0,0,0,0,0,0,0,0,0,0,0,0,0.163693,0.925554,-1.37747,-0.172346,0.272243,-1.58113,0.118498,0.59841,-1.70237,-0.0790553,0.895813,-1.42705,0.100891,0.682035,-1.56962,-0.0866331,0.316844,-1.09002,0.0654913,0.523678,-1.73793,-0.109847,0.990397,-1.33489,-0.218214,0.0723729,0.00282578,-0.526383,-2.94939,7.33565,0.160681,-5.18103,-6.38909,-0.0118025,3.56838,1.81422,
-1.21013,-6.76461,-8.07334,3.67098,12.416,14.3271,-5.79207,13.1795,10.1602,-0.635547,-8.92071,-1.17997,0,0,0,0,0,0,0,0,0,0,0,0,0.161681,0.92129,-1.41824,-0.190173,0.26019,-1.5787,0.120476,0.502353,-1.78707,-0.0766344,0.974755,-1.34366,0.138633,0.739916,-1.71824,-0.118465,0.56019,-1.2648,-0.0245552,0.747795,-1.56042,-0.0902829,0.836102,-1.30069,0.288186,-0.490385,-4.03557,-0.802635,0.351792,-1.77077,-0.00919625,-3.3618,-1.09441,0.089608,3.37457,2.89898,
-0.245927,-4.53728,-3.94867,2.81024,10.848,7.61649,-4.79479,12.0965,11.8556,0.538972,-6.85943,-1.69001,0,0,0,0,0,0,0,0,0,0,0,0,0.157605,0.87771,-1.5313,-0.193253,0.29262,-1.60087,0.107784,0.492958,-1.74853,-0.0800609,1.00961,-1.2965,0.136816,0.688573,-1.80905,-0.109573,0.59262,-1.40624,-0.0495267,0.792958,-1.33729,-0.0777883,0.834332,-1.28039,-0.585637,-3.02824,-7.16147,0.53698,3.12397,0.168714,-1.49764,2.51954,4.59411,-0.44807,-0.151638,2.33441,
-0.0202091,-3.02562,-2.6444,1.88407,10.0233,9.2285,-1.38852,5.59681,15.2592,-1.77541,-5.56056,-4.08895,0,0,0,0,0,0,0,0,0,0,0,0,0.146799,0.806827,-1.65446,-0.168994,0.362438,-1.61339,0.0690256,0.572866,-1.62585,-0.0774707,1.01862,-1.2741,0.132147,0.6156,-1.89133,-0.0761115,0.662438,-1.41493,-0.032197,0.842866,-1.00061,-0.0999934,0.932088,-1.36593,-0.565891,-4.62344,-6.83021,1.83121,4.21857,-1.2901,-2.66038,5.20319,9.75028,0.874502,2.09932,0.415821,
1.55252,-2.7669,-1.2941,2.10906,12.0264,11.7983,-1.01329,3.79651,22.6666,-2.75958,-6.38954,-7.64248,0,0,0,0,0,0,0,0,0,0,0,0,0.131005,0.692164,-1.78811,-0.12717,0.454555,-1.6446,0.026393,0.686089,-1.43397,-0.0585668,1.07923,-1.28409,0.138344,0.480948,-1.95656,-0.03952,0.754555,-1.38763,0.00106381,0.902494,-0.816671,-0.120926,0.986718,-1.50596,-1.25898,-5.68175,-5.44419,1.39694,4.03094,-1.51959,0.000121875,4.85969,2.0252,0.265195,2.68921,-1.23236,
3.63426,-0.670149,-0.891204,4.20085,11.5491,13.6005,-1.98932,7.18387,24.3184,-2.60856,-3.28034,-7.76937,0,0,0,0,0,0,0,0,0,0,0,0,0.0968477,0.561308,-1.88266,-0.113545,0.536139,-1.68347,0.0372563,0.776285,-1.45445,-0.0665086,1.08812,-1.34405,0.150491,0.388325,-1.99463,-0.0059393,0.836139,-1.39343,0.00202514,1.03099,-0.869022,-0.144322,0.97825,-1.64405,-1.48852,-6.24917,-3.58776,0.103391,3.48275,-1.99907,0.580075,3.00424,-0.901423,-0.503997,-1.11444,-4.82641,
2.84981,-0.392368,0.240418,4.30351,6.55681,14.9498,-3.13235,6.31736,15.6307,-2.43281,-3.46129,-6.57913,0,0,0,0,0,0,0,0,0,0,0,0,0.0779476,0.436887,-1.94381,-0.114679,0.61112,-1.71979,0.050234,0.816001,-1.45176,-0.0752962,1.0505,-1.44958,0.142323,0.301402,-1.99494,-0.00772162,0.861904,-1.39385,-0.00438594,1.02415,-1.04146,-0.149862,0.902983,-1.74958,-0.274799,-5.02705,-2.28562,-0.0252002,3.47455,-1.91211,0.947552,2.0086,0.781047,-0.549838,-2.4392,-7.15585,
1.98902,-0.423707,1.33369,4.11543,3.47916,15.3274,-4.96241,2.68323,8.25539,-1.38436,-4.45885,-3.8368,0,0,0,0,0,0,0,0,0,0,0,0,0.0790059,0.369771,-1.97098,-0.114502,0.667809,-1.75022,0.0749005,0.857289,-1.41979,-0.0908433,0.99329,-1.58595,0.136275,0.262984,-1.967,-0.00999092,0.844997,-1.39562,-0.0144654,0.982152,-1.16254,-0.15008,0.800856,-1.84884,0.30173,-3.84777,-1.17453,0.0650026,3.60837,-1.14314,1.38777,2.31129,2.03431,-0.985122,-3.23852,-6.67882,
0.531403,1.6099,3.54254,2.83839,-0.745019,13.3789,-5.29177,-3.34019,1.15559,-0.192491,-4.2941,1.16594,0,0,0,0,0,0,0,0,0,0,0,0,0.0907881,0.298295,-1.97878,-0.109661,0.747994,-1.76254,0.101923,0.912539,-1.35809,-0.115051,0.908386,-1.72484,0.122476,0.270048,-1.88378,-0.0267343,0.820376,-1.42933,-0.0146867,0.890642,-1.21297,-0.14642,0.688671,-1.84758,0.736121,-2.73977,0.25749,0.478679,3.64029,-0.0507324,0.627401,2.46432,4.64914,-1.06228,-4.49453,-6.07551,
0.0596414,6.19258,4.86633,1.91762,-4.26074,9.31344,-5.62574,-7.03227,0.602286,1.11768,-0.604796,4.37317,0,0,0,0,0,0,0,0,0,0,0,0,0.104844,0.256733,-1.95198,-0.0960861,0.826659,-1.75276,0.112405,0.965663,-1.27202,-0.135546,0.796164,-1.81693,0.114917,0.380647,-1.77052,-0.0359898,0.806506,-1.50231,-0.0100857,0.846627,-1.20193,-0.128668,0.637673,-1.76876,0.343276,-1.236,2.39213,0.486236,3.4546,0.704818,0.726133,2.27084,2.20115,-0.84255,-5.73485,-2.44667,
0.0272073,9.96526,6.43875,1.51141,-7.02521,5.51544,-5.04971,-8.26347,-2.25447,2.23657,3.51388,6.47406,0,0,0,0,0,0,0,0,0,0,0,0,0.106736,0.258769,-1.87931,-0.0907435,0.898926,-1.73525,0.127798,1.00772,-1.2289,-0.144816,0.677069,-1.82719,0.105971,0.545071,-1.6097,-0.0525073,0.801498,-1.57854,0.0154682,0.839064,-1.23313,-0.090513,0.639979,-1.63275,-0.0577973,1.48679,4.34566,0.0180336,3.12807,0.752661,0.556507,1.51722,2.08493,-0.0644606,-4.99751,1.30381,
-0.257314,10.7377,8.01118,0.758537,-10.5182,1.77553,-3.59784,-8.73188,-5.93193,2.59143,6.7289,7.66228,0,0,0,0,0,0,0,0,0,0,0,0,0.104137,0.329428,-1.76601,-0.0946722,0.963188,-1.72231,0.133976,1.03515,-1.19879,-0.139087,0.613065,-1.78992,0.094823,0.629428,-1.40787,-0.0846891,0.767924,-1.66867,0.0494429,0.849082,-1.31103,-0.0563054,0.699916,-1.50142,-0.115263,4.83578,6.3145,-0.359216,2.70768,0.370124,0.216512,1.28906,1.44224,0.719844,-3.25489,3.87801,
-0.803681,9.55367,9.7362,-0.0382248,-11.5346,-1.77169,-1.69514,-7.10535,-7.40852,1.67068,6.96022,6.80926,0,0,0,0,0,0,0,0,0,0,0,0,0.101669,0.417224,-1.65536,-0.103951,0.998588,-1.71912,0.133524,1.04888,-1.18853,-0.109897,0.576077,-1.68267,0.0787069,0.717224,-1.20072,-0.127092,0.750616,-1.76733,0.0874873,0.886799,-1.3984,-0.0232458,0.742542,-1.36421,-0.114822,5.7587,8.44946,-0.887399,1.6157,-0.156697,-0.146313,0.622171,-0.986481,1.79536,-0.301643,5.92889,
-3.74695,10.7129,15.4969,-0.36969,-7.1656,-2.53832,0.821544,-7.83225,-9.14381,4.28958,8.45818,14.9532,0,0,0,0,0,0,0,0,0,0,0,0,0.0994423,0.534584,-1.60126,-0.136807,0.989292,-1.73809,0.126699,1.06334,-1.2585,-0.0780478,0.6151,-1.58142,0.00786317,0.834584,-1.26819,-0.180571,0.746094,-1.83503,0.137205,0.875606,-1.5585,0.0365672,0.909309,-1.21727,0.0837859,4.35988,-2.17421,-1.38086,-2.56231,-1.33938,-0.401292,0.322763,-4.20478,0.295017,3.31015,-0.387206,
-5.96942,9.95142,14.1131,-1.87786,-4.71181,-3.96019,1.86427,-5.32726,-11.8367,5.70436,10.4777,21.452,0,0,0,0,0,0,0,0,0,0,0,0,0.10636,0.622752,-1.6528,-0.153716,0.925892,-1.76173,0.122575,1.06161,-1.33137,-0.0782074,0.672809,-1.61016,-0.0315116,0.922752,-1.34944,-0.219918,0.683622,-1.90264,0.168205,0.917303,-1.63137,0.0623858,0.972809,-1.12861,0.454555,3.75564,-1.97839,-0.770229,-4.979,-1.67648,-0.0391065,-0.445052,-5.90038,-0.0806312,3.65698,-2.18984,
-6.8852,6.50196,11.6236,-2.35863,-3.38377,-2.07066,1.71529,-2.49695,-10.3657,5.98005,9.38224,22.6522,0,0,0,0,0,0,0,0,0,0,0,0,0.114489,0.679662,-1.6747,-0.159618,0.800869,-1.80442,0.122945,1.0058,-1.47143,-0.080356,0.74865,-1.64983,-0.0435544,0.92964,-1.40933,-0.219943,0.569415,-1.92024,0.168441,0.852536,-1.77143,0.0670318,1.04865,-1.11553,0.563482,3.49717,-1.00877,-0.0543533,-5.87439,-2.56195,0.104549,-3.63364,-6.42445,-0.0845382,3.21264,-1.28034,
-7.1987,2.71651,10.5945,-1.75115,-2.86113,0.436354,1.14285,-3.26745,-6.62447,5.68165,8.67295,19.8915,0,0,0,0,0,0,0,0,0,0,0,0,0.12802,0.754365,-1.6853,-0.161419,0.671095,-1.86346,0.126089,0.919366,-1.61847,-0.0814334,0.814374,-1.66422,-0.0363724,0.905041,-1.4238,-0.209291,0.447733,-1.91188,0.158132,0.735071,-1.91847,0.0602144,1.10221,-1.1718,0.622984,3.31054,-0.13449,-0.16373,-6.07333,-2.37295,0.138875,-4.10435,-7.22234,-0.0157412,2.84046,-0.194503,
-6.94532,1.57647,10.1845,-1.11671,-2.37569,1.29571,0.923242,-4.11733,-4.05431,5.32633,7.96809,16.6645,0,0,0,0,0,0,0,0,0,0,0,0,0.138481,0.8115,-1.68149,-0.165535,0.569341,-1.89434,0.128523,0.843882,-1.73534,-0.0818056,0.864139,-1.66132,-0.0218961,0.926657,-1.41534,-0.20082,0.368152,-1.88689,0.153351,0.62999,-2.00598,0.0506061,1.13252,-1.23562,0.530252,3.02983,0.461534,-0.294703,-5.67186,-0.997503,0.0698641,-4.43834,-6.7716,-0.0298651,2.76705,0.363683,
-5.96053,-1.4104,9.1105,-0.426061,-1.24816,3.52085,0.57024,-3.278,0.68348,4.65176,4.82998,11.8221,0,0,0,0,0,0,0,0,0,0,0,0,0.147575,0.874421,-1.66433,-0.171536,0.44857,-1.89761,0.128969,0.733164,-1.88242,-0.0834776,0.927326,-1.64908,0.00600315,0.907635,-1.41046,-0.187092,0.28739,-1.80045,0.143281,0.511894,-2.02137,0.0295563,1.12334,-1.33693,0.297672,2.73899,1.0443,-0.196145,-5.19903,0.365481,0.00223536,-5.57277,-6.24143,-0.130406,3.01059,0.663751,
-4.67915,-4.76424,5.26803,0.285222,0.868822,6.58492,-0.143192,-1.56865,3.43439,3.48132,0.763631,7.02316,0,0,0,0,0,0,0,0,0,0,0,0,0.151141,0.930423,-1.63377,-0.173872,0.347775,-1.8689,0.12881,0.60583,-1.98036,-0.0875562,0.994403,-1.63082,0.0357735,0.870972,-1.46169,-0.168117,0.263113,-1.64205,0.124424,0.417052,-1.96684,-0.00603092,1.08899,-1.43039,0.0644386,2.38622,1.61513,-0.0550387,-4.2553,2.48906,-0.032235,-5.98247,-2.89364,-0.220305,3.02004,0.994303,
-3.03114,-8.47655,-0.475636,1.39312,4.2754,8.0101,-1.44312,2.56438,5.94231,1.80084,-2.94053,3.81332,0,0,0,0,0,0,0,0,0,0,0,0,0.151498,0.980337,-1.59803,-0.174143,0.282746,-1.80459,0.126689,0.504821,-2.00459,-0.0917504,1.04592,-1.60998,0.0755719,0.822216,-1.57045,-0.139405,0.308673,-1.47175,0.0849369,0.430692,-1.85342,-0.0524384,1.03996,-1.48469,-0.00590445,2.15169,1.57863,-0.00358494,-3.23835,5.30333,-0.226959,-5.52956,0.104435,-0.22836,2.7019,1.19796,
-1.52856,-11.2031,-5.77844,2.19527,7.77888,6.98014,-2.26736,9.78552,8.04453,0.86303,-5.60177,2.19116,0,0,0,0,0,0,0,0,0,0,0,0,0.152153,1.01217,-1.57903,-0.172219,0.238359,-1.68596,0.11645,0.413631,-1.97768,-0.096969,1.09566,-1.58539,0.117918,0.775754,-1.70863,-0.113075,0.400587,-1.33459,0.0384936,0.570457,-1.70367,-0.0835519,1.0117,-1.49919,0.159148,1.74624,0.594377,0.170472,-1.28974,7.07466,-0.850891,-3.51249,2.916,-0.326348,2.24354,1.25675,
-0.989949,-8.79753,-5.82732,2.1123,7.05426,6.86605,-1.91401,11.0494,7.30223,0.429792,-5.88594,-0.835888,0,0,0,0,0,0,0,0,0,0,0,0,0.157011,1.00817,-1.5973,-0.16176,0.244679,-1.52715,0.0889363,0.388881,-1.87065,-0.103622,1.13652,-1.55574,0.137568,0.730728,-1.80459,-0.0948007,0.473875,-1.26567,0.00446536,0.688881,-1.52731,-0.0971815,1.02819,-1.54067,0.212225,-2.3002,-2.46425,0.566072,2.11358,3.59307,-1.46482,1.32487,6.4311,-0.172182,1.55287,1.43861,
-1.35895,-5.71288,-3.6069,2.72048,9.14981,12.4454,-2.10385,8.29174,11.34,-1.01954,-4.98248,-3.57155,0,0,0,0,0,0,0,0,0,0,0,0,0.170695,0.937683,-1.68523,-0.150993,0.323057,-1.58459,0.0574059,0.469189,-1.71463,-0.102915,1.16357,-1.52971,0.146144,0.673082,-1.88637,-0.0672888,0.623057,-1.38158,-0.0265181,0.769189,-1.22907,-0.125229,1.0545,-1.59961,0.376917,-4.87114,-4.43859,0.627701,3.96921,-4.325,-1.25311,5.40731,8.08208,0.126989,0.619843,0.775637,
0.788625,-3.48215,-1.34045,3.62422,10.4018,11.9797,-3.37356,9.3338,24.6291,-1.29193,-4.63542,-6.37271,0,0,0,0,0,0,0,0,0,0,0,0,0.164277,0.803115,-1.78148,-0.134331,0.408306,-1.66757,0.0466349,0.593013,-1.61099,-0.101143,1.1794,-1.53522,0.155288,0.544545,-1.92792,-0.027538,0.708306,-1.45283,-0.0243529,0.893013,-1.02257,-0.140397,1.07096,-1.7094,-1.14817,-6.86065,-4.5173,0.647495,4.07478,-3.39017,0.53405,5.08999,-1.09224,-0.27819,0.298086,-0.594547,
2.69716,-2.39873,-1.00045,4.69061,10.6229,11.7111,-3.92104,12.3708,28.683,-1.42598,-3.04221,-6.40248,0,0,0,0,0,0,0,0,0,0,0,0,0.138473,0.68973,-1.84449,-0.129339,0.470938,-1.71582,0.0574044,0.6665,-1.65493,-0.107138,1.16871,-1.56744,0.161324,0.442599,-1.95645,-0.0109373,0.770938,-1.49391,-0.0245911,0.9665,-1.01097,-0.150744,1.06227,-1.81037,-1.7831,-7.48652,-3.47793,0.045439,3.78223,-2.83437,0.641224,4.03642,-2.92455,-0.318276,-1.2156,-3.31483,
3.00611,-0.0302482,0.560485,5.53525,8.51702,12.9595,-4.25404,13.5841,25.0148,-1.65915,-2.66214,-3.31081,0,0,0,0,0,0,0,0,0,0,0,0,0.104503,0.525735,-1.90393,-0.135136,0.549408,-1.77204,0.0698152,0.734714,-1.69618,-0.10983,1.11999,-1.67342,0.150626,0.346108,-1.94431,-0.00733611,0.84864,-1.50634,-0.0230222,1.03471,-1.09395,-0.152115,0.984631,-1.90079,-1.16122,-7.15483,-2.17569,-0.423248,3.45226,-2.33125,0.540546,2.46321,-0.92558,-0.0322407,-2.75243,-5.78383,
2.13949,0.607332,1.25111,5.77612,7.06686,13.6064,-4.77493,13.3918,21.1916,-1.41534,-3.14824,-0.992262,0,0,0,0,0,0,0,0,0,0,0,0,0.0916713,0.393086,-1.93306,-0.144118,0.625264,-1.81531,0.0833799,0.781668,-1.69832,-0.111349,1.04933,-1.79394,0.140579,0.279036,-1.91475,-0.00824676,0.89007,-1.51597,-0.0186571,1.08167,-1.15927,-0.150846,0.881787,-1.95097,-0.18317,-5.16935,-0.518577,-0.341265,3.52537,-1.63289,0.693447,2.08722,0.370641,-0.164549,-3.55361,-5.28883,
1.66205,0.100677,1.23455,5.54269,3.68131,13.4508,-5.5426,10.6966,15.9853,-0.849392,-3.86937,0.709929,0,0,0,0,0,0,0,0,0,0,0,0,0.0915766,0.307371,-1.931,-0.149676,0.704859,-1.84114,0.100272,0.830303,-1.68154,-0.118161,0.965186,-1.88583,0.135615,0.232665,-1.88488,-0.0148477,0.889224,-1.5245,-0.0171083,1.1303,-1.25725,-0.149565,0.763426,-1.95317,0.0995009,-3.08891,0.610603,-0.149559,3.69329,-0.785119,0.847395,2.41466,0.98646,-0.40677,-4.20106,-3.40364,
1.34894,0.0899546,1.31179,5.07926,-0.249141,13.0015,-6.23118,5.50809,11.6152,-0.021823,-2.66824,2.19105,0,0,0,0,0,0,0,0,0,0,0,0,0.094814,0.256286,-1.90839,-0.150581,0.785981,-1.84765,0.119902,0.894511,-1.65805,-0.12845,0.86223,-1.93251,0.132366,0.212572,-1.84253,-0.0228375,0.871355,-1.52099,-0.013253,1.11761,-1.34008,-0.141148,0.667943,-1.90586,0.153134,-1.83851,1.32264,0.0304685,3.66408,0.0648205,0.904975,3.41591,1.10379,-0.486097,-5.10327,-1.12521,
0.900334,1.47261,1.44864,4.33737,-2.17764,11.4514,-6.11668,0.622849,8.02528,0.433977,-0.358773,3.02233,0,0,0,0,0,0,0,0,0,0,0,0,0.0990267,0.226859,-1.88503,-0.148732,0.843642,-1.84201,0.131965,0.9525,-1.62452,-0.133503,0.780603,-1.93697,0.126766,0.238251,-1.80477,-0.0361853,0.877036,-1.54185,-0.00362886,1.06077,-1.37666,-0.12689,0.638811,-1.84716,0.209242,-1.01697,1.76177,0.164511,3.51342,0.554969,0.69293,3.70803,1.88907,-0.169426,-5.31293,0.570282,
0.60573,4.52576,2.34923,3.96975,-4.97508,8.84491,-5.63819,-2.99345,5.30905,0.858808,2.22789,3.49775,0,0,0,0,0,0,0,0,0,0,0,0,0.100483,0.217193,-1.84658,-0.1454,0.9184,-1.82399,0.142296,1.02923,-1.57979,-0.132734,0.676766,-1.9093,0.116551,0.323739,-1.7423,-0.0445269,0.876128,-1.57881,0.0123035,1.02852,-1.4043,-0.105412,0.630666,-1.77168,0.0369999,-0.263938,1.82229,0.0651628,3.28418,0.96227,0.438492,2.96499,1.71037,0.234101,-4.07188,2.00723,
-0.102017,7.60613,4.05222,3.43114,-6.96873,5.93758,-4.72966,-5.21732,2.17193,1.00608,4.33128,3.64928,0,0,0,0,0,0,0,0,0,0,0,0,0.100754,0.229773,-1.80173,-0.145448,0.986893,-1.80146,0.151041,1.08427,-1.54127,-0.120215,0.611172,-1.84993,0.0982588,0.458267,-1.64085,-0.0613257,0.886623,-1.62747,0.0414894,1.00896,-1.44184,-0.0738586,0.667835,-1.67527,0.0022058,1.53361,2.383,-0.0662606,2.95794,1.02188,0.347573,2.205,1.80529,0.848178,-2.06476,3.33724,
-0.882444,9.63891,5.57706,2.55512,-9.42052,2.86681,-3.45397,-6.74592,-2.33016,1.00625,6.01722,4.33585,0,0,0,0,0,0,0,0,0,0,0,0,0.10035,0.286259,-1.74102,-0.148726,1.04274,-1.78314,0.156797,1.12452,-1.5056,-0.0977142,0.592888,-1.77411,0.0764769,0.586259,-1.50642,-0.0910421,0.873475,-1.69155,0.0765763,1.0027,-1.52057,-0.0388699,0.742724,-1.55745,-0.0724928,4.0309,3.80695,-0.247769,2.65011,0.796557,0.245141,1.87324,1.73137,1.34753,-0.0237634,4.33065,
-2.45087,10.8325,8.30817,0.599655,-9.99956,-1.34123,-1.5826,-7.98532,-6.90248,2.10263,8.705,9.69034,0,0,0,0,0,0,0,0,0,0,0,0,0.0979581,0.371976,-1.66652,-0.155133,1.08351,-1.77285,0.159777,1.15343,-1.48212,-0.0746095,0.613005,-1.71928,0.0364084,0.671977,-1.36962,-0.148365,0.864355,-1.78694,0.121527,0.985414,-1.64058,-0.00112902,0.892224,-1.46336,-0.0111101,5.06843,3.56767,-0.328964,1.23353,0.77777,0.0526157,1.26476,0.564048,0.836591,2.46373,0.546256,
-5.04424,13.5129,14.3504,-0.931963,-7.65015,-4.49403,0.645503,-6.72278,-7.24697,4.30856,12.1196,16.8395,0,0,0,0,0,0,0,0,0,0,0,0,0.106266,0.467575,-1.69356,-0.167764,1.08484,-1.77255,0.155196,1.16086,-1.50856,-0.0659796,0.68321,-1.74493,-0.00662841,0.767575,-1.40385,-0.21171,0.863944,-1.90582,0.158258,0.963839,-1.76695,0.0462008,0.98321,-1.36496,0.528485,4.06516,-2.762,-0.825887,-1.18553,-0.836942,-0.523004,-1.15817,-3.08829,0.178651,3.43807,-1.64056,
-5.27304,11.5567,15.427,-1.64364,-4.6291,-4.56243,0.386318,-4.68405,-6.1405,6.00867,11.6112,19.9305,0,0,0,0,0,0,0,0,0,0,0,0,0.115307,0.551111,-1.74868,-0.18363,1.01478,-1.80694,0.150861,1.12841,-1.60995,-0.0669715,0.754961,-1.77348,-0.00873493,0.851111,-1.41495,-0.236867,0.783262,-1.98705,0.158357,0.938423,-1.90666,0.0791614,1.05496,-1.30003,0.311378,3.65185,-2.07764,-0.485831,-4.63177,-2.64189,-0.0864773,-2.91525,-5.728,-0.163351,3.16812,-0.99283,
-6.03803,7.59881,13.7766,-1.46332,-4.19571,-1.84379,0.0423197,-3.84661,-3.30614,6.11575,9.62347,19.9921,0,0,0,0,0,0,0,0,0,0,0,0,0.122225,0.62986,-1.77914,-0.187677,0.896744,-1.88134,0.147643,1.03702,-1.74714,-0.0713337,0.824255,-1.78831,-0.0190162,0.909425,-1.456,-0.225382,0.646351,-2.02653,0.142488,0.825427,-2.00646,0.0773574,1.12426,-1.30263,0.388392,3.58379,-0.851123,-0.0448798,-5.82001,-3.96355,-0.248532,-4.61707,-7.06661,-0.168105,3.17874,-0.565091,
-6.50095,4.91313,12.452,-1.12797,-4.82499,-0.855767,0.193435,-4.72437,-1.27873,5.98795,8.49121,18.7824,0,0,0,0,0,0,0,0,0,0,0,0,0.131206,0.709133,-1.78595,-0.187917,0.802037,-1.93955,0.142583,0.958857,-1.85204,-0.0740277,0.876205,-1.79269,-0.0214416,0.922736,-1.47921,-0.216181,0.523306,-2.04458,0.137154,0.7082,-2.04449,0.0714493,1.17131,-1.32723,0.395052,3.631,-0.182048,-0.00257629,-6.32425,-3.34534,-0.410615,-5.30192,-6.41939,-0.168877,3.31291,-0.16386,
-6.31656,3.42377,11.8014,-0.978487,-3.61557,0.859174,0.435509,-4.05728,0.911356,5.72171,6.20229,16.9721,0,0,0,0,0,0,0,0,0,0,0,0,0.137019,0.766813,-1.78199,-0.186996,0.661298,-1.99572,0.131721,0.834887,-1.9667,-0.0779092,0.951358,-1.79274,-0.0127817,0.94151,-1.47623,-0.209774,0.405446,-2.02195,0.129827,0.580795,-2.04549,0.0605053,1.19381,-1.36539,0.324533,3.56412,0.428869,0.067387,-6.61852,-1.90848,-0.511275,-6.1064,-4.06306,-0.185126,3.4959,0.122008,
-6.08131,0.695027,12.1114,-1.17928,-1.58439,2.4301,0.573433,-2.7767,1.79761,5.58403,3.01022,14.4732,0,0,0,0,0,0,0,0,0,0,0,0,0.143122,0.842738,-1.76686,-0.184684,0.516725,-2.01806,0.120406,0.694691,-2.02238,-0.0822146,1.02851,-1.78606,-0.00298825,0.943307,-1.44158,-0.210975,0.313793,-1.96428,0.121544,0.460338,-2.01048,0.0521432,1.19072,-1.41269,0.236913,3.32773,0.899823,0.127653,-6.5329,-0.278857,-0.527891,-6.5974,-1.32127,-0.20972,3.47806,0.461756,
-5.64665,-2.29843,12.1151,-1.31145,0.540466,3.41097,0.603629,-0.949363,2.14017,5.426,0.00877571,11.5667,0,0,0,0,0,0,0,0,0,0,0,0,0.147795,0.912017,-1.74149,-0.181976,0.387713,-2.00504,0.107816,0.557553,-2.02755,-0.0871057,1.10244,-1.771,0.0112472,0.929243,-1.40552,-0.213674,0.266331,-1.88186,0.107464,0.381931,-1.95872,0.042351,1.18287,-1.45962,0.184724,2.9875,1.3237,0.0435473,-5.39577,1.5163,-0.617691,-6.07554,0.612805,-0.24773,3.2082,0.888274,
-4.9127,-4.37321,10.6263,-1.10374,2.19333,4.14533,0.376935,1.0473,3.13373,5.07974,-1.76145,9.14424,0,0,0,0,0,0,0,0,0,0,0,0,0.150961,0.963405,-1.71559,-0.182196,0.306585,-1.96704,0.095979,0.459977,-2.00731,-0.0919467,1.15711,-1.75127,0.032204,0.921809,-1.41078,-0.21184,0.262938,-1.7887,0.0880016,0.35885,-1.88398,0.0276304,1.18525,-1.49174,0.162412,2.70937,1.56602,-0.0820112,-3.93921,2.98838,-0.696031,-5.0924,1.79927,-0.296654,2.88702,1.23694,
-3.7738,-7.88854,6.35954,-0.270122,3.74032,4.91028,0.0620586,3.96605,4.22868,4.08227,-3.66536,6.02435,0,0,0,0,0,0,0,0,0,0,0,0,0.154525,1.01853,-1.67798,-0.184865,0.244619,-1.87941,0.0793467,0.368418,-1.94812,-0.0990496,1.21572,-1.72002,0.0645252,0.879842,-1.47387,-0.194682,0.292794,-1.64363,0.0606594,0.386859,-1.76116,-0.00526905,1.1857,-1.53009,0.173796,2.34082,1.80447,-0.122567,-1.81332,4.52115,-0.809551,-3.22839,3.2496,-0.331044,2.46466,1.5727,
-2.30951,-11.2986,0.317731,1.03167,5.83221,4.64866,-0.489705,8.93526,6.70917,2.48353,-4.79558,3.00146,0,0,0,0,0,0,0,0,0,0,0,0,0.159404,1.06115,-1.64257,-0.186193,0.22961,-1.77795,0.0626672,0.33031,-1.87055,-0.105146,1.25929,-1.68512,0.109347,0.826992,-1.59218,-0.161216,0.37472,-1.51316,0.0286048,0.532632,-1.58449,-0.0501136,1.18728,-1.56317,0.307227,1.93245,1.69784,-0.0325827,-0.0278166,5.94306,-0.872791,-0.842381,4.73346,-0.282222,1.91533,1.87639,
-1.62652,-11.0334,-5.62342,2.65915,7.90006,4.31893,-0.662248,14.7636,10.0421,1.00827,-5.16314,-0.51973,0,0,0,0,0,0,0,0,0,0,0,0,0.173091,1.08615,-1.61837,-0.185226,0.244946,-1.67315,0.0458435,0.339234,-1.77618,-0.11,1.28813,-1.64943,0.157013,0.815067,-1.72641,-0.113249,0.484805,-1.40748,0.00652275,0.639234,-1.36158,-0.0905999,1.1938,-1.61209,0.983388,0.190104,1.30202,0.219907,1.69427,6.30794,-0.910582,1.96182,6.54208,-0.232283,1.38974,2.01299,
-0.925509,-8.7052,-7.22494,3.75606,7.63811,3.26028,0.402729,15.9969,15.525,0.228758,-4.3579,-3.73798,0,0,0,0,0,0,0,0,0,0,0,0,0.188445,1.06377,-1.62513,-0.173929,0.306091,-1.54601,0.0247441,0.412846,-1.6416,-0.115658,1.31046,-1.60985,0.182646,0.770283,-1.84743,-0.0603325,0.592289,-1.32395,0.018451,0.712846,-1.18985,-0.11428,1.20746,-1.67012,0.693585,-3.03426,-1.66691,0.787788,3.80983,5.62227,-0.654455,3.60259,2.54512,-0.17364,0.237888,1.32721,
-0.417161,-5.80521,-3.01432,5.70653,8.45535,9.33947,-0.598458,19.2231,23.4476,-1.25843,-3.8557,-6.79266,0,0,0,0,0,0,0,0,0,0,0,0,0.196441,0.958879,-1.70773,-0.166139,0.393759,-1.51255,0.0179049,0.479915,-1.66843,-0.115533,1.30131,-1.60757,0.187423,0.658305,-1.91029,-0.0300618,0.693759,-1.36307,0.0053195,0.779915,-1.13863,-0.135806,1.17079,-1.8025,0.056464,-6.21772,-5.08789,-0.263426,3.78757,-3.36026,0.0950433,2.60914,-2.25558,0.447519,-1.36516,-1.00458,
0.173143,-2.80249,-0.663462,6.20903,7.31142,11.013,-2.05824,20.0911,24.4395,-2.48491,-3.511,-6.8318,0,0,0,0,0,0,0,0,0,0,0,0,0.188727,0.799117,-1.81517,-0.17287,0.4741,-1.58403,0.0248111,0.5162,-1.6995,-0.105595,1.27264,-1.64112,0.175764,0.531818,-1.94435,-0.0235482,0.747346,-1.42641,-0.0111746,0.8162,-1.12809,-0.152633,1.13094,-1.90411,-0.691632,-7.88945,-4.50384,-0.236162,3.61839,-4.70826,0.618814,2.0577,-1.58301,0.603411,-2.15707,-3.68799,
0.522319,-1.50562,-0.126925,6.51986,7.06651,10.5956,-3.44729,19.5005,24.3641,-2.38832,-2.59814,-3.54269,0,0,0,0,0,0,0,0,0,0,0,0,0.173395,0.675678,-1.87444,-0.174943,0.528477,-1.67196,0.0438505,0.556722,-1.72007,-0.0980933,1.21021,-1.74702,0.15719,0.444249,-1.95607,-0.014693,0.788337,-1.49066,-0.0183305,0.856722,-1.12144,-0.156979,1.06338,-1.97561,-1.1705,-7.75151,-3.13847,-0.109862,3.32791,-3.34358,0.960056,1.6927,-0.418802,0.0329039,-3.27508,-5.60125,
0.600393,0.408937,1.39896,6.72508,2.94937,10.2793,-4.00403,15.4829,21.1502,-1.77113,-3.99733,-0.846555,0,0,0,0,0,0,0,0,0,0,0,0,0.143505,0.517129,-1.9234,-0.175916,0.600245,-1.73056,0.0660348,0.592297,-1.71946,-0.105396,1.12955,-1.8709,0.122101,0.362177,-1.9271,-0.00782152,0.754821,-1.52854,-0.00853559,0.892297,-1.18181,-0.164799,0.929332,-2.02687,-1.45653,-6.60702,-1.54676,-0.00129024,3.23367,-2.1987,1.02122,1.57146,0.355787,-0.604999,-4.01134,-5.39222,
0.547942,1.49387,2.09764,6.14947,-3.18188,10.5686,-4.68615,9.57362,15.3422,-1.28152,-4.23762,1.15219,0,0,0,0,0,0,0,0,0,0,0,0,0.113812,0.399813,-1.93898,-0.172679,0.669231,-1.76753,0.0900329,0.627497,-1.70652,-0.122062,1.03233,-1.96235,0.0957645,0.325769,-1.88598,-0.0114353,0.665163,-1.53601,0.00138517,0.908008,-1.30495,-0.175613,0.800193,-2.01595,-1.26983,-4.45561,0.0223496,0.300297,3.01915,-1.30771,1.14024,1.64685,0.720813,-0.860511,-5.04774,-3.29614,
0.738827,0.557407,2.69228,5.11137,-9.62402,10.4696,-5.21298,1.90046,10.1192,-1.08668,-2.70216,1.42522,0,0,0,0,0,0,0,0,0,0,0,0,0.0897594,0.329097,-1.92325,-0.162123,0.730363,-1.78679,0.116367,0.667288,-1.69455,-0.135254,0.947976,-1.99938,0.0841965,0.285503,-1.82217,-0.0189107,0.551942,-1.53809,0.0167569,0.765002,-1.42506,-0.184542,0.735081,-1.9977,-0.96134,-2.30117,1.35114,0.617133,2.48715,-0.521583,1.22858,2.00812,0.660568,-0.884827,-5.81367,-1.35803,
1.12326,-0.430314,3.00489,4.76303,-14.3013,9.69135,-5.84566,-3.72366,6.1382,-1.13268,0.0222178,1.08886,0,0,0,0,0,0,0,0,0,0,0,0,0.0751757,0.299642,-1.89055,-0.153139,0.762425,-1.78871,0.138254,0.703052,-1.67988,-0.151216,0.811772,-2.0083,0.0870133,0.252527,-1.75278,-0.0259235,0.411749,-1.51388,0.0209807,0.654667,-1.50909,-0.190497,0.677338,-1.97573,-0.649759,-1.45425,2.50595,0.325589,0.274205,1.30219,1.15475,1.78825,0.693374,-0.438597,-5.39959,0.214109,
1.25548,1.50588,1.83193,5.83496,-9.7239,10.329,-7.10755,-5.4466,5.38775,-1.19934,1.91885,-0.0208507,0,0,0,0,0,0,0,0,0,0,0,0,0.0683336,0.270493,-1.82583,-0.158129,0.735308,-1.76726,0.161579,0.73105,-1.6641,-0.154866,0.713605,-1.99576,0.0967582,0.269675,-1.68696,-0.0298645,0.408567,-1.46471,0.0122941,0.620396,-1.50754,-0.186799,0.6492,-1.97294,-0.118494,-1.53858,3.72307,-0.70439,-3.34572,1.77297,1.13616,1.02046,0.874611,-0.0779984,-4.49504,0.933531,
1.46752,2.65023,1.93581,7.0117,-4.23915,10.6598,-7.78711,-6.97711,5.24253,-0.769739,2.6072,-0.506513,0,0,0,0,0,0,0,0,0,0,0,0,0.0674925,0.246502,-1.75052,-0.177717,0.635811,-1.72292,0.183825,0.745347,-1.64331,-0.155796,0.640234,-1.98067,0.104126,0.29725,-1.61799,-0.0176236,0.383712,-1.34871,0.00858984,0.578788,-1.48715,-0.177476,0.645403,-1.983,-0.00215991,-0.620292,3.36558,-0.607967,-5.84481,4.30888,0.777708,0.314725,1.00355,-0.0974382,-2.40041,0.413129,
1.42059,4.95499,0.713403,8.75713,-1.53656,12.3314,-9.28416,-7.84664,6.3406,-1.27509,3.38866,-1.667,0,0,0,0,0,0,0,0,0,0,0,0,0.0700433,0.245771,-1.68219,-0.198994,0.536012,-1.68328,0.2018,0.747846,-1.62227,-0.15458,0.611464,-1.97696,0.111657,0.380368,-1.58356,-0.0053925,0.396134,-1.33259,-0.00773406,0.550917,-1.44036,-0.180976,0.683628,-2.01788,0.243947,0.428874,3.23194,-1.01308,-4.05854,1.69641,0.902797,-0.030507,0.935727,0.219268,-0.502089,0.0301273,
1.24375,5.81002,1.04453,9.26021,-1.88555,12.8982,-9.68139,-9.06466,5.77827,-0.824599,3.63776,-1.787,0,0,0,0,0,0,0,0,0,0,0,0,0.0793338,0.265073,-1.68565,-0.214939,0.475392,-1.65207,0.214465,0.745633,-1.60381,-0.153124,0.614491,-1.98212,0.12308,0.446671,-1.69828,-0.00253715,0.361363,-1.28874,-0.0141294,0.515557,-1.42956,-0.173944,0.727126,-2.04692,0.506085,1.45388,-1.55,-0.764148,-2.67558,1.63516,0.537599,-0.138412,1.19201,-0.00818048,0.867671,-0.804751,
0.958857,6.43494,-0.139131,9.93984,-4.52913,14.2755,-9.66191,-11.3351,5.77843,-1.07001,3.98574,-2.11616,0,0,0,0,0,0,0,0,0,0,0,0,0.0886734,0.299891,-1.7238,-0.228501,0.438505,-1.62818,0.222475,0.743318,-1.57982,-0.152828,0.646101,-2.00604,0.125606,0.512334,-1.78104,0.00391342,0.289692,-1.24779,-0.0103322,0.456203,-1.4059,-0.17692,0.798794,-2.09571,0.518463,2.06277,-2.15047,-0.643272,-1.42336,0.940054,0.349609,-0.149505,1.17844,0.106326,2.12197,-1.47052,
0.383976,6.3188,0.865251,10.3544,-5.99851,14.7012,-9.39413,-12.7152,5.83349,-1.57934,4.2704,-2.27135,0,0,0,0,0,0,0,0,0,0,0,0,0.100201,0.355415,-1.77544,-0.24185,0.406436,-1.60363,0.228538,0.735174,-1.55203,-0.148998,0.702897,-2.04247,0.122741,0.591882,-1.82242,-0.000229038,0.21219,-1.205,-1.41487e-05,0.40105,-1.3714,-0.181383,0.88632,-2.1492,0.517644,3.13988,-2.74449,-0.689588,-1.77135,1.24428,0.252041,-0.649694,1.39176,0.283947,3.06653,-1.99802,
-0.0719208,6.11701,1.92007,10.6913,-6.11079,15.3735,-9.175,-12.362,5.81807,-1.98653,4.74025,-2.26539,0,0,0,0,0,0,0,0,0,0,0,0,0.108826,0.439345,-1.81587,-0.258184,0.356164,-1.57083,0.233131,0.711502,-1.51668,-0.142784,0.761087,-2.07842,0.114739,0.696307,-1.82529,-0.014272,0.134,-1.15148,0.00831809,0.366217,-1.32562,-0.185579,0.97145,-2.19389,0.308417,4.16145,-2.29672,-0.934809,-2.77574,1.4007,0.18247,-1.44943,1.82404,0.274721,3.67428,-2.35333,
-0.49958,5.94698,2.74244,10.6055,-6.00213,15.5663,-8.81162,-12.2579,6.29869,-1.944,4.85397,-1.89706,0,0,0,0,0,0,0,0,0,0,0,0,0.113377,0.513503,-1.84748,-0.272784,0.297114,-1.53401,0.235846,0.680158,-1.48155,-0.140433,0.842178,-2.12528,0.104503,0.774534,-1.80647,-0.0324904,0.0559881,-1.09803,0.0197271,0.325772,-1.27034,-0.187526,1.06122,-2.22715,0.1446,4.49429,-1.10202,-0.993764,-3.64289,1.87301,0.166849,-1.91749,2.14953,0.0602792,3.9079,-2.17788,
-1.29473,2.81797,3.82897,10.4208,-2.20433,13.1431,-7.68357,-10.9144,5.42532,-1.30772,2.7112,-0.0108519,0,0,0,0,0,0,0,0,0,0,0,0,0.115567,0.620115,-1.87877,-0.293799,0.185137,-1.45126,0.237763,0.62959,-1.42402,-0.141739,0.947797,-2.17942,0.0825701,0.804761,-1.78881,-0.0498073,-0.00523579,-1.00649,0.0463926,0.299962,-1.22403,-0.177747,1.13348,-2.23281,-0.0251385,4.56788,-0.23024,-0.661085,-5.41058,4.64782,0.0287753,-2.27073,2.57426,-0.132616,4.71609,-2.12469,
-2.56749,0.472786,4.79136,10.0637,-0.637855,11.7548,-6.30693,-9.63637,3.6844,-0.775172,0.0641575,2.02439,0,0,0,0,0,0,0,0,0,0,0,0,0.117298,0.700423,-1.88809,-0.308708,0.0714585,-1.36431,0.238768,0.5785,-1.36679,-0.14649,1.04386,-2.21054,0.0550379,0.784606,-1.78029,-0.0747243,-0.0715495,-0.974667,0.0831204,0.278885,-1.20868,-0.170244,1.15028,-2.18268,0.0770754,2.89456,-0.479602,-0.704389,-5.08246,3.83112,0.0810382,-2.34824,2.64004,-0.175005,4.19257,-0.910118,
-3.71606,-2.89539,6.57435,8.6337,1.79859,7.41381,-4.56207,-6.79085,0.560465,0.00137244,-3.29186,4.74949,0,0,0,0,0,0,0,0,0,0,0,0,0.116143,0.736016,-1.88272,-0.312685,-0.00856014,-1.29209,0.240536,0.540354,-1.32503,-0.149524,1.101,-2.21316,0.0206631,0.699773,-1.71418,-0.0986725,-0.0874966,-0.988306,0.129354,0.310096,-1.24625,-0.15489,1.09429,-2.07957,-0.103142,1.44566,0.167069,-0.0731764,-4.95605,4.73752,0.114798,-2.41946,2.59073,-0.216038,3.02356,0.594309,
-5.19562,-7.04147,10.4768,6.54817,5.05722,1.41643,-2.09208,-2.41882,-3.60531,1.91192,-8.3257,7.26751,0,0,0,0,0,0,0,0,0,0,0,0,0.115877,0.734736,-1.86777,-0.310099,-0.100445,-1.20715,0.242833,0.488939,-1.28247,-0.156429,1.13309,-2.16086,-0.0107742,0.531905,-1.58078,-0.139299,-0.0572321,-1.09195,0.191133,0.371746,-1.34331,-0.117326,0.928699,-1.88603,0.129593,-1.07176,1.00275,0.283805,-3.32871,3.19156,0.0240883,-2.26887,1.17176,-0.347769,0.150015,3.72596,
-5.56924,-16.7403,16.7571,2.93308,8.02323,-5.86289,1.9628,4.24672,-8.10595,4.00695,-13.5629,7.73,0,0,0,0,0,0,0,0,0,0,0,0,0.120692,0.710635,-1.84587,-0.294274,-0.141159,-1.16754,0.228904,0.436465,-1.28042,-0.160792,1.09543,-2.05015,-0.0134588,0.260934,-1.39528,-0.189798,0.0336032,-1.29175,0.249878,0.483294,-1.51942,-0.0628539,0.657981,-1.66944,0.203223,-1.24777,1.26634,1.24598,-1.03276,0.894344,-1.12384,-2.37355,-1.45391,-0.0894249,-3.935,7.49818,
-3.28256,-21.0965,20.6009,-0.464503,10.2971,-10.9361,4.21465,7.57098,-8.61064,4.5152,-12.9868,8.12332,0,0,0,0,0,0,0,0,0,0,0,0,0.123074,0.674124,-1.81277,-0.257287,-0.122872,-1.20191,0.199166,0.409103,-1.36579,-0.154252,0.958332,-1.86099,0.0431409,0.0843977,-1.25507,-0.216991,0.206235,-1.50191,0.270583,0.60146,-1.66579,-0.0243596,0.415492,-1.40462,0.0852552,-2.4926,1.7073,2.07634,2.86719,-4.10114,-1.35795,0.12327,-6.40319,0.68049,-8.7268,10.1314,
-1.52818,-11.3217,15.7769,-2.41981,11.0509,-10.9579,3.53872,9.20724,-8.65032,4.32545,-6.82498,11.8491,0,0,0,0,0,0,0,0,0,0,0,0,0.127643,0.569625,-1.7362,-0.216087,-0.0113952,-1.33429,0.182711,0.425918,-1.47565,-0.137007,0.802537,-1.69609,0.101301,0.102796,-1.19429,-0.239755,0.288605,-1.63429,0.253462,0.711597,-1.77565,0.00269777,0.350758,-1.09801,0.474503,-7.35142,5.89989,1.47309,7.10153,-8.04102,-0.7087,2.21994,-7.86078,1.26274,-11.2462,12.0738,
0.91652,2.17622,9.52973,-1.4618,13.8139,-8.80501,0.158115,11.4271,-4.69861,3.49662,1.34546,15.2352,0,0,0,0,0,0,0,0,0,0,0,0,0.135638,0.369721,-1.5597,-0.201844,0.158862,-1.49716,0.183503,0.501812,-1.63239,-0.102347,0.555632,-1.43229,0.16739,0.190584,-1.1168,-0.235817,0.458862,-1.79716,0.203937,0.801812,-1.92141,0.0297957,0.31837,-0.71833,0.353589,-9.3417,8.18639,0.10289,7.94368,-6.98877,0.659237,4.7462,-6.86254,1.78908,-10.8359,13.323,
-5.52235,5.76351,10.6936,-2.20066,18.9959,-5.51373,-1.5803,7.12613,-0.44157,5.49299,1.39215,21.0513,0,0,0,0,0,0,0,0,0,0,0,0,0.152268,0.217416,-1.39562,-0.193214,0.269537,-1.59834,0.208839,0.620157,-1.76176,-0.0895314,0.437913,-1.29335,0.0646283,0.152804,-0.90738,-0.221086,0.569537,-1.89834,0.194723,0.920157,-1.92564,0.0444156,0.439002,-0.765709,2.01677,-8.34799,8.83612,1.08579,6.7469,-7.14746,1.01566,5.80028,-6.11354,-0.135109,-1.34858,0.0543189,
-9.04362,2.53857,14.1037,-1.50229,16.9777,0.793463,1.18131,3.19046,0.566885,3.90892,1.67608,17.3125,0,0,0,0,0,0,0,0,0,0,0,0,0.202932,0.0828427,-1.2486,-0.167934,0.415887,-1.76354,0.20657,0.75544,-1.87981,-0.0889811,0.40176,-1.2958,0.0184489,0.0340487,-0.773472,-0.186269,0.715887,-1.92295,0.209262,0.997061,-1.9603,0.00541629,0.393315,-0.85731,1.66432,-4.49033,4.90144,0.768884,6.75687,-7.16973,-1.07365,6.47438,-3.78621,-0.133019,-2.01388,0.227108,
-7.71802,1.67694,11.5828,0.19477,13.1651,4.2975,2.75428,1.82199,0.0104359,2.98586,3.27743,16.4607,0,0,0,0,0,0,0,0,0,0,0,0,0.222771,0.00376364,-1.16569,-0.161556,0.559901,-1.87304,0.176373,0.888566,-1.9247,-0.0960598,0.347647,-1.27441,0.0382534,-0.04042,-0.778082,-0.154624,0.859901,-1.84866,0.212616,1.07666,-1.95495,-0.0357683,0.365052,-0.829466,0.337298,-3.44428,3.92133,0.0825267,6.77285,-3.32216,-1.30455,5.70193,-1.22058,-0.574202,-2.58124,1.33707,
-5.66845,2.83217,6.47929,1.23492,5.16437,5.97665,1.23434,-0.156781,2.26866,2.04467,6.49413,14.0394,0,0,0,0,0,0,0,0,0,0,0,0,0.22344,-0.0709051,-1.07177,-0.156839,0.705439,-1.89367,0.162904,0.996401,-1.93683,-0.109129,0.288249,-1.23514,0.0784108,-0.084547,-0.797657,-0.11473,1.00152,-1.71898,0.191543,1.10259,-1.88476,-0.0722715,0.381147,-0.831234,-0.132719,-3.37785,4.48525,0.449453,6.67878,1.01102,-0.0887888,4.4043,-0.185929,-0.570376,-2.7782,2.11672,
-3.56055,4.47845,2.26381,2.89145,-9.72584,8.54126,-1.03908,-5.6483,5.60877,0.133051,9.37343,6.0475,0,0,0,0,0,0,0,0,0,0,0,0,0.21944,-0.123591,-1.0005,-0.145921,0.811201,-1.85112,0.166796,1.05583,-1.92969,-0.117947,0.244447,-1.19971,0.122411,-0.0912076,-0.835016,-0.0495012,0.738323,-1.5299,0.151643,0.994145,-1.75766,-0.127624,0.412869,-0.993497,-0.320617,-3.18311,4.35571,0.965328,6.81073,4.30749,0.432958,3.181,1.27226,-0.520124,-2.63656,2.20121,
-2.37715,6.54035,-0.803897,2.75092,-24.7486,7.05494,-2.28335,-11.072,3.41632,-0.388164,11.8092,-2.64726,0,0,0,0,0,0,0,0,0,0,0,0,0.20751,-0.180032,-0.92526,-0.121022,0.924302,-1.7176,0.176233,1.09497,-1.87593,-0.131043,0.197887,-1.16292,0.127116,-0.0565085,-0.888967,-0.024876,0.344672,-1.32332,0.127054,0.81578,-1.68331,-0.15914,0.465048,-1.21388,-0.838619,-1.59942,2.25563,1.0949,1.56341,8.71629,0.316157,-0.0955802,4.28864,-0.735709,-1.1228,0.608832,
-2.1289,6.6171,-1.3659,2.36282,-28.4934,10.0903,-3.59501,-9.41408,2.4349,-2.11563,8.18609,-6.445,0,0,0,0,0,0,0,0,0,0,0,0,0.187943,-0.186622,-0.913072,-0.102445,0.89056,-1.56303,0.178829,1.03705,-1.76095,-0.142656,0.221903,-1.1927,0.115105,-0.00244361,-0.967115,-0.0321329,0.131354,-1.24082,0.0897071,0.678923,-1.56214,-0.196321,0.517752,-1.42364,-0.784643,0.750028,-0.795845,0.449684,-1.87484,2.79827,0.0301205,-4.91102,5.5175,-0.030973,3.64788,-2.79258,
-1.09068,5.78077,-2.93147,0.685924,-28.4655,8.05545,-3.7689,-7.20766,4.29659,-3.50879,5.11256,-8.30948,0,0,0,0,0,0,0,0,0,0,0,0,0.167443,-0.142335,-0.953806,-0.089919,0.856801,-1.53286,0.168265,0.891596,-1.63982,-0.137741,0.309592,-1.25692,0.115697,0.0733359,-1.09588,-0.0545256,0.106719,-1.29959,0.047192,0.519842,-1.39415,-0.220535,0.609592,-1.55693,-0.979167,2.84609,-2.7516,0.729812,-1.53785,1.27522,-1.07401,-7.6625,5.53031,0.197039,6.97645,-6.11691,
-0.27528,6.11512,-4.66889,-0.726519,-23.9486,5.89021,-2.82018,-5.76657,6.78446,-3.0069,4.73518,-8.3912,0,0,0,0,0,0,0,0,0,0,0,0,0.153066,-0.0899004,-1.00034,-0.0742745,0.829172,-1.50699,0.143028,0.766668,-1.55668,-0.137813,0.464916,-1.3831,0.119835,0.162963,-1.214,-0.0679871,0.183947,-1.31649,0.0218575,0.409264,-1.22893,-0.220239,0.759273,-1.6831,-1.05397,3.9994,-3.87771,0.978016,-1.86044,1.72986,-2.02665,-8.52961,6.32547,-0.29015,7.03911,-6.04022,
0.824486,4.61297,-3.44269,-2.15304,-14.1478,5.60224,-0.647002,-0.774832,10.0884,-1.80315,6.19694,-5.03656,0,0,0,0,0,0,0,0,0,0,0,0,0.128471,0.0219977,-1.10646,-0.0548184,0.778771,-1.47234,0.0903711,0.569435,-1.38396,-0.152169,0.617604,-1.53012,0.124448,0.284825,-1.33298,-0.091444,0.355298,-1.30188,0.0124421,0.324946,-0.908816,-0.218042,0.917605,-1.83012,-0.985426,5.90013,-5.61806,0.688018,-2.79115,1.21595,-2.47016,-9.00475,8.91754,-0.831767,7.09279,-7.29573,
0.747309,6.52435,-2.66715,-2.48286,0.183393,1.49816,0.460495,6.04088,13.1339,-0.0183781,8.07098,-0.324859,0,0,0,0,0,0,0,0,0,0,0,0,0.116096,0.155641,-1.2213,-0.0501593,0.677163,-1.41967,0.0439538,0.392595,-1.16869,-0.175297,0.76769,-1.68103,0.125495,0.455641,-1.42784,-0.123928,0.493991,-1.24556,0.0116497,0.354284,-0.534385,-0.20935,1.06769,-1.87309,-0.371347,6.47054,-5.59437,-0.467878,-7.51026,5.46622,-1.75266,-7.57331,12.2383,-1.34377,7.14236,-7.35781,
2.20428,11.5929,-1.81099,3.13404,1.89335,2.52251,-1.04351,8.53085,21.3595,1.70623,6.10326,-1.83006,0,0,0,0,0,0,0,0,0,0,0,0,0.0928699,0.284443,-1.31221,-0.0764863,0.53773,-1.33787,0.0388801,0.332176,-1.1036,-0.201593,0.883526,-1.78833,0.108111,0.584443,-1.49379,-0.0537229,0.412334,-1.18626,0.00974941,0.486414,-0.546712,-0.18907,1.18353,-1.96185,-1.59463,5.96338,-5.4521,-2.22351,-6.9092,3.54176,-0.121719,-2.36133,0.916001,-1.2053,6.43386,-5.11069,
0.382979,9.59122,-0.569087,4.15267,-1.75434,5.24134,0.134141,11.4395,15.7986,0.852848,2.91979,-1.47221,0,0,0,0,0,0,0,0,0,0,0,0,0.0691999,0.388019,-1.41212,-0.123227,0.420753,-1.27972,0.0304403,0.261504,-1.07366,-0.206562,1.01805,-1.87044,0.0545129,0.688019,-1.52994,-0.0492773,0.270156,-1.08105,0.0248311,0.45634,-0.635595,-0.165735,1.25178,-1.9981,-0.970459,6.25134,-4.1438,-1.19467,-4.26954,2.70525,-0.358512,-3.64611,1.72385,0.780263,6.42957,-3.63421,
-0.863085,1.21594,1.10995,2.58094,-3.48101,6.42849,-0.14792,12.6922,10.9278,-0.126499,-1.03014,0.0168264,0,0,0,0,0,0,0,0,0,0,0,0,0.0547307,0.539725,-1.48493,-0.13337,0.348532,-1.25585,0.0299207,0.183273,-1.03496,-0.173582,1.15918,-1.94189,0.0174631,0.751012,-1.51832,-0.0708546,0.189679,-1.08532,0.0327562,0.418226,-0.721448,-0.133745,1.28469,-2.00777,-0.627618,7.23555,-2.44554,-0.0803418,-2.8731,0.392566,0.261341,-3.29408,1.61279,1.72001,6.05035,-2.65223,
-1.37976,-6.80792,3.36147,0.967389,-2.09229,2.87167,0.744357,12.0896,5.42016,0.955474,-4.24258,1.76498,0,0,0,0,0,0,0,0,0,0,0,0,0.0401324,0.681752,-1.51551,-0.130439,0.287086,-1.24868,0.0368307,0.136444,-1.01363,-0.151676,1.23911,-1.97055,-0.0108875,0.650234,-1.47729,-0.101158,0.165481,-1.16214,0.0697878,0.377239,-0.856142,-0.0984218,1.2392,-1.95922,-0.66104,5.54721,-1.83258,0.203829,-2.77193,0.589796,0.573929,-2.45774,0.879371,1.17471,4.24603,-1.31189,
-2.39131,-14.4125,7.91949,-0.270304,1.2572,-0.954132,2.54994,11.3357,-1.04503,2.45403,-8.60644,5.10682,0,0,0,0,0,0,0,0,0,0,0,0,0.0292607,0.743211,-1.52077,-0.127122,0.243017,-1.23151,0.0509156,0.103816,-1.01462,-0.135727,1.29664,-1.98165,-0.0422315,0.431679,-1.32564,-0.13057,0.206193,-1.23787,0.132532,0.375685,-1.06843,-0.0611321,1.10493,-1.84235,-0.46838,1.95122,-0.114218,0.132381,-2.73017,0.699772,0.714716,-0.460891,-1.10735,0.529777,0.938142,0.465304,
-1.555,-19.5006,13.77,-0.994355,5.8114,-3.98308,4.48722,6.94665,-8.49061,4.34683,-11.5482,4.48429,0,0,0,0,0,0,0,0,0,0,0,0,0.0238328,0.736035,-1.5382,-0.126259,0.192482,-1.22623,0.0672808,0.145392,-1.06487,-0.12728,1.26107,-1.92592,-0.0237861,0.216351,-1.20538,-0.150831,0.306347,-1.33464,0.196368,0.421701,-1.33576,-0.0102314,0.882402,-1.71318,-0.349758,-1.28677,-0.457156,0.0114518,-1.2568,-0.353305,0.676282,4.10573,-2.34482,0.33513,-3.59831,4.025,
1.24446,-21.1827,14.5163,-1.11475,7.85492,-4.67568,4.08057,4.49103,-7.87757,3.60772,-9.57088,3.29949,0,0,0,0,0,0,0,0,0,0,0,0,0.0131571,0.703614,-1.53664,-0.124446,0.196584,-1.26289,0.0837196,0.265111,-1.15516,-0.110196,1.14728,-1.82337,0.0282525,0.12646,-1.15959,-0.149083,0.432693,-1.46241,0.212082,0.559447,-1.45516,0.0151519,0.714565,-1.58419,-0.640639,-1.90351,0.565769,0.12926,1.58946,-3.30493,1.05392,7.28244,-7.28818,1.40619,-7.73789,6.26798,
3.14316,-18.1289,12.41,-1.48229,9.34364,-4.19994,2.27041,3.72506,-6.76388,2.35971,-4.90223,7.96799,0,0,0,0,0,0,0,0,0,0,0,0,-0.00211263,0.663977,-1.51803,-0.123977,0.24731,-1.33453,0.108127,0.394551,-1.28211,-0.0760442,0.993232,-1.71324,0.0561002,0.147731,-1.17438,-0.159505,0.54731,-1.57331,0.205374,0.674153,-1.58211,0.0366782,0.631242,-1.34367,-0.814646,-2.52095,1.33592,0.061146,4.24347,-5.35097,1.61946,7.459,-7.42221,2.14919,-9.57736,6.8149,
3.63131,-7.18622,6.3507,-1.17791,9.66609,-1.32145,-0.421395,3.75141,-4.21994,0.616588,0.159912,12.0453,0,0,0,0,0,0,0,0,0,0,0,0,-0.0112788,0.583372,-1.47173,-0.125244,0.372119,-1.46356,0.148015,0.55439,-1.43717,-0.0279146,0.78013,-1.53546,0.0895486,0.244768,-1.17538,-0.159923,0.672119,-1.64989,0.186203,0.825835,-1.71868,0.0416019,0.548469,-0.988588,0.401789,-6.35792,5.50349,-0.209256,6.6992,-6.13158,1.94894,7.10636,-7.04057,2.16407,-9.42638,9.82959,
1.42846,2.14317,1.81902,-1.11777,9.04007,2.50476,-2.75996,3.46266,-0.920138,0.570551,2.60514,15.0986,0,0,0,0,0,0,0,0,0,0,0,0,0.0116147,0.429982,-1.35173,-0.132547,0.528385,-1.57815,0.186517,0.706611,-1.58956,0.00527567,0.610157,-1.30394,0.100483,0.288351,-1.1355,-0.161308,0.828385,-1.62649,0.157014,0.959458,-1.7844,0.0284388,0.57452,-0.796827,2.12626,-7.8084,6.83038,-0.0326851,6.98744,-4.4383,1.57982,6.65122,-6.87373,0.355976,-4.03063,5.18572,
-5.81692,4.12886,3.99716,-0.751633,6.38232,6.98102,-2.05816,2.45675,-1.00704,0.307321,4.29189,17.4467,0,0,0,0,0,0,0,0,0,0,0,0,0.07613,0.271207,-1.2462,-0.129669,0.626594,-1.62521,0.2035,0.797881,-1.67916,0.00573755,0.583978,-1.3165,0.0112019,0.203942,-1.00644,-0.139434,0.926594,-1.49533,0.160695,0.997652,-1.83354,0.0160283,0.659185,-0.944588,3.2198,-6.81947,5.59323,0.361023,5.93885,-1.78547,0.345954,5.53408,-5.1684,0.10431,-1.28361,-2.57023,
-6.36043,1.09242,3.61986,1.70401,-5.7808,11.2635,0.66581,2.1869,1.37689,-2.98313,8.07071,13.6448,0,0,0,0,0,0,0,0,0,0,0,0,0.118272,0.201528,-1.16644,-0.123419,0.747853,-1.62303,0.184011,0.905554,-1.76288,0.013635,0.528638,-1.35431,-0.0007912,0.133636,-0.974887,-0.0795582,0.737467,-1.27742,0.158398,1.07107,-1.80268,-0.0534892,0.653255,-1.04205,1.59792,-3.80812,4.04226,0.0504339,5.36538,2.56082,-1.69032,4.43356,-2.96877,0.298162,-3.08606,-1.15427,
-3.4203,3.8184,4.52033,3.81316,-10.2957,14.9713,-0.848158,-2.56567,4.57223,-4.41467,9.73349,12.8152,0,0,0,0,0,0,0,0,0,0,0,0,0.137633,0.124548,-1.14064,-0.126759,0.825605,-1.5457,0.1442,1.00191,-1.80148,0.0126674,0.46115,-1.37704,0.0643062,0.146823,-1.01107,-0.0358675,0.576595,-1.17235,0.0971097,1.0348,-1.698,-0.0993862,0.647405,-1.07781,0.487244,-2.92741,0.662564,-0.177503,0.335347,-0.0374464,-1.03546,3.88114,-0.43301,-0.0674715,-2.28328,-0.846021,
0.135502,5.98774,-1.12039,4.31643,-13.1224,13.6856,-5.29177,-10.5062,5.88294,-5.83617,10.1986,6.36135,0,0,0,0,0,0,0,0,0,0,0,0,0.143328,0.0811374,-1.12319,-0.126994,0.813897,-1.55678,0.136165,1.05331,-1.79063,0.0124612,0.432453,-1.38872,0.149018,0.171107,-1.12039,-0.0148155,0.451547,-1.22551,-0.00324664,0.84922,-1.58819,-0.133062,0.652379,-1.24494,0.0921102,-2.38895,1.23243,0.170717,-1.37159,-0.434994,-0.284718,2.34274,2.21463,0.0152442,-1.40156,-0.610065,
1.40163,6.57721,-5.47094,3.90948,-13.309,9.23008,-5.22139,-13.4016,3.76757,-6.23003,9.08374,-0.885688,0,0,0,0,0,0,0,0,0,0,0,0,0.141987,0.0530899,-1.10758,-0.11675,0.772114,-1.54115,0.126054,1.0679,-1.71195,0.0107571,0.418277,-1.40151,0.171054,0.220977,-1.2526,-0.00401919,0.383824,-1.27357,-0.0322231,0.691345,-1.48995,-0.157491,0.652971,-1.44745,-0.238984,0.138268,-0.330066,0.59976,-2.22261,1.47286,-1.10969,-1.6605,5.11256,-0.499905,0.304013,-0.951704,
0.544012,5.12022,-3.82044,2.30814,-11.6743,7.72022,-2.64237,-7.7121,3.70645,-3.6473,6.94656,-5.12645,0,0,0,0,0,0,0,0,0,0,0,0,0.136351,0.0998254,-1.15844,-0.100876,0.720652,-1.49863,0.0846518,0.966666,-1.57665,-0.0246315,0.473709,-1.40401,0.148149,0.317439,-1.36149,-0.0218178,0.367898,-1.25293,-0.0398362,0.600468,-1.31644,-0.172319,0.756952,-1.56225,-0.0720848,3.58432,-4.30149,0.854181,-2.43593,2.10768,-2.33715,-6.9358,6.70182,-2.2602,4.38317,-1.20341,
0.0606206,6.51605,-2.60141,0.210027,-6.21523,5.66487,-0.904413,-0.200588,9.8834,-1.4795,7.04714,-3.72119,0,0,0,0,0,0,0,0,0,0,0,0,0.140462,0.194816,-1.2608,-0.0779473,0.660985,-1.44882,0.0320577,0.794996,-1.43499,-0.0799167,0.597916,-1.46141,0.146645,0.483622,-1.45692,-0.0468576,0.429377,-1.24792,-0.0465684,0.581575,-1.0086,-0.183188,0.897916,-1.65675,0.186684,5.03617,-5.24343,1.03356,-3.04907,2.37108,-2.24063,-8.33627,7.17191,-2.65135,6.66799,-4.09239,
1.29965,10.9929,-2.10308,3.43537,-0.241505,4.12206,-3.02551,2.40186,18.0124,1.7792,5.54383,-2.11733,0,0,0,0,0,0,0,0,0,0,0,0,0.131604,0.313524,-1.37678,-0.074803,0.567877,-1.37386,0.0145497,0.708016,-1.40263,-0.140531,0.747456,-1.56187,0.138885,0.613524,-1.56066,-0.00696632,0.454507,-1.20684,-0.0621445,0.729723,-1.00062,-0.160464,1.04746,-1.73396,-1.0084,5.7031,-5.25192,-0.721907,-4.29329,2.55893,-0.0422621,-1.53357,-1.93196,-2.5765,6.73705,-4.7664,
0.597159,11.6901,-0.495151,4.87745,-1.04426,6.679,-2.82724,4.82703,18.8729,1.66948,3.834,-2.0581,0,0,0,0,0,0,0,0,0,0,0,0,0.115763,0.407219,-1.45336,-0.0872527,0.506855,-1.34751,0.0148495,0.678451,-1.43224,-0.168123,0.852701,-1.63208,0.107377,0.707219,-1.59235,0.0200281,0.392196,-1.1385,-0.0541155,0.746703,-1.00078,-0.148556,1.12398,-1.79864,-0.932603,6.46297,-5.06456,-0.586216,-3.54208,1.68125,0.0686398,-2.09697,-1.61473,-0.886788,7.01722,-4.60415,
-0.307888,6.80958,1.41018,4.73339,-1.25504,8.75564,-2.64402,7.36893,18.0691,0.668628,0.0198507,-0.926831,0,0,0,0,0,0,0,0,0,0,0,0,0.0986868,0.559958,-1.54521,-0.0981799,0.433982,-1.32292,0.0179035,0.619241,-1.44934,-0.162825,1.00935,-1.72554,0.0741402,0.859958,-1.58538,0.0106487,0.320703,-1.08099,-0.0427691,0.726028,-1.00079,-0.121842,1.18074,-1.84116,-0.673976,7.05247,-3.01697,-0.380248,-3.27613,0.921662,0.217119,-3.09746,-0.12693,0.97069,6.83566,-3.69799,
-0.466416,0.359517,0.699199,3.79391,0.0631812,7.34363,-2.40391,9.3408,15.8299,0.434288,-2.28872,0.106891,0,0,0,0,0,0,0,0,0,0,0,0,0.0837794,0.708532,-1.57626,-0.103805,0.359842,-1.3005,0.0234703,0.545216,-1.43977,-0.136109,1.13193,-1.78301,0.0502352,0.889792,-1.57107,-0.0124311,0.274622,-1.0848,-0.0292812,0.693031,-1.02544,-0.091198,1.19051,-1.83453,-0.875352,6.89086,-0.491579,-0.138943,-3.47197,1.28444,0.29385,-3.42822,0.743438,1.36214,4.63192,-2.16745,
-0.594422,-6.17873,0.941616,2.68726,1.17855,4.91526,-1.48167,10.412,11.4669,0.870486,-4.82779,1.57729,0,0,0,0,0,0,0,0,0,0,0,0,0.0658299,0.821884,-1.57344,-0.104779,0.296817,-1.27474,0.0289348,0.484152,-1.42388,-0.114306,1.19207,-1.8091,0.0232268,0.8082,-1.53373,-0.0380311,0.238458,-1.11381,-0.000645459,0.660866,-1.11355,-0.0638345,1.12972,-1.79126,-1.1097,5.63135,0.646872,-0.0173548,-3.51292,1.52191,0.29846,-3.34342,0.946206,1.14837,2.33395,-0.863787,
-1.17111,-10.6605,3.71489,1.26653,4.03874,1.91636,0.120033,11.1482,5.57399,1.79026,-7.28366,3.94932,0,0,0,0,0,0,0,0,0,0,0,0,0.0433962,0.900848,-1.54803,-0.104895,0.221676,-1.24195,0.0352047,0.419382,-1.40936,-0.0931878,1.20775,-1.80785,-0.0029921,0.668801,-1.44704,-0.0743443,0.24085,-1.15903,0.0442612,0.637922,-1.26416,-0.0287745,1.00898,-1.68805,-0.684423,1.37863,0.324769,-0.0445178,-3.27177,1.40061,0.242225,-2.40658,0.233909,0.786272,-0.666935,0.842895,
-1.31731,-13.6422,9.08446,-0.646495,7.73864,-0.666451,2.17782,9.66873,-0.797104,3.46381,-9.50407,5.00182,0,0,0,0,0,0,0,0,0,0,0,0,0.0351682,0.893789,-1.57487,-0.106388,0.165955,-1.22071,0.037735,0.396057,-1.41466,-0.0815951,1.15918,-1.7628,-0.00699262,0.523809,-1.38261,-0.122746,0.320617,-1.22414,0.0934696,0.649554,-1.45133,0.0152196,0.829042,-1.55021,-0.369125,-1.15699,-1.39413,-0.00779275,-1.55216,0.529131,0.0515614,0.471127,-0.669519,0.408778,-3.70162,3.50199,
-0.349585,-16.6215,10.7576,-1.58056,10.1972,-2.53798,3.08183,8.0109,-3.86234,3.18028,-9.40891,3.98506,0,0,0,0,0,0,0,0,0,0,0,0,0.0259645,0.868146,-1.59176,-0.107954,0.158829,-1.22693,0.0397616,0.429497,-1.44277,-0.0705771,1.07395,-1.68591,0.00314388,0.412297,-1.33563,-0.149026,0.438504,-1.31815,0.123538,0.713665,-1.59881,0.0300118,0.683383,-1.44074,-0.563239,-1.61241,-0.512221,-0.0623147,0.989799,-1.11078,0.269245,3.3558,-2.3794,0.843275,-6.21363,5.82185,
1.32344,-15.0841,10.3614,-1.39296,7.87342,-1.58957,1.97351,4.68875,-2.49135,1.55313,-3.7633,7.27359,0,0,0,0,0,0,0,0,0,0,0,0,0.0116434,0.827016,-1.59061,-0.112875,0.23192,-1.28556,0.0518406,0.546474,-1.52235,-0.0438426,0.904224,-1.53343,0.0264841,0.395537,-1.32031,-0.158367,0.53192,-1.40506,0.120871,0.824636,-1.69179,0.0319207,0.599684,-1.17745,-0.729813,-2.17505,0.450279,-0.426725,5.18265,-3.19033,0.787721,6.43773,-4.28627,1.47741,-8.4183,6.96563,
-2.593,-7.24898,8.38027,-2.02068,12.2304,-0.387865,1.09046,4.71901,-2.2468,3.03942,-1.3818,16.0352,0,0,0,0,0,0,0,0,0,0,0,0,0.0127189,0.753522,-1.56684,-0.122513,0.351279,-1.36768,0.0748084,0.686221,-1.60314,-0.0299836,0.801984,-1.49362,-0.0245574,0.464143,-1.3307,-0.176003,0.651279,-1.47325,0.127988,0.958091,-1.75253,0.042397,0.721137,-1.13812,1.10195,-4.32615,1.06507,-0.118932,5.39509,-3.83524,1.03671,6.15581,-3.72879,-0.144189,-1.85208,-1.81505,
-4.64808,-1.87851,7.98399,-2.10348,13.5145,-0.219697,1.18779,6.23497,-0.884554,2.55627,3.23605,17.011,0,0,0,0,0,0,0,0,0,0,0,0,0.0379579,0.668857,-1.53744,-0.122926,0.437004,-1.41181,0.087501,0.777255,-1.65732,-0.0316748,0.768442,-1.52313,-0.0416737,0.497781,-1.30524,-0.176026,0.737004,-1.48458,0.129655,1.07726,-1.76914,0.029503,0.790605,-1.13805,1.46282,-4.96455,1.3039,-0.020546,5.86129,-2.69112,0.498388,5.90685,-3.58836,-0.10916,-2.34951,-1.60767,
-4.36514,0.312018,8.59512,-0.60044,9.84864,1.70209,1.22757,3.23016,0.483234,1.71478,6.13322,19.0555,0,0,0,0,0,0,0,0,0,0,0,0,0.061285,0.572859,-1.52023,-0.130933,0.58284,-1.47925,0.0922987,0.930452,-1.73109,-0.0338599,0.700909,-1.54308,-0.0322237,0.491437,-1.28414,-0.158538,0.88284,-1.46789,0.124692,1.17911,-1.77522,0.00585719,0.778777,-1.07458,0.624795,-3.56893,0.848652,-0.503783,6.33835,-1.24772,0.0681699,6.71612,-2.24834,-0.126098,-3.01847,-0.315833,
-3.99663,0.244815,9.17295,0.654755,6.99584,1.97598,0.653084,0.183793,0.37665,1.07241,6.40709,19.3515,0,0,0,0,0,0,0,0,0,0,0,0,0.0730216,0.497338,-1.49848,-0.143549,0.678979,-1.49959,0.0944232,1.03154,-1.75207,-0.0355718,0.650525,-1.54187,-0.0141237,0.420569,-1.24215,-0.14101,0.978979,-1.47825,0.114381,1.19305,-1.76393,-0.0104927,0.730311,-1.04861,0.510812,-3.31557,1.08027,-0.553206,6.11932,-1.12243,0.145222,6.27671,-0.851308,-0.069247,-3.21563,0.379006,
-3.01179,-0.491128,8.20414,1.27758,1.11003,0.546837,-0.0227816,-3.13591,0.914959,0.678541,8.07773,16.5331,0,0,0,0,0,0,0,0,0,0,0,0,0.0798387,0.444495,-1.47984,-0.145569,0.815223,-1.48951,0.0972083,1.15184,-1.75805,-0.0375783,0.577901,-1.52522,0.0130261,0.347961,-1.24195,-0.111314,1.0011,-1.45418,0.0982223,1.18318,-1.73134,-0.0250171,0.694078,-1.08488,0.339284,-3.37022,1.31162,0.0926288,6.32495,0.866394,0.0633405,4.38948,0.15318,-0.176095,-3.43064,1.0802,
-1.57834,0.547557,6.72411,1.867,-5.22587,0.0797707,-0.913278,-5.332,2.96723,0.108196,10.0763,10.7333,0,0,0,0,0,0,0,0,0,0,0,0,0.0843315,0.3681,-1.44642,-0.135484,0.945225,-1.4665,0.0975903,1.21155,-1.74283,-0.0440849,0.500601,-1.4962,0.0480507,0.293387,-1.23659,-0.0690494,0.944519,-1.42987,0.0747432,1.11091,-1.63899,-0.0505848,0.664658,-1.19213,0.127111,-3.53609,1.66904,0.790368,5.19761,1.38568,-0.000604607,1.30621,1.18623,-0.36819,-3.51396,1.42942,
-0.393206,2.39032,5.4933,2.16582,-9.74486,0.721565,-1.64132,-7.91074,3.2515,-0.329387,11.6276,4.72934,0,0,0,0,0,0,0,0,0,0,0,0,0.085454,0.291723,-1.40706,-0.113301,1.02171,-1.43132,0.0972943,1.20642,-1.69992,-0.0561279,0.434745,-1.47318,0.0761304,0.266613,-1.22268,-0.0286738,0.821809,-1.36902,0.054923,0.968471,-1.54237,-0.0833252,0.668266,-1.34255,0.0202631,-3.39472,1.88161,1.21928,1.74874,1.77053,-0.0535346,-1.6074,3.05053,-0.758505,-2.28675,0.49586,
0.347708,4.98627,4.51833,3.03194,-13.1194,3.61233,-2.9914,-9.44488,1.98979,-1.23536,10.5101,-0.850394,0,0,0,0,0,0,0,0,0,0,0,0,0.0880277,0.23449,-1.37246,-0.0993124,1.03,-1.43209,0.0965517,1.15919,-1.63739,-0.0700456,0.41774,-1.46962,0.103917,0.283758,-1.20941,-0.0141417,0.692883,-1.37497,0.0223218,0.824663,-1.4764,-0.118216,0.694759,-1.50349,0.287876,-3.01555,2.00364,0.374885,-0.365484,-1.32753,0.0222024,-3.93626,4.44999,-0.691455,0.570709,-0.5046,
0.0600232,8.62673,2.0688,2.4251,-13.3389,3.01941,-3.08392,-5.88027,3.4906,-1.79472,8.02234,-3.29982,0,0,0,0,0,0,0,0,0,0,0,0,0.098643,0.184618,-1.33355,-0.0909803,1.01402,-1.4594,0.0937102,1.05046,-1.53918,-0.081242,0.4732,-1.5024,0.116997,0.354595,-1.23393,-0.0178953,0.654826,-1.41277,0.00582618,0.739619,-1.32759,-0.137853,0.7732,-1.63229,0.674143,-1.82764,1.91598,0.498295,-1.02911,-1.15434,-0.431439,-6.55328,4.97288,-0.469703,4.69849,-1.89586,
1.16838,14.3358,2.07035,5.08393,-12.2636,3.35209,-4.71971,-5.52203,7.00564,-1.0155,4.61718,-1.76371,0,0,0,0,0,0,0,0,0,0,0,0,0.105435,0.163525,-1.31826,-0.0923267,0.983898,-1.48798,0.095296,1.00385,-1.56273,-0.0957661,0.589018,-1.57473,0.134831,0.463525,-1.27222,0.0194442,0.635747,-1.44223,-0.022796,0.836186,-1.4553,-0.136243,0.853619,-1.70753,0.00747895,0.0298389,-0.228789,-0.613099,-1.6624,-1.52217,-0.00396948,-1.18466,-2.70813,-0.603579,5.96687,-3.54798,
0.373687,14.5909,3.42621,6.86221,-12.2414,5.70266,-5.0622,-2.50946,7.78922,-0.67623,3.50992,-0.701658,0,0,0,0,0,0,0,0,0,0,0,0,0.109069,0.189268,-1.34954,-0.109505,0.939129,-1.52092,0.0911315,0.966339,-1.61397,-0.102206,0.69716,-1.62599,0.130208,0.489268,-1.30593,0.0450271,0.576507,-1.41282,-0.0417179,0.856693,-1.47544,-0.122962,0.942859,-1.71853,0.471878,2.79175,-1.68194,-0.680938,-2.2635,-1.37868,-0.251773,-1.87639,-2.2481,-0.154005,6.31803,-2.99987,
-0.897936,13.9217,3.00329,7.36028,-13.3527,7.1459,-5.753,-2.38452,8.86692,-0.52862,2.67337,-0.503231,0,0,0,0,0,0,0,0,0,0,0,0,0.127527,0.254959,-1.40574,-0.120586,0.899895,-1.53984,0.0864407,0.933694,-1.64251,-0.103071,0.814674,-1.6734,0.131434,0.554959,-1.40672,0.0531576,0.500905,-1.38533,-0.0641715,0.821776,-1.46057,-0.114408,1.02218,-1.73154,1.05419,2.9771,-3.04239,-0.41056,-2.60684,-0.965499,-0.271492,-2.0922,-1.58937,0.075152,5.6269,-1.82231,
-1.2059,13.5018,0.47818,7.68469,-13.3723,8.25888,-6.2869,-1.65849,10.8968,-0.505978,2.31782,-0.772974,0,0,0,0,0,0,0,0,0,0,0,0,0.143482,0.308457,-1.43898,-0.123757,0.837167,-1.55291,0.0798693,0.886496,-1.67066,-0.101401,0.923186,-1.69747,0.135932,0.608457,-1.49856,0.0648086,0.425279,-1.35299,-0.0856484,0.788991,-1.42313,-0.110469,1.09403,-1.73693,0.903896,3.66902,-2.86158,-0.142076,-3.10323,-0.261905,-0.333809,-2.2417,-0.995799,0.14328,4.51574,-0.805667,
-1.09861,10.519,-0.697882,6.81807,-10.5788,8.74785,-5.72102,-0.00521541,12.9132,-0.542054,2.73561,-0.791058,0,0,0,0,0,0,0,0,0,0,0,0,0.154708,0.411185,-1.49832,-0.125212,0.760037,-1.55092,0.0715586,0.832138,-1.68424,-0.0956584,1.01383,-1.71239,0.130813,0.711185,-1.56916,0.0452931,0.39795,-1.32251,-0.0812153,0.764161,-1.36847,-0.0996342,1.17756,-1.74607,0.142823,5.48961,-2.13574,0.00214125,-3.90465,0.388384,-0.389932,-2.71387,-0.28228,0.383021,3.81339,-0.556136,
-0.741111,8.60535,-0.550708,5.63473,-6.93274,8.84604,-4.87841,2.53288,13.8606,-0.322159,1.37059,-0.647371,0,0,0,0,0,0,0,0,0,0,0,0,0.152871,0.531984,-1.55982,-0.124484,0.665421,-1.53316,0.0614231,0.767919,-1.68334,-0.0875684,1.091,-1.72334,0.121712,0.831984,-1.62876,0.0180188,0.377468,-1.28372,-0.0724644,0.753766,-1.32895,-0.0843999,1.21285,-1.75391,-0.505237,6.07304,-2.20707,0.0653913,-4.58538,1.13158,-0.477091,-3.09899,0.314845,0.448901,3.50344,-0.57533,
-0.71285,6.39741,-0.12691,4.24772,-3.73929,8.35847,-3.82432,5.18834,13.2469,0.371874,-1.62498,0.883943,0,0,0,0,0,0,0,0,0,0,0,0,0.138879,0.663013,-1.61318,-0.121895,0.561242,-1.50041,0.0497436,0.697792,-1.67163,-0.0793075,1.16055,-1.73336,0.100118,0.963013,-1.67645,-0.0111844,0.348018,-1.24704,-0.0593918,0.746927,-1.32374,-0.0607182,1.19125,-1.72107,-0.837605,6.22816,-2.40373,0.180685,-4.78967,1.7764,-0.541089,-3.22295,0.668606,0.371698,2.85316,-0.392648,
-1.19307,2.69223,-0.0420845,2.78267,-2.22526,7.21559,-2.61068,7.52702,10.5941,0.885572,-5.34431,2.83339,0,0,0,0,0,0,0,0,0,0,0,0,0.124532,0.761384,-1.64669,-0.117489,0.485027,-1.46911,0.0412844,0.646927,-1.66053,-0.0742814,1.19639,-1.73474,0.0659915,0.994032,-1.6883,-0.0387005,0.310117,-1.23571,-0.0355864,0.75701,-1.37861,-0.0430941,1.1026,-1.65517,-1.14854,6.61369,-1.6224,0.368883,-4.77112,2.12036,-0.464151,-3.1237,0.682474,0.361921,1.59265,0.349347,
-1.17012,-5.39955,0.844468,0.617628,1.42674,3.98679,-0.885587,11.2376,5.74255,1.17181,-8.82471,4.66118,0,0,0,0,0,0,0,0,0,0,0,0,0.0925406,0.906803,-1.66702,-0.105519,0.381273,-1.41901,0.0340507,0.584597,-1.65042,-0.065772,1.19754,-1.70314,0.02181,0.925449,-1.65606,-0.0732359,0.300856,-1.26025,0.00657057,0.803867,-1.50259,-0.0268108,0.941921,-1.52517,-1.65911,6.14541,-0.406011,0.673707,-4.64345,2.36367,-0.213619,-2.46686,0.170487,0.386634,-1.40016,2.45757,
-1.3768,-9.31634,4.40177,-0.66321,6.03765,2.01607,1.0828,10.9597,2.11831,1.27086,-9.77615,4.54562,0,0,0,0,0,0,0,0,0,0,0,0,0.062162,0.996441,-1.67592,-0.0904944,0.28694,-1.36781,0.0295525,0.557681,-1.65932,-0.0598542,1.12806,-1.62226,0.0025245,0.808316,-1.57307,-0.0926798,0.341923,-1.27323,0.0516334,0.845054,-1.62368,-0.0253204,0.759602,-1.37798,-1.0087,1.79134,-0.287818,0.575795,-3.83835,1.76698,-0.199562,0.535162,-0.692642,0.110492,-4.96214,5.22574,
-2.35025,-9.02382,8.34265,-1.08872,10.2956,1.30586,2.56516,9.16155,1.68327,1.72062,-9.31528,6.77211,0,0,0,0,0,0,0,0,0,0,0,0,0.0525804,0.990977,-1.69778,-0.0851689,0.229787,-1.34301,0.0262869,0.589525,-1.6935,-0.0596478,1.02355,-1.52433,-0.00526897,0.730499,-1.51673,-0.107875,0.453146,-1.29548,0.0883305,0.889525,-1.70819,-0.0238522,0.641336,-1.23318,0.0362754,-1.39529,-1.10077,0.180496,-1.36128,0.595522,-0.0834154,3.14584,-2.27113,-0.288798,-5.97332,4.87402,
-4.45221,-9.54217,11.0813,-1.95044,14.4314,0.441287,3.47788,7.57485,1.33341,3.05444,-8.61845,11.8326,0,0,0,0,0,0,0,0,0,0,0,0,0.0604653,0.957128,-1.71834,-0.082277,0.223307,-1.35088,0.030186,0.672986,-1.74521,-0.0805436,0.951627,-1.52974,-0.0298812,0.662346,-1.47006,-0.126487,0.523307,-1.37189,0.128641,0.968503,-1.7761,-0.0296415,0.662278,-1.26984,0.838351,-2.24911,-1.15036,0.182029,0.737378,-1.28164,0.460326,4.24581,-2.569,-1.01836,-2.95551,-1.43652,
-5.46352,-6.43569,13.3146,-1.67273,13.9207,0.822046,3.23184,5.70502,-0.170215,3.23924,-3.2009,13.2796,0,0,0,0,0,0,0,0,0,0,0,0,0.0855605,0.899403,-1.74014,-0.08367,0.273232,-1.40104,0.0445289,0.785625,-1.7785,-0.099671,0.86967,-1.54439,-0.0228589,0.665865,-1.42534,-0.134841,0.573232,-1.43362,0.145395,1.073,-1.81683,-0.0406203,0.684919,-1.21379,1.12674,-2.90583,-0.722544,-0.374107,3.9961,-2.12511,0.802786,5.78997,-1.36299,-0.877215,-4.18912,-0.0556015,
-5.40502,-2.65449,12.8723,-0.836412,13.5214,0.995889,2.10062,3.14247,-1.1526,3.71813,0.418013,16.2013,0,0,0,0,0,0,0,0,0,0,0,0,0.109057,0.831092,-1.74585,-0.101051,0.372424,-1.46125,0.0663844,0.923417,-1.78987,-0.118281,0.789893,-1.53522,-0.00135356,0.684242,-1.4203,-0.145995,0.672424,-1.4928,0.146276,1.16917,-1.82892,-0.0466114,0.687253,-1.10765,0.988592,-3.21954,0.14932,-0.96134,5.15941,-2.25788,1.09506,6.68757,-0.409513,-0.851334,-4.52361,0.901519,
-5.22552,-1.07146,10.9404,-0.59334,12.7235,0.158459,0.918272,1.60928,-1.05225,4.09977,3.48321,18.624,0,0,0,0,0,0,0,0,0,0,0,0,0.125485,0.772016,-1.73654,-0.119394,0.468148,-1.49332,0.0874851,1.03883,-1.7958,-0.133205,0.689647,-1.50584,0.0174252,0.662974,-1.44345,-0.156762,0.768148,-1.52569,0.139392,1.23875,-1.83338,-0.0507118,0.66218,-0.997053,0.903117,-3.29021,0.78326,-0.901368,5.85471,-1.45315,1.15802,6.38767,-0.450891,-0.800064,-4.5819,1.7274,
-4.63525,0.604254,9.32585,-0.204916,9.65345,0.0810011,-0.651197,-0.85031,0.322897,4.11626,6.98872,17.9476,0,0,0,0,0,0,0,0,0,0,0,0,0.144704,0.699315,-1.7134,-0.134632,0.607412,-1.51795,0.109183,1.16615,-1.80522,-0.149587,0.586047,-1.45602,0.050478,0.631621,-1.45015,-0.152429,0.907412,-1.53546,0.111887,1.27454,-1.80681,-0.063577,0.638552,-0.937373,0.866197,-3.31199,1.20402,-0.506942,6.6133,-0.781513,0.759337,5.18595,-0.386278,-0.675858,-4.88849,2.79828,
-3.81783,2.41599,8.08234,0.674458,3.90153,0.543648,-2.10994,-4.20689,2.04321,3.86363,9.45201,14.9192,0,0,0,0,0,0,0,0,0,0,0,0,0.161908,0.626625,-1.68334,-0.140471,0.756463,-1.52376,0.118302,1.25504,-1.80783,-0.160368,0.507842,-1.40791,0.084586,0.605258,-1.44434,-0.12501,1.03298,-1.51335,0.0675228,1.24234,-1.75444,-0.0809192,0.621531,-0.955359,0.724945,-3.27065,1.47772,-0.0560212,7.15912,-0.127316,0.0787619,3.69897,0.0923622,-0.685676,-4.90448,3.18285,
-1.75114,5.23459,6.31415,2.33162,-3.83309,1.94423,-4.44485,-7.32273,4.93487,3.56097,12.568,5.88623,0,0,0,0,0,0,0,0,0,0,0,0,0.173111,0.570172,-1.6555,-0.138685,0.881607,-1.52081,0.115728,1.29101,-1.79306,-0.178439,0.399205,-1.33419,0.142671,0.625512,-1.4569,-0.0721859,0.961025,-1.46156,-0.00636062,1.13156,-1.63309,-0.111541,0.614396,-1.1176,0.533531,-3.02096,1.62961,0.328348,7.00981,0.425489,-0.43869,0.944692,1.46392,-0.885063,-3.9604,2.77738,
-1.21628,7.91331,5.90998,2.71426,-12.4848,1.25563,-3.69676,-9.21361,1.94915,3.48843,12.3346,-5.06585,0,0,0,0,0,0,0,0,0,0,0,0,0.183703,0.514422,-1.62303,-0.123302,1.00326,-1.4849,0.0917482,1.26936,-1.72113,-0.19653,0.354372,-1.29434,0.165724,0.663478,-1.44604,-0.0294838,0.7834,-1.38887,-0.0439136,0.973163,-1.55455,-0.125983,0.654372,-1.39772,0.497139,-1.95108,1.16967,1.03848,3.69034,2.58564,-1.72971,-2.6344,4.71386,-0.666555,-0.0818742,0.930758,
-1.84488,8.58383,5.94109,3.40103,-13.9697,2.20325,-2.39351,-9.63788,3.08529,2.2832,8.64821,-7.46958,0,0,0,0,0,0,0,0,0,0,0,0,0.196539,0.493846,-1.60364,-0.0964544,1.01437,-1.41329,0.0473645,1.1885,-1.63107,-0.201598,0.407577,-1.3273,0.162701,0.69965,-1.4446,0.00907454,0.6188,-1.29253,-0.0574021,0.888568,-1.53735,-0.129909,0.707577,-1.6217,0.491366,-0.351671,0.420537,0.820123,-1.85313,2.62725,-1.79715,-2.35922,0.663519,0.584336,3.76398,-4.30627,
-1.97276,11.0478,7.42996,5.70057,-15.2461,5.73868,-2.83177,-11.4403,4.81114,0.267723,4.62248,-6.03157,0,0,0,0,0,0,0,0,0,0,0,0,0.202808,0.493397,-1.60219,-0.09608,0.992725,-1.42454,0.0252181,1.17796,-1.66812,-0.18241,0.501581,-1.4331,0.160686,0.779055,-1.41238,0.03831,0.578813,-1.33062,-0.0733115,0.884439,-1.62961,-0.135358,0.781067,-1.7331,0.287879,0.378567,0.162462,-0.32497,-1.31039,-1.98175,-1.10942,-0.300648,-3.27089,1.61438,6.55695,-7.22927,
-2.54322,12.1641,8.72103,6.0627,-13.3102,6.4441,-1.7301,-11.2718,3.86397,-1.49882,3.68364,-3.41836,0,0,0,0,0,0,0,0,0,0,0,0,0.20749,0.508534,-1.61108,-0.106931,0.959275,-1.46808,0.00498358,1.16054,-1.72752,-0.135611,0.641088,-1.58314,0.149868,0.808534,-1.41209,0.0294105,0.575964,-1.35751,-0.0637755,0.844821,-1.69493,-0.109278,0.908454,-1.84982,0.238303,1.26142,-0.76142,-0.609044,-2.02228,-2.02158,-1.02027,-1.35684,-2.5602,2.55215,7.01097,-7.24854,
-2.99104,11.8837,7.63291,5.50991,-10.7497,6.66355,-0.81811,-9.51527,4.31115,-1.70859,3.22023,0.119226,0,0,0,0,0,0,0,0,0,0,0,0,0.21179,0.549196,-1.61982,-0.119933,0.904066,-1.50178,-0.0179742,1.11622,-1.76914,-0.0855547,0.783936,-1.71961,0.142875,0.849196,-1.45376,0.00320724,0.563935,-1.36221,-0.0651485,0.817475,-1.69763,-0.0785601,1.02598,-1.86841,0.234426,1.98742,-0.990611,-0.584304,-2.85549,-1.0809,-1.06886,-2.43436,-1.45074,1.98838,6.46163,-6.07113,
-2.91816,10.5179,4.6398,4.61385,-7.58399,6.0624,-0.473336,-6.06343,6.06229,-1.16568,1.64596,2.07122,0,0,0,0,0,0,0,0,0,0,0,0,0.214104,0.61271,-1.62635,-0.130331,0.825776,-1.51493,-0.0413224,1.04776,-1.79203,-0.0519377,0.921432,-1.82112,0.138923,0.91271,-1.50369,-0.0222946,0.547369,-1.36667,-0.0746449,0.817947,-1.65558,-0.0557953,1.09659,-1.83871,-0.0890701,3.30253,0.266549,-0.292398,-3.5523,-0.131936,-0.859565,-3.12895,-0.604383,1.01138,5.3602,-2.77467,
-2.92723,8.52723,3.20418,3.83366,-6.44889,6.3045,-0.135401,-3.97469,7.3509,-0.340547,-0.0551782,2.031,0,0,0,0,0,0,0,0,0,0,0,0,0.211521,0.69077,-1.63829,-0.133432,0.765735,-1.51169,-0.0546181,0.99572,-1.79732,-0.042738,0.996549,-1.84511,0.132702,0.99077,-1.57137,-0.0405233,0.506858,-1.34275,-0.0777623,0.812647,-1.61533,-0.0413573,1.10438,-1.80908,-0.225538,4.01726,-0.527321,-0.117314,-3.90619,0.453063,-0.790366,-3.34821,-0.071344,0.395775,4.36861,-0.589859,
-3.00445,4.34578,2.42427,2.58102,-4.72396,5.71332,0.893016,0.479585,6.48574,-0.0432824,-3.2687,2.9549,0,0,0,0,0,0,0,0,0,0,0,0,0.203248,0.765598,-1.64629,-0.13267,0.676513,-1.4953,-0.0698098,0.921136,-1.79408,-0.0374817,1.07514,-1.83653,0.105925,1.01095,-1.5854,-0.0633781,0.453616,-1.32905,-0.0608478,0.847728,-1.62566,-0.0320773,1.06091,-1.73351,-0.888483,5.4684,0.0114602,0.190639,-4.19192,0.936449,-0.534536,-3.41591,0.251323,0.259459,2.69938,1.16599,
-3.6799,-2.62531,3.62875,0.78393,-2.02647,3.73501,2.90472,5.95853,3.63675,0.347985,-7.13863,6.02398,0,0,0,0,0,0,0,0,0,0,0,0,0.182043,0.885442,-1.66173,-0.12611,0.580189,-1.46644,-0.0787957,0.849964,-1.79146,-0.0339883,1.1032,-1.78638,0.0585741,0.950739,-1.56809,-0.0960734,0.417627,-1.334,-0.0128497,0.923059,-1.70179,-0.0218589,0.927549,-1.55881,-1.25885,5.23718,0.116894,0.417514,-4.47603,1.5627,-0.266881,-3.03473,-0.0497069,0.137188,0.11244,3.07861,
-4.39217,-6.6108,6.15651,-0.388646,2.03197,1.71197,4.34112,8.17785,1.18835,0.668532,-9.62593,6.62938,0,0,0,0,0,0,0,0,0,0,0,0,0.161239,0.963441,-1.67083,-0.116933,0.487518,-1.43435,-0.0792054,0.804657,-1.79875,-0.0352944,1.07095,-1.68992,0.0305432,0.842674,-1.51991,-0.116382,0.435117,-1.33924,0.0371817,0.990077,-1.78649,-0.0257096,0.749155,-1.3649,-0.835673,1.78012,-0.119645,0.410672,-4.12802,2.09259,0.31437,-0.761073,-0.697971,-0.28514,-3.2459,6.37122,
-4.56734,-5.80842,8.08388,-0.153602,7.29573,1.22004,4.18517,7.17593,1.25512,1.37552,-9.32278,6.77774,0,0,0,0,0,0,0,0,0,0,0,0,0.152743,0.958121,-1.68429,-0.113573,0.412332,-1.40454,-0.0626138,0.813614,-1.81631,-0.0428925,0.997976,-1.56951,0.0338406,0.777049,-1.4943,-0.117047,0.526755,-1.34821,0.0671424,1.04,-1.81506,-0.0264364,0.613422,-1.16886,-0.18874,-1.43445,-0.484033,0.0146497,-2.71883,1.03322,1.00508,1.87953,-1.20534,-0.717272,-6.05939,9.24807,
-6.72759,-6.27723,9.13267,-1.04569,12.9671,0.0868979,4.11841,4.72393,-0.0484672,2.55479,-7.7533,14.3273,0,0,0,0,0,0,0,0,0,0,0,0,0.155589,0.924649,-1.69545,-0.110513,0.379095,-1.39604,-0.0351587,0.883895,-1.84221,-0.0687778,0.905139,-1.50242,0.00199969,0.714024,-1.48657,-0.12535,0.679095,-1.39442,0.113362,1.09082,-1.84295,-0.0349815,0.64313,-1.17192,0.584002,-2.14776,-0.777584,0.452186,-0.756128,-0.0219336,1.82242,3.55304,0.018889,-1.20293,-2.72706,-1.10729,
-7.43935,-4.16703,11.4648,-0.767207,12.1977,1.93913,3.14112,3.68794,-0.529752,3.08819,-2.3996,16.2689,0,0,0,0,0,0,0,0,0,0,0,0,0.172395,0.869486,-1.71286,-0.10463,0.410843,-1.43237,0.00817648,0.967583,-1.8505,-0.095449,0.82873,-1.5182,0.00523133,0.697047,-1.44303,-0.126561,0.710843,-1.4617,0.141225,1.16405,-1.85767,-0.0492523,0.668956,-1.11462,0.752781,-2.73055,-0.671233,-0.110044,3.31063,-3.11246,2.18083,4.17062,0.242681,-1.24032,-3.99138,-0.125951,
-7.29681,-3.56829,11.4644,-0.47415,11.3733,1.49563,2.50151,2.80396,-1.43405,3.71572,0.931742,17.925,0,0,0,0,0,0,0,0,0,0,0,0,0.182905,0.823286,-1.72042,-0.110195,0.479743,-1.47489,0.0424421,1.03485,-1.84458,-0.115767,0.758328,-1.50936,0.0152402,0.659271,-1.43984,-0.1331,0.779743,-1.50087,0.157891,1.21574,-1.87512,-0.0556259,0.665902,-1.03504,0.59022,-2.99233,-0.241479,-0.442043,5.00067,-2.53485,2.11646,4.43132,0.212233,-1.31005,-4.6288,1.04764,
-6.36731,-0.903386,10.207,-0.0604147,9.01594,0.605619,0.611889,1.27745,-0.123066,4.66376,5.67916,18.3449,0,0,0,0,0,0,0,0,0,0,0,0,0.193818,0.748322,-1.71702,-0.122816,0.611479,-1.51645,0.0907368,1.1405,-1.84623,-0.147451,0.641421,-1.46652,0.0431078,0.64507,-1.45089,-0.134304,0.911479,-1.51793,0.152895,1.27768,-1.85706,-0.0639755,0.657633,-0.949271,0.338894,-3.22669,0.438147,-0.399123,5.94084,-0.665157,1.87442,4.20957,-0.310298,-1.32475,-5.03067,2.34503,
-5.22194,1.11187,9.0787,0.361704,5.89934,0.625563,-1.45501,-0.986297,1.60766,4.84921,8.48011,17.4517,0,0,0,0,0,0,0,0,0,0,0,0,0.199697,0.683605,-1.70273,-0.130823,0.732468,-1.53814,0.123565,1.21761,-1.85011,-0.172609,0.54087,-1.41129,0.0757436,0.631163,-1.45311,-0.126557,1.03247,-1.54042,0.120757,1.28421,-1.81138,-0.0816107,0.627722,-0.897323,0.263819,-3.20953,0.906059,-0.191048,6.49764,-0.716844,1.3427,3.65027,-0.058477,-1.20928,-5.00604,3.10717,
-3.28527,4.32075,7.17008,1.0286,-1.11438,0.996856,-3.70894,-4.36737,4.40676,4.90368,11.9966,11.9037,0,0,0,0,0,0,0,0,0,0,0,0,0.202389,0.614752,-1.67831,-0.128496,0.880951,-1.53559,0.140065,1.2802,-1.83954,-0.199882,0.434493,-1.3376,0.121565,0.646842,-1.46816,-0.0923264,1.03062,-1.50629,0.0528152,1.22254,-1.69992,-0.108747,0.618097,-0.954066,0.0523198,-3.03713,1.23623,0.418175,7.10108,0.1751,0.218936,2.06096,1.17795,-1.25832,-4.65245,3.43762,
-1.37201,7.31653,5.74634,2.36918,-9.77412,2.02185,-5.7738,-8.37474,4.63899,4.47489,13.2038,0.229409,0,0,0,0,0,0,0,0,0,0,0,0,0.203178,0.564312,-1.65594,-0.117587,0.995218,-1.52281,0.136356,1.29929,-1.80246,-0.222261,0.363191,-1.28121,0.169097,0.683809,-1.48238,-0.039963,0.886692,-1.43828,-0.0269565,1.08999,-1.59962,-0.13795,0.620969,-1.18559,0.00879214,-2.53664,1.19593,0.735796,5.43309,1.35958,-0.758706,0.00301424,3.47492,-1.10244,-2.89265,3.59522,
-1.80581,8.37818,5.55229,1.96463,-13.9333,3.04113,-3.32464,-8.95644,0.950967,4.24637,11.0863,-7.67659,0,0,0,0,0,0,0,0,0,0,0,0,0.20605,0.528793,-1.63659,-0.0966471,1.05157,-1.46399,0.097819,1.25575,-1.69155,-0.240349,0.351894,-1.26874,0.166581,0.71946,-1.4884,-0.0201486,0.700556,-1.30062,-0.0520431,0.940944,-1.52238,-0.135166,0.651894,-1.47262,0.227051,-0.751503,0.375215,1.09531,-0.107195,3.49353,-2.66984,-3.63572,5.81614,-0.0390637,2.24228,-0.478358,
-1.54263,9.92382,7.55503,4.67189,-15.2013,6.4318,-4.47946,-10.7109,4.98576,1.24172,5.1116,-6.75992,0,0,0,0,0,0,0,0,0,0,0,0,0.21379,0.53004,-1.63599,-0.0857485,1.02573,-1.44705,0.0505101,1.19941,-1.64478,-0.225951,0.445079,-1.3765,0.179656,0.788181,-1.46054,0.0238412,0.607506,-1.31308,-0.0953568,0.914495,-1.56861,-0.146703,0.72237,-1.6765,0.17726,0.401799,-0.537403,-0.288302,-1.52766,-1.07323,-1.35521,-0.68574,-1.9391,1.92821,5.98003,-6.47577,
-1.29096,11.0245,7.62755,6.16826,-14.1821,7.14282,-3.29154,-11.8005,3.22723,-1.09936,3.51594,-7.34902,0,0,0,0,0,0,0,0,0,0,0,0,0.212871,0.550265,-1.64149,-0.0971204,0.992133,-1.47105,0.0282457,1.18877,-1.69395,-0.17706,0.560974,-1.48422,0.178901,0.850265,-1.47025,0.035428,0.58366,-1.32503,-0.0874427,0.872806,-1.68202,-0.126247,0.82546,-1.78422,-0.0678237,1.18817,-0.778028,-0.866327,-2.15681,-1.30199,-1.336,-0.83814,-2.74993,3.13188,7.0635,-7.26006,
-2.03679,11.0338,7.22348,6.03861,-11.7882,6.66557,-1.36079,-11.2193,3.00542,-1.91919,4.12353,-4.6344,0,0,0,0,0,0,0,0,0,0,0,0,0.212561,0.581614,-1.65057,-0.118866,0.934639,-1.49273,-0.00506373,1.15396,-1.73972,-0.111072,0.7035,-1.62976,0.164009,0.881614,-1.47933,0.010056,0.565845,-1.34243,-0.0761744,0.821674,-1.70639,-0.0881179,0.959544,-1.90345,0.0947413,2.43249,-0.373827,-0.881715,-2.96358,-0.65349,-1.48363,-2.07203,-1.67192,2.83736,6.1182,-6.31342,
-2.75846,9.31428,6.23439,5.17268,-8.58165,5.65313,-0.368178,-8.51624,4.00117,-1.91451,3.58711,-0.437046,0,0,0,0,0,0,0,0,0,0,0,0,0.216741,0.656995,-1.65546,-0.135825,0.854867,-1.49895,-0.0374098,1.09209,-1.76359,-0.0667226,0.808426,-1.73931,0.151667,0.956995,-1.50114,-0.0215641,0.550875,-1.35742,-0.0776011,0.810073,-1.69064,-0.0589014,1.05071,-1.91541,0.155487,3.48745,-0.0615799,-0.602244,-3.57801,0.00822885,-1.23948,-2.76452,-1.08311,2.22736,6.1043,-6.607,
-3.40581,7.7225,5.35977,4.24558,-7.11446,4.93515,0.461186,-5.96011,4.41077,-1.21088,1.24598,2.16239,0,0,0,0,0,0,0,0,0,0,0,0,0.219185,0.714483,-1.6596,-0.143968,0.794695,-1.49546,-0.0564271,1.04076,-1.77901,-0.0326167,0.929721,-1.85429,0.135876,1.00553,-1.54034,-0.0493134,0.519539,-1.36225,-0.0739293,0.808191,-1.67794,-0.0386374,1.08959,-1.89323,0.0734443,3.9194,-0.589702,-0.459388,-3.89179,0.393102,-1.16127,-3.34262,-0.367987,0.970058,5.14861,-3.71972,
-4.25858,2.0583,4.77403,2.70135,-3.8301,3.5008,2.17525,-0.60498,2.99211,-0.155185,-2.92302,4.71384,0,0,0,0,0,0,0,0,0,0,0,0,0.214354,0.814516,-1.65933,-0.149127,0.704707,-1.48073,-0.0769312,0.9617,-1.77689,-0.0218716,1.02705,-1.8942,0.0987912,0.98663,-1.55394,-0.0839368,0.503924,-1.37228,-0.0427847,0.856341,-1.69629,-0.0204727,1.04872,-1.78828,-0.363934,4.82624,-0.558554,-0.0937196,-4.20121,0.837029,-0.809395,-3.6094,0.231829,0.211143,3.78986,-0.477237,
-5.61539,-2.81716,6.90201,0.794945,0.0972853,1.55525,4.51088,4.94466,1.00089,0.669342,-7.51272,8.54605,0,0,0,0,0,0,0,0,0,0,0,0,0.202568,0.908732,-1.66513,-0.146064,0.611403,-1.45892,-0.0906903,0.889837,-1.77978,-0.0214262,1.0782,-1.86518,0.0511278,0.922558,-1.52228,-0.119237,0.509004,-1.39302,0.0113266,0.939949,-1.76396,-0.00819281,0.91249,-1.57269,-0.442205,3.37019,-1.18772,0.278152,-4.19324,1.08068,-0.430207,-2.94017,-0.368053,-0.140008,0.884467,3.15344,
-5.83876,-5.99466,8.47867,0.319584,4.09312,0.309328,5.41909,6.68041,0.878201,0.824911,-9.41618,7.41788,0,0,0,0,0,0,0,0,0,0,0,0,0.193305,0.94542,-1.67125,-0.140835,0.549297,-1.44518,-0.0906349,0.853663,-1.78528,-0.0255055,1.07282,-1.79326,0.0365817,0.821787,-1.47731,-0.125417,0.561467,-1.41946,0.0530569,0.988719,-1.79017,-0.0185559,0.788848,-1.43525,-0.430164,1.04934,-0.721296,0.297151,-3.60631,0.719658,0.328582,-1.27816,-1.07413,-0.546928,-1.94272,6.90266,
-3.85705,-2.6588,9.13409,1.25256,6.88398,0.85078,2.86366,4.1263,2.95506,2.42484,-6.62152,5.39741,0,0,0,0,0,0,0,0,0,0,0,0,0.18305,0.92909,-1.68689,-0.136177,0.494545,-1.43761,-0.0616386,0.869972,-1.80877,-0.0452957,0.97395,-1.57644,0.0700983,0.824637,-1.46473,-0.105437,0.644676,-1.42908,0.0566757,1.02765,-1.75891,-0.0064607,0.673199,-1.20513,-0.661007,-1.51932,-0.247842,-0.0229295,-0.878763,-0.509437,1.86892,2.18091,-0.960796,-0.871441,-5.40851,9.45489,
-5.69904,-1.64007,8.52978,-0.317248,10.0163,0.82721,1.68039,2.98899,3.47548,3.76136,-3.56102,13.6174,0,0,0,0,0,0,0,0,0,0,0,0,0.174484,0.8918,-1.69329,-0.128862,0.501548,-1.46144,-0.0154789,0.927767,-1.82519,-0.0680743,0.893095,-1.49676,0.0368118,0.803542,-1.49213,-0.116088,0.780046,-1.47376,0.0769942,1.0641,-1.76099,-0.00709016,0.743846,-1.17326,0.19217,-1.89022,-0.483137,0.828212,1.12364,-1.31994,2.01854,2.46447,-0.907452,-1.322,-2.40895,-0.677454,
-7.09779,-0.698078,9.99566,-0.942197,9.85296,0.941733,1.82357,3.10909,2.36286,4.16396,0.153452,15.878,0,0,0,0,0,0,0,0,0,0,0,0,0.185844,0.846264,-1.70211,-0.115846,0.528933,-1.48912,0.0138397,0.963553,-1.8267,-0.0890187,0.851256,-1.51464,0.02213,0.774377,-1.46632,-0.11949,0.828933,-1.50742,0.0991767,1.09503,-1.77389,-0.0185035,0.783812,-1.14366,0.549234,-2.1774,-0.564122,0.796444,2.92512,-1.67365,1.58991,2.15001,-0.250667,-1.34335,-2.85118,-1.0388,
-6.73278,0.58618,10.6794,-0.772252,6.65136,0.797814,1.19004,2.23644,1.68356,4.77303,4.12329,17.5473,0,0,0,0,0,0,0,0,0,0,0,0,0.193758,0.810041,-1.71135,-0.107581,0.620781,-1.53367,0.0434329,1.01239,-1.81635,-0.118068,0.779497,-1.52269,0.0354057,0.766984,-1.44968,-0.122896,0.916892,-1.54313,0.102563,1.12733,-1.75242,-0.0329461,0.79605,-1.08022,0.398683,-2.30847,-0.212339,0.159672,5.19306,-1.17623,1.17516,2.36116,0.873741,-1.36816,-3.46118,0.151396,
-5.56175,4.08112,9.87556,-0.469816,3.82889,0.00833229,-0.387714,0.208514,3.79233,5.32643,8.75591,17.6423,0,0,0,0,0,0,0,0,0,0,0,0,0.201364,0.759604,-1.71079,-0.109533,0.743926,-1.55991,0.0665857,1.06622,-1.79775,-0.147183,0.701637,-1.50746,0.068412,0.804837,-1.45865,-0.121445,0.996322,-1.5621,0.0785173,1.1318,-1.67803,-0.0482878,0.831136,-1.0393,0.243673,-2.2718,0.210288,-0.00669455,6.26697,-0.0959368,0.864976,2.41485,0.996329,-1.37063,-3.57593,1.08396,
-3.80269,6.71686,8.24618,0.322522,-0.67517,0.101536,-2.38536,-2.00931,7.96222,5.74393,11.9393,14.4239,0,0,0,0,0,0,0,0,0,0,0,0,0.204843,0.712497,-1.70307,-0.110127,0.882927,-1.5634,0.0790342,1.10899,-1.7806,-0.178237,0.62614,-1.47702,0.11192,0.830359,-1.48592,-0.101152,1.02153,-1.55888,0.02611,1.09428,-1.57424,-0.0712144,0.844005,-1.07682,0.0857883,-2.00239,0.439621,0.0364629,6.21927,0.0793183,0.268395,1.42086,0.292195,-1.46301,-3.22468,1.58436,
-2.43947,6.88681,6.88711,1.68408,-6.33651,0.802749,-3.65488,-3.70345,11.0636,5.57316,12.0913,4.78028,0,0,0,0,0,0,0,0,0,0,0,0,0.205333,0.677618,-1.69566,-0.106246,0.971825,-1.55551,0.0788486,1.12105,-1.77641,-0.20062,0.584067,-1.44284,0.144285,0.821519,-1.51997,-0.0582048,0.937523,-1.51865,-0.0225668,1.03247,-1.50016,-0.096561,0.835891,-1.27224,-0.00244,-1.13076,0.140655,0.237574,4.96443,0.671507,-0.401737,0.160357,-0.0135164,-1.41079,-2.01839,2.04379,
-2.6029,5.57601,5.92449,2.16144,-9.85539,2.30697,-2.1504,-3.74221,13.0518,5.70415,9.55376,-3.27715,0,0,0,0,0,0,0,0,0,0,0,0,0.20362,0.666782,-1.69093,-0.0998617,1.04312,-1.53387,0.0602952,1.1097,-1.79806,-0.22666,0.568074,-1.42011,0.136714,0.794091,-1.54995,-0.0345396,0.827692,-1.43596,-0.020898,0.986732,-1.49686,-0.103591,0.828927,-1.51077,-0.0733416,-0.48369,-0.285569,0.451449,1.23823,1.60909,-1.09733,-1.17636,-1.0037,-0.781401,0.880336,-0.349124,
-3.83925,2.69603,5.36081,1.48625,-5.879,6.37841,0.975423,-4.70846,11.2314,4.13967,5.65554,-4.17622,0,0,0,0,0,0,0,0,0,0,0,0,0.198043,0.664391,-1.69263,-0.0923841,1.02365,-1.49834,0.0344387,1.06851,-1.80944,-0.218972,0.635128,-1.46642,0.0923421,0.735348,-1.55007,-0.0596064,0.833413,-1.33669,0.0323354,0.891435,-1.53149,-0.0705014,0.896284,-1.6618,-0.388791,0.142247,0.341508,-0.175138,-1.73062,0.0877162,-1.05955,-2.3746,-0.113345,1.79917,4.79067,-3.63918,
-2.80651,5.48068,5.5558,2.70279,-5.22597,7.93304,0.801384,-2.61336,9.27415,-0.31165,0.567221,-1.74603,0,0,0,0,0,0,0,0,0,0,0,0,0.186811,0.654393,-1.70123,-0.107159,0.988799,-1.52124,0.0148586,1.00879,-1.80368,-0.145552,0.768962,-1.5596,0.0947305,0.770202,-1.55492,-0.0623694,0.818081,-1.35215,0.0167197,0.870264,-1.55875,-0.0460929,0.950309,-1.72192,-0.876708,-0.848334,0.29672,-0.911197,-1.60273,-1.16941,-0.72694,-2.92762,0.523023,4.29001,6.68669,-4.74658,
-1.66082,6.41471,4.54586,3.52044,-4.27648,6.37725,0.757895,-2.31253,9.11663,-2.14085,-0.940828,-1.18211,0,0,0,0,0,0,0,0,0,0,0,0,0.165006,0.63614,-1.69916,-0.12918,0.958442,-1.53721,0.00209522,0.957068,-1.79298,-0.0699572,0.877171,-1.62763,0.0979321,0.785349,-1.58839,-0.0663445,0.807983,-1.3936,0.00354102,0.830891,-1.55109,-0.024303,0.990926,-1.74254,-1.02213,-0.446339,-0.115012,-1.00703,-1.74187,-0.632929,-0.700063,-2.73454,0.558765,3.96702,5.491,-3.41431,
-1.09309,5.9725,3.11247,3.73743,-2.91346,5.00792,0.578115,-1.43236,10.2796,-2.4945,-1.18084,-0.2534,0,0,0,0,0,0,0,0,0,0,0,0,0.147338,0.638981,-1.69775,-0.145375,0.918916,-1.54388,-0.0121716,0.903051,-1.78374,-0.00365831,0.967148,-1.68177,0.096216,0.807306,-1.61583,-0.0719081,0.800531,-1.42253,-0.0119889,0.809296,-1.51831,-0.00967909,1.01253,-1.73557,-0.951771,0.760526,0.164334,-0.798734,-1.82192,-0.154239,-0.570807,-2.31783,0.337644,2.25367,2.99619,-1.89825,
-0.961448,4.78753,3.29072,4.08288,-2.29046,4.55856,0.296548,-0.196142,12.0082,-2.05543,-1.00069,0.138855,0,0,0,0,0,0,0,0,0,0,0,0,0.13084,0.668808,-1.70563,-0.160101,0.879037,-1.54623,-0.0229261,0.853764,-1.77713,0.0270062,1.00829,-1.70895,0.093421,0.830154,-1.64909,-0.0725611,0.776999,-1.43473,-0.0263265,0.794035,-1.4699,-0.00556397,1.00994,-1.72286,-0.535304,1.66629,-1.02889,-0.581301,-1.79104,-0.0984831,-0.432563,-2.19298,0.280948,0.752619,1.06687,-0.695143,
-0.799556,3.42593,2.8486,4.30018,-2.23188,4.449,-0.273231,1.65799,13.7054,-1.83711,-0.710243,0.103346,0,0,0,0,0,0,0,0,0,0,0,0,0.121614,0.713716,-1.71772,-0.16928,0.840067,-1.54877,-0.028916,0.806126,-1.77186,0.0336597,1.01639,-1.71481,0.0920206,0.856757,-1.64941,-0.0695802,0.740264,-1.44125,-0.0398034,0.792806,-1.42292,-0.010369,0.997584,-1.71616,-0.384196,2.29573,-0.116519,-0.3122,-1.76026,-0.147947,-0.162262,-2.19079,0.252424,0.0759654,-0.0421511,-0.157343,
-0.734301,3.03928,2.78557,4.42049,-1.73174,4.63004,-0.491645,3.34038,15.4642,-1.5918,-0.226209,0.179747,0,0,0,0,0,0,0,0,0,0,0,0,0.117316,0.751016,-1.72741,-0.173977,0.808674,-1.55133,-0.0308472,0.767023,-1.76733,0.0322162,1.01152,-1.71522,0.092613,0.879463,-1.65555,-0.0691086,0.72168,-1.43968,-0.0449117,0.79555,-1.37346,-0.0121637,0.993561,-1.70849,-0.253812,2.09861,0.0887679,-0.22574,-1.74803,-0.164132,-0.0709338,-2.1993,0.290632,-0.183396,-0.492177,0.0896898,
-0.630773,2.8522,2.42978,4.48997,-1.1754,4.96634,-0.480378,5.01799,17.0591,-1.17876,0.157529,0.53483,0,0,0,0,0,0,0,0,0,0,0,0,0.114189,0.788357,-1.73915,-0.179329,0.771106,-1.55473,-0.0329039,0.719579,-1.7601,0.0251658,0.998609,-1.71218,0.0942767,0.900273,-1.67702,-0.0726394,0.69987,-1.43463,-0.0466832,0.791676,-1.32456,-0.0127406,0.98709,-1.69374,-0.165707,1.62443,0.0551162,-0.222376,-1.67401,-0.162357,-0.0707942,-2.13408,0.362688,-0.337495,-0.618318,0.202856,
-0.465912,2.69634,2.04814,4.51645,-1.12867,4.96926,-0.359959,6.17349,18.4659,-1.06563,0.159246,0.602149,0,0,0,0,0,0,0,0,0,0,0,0,0.11154,0.818156,-1.74633,-0.184152,0.735552,-1.55741,-0.0343948,0.674453,-1.75177,0.0183296,0.987034,-1.70544,0.0963305,0.918491,-1.69874,-0.076242,0.667778,-1.4355,-0.0444836,0.778403,-1.27965,-0.014283,0.978946,-1.67839,-0.142466,1.31705,-0.144277,-0.200053,-1.5823,-0.0929322,-0.0435924,-2.01551,0.418915,-0.238878,-0.482768,0.479823,
-0.444122,2.41603,2.21872,4.67668,-1.3207,4.4517,0.0529039,6.83726,19.8263,-1.31393,0.143735,0.222086,0,0,0,0,0,0,0,0,0,0,0,0,0.109273,0.839967,-1.75168,-0.187393,0.707765,-1.5585,-0.0347506,0.639092,-1.74378,0.0154707,0.979819,-1.69549,0.0955959,0.930454,-1.71022,-0.0746815,0.636258,-1.44837,-0.0334274,0.760485,-1.23509,-0.0197559,0.973066,-1.67217,-0.102949,1.20347,-0.560226,-0.168233,-1.5396,-0.0463114,2.0526e-05,-1.98156,0.521132,-0.0951357,-0.413871,0.710745,
-0.594293,1.33718,2.51059,4.8387,-0.971681,3.90782,0.694046,8.2841,20.5189,-1.58893,0.476048,0.400611,0,0,0,0,0,0,0,0,0,0,0,0,0.105515,0.867637,-1.75776,-0.190481,0.673801,-1.56063,-0.0339184,0.593647,-1.72897,0.0141496,0.970053,-1.68268,0.0870152,0.930414,-1.70463,-0.072064,0.610499,-1.46641,-0.0147078,0.746954,-1.19545,-0.0279699,0.969572,-1.67429,-0.145691,1.17392,-0.38518,-0.101999,-1.5604,-0.138862,0.0743771,-2.1518,0.821989,-0.0958533,-0.495302,-0.0650228,
-0.941012,0.662016,2.75556,4.59199,-0.60132,3.61636,1.29705,9.50654,20.1099,-1.46234,0.711109,1.21465,0,0,0,0,0,0,0,0,0,0,0,0,0.102527,0.886949,-1.76258,-0.19139,0.639283,-1.56466,-0.031173,0.544812,-1.70743,0.0115059,0.961173,-1.69067,0.0757724,0.917336,-1.69745,-0.0768024,0.585276,-1.47953,0.00491694,0.726367,-1.17738,-0.0311064,0.963618,-1.67559,-0.129157,0.553437,-0.150117,-0.00847252,-1.55894,-0.211368,0.146549,-2.24436,1.09191,-0.242152,-0.613328,-0.611369,
-1.22279,0.153032,3.2637,4.42303,-0.471271,3.19145,1.94764,9.67432,19.4728,-1.18288,0.0960073,0.574933,0,0,0,0,0,0,0,0,0,0,0,0,0.10023,0.890865,-1.76479,-0.19107,0.60909,-1.56896,-0.0286149,0.509888,-1.68974,0.0047346,0.951051,-1.69085,0.0670276,0.892721,-1.68465,-0.0792309,0.560215,-1.49463,0.0242675,0.697846,-1.17437,-0.0331969,0.945785,-1.67291,-0.105303,-0.0787815,-0.0583794,0.0505234,-1.48375,-0.218533,0.167654,-2.15599,1.14187,-0.33438,-0.306633,0.142765,
-1.62184,-0.214881,3.59629,3.75004,0.160455,2.6612,2.30163,10.2773,17.3695,-0.472052,-0.57668,1.79712,0,0,0,0,0,0,0,0,0,0,0,0,0.0987195,0.884212,-1.76404,-0.189386,0.583436,-1.57278,-0.0237811,0.464699,-1.66478,-0.00291417,0.945854,-1.69428,0.0564023,0.861935,-1.66726,-0.0921246,0.552485,-1.51194,0.040346,0.67196,-1.20202,-0.023183,0.924019,-1.65359,-0.0708449,-0.676206,0.27485,0.140402,-1.39848,-0.227824,0.26345,-1.98684,1.14097,-0.338703,-0.296714,-0.169345,
-2.32816,-0.669009,4.67941,2.65246,1.30392,2.26242,2.48573,10.6031,13.6518,0.477209,-1.46047,4.2433,0,0,0,0,0,0,0,0,0,0,0,0,0.0998467,0.862648,-1.76036,-0.18551,0.556703,-1.57801,-0.0176648,0.426778,-1.64234,-0.00804894,0.935794,-1.70137,0.0452494,0.812501,-1.63739,-0.113152,0.557325,-1.52889,0.0531771,0.646489,-1.27373,0.000648901,0.882483,-1.6082,0.144268,-1.33686,0.239399,0.241846,-1.27904,-0.29777,0.34794,-1.81467,1.09232,-0.129296,-0.671986,-0.516718,
-3.17242,-2.61767,6.53793,0.996515,3.50598,1.54954,2.33317,10.703,8.22569,1.97499,-2.85467,7.75931,0,0,0,0,0,0,0,0,0,0,0,0,0.104512,0.831438,-1.75184,-0.178888,0.531038,-1.58554,-0.00820926,0.391943,-1.62173,-0.00839521,0.92007,-1.71864,0.0321934,0.728802,-1.57504,-0.145354,0.59198,-1.55678,0.0634682,0.626068,-1.39707,0.0419783,0.829546,-1.5459,0.279669,-1.48775,0.534195,0.34486,-1.0683,-0.398954,0.533928,-1.338,0.760673,0.0399559,-0.766291,-0.849515,
-3.88546,-6.1054,9.49298,-0.853899,5.46539,0.685358,1.73827,10.4765,1.71861,3.80125,-4.35054,10.4278,0,0,0,0,0,0,0,0,0,0,0,0,0.111264,0.79871,-1.73745,-0.170592,0.515301,-1.59781,0.00808895,0.375534,-1.61433,-0.00769892,0.903173,-1.73744,0.0220343,0.608042,-1.48181,-0.179962,0.647936,-1.59081,0.0756158,0.634453,-1.57314,0.0875696,0.773503,-1.4966,0.316269,-1.52133,0.732549,0.479089,-0.159971,-0.405287,0.962801,-0.119738,-0.0710714,0.00948912,-0.836269,-0.794347,
-4.11001,-7.81289,11.452,-1.74357,7.08746,0.0876101,1.25268,8.58241,-3.01639,4.83356,-3.99529,11.476,0,0,0,0,0,0,0,0,0,0,0,0,0.117691,0.771187,-1.7234,-0.165019,0.519426,-1.61559,0.0283136,0.398292,-1.61415,-0.00784624,0.88712,-1.75069,0.0243652,0.534958,-1.41532,-0.203987,0.719234,-1.63773,0.0871016,0.673102,-1.73238,0.112136,0.761103,-1.4785,0.376967,-1.63628,0.871348,0.184889,0.904857,-0.972963,1.09884,2.40998,-1.7129,-0.0342872,-1.04541,-0.58848,
-3.85507,-5.77138,12.2901,-1.74391,7.15255,-0.268087,0.630094,5.14896,-3.50695,4.93888,-1.17877,12.4503,0,0,0,0,0,0,0,0,0,0,0,0,0.128268,0.731336,-1.70214,-0.164823,0.561746,-1.64465,0.0470078,0.495734,-1.65928,-0.00819817,0.859141,-1.75892,0.0459932,0.5368,-1.36877,-0.211349,0.815292,-1.68061,0.0757561,0.770167,-1.81863,0.115325,0.792706,-1.4526,0.564086,-2.01005,1.04441,-0.11713,2.98928,-1.17067,0.519838,5.82835,-2.86716,0.00205912,-1.47862,-0.197261,
-3.61612,-3.00682,11.5605,-1.22972,6.11298,0.379407,-0.0479473,3.59336,-3.31649,4.59661,1.45461,13.7346,0,0,0,0,0,0,0,0,0,0,0,0,0.141265,0.684179,-1.67639,-0.171958,0.644315,-1.67994,0.0523503,0.635068,-1.72942,-0.00693343,0.823062,-1.76013,0.0658004,0.55394,-1.35492,-0.210807,0.914573,-1.70222,0.0523325,0.890611,-1.90205,0.110644,0.81694,-1.41662,0.597535,-2.20274,1.29847,-0.32421,4.69736,-1.27041,0.0472352,6.62832,-3.58882,0.106492,-1.6995,0.00559855,
-3.79987,-1.83169,11.2185,-1.0073,5.18231,0.712806,-0.408229,2.88582,-3.61099,4.38916,2.53981,14.9612,0,0,0,0,0,0,0,0,0,0,0,0,0.154412,0.635338,-1.65422,-0.178449,0.723171,-1.702,0.0511664,0.736652,-1.78438,-0.00422506,0.795132,-1.75912,0.0745724,0.534684,-1.33722,-0.21205,0.987801,-1.71538,0.0340368,0.97217,-1.97238,0.110909,0.81552,-1.38318,0.606286,-2.19445,1.46169,-0.336727,5.40287,-1.24828,-0.276954,6.5349,-3.9092,0.216221,-1.72431,0.0767072,
-3.87151,-1.95781,10.4756,-0.806266,2.02204,0.378759,-0.0899177,1.40437,-2.66005,4.01793,3.64525,15.4283,0,0,0,0,0,0,0,0,0,0,0,0,0.165498,0.595451,-1.61775,-0.183855,0.855596,-1.71529,0.0393868,0.878319,-1.87208,0.00244287,0.752654,-1.7557,0.084276,0.490638,-1.31649,-0.206873,1.04427,-1.7105,0.0186177,1.0489,-2.03222,0.110688,0.79809,-1.36454,0.622624,-2.23471,1.57463,-0.114464,5.52473,-0.187404,-0.740847,5.41885,-3.74539,0.311866,-1.82781,0.218347,
-3.95836,-1.89381,9.65821,-0.343621,-0.700876,0.369821,0.592571,0.29387,-0.798968,3.42005,4.48048,15.6552,0,0,0,0,0,0,0,0,0,0,0,0,0.180293,0.540244,-1.57867,-0.184902,0.977116,-1.71,0.0172974,0.990097,-1.95884,0.0100671,0.718353,-1.75047,0.0967662,0.434005,-1.29523,-0.193699,1.0725,-1.68962,0.00727659,1.09889,-2.06481,0.103795,0.781192,-1.35036,0.617293,-2.35575,1.67936,-0.00825418,4.51627,0.445575,-0.993401,4.05806,-3.43969,0.329068,-1.96692,0.349315,
-3.72771,-2.20143,8.72553,0.281568,-1.58346,0.623683,0.609422,-0.374052,0.63848,2.58376,5.71102,15.5914,0,0,0,0,0,0,0,0,0,0,0,0,0.191593,0.496766,-1.54747,-0.184365,1.04317,-1.69814,0.00218017,1.04951,-2.00939,0.0164258,0.669394,-1.74043,0.114336,0.379906,-1.28419,-0.175535,1.07868,-1.66072,-0.00192488,1.11213,-2.05571,0.0901613,0.759918,-1.33882,0.637419,-2.47295,1.80579,0.0716256,3.00392,0.873075,-0.773624,2.87857,-2.49131,0.365656,-2.09005,0.472995,
-3.38094,-2.16677,7.04294,1.16851,-2.31908,1.09228,0.506938,-1.45745,1.94853,1.25694,6.89835,14.1891,0,0,0,0,0,0,0,0,0,0,0,0,0.20418,0.445763,-1.50978,-0.180958,1.08387,-1.67639,-0.00960478,1.09158,-2.04123,0.0237194,0.626875,-1.73018,0.134884,0.326526,-1.28513,-0.144351,1.05784,-1.61813,-0.008214,1.09182,-2.01239,0.0640372,0.745519,-1.36192,0.609119,-2.60268,1.94294,0.295776,1.27763,1.23829,-0.451306,1.46735,-0.794886,0.35577,-2.15256,0.541081,
-2.50835,-1.43199,4.73503,2.89183,-2.37414,2.91992,-0.142785,-3.18952,3.7227,-1.16467,7.34557,10.9101,0,0,0,0,0,0,0,0,0,0,0,0,0.216377,0.388637,-1.46532,-0.174031,1.09426,-1.67163,-0.0146901,1.10631,-2.03816,0.0319608,0.581982,-1.72149,0.166939,0.288757,-1.29407,-0.0940749,1.03224,-1.6219,-0.0199363,1.02906,-1.9225,0.0138618,0.716658,-1.43819,0.530831,-2.56323,2.11484,0.306416,-0.106584,-0.930808,-0.0670641,0.0993675,0.903607,0.440714,-1.9585,0.421948,
-1.84264,-0.422481,1.38442,5.43642,-4.53022,4.58128,-0.183827,-5.74597,6.23483,-4.25128,7.54763,5.37664,0,0,0,0,0,0,0,0,0,0,0,0,0.223691,0.349324,-1.4309,-0.16841,1.08859,-1.68965,-0.0150345,1.10002,-2.01394,0.039293,0.555851,-1.7167,0.187737,0.278627,-1.34231,-0.0227458,0.963132,-1.6047,-0.0195507,0.928712,-1.79337,-0.0563789,0.708228,-1.58089,0.404484,-2.40539,2.15902,0.390143,-0.488175,-1.1832,0.003182,-1.10653,2.58773,0.424402,-1.45255,0.0557631,
-2.11851,1.99038,-1.56432,7.1781,-7.92988,5.30574,-0.335353,-5.55131,7.75779,-6.3392,7.81509,0.646238,0,0,0,0,0,0,0,0,0,0,0,0,0.231756,0.298145,-1.38527,-0.156609,1.0758,-1.71428,-0.0136111,1.05133,-1.92655,0.0465243,0.534499,-1.72664,0.184131,0.30344,-1.39164,0.0382485,0.86445,-1.60365,-0.0160445,0.833118,-1.60273,-0.113956,0.728337,-1.73822,0.213506,-1.77858,1.30961,0.616195,-0.524244,-0.880805,0.238017,-3.17737,5.19519,-0.0800286,-0.0615976,-1.10953,
-2.53772,3.99129,-1.57306,6.02557,-9.0774,5.14333,-1.05896,-3.07472,6.67272,-4.96439,6.3127,0.0279678,0,0,0,0,0,0,0,0,0,0,0,0,0.228516,0.276937,-1.37721,-0.136554,1.06683,-1.73049,-0.00400805,0.961682,-1.77618,0.0244355,0.567545,-1.74856,0.155598,0.371683,-1.4312,0.0448933,0.831892,-1.61716,-0.0147448,0.764965,-1.39686,-0.146268,0.799155,-1.78111,-0.378964,-0.201437,-0.586344,1.23234,-0.320018,-0.610117,0.62949,-4.79397,8.49973,-1.86374,2.95169,-1.33012,
-2.08802,7.08373,-1.52571,5.7076,-8.44282,3.50467,-1.77154,-1.66567,12.1944,-3.10238,5.31246,1.00474,0,0,0,0,0,0,0,0,0,0,0,0,0.220716,0.281027,-1.39774,-0.114558,1.06205,-1.73999,0.00697809,0.904405,-1.68302,-0.0137468,0.625267,-1.77207,0.143684,0.475743,-1.48362,0.0565688,0.842584,-1.67104,-0.0129458,0.819254,-1.3333,-0.162927,0.861763,-1.77815,-0.99325,0.704922,-1.90961,1.13747,-0.335998,-0.746965,0.974584,-1.74037,1.79454,-2.86484,4.14738,-1.2477,
-1.31404,7.7651,0.30497,6.22318,-7.99924,5.35195,-2.44322,0.431511,14.4167,-0.934253,3.21379,0.880055,0,0,0,0,0,0,0,0,0,0,0,0,0.188733,0.314185,-1.46066,-0.098155,1.05135,-1.76529,0.0314949,0.885404,-1.70092,-0.0803845,0.725119,-1.78687,0.113334,0.570206,-1.53267,0.0708674,0.835643,-1.66872,-0.00176448,0.871804,-1.37399,-0.175161,0.922645,-1.77437,-1.7019,2.47571,-3.18515,0.537712,-0.629011,-1.4892,1.11284,-0.97552,-1.33955,-2.85679,4.68724,-0.380344,
-1.8949,7.62321,1.96191,6.15033,-7.03562,8.43231,-2.94644,2.92488,15.3815,-0.0671182,2.17221,1.11786,0,0,0,0,0,0,0,0,0,0,0,0,0.16078,0.377202,-1.54201,-0.0877667,1.03359,-1.80113,0.0554299,0.8517,-1.71886,-0.130718,0.826068,-1.78109,0.0853268,0.656825,-1.58087,0.0788507,0.834586,-1.63056,0.00922164,0.879905,-1.34527,-0.176991,0.994354,-1.74006,-1.12325,3.56172,-3.51639,0.514371,-0.924382,-1.60936,1.09811,-1.79671,-0.437726,-1.78381,4.5592,0.523312,
-1.96786,6.46043,1.08923,5.77824,-6.74824,10.1917,-3.25815,3.37967,16.9332,0.102401,1.29959,0.747047,0,0,0,0,0,0,0,0,0,0,0,0,0.14397,0.456603,-1.62194,-0.0761494,1.01063,-1.83193,0.0784567,0.80861,-1.7191,-0.15801,0.918931,-1.76281,0.0749613,0.719406,-1.67617,0.0816915,0.813888,-1.6056,0.0220161,0.84338,-1.28872,-0.175884,1.05295,-1.71703,-0.792477,4.05168,-3.25862,0.535397,-1.12159,-1.13839,1.00053,-1.98888,0.281876,-0.817363,4.06101,1.08396,
-1.11942,5.33779,-1.31361,5.41495,-7.16238,10.8429,-3.33301,3.61531,17.3497,-0.338037,0.927903,0.196673,0,0,0,0,0,0,0,0,0,0,0,0,0.123636,0.531416,-1.6722,-0.0670438,0.988947,-1.84808,0.094976,0.771941,-1.70887,-0.166207,0.984739,-1.74002,0.0664597,0.781357,-1.77122,0.0805744,0.777697,-1.59464,0.0335979,0.808838,-1.25402,-0.17857,1.09386,-1.70127,-1.16762,4.65983,-2.64717,0.489778,-1.28765,-0.705185,0.877882,-2.13946,0.844263,-0.156488,3.43693,1.35352,
-0.472094,4.27465,-1.93634,4.73738,-7.11713,10.7861,-3.33225,4.12846,16.8606,-0.625563,0.590394,0.195161,0,0,0,0,0,0,0,0,0,0,0,0,0.103617,0.624345,-1.7228,-0.0579001,0.961112,-1.85797,0.111049,0.727325,-1.6863,-0.16549,1.04301,-1.71644,0.0565617,0.853095,-1.84049,0.0724627,0.745498,-1.59649,0.0476299,0.771949,-1.23048,-0.177759,1.12044,-1.69435,-1.41012,4.87537,-2.77146,0.47713,-1.50743,-0.326732,0.79547,-2.3435,1.37232,0.134773,2.50678,0.688318,
0.831213,2.27308,-1.44872,3.52087,-6.00957,10.6183,-3.64498,5.75918,15.2249,-0.773815,-0.102928,0.449576,0,0,0,0,0,0,0,0,0,0,0,0,0.0653185,0.739975,-1.77653,-0.0458488,0.924719,-1.86156,0.129627,0.672785,-1.65061,-0.15901,1.08724,-1.70033,0.0388434,0.933501,-1.87697,0.0572396,0.730143,-1.59758,0.0607297,0.751821,-1.22466,-0.168724,1.12588,-1.67121,-1.89022,5.46795,-2.56865,0.602663,-1.77343,-0.0590826,0.889099,-2.59775,1.81339,0.385253,1.64874,0.715384,
1.41322,0.9811,-0.213202,2.14348,-4.37237,10.0422,-3.72295,7.01523,13.0851,0.0111318,-0.98262,1.28962,0,0,0,0,0,0,0,0,0,0,0,0,0.0281,0.849838,-1.82298,-0.0321722,0.883964,-1.86106,0.149058,0.61547,-1.60894,-0.152754,1.1127,-1.68442,0.0251857,0.991891,-1.87642,0.0367452,0.727332,-1.60751,0.0774808,0.726926,-1.23407,-0.148003,1.10759,-1.63131,-1.52979,4.70101,-1.92429,0.613214,-1.89291,0.0996659,0.859854,-2.55698,1.90949,0.178912,0.778224,0.83502,
1.46091,-0.302213,1.13208,0.63352,-2.3815,8.64491,-3.68112,7.40338,9.94165,1.58985,-2.62054,2.88243,0,0,0,0,0,0,0,0,0,0,0,0,0.00282521,0.937099,-1.85049,-0.0196589,0.84275,-1.85673,0.166753,0.57658,-1.57948,-0.151117,1.12032,-1.66942,0.0175781,1.01585,-1.84019,0.00887293,0.737541,-1.63379,0.0945163,0.703739,-1.28674,-0.108825,1.05977,-1.56551,-0.870797,3.45242,-0.720006,0.507754,-1.82687,0.272684,0.79166,-2.31702,1.76795,0.101811,0.198313,1.27396,
1.02385,-2.49406,2.99452,-1.13501,-0.434692,6.85927,-3.57607,6.93076,5.19852,3.17515,-4.1853,4.49458,0,0,0,0,0,0,0,0,0,0,0,0,-0.00619686,0.98194,-1.85364,-0.0123732,0.81449,-1.85165,0.177862,0.53242,-1.54576,-0.147849,1.11888,-1.64395,0.0124353,0.97775,-1.77167,-0.0284313,0.75945,-1.67206,0.106341,0.663056,-1.38377,-0.0603262,1.00859,-1.53039,-0.278563,2.32646,0.284052,0.492692,-1.76691,0.324089,0.715206,-1.70529,1.28083,0.325779,-0.226202,0.0478693,
0.318011,-5.94419,5.56835,-3.25384,2.05101,5.57937,-3.20205,5.38604,-0.301578,4.45178,-5.21646,5.52233,0,0,0,0,0,0,0,0,0,0,0,0,-0.00558873,1.00847,-1.82869,-0.00234699,0.778595,-1.84677,0.190235,0.509652,-1.52907,-0.13916,1.1122,-1.66355,0.00992552,0.868628,-1.632,-0.0710672,0.7841,-1.70435,0.118712,0.633986,-1.5158,-0.014598,0.966974,-1.55579,0.302559,0.350625,2.29926,0.505032,-1.83082,0.11737,0.341116,-0.412687,0.832756,0.530704,-0.592425,-1.21165,
-0.278629,-8.13311,9.44576,-3.95105,4.10572,2.86463,-1.97339,4.90227,-3.60502,4.77811,-5.7895,4.98422,0,0,0,0,0,0,0,0,0,0,0,0,0.00671,0.980586,-1.74878,0.0020191,0.736801,-1.84443,0.188637,0.520608,-1.53809,-0.124993,1.0888,-1.68878,0.0192346,0.728902,-1.45617,-0.107458,0.802604,-1.74244,0.121034,0.677745,-1.65423,0.00997109,0.912096,-1.58648,0.779615,-1.93427,2.2587,-0.428017,-1.47361,1.21502,-0.730718,1.3832,-1.04065,0.620461,-1.27878,-0.892214,
-0.438076,-9.85713,13.9121,-3.75663,5.71174,1.665,-0.0858005,4.5695,-4.16833,5.52302,-5.238,5.1266,0,0,0,0,0,0,0,0,0,0,0,0,0.0245217,0.946178,-1.7438,-0.014858,0.715537,-1.84381,0.162386,0.568461,-1.58859,-0.114031,1.05967,-1.70706,0.0337629,0.661091,-1.40246,-0.141481,0.849714,-1.78873,0.112607,0.760936,-1.77443,0.0325228,0.894526,-1.59875,0.807722,-1.54635,-0.258429,-1.30827,-0.344669,0.537954,-1.90537,3.1295,-3.26549,0.33913,-1.36769,-0.793958,
-1.16157,-11.2432,13.7941,-3.51178,5.78181,1.27223,0.781557,4.34567,-4.66768,5.50286,-4.90653,5.46938,0,0,0,0,0,0,0,0,0,0,0,0,0.0392756,0.919721,-1.74574,-0.0388271,0.719287,-1.83658,0.128548,0.625598,-1.64228,-0.107957,1.03751,-1.71915,0.0367823,0.594442,-1.39863,-0.166206,0.88595,-1.81069,0.0926086,0.839312,-1.86512,0.0409301,0.880948,-1.60137,1.06184,-1.76797,0.0903724,-1.58336,0.884735,-0.236464,-2.21915,4.20289,-4.24611,0.452639,-1.35598,-0.758167,
-2.8385,-9.51077,11.5341,-2.03227,3.83651,1.92089,1.40236,3.29394,-3.19503,5.25254,-3.11724,7.23478,0,0,0,0,0,0,0,0,0,0,0,0,0.0678662,0.87464,-1.73742,-0.0796982,0.767606,-1.82453,0.080548,0.730273,-1.75363,-0.0958322,1.00622,-1.73544,0.0339751,0.578519,-1.434,-0.180794,0.94082,-1.75986,0.0640017,0.937362,-1.96733,0.0509616,0.890364,-1.57234,1.48286,-2.33409,0.602334,-2.01158,3.09204,0.666106,-2.06421,4.98961,-5.3532,0.619216,-1.51701,-0.71072,
-4.01542,-6.35244,9.67066,-0.745019,2.22694,2.15973,1.17786,2.95029,-2.38774,4.71349,-1.95055,9.53967,0,0,0,0,0,0,0,0,0,0,0,0,0.10244,0.817859,-1.7196,-0.122308,0.843021,-1.80122,0.0450051,0.8331,-1.859,-0.0794161,0.969758,-1.74935,0.0417285,0.590813,-1.45399,-0.186868,0.988618,-1.70582,0.040341,1.02424,-2.04046,0.059358,0.877373,-1.52531,1.58697,-2.72942,0.95354,-1.83736,3.59694,1.65598,-1.36443,4.69512,-4.87062,0.837473,-1.74485,-0.577857,
-4.5324,-4.20208,9.43669,0.253723,1.41174,2.13783,0.795232,1.97214,-1.13061,3.66703,-1.44963,11.0916,0,0,0,0,0,0,0,0,0,0,0,0,0.136145,0.75665,-1.69514,-0.156955,0.914705,-1.77385,0.0236738,0.929606,-1.95414,-0.0581164,0.928683,-1.7596,0.0603006,0.582032,-1.42896,-0.184173,1.02361,-1.6986,0.0245559,1.08689,-2.08499,0.0605972,0.843028,-1.49092,1.49863,-2.78262,1.21035,-1.34243,2.94461,0.872406,-0.75995,4.31931,-4.10325,1.08152,-1.97655,-0.344124,
-4.94206,-4.53761,9.63234,0.739061,0.635359,1.56559,0.960417,1.08295,-0.703405,3.08684,-1.08538,11.5039,0,0,0,0,0,0,0,0,0,0,0,0,0.161625,0.705934,-1.67293,-0.175588,0.962109,-1.74501,0.0125403,0.999306,-2.01491,-0.0389483,0.890516,-1.76393,0.0729167,0.521568,-1.40058,-0.176203,1.03907,-1.67321,0.0212412,1.11954,-2.10954,0.0646778,0.807114,-1.47938,1.39375,-2.83703,1.26152,-0.763654,2.44297,1.30655,-0.61238,3.72639,-3.08182,1.05821,-2.25069,-0.121938,
-4.91684,-4.71153,9.4567,1.59723,-0.108512,2.69677,1.08859,0.320549,0.215944,1.91633,-0.610768,11.6278,0,0,0,0,0,0,0,0,0,0,0,0,0.190053,0.641873,-1.64399,-0.185123,1.00678,-1.72495,0.000962234,1.06926,-2.06756,-0.0175657,0.837885,-1.76414,0.0973625,0.449215,-1.37224,-0.152108,1.04466,-1.65842,0.0183598,1.14469,-2.10918,0.0532433,0.760618,-1.47156,1.20923,-2.99477,1.41332,-0.276622,1.62404,-0.0353133,-0.392684,2.69671,-1.88091,0.91603,-2.4799,0.075197,
-4.34264,-4.54677,7.90391,2.76674,-0.343919,3.93534,0.838957,-0.513722,1.36325,0.536294,0.602374,10.7396,0,0,0,0,0,0,0,0,0,0,0,0,0.212712,0.57328,-1.60967,-0.186161,1.02982,-1.71867,-0.00405576,1.11252,-2.09207,-0.000954576,0.781779,-1.76128,0.127477,0.378901,-1.36863,-0.115799,1.03613,-1.63555,0.014452,1.13716,-2.07244,0.0293521,0.731692,-1.48766,0.933247,-3.2284,1.7377,0.0477227,0.596566,-0.610717,-0.0986473,1.49909,-0.578045,0.675974,-2.60583,0.20514,
-3.4972,-3.30921,5.16311,4.30397,-1.62674,5.35015,0.290427,-2.6666,3.14578,-1.56673,1.82961,8.37082,0,0,0,0,0,0,0,0,0,0,0,0,0.230092,0.500224,-1.56688,-0.183161,1.03265,-1.73293,-0.00455502,1.13059,-2.09309,0.00976916,0.735825,-1.75768,0.160396,0.332364,-1.38464,-0.0677224,0.987164,-1.62063,0.00322419,1.07803,-2.00224,-0.0154126,0.718496,-1.54323,0.709366,-3.4052,2.12643,0.313593,-0.192668,-0.858119,0.0207416,0.564225,0.488297,0.55946,-2.52277,0.207058,
-2.71023,-1.07342,1.73723,6.1999,-5.04939,8.11307,-0.202113,-6.21777,5.5255,-4.51048,3.8796,4.49694,0,0,0,0,0,0,0,0,0,0,0,0,0.239393,0.446673,-1.53107,-0.176198,1.02097,-1.75752,-0.00335605,1.13131,-2.07253,0.0202287,0.689029,-1.75529,0.18493,0.336025,-1.43042,-0.0105407,0.870604,-1.5852,-0.00497501,0.959076,-1.88534,-0.080679,0.731822,-1.64223,0.531698,-3.35253,2.28904,0.426406,-0.965081,-1.22006,0.137355,-0.671504,1.96209,0.474177,-2.16787,0.0256856,
-2.33533,3.37021,-1.85602,6.93626,-8.67537,9.16236,-1.46139,-7.35672,6.96317,-5.71195,6.12078,1.09809,0,0,0,0,0,0,0,0,0,0,0,0,0.2468,0.373349,-1.48206,-0.162688,0.991556,-1.77994,0.00454602,1.07872,-1.98322,0.0215586,0.652414,-1.75723,0.188068,0.391458,-1.48755,0.0297648,0.742439,-1.56843,-0.0192842,0.806669,-1.68252,-0.136489,0.788236,-1.72224,-0.0139581,-2.64585,1.6363,0.761845,-1.2893,-0.701953,0.508183,-3.52542,5.06475,-0.609954,-0.687904,0.301491,
-1.97529,5.88937,-2.4345,5.24213,-8.49999,8.33954,-2.48041,-4.58956,8.12341,-4.04531,7.33917,1.26147,0,0,0,0,0,0,0,0,0,0,0,0,0.238016,0.339868,-1.47276,-0.138435,0.963491,-1.78886,0.0138115,0.979971,-1.84881,-0.00597167,0.662756,-1.76153,0.169473,0.478532,-1.55215,0.0274834,0.718862,-1.58339,-0.0381123,0.723325,-1.44718,-0.157973,0.889451,-1.73294,-0.76646,-0.342814,-0.741191,1.39459,-1.28515,-0.120841,0.403457,-5.67628,7.94188,-2.03474,1.72864,-0.117972,
-1.57066,7.94697,-2.76118,3.78814,-6.80963,6.53423,-2.56084,-1.36886,12.0134,-2.24689,7.30932,1.59574,0,0,0,0,0,0,0,0,0,0,0,0,0.225181,0.349213,-1.49732,-0.111185,0.943061,-1.78691,0.0173807,0.890013,-1.72138,-0.0444556,0.705214,-1.76586,0.156394,0.586562,-1.62498,0.0256205,0.740463,-1.61849,-0.0372891,0.732331,-1.24194,-0.167922,0.975759,-1.73923,-1.18083,1.54699,-2.34545,1.6841,-1.2943,0.202605,0.37405,-4.93841,7.16418,-2.69177,3.5125,-0.53059,
0.997598,8.778,-1.68932,5.52508,-2.74299,7.7275,-4.33395,3.86005,18.1468,0.192399,3.18871,2.21008,0,0,0,0,0,0,0,0,0,0,0,0,0.174332,0.419386,-1.57944,-0.0894778,0.907236,-1.79028,0.0419445,0.842245,-1.70651,-0.110359,0.815089,-1.76404,0.136965,0.719386,-1.72857,0.0558601,0.79568,-1.60977,-0.0409287,0.896651,-1.27828,-0.165226,1.02431,-1.70586,-2.49228,3.92216,-4.27578,0.28843,-1.71924,-0.507301,1.01902,-1.68377,-1.01759,-2.38707,5.18003,0.116747,
0.855129,7.05034,-1.00616,3.98607,4.10436,11.5383,-5.15936,12.722,18.5109,1.44687,-0.0295749,5.18933,0,0,0,0,0,0,0,0,0,0,0,0,0.129408,0.526752,-1.67772,-0.0844832,0.866176,-1.80429,0.0642674,0.795215,-1.72054,-0.144413,0.927427,-1.7394,0.107328,0.826752,-1.80395,0.0237307,0.921402,-1.53167,-0.0382043,1.05646,-1.26645,-0.130658,1.04995,-1.56561,-1.73832,6.069,-4.04313,0.342482,-1.89531,-0.633828,1.06049,-2.27211,-0.347538,-0.896713,4.93035,1.76228,
0.818442,3.11171,0.415273,1.41809,9.79357,12.9499,-5.60903,17.711,18.3662,3.40887,-2.87915,9.58514,0,0,0,0,0,0,0,0,0,0,0,0,0.10806,0.627293,-1.73315,-0.0776984,0.8363,-1.81312,0.0818616,0.761135,-1.72289,-0.153999,0.9946,-1.71044,0.0995947,0.871802,-1.82042,-0.0300239,1.03755,-1.49828,-0.0286847,1.06114,-1.27014,-0.081283,1.01088,-1.41515,-1.15706,6.66866,-3.90638,0.488896,-1.74355,-0.356329,1.18718,-1.55036,-0.255828,-0.500232,3.53042,2.22653,
1.41816,-0.381422,-0.2358,0.22647,9.85637,11.9893,-7.4173,17.0365,16.1679,4.1709,-2.22523,12.3664,0,0,0,0,0,0,0,0,0,0,0,0,0.084553,0.776608,-1.78887,-0.0671189,0.810239,-1.81685,0.112258,0.745645,-1.72979,-0.162399,1.03558,-1.6782,0.0970786,0.925051,-1.82815,-0.054749,1.04628,-1.51999,-0.0362385,1.04564,-1.33038,-0.0600305,0.99206,-1.34793,-0.917139,6.31912,-1.33526,0.268324,-0.414525,-0.114848,1.47742,-0.231722,-0.191837,-0.076141,0.484272,0.84455,
1.25425,-0.740794,-0.867735,0.778382,6.3382,9.10013,-7.3731,13.1771,12.1619,3.29551,1.45021,10.2972,0,0,0,0,0,0,0,0,0,0,0,0,0.0729877,0.892921,-1.81151,-0.0683418,0.824505,-1.802,0.133818,0.750847,-1.71584,-0.157981,1.02768,-1.66967,0.099112,0.966291,-1.84566,-0.0590794,1.01452,-1.54403,-0.0256797,1.05085,-1.39898,-0.0636162,1.03479,-1.39688,-0.209278,3.67559,-0.498603,-0.407887,1.26247,1.21851,0.993195,0.555373,0.512621,0.479086,-1.16598,0.614415,
1.01213,-1.48306,-1.09547,1.73782,2.72642,7.89253,-6.61495,7.46023,8.42502,1.99183,2.3795,5.29828,0,0,0,0,0,0,0,0,0,0,0,0,0.0714554,0.939477,-1.81593,-0.0766712,0.851872,-1.7825,0.146356,0.778498,-1.70231,-0.143685,0.993922,-1.65348,0.0962968,0.965559,-1.85042,-0.0480707,0.96289,-1.57474,-0.0171682,1.02249,-1.46301,-0.0765593,1.01855,-1.50612,-0.0184716,2.52636,-0.283931,-0.593796,1.71432,0.418004,0.0739819,2.29956,1.14732,0.693208,-1.39458,0.596188,
0.642984,-4.06251,0.421634,2.95142,-1.31278,6.96164,-5.81512,2.39822,6.67402,1.30813,-0.0682548,0.0979691,0,0,0,0,0,0,0,0,0,0,0,0,0.0717062,0.976443,-1.82292,-0.089681,0.88541,-1.75513,0.143131,0.83676,-1.69417,-0.132193,0.971374,-1.64552,0.0881376,0.898837,-1.82116,-0.0289514,0.880279,-1.56534,-0.00672051,0.964155,-1.54243,-0.0895453,0.952919,-1.63993,0.0142723,0.958268,-0.351405,-0.52224,1.10755,0.629866,-0.178945,2.6976,-0.604525,0.397775,-0.669951,0.125811,
0.480395,-4.9101,1.78228,3.45609,-2.98952,7.64555,-5.0622,-1.24341,5.18963,0.662198,-3.03205,-3.4825,0,0,0,0,0,0,0,0,0,0,0,0,0.0726871,0.972826,-1.8236,-0.0960952,0.889907,-1.74922,0.13452,0.886371,-1.69526,-0.122552,0.961786,-1.64678,0.0852145,0.818213,-1.76957,-0.012047,0.8001,-1.53796,-0.000502042,0.893451,-1.58231,-0.0957434,0.876695,-1.74415,0.0207022,-1.27443,0.378673,-0.0941612,-0.602742,0.804751,-0.338668,1.52664,-0.671619,0.410136,-0.371605,-0.412305,
0.491457,-2.9797,1.62585,3.71109,-2.51005,8.94521,-5.26176,-1.74253,5.79481,0.386453,-3.26363,-2.81713,0,0,0,0,0,0,0,0,0,0,0,0,0.0737916,0.933985,-1.80908,-0.0968536,0.878027,-1.74787,0.129254,0.899615,-1.70081,-0.114995,0.953038,-1.66709,0.0885554,0.781697,-1.73008,-0.00526525,0.797862,-1.53134,-0.00488389,0.854476,-1.56538,-0.0920783,0.84966,-1.78747,0.099094,-3.11179,1.53403,-0.0475535,-0.696556,-0.284128,-0.103768,-0.0630066,-0.377685,0.530201,-0.871502,-1.99808,
0.689068,-1.08207,2.1044,4.04348,0.470581,8.76499,-5.69463,0.398921,7.3726,0.814858,-0.785993,2.02096,0,0,0,0,0,0,0,0,0,0,0,0,0.076942,0.882439,-1.80027,-0.100708,0.864042,-1.75628,0.128408,0.8869,-1.70611,-0.102795,0.920357,-1.71769,0.0991121,0.807036,-1.7588,-0.008481,0.858252,-1.54827,-0.0164479,0.875293,-1.52742,-0.0669706,0.846293,-1.73704,0.197738,-1.93402,-0.44565,-0.354392,-0.702186,-0.444298,-0.0996221,-0.863193,-0.224907,0.618138,-2.17654,-2.79515,
1.26718,1.13227,0.747266,4.45571,2.93791,8.11593,-6.01546,3.05563,10.247,0.892768,1.5232,6.46005,0,0,0,0,0,0,0,0,0,0,0,0,0.0795066,0.842806,-1.80454,-0.112355,0.849549,-1.76579,0.124325,0.870225,-1.71669,-0.0865707,0.86311,-1.75473,0.112496,0.829524,-1.76909,-0.0143235,0.911233,-1.57269,-0.0300826,0.933943,-1.47641,-0.0428473,0.845044,-1.59917,0.0523974,-1.66358,0.670533,-0.534466,-0.470539,-0.392006,-0.16084,-0.506879,-0.635526,0.856165,-2.24583,-0.237418,
0.819821,2.03691,1.54614,2.9965,6.76984,8.20123,-6.33873,6.16048,12.8169,2.46149,3.90026,11.7438,0,0,0,0,0,0,0,0,0,0,0,0,0.0824609,0.817724,-1.79988,-0.119568,0.840248,-1.77433,0.123943,0.861983,-1.73252,-0.0770176,0.839096,-1.7678,0.109533,0.849136,-1.75841,-0.0471697,0.998383,-1.57962,-0.0317179,1.00675,-1.42906,-0.0125562,0.925446,-1.49665,0.26308,-0.780422,0.11268,-0.100582,-0.444431,-0.412766,0.11229,-0.369593,-0.678324,0.116972,-0.446261,-0.897646,
0.438187,2.34246,2.49164,1.83574,7.81303,6.89345,-6.13467,8.11709,13.483,3.36563,6.79657,14.9885,0,0,0,0,0,0,0,0,0,0,0,0,0.0885703,0.808084,-1.79972,-0.119993,0.835861,-1.78163,0.126204,0.856597,-1.74226,-0.0761023,0.83352,-1.78083,0.106145,0.86273,-1.74092,-0.0742762,1.03198,-1.62193,-0.0234378,1.0534,-1.41943,0.00882345,0.996793,-1.42403,0.264787,-0.156615,-0.139697,-0.00708369,0.0318577,-0.505619,0.148993,-0.24518,-0.569706,0.0314001,-0.265664,-0.716461,
0.234307,3.36695,3.70595,0.643718,5.85903,3.25188,-5.41287,9.95084,14.4599,3.94869,11.0558,18.7283,0,0,0,0,0,0,0,0,0,0,0,0,0.0922472,0.807838,-1.80099,-0.119377,0.849617,-1.78778,0.129215,0.854342,-1.75312,-0.0755861,0.829127,-1.79197,0.10301,0.893325,-1.70897,-0.097688,1.03621,-1.68061,-0.00396452,1.10395,-1.40229,0.0227205,1.10216,-1.33248,0.196186,0.0525306,-0.0249983,0.223838,1.60474,1.03485,0.0856919,0.0335899,-0.426716,-0.0164287,-0.134389,-0.348686,
0.0424707,3.91896,4.18617,-0.485079,1.80541,1.16308,-4.8916,11.0421,15.5138,4.1225,15.9701,24.6981,0,0,0,0,0,0,0,0,0,0,0,0,0.096501,0.815009,-1.7982,-0.11723,0.898585,-1.78707,0.132062,0.863795,-1.76293,-0.0759158,0.830327,-1.79608,0.101843,0.926095,-1.69111,-0.124166,1.01538,-1.7318,0.0122563,1.15949,-1.3859,0.0246808,1.13033,-1.18053,0.17121,0.524492,0.0970769,0.207668,2.86622,1.04792,0.0993577,0.785602,-0.432713,-0.0986316,0.216013,-0.0759768,
-0.565958,4.30625,4.99213,-1.56597,-0.931223,-1.32149,-3.90842,9.82605,14.7756,4.28451,21.0404,29.4352,0,0,0,0,0,0,0,0,0,0,0,0,0.100971,0.831322,-1.79236,-0.115647,0.956388,-1.77479,0.134875,0.8891,-1.76909,-0.0787887,0.833594,-1.78963,0.0933755,0.961604,-1.66373,-0.153931,0.990942,-1.79118,0.0403471,1.17389,-1.40118,0.0230833,1.13359,-1.03533,0.262154,0.905006,0.153034,0.0346324,2.31338,0.665893,0.127311,1.56546,-0.0593774,-0.209636,-0.0622459,0.736857,
-2.88985,6.1375,9.23605,-2.82149,-1.27414,-5.76001,-1.26076,5.28289,8.98101,4.77521,26.2254,30.9421,0,0,0,0,0,0,0,0,0,0,0,0,0.109139,0.853779,-1.78883,-0.11485,0.986055,-1.76387,0.134965,0.921276,-1.75427,-0.0829977,0.828811,-1.77086,0.0500301,1.03457,-1.54996,-0.185271,0.988888,-1.89921,0.105464,1.10824,-1.51537,0.0287871,1.12881,-0.955918,0.525478,1.09419,0.319018,0.00464571,1.38747,0.346529,0.0807329,2.19547,0.575007,-0.303817,-0.6341,1.65545,
-5.03509,9.02132,16.0865,-3.97828,-1.60095,-9.56103,1.3523,-2.92805,-3.6129,5.61772,27.9577,28.6821,0,0,0,0,0,0,0,0,0,0,0,0,0.118358,0.871123,-1.78701,-0.116927,1.00049,-1.77559,0.134491,0.976874,-1.71517,-0.0913833,0.807913,-1.72021,0.00494471,1.12861,-1.35943,-0.22146,0.967083,-2.07025,0.1699,0.966981,-1.76099,0.0381953,1.10791,-0.932891,0.498554,1.27837,1.01661,-0.203039,0.26451,-2.22525,0.064027,2.53233,1.77989,-0.434576,-1.14798,2.81091,
-7.92373,8.11959,19.7894,-4.12208,-1.16077,-7.42094,2.46685,-6.18102,-12.2184,6.70526,23.7116,21.8218,0,0,0,0,0,0,0,0,0,0,0,0,0.137907,0.902602,-1.77963,-0.127989,0.999174,-1.89719,0.133635,1.02674,-1.67793,-0.104246,0.78572,-1.64353,-0.037385,1.14027,-1.277,-0.253053,0.958198,-2.19719,0.196714,0.90106,-1.97793,0.045623,1.08572,-1.00897,0.912061,1.38731,0.315983,-0.880491,-0.478276,-7.09737,0.056313,1.15395,-0.845812,-0.710506,-0.582288,3.56089,
-8.48144,5.80493,16.9654,-1.70067,-0.109255,-5.33424,2.25368,-5.62072,-8.68973,7.35029,17.4226,14.3306,0,0,0,0,0,0,0,0,0,0,0,0,0.151006,0.929555,-1.76062,-0.157731,0.980642,-2.04147,0.139168,1.029,-1.75933,-0.121255,0.794384,-1.55668,-0.0505577,1.10619,-1.29829,-0.247983,0.94826,-2.34147,0.208502,0.866431,-2.05933,0.0358603,1.09438,-1.12206,0.418873,1.26035,1.52769,-1.90942,-1.18604,-7.3445,0.519712,-0.882235,-7.08683,-1.06567,1.16665,3.0542,
-7.75211,2.93952,11.2581,0.436082,-2.9966,-3.07427,1.49684,-6.10188,-5.60855,6.7168,10.1261,6.92459,0,0,0,0,0,0,0,0,0,0,0,0,0.153281,0.957836,-1.71539,-0.198983,0.961787,-2.14963,0.154158,0.99523,-1.87654,-0.136125,0.827469,-1.48896,-0.0434894,1.06416,-1.37364,-0.226678,0.861378,-2.40663,0.222134,0.767227,-2.17654,0.00883931,1.12747,-1.219,-0.118731,1.31355,2.41191,-1.54387,-1.01976,-7.20591,1.22222,-3.01825,-7.4665,-0.918242,2.90737,3.87364,
-6.02992,0.547326,8.27526,1.41475,-7.62976,1.60479,0.123853,-6.98554,0.0668449,5.78955,0.0679784,3.84194,0,0,0,0,0,0,0,0,0,0,0,0,0.145989,0.982933,-1.66705,-0.221133,0.936262,-2.30334,0.187874,0.899125,-2.02991,-0.149985,0.929537,-1.4108,-0.0211976,1.03238,-1.39009,-0.209391,0.702988,-2.4011,0.224741,0.603297,-2.18169,0.00280381,1.06707,-1.21188,-0.657553,1.43061,2.80309,-0.945064,-1.70121,-5.51538,1.35084,-4.84761,-6.13818,0.322013,5.43323,4.11508,
-4.43462,-2.46724,5.65884,0.682919,-5.96972,6.984,-1.63198,-5.38948,5.9163,5.35337,-4.56203,3.42372,0,0,0,0,0,0,0,0,0,0,0,0,0.131285,1.01309,-1.6068,-0.230813,0.854098,-2.38369,0.213157,0.759157,-2.13388,-0.138065,1.03982,-1.33928,0.00480992,0.984009,-1.40076,-0.214867,0.565707,-2.25871,0.193758,0.434243,-2.0644,0.011379,1.02642,-1.17937,-0.624375,1.30386,2.58268,-0.0450782,-5.56592,-1.98468,0.856055,-7.60707,-3.13706,0.624394,4.02642,2.97306,
-2.9346,-5.9864,2.30153,-0.0386348,-0.906695,9.86565,-3.53206,-0.0934391,9.7459,5.03893,-4.69445,1.44914,0,0,0,0,0,0,0,0,0,0,0,0,0.121363,1.0416,-1.55827,-0.225617,0.711709,-2.36733,0.219586,0.584359,-2.14399,-0.137328,1.09686,-1.29606,0.0418861,0.923438,-1.45613,-0.218624,0.508018,-2.03299,0.126291,0.371235,-1.84467,-0.0155602,1.01184,-1.2093,-0.244473,1.26005,1.78432,0.318349,-7.24093,3.50793,-0.199724,-8.43152,2.22678,-0.168217,1.29352,2.02134,
-0.604567,-7.44292,-3.13432,0.451169,5.49343,12.5964,-5.70296,12.2032,15.7567,3.83923,-5.47982,0.0440364,0,0,0,0,0,0,0,0,0,0,0,0,0.119371,1.0625,-1.53643,-0.218532,0.604437,-2.28525,0.206879,0.461598,-2.08079,-0.141753,1.11125,-1.26696,0.101655,0.908874,-1.5894,-0.200761,0.583785,-1.78264,0.0294281,0.587432,-1.52579,-0.0541402,0.990472,-1.22353,-0.104069,1.29774,1.01556,0.25968,-6.31952,7.50802,-1.39509,-7.16979,6.44311,-0.334728,0.648871,1.69337,
1.32282,-5.3351,-7.34003,1.77112,9.1189,9.06458,-4.45097,22.4791,20.0884,2.21731,-4.26902,-2.70674,0,0,0,0,0,0,0,0,0,0,0,0,0.119668,1.09254,-1.5316,-0.212106,0.502947,-2.08699,0.158237,0.354351,-1.89465,-0.148435,1.12161,-1.23326,0.158565,0.992538,-1.74012,-0.16011,0.666945,-1.59187,-0.0256395,0.654351,-1.11388,-0.101473,1.02482,-1.2662,0.233091,1.33518,-1.00081,0.30871,-2.55898,10.7402,-2.90409,-1.66442,11.1424,-0.338817,0.39716,1.38932,
1.39377,-1.38296,-6.83427,2.68938,4.61271,6.19957,-1.14345,11.7382,14.6801,0.0860873,-1.06201,-4.98194,0,0,0,0,0,0,0,0,0,0,0,0,0.131688,1.08664,-1.59119,-0.19672,0.502389,-1.8297,0.0899202,0.387743,-1.5558,-0.152713,1.1323,-1.21722,0.185719,1.02536,-1.88475,-0.100185,0.666647,-1.37258,-0.0161565,0.687743,-0.700133,-0.149917,1.11428,-1.34474,0.767474,-1.06819,-4.90806,1.17202,1.95764,12.0849,-3.09962,3.23972,19.5466,0.025734,0.341061,-0.11862,
2.96634,-0.333683,-3.63639,5.79547,3.05476,4.59058,-0.389563,24.5191,33.5,-0.33398,-2.09265,-3.00934,0,0,0,0,0,0,0,0,0,0,0,0,0.137686,1.03992,-1.72934,-0.178811,0.562519,-1.5871,0.0526392,0.434292,-1.47541,-0.154863,1.13947,-1.23807,0.207882,0.965009,-2.00755,-0.0203544,0.704832,-1.19721,-0.000505224,0.734292,-0.654522,-0.159901,1.09014,-1.38059,-0.158464,-2.6629,-7.49205,0.542801,2.63779,11.0049,-1.73621,1.8358,-1.42087,0.132435,0.119491,-2.69147,
2.64245,-0.829918,-1.50927,7.50692,5.40136,13.4493,-0.561732,30.078,33.3883,-2.21059,-0.384858,-4.58154,0,0,0,0,0,0,0,0,0,0,0,0,0.138165,0.98635,-1.85519,-0.176606,0.603727,-1.46064,0.0170338,0.440132,-1.51449,-0.141227,1.11885,-1.30808,0.218458,0.888655,-2.06982,-0.013706,0.783629,-1.10263,-0.0369425,0.740132,-0.705623,-0.16413,1.06426,-1.50029,0.569259,-3.07788,-7.07609,-0.99093,1.79472,0.870751,-1.59732,-0.80204,-1.03351,1.29447,-1.79869,-3.10685,
1.61256,1.45874,-0.688493,9.41745,7.79532,16.6899,-3.79932,32.9722,31.6405,-4.51796,0.0930042,-4.35654,0,0,0,0,0,0,0,0,0,0,0,0,0.161876,0.919513,-1.9866,-0.20841,0.642038,-1.52444,0.000253182,0.411605,-1.5114,-0.104584,1.07662,-1.38765,0.231658,0.8796,-2.12538,-0.00655879,0.877363,-1.19177,-0.098801,0.711605,-0.697313,-0.177815,1.03759,-1.61243,1.17873,-3.05526,-4.86238,-1.3434,1.61766,-3.38331,-0.162849,-1.38397,0.923205,1.58876,-1.6541,-4.63476,
2.11033,3.17177,-1.61801,9.78782,7.18715,12.3091,-5.45293,33.246,28.0601,-4.16384,-0.800391,-4.03371,0,0,0,0,0,0,0,0,0,0,0,0,0.17883,0.866178,-2.06624,-0.231875,0.6733,-1.57225,0.00376792,0.383034,-1.4747,-0.0881778,1.05299,-1.46312,0.241405,0.902292,-2.18171,-0.0103385,0.886005,-1.29463,-0.126094,0.683034,-0.717598,-0.180903,1.00077,-1.69653,0.392683,-1.72718,-3.0009,-0.926369,1.32104,-1.2043,0.258457,-1.23527,2.22383,0.454837,-1.28837,-5.30276,
2.25016,4.05878,-2.2635,9.40653,6.55704,8.85657,-5.82493,33.5,24.3946,-2.7958,-1.31394,-3.67985,0,0,0,0,0,0,0,0,0,0,0,0,0.18263,0.850628,-2.10711,-0.243246,0.693753,-1.57925,0.0097097,0.364685,-1.4337,-0.0956417,1.02642,-1.57296,0.243074,0.943955,-2.22888,-0.0220625,0.891166,-1.35979,-0.125739,0.664685,-0.753827,-0.188135,0.96251,-1.78727,0.167592,-0.32571,-2.60714,-0.55921,1.3395,-0.0781494,0.406993,-1.1154,2.80032,-0.903941,-1.24253,-4.89251,
1.6131,3.17336,-1.68702,8.34779,4.12138,7.55359,-5.54737,33.0565,18.6505,-1.40391,-2.19468,-3.41002,0,0,0,0,0,0,0,0,0,0,0,0,0.187323,0.866552,-2.16624,-0.248534,0.729688,-1.57481,0.0199458,0.342482,-1.36725,-0.124069,0.995988,-1.6805,0.2344,0.985728,-2.27689,-0.039206,0.882054,-1.37895,-0.106641,0.642482,-0.823065,-0.197301,0.902774,-1.89048,0.269969,1.5937,-2.7391,0.0253144,1.97327,0.280638,0.483921,-0.889673,3.11705,-1.52536,-1.53387,-4.98913,
0.891953,1.27944,-0.758302,6.45795,-0.0376935,6.17622,-4.74069,30.5329,12.7261,-0.16821,-2.44421,-2.50235,0,0,0,0,0,0,0,0,0,0,0,0,0.194387,0.914657,-2.22023,-0.236966,0.777003,-1.5521,0.0308749,0.328477,-1.30034,-0.158647,0.957269,-1.78484,0.223906,1.01183,-2.29903,-0.0543503,0.831737,-1.36121,-0.0756583,0.628477,-0.910551,-0.201493,0.845544,-1.9692,0.288777,2.6076,-2.39356,0.846675,2.22704,1.45923,0.479369,-0.36495,2.86554,-1.54564,-2.02479,-4.87212,
0.252018,-0.810595,0.818613,5.34879,-2.47985,5.38797,-4.46563,26.6158,8.50942,0.506467,-1.51173,-0.339529,0,0,0,0,0,0,0,0,0,0,0,0,0.201383,0.97035,-2.26274,-0.220957,0.816889,-1.51844,0.0424644,0.331618,-1.24702,-0.186811,0.906197,-1.88327,0.214859,1.00973,-2.28273,-0.0698419,0.786492,-1.33337,-0.0543567,0.631618,-0.987028,-0.198932,0.803374,-2.00482,0.287031,2.38561,-1.61841,0.695824,1.26397,2.01479,0.592788,0.708088,1.89023,-0.991295,-2.60121,-4.52245,
-0.219758,-2.08663,2.82745,4.40853,-4.56673,5.11019,-4.28403,20.545,4.63133,0.583389,-1.00004,1.16924,0,0,0,0,0,0,0,0,0,0,0,0,0.206012,1.0038,-2.28057,-0.210594,0.836915,-1.48365,0.0527302,0.357316,-1.21741,-0.198931,0.858017,-1.94828,0.207133,0.986448,-2.22029,-0.0844577,0.748372,-1.30589,-0.0449028,0.657316,-1.03643,-0.193663,0.764683,-1.99685,0.26461,1.39246,-0.416102,0.636922,1.02501,2.00032,0.378706,2.46136,2.60798,-0.372672,-2.73332,-3.11232,
-0.645227,-1.78818,4.70895,3.66619,-6.50722,4.06081,-4.31654,15.1021,4.59367,1.03275,-0.461001,2.60094,0,0,0,0,0,0,0,0,0,0,0,0,0.207949,1.01526,-2.26779,-0.197763,0.859021,-1.43863,0.0615563,0.428364,-1.19932,-0.201481,0.799412,-1.99174,0.191528,0.965896,-2.10856,-0.0921459,0.721545,-1.28512,-0.0399283,0.728364,-1.0751,-0.17515,0.723199,-1.95014,-0.0116073,-0.186328,1.66031,0.558492,1.00818,2.07958,0.257161,3.9045,0.375132,0.0205255,-2.58753,-0.936894,
-1.58419,-1.43227,7.49312,2.4749,-7.92712,2.57041,-3.23809,9.27376,2.9749,1.49852,-0.32127,3.28303,0,0,0,0,0,0,0,0,0,0,0,0,0.205977,1.00124,-2.21386,-0.186145,0.880327,-1.39815,0.0613826,0.517632,-1.18709,-0.196526,0.753258,-1.99072,0.162382,0.93778,-1.92612,-0.108731,0.709555,-1.28386,-0.0257677,0.817632,-1.10002,-0.147049,0.690481,-1.8847,-0.159587,-1.10602,4.01658,0.621681,1.09626,2.00134,-0.247925,5.09737,0.508083,0.48056,-2.18984,0.957931,
-2.64513,-1.27303,9.97198,0.551702,-9.35167,-1.44718,-0.907542,2.38567,-0.164186,1.72795,0.4652,4.62929,0,0,0,0,0,0,0,0,0,0,0,0,0.197038,0.970786,-2.09253,-0.171964,0.905912,-1.35691,0.0501329,0.6411,-1.1761,-0.178615,0.710958,-1.95051,0.116308,0.89887,-1.66279,-0.140177,0.702364,-1.34834,0.00373417,0.853615,-1.14339,-0.107306,0.678526,-1.76901,-0.584051,-1.60362,7.2175,0.719803,1.20975,1.7902,-0.948408,6.11495,1.47262,1.12441,-1.76246,2.63083,
-3.09094,0.785635,11.1292,-0.926654,-9.37891,-7.17921,1.32439,-3.65385,-3.25943,2.53944,3.68714,7.32549,0,0,0,0,0,0,0,0,0,0,0,0,0.178033,0.931674,-1.90039,-0.159767,0.929123,-1.3289,0.0249212,0.774371,-1.14566,-0.156657,0.686603,-1.90092,0.0729181,0.899327,-1.35476,-0.177532,0.699542,-1.48859,0.0284803,0.826982,-1.20625,-0.0545642,0.742657,-1.61537,-1.11366,-2.07954,10.6957,0.216073,0.195667,0.791443,-1.18203,5.75831,0.835877,1.54429,-1.44496,4.0965,
-2.32284,0.829779,11.5342,-1.4099,-10.3063,-8.65298,2.13501,-6.92576,-5.77136,1.16589,4.96938,5.57624,0,0,0,0,0,0,0,0,0,0,0,0,0.153802,0.896104,-1.69467,-0.161454,0.930643,-1.34115,0.00874801,0.859782,-1.13821,-0.111418,0.665313,-1.78488,0.0578648,0.865275,-1.06818,-0.20947,0.663662,-1.62289,0.0474347,0.780225,-1.29046,-0.0273545,0.785824,-1.49254,-1.51466,-2.06294,13.5252,-0.510756,-0.372969,-2.61676,-0.587543,3.74349,-0.318489,2.19665,-0.14894,6.11726,
-4.17877,-1.55807,17.773,0.559112,-7.9745,-5.35874,4.89908,-7.1912,-12.1158,2.48336,1.56635,7.93084,0,0,0,0,0,0,0,0,0,0,0,0,0.138347,0.916541,-1.56875,-0.192128,0.884018,-1.45075,-0.00294313,0.914355,-1.1751,-0.0728237,0.687012,-1.63204,0.0227981,0.956231,-1.12362,-0.228389,0.588538,-1.74357,0.103229,0.801611,-1.4751,0.0193117,0.775151,-1.25486,-0.443173,3.14567,0.0322324,-2.00952,-3.84472,-6.35427,-0.652202,2.68143,-2.57391,1.20206,1.95919,7.15636,
-2.98543,-2.54484,15.9756,1.87159,-5.52914,-1.95812,4.92612,-6.86201,-15.1023,2.4913,-2.81042,10.969,0,0,0,0,0,0,0,0,0,0,0,0,0.12291,0.986864,-1.5811,-0.226778,0.772377,-1.58227,-0.00936302,0.973416,-1.26176,-0.0509779,0.72802,-1.46607,0.0242727,1.01169,-1.19186,-0.211112,0.46707,-1.80297,0.127038,0.848022,-1.56176,0.0397892,0.701815,-0.941218,-0.960077,3.53773,-0.406177,-1.24494,-6.68314,-6.86983,0.529912,1.84625,-6.26059,1.13938,1.76218,10.0252,
-5.09112,-4.56458,9.85195,-0.436975,1.21453,2.44142,3.25278,-6.68583,-14.8918,4.3573,1.5744,18.4161,0,0,0,0,0,0,0,0,0,0,0,0,0.109148,1.05955,-1.57192,-0.22634,0.588498,-1.68762,0.0169289,0.967288,-1.37273,-0.044316,0.777277,-1.37687,-0.00992566,1.00702,-1.30875,-0.202287,0.405702,-1.75617,0.148671,0.767149,-1.67273,0.0572107,0.900705,-0.915953,0.32816,2.46335,0.674858,1.39911,-8.52637,-5.18318,2.01689,-1.31972,-6.614,-0.296233,3.3627,0.0203705,
-5.67799,-6.41333,6.50975,-0.89147,4.00085,7.60165,1.6548,-5.6319,-9.91731,4.03453,6.03822,15.9388,0,0,0,0,0,0,0,0,0,0,0,0,0.119509,1.09115,-1.55827,-0.197315,0.457548,-1.76577,0.0650264,0.893484,-1.50797,-0.0504825,0.834388,-1.39754,-0.00455832,0.971827,-1.37273,-0.1727,0.364972,-1.61443,0.160101,0.634191,-1.80797,0.0452132,1.03222,-1.01596,0.715298,1.64027,0.911598,1.87608,-7.70392,-1.54791,2.14817,-4.73982,-6.20253,-0.206699,1.87525,-0.675759,
-3.59861,-9.35023,-0.785943,1.12434,3.73441,13.2433,-0.304191,-3.40822,-1.42349,1.07933,6.52878,7.62702,0,0,0,0,0,0,0,0,0,0,0,0,0.131915,1.11852,-1.53364,-0.165461,0.327932,-1.74068,0.1053,0.768421,-1.6501,-0.0572156,0.870509,-1.39638,0.0513959,0.91005,-1.52124,-0.112128,0.314676,-1.31606,0.137584,0.52325,-1.85864,-0.0416043,1.0832,-1.19362,0.377854,1.01139,1.28224,1.009,-4.26463,3.7417,1.59556,-6.39864,-6.91818,-0.454884,1.97881,0.483587,
-1.6098,-10.9066,-9.7563,3.45774,8.23454,20.7618,-4.42619,3.29701,8.97824,-1.44259,-1.49865,0.411015,0,0,0,0,0,0,0,0,0,0,0,0,0.137909,1.13832,-1.50606,-0.157153,0.278248,-1.66032,0.133384,0.621995,-1.77909,-0.0690591,0.931007,-1.36895,0.106822,0.887872,-1.72189,-0.081324,0.468405,-1.13647,0.0515881,0.537488,-1.67742,-0.112743,0.981326,-1.28943,0.366334,0.888647,1.1232,-0.42458,-0.628253,0.191897,1.15435,-6.67729,-4.9113,-0.304781,3.51138,2.76996,
0.944439,-4.43836,-12.8572,3.115,14.4092,18.1206,-8.28778,14.7726,14.0524,-0.903828,-8.19092,-2.77154,0,0,0,0,0,0,0,0,0,0,0,0,0.143126,1.1465,-1.5131,-0.172389,0.286037,-1.68576,0.146884,0.518297,-1.82135,-0.0709229,0.994037,-1.29501,0.167475,1.01493,-1.8131,-0.11522,0.586037,-1.27097,-0.0537827,0.768847,-1.44606,-0.097575,0.868752,-1.27915,0.0295408,-0.824458,-3.20956,-0.828262,1.30664,-1.52911,0.261103,-4.75061,0.959002,-0.162253,3.17949,3.40582,
1.38731,-0.832041,-8.56831,2.73738,12.3039,11.5102,-5.6305,10.6107,13.5013,0.258175,-5.445,-2.29868,0,0,0,0,0,0,0,0,0,0,0,0,0.1478,1.1255,-1.64518,-0.179983,0.338211,-1.706,0.119938,0.495464,-1.69799,-0.0834468,1.0287,-1.24963,0.185946,1.05378,-1.94518,-0.1061,0.638211,-1.42847,-0.0839296,0.795464,-1.14589,-0.097537,0.890842,-1.27497,0.13853,-2.03677,-7.16573,0.217941,3.17225,-0.409025,-2.5242,2.69706,8.58259,-0.821784,-0.0691996,1.28496,
1.6605,-1.08622,-7.43182,3.26696,10.9141,8.94503,-4.07942,8.29821,21.0258,-0.331984,-5.38689,-3.53579,0,0,0,0,0,0,0,0,0,0,0,0,0.151681,1.06744,-1.79937,-0.164706,0.417861,-1.69613,0.0651466,0.600634,-1.51991,-0.0947043,1.02766,-1.24357,0.192223,0.971553,-2.09937,-0.0680307,0.717861,-1.45705,-0.0580411,0.900634,-0.930433,-0.106218,0.941668,-1.34423,-0.0388493,-2.74921,-7.38259,0.600071,3.78746,0.618082,-0.848083,5.1125,2.55345,-0.12856,1.94726,-0.490354,
2.7547,-2.83961,-6.21002,5.69394,12.5462,12.1894,-3.63703,12.108,28.0511,-1.23422,-5.11376,-6.86556,0,0,0,0,0,0,0,0,0,0,0,0,0.147229,0.999687,-1.9534,-0.161961,0.493438,-1.70167,0.0626621,0.686401,-1.54507,-0.097518,1.06885,-1.25427,0.210702,0.84232,-2.2534,-0.0252965,0.793438,-1.41866,-0.0277965,0.986401,-0.903362,-0.134728,0.993418,-1.45121,-0.215753,-3.45506,-7.26769,-0.227355,3.12063,-0.869209,0.0186837,4.11607,-2.38266,-0.254176,2.0965,-1.01215,
2.89724,-3.12304,-4.84672,6.40033,11.888,16.0533,-4.08283,12.7613,24.5396,-2.01375,-2.51573,-7.19959,0,0,0,0,0,0,0,0,0,0,0,0,0.147332,0.932075,-2.07548,-0.16966,0.544033,-1.72756,0.0627753,0.748007,-1.57317,-0.103093,1.09255,-1.29445,0.22555,0.747032,-2.37548,-0.021449,0.844033,-1.35674,-0.0370994,1.04801,-0.965585,-0.15636,1.03272,-1.56626,0.231482,-4.27869,-7.16996,-0.471883,2.66989,-1.22046,0.0878454,1.94088,-0.236109,-0.116935,0.122851,-3.67242,
1.88517,-2.79416,-0.964545,6.18617,10.5623,15.7662,-4.77612,11.039,19.4083,-2.17156,-1.50962,-4.06252,0,0,0,0,0,0,0,0,0,0,0,0,0.15871,0.827237,-2.23168,-0.178522,0.602238,-1.74705,0.0692258,0.783882,-1.55933,-0.104937,1.07619,-1.4146,0.223131,0.629359,-2.43459,-0.0314383,0.902238,-1.36439,-0.0374903,1.08388,-1.04748,-0.163504,1.01422,-1.68783,0.691668,-5.12097,-7.15195,-0.302823,2.7266,-0.459673,0.507472,1.74215,1.0657,-0.171122,-0.969381,-6.86675,
1.18658,-3.56896,1.18876,5.8206,7.62791,13.633,-5.4695,6.95492,13.3258,-1.30513,-3.14411,-3.68595,0,0,0,0,0,0,0,0,0,0,0,0,0.172706,0.727253,-2.34582,-0.183165,0.66047,-1.747,0.0824308,0.827128,-1.53203,-0.114471,1.04989,-1.54318,0.217923,0.508476,-2.43433,-0.0428733,0.928961,-1.39713,-0.0348536,1.06903,-1.16204,-0.164972,0.936815,-1.80139,0.622104,-5.18213,-4.72912,-0.208915,3.11171,0.36184,0.778119,2.72105,1.47381,-0.714934,-1.37881,-6.64252,
0.22501,-2.73455,3.57313,5.0226,2.6939,11.7205,-5.76659,-1.22059,3.46387,-0.203504,-5.14163,-1.41583,0,0,0,0,0,0,0,0,0,0,0,0,0.184638,0.61375,-2.41248,-0.185091,0.732584,-1.7288,0.0978591,0.898562,-1.47102,-0.133705,1.01015,-1.6777,0.204041,0.411126,-2.36509,-0.0568496,0.884809,-1.40587,-0.0364773,0.959361,-1.25691,-0.161708,0.823876,-1.86314,0.551107,-5.37041,-1.67751,0.107036,3.3951,1.19708,0.393139,3.65255,5.1002,-0.916609,-2.30917,-6.00142,
0.0880778,-0.247779,5.60718,4.86879,-0.549325,10.5821,-6.44627,-3.91982,2.38964,0.673932,-4.95244,1.15757,0,0,0,0,0,0,0,0,0,0,0,0,0.190287,0.521728,-2.41903,-0.183438,0.792023,-1.70252,0.107014,0.96274,-1.4202,-0.148963,0.95465,-1.76701,0.196499,0.384201,-2.25469,-0.0604278,0.856631,-1.39813,-0.0431154,0.937342,-1.30807,-0.149982,0.730012,-1.84676,0.160396,-5.25329,0.966565,0.051614,3.13364,1.59337,0.4411,2.90388,2.09556,-0.714714,-4.03306,-4.34768,
-0.229561,2.85255,5.73165,4.60441,-4.40827,10.2187,-6.63969,-6.48524,1.14795,1.03779,-1.32401,3.1955,0,0,0,0,0,0,0,0,0,0,0,0,0.190802,0.412759,-2.34969,-0.181558,0.861723,-1.66277,0.114563,1.01664,-1.37077,-0.156117,0.83043,-1.83141,0.182209,0.394041,-2.09755,-0.0651935,0.819815,-1.36618,-0.0432866,0.907188,-1.30242,-0.129864,0.651132,-1.78056,-0.114161,-3.60126,4.35401,0.0501779,2.73196,1.64511,0.325709,2.107,1.586,0.012337,-5.8479,-1.16133,
-0.357289,5.20826,5.82975,4.45554,-7.13687,9.29222,-6.48019,-8.01572,0.401915,0.868558,2.04758,3.78434,0,0,0,0,0,0,0,0,0,0,0,0,0.184698,0.364871,-2.2285,-0.181819,0.917711,-1.62682,0.121529,1.05927,-1.33736,-0.146278,0.705871,-1.82356,0.165461,0.468642,-1.91989,-0.0725274,0.79861,-1.35398,-0.0332489,0.902158,-1.28828,-0.103786,0.623315,-1.69117,-0.412194,-1.05742,6.51474,-0.0838656,2.3728,1.62154,0.289065,1.73126,1.56104,0.83115,-5.34984,1.51116,
-0.758531,9.85804,7.67516,3.79571,-7.366,6.18524,-5.57388,-8.14422,-0.324126,1.10888,5.61746,5.8946,0,0,0,0,0,0,0,0,0,0,0,0,0.175803,0.362877,-2.12549,-0.184512,0.953963,-1.60176,0.125379,1.08439,-1.31195,-0.128754,0.634336,-1.79216,0.141853,0.628012,-1.75011,-0.0951847,0.823759,-1.40813,-0.00852109,0.91643,-1.27851,-0.0691177,0.678027,-1.57414,-0.599473,0.747357,7.33996,-0.222634,2.15786,1.55979,0.217855,1.42566,1.66183,1.27657,-3.8698,2.8262,
-1.27746,10.1072,7.91351,3.37035,-10.3867,1.78962,-3.86372,-7.83477,-4.26999,0.466781,6.18191,5.36364,0,0,0,0,0,0,0,0,0,0,0,0,0.157432,0.431299,-1.92014,-0.192242,1.00332,-1.56702,0.128908,1.11453,-1.27135,-0.0924421,0.582086,-1.69053,0.101396,0.731299,-1.49572,-0.118209,0.793953,-1.49011,0.0341828,0.947311,-1.33709,-0.038469,0.723161,-1.4277,-0.963973,4.78756,9.063,-0.409046,2.01198,1.28689,0.0747312,1.14609,1.6407,1.69214,-0.538912,5.14979,
-3.40083,8.2556,8.58004,1.15744,-11.289,-2.64203,-1.57729,-6.72642,-8.24221,1.23143,8.14249,9.57023,0,0,0,0,0,0,0,0,0,0,0,0,0.137084,0.551872,-1.71703,-0.200065,1.04198,-1.54773,0.127784,1.12922,-1.25355,-0.0667268,0.592237,-1.62497,0.0344106,0.851872,-1.23855,-0.175345,0.793009,-1.60243,0.0868514,0.969419,-1.45626,-0.00679097,0.838259,-1.33807,-0.706101,5.66509,10.5595,-0.168673,1.33011,0.453734,-0.0600084,0.334289,0.133747,1.166,1.69838,1.90588,
-6.27052,8.76131,14.3506,-1.05181,-8.77413,-7.40468,1.9028,-5.59544,-10.5736,2.83331,12.2127,16.0801,0,0,0,0,0,0,0,0,0,0,0,0,0.128845,0.635047,-1.58443,-0.202839,1.0492,-1.54687,0.124669,1.13517,-1.28038,-0.0488792,0.636967,-1.6281,-0.0296142,0.935047,-1.14127,-0.239982,0.821114,-1.74893,0.159761,0.989338,-1.58038,0.034691,0.936967,-1.24467,-0.0678614,4.35664,3.37569,-0.433917,-0.349399,-0.677823,-0.499086,-0.238036,-3.27499,0.509492,2.04694,-0.742919,
-7.14899,6.66721,15.9446,-1.40267,-4.22872,-6.60869,3.28061,-3.06413,-10.369,5.57972,11.0761,20.3606,0,0,0,0,0,0,0,0,0,0,0,0,0.132439,0.721263,-1.6156,-0.218361,1.00543,-1.60121,0.11448,1.11824,-1.39921,-0.0494684,0.684516,-1.64377,-0.0453953,0.981953,-1.27963,-0.270863,0.815709,-1.87569,0.191904,1.00113,-1.69921,0.0785221,0.984516,-1.15207,0.0356356,3.76039,-2.50576,-0.697388,-3.36019,-4.37032,-0.183673,-1.62015,-6.89363,-0.460098,2.40728,-0.692286,
-7.13011,3.33395,11.6759,-1.23016,-2.08949,-2.96297,1.99147,-3.31544,-9.58164,6.29621,9.34659,20.7938,0,0,0,0,0,0,0,0,0,0,0,0,0.130777,0.8003,-1.65225,-0.225423,0.90842,-1.71921,0.12034,1.06034,-1.54901,-0.0643064,0.741865,-1.6548,-0.0482588,0.9707,-1.38474,-0.257224,0.736766,-1.95461,0.188818,0.902093,-1.84901,0.076523,1.04186,-1.14158,-0.0313349,3.48205,-0.97569,-0.041877,-4.77665,-6.45303,0.74764,-3.01424,-7.08976,-0.66303,2.68536,-0.264869,
-7.01922,0.676822,9.4756,-0.612717,-3.21142,0.0217891,0.888601,-4.88297,-8.02866,5.71508,8.54282,19.1662,0,0,0,0,0,0,0,0,0,0,0,0,0.130551,0.872379,-1.65717,-0.22329,0.800689,-1.84972,0.136042,1.00755,-1.65509,-0.0744185,0.785695,-1.65595,-0.0449604,0.966672,-1.41513,-0.233827,0.59662,-1.99593,0.184406,0.794106,-1.95509,0.0541047,1.06761,-1.17442,-0.00125509,3.09493,0.205767,0.191258,-4.95131,-5.87038,1.04595,-3.65484,-7.0448,-0.574152,2.73395,0.0951148,
-6.62472,-0.445847,9.09302,0.0356703,-4.80854,0.868412,0.360105,-5.42432,-3.75649,5.4009,7.90931,16.1717,0,0,0,0,0,0,0,0,0,0,0,0,0.130525,0.918912,-1.649,-0.219845,0.71956,-1.92092,0.156132,0.913116,-1.80357,-0.0854705,0.844003,-1.64692,-0.0351718,0.976739,-1.40455,-0.212581,0.461772,-1.99302,0.182253,0.652461,-2.06168,0.0380925,1.1052,-1.22563,-0.00313717,2.75891,0.684822,0.254902,-5.50297,-3.75243,0.684747,-5.00191,-6.56771,-0.458377,2.53846,0.679964,
-5.62961,-2.85362,8.59594,0.240753,-3.73701,3.29753,0.328671,-4.82736,1.43655,4.72915,6.0383,11.5016,0,0,0,0,0,0,0,0,0,0,0,0,0.13031,0.975013,-1.62819,-0.21145,0.587411,-1.97235,0.163966,0.785225,-1.93807,-0.0948499,0.898876,-1.62682,-0.0109483,0.963719,-1.38479,-0.192119,0.331912,-1.91892,0.175189,0.499883,-2.04956,0.0132206,1.1132,-1.31335,-0.0207265,2.40188,1.14021,0.532485,-6.48295,-1.16015,0.120247,-6.58634,-5.89627,-0.406333,2.53476,1.03736,
-4.54684,-5.04764,7.1614,0.196015,-1.70401,5.65623,-0.128925,-3.42034,4.09601,4.09339,3.07067,8.45229,0,0,0,0,0,0,0,0,0,0,0,0,0.128433,1.02906,-1.60429,-0.199611,0.477169,-1.97618,0.164714,0.665142,-2.01815,-0.102088,0.945624,-1.60621,0.0107431,0.955165,-1.38792,-0.177921,0.278026,-1.80868,0.161731,0.400587,-1.98772,-0.0101585,1.08959,-1.36493,-0.160772,2.09165,1.49336,0.67157,-6.26174,1.04363,0.00961221,-7.16184,-2.87883,-0.416209,2.68786,1.19906,
-2.87092,-8.66701,1.60404,0.521504,2.58319,8.29375,-1.42772,0.995817,6.50907,2.8638,-1.32413,4.31862,0,0,0,0,0,0,0,0,0,0,0,0,0.12373,1.06506,-1.56275,-0.183159,0.341853,-1.92064,0.161605,0.501682,-2.03753,-0.111749,1.01152,-1.56783,0.0446009,0.896637,-1.47682,-0.153925,0.281772,-1.61826,0.118839,0.366394,-1.85076,-0.0514462,1.04705,-1.42641,-0.294233,1.93028,1.833,0.647831,-4.98645,3.80184,-0.282928,-6.40735,0.961685,-0.451703,2.74535,1.33843,
-1.05589,-12.5049,-4.83988,1.48229,5.95501,7.43599,-2.43005,8.1493,7.79716,1.47898,-4.30299,1.86444,0,0,0,0,0,0,0,0,0,0,0,0,0.118586,1.10528,-1.52866,-0.170568,0.256326,-1.78718,0.147022,0.381344,-1.96663,-0.122435,1.06656,-1.54292,0.0886783,0.835712,-1.61922,-0.119843,0.334841,-1.40846,0.0595948,0.473382,-1.64875,-0.0973347,1.01393,-1.46701,-0.140404,1.72203,1.21761,0.546724,-2.8144,7.71278,-1.06702,-4.46778,4.91808,-0.474989,2.19801,1.172,
0.207124,-11.5563,-7.4768,1.95612,6.54032,5.01356,-2.59113,12.8482,8.50243,1.33839,-5.84418,0.077189,0,0,0,0,0,0,0,0,0,0,0,0,0.122153,1.12508,-1.52825,-0.156026,0.229565,-1.61053,0.113629,0.332351,-1.8354,-0.132848,1.10688,-1.5149,0.142599,0.836233,-1.75775,-0.0889442,0.392119,-1.25963,0.000246286,0.632351,-1.4343,-0.112803,0.998795,-1.4804,0.610733,0.00227847,-1.7034,0.727158,-0.0381776,9.02245,-1.94416,-0.126159,7.54136,-0.536569,1.5208,1.30265,
-0.214383,-9.09358,-5.86753,1.85192,6.4528,6.45368,-1.86698,10.7551,8.50793,1.61295,-6.21628,-0.803499,0,0,0,0,0,0,0,0,0,0,0,0,0.141152,1.10301,-1.58543,-0.139255,0.249385,-1.46331,0.0739138,0.366383,-1.69015,-0.141999,1.12767,-1.49166,0.172152,0.813861,-1.85194,-0.0688168,0.463675,-1.15327,-0.0298736,0.666383,-1.24342,-0.112208,0.99808,-1.48384,1.45436,-2.47243,-4.79278,0.965607,2.11878,5.94817,-2.28452,3.71427,9.36124,-0.421322,1.03255,1.11626,
-0.396068,-3.82881,-1.56959,3.13086,10.0078,12.439,-4.32569,12.9046,20.6131,0.108328,-6.10146,-4.891,0,0,0,0,0,0,0,0,0,0,0,0,0.171667,0.99198,-1.71222,-0.128607,0.32387,-1.50166,0.0468743,0.467225,-1.55648,-0.14164,1.14306,-1.47368,0.184142,0.728984,-1.90698,-0.0482427,0.62387,-1.29695,-0.0579089,0.767225,-1.06167,-0.132911,1.00435,-1.58235,0.895068,-6.69105,-6.2205,0.0837056,3.56723,-4.25062,0.134358,4.2382,-0.820402,0.240847,0.5533,0.544132,
1.56061,-1.62967,0.286956,5.07956,10.1166,11.7227,-4.58755,16.363,26.3442,-0.688841,-3.42571,-7.12438,0,0,0,0,0,0,0,0,0,0,0,0,0.170735,0.823804,-1.82825,-0.136544,0.397858,-1.59284,0.0543069,0.549118,-1.62446,-0.135241,1.1301,-1.49119,0.190445,0.584165,-1.93077,-0.0260484,0.697858,-1.39566,-0.0563013,0.849118,-1.04476,-0.146364,1.00565,-1.72471,-0.772208,-7.95589,-4.38774,-0.659723,3.31509,-3.83533,0.163218,3.12221,-3.15605,0.243932,-1.55261,-2.21645,
2.37851,-1.64862,0.236566,5.83861,9.07442,11.4579,-4.7426,17.8157,24.7415,-0.960963,-1.97258,-5.41358,0,0,0,0,0,0,0,0,0,0,0,0,0.154476,0.704596,-1.88131,-0.149645,0.448147,-1.64513,0.0554247,0.591146,-1.66288,-0.129122,1.09174,-1.54218,0.188892,0.479664,-1.93821,-0.0262315,0.748147,-1.43185,-0.0626304,0.891146,-1.0896,-0.140792,0.977028,-1.7989,-1.00189,-7.34865,-2.51282,-0.902079,3.0761,-2.9268,0.0203984,2.30803,-1.81045,0.49417,-2.61589,-4.85494,
2.2595,-0.453778,1.03823,6.28872,8.78551,11.1238,-4.82935,18.6309,22.8924,-0.93588,-1.14357,-0.967309,0,0,0,0,0,0,0,0,0,0,0,0,0.138248,0.554008,-1.91413,-0.170026,0.514663,-1.69756,0.0558948,0.634924,-1.68477,-0.118003,1.0278,-1.67628,0.183189,0.384313,-1.9092,-0.0349186,0.809883,-1.46832,-0.063208,0.934924,-1.12424,-0.130265,0.920473,-1.85648,-0.461855,-6.33401,-0.841008,-0.884423,3.02329,-1.95427,0.0652355,1.85052,-0.471146,0.445396,-3.14962,-6.24066,
1.83565,-0.587362,1.44657,6.42079,6.94382,10.9103,-5.12452,17.7286,19.7969,-0.740389,-2.10876,0.223884,0,0,0,0,0,0,0,0,0,0,0,0,0.134089,0.437833,-1.91938,-0.186885,0.582869,-1.73039,0.0594623,0.675974,-1.68658,-0.11126,0.956958,-1.7866,0.178786,0.308058,-1.87548,-0.043575,0.83665,-1.48672,-0.0632029,0.975974,-1.18773,-0.124629,0.82479,-1.88382,-0.0477622,-4.60363,0.309564,-0.688379,3.20739,-1.16343,0.217913,1.9387,0.157177,0.205634,-3.17798,-4.11271,
1.60879,-0.550513,1.18355,6.31905,5.72494,11.0379,-5.43633,16.076,17.522,-0.471796,-2.34217,1.10832,0,0,0,0,0,0,0,0,0,0,0,0,0.134515,0.368542,-1.90716,-0.197569,0.641639,-1.74545,0.0644299,0.712945,-1.68093,-0.109129,0.901068,-1.84088,0.177318,0.266321,-1.84829,-0.0519327,0.867393,-1.48457,-0.0633297,1.01295,-1.23373,-0.119697,0.759094,-1.86973,0.103347,-3.53833,1.17151,-0.493599,3.30519,-0.602402,0.325941,2.19297,0.365997,0.0490525,-3.33682,-2.26243,
1.33755,-0.321843,0.863595,6.08723,2.66411,10.7168,-5.81103,12.9004,15.1122,-0.208738,-1.54767,1.54421,0,0,0,0,0,0,0,0,0,0,0,0,0.137795,0.301643,-1.8735,-0.204954,0.714846,-1.75028,0.0732068,0.766938,-1.67278,-0.108704,0.821558,-1.86577,0.17466,0.228748,-1.81114,-0.0585101,0.865033,-1.48039,-0.0611952,1.06694,-1.28591,-0.113621,0.689996,-1.83548,0.137068,-2.59394,1.63072,-0.229461,3.34337,0.0787592,0.43495,2.67344,0.362367,0.0120417,-3.71478,-0.332778,
1.1542,-0.311272,0.817084,5.7894,-0.519733,10.7136,-6.00738,9.03309,13.107,0.0689823,-0.596508,1.68191,0,0,0,0,0,0,0,0,0,0,0,0,0.139808,0.259718,-1.84125,-0.208047,0.781309,-1.74351,0.0821117,0.826489,-1.66659,-0.107974,0.750076,-1.85934,0.17097,0.206709,-1.77771,-0.0654327,0.850771,-1.46251,-0.0565894,1.12649,-1.33298,-0.104523,0.646665,-1.79513,0.0922768,-1.80909,1.7245,-0.0848349,3.29822,0.526406,0.459339,3.25623,0.237378,0.069054,-3.53993,0.886283,
0.884518,0.0629777,0.976151,5.39988,-4.74756,10.6704,-5.78928,2.82584,10.0924,-0.0698127,0.37613,0.623274,0,0,0,0,0,0,0,0,0,0,0,0,0.141007,0.227131,-1.8026,-0.208905,0.858661,-1.72467,0.0917518,0.91368,-1.655,-0.103048,0.676449,-1.82878,0.164614,0.202365,-1.7381,-0.0727621,0.818288,-1.43201,-0.0469015,1.08604,-1.36641,-0.0964053,0.618783,-1.77224,0.059751,-1.05358,1.60408,0.0458402,3.13263,1.0361,0.243149,4.0686,1.45108,0.335525,-2.6828,1.63864,
0.700304,1.31849,1.36587,5.33317,-6.65846,10.3712,-5.71794,0.567249,10.0254,-0.217039,1.24165,0.37921,0,0,0,0,0,0,0,0,0,0,0,0,0.141441,0.209796,-1.76952,-0.20897,0.92339,-1.70576,0.0971539,0.976667,-1.64378,-0.0957052,0.640966,-1.80502,0.159068,0.226632,-1.6948,-0.0769274,0.825065,-1.41354,-0.0362467,1.08317,-1.38134,-0.0866291,0.622396,-1.75834,0.00476436,-0.645058,1.62284,-0.0514803,2.72547,1.31759,0.381912,3.69287,0.472283,0.580081,-1.98446,1.48826,
0.272483,3.89205,2.34376,5.14371,-7.42366,9.42055,-5.33415,-1.56176,8.60099,-0.510275,2.17234,0.154997,0,0,0,0,0,0,0,0,0,0,0,0,0.141441,0.203478,-1.74275,-0.210621,0.964309,-1.67388,0.105094,1.04819,-1.62883,-0.0796744,0.608165,-1.77741,0.148197,0.296608,-1.63692,-0.0854313,0.839489,-1.39947,-0.0199334,1.08201,-1.39041,-0.0716866,0.637581,-1.74743,-0.00226495,-0.166864,1.88905,-0.136123,2.43085,1.55579,0.333071,2.91431,0.935978,0.829785,-0.995707,1.04413,
-0.455885,6.5181,3.66013,4.82937,-8.62401,7.1329,-4.50521,-3.75324,5.88202,-0.726923,2.75411,0.319103,0,0,0,0,0,0,0,0,0,0,0,0,0.140554,0.216383,-1.69279,-0.214683,1.01344,-1.63719,0.111612,1.1054,-1.60224,-0.0599563,0.599717,-1.75892,0.126646,0.413482,-1.53896,-0.099513,0.84955,-1.41526,0.00553281,1.07047,-1.42006,-0.0549901,0.669618,-1.73309,-0.100421,1.36585,2.49276,-0.222572,2.0685,1.74432,0.262034,2.35571,1.40497,0.92557,0.0419208,0.714246,
-1.51658,8.53664,5.07426,4.04916,-10.3506,2.99597,-3.09521,-5.8089,0.476911,-0.549628,3.73631,2.37262,0,0,0,0,0,0,0,0,0,0,0,0,0.135843,0.267764,-1.63107,-0.220675,1.05488,-1.59898,0.115989,1.15025,-1.56682,-0.0407678,0.610365,-1.74563,0.0896716,0.564589,-1.41654,-0.126963,0.839723,-1.48108,0.0425823,1.05007,-1.51124,-0.0335358,0.726624,-1.67181,-0.33028,3.33637,3.50697,-0.300656,1.7441,1.72004,0.158926,1.8017,1.74629,0.83891,0.914054,0.580237,
-3.45186,12.8997,8.59688,2.98161,-11.5806,-2.77847,-0.90292,-8.63393,-5.40173,0.643945,6.78884,7.10223,0,0,0,0,0,0,0,0,0,0,0,0,0.129669,0.337566,-1.59022,-0.226963,1.08351,-1.56993,0.117857,1.17884,-1.53556,-0.0276945,0.633321,-1.73043,0.0387542,0.637567,-1.3933,-0.163446,0.830191,-1.60108,0.0954961,1.00138,-1.63202,0.000266381,0.849909,-1.53055,-0.184749,4.12089,-0.719979,-0.440896,1.4479,1.5324,0.00849701,1.53543,1.54324,0.474491,1.87467,0.8929,
-5.75411,15.3202,13.0452,1.48399,-9.07863,-7.08945,1.19478,-9.25091,-6.84145,2.98071,10.5968,14.9958,0,0,0,0,0,0,0,0,0,0,0,0,0.130639,0.428037,-1.65325,-0.238045,1.09292,-1.55491,0.117058,1.19272,-1.53571,-0.0266974,0.693518,-1.74109,-0.0101801,0.728037,-1.41225,-0.217321,0.851894,-1.74239,0.149184,0.967786,-1.7517,0.0437561,0.993518,-1.38571,0.121353,3.96371,-3.4051,-0.655034,-0.562618,-0.409954,0.0902601,0.253399,-1.79835,-0.162565,2.92992,-0.780739,
-6.30848,13.6815,14.2976,-0.264333,-5.10627,-6.65609,1.27114,-5.55368,-6.97856,4.81988,10.3034,19.7077,0,0,0,0,0,0,0,0,0,0,0,0,0.132948,0.511159,-1.7177,-0.245117,1.04722,-1.60875,0.12218,1.14984,-1.6124,-0.0326981,0.757515,-1.75419,-0.025386,0.811159,-1.42062,-0.248322,0.825008,-1.8784,0.166123,0.929896,-1.90896,0.0775704,1.05751,-1.27232,-0.0248894,3.64062,-2.41411,0.136097,-3.78205,-4.12966,0.486567,-3.24414,-4.88396,-0.409145,2.922,-0.43281,
-6.55424,9.85186,12.6768,-0.792972,-3.59169,-3.18712,0.547039,-3.68522,-4.05967,5.0456,7.68256,20.4017,0,0,0,0,0,0,0,0,0,0,0,0,0.130914,0.590329,-1.75656,-0.23161,0.937269,-1.72885,0.131727,1.04876,-1.74654,-0.0436279,0.82238,-1.75873,-0.0356085,0.890329,-1.47145,-0.229366,0.708336,-1.96986,0.154144,0.825019,-2.02749,0.0691836,1.0893,-1.2523,-0.106659,3.60832,-1.27259,0.882715,-5.56561,-6.45302,0.349635,-5.26428,-7.17851,-0.533139,2.9943,-0.14428,
-6.70772,7.66194,11.2485,-0.618877,-4.29713,-2.30376,0.505699,-3.83209,-1.49215,4.9544,6.78638,20.0518,0,0,0,0,0,0,0,0,0,0,0,0,0.128685,0.648763,-1.7708,-0.216343,0.84476,-1.82383,0.135469,0.960068,-1.85444,-0.0529701,0.871663,-1.75899,-0.0425095,0.933294,-1.50725,-0.205944,0.584346,-2.02654,0.15082,0.717603,-2.06271,0.0557705,1.11881,-1.25448,-0.140053,3.71929,-0.706323,1.03487,-6.11944,-5.80473,0.108357,-5.86654,-6.83849,-0.604782,3.09956,0.128803,
-6.29147,4.3182,11.0817,-0.854005,-3.68858,0.231,0.497975,-3.58664,2.43303,4.7933,5.5186,17.7126,0,0,0,0,0,0,0,0,0,0,0,0,0.126055,0.732084,-1.78122,-0.191785,0.70066,-1.93596,0.135507,0.821354,-1.98366,-0.0666907,0.939298,-1.75106,-0.0340727,0.935561,-1.51221,-0.184035,0.435226,-2.04132,0.146158,0.565347,-2.03987,0.0369197,1.15275,-1.29387,-0.11364,3.82089,-0.321229,1.16402,-6.9288,-4.44535,-0.0719381,-6.65362,-4.68147,-0.648888,3.0196,0.574933,
-5.60756,0.920268,11.6196,-1.34344,-1.66928,2.41035,0.598041,-2.94195,3.65814,4.88189,3.17156,13.9506,0,0,0,0,0,0,0,0,0,0,0,0,0.12285,0.821424,-1.78264,-0.166865,0.53713,-2.0069,0.132432,0.663957,-2.04088,-0.0833305,1.00994,-1.73101,-0.0212993,0.934142,-1.48826,-0.177375,0.324613,-1.99146,0.142996,0.42443,-1.96463,0.0205741,1.16049,-1.35585,-0.158412,3.58847,0.155671,0.923035,-6.83139,-1.79282,-0.175479,-6.63912,-0.608211,-0.725708,2.85042,1.05565,
-4.92144,0.0529447,11.3756,-1.5155,0.0855408,3.43382,0.246443,-1.50812,4.09359,4.9234,1.63446,11.6783,0,0,0,0,0,0,0,0,0,0,0,0,0.119899,0.877044,-1.77757,-0.154886,0.43481,-2.019,0.128931,0.561624,-2.03145,-0.0952336,1.05429,-1.71156,-0.00891268,0.96253,-1.48241,-0.179064,0.279516,-1.92691,0.129776,0.358466,-1.88162,0.00852316,1.1626,-1.38642,-0.23105,3.36651,0.430795,0.548383,-6.29732,0.250014,-0.212641,-6.6182,1.89953,-0.773126,2.69764,1.32749,
-3.88977,-3.37927,9.78993,-1.25108,2.39057,4.24655,-0.355449,1.87202,3.5998,4.93546,-0.69968,8.5167,0,0,0,0,0,0,0,0,0,0,0,0,0.114094,0.949355,-1.76541,-0.148251,0.316108,-1.98599,0.122355,0.426962,-1.96211,-0.112503,1.11118,-1.67825,0.0102003,0.94585,-1.50432,-0.176625,0.264352,-1.81928,0.103513,0.337029,-1.77419,-0.00853926,1.15648,-1.42464,-0.265979,3.23909,0.653449,0.116107,-4.46078,2.42181,-0.398239,-5.46938,3.917,-0.776903,2.51175,1.62766,
-2.48241,-7.38513,5.44458,-0.419431,4.00469,5.75757,-1.21688,5.86814,5.20158,3.96866,-3.13949,4.82293,0,0,0,0,0,0,0,0,0,0,0,0,0.110158,1.01867,-1.74867,-0.14747,0.249098,-1.91622,0.110551,0.337098,-1.87183,-0.127884,1.16421,-1.64026,0.0456739,0.910039,-1.59168,-0.158439,0.299094,-1.66866,0.0632006,0.408921,-1.62647,-0.0442827,1.14279,-1.47439,-0.0969711,3.03983,0.835127,-0.0193248,-2.00485,4.14459,-0.67712,-2.99524,4.61282,-0.624621,2.28294,1.81185,
-0.454315,-10.6504,-1.30601,0.731611,7.49043,6.162,-2.43021,13.7721,8.97018,2.74233,-4.50338,1.91346,0,0,0,0,0,0,0,0,0,0,0,0,0.110575,1.08139,-1.7319,-0.148136,0.231614,-1.8441,0.0971562,0.308764,-1.79752,-0.137006,1.19815,-1.60989,0.102642,0.880891,-1.74882,-0.130652,0.420481,-1.55007,0.0113632,0.608764,-1.43624,-0.0821444,1.13494,-1.51362,0.136986,2.63049,0.629408,-0.0322582,0.0642505,5.5994,-1.00151,-0.723877,5.48115,-0.547881,1.97498,1.93742,
0.702492,-8.76294,-6.51463,2.33874,8.66558,3.90206,-1.9708,16.1307,12.8243,1.46662,-4.24572,-2.8681,0,0,0,0,0,0,0,0,0,0,0,0,0.117606,1.10943,-1.72896,-0.146839,0.250219,-1.70976,0.0690921,0.336203,-1.65955,-0.147611,1.23552,-1.56642,0.154692,0.888202,-1.89022,-0.0820665,0.524479,-1.45135,-0.0166637,0.636203,-1.14975,-0.120617,1.16727,-1.59043,0.780929,-0.0863452,0.0640902,0.252185,2.30482,6.43435,-1.45943,3.51548,7.56777,-0.386871,1.51593,1.90761,
1.66888,-6.85348,-4.47259,4.24746,5.69283,3.90247,-0.774896,21.6502,24.1188,0.774281,-3.77751,-6.25952,0,0,0,0,0,0,0,0,0,0,0,0,0.136613,1.07148,-1.76523,-0.143006,0.329152,-1.58533,0.0465796,0.420071,-1.64424,-0.15454,1.2567,-1.53659,0.193498,0.803794,-1.95421,-0.0330702,0.58485,-1.35389,0.00277552,0.720071,-1.10789,-0.135173,1.16801,-1.68975,0.60652,-3.85388,-3.08662,0.149987,4.5351,5.35514,-0.977265,3.21204,-2.66465,0.000402067,0.230139,0.133089,
1.24812,-4.33131,-0.140093,5.39877,5.43658,11.3109,-1.24323,24.2235,23.6795,-1.50334,-2.3516,-6.61317,0,0,0,0,0,0,0,0,0,0,0,0,0.149031,0.945614,-1.85327,-0.147749,0.425395,-1.53858,0.0251634,0.467598,-1.69522,-0.138257,1.23696,-1.56335,0.202543,0.666722,-1.96586,-0.0368627,0.652556,-1.32914,-0.0195803,0.767599,-1.1472,-0.141818,1.1392,-1.8086,0.892365,-6.82438,-4.36347,-0.963294,3.64988,-2.93331,-0.546516,1.55313,-1.7585,1.36093,-1.55872,-3.19683,
0.824528,-2.56053,0.779811,5.88873,6.60188,13.4787,-2.73261,24.8319,22.8437,-2.5258,-1.71265,-4.55739,0,0,0,0,0,0,0,0,0,0,0,0,0.162596,0.833282,-1.9114,-0.165253,0.47996,-1.60808,0.0221989,0.48885,-1.71478,-0.114943,1.20376,-1.64466,0.202355,0.583202,-1.9632,-0.0456115,0.727306,-1.38601,-0.0459292,0.78885,-1.16617,-0.144357,1.10384,-1.88838,0.765819,-7.44266,-2.8519,-1.10307,3.29197,-4.59591,0.00748754,1.28354,-0.899234,1.34922,-2.28414,-5.19153,
0.842036,-0.879816,1.44344,6.12468,6.65902,11.1381,-4.01064,24.3087,22.1544,-2.04402,-1.98696,-1.51584,0,0,0,0,0,0,0,0,0,0,0,0,0.17102,0.658573,-1.94774,-0.187685,0.555689,-1.69584,0.0275386,0.522246,-1.72684,-0.0974872,1.14208,-1.78294,0.193397,0.46835,-1.92718,-0.0537768,0.799035,-1.48586,-0.0634646,0.822246,-1.17915,-0.143402,1.02318,-1.96235,0.0530557,-6.72911,-0.621168,-0.768342,3.07483,-2.73899,0.370508,1.51537,-0.246578,0.207426,-2.76891,-5.66048,
1.06646,-0.832987,1.39272,6.29054,5.71946,9.84686,-4.82496,23.5115,20.5612,-1.1978,-3.04366,-0.377172,0,0,0,0,0,0,0,0,0,0,0,0,0.167743,0.529871,-1.94432,-0.200846,0.622914,-1.73884,0.0380537,0.558006,-1.72775,-0.100924,1.07516,-1.88739,0.186778,0.376808,-1.89059,-0.056762,0.842532,-1.52928,-0.0702463,0.858006,-1.21065,-0.141448,0.916651,-2.00012,-0.305058,-5.28954,0.756713,-0.527175,3.06527,-1.46429,0.492961,1.69103,0.122715,-0.423155,-3.29679,-4.13202,
1.17343,-0.529316,0.846783,6.15863,5.02031,9.69335,-5.32304,22.5775,18.5817,-0.625366,-3.07775,0.872591,0,0,0,0,0,0,0,0,0,0,0,0,0.161099,0.437723,-1.92121,-0.208901,0.68401,-1.75982,0.0490088,0.593205,-1.72283,-0.111011,1.00216,-1.95072,0.18253,0.318345,-1.86203,-0.0626819,0.885691,-1.53709,-0.0696519,0.893205,-1.25002,-0.139649,0.823157,-1.99164,-0.316214,-4.24581,1.52023,-0.309867,3.04691,-0.783861,0.576607,1.81095,0.330816,-0.520122,-4.08256,-2.50971,
1.11063,-0.0961392,0.610035,5.9447,4.03995,9.73116,-5.67575,21.1593,16.9972,-0.256414,-2.37218,2.2032,0,0,0,0,0,0,0,0,0,0,0,0,0.155896,0.372535,-1.89393,-0.212745,0.738613,-1.76902,0.0601498,0.627347,-1.71598,-0.11857,0.925961,-1.98034,0.177614,0.287703,-1.83791,-0.0675023,0.915621,-1.53383,-0.0656003,0.927347,-1.28162,-0.134213,0.752729,-1.94646,-0.24191,-3.29714,1.63085,-0.135013,3.04035,-0.323591,0.645748,1.99961,0.377085,-0.369293,-4.55709,-0.848254,
1.02481,0.309594,0.724962,5.86781,1.14906,9.55625,-5.89665,18.4788,15.5417,0.0480973,-1.08252,2.89683,0,0,0,0,0,0,0,0,0,0,0,0,0.151083,0.313712,-1.86024,-0.214271,0.805423,-1.77006,0.0743557,0.675219,-1.70828,-0.123205,0.825647,-1.97682,0.171376,0.267035,-1.80583,-0.0684166,0.909808,-1.52638,-0.0574497,0.975219,-1.31204,-0.124291,0.686418,-1.87957,-0.213067,-2.17668,1.45123,-0.0336307,3.02632,0.190699,0.624435,2.34235,0.307651,-0.0915332,-4.48663,0.993179,
0.928829,0.483886,0.711396,5.76994,-1.872,9.54934,-5.93817,15.3187,14.1895,0.351029,0.132585,2.85061,0,0,0,0,0,0,0,0,0,0,0,0,0.146508,0.279437,-1.83111,-0.215264,0.87111,-1.76087,0.0868471,0.731167,-1.70245,-0.123246,0.737801,-1.93898,0.165792,0.262603,-1.7783,-0.0715598,0.897906,-1.50778,-0.047817,1.03117,-1.34243,-0.111988,0.648188,-1.80439,-0.157471,-1.15723,1.40111,-0.0217559,2.94387,0.574355,0.551609,2.72678,0.211139,0.099287,-3.71709,2.53279,
0.700083,0.450615,0.589909,5.49409,-4.35311,9.23415,-5.82033,12.6668,12.9948,0.500992,1.24358,3.05301,0,0,0,0,0,0,0,0,0,0,0,0,0.143663,0.264219,-1.80195,-0.215767,0.934749,-1.74473,0.0953116,0.776964,-1.69927,-0.119099,0.686954,-1.89565,0.158614,0.266533,-1.75324,-0.0785532,0.896546,-1.49136,-0.0369348,1.07696,-1.37089,-0.0973963,0.64564,-1.73864,-0.102047,-0.358051,1.35823,-0.00552622,2.82498,0.900796,0.530474,3.04975,0.140537,0.367126,-2.89617,3.22737,
0.57813,1.02705,0.875427,5.39207,-6.90154,9.28059,-5.87923,8.45514,11.9354,0.0299923,1.52944,1.43274,0,0,0,0,0,0,0,0,0,0,0,0,0.141578,0.261808,-1.779,-0.215957,0.984328,-1.72575,0.107398,0.854378,-1.69429,-0.105204,0.636718,-1.81629,0.15284,0.28704,-1.72206,-0.0812112,0.879081,-1.4632,-0.0271785,1.15367,-1.39153,-0.0856799,0.640224,-1.68972,-0.12765,-0.0177536,1.40188,-0.00223332,2.69168,1.22119,0.496185,3.51643,0.175174,0.750988,-1.38922,3.63,
0.326998,1.46434,1.39567,5.13806,-9.63573,8.95497,-5.44629,2.82333,10.3673,-0.544792,1.35711,-0.816131,0,0,0,0,0,0,0,0,0,0,0,0,0.13808,0.267193,-1.74644,-0.215683,1.04035,-1.69329,0.116481,0.941899,-1.68418,-0.0858283,0.621557,-1.73923,0.141665,0.316232,-1.67453,-0.0864793,0.859677,-1.42747,-0.0111692,1.12206,-1.40917,-0.0756398,0.649976,-1.68038,-0.183563,0.497199,1.48062,0.0300752,2.4087,1.67799,0.340274,4.38322,0.633037,0.952332,-0.220348,3.17039,
-0.585836,3.97361,3.15814,4.49357,-9.47773,8.37945,-4.74631,0.387956,9.56602,-0.254481,2.24485,-0.545886,0,0,0,0,0,0,0,0,0,0,0,0,0.134576,0.276955,-1.72379,-0.215635,1.07618,-1.66503,0.122643,1.00791,-1.67889,-0.072157,0.625167,-1.70863,0.116872,0.393787,-1.60382,-0.102667,0.889751,-1.40909,0.0146945,1.10992,-1.42881,-0.0639752,0.704971,-1.72338,-0.122329,0.699656,1.64041,0.0251553,2.02038,1.85848,0.428381,3.69246,0.437255,0.581751,0.947282,-0.0440857,
-1.91206,7.42214,5.484,3.4694,-9.47656,4.5374,-3.4334,-2.25522,5.08434,0.630743,2.73021,0.148621,0,0,0,0,0,0,0,0,0,0,0,0,0.132326,0.299536,-1.67972,-0.213616,1.11461,-1.61865,0.132773,1.07615,-1.65464,-0.066704,0.657756,-1.73622,0.0766699,0.522616,-1.48255,-0.125465,0.911364,-1.45427,0.0565048,1.07837,-1.49352,-0.0456335,0.760801,-1.7495,-0.314173,1.50106,2.40248,0.0566469,1.34665,2.03776,0.382685,2.34415,1.36043,0.212077,1.39159,-0.679794,
-3.92862,11.5697,9.44791,2.94162,-10.9551,-2.57724,-0.876458,-4.67229,-1.58127,1.75623,4.62387,5.48756,0,0,0,0,0,0,0,0,0,0,0,0,0.127239,0.357128,-1.67421,-0.21701,1.1416,-1.57274,0.136546,1.12162,-1.62136,-0.0591986,0.692458,-1.74014,0.0268685,0.657128,-1.48708,-0.153217,0.896826,-1.58416,0.112854,1.05289,-1.62152,-0.00684339,0.860878,-1.61481,-0.0862085,3.55963,-1.96272,-0.389931,1.16424,2.12027,-0.0712106,1.92304,1.57508,0.337981,2.1129,-0.474286,
-5.94557,15.4338,11.9354,1.4422,-10.7336,-8.63457,1.38865,-8.38851,-6.48681,3.79828,9.39528,13.359,0,0,0,0,0,0,0,0,0,0,0,0,0.127419,0.416748,-1.71181,-0.225225,1.15781,-1.54488,0.134178,1.14978,-1.59997,-0.0573984,0.73274,-1.75408,-0.0195434,0.716748,-1.47535,-0.20514,0.910593,-1.73764,0.167074,0.981203,-1.74459,0.0370852,1.03274,-1.4379,0.0670853,3.82077,-2.47688,-0.638821,0.844983,0.924355,-0.0727955,1.64544,0.702267,-0.0189354,2.78029,-0.71171,
-6.69737,16.1388,15.1409,-0.795214,-5.8878,-10.4795,1.69462,-6.98281,-9.1009,5.63783,10.0401,19.9827,0,0,0,0,0,0,0,0,0,0,0,0,0.130718,0.499274,-1.7605,-0.235556,1.14664,-1.55818,0.135461,1.16054,-1.609,-0.0596122,0.795409,-1.76273,-0.0327578,0.799274,-1.43013,-0.265094,0.965803,-1.85818,0.189642,0.98064,-1.89297,0.0778434,1.09541,-1.26629,0.15835,3.60383,-1.92612,-0.38633,-1.3457,-3.0419,0.472656,-0.213155,-2.25805,-0.139606,2.86103,-0.125308,
-6.73241,12.7969,14.0884,-1.27508,-2.93057,-6.27463,0.352193,-3.59183,-7.23819,5.77204,6.91634,20.9322,0,0,0,0,0,0,0,0,0,0,0,0,0.131824,0.576363,-1.79255,-0.235046,1.07438,-1.67987,0.149296,1.11105,-1.71033,-0.0647151,0.859541,-1.76291,-0.0366231,0.876363,-1.46647,-0.262763,0.897237,-1.97987,0.174304,0.936055,-2.01033,0.0723052,1.10623,-1.23726,-0.00548673,3.46885,-1.04503,0.166403,-4.15503,-7.09719,0.648142,-3.40808,-6.59053,-0.291224,2.95129,0.0939492,
-6.83206,8.97214,11.7552,-0.517345,-3.78459,-3.15608,-0.055834,-3.24201,-3.49504,5.13323,5.57154,19.2013,0,0,0,0,0,0,0,0,0,0,0,0,0.130848,0.653533,-1.80684,-0.229697,0.970426,-1.83503,0.158272,1.01786,-1.86375,-0.0710061,0.913289,-1.75914,-0.0407351,0.953533,-1.52301,-0.234142,0.749816,-2.09094,0.15977,0.820811,-2.1312,0.0475421,1.12649,-1.27006,-0.0312756,3.57278,-0.402094,0.339522,-5.0398,-7.08051,0.115728,-4.63988,-7.2031,-0.391301,2.95648,0.362007,
-6.71476,6.39865,11.2317,-0.0642304,-5.82757,-1.32444,0.398799,-4.28715,-0.103272,4.71158,4.61347,16.6854,0,0,0,0,0,0,0,0,0,0,0,0,0.130598,0.719243,-1.81093,-0.222194,0.877073,-1.94706,0.156615,0.931759,-1.98003,-0.0800872,0.977381,-1.74563,-0.0374504,0.972869,-1.53485,-0.21025,0.58975,-2.13256,0.158253,0.696462,-2.1446,0.026508,1.16363,-1.30767,-0.00716962,3.74639,-0.188538,0.541969,-5.66537,-6.09567,-0.333261,-5.12473,-6.47933,-0.447775,2.83638,0.83322,
-6.0997,2.90426,11.6149,-0.128462,-4.41334,1.96553,0.760538,-4.44221,3.1988,4.56644,2.54024,13.3685,0,0,0,0,0,0,0,0,0,0,0,0,0.130196,0.801526,-1.81161,-0.207299,0.729368,-2.05895,0.147861,0.80213,-2.09187,-0.0911306,1.03814,-1.72208,-0.0232652,0.966434,-1.51775,-0.190625,0.430812,-2.10984,0.157952,0.530406,-2.10004,0.00928847,1.16964,-1.35675,-0.0387331,3.69205,0.139277,0.795429,-7.52889,-4.00107,-0.356878,-6.42673,-3.52549,-0.549674,2.7199,1.24492,
-5.60053,1.49394,12.0726,-0.725295,-2.25608,3.61948,0.661117,-4.19481,4.67787,4.82745,0.713367,11.2681,0,0,0,0,0,0,0,0,0,0,0,0,0.128973,0.866252,-1.80573,-0.192108,0.594614,-2.10379,0.142561,0.687242,-2.1243,-0.101742,1.08575,-1.69622,-0.0134943,0.990378,-1.49269,-0.189402,0.34241,-2.04127,0.154218,0.409675,-2.01272,0.0034988,1.16677,-1.37453,-0.0981578,3.47109,0.448899,0.833527,-7.83206,-1.11879,-0.194856,-6.90785,-0.214451,-0.617826,2.52741,1.59955,
-4.76915,-1.86456,11.8528,-1.27554,1.17456,4.85339,0.0400192,-0.835039,4.22934,5.29795,-1.70962,8.37015,0,0,0,0,0,0,0,0,0,0,0,0,0.125217,0.940146,-1.79337,-0.175175,0.431403,-2.09219,0.138602,0.531242,-2.08578,-0.116656,1.13811,-1.65746,0.00029581,0.975257,-1.48063,-0.191045,0.287828,-1.92058,0.135032,0.329418,-1.89377,-0.00229835,1.15215,-1.40198,-0.227711,3.26901,0.656665,0.640764,-6.91756,2.01097,-0.182832,-7.2379,3.45116,-0.723633,2.27148,1.84889,
-3.45089,-5.53864,8.3673,-0.834108,3.38772,6.73359,-0.860752,3.06008,4.95177,4.85893,-4.07424,4.76187,0,0,0,0,0,0,0,0,0,0,0,0,0.120084,1.00979,-1.77592,-0.164805,0.313083,-2.02437,0.130492,0.395145,-1.99613,-0.132918,1.18642,-1.61594,0.0281741,0.947213,-1.54412,-0.179767,0.291578,-1.74772,0.0957054,0.335667,-1.74978,-0.0297844,1.13645,-1.44827,-0.225522,3.03573,0.904999,0.235638,-4.24794,4.33233,-0.530727,-5.43919,4.9025,-0.733571,2.07532,1.94503,
-1.59934,-8.28222,1.60482,0.0733501,7.39094,7.60584,-2.39609,10.5767,8.04961,3.75019,-5.82659,2.6,0,0,0,0,0,0,0,0,0,0,0,0,0.117589,1.05684,-1.76092,-0.162378,0.264261,-1.94541,0.119683,0.3266,-1.91615,-0.143787,1.2176,-1.58371,0.0753055,0.920753,-1.6977,-0.158934,0.393019,-1.5975,0.0391004,0.50627,-1.56981,-0.0658239,1.11741,-1.46738,-0.0919938,2.8389,0.923782,0.0644177,-2.24061,6.3106,-0.827217,-3.38987,5.80384,-0.631656,1.81907,2.05307,
-0.213427,-9.6999,-4.36218,1.88861,7.70405,3.83877,-2.09912,14.3409,9.04453,2.35553,-5.57296,-2.09773,0,0,0,0,0,0,0,0,0,0,0,0,0.122018,1.10965,-1.74636,-0.161229,0.256471,-1.76008,0.0897974,0.309692,-1.74602,-0.157392,1.25393,-1.53205,0.130092,0.891508,-1.84273,-0.110456,0.485849,-1.45772,-0.00362097,0.609692,-1.31953,-0.110637,1.1451,-1.52878,0.536393,0.974129,0.507432,0.142306,1.47111,8.25564,-1.63762,2.00069,8.0152,-0.485332,1.21955,2.22864,
0.908163,-7.50998,-5.11163,3.63789,5.41348,3.32559,-1.36351,18.459,19.3117,1.37955,-4.28093,-5.17688,0,0,0,0,0,0,0,0,0,0,0,0,0.138554,1.09264,-1.7673,-0.152808,0.322993,-1.5938,0.0577539,0.383945,-1.63743,-0.163482,1.27012,-1.50001,0.175555,0.818402,-1.93912,-0.0503188,0.559802,-1.33282,0.000996567,0.683945,-1.17307,-0.131999,1.16887,-1.61681,0.571874,-3.4595,-1.76156,0.461671,4.0589,7.1137,-0.906778,3.56744,-0.737369,-0.120233,0.230936,0.504724,
0.966492,-4.94701,-0.905266,4.47528,5.76901,8.05521,-1.62645,21.9736,23.8015,-0.0794122,-3.0338,-6.94639,0,0,0,0,0,0,0,0,0,0,0,0,0.152464,0.982624,-1.84185,-0.147227,0.390149,-1.51441,0.0443394,0.433149,-1.6766,-0.161892,1.26734,-1.51044,0.193259,0.693929,-1.95958,-0.040055,0.630147,-1.29262,-0.0122226,0.733149,-1.15369,-0.145417,1.16924,-1.73485,0.665309,-6.60082,-3.80402,-0.188392,3.83092,0.816454,-0.636035,2.66177,-2.88523,0.738429,-0.889999,-2.02996,
1.19984,-2.57209,0.766129,5.83194,5.76864,12.7916,-3.35618,23.232,24.6281,-2.19234,-1.92713,-4.94568,0,0,0,0,0,0,0,0,0,0,0,0,0.160067,0.86566,-1.89615,-0.164807,0.467252,-1.58863,0.038899,0.479223,-1.72758,-0.131167,1.22609,-1.58459,0.1984,0.602962,-1.94783,-0.0435899,0.6946,-1.37905,-0.0447186,0.779223,-1.15479,-0.146758,1.12296,-1.83215,0.33348,-7.93582,-2.83308,-0.983243,3.32531,-4.40849,0.0114741,1.78769,-1.71643,1.56868,-2.19815,-4.95663,
1.35898,-0.536416,1.25904,6.25547,6.38938,10.6363,-4.18037,23.9904,24.0686,-2.02017,-1.4601,-1.89852,0,0,0,0,0,0,0,0,0,0,0,0,0.161869,0.689628,-1.9317,-0.185712,0.536557,-1.67037,0.0421484,0.515422,-1.75137,-0.106596,1.16993,-1.71337,0.193585,0.486332,-1.91735,-0.0519015,0.77187,-1.47955,-0.05726,0.815422,-1.16549,-0.141966,1.06089,-1.91161,-0.090342,-7.5954,-0.68499,-0.903046,3.02317,-3.00331,0.204037,1.58509,-0.633582,0.605389,-2.90158,-6.03109,
1.48268,-0.449525,1.00381,6.58342,6.39031,9.57477,-4.80248,24.5721,22.9341,-1.43714,-2.28811,-1.01455,0,0,0,0,0,0,0,0,0,0,0,0,0.157552,0.548925,-1.93201,-0.202646,0.601053,-1.71888,0.0475465,0.543721,-1.75694,-0.102256,1.11452,-1.80646,0.189033,0.395552,-1.89273,-0.0556158,0.833652,-1.52735,-0.0646138,0.843722,-1.18552,-0.137174,0.977009,-1.95377,-0.22344,-5.68538,0.56716,-0.702219,2.91365,-1.91336,0.316071,1.55593,-0.077387,0.0404256,-3.21224,-4.87773,
1.42134,-0.483379,0.74669,6.67237,6.38434,9.46699,-5.28731,24.3343,20.8965,-1.00343,-2.5919,0.13083,0,0,0,0,0,0,0,0,0,0,0,0,0.154106,0.463054,-1.91818,-0.213565,0.65328,-1.74298,0.0559206,0.577791,-1.75283,-0.104238,1.04454,-1.89113,0.186177,0.341005,-1.87233,-0.060606,0.886028,-1.5347,-0.0661676,0.877791,-1.22076,-0.133975,0.895236,-1.9653,-0.138494,-4.39859,1.0876,-0.55403,2.92559,-1.13576,0.403779,1.53422,0.386368,-0.186052,-3.38019,-3.09754,
1.21654,-0.187175,0.333634,6.73372,4.66102,9.752,-5.67332,22.7074,18.0869,-0.717289,-2.72654,0.989115,0,0,0,0,0,0,0,0,0,0,0,0,0.152459,0.374686,-1.88913,-0.224366,0.724205,-1.76276,0.0666586,0.615931,-1.74011,-0.109208,0.980654,-1.93277,0.182262,0.292927,-1.85084,-0.0648798,0.915436,-1.53314,-0.0629413,0.915931,-1.27319,-0.131825,0.816533,-1.95014,-0.0244208,-3.0832,1.19792,-0.354263,2.98821,-0.56709,0.489323,1.68562,0.590108,-0.187378,-3.8383,-1.68368,
1.00876,-0.0488818,0.31481,6.53776,3.45897,9.72094,-5.91806,21.0547,16.1646,-0.451712,-2.00351,2.43708,0,0,0,0,0,0,0,0,0,0,0,0,0.152175,0.333718,-1.87192,-0.228763,0.772042,-1.768,0.0750039,0.645112,-1.73095,-0.111305,0.898125,-1.95288,0.177154,0.274554,-1.83606,-0.0702641,0.933392,-1.52849,-0.0593205,0.945112,-1.31411,-0.12558,0.752474,-1.89872,-0.00963165,-2.31769,1.11976,-0.197787,2.99504,-0.140608,0.545078,1.97478,0.508941,-0.119273,-3.82253,-0.270863,
0.770091,0.156314,0.46103,6.3178,0.655405,9.63638,-6.1602,18.0684,14.699,-0.039965,-0.817745,2.99168,0,0,0,0,0,0,0,0,0,0,0,0,0.151986,0.293553,-1.84938,-0.230976,0.837646,-1.76499,0.0874159,0.693838,-1.72188,-0.112759,0.815026,-1.93971,0.170683,0.261758,-1.81442,-0.0739739,0.928493,-1.51593,-0.0523196,0.993838,-1.34641,-0.114634,0.700492,-1.82734,-0.0221755,-1.42812,0.937137,-0.0377354,2.97847,0.326303,0.570777,2.42352,0.319829,-0.0350149,-3.76361,1.50323,
0.653741,0.241358,0.345514,6.00384,-0.908239,9.51272,-6.22261,15.6478,13.5802,0.564319,0.48655,4.0132,0,0,0,0,0,0,0,0,0,0,0,0,0.150375,0.27212,-1.83055,-0.231753,0.885271,-1.75781,0.0960628,0.735249,-1.7176,-0.112883,0.760462,-1.9092,0.164276,0.26109,-1.79889,-0.0822607,0.936393,-1.5058,-0.0461052,1.03525,-1.37353,-0.0983917,0.690044,-1.74367,-0.0977037,-0.68254,0.920727,-0.024155,2.95312,0.567311,0.535893,2.77299,0.182577,0.015326,-3.30329,2.60771,
0.615237,0.460922,0.707261,5.90652,-4.36896,9.5283,-6.43908,11.9439,12.4884,0.445449,1.11038,2.90387,0,0,0,0,0,0,0,0,0,0,0,0,0.147824,0.264736,-1.81521,-0.231993,0.95518,-1.73974,0.108449,0.806486,-1.71372,-0.107798,0.696542,-1.83661,0.158831,0.270895,-1.77597,-0.0844873,0.917672,-1.47838,-0.039994,1.10649,-1.39771,-0.0863563,0.673309,-1.67361,-0.174976,-0.214564,0.862411,-0.00630696,2.86862,0.926364,0.501346,3.15575,0.152086,0.412223,-2.03969,3.61607,
0.630172,0.308434,0.774844,5.85354,-7.56864,9.85159,-6.41687,7.42741,11.8723,-0.128476,0.856182,0.429177,0,0,0,0,0,0,0,0,0,0,0,0,0.143192,0.264229,-1.79353,-0.23201,1.01587,-1.71412,0.119081,0.88335,-1.71157,-0.0940411,0.665592,-1.74756,0.152975,0.274636,-1.74697,-0.0856052,0.892984,-1.43372,-0.0298518,1.16363,-1.41333,-0.0776912,0.663772,-1.63301,-0.238846,0.107868,1.08744,0.00265885,2.65304,1.36435,0.459553,3.78395,0.0570549,0.78247,-0.928966,4.15278,
-0.85475,1.81168,2.79089,4.51713,-7.79808,9.65406,-5.37335,2.30929,9.22882,0.176084,1.08849,0.288561,0,0,0,0,0,0,0,0,0,0,0,0,0.140839,0.267032,-1.77034,-0.228554,1.0673,-1.68022,0.127436,0.968071,-1.69992,-0.0831591,0.675311,-1.72249,0.121193,0.314363,-1.67237,-0.105304,0.92081,-1.39584,0.00251597,1.12494,-1.44823,-0.0749044,0.737824,-1.74367,0.0689279,0.0815504,1.1277,0.412889,1.93859,1.72116,0.376533,3.96562,0.838815,0.154105,1.41204,-1.13555,
-1.58338,6.16207,5.48044,3.76206,-7.18607,7.84261,-4.49122,-0.51268,8.66622,0.650191,1.31486,-2.02675,0,0,0,0,0,0,0,0,0,0,0,0,0.140723,0.268996,-1.74906,-0.220849,1.09341,-1.6509,0.1352,1.02627,-1.68981,-0.0822737,0.698066,-1.74102,0.094663,0.430257,-1.56217,-0.117194,0.950719,-1.40545,0.0351493,1.09442,-1.45417,-0.0649292,0.769107,-1.8202,-0.259017,0.288355,1.99488,0.384113,1.47834,1.97529,0.489187,3.23854,0.759202,0.043587,1.52681,-1.14067,
-1.38662,8.60107,5.5055,3.26422,-8.97308,2.98522,-3.10525,-3.26854,4.08625,0.685461,1.31423,0.121004,0,0,0,0,0,0,0,0,0,0,0,0,0.124239,0.29535,-1.67647,-0.216862,1.12311,-1.60354,0.142434,1.08495,-1.65846,-0.0752514,0.731354,-1.76572,0.0619098,0.568157,-1.42802,-0.133904,0.930627,-1.47326,0.0720662,1.06357,-1.52123,-0.0427352,0.805053,-1.80733,-1.10654,2.3112,4.43272,0.0540937,1.27377,2.2259,0.290532,2.41339,1.40299,0.615187,1.63373,-1.78548,
-3.76361,12.5595,10.4082,3.02892,-10.8146,-4.84622,-0.0500754,-5.94071,-2.84989,2.04871,4.87118,7.78213,0,0,0,0,0,0,0,0,0,0,0,0,0.11267,0.3778,-1.68409,-0.223639,1.15144,-1.55203,0.142588,1.13543,-1.62477,-0.0601333,0.767009,-1.79884,0.0117323,0.677801,-1.48837,-0.162143,0.908649,-1.62139,0.133735,1.03424,-1.6584,0.00588249,0.924265,-1.62199,-0.273901,3.94662,-2.57941,-0.569072,1.10307,2.07203,-0.30406,1.8931,1.50471,0.591921,1.41907,-0.70811,
-4.78495,14.087,11.9206,1.52155,-9.09387,-8.60289,1.64981,-8.3636,-7.95127,3.26587,7.1909,13.0323,0,0,0,0,0,0,0,0,0,0,0,0,0.106563,0.457643,-1.73608,-0.236712,1.16266,-1.53466,0.137562,1.16077,-1.60846,-0.0486775,0.792742,-1.78112,-0.01957,0.757643,-1.49853,-0.211492,0.925779,-1.76565,0.177801,0.974944,-1.80165,0.0555029,1.02512,-1.37042,-0.26039,4.03888,-2.41868,-0.512722,-0.38143,-0.636901,-0.0402566,0.930492,0.223736,0.901345,2.10404,3.39582,
-6.68753,13.7148,15.3379,-1.09535,-5.12183,-9.90271,1.50144,-6.28825,-9.91579,5.49054,7.86238,21.9806,0,0,0,0,0,0,0,0,0,0,0,0,0.107924,0.541442,-1.78137,-0.243746,1.14966,-1.57002,0.142829,1.15933,-1.63328,-0.0432623,0.851023,-1.75993,-0.052287,0.841442,-1.44282,-0.270104,0.965894,-1.87002,0.196385,0.979818,-1.93328,0.092747,1.1263,-1.22124,0.279073,3.59377,-1.79587,0.0410042,-2.2288,-4.04285,0.640791,-0.892323,-3.39035,-0.0501702,3.14887,-0.433321,
-7.34071,11.82,15.0876,-1.81664,-1.25311,-6.83343,0.630576,-2.51717,-7.99811,5.80979,6.06283,23.1544,0,0,0,0,0,0,0,0,0,0,0,0,0.113252,0.596675,-1.80519,-0.233806,1.06328,-1.69001,0.157067,1.09282,-1.73527,-0.0457975,0.915024,-1.76858,-0.0626425,0.896675,-1.45811,-0.270567,0.925869,-1.99001,0.183952,0.930972,-2.03527,0.0941877,1.13616,-1.19337,0.304946,3.41012,-1.20449,0.346208,-4.2434,-6.61074,0.444851,-3.95665,-6.15508,-0.210379,2.78255,-0.146149,
-6.88863,8.32139,13.3229,-0.780944,-3.07587,-2.94511,0.343315,-2.70296,-2.94837,5.16752,4.77763,19.8698,0,0,0,0,0,0,0,0,0,0,0,0,0.117196,0.678911,-1.82261,-0.226871,0.958436,-1.85846,0.159709,0.988863,-1.90539,-0.0548515,0.979788,-1.76155,-0.0530362,0.973211,-1.499,-0.240044,0.775726,-2.10771,0.165959,0.808302,-2.15514,0.0624193,1.1639,-1.24721,0.0793313,3.45063,-0.378302,0.254043,-4.23255,-7.02511,-0.093346,-4.5195,-7.0419,-0.476688,2.58694,0.703908,
-6.26399,5.64449,12.3963,-0.0566451,-5.80558,-0.720327,0.712109,-4.14286,0.84335,4.58696,4.40946,15.84,0,0,0,0,0,0,0,0,0,0,0,0,0.117971,0.749459,-1.8256,-0.221461,0.870022,-1.9842,0.155188,0.895434,-2.03191,-0.0655684,1.02996,-1.74047,-0.0382513,0.980716,-1.51609,-0.213837,0.602966,-2.15103,0.163836,0.668427,-2.16211,0.0344593,1.20143,-1.31175,0.0150831,3.60578,-0.0161087,0.361625,-4.87668,-5.95275,-0.366208,-4.93743,-6.05139,-0.585857,2.44914,1.30909,
-5.63408,2.47218,11.9601,0.10065,-5.4008,2.12485,0.856659,-5.08575,3.32971,4.33202,2.04768,11.7407,0,0,0,0,0,0,0,0,0,0,0,0,0.118046,0.828005,-1.82003,-0.21152,0.747362,-2.08517,0.149304,0.779106,-2.12658,-0.0790979,1.08346,-1.70559,-0.0230677,0.977012,-1.50861,-0.195005,0.45031,-2.11888,0.167881,0.506586,-2.10927,0.0132001,1.19593,-1.36804,-0.0104654,3.48807,0.496508,0.559977,-6.48127,-3.47324,-0.113571,-5.81504,-2.63726,-0.640106,2.45111,1.76126,
-5.17777,1.4636,11.5931,-0.353483,-3.1209,4.00146,0.645914,-4.83477,4.78841,4.55012,-0.0193968,9.76892,0,0,0,0,0,0,0,0,0,0,0,0,0.117195,0.882369,-1.80892,-0.201396,0.639364,-2.12093,0.148204,0.684511,-2.14601,-0.0897405,1.12187,-1.67461,-0.0148624,1.00109,-1.49869,-0.194329,0.377742,-2.04753,0.163696,0.400042,-2.02273,0.00690074,1.17828,-1.37774,-0.104527,3.28544,0.816228,0.636169,-7.34397,-1.06579,-0.0262192,-6.54402,0.142834,-0.684466,2.27562,2.10564,
-4.12511,-2.66794,10.292,-0.952234,1.20917,5.75648,-0.299292,-0.8468,4.45576,4.87974,-3.03523,6.1336,0,0,0,0,0,0,0,0,0,0,0,0,0.112663,0.958251,-1.78652,-0.185551,0.463303,-2.10066,0.147708,0.515159,-2.09283,-0.10661,1.17108,-1.61973,0.00365052,0.968727,-1.50403,-0.192967,0.324145,-1.89969,0.138452,0.316961,-1.89096,-0.00235672,1.1431,-1.40791,-0.235409,3.08698,1.00784,0.655566,-6.77549,2.28197,-0.0709628,-7.0811,3.61879,-0.709617,1.91606,2.33903,
-2.67261,-6.50546,5.6196,-0.318885,4.01705,8.08639,-1.49345,3.80783,5.60472,4.01478,-5.79191,2.42343,0,0,0,0,0,0,0,0,0,0,0,0,0.107555,1.0238,-1.76284,-0.174133,0.347072,-2.02324,0.141128,0.381979,-2.00023,-0.122087,1.21191,-1.56955,0.0353972,0.931937,-1.59474,-0.175328,0.341771,-1.69258,0.090483,0.342224,-1.72989,-0.0387828,1.11006,-1.45239,-0.213689,2.83077,1.10453,0.271083,-4.22912,5.14002,-0.532359,-5.39806,5.20864,-0.682632,1.71786,2.26298,
-0.894119,-10.3014,-0.972758,0.961063,7.63167,6.59062,-2.35737,11.2465,7.10029,2.84086,-7.27773,-0.392957,0,0,0,0,0,0,0,0,0,0,0,0,0.105367,1.07724,-1.74342,-0.17105,0.290968,-1.88719,0.12352,0.303451,-1.88066,-0.134646,1.2421,-1.52429,0.0823632,0.882572,-1.74736,-0.145172,0.439703,-1.51073,0.0339111,0.519799,-1.5317,-0.0783888,1.09234,-1.47743,-0.0260225,2.5147,0.815216,0.0740581,-1.68227,8.46768,-1.22699,-2.59259,6.85812,-0.590569,1.28765,2.26742,
0.178644,-8.55104,-5.92773,2.21357,9.12648,4.55003,-2.35305,15.9904,10.4936,1.94497,-6.57409,-3.35669,0,0,0,0,0,0,0,0,0,0,0,0,0.112351,1.10951,-1.73819,-0.167522,0.286505,-1.73599,0.0958295,0.293378,-1.75638,-0.144428,1.26104,-1.48531,0.133553,0.871542,-1.88264,-0.103496,0.540213,-1.39477,-0.00673541,0.593378,-1.2956,-0.108247,1.11824,-1.52017,0.669436,-0.967778,0.149694,0.347468,1.02184,9.09906,-1.74954,1.5012,7.93736,-0.497736,0.861988,1.96243,
0.529405,-7.54301,-5.00272,3.24431,5.92973,4.40628,-1.30213,16.8444,17.4226,1.39066,-4.60112,-5.09172,0,0,0,0,0,0,0,0,0,0,0,0,0.130716,1.08273,-1.77033,-0.153719,0.344268,-1.55894,0.0575978,0.365574,-1.61961,-0.152071,1.26851,-1.45943,0.167416,0.808788,-1.96374,-0.053462,0.590582,-1.26464,-0.00257854,0.665574,-1.15401,-0.125172,1.15677,-1.58408,0.938619,-3.41483,-2.73394,0.765984,3.92283,7.36576,-1.10492,3.48746,1.20127,-0.3147,0.131686,0.105642,
1.13444,-3.69033,-0.630273,4.91753,6.63673,11.87,-3.15247,21.0337,24.8727,-1.16575,-3.20324,-6.53411,0,0,0,0,0,0,0,0,0,0,0,0,0.145157,0.9616,-1.85197,-0.153808,0.429766,-1.54316,0.0465892,0.433127,-1.6666,-0.144133,1.25077,-1.49009,0.185761,0.701371,-1.97864,-0.0437578,0.686656,-1.3419,-0.0323357,0.733127,-1.11817,-0.149562,1.1412,-1.72109,0.489712,-6.7188,-4.43677,-0.515508,3.63887,-3.81955,-0.00452616,2.65644,-2.93553,0.948579,-1.17966,-2.70598,
1.70439,-2.11179,0.749928,5.74719,6.20992,11.5659,-4.16625,22.7806,25.4301,-2.13616,-1.8663,-5.4147,0,0,0,0,0,0,0,0,0,0,0,0,0.148605,0.833423,-1.92066,-0.165718,0.491926,-1.61991,0.0500929,0.47417,-1.71049,-0.123032,1.21613,-1.55681,0.191939,0.593451,-1.97698,-0.0420393,0.730765,-1.43417,-0.0490666,0.77417,-1.12296,-0.150788,1.11305,-1.82299,0.0289473,-7.48708,-3.00292,-0.800027,3.34361,-4.1362,0.199872,2.03338,-1.92874,1.02594,-2.25673,-5.23253,
1.78011,-0.650734,1.17085,6.49288,6.35868,10.201,-4.46967,24.1613,24.4164,-1.60899,-1.1904,-1.79015,0,0,0,0,0,0,0,0,0,0,0,0,0.146945,0.671298,-1.95813,-0.185639,0.561543,-1.69417,0.0534047,0.513274,-1.73674,-0.110855,1.15723,-1.69582,0.189147,0.4801,-1.94888,-0.0467937,0.796192,-1.50748,-0.0550457,0.813274,-1.14267,-0.146336,1.05282,-1.90505,-0.0920403,-6.9972,-0.800982,-0.939069,3.02726,-2.73315,0.131657,1.60773,-0.653504,0.189753,-2.98598,-6.57886,
1.61929,-0.454195,1.13595,6.71303,6.90616,9.43985,-4.91232,25.1103,22.7561,-1.24853,-2.09519,-0.920772,0,0,0,0,0,0,0,0,0,0,0,0,0.145831,0.541181,-1.96339,-0.19921,0.608519,-1.72895,0.0568879,0.537693,-1.74151,-0.109788,1.10754,-1.7864,0.185932,0.397366,-1.9307,-0.0514478,0.854289,-1.53954,-0.0598257,0.837693,-1.17433,-0.141026,0.975328,-1.94269,-0.015261,-5.2984,0.171715,-0.802544,2.92464,-1.86324,0.243773,1.48598,-0.068884,-0.000988877,-3.19313,-5.3309,
1.50358,-0.508654,0.840328,6.90137,6.48123,9.80518,-5.41222,24.8391,20.5614,-1.03059,-2.38515,0.156199,0,0,0,0,0,0,0,0,0,0,0,0,0.145736,0.468833,-1.95145,-0.214609,0.672385,-1.75961,0.0638047,0.569787,-1.73646,-0.110998,1.03927,-1.87948,0.183308,0.351239,-1.90986,-0.0573788,0.907516,-1.54178,-0.0624972,0.869787,-1.2117,-0.139339,0.900003,-1.9574,-0.000731201,-4.1951,0.823152,-0.612143,2.92401,-1.09188,0.360142,1.45573,0.429073,-0.103055,-3.18546,-3.27295,
1.31672,-0.09395,0.668933,6.98396,4.302,10.1111,-5.88852,23.0384,17.9086,-0.75025,-2.46885,1.16607,0,0,0,0,0,0,0,0,0,0,0,0,0.145774,0.383322,-1.92645,-0.226397,0.743964,-1.77809,0.0738219,0.606914,-1.72322,-0.11435,0.957426,-1.93212,0.178731,0.306667,-1.88185,-0.0613189,0.927382,-1.53762,-0.0616423,0.906914,-1.26074,-0.136793,0.806874,-1.93783,0.00156501,-2.97227,1.115,-0.380847,3.0347,-0.492411,0.469954,1.67883,0.590527,-0.147465,-3.55323,-1.39441,
1.08581,-0.307547,0.514144,6.67229,2.54548,10.0196,-6.10984,21.1466,15.5302,-0.391815,-2.24997,2.19429,0,0,0,0,0,0,0,0,0,0,0,0,0.145826,0.333364,-1.90315,-0.232096,0.810064,-1.78122,0.0851232,0.635748,-1.71367,-0.116017,0.9026,-1.94516,0.173041,0.278396,-1.86064,-0.0691791,0.947908,-1.52768,-0.0542074,0.935748,-1.31155,-0.128875,0.75525,-1.89687,0.00278357,-1.89115,1.18628,-0.155631,2.96826,0.121975,0.536615,1.93726,0.554421,-0.122501,-3.64403,-0.262806,
0.873824,0.0698956,0.658342,6.42994,0.642443,9.817,-6.35037,18.4143,13.6625,-0.076072,-1.0945,3.17699,0,0,0,0,0,0,0,0,0,0,0,0,0.145837,0.308856,-1.88524,-0.233724,0.857395,-1.77655,0.0938985,0.682677,-1.70255,-0.11744,0.823749,-1.93805,0.167676,0.276528,-1.83938,-0.0742718,0.947533,-1.52072,-0.0506841,0.982677,-1.3508,-0.119787,0.708893,-1.8333,-0.000273607,-1.36304,1.17596,-0.0518661,2.96305,0.416211,0.567073,2.34838,0.407506,-0.0178098,-3.49972,1.01313,
0.710487,-0.0060249,0.685258,6.26357,-3.40434,9.7812,-6.65667,14.1865,12.7435,0.310219,-0.124403,2.03104,0,0,0,0,0,0,0,0,0,0,0,0,0.145628,0.284777,-1.8556,-0.233601,0.928452,-1.76143,0.107643,0.747851,-1.69719,-0.117263,0.744342,-1.88643,0.162258,0.268045,-1.80661,-0.0761024,0.916984,-1.49638,-0.0447736,1.04785,-1.37651,-0.107977,0.66287,-1.75841,-0.0452769,-0.663278,1.27436,0.0363895,2.94562,0.821111,0.560016,3.03252,0.083374,0.0612034,-3.1345,3.08969,
0.527557,-0.16041,0.899442,5.97024,-6.27848,9.61817,-6.61381,10.2487,11.4275,0.471347,0.558723,2.19383,0,0,0,0,0,0,0,0,0,0,0,0,0.143642,0.27671,-1.82998,-0.232914,0.991154,-1.73879,0.118932,0.818798,-1.69522,-0.113709,0.703001,-1.84128,0.154378,0.267003,-1.77517,-0.0826328,0.902458,-1.46772,-0.0343116,1.1188,-1.40764,-0.0936579,0.656905,-1.70833,-0.0980997,-0.22785,1.29289,0.0409992,2.73066,1.22477,0.484057,3.35575,0.0758788,0.330681,-2.40258,3.12427,
0.49662,0.47575,1.07192,5.83403,-8.07447,9.37777,-6.51975,6.74408,11.3337,0.0909122,1.41436,1.14615,0,0,0,0,0,0,0,0,0,0,0,0,0.141461,0.274607,-1.80826,-0.232351,1.03324,-1.71656,0.126181,0.877985,-1.69421,-0.102308,0.66071,-1.77313,0.149635,0.284668,-1.74321,-0.0854892,0.89486,-1.44326,-0.0257976,1.14757,-1.4129,-0.0827003,0.6599,-1.66767,-0.169674,-0.0732993,1.52994,0.0404576,2.53922,1.55452,0.4406,4.03925,-0.0815472,0.693381,-1.44672,3.07241,
-0.0113691,1.69341,2.08317,5.37929,-9.68637,8.814,-5.97996,2.19223,10.5171,-0.115104,1.70187,0.086637,0,0,0,0,0,0,0,0,0,0,0,0,0.137086,0.274843,-1.7729,-0.230883,1.08516,-1.67728,0.133375,0.971971,-1.68667,-0.0843846,0.64436,-1.71775,0.132902,0.318965,-1.67987,-0.0935702,0.89616,-1.40862,-0.00536699,1.13087,-1.42345,-0.0719455,0.693921,-1.6973,-0.156003,0.0714591,1.63804,0.113203,2.1264,1.9324,0.430293,4.1639,0.0116542,0.61267,0.28059,0.73163,
-1.79293,5.52298,5.06708,3.88147,-8.87282,6.6749,-4.20491,-1.62318,6.63674,0.671697,2.13503,-0.367425,0,0,0,0,0,0,0,0,0,0,0,0,0.135519,0.279464,-1.73404,-0.225492,1.12308,-1.63246,0.143056,1.04882,-1.67372,-0.0795013,0.672162,-1.74537,0.0895949,0.42859,-1.55352,-0.119191,0.936009,-1.41145,0.0426107,1.07935,-1.45688,-0.0598117,0.764363,-1.79085,-0.0440395,0.442047,2.15366,0.370573,1.39007,2.16571,0.187089,2.84452,2.03682,0.115886,1.55301,-1.45179,
-2.20895,9.9794,6.51336,3.15207,-9.8307,1.78017,-2.92922,-3.89447,3.10289,1.03386,2.59639,0.646748,0,0,0,0,0,0,0,0,0,0,0,0,0.129151,0.296774,-1.68449,-0.221024,1.14486,-1.59283,0.148848,1.09472,-1.64717,-0.0745509,0.695603,-1.75327,0.0547832,0.588967,-1.42351,-0.140055,0.927681,-1.49244,0.0836557,1.05603,-1.53755,-0.0354091,0.800101,-1.75317,-0.76576,1.70833,3.92593,0.0866874,1.14363,2.23527,0.321527,2.34683,1.28214,0.531815,1.58353,-0.64268,
-4.48941,14.0163,10.586,2.93679,-11.209,-5.78618,0.201197,-6.84165,-3.68134,2.2814,5.73005,8.14482,0,0,0,0,0,0,0,0,0,0,0,0,0.120412,0.364149,-1.68487,-0.227479,1.16857,-1.54602,0.149294,1.1401,-1.61739,-0.0601157,0.739635,-1.76458,0.00175226,0.664149,-1.47631,-0.169077,0.913876,-1.64046,0.147256,1.0166,-1.67382,0.0141218,0.938307,-1.56222,-0.256988,3.80392,-2.24349,-0.600725,1.02132,2.00881,-0.282687,1.90163,1.42424,0.688096,2.21682,-0.0503044,
-6.47781,15.2353,13.6536,0.578753,-8.4622,-9.45455,1.71505,-7.66548,-7.46205,4.82891,8.8331,16.8953,0,0,0,0,0,0,0,0,0,0,0,0,0.119016,0.448684,-1.7393,-0.238673,1.17561,-1.53203,0.145162,1.16356,-1.60328,-0.0577211,0.798857,-1.77956,-0.038575,0.748684,-1.45827,-0.234351,0.954536,-1.8033,0.189235,0.95941,-1.80508,0.0612426,1.0917,-1.37076,0.17419,3.7947,-2.41259,-0.405898,-0.380873,-1.39607,0.0478832,-0.500468,-0.609811,-0.0703635,2.88051,-0.543082,
-6.55977,14.7333,14.9164,-1.2008,-4.18352,-7.73461,0.745507,-4.72348,-8.21065,5.95191,7.62345,21.2896,0,0,0,0,0,0,0,0,0,0,0,0,0.122083,0.521269,-1.77975,-0.24,1.13387,-1.61152,0.153689,1.13485,-1.65915,-0.0610984,0.856084,-1.78476,-0.0406679,0.821269,-1.44821,-0.263753,0.940275,-1.91152,0.189491,0.947796,-1.95915,0.0812067,1.11962,-1.25466,0.0497384,3.53311,-1.65472,0.250669,-3.56033,-6.2667,0.686595,-2.75875,-4.50178,-0.259701,2.91794,-0.0858098,
-6.76051,11.419,13.2674,-1.2318,-2.35618,-5.63987,-0.0147852,-2.7977,-6.37115,5.84222,5.55444,21.6722,0,0,0,0,0,0,0,0,0,0,0,0,0.12152,0.598168,-1.80503,-0.232419,1.0496,-1.73171,0.164164,1.06439,-1.75674,-0.0669154,0.908949,-1.78322,-0.047896,0.898168,-1.49267,-0.250534,0.859647,-2.03171,0.171691,0.885623,-2.05674,0.070436,1.12022,-1.23445,-0.0161282,3.50628,-0.773126,0.507195,-5.2418,-7.23028,0.315861,-4.35294,-6.98048,-0.348158,2.89649,0.278469,
-6.65403,8.67393,11.6833,-0.707683,-3.993,-2.96534,0.108146,-2.98812,-2.25499,5.13014,4.66521,19.1235,0,0,0,0,0,0,0,0,0,0,0,0,0.121399,0.662106,-1.81379,-0.220357,0.932773,-1.8765,0.164367,0.963415,-1.90955,-0.0751017,0.972129,-1.77193,-0.0449508,0.962106,-1.53072,-0.222479,0.701769,-2.11539,0.159437,0.770404,-2.1361,0.0429095,1.15798,-1.27459,4.63981e-05,3.61672,-0.360716,0.622798,-5.24719,-6.59005,-0.305328,-4.73232,-6.80691,-0.409698,2.76903,0.77019,
-6.08622,5.19896,11.4662,-0.33457,-5.19752,0.46702,0.731866,-3.98447,1.8708,4.56586,3.72788,15.4093,0,0,0,0,0,0,0,0,0,0,0,0,0.121498,0.743907,-1.81917,-0.20578,0.80761,-2.01152,0.15259,0.852263,-2.04291,-0.08529,1.03081,-1.74873,-0.0305569,0.968571,-1.53614,-0.196689,0.521514,-2.137,0.154856,0.618978,-2.12823,0.0161602,1.18928,-1.33191,0.00400459,3.78762,-0.145032,0.698193,-6.2463,-5.48627,-0.641257,-5.3469,-5.28372,-0.507849,2.61069,1.26316,
-5.64281,2.56449,11.9061,-0.464133,-3.61151,2.67881,0.896524,-4.37231,3.82206,4.42111,2.01784,12.4795,0,0,0,0,0,0,0,0,0,0,0,0,0.121543,0.825483,-1.81707,-0.191136,0.662733,-2.09452,0.141748,0.730745,-2.1076,-0.0947566,1.07705,-1.72255,-0.0195782,0.979409,-1.51223,-0.186058,0.392041,-2.08804,0.156065,0.470966,-2.06324,0.00209434,1.1906,-1.37072,-0.00203543,3.59252,0.287778,0.667251,-7.21617,-2.41992,-0.32387,-6.01885,-2.0479,-0.547074,2.52448,1.5936,
-5.09018,0.586854,12.0637,-0.960195,-1.11724,4.34129,0.492045,-3.37256,4.54811,4.7348,-0.670706,9.55616,0,0,0,0,0,0,0,0,0,0,0,0,0.121034,0.888659,-1.80944,-0.179126,0.536265,-2.11473,0.137603,0.622899,-2.11461,-0.107416,1.1301,-1.68203,-0.00797635,0.988757,-1.49494,-0.188168,0.328646,-2.00296,0.146872,0.376403,-1.96708,-0.00416411,1.17028,-1.39273,-0.0702157,3.41705,0.516333,0.598519,-7.18752,0.129684,-0.121305,-6.48731,1.35322,-0.604721,2.27807,2.01606,
-4.22486,-2.56108,10.689,-1.04502,2.08813,5.49933,-0.311019,0.281175,4.31869,4.99742,-2.8869,6.78351,0,0,0,0,0,0,0,0,0,0,0,0,0.118235,0.954805,-1.79687,-0.169995,0.401894,-2.07858,0.134749,0.489113,-2.05464,-0.120483,1.17294,-1.6403,0.00801072,0.971162,-1.51158,-0.187961,0.301445,-1.86336,0.121407,0.329424,-1.84144,-0.0127985,1.15166,-1.41787,-0.184131,3.21536,0.722537,0.326382,-6.10608,3.10947,-0.222633,-6.66871,4.20944,-0.690036,2.03569,2.11377,
-2.78439,-6.90431,5.88903,-0.289046,4.34514,7.23531,-1.24353,4.94434,5.44625,4.17112,-5.37638,2.75865,0,0,0,0,0,0,0,0,0,0,0,0,0.114434,1.02955,-1.77696,-0.164093,0.297475,-1.98417,0.124046,0.360818,-1.9482,-0.136877,1.2198,-1.58931,0.0419134,0.931496,-1.60743,-0.169329,0.330334,-1.67191,0.0770031,0.376814,-1.68271,-0.0487348,1.13046,-1.46597,-0.116448,2.98211,0.892084,0.0796189,-3.03079,5.2551,-0.638194,-4.30449,5.17344,-0.64543,1.80255,2.17484,
-0.955375,-10.9415,-0.383819,1.09089,7.09445,5.46429,-1.92159,11.4376,7.04365,3.04255,-6.49612,-0.0247421,0,0,0,0,0,0,0,0,0,0,0,0,0.114065,1.09099,-1.75951,-0.163465,0.263523,-1.83711,0.103545,0.304878,-1.81877,-0.149852,1.25446,-1.55398,0.0919951,0.882407,-1.75248,-0.135659,0.430071,-1.50289,0.0247881,0.565503,-1.47855,-0.0874738,1.1258,-1.4993,0.0725824,2.59814,0.664925,0.0213558,-0.432532,7.90474,-1.22868,-1.01256,6.56502,-0.547413,1.34943,2.21212,
0.383046,-10.2027,-6.0664,2.33658,9.50181,4.75416,-2.14808,16.8116,11.8122,2.13152,-6.59192,-3.22615,0,0,0,0,0,0,0,0,0,0,0,0,0.119124,1.12589,-1.75599,-0.160979,0.272859,-1.71734,0.0805703,0.313131,-1.71566,-0.157714,1.27296,-1.50695,0.145823,0.898599,-1.9141,-0.0945948,0.54902,-1.40006,-0.0121808,0.613131,-1.23498,-0.115665,1.13439,-1.54153,0.684913,1.11093,-0.258005,0.318766,1.54465,7.93715,-1.56197,2.17454,7.41532,-0.449587,1.04919,1.84301,
0.794457,-7.90581,-3.85919,3.74772,5.11058,3.3778,-0.888477,19.823,20.5262,1.42775,-4.31807,-5.34312,0,0,0,0,0,0,0,0,0,0,0,0,0.139884,1.09686,-1.79941,-0.149509,0.343352,-1.54613,0.0520955,0.388072,-1.63271,-0.163308,1.28242,-1.48721,0.180853,0.816178,-1.99099,-0.0414699,0.584651,-1.28273,0.0058288,0.688072,-1.15568,-0.13012,1.16661,-1.62273,0.844311,-3.32129,-3.80389,0.573835,4.54139,7.15823,-0.962191,3.2121,-1.44471,-0.10021,-0.314089,-0.0778448,
0.806498,-4.24452,-0.72544,5.35014,7.1093,12.031,-2.6912,22.762,25.1927,-1.02173,-3.17335,-6.74329,0,0,0,0,0,0,0,0,0,0,0,0,0.155386,0.988279,-1.87996,-0.155855,0.421806,-1.54413,0.0407491,0.441245,-1.68492,-0.154922,1.26602,-1.51449,0.196077,0.713224,-2.00661,-0.0385982,0.686482,-1.33652,-0.0281389,0.741245,-1.12134,-0.152892,1.15612,-1.75358,0.821134,-6.75766,-4.34052,-0.659855,3.47773,-3.72628,-0.0643222,2.23583,-2.64951,1.10295,-1.22286,-2.82047,
1.29257,-1.33042,1.07304,6.28899,6.61162,11.1917,-3.97957,23.8066,25.5507,-2.37159,-2.06357,-5.19336,0,0,0,0,0,0,0,0,0,0,0,0,0.164249,0.811569,-1.96237,-0.173267,0.499048,-1.64116,0.046364,0.485037,-1.72841,-0.130024,1.23034,-1.58579,0.196708,0.590963,-1.99549,-0.0361231,0.74081,-1.45034,-0.0456529,0.785037,-1.11695,-0.158515,1.12137,-1.85312,0.00580764,-7.49382,-2.39775,-0.803226,3.05886,-3.55916,0.298898,1.59062,-1.09228,1.23194,-2.29503,-5.49995,
1.4986,-1.13974,0.661566,6.63027,7.52445,9.10785,-4.5754,25.2777,24.913,-1.85669,-1.40187,-2.77725,0,0,0,0,0,0,0,0,0,0,0,0,0.161311,0.702664,-1.98695,-0.185591,0.546102,-1.68682,0.0520388,0.508919,-1.73835,-0.114076,1.17126,-1.70864,0.192255,0.509455,-1.98963,-0.039641,0.806825,-1.52048,-0.0543394,0.808919,-1.12263,-0.153656,1.06466,-1.92076,-0.260837,-6.58865,-0.768854,-0.792283,2.90446,-2.4544,0.32027,1.42247,-0.284328,0.273485,-2.8621,-5.7074,
1.40923,-0.516016,0.812489,6.99195,7.01167,8.70243,-4.86167,25.591,22.3643,-1.31544,-2.11443,-0.836917,0,0,0,0,0,0,0,0,0,0,0,0,0.155289,0.5715,-1.99019,-0.201999,0.610016,-1.72974,0.0592472,0.538309,-1.73517,-0.114001,1.10577,-1.82915,0.184033,0.423999,-1.96639,-0.0446905,0.858717,-1.5531,-0.0538936,0.838309,-1.16473,-0.150957,0.97497,-1.97617,-0.259459,-5.38403,0.139622,-0.699587,2.93635,-1.6367,0.336039,1.27239,0.453319,-0.162818,-3.1174,-5.04409,
1.10672,-0.458371,0.763658,6.93769,6.33825,9.21193,-5.23498,25.0335,19.5116,-0.907196,-2.7174,0.393689,0,0,0,0,0,0,0,0,0,0,0,0,0.151651,0.474032,-1.98195,-0.214292,0.67525,-1.75807,0.0683629,0.566691,-1.72058,-0.119305,1.03518,-1.91505,0.177271,0.364778,-1.9452,-0.0518439,0.908982,-1.5542,-0.0508056,0.866691,-1.21334,-0.149086,0.881624,-1.98587,-0.0819453,-3.91177,0.706446,-0.439757,3.01104,-1.05699,0.468242,1.33934,0.778015,-0.284044,-3.42505,-3.22642,
0.864918,-0.378585,0.635027,6.64398,4.59839,9.65969,-5.71131,23.1315,16.5363,-0.490637,-2.7029,1.73584,0,0,0,0,0,0,0,0,0,0,0,0,0.150744,0.403636,-1.96308,-0.220811,0.742006,-1.77443,0.0803067,0.599018,-1.70253,-0.125421,0.956671,-1.96269,0.171645,0.324614,-1.92161,-0.0590072,0.933476,-1.54472,-0.0475083,0.899018,-1.26908,-0.144736,0.792872,-1.95216,-0.0288706,-2.78231,1.02367,-0.171837,3.06042,-0.470927,0.598711,1.6195,0.801381,-0.281937,-3.84905,-1.31485,
0.727535,-0.177413,0.724306,6.35749,1.99548,9.5795,-6.05766,20.1897,14.1483,0.0197861,-1.80201,3.04338,0,0,0,0,0,0,0,0,0,0,0,0,0.149376,0.353232,-1.93906,-0.222366,0.809075,-1.77743,0.0941015,0.640142,-1.68714,-0.130539,0.868005,-1.96917,0.164864,0.300065,-1.89228,-0.0638294,0.935359,-1.53588,-0.0416163,0.940142,-1.31864,-0.134446,0.718777,-1.88149,-0.108014,-1.94926,1.14682,-0.0160173,3.05588,0.0825505,0.628953,2.0924,0.591688,-0.176053,-4.16709,0.464059,
0.55452,0.336496,1.01914,5.99882,0.473963,9.23129,-6.18665,17.6557,12.6532,0.580428,-0.440433,4.41056,0,0,0,0,0,0,0,0,0,0,0,0,0.146961,0.328202,-1.92203,-0.22214,0.858119,-1.77381,0.104096,0.676787,-1.67913,-0.131735,0.805483,-1.95348,0.157028,0.302283,-1.86659,-0.0707096,0.946395,-1.53438,-0.0347149,0.976787,-1.35355,-0.117934,0.695415,-1.79666,-0.151822,-1.37325,1.19838,0.0584153,3.05705,0.345918,0.634219,2.50958,0.369941,-0.0283688,-3.96231,1.86251,
0.58545,0.562386,1.00764,5.7568,-2.7958,8.91062,-6.43805,13.8834,11.9851,0.934694,0.962954,3.64411,0,0,0,0,0,0,0,0,0,0,0,0,0.142253,0.306683,-1.89229,-0.220258,0.925573,-1.76221,0.117604,0.739508,-1.67456,-0.129675,0.725685,-1.88536,0.150042,0.30569,-1.83089,-0.0735539,0.932563,-1.5223,-0.0283307,1.03951,-1.37204,-0.0993612,0.670869,-1.69387,-0.27389,-0.602103,1.4486,0.111359,3.07541,0.686059,0.600658,3.12725,0.115739,0.277849,-3.15559,4.01565,
0.576501,0.490375,1.11196,5.59176,-5.75369,8.76013,-6.36678,9.91041,11.306,0.717884,1.50957,2.66016,0,0,0,0,0,0,0,0,0,0,0,0,0.135098,0.301462,-1.86061,-0.218336,0.992215,-1.74314,0.129822,0.813045,-1.67226,-0.117275,0.674737,-1.7926,0.141344,0.312378,-1.7926,-0.0763617,0.922307,-1.49853,-0.0159912,1.11305,-1.38862,-0.0797528,0.667614,-1.60712,-0.326667,-0.0537386,1.60841,0.087201,2.95736,1.02445,0.534259,3.57731,0.0394917,0.783011,-1.79448,4.75868,
0.185592,0.754755,1.39999,5.26051,-7.38404,8.8285,-5.95611,6.16936,10.9934,0.286085,2.35505,1.2207,0,0,0,0,0,0,0,0,0,0,0,0,0.128127,0.302895,-1.83192,-0.217372,1.04405,-1.72262,0.13869,0.880158,-1.67174,-0.0998608,0.653576,-1.71214,0.127694,0.324928,-1.75224,-0.0845153,0.929366,-1.47001,0.00208604,1.13477,-1.39817,-0.0650717,0.692657,-1.56429,-0.20292,0.126562,1.78716,0.0537525,2.79679,1.27586,0.491965,4.01526,-0.0506653,1.10548,-0.791809,4.69313,
-1.61737,3.79449,4.13071,3.5716,-6.43699,7.56773,-4.7762,1.87249,8.31826,0.841771,2.77351,2.11845,0,0,0,0,0,0,0,0,0,0,0,0,0.127263,0.305542,-1.7939,-0.209628,1.09123,-1.69468,0.148126,0.960366,-1.66024,-0.0883792,0.6832,-1.70671,0.0863407,0.405007,-1.64057,-0.105527,0.979922,-1.4682,0.0438939,1.10306,-1.44187,-0.0571196,0.812446,-1.68134,-0.0195225,0.184129,2.00249,0.592444,1.98477,1.49131,0.606897,3.83518,0.416552,0.408615,2.39632,-1.10346,
-2.56231,7.86247,6.85075,2.42755,-7.35675,4.4043,-2.71319,-2.26237,3.84279,1.0631,2.51758,0.228543,0,0,0,0,0,0,0,0,0,0,0,0,0.120624,0.319073,-1.73774,-0.196364,1.12752,-1.66057,0.158206,1.03154,-1.63619,-0.0793467,0.739659,-1.72648,0.0370899,0.547838,-1.4774,-0.124361,0.981696,-1.50955,0.0991657,1.04436,-1.50639,-0.0423491,0.87388,-1.74028,-0.779037,1.28815,3.56282,0.45257,1.52389,1.63653,0.351572,2.77542,1.34916,0.416803,2.85126,-0.780296,
-4.20042,11.9231,11.2396,1.80346,-9.62834,-3.1414,-0.370675,-4.73978,-2.88396,2.82848,3.32235,6.10354,0,0,0,0,0,0,0,0,0,0,0,0,0.104964,0.37906,-1.69833,-0.193256,1.16156,-1.6208,0.162695,1.08622,-1.60329,-0.072986,0.791706,-1.73821,-0.00332294,0.67906,-1.45886,-0.15412,0.955374,-1.65678,0.152017,1.01608,-1.63893,0.0034247,0.952532,-1.60527,-0.131054,3.62158,-1.66073,-0.23803,1.38077,1.70219,-0.0564765,1.93408,1.45853,0.227947,3.11069,-0.785719,
-5.79372,14.0013,14.7332,-0.260921,-8.94179,-8.8029,1.55635,-7.17136,-7.2867,5.10928,6.09859,13.8106,0,0,0,0,0,0,0,0,0,0,0,0,0.105761,0.464888,-1.73751,-0.199943,1.17835,-1.60224,0.160469,1.10915,-1.58744,-0.0706742,0.858713,-1.74776,-0.0344591,0.764888,-1.43574,-0.215173,0.955082,-1.8118,0.196,0.946035,-1.76428,0.0565431,1.08661,-1.40663,0.184929,3.97228,-2.6622,-0.348264,0.0111407,0.420685,-0.135143,0.646946,0.213164,-0.0205884,3.01733,-0.165305,
-6.55617,14.5284,17.2757,-1.63379,-5.52954,-9.47637,0.985602,-5.54395,-8.67128,6.67674,5.69887,19.5643,0,0,0,0,0,0,0,0,0,0,0,0,0.109739,0.526248,-1.78808,-0.211435,1.16633,-1.63526,0.163333,1.10775,-1.6192,-0.0731384,0.92324,-1.75215,-0.0473489,0.826248,-1.40332,-0.263522,0.982726,-1.93526,0.198701,0.938026,-1.9192,0.0905363,1.13729,-1.26405,0.27266,3.73425,-1.88525,-0.449675,-1.81456,-3.96789,0.42914,-1.24515,-3.33873,-0.12975,2.86309,-0.040338,
-6.55348,11.5929,14.8945,-1.2671,-3.30698,-5.09818,-0.249024,-3.16763,-5.37638,6.32875,3.31052,19.0507,0,0,0,0,0,0,0,0,0,0,0,0,0.114945,0.605503,-1.81649,-0.21534,1.08449,-1.7673,0.171202,1.04593,-1.74072,-0.0771163,0.984623,-1.74696,-0.0438105,0.905503,-1.46425,-0.248803,0.885353,-2.0673,0.168389,0.87489,-2.04072,0.0751883,1.13582,-1.25859,0.203276,3.52721,-0.804989,-0.0714097,-4.65851,-7.53616,0.136505,-3.67378,-7.6042,-0.236563,2.7373,0.48415,
-6.38398,8.04279,12.7108,-0.531628,-5.08942,-1.87391,-0.0310744,-3.25656,-1.89751,5.69605,2.49245,16.1649,0,0,0,0,0,0,0,0,0,0,0,0,0.118585,0.683038,-1.82471,-0.215184,0.970066,-1.92283,0.167566,0.950385,-1.90086,-0.0835782,1.04358,-1.7307,-0.0367868,0.97307,-1.5106,-0.225872,0.704046,-2.14269,0.153933,0.75181,-2.12441,0.050481,1.16995,-1.3017,0.169097,3.5585,-0.146497,0.104119,-5.55139,-6.92065,-0.51426,-4.68643,-7.04455,-0.333684,2.56222,0.995213,
-6.35142,6.52378,12.5861,-0.206231,-6.36526,-0.158565,0.634182,-4.50718,0.28214,5.34343,2.33716,14.5672,0,0,0,0,0,0,0,0,0,0,0,0,0.121756,0.740594,-1.8247,-0.21241,0.878138,-2.01831,0.157209,0.873959,-1.99797,-0.0887754,1.08342,-1.71138,-0.0316193,0.995163,-1.50896,-0.211853,0.558316,-2.15784,0.154492,0.632896,-2.13147,0.0367652,1.20278,-1.31347,0.216402,3.65896,0.0431354,0.228526,-6.42759,-5.42247,-0.74284,-5.13535,-5.62187,-0.321808,2.43736,1.34952,
-5.88594,3.40946,12.8128,-0.475557,-3.71184,3.09043,0.876031,-4.2087,2.86738,5.19138,-0.0900607,11.518,0,0,0,0,0,0,0,0,0,0,0,0,0.126728,0.82093,-1.82031,-0.20458,0.714544,-2.10684,0.142457,0.747382,-2.08935,-0.0960828,1.13584,-1.67679,-0.0152609,0.996132,-1.49048,-0.204572,0.417035,-2.09873,0.15124,0.484513,-2.08525,0.0247249,1.19228,-1.3448,0.206406,3.59865,0.38057,0.475877,-8.18853,-2.76606,-0.524709,-6.30605,-2.70334,-0.359071,2.34793,1.76149,
-5.17731,0.145074,12.5933,-1.0236,-0.442122,5.24084,0.456333,-2.87512,3.91279,5.2327,-3.07121,8.1037,0,0,0,0,0,0,0,0,0,0,0,0,0.129725,0.897029,-1.80588,-0.192941,0.540898,-2.12867,0.133837,0.607978,-2.10958,-0.105,1.18498,-1.63326,0.0023125,0.983571,-1.47053,-0.206329,0.335162,-1.98211,0.137706,0.369168,-1.99708,0.014796,1.16031,-1.37756,0.0808052,3.31661,0.820778,0.488044,-7.78732,0.621439,-0.30159,-6.67728,0.587061,-0.440883,2.08431,2.12417,
-4.13891,-3.40263,9.82552,-0.732566,2.72907,7.41991,-0.408588,0.411814,4.90586,4.73697,-5.67063,4.25766,0,0,0,0,0,0,0,0,0,0,0,0,0.130377,0.967099,-1.78551,-0.184788,0.395098,-2.07955,0.126052,0.469405,-2.06824,-0.115812,1.22802,-1.58523,0.0270888,0.95788,-1.51478,-0.198771,0.318836,-1.796,0.105169,0.324797,-1.8657,-0.0103971,1.1308,-1.42327,0.00739278,3.03384,1.00362,0.173242,-5.77957,3.92229,-0.426763,-6.19614,3.19597,-0.520362,1.78174,2.22074,
-2.58374,-6.12336,3.64464,0.183119,6.7037,9.05857,-1.75709,6.78076,7.75312,3.55174,-7.66496,1.72427,0,0,0,0,0,0,0,0,0,0,0,0,0.130471,1.01398,-1.76888,-0.18283,0.322817,-2.00444,0.117088,0.383332,-2.00993,-0.124285,1.25457,-1.54864,0.0661061,0.931287,-1.65173,-0.177605,0.397844,-1.61911,0.0557806,0.430322,-1.69769,-0.048735,1.10073,-1.44755,0.00914529,2.81561,1.04123,0.0258522,-3.70261,6.35466,-0.695213,-4.90115,4.7366,-0.529748,1.51145,2.31939,
-0.855976,-9.86105,-3.30187,1.66611,9.89406,6.70154,-2.31658,14.9582,9.81511,2.53632,-8.27468,-1.6975,0,0,0,0,0,0,0,0,0,0,0,0,0.131817,1.07193,-1.74849,-0.182504,0.278468,-1.84758,0.0960661,0.310448,-1.89418,-0.135551,1.28212,-1.49627,0.115183,0.886021,-1.81579,-0.140325,0.515157,-1.47649,0.00800989,0.610448,-1.49054,-0.0844594,1.09985,-1.47815,0.190629,2.4246,0.609853,0.0210742,-0.426514,8.14185,-1.20567,-1.41468,6.33053,-0.492662,0.983673,2.42241,
-0.219983,-7.96355,-6.9232,3.08045,6.99363,4.13732,-1.02066,12.3598,10.8886,0.927196,-4.45996,-5.45648,0,0,0,0,0,0,0,0,0,0,0,0,0.141995,1.09193,-1.75342,-0.175364,0.31512,-1.65809,0.0640543,0.342872,-1.71848,-0.143901,1.2939,-1.45109,0.151207,0.852833,-1.94858,-0.0793736,0.577585,-1.33512,-0.00197558,0.642872,-1.20753,-0.125707,1.18012,-1.55277,0.588472,-1.60018,-0.883162,0.759158,3.50495,8.78141,-1.62054,4.11679,9.5495,-0.199442,-0.0910841,1.38933,
0.536101,-6.3636,-2.79819,4.95259,7.45572,8.99389,-1.47644,18.6801,24.5868,-0.163292,-3.18935,-5.708,0,0,0,0,0,0,0,0,0,0,0,0,0.158549,1.03715,-1.83078,-0.160363,0.410096,-1.52816,0.0417216,0.430578,-1.65835,-0.147806,1.29399,-1.45634,0.182676,0.768222,-2.01527,-0.0380452,0.699165,-1.30392,-0.00625128,0.730578,-1.09479,-0.144258,1.19293,-1.64848,0.428965,-4.39343,-4.58119,-0.0598688,4.10703,-0.0242685,-0.442475,3.32564,-2.04427,0.305238,-0.853164,-1.97738,
1.39061,-2.64112,-0.831418,6.08925,6.95175,12.4275,-3.28773,21.8479,26.7077,-1.87898,-2.83442,-6.99755,0,0,0,0,0,0,0,0,0,0,0,0,0.161419,0.902829,-1.89979,-0.168835,0.472605,-1.58385,0.039344,0.475912,-1.7,-0.137131,1.27217,-1.50283,0.196157,0.66922,-2.02758,-0.0329689,0.740849,-1.38991,-0.0399591,0.775912,-1.09499,-0.164298,1.17051,-1.77811,-0.00108599,-6.70322,-4.28015,-0.654609,3.77801,-4.66998,0.11561,2.47475,-2.50758,0.792295,-1.232,-4.01389,
1.75967,-1.67513,0.457663,6.50456,6.18138,11.5718,-4.51813,23.0906,25.9721,-2.47114,-1.45614,-4.86578,0,0,0,0,0,0,0,0,0,0,0,0,0.158784,0.790095,-1.97744,-0.181888,0.54904,-1.67575,0.0491545,0.520072,-1.73714,-0.11762,1.22854,-1.606,0.196146,0.570515,-2.03041,-0.0349355,0.784832,-1.47378,-0.0510086,0.820072,-1.11198,-0.16447,1.13265,-1.87003,-0.265201,-7.10807,-2.57648,-0.626439,3.25031,-3.49308,0.511605,1.69477,-0.965804,0.59713,-2.37933,-5.69539,
1.62112,-0.52303,0.930185,6.94482,6.16039,10.3214,-5.079,24.1015,23.8337,-1.7022,-1.7908,-1.67593,0,0,0,0,0,0,0,0,0,0,0,0,0.152106,0.631855,-2.01166,-0.197147,0.622464,-1.73787,0.0610347,0.555413,-1.74291,-0.114866,1.16491,-1.7568,0.187408,0.468717,-2.0051,-0.0382876,0.850115,-1.52816,-0.0532968,0.855413,-1.14082,-0.161965,1.04909,-1.95432,-0.209064,-6.0025,-0.667733,-0.590447,2.94568,-1.93288,0.505744,1.35224,0.250013,-0.181749,-2.84216,-6.22479,
1.337,-0.847833,0.858317,6.85618,5.61033,9.98832,-5.51224,23.9603,20.5143,-1.17939,-3.09713,-1.22517,0,0,0,0,0,0,0,0,0,0,0,0,0.149509,0.519001,-2.01315,-0.207671,0.686528,-1.76885,0.0731157,0.584336,-1.73443,-0.12029,1.1167,-1.84368,0.181402,0.383741,-1.98225,-0.0461706,0.89957,-1.54563,-0.0505003,0.884336,-1.20381,-0.160989,0.957537,-2.00293,-0.0612862,-4.56255,0.377545,-0.396152,2.91134,-1.05931,0.567601,1.30825,0.710755,-0.448583,-3.26957,-5.14468,
1.06371,-0.975555,0.811666,6.58934,5.58513,10.13,-5.80406,23.125,17.4222,-0.566171,-3.36371,0.442025,0,0,0,0,0,0,0,0,0,0,0,0,0.148942,0.455015,-2.0034,-0.212473,0.733313,-1.78124,0.0827402,0.606407,-1.71452,-0.130993,1.04172,-1.93347,0.175114,0.334887,-1.96051,-0.053319,0.946922,-1.54272,-0.0468659,0.906407,-1.25497,-0.157886,0.865019,-2.0062,-0.0168388,-3.82956,0.903718,-0.223178,2.9592,-0.589212,0.619817,1.47851,0.960023,-0.509569,-3.70448,-3.3512,
0.804319,-0.578577,0.950488,6.26767,3.37304,10.0107,-6.17577,20.5387,14.5967,0.0880916,-2.91448,2.25159,0,0,0,0,0,0,0,0,0,0,0,0,0.148559,0.381016,-1.97924,-0.21469,0.799534,-1.78726,0.097182,0.64367,-1.6942,-0.1411,0.952775,-1.98402,0.167428,0.291607,-1.92533,-0.0586276,0.96033,-1.53751,-0.0406985,0.94367,-1.30792,-0.149219,0.770189,-1.96206,-0.0495799,-2.99778,1.20585,-0.0251731,3.0588,-0.0207727,0.660547,1.90085,0.854738,-0.412858,-4.38899,-1.37319,
0.670475,-0.365921,1.175,5.77274,0.415401,9.81036,-6.47981,16.8859,11.7916,0.745459,-2.06961,4.12662,0,0,0,0,0,0,0,0,0,0,0,0,0.146307,0.3275,-1.95236,-0.213935,0.866273,-1.78029,0.111267,0.691804,-1.68173,-0.145387,0.884019,-1.99373,0.159761,0.265506,-1.88763,-0.0676194,0.951967,-1.52122,-0.0352338,0.991804,-1.37054,-0.131089,0.718959,-1.88453,-0.132335,-2.11382,1.41413,0.0798986,3.01238,0.552351,0.619768,2.4626,0.655966,-0.173519,-4.53281,0.24145,
0.587127,0.454231,1.42786,5.3623,-2.07484,9.36514,-6.72821,13.6199,10.2077,1.32188,0.104754,5.51147,0,0,0,0,0,0,0,0,0,0,0,0,0.14326,0.299434,-1.9294,-0.212835,0.914515,-1.76911,0.1203,0.735577,-1.6707,-0.145785,0.790174,-1.96894,0.153166,0.27147,-1.85229,-0.0762833,0.937606,-1.51404,-0.0342925,1.03558,-1.40881,-0.109459,0.692155,-1.77448,-0.190883,-1.57276,1.65679,0.0997776,2.99846,0.837692,0.544509,3.09097,0.268065,0.131167,-4.02551,2.26655,
0.366591,1.10891,1.61878,4.93032,-5.32282,8.55439,-6.4178,8.40079,8.32337,1.35164,1.66598,5.02982,0,0,0,0,0,0,0,0,0,0,0,0,0.138218,0.274331,-1.89365,-0.210614,0.980074,-1.74674,0.129984,0.810625,-1.66211,-0.136643,0.718171,-1.90373,0.142145,0.284062,-1.81079,-0.0837284,0.920113,-1.50321,-0.0251264,1.11063,-1.42984,-0.0862188,0.691591,-1.67604,-0.209513,-0.719692,1.69552,0.145107,2.9244,1.18662,0.213393,3.81932,0.967671,0.665335,-2.72915,4.07792,
0.471222,1.13061,1.53159,5.00597,-8.55291,8.43839,-6.37642,3.70006,9.15908,0.786449,1.89087,2.40824,0,0,0,0,0,0,0,0,0,0,0,0,0.132218,0.268455,-1.8516,-0.208588,1.04221,-1.71655,0.137213,0.903346,-1.66369,-0.11587,0.674685,-1.79061,0.13548,0.297932,-1.76016,-0.0821818,0.8966,-1.46751,-0.0139266,1.11055,-1.44694,-0.0661939,0.689959,-1.58754,-0.34075,0.0484742,2.12599,0.0502937,2.72853,1.52288,0.330854,4.58806,-0.489286,1.2006,-1.2799,5.71488,
-0.71962,2.57182,2.82236,4.04867,-9.2721,8.64345,-5.43575,-0.371975,7.4188,0.577744,2.29141,1.00687,0,0,0,0,0,0,0,0,0,0,0,0,0.125643,0.275274,-1.80116,-0.206523,1.10186,-1.67737,0.142974,1.00522,-1.65871,-0.0870077,0.677107,-1.70611,0.105541,0.348531,-1.67665,-0.0988822,0.922181,-1.41943,0.0172471,1.08764,-1.46686,-0.0556821,0.755506,-1.6201,-0.0844699,0.358454,2.15799,0.256946,2.0849,1.67447,0.406676,3.669,0.255189,0.67528,0.844526,2.4337,
-2.53332,7.42646,6.07989,2.87318,-7.63321,6.70292,-3.75632,-2.40819,5.06813,0.925774,2.97137,1.73252,0,0,0,0,0,0,0,0,0,0,0,0,0.124553,0.283396,-1.76384,-0.200796,1.12944,-1.65037,0.150183,1.0538,-1.64853,-0.0797248,0.717469,-1.72066,0.0574295,0.487913,-1.53954,-0.119166,0.975295,-1.43859,0.0682611,1.05804,-1.49807,-0.0459172,0.86154,-1.71081,-0.151619,0.754232,2.89226,0.392019,1.4674,1.76849,0.479437,2.57777,0.950205,0.42653,2.79143,-1.33871,
-2.80771,10.6167,7.01086,1.74378,-9.03462,0.559322,-1.85083,-4.95372,-0.460628,1.42769,2.80474,2.76636,0,0,0,0,0,0,0,0,0,0,0,0,0.110441,0.322535,-1.67615,-0.194259,1.15599,-1.61007,0.158978,1.09931,-1.61991,-0.0706322,0.778654,-1.74154,0.00941441,0.622535,-1.37182,-0.147257,0.957941,-1.54914,0.120578,1.02086,-1.59518,-0.0252844,0.920748,-1.69097,-1.23333,3.05148,5.16238,0.136296,1.11284,1.87798,0.314822,1.81577,1.44982,0.386218,2.87899,-0.743757,
-5.01489,15.171,13.9511,0.984172,-10.2339,-7.75935,0.894952,-7.85074,-5.56042,4.00482,5.00826,10.0662,0,0,0,0,0,0,0,0,0,0,0,0,0.100954,0.403289,-1.67796,-0.199562,1.17818,-1.57289,0.160364,1.1297,-1.59248,-0.0680746,0.841643,-1.7539,-0.0266503,0.703289,-1.39968,-0.189937,0.944826,-1.73151,0.178118,0.954774,-1.71153,0.0282835,1.04012,-1.51507,-0.0892894,3.95413,-2.81988,-0.599167,0.899935,1.41446,-0.184812,0.85383,0.798213,-0.150496,2.9309,-0.513129,
-5.75152,13.2389,16.3155,-0.766467,-7.24912,-9.36749,1.29556,-6.4608,-8.38187,6.05872,4.838,16.3314,0,0,0,0,0,0,0,0,0,0,0,0,0.0996211,0.48121,-1.73683,-0.212695,1.17882,-1.57674,0.158384,1.12787,-1.60114,-0.0737882,0.898087,-1.75888,-0.044519,0.78121,-1.39654,-0.242022,0.963958,-1.87674,0.194181,0.925285,-1.85895,0.0704257,1.08807,-1.35017,-0.014081,3.80801,-2.70361,-0.406585,-1.34553,-2.72203,0.136314,-1.64278,-1.93059,-0.290167,2.76145,0.0166902,
-5.38935,8.05973,15.4281,-1.22912,-4.10376,-5.88857,0.117991,-3.66448,-6.88452,6.37526,2.14881,16.1035,0,0,0,0,0,0,0,0,0,0,0,0,0.0988613,0.546752,-1.77524,-0.214377,1.11997,-1.66027,0.164588,1.08371,-1.66784,-0.0799282,0.945902,-1.75492,-0.0364328,0.836745,-1.43212,-0.243698,0.910552,-1.96027,0.175661,0.90739,-1.96784,0.0704287,1.06382,-1.34279,-0.0224116,3.53999,-1.70354,0.0562751,-4.27284,-6.70512,0.324955,-3.38841,-5.584,-0.360984,2.56798,0.381814,
-4.12471,-18.4462,16.3285,0.00531042,-2.28241,0.685545,-0.524637,-2.45607,-0.288565,5.47087,-11.5823,3.51396,0,0,0,0,0,0,0,0,0,0,0,0,0.100475,0.629821,-1.80174,-0.209768,0.991585,-1.83424,0.166841,0.979689,-1.8301,-0.0883128,1.00695,-1.74391,0.00196582,0.254569,-1.41056,-0.20225,0.786215,-1.98674,0.149635,0.801256,-2.01483,0.0405195,0.779549,-1.6413,0.184354,3.43617,-0.681448,0.295415,-5.93239,-6.7857,-0.163612,-4.68123,-7.10051,-0.31758,2.48623,0.590433,
-5.44637,-15.7963,14.9162,1.32315,0.417495,4.71506,-0.0946108,0.436994,0.526119,6.10623,-12.853,1.17,0,0,0,0,0,0,0,0,0,0,0,0,0.121762,0.655404,-1.80821,-0.205845,0.892973,-1.92116,0.157331,0.897702,-1.9252,-0.0946548,1.03917,-1.73395,0.0237442,0.22776,-1.44136,-0.169141,0.739368,-1.91312,0.125831,0.763284,-2.03563,0.0443537,0.750018,-1.69016,1.52567,-1.30948,-0.241892,0.14499,-6.5617,-4.39359,-1.16539,-5.81372,-4.94337,-0.545885,1.28691,0.581611,
-5.79249,-3.18214,10.4897,1.41415,4.88003,7.75362,-0.322474,3.08982,3.20776,5.80189,-12.0315,1.40001,0,0,0,0,0,0,0,0,0,0,0,0,0.151538,0.525747,-1.7303,-0.198124,0.763172,-1.9757,0.126179,0.776971,-1.99831,-0.103525,1.04114,-1.72087,0.0513914,0.250593,-1.37448,-0.14523,0.759263,-1.79096,0.0826723,0.737583,-1.97611,0.0376571,0.720504,-1.68178,1.78663,-7.82404,3.74324,0.701635,-5.0364,-0.363962,-1.41781,-4.66536,-2.31988,-0.154626,-0.79405,0.163701,
-5.64653,2.298,11.6553,0.630826,4.21791,6.67993,-0.0764915,1.66688,5.3876,4.7485,-7.96076,1.3772,0,0,0,0,0,0,0,0,0,0,0,0,0.176062,0.344603,-1.62544,-0.173732,0.689394,-1.92465,0.0982912,0.705961,-2.01946,-0.0965447,0.995258,-1.72292,0.059489,0.219918,-1.24706,-0.124081,0.750405,-1.64539,0.0634567,0.695364,-1.8735,0.0289418,0.737575,-1.70302,0.983588,-7.28537,3.48027,1.35523,-1.77747,4.49021,-1.31689,-2.09076,0.451013,0.27096,-2.34655,-0.581357,
-5.68617,5.60727,9.155,0.521427,2.22457,5.41039,0.45137,0.401203,3.8852,4.20071,-3.91487,4.49487,0,0,0,0,0,0,0,0,0,0,0,0,0.191195,0.214237,-1.55249,-0.145259,0.680556,-1.79404,0.070173,0.678892,-1.96669,-0.0898251,0.934649,-1.73816,0.0630099,0.235597,-1.24679,-0.107861,0.750887,-1.52371,0.0520158,0.669162,-1.77155,0.0203616,0.775021,-1.6571,0.558765,-4.75287,3.073,0.974456,0.588697,5.40302,-1.17766,-0.790369,3.92039,0.206756,-2.47025,-1.25226,
-5.14387,11.8048,3.29778,0.732968,4.60274,7.95128,-2.29637,3.3234,7.80988,3.54597,1.32069,11.1663,0,0,0,0,0,0,0,0,0,0,0,0,0.203289,0.147473,-1.49691,-0.137785,0.722527,-1.78723,0.0553535,0.669351,-1.896,-0.0857121,0.906517,-1.75691,0.088604,0.404499,-1.37533,-0.113504,0.898277,-1.61968,-0.00988065,0.742378,-1.57289,0.00959966,0.917769,-1.50286,0.556448,-1.5238,1.56533,0.23829,2.42727,-1.24914,-0.313,-0.402312,5.11456,0.266501,-0.870609,-1.00452,
-5.0595,8.57149,2.70295,0.745132,4.1471,6.15957,-1.74359,2.3492,6.48006,3.71124,1.21304,11.5961,0,0,0,0,0,0,0,0,0,0,0,0,0.213699,0.162923,-1.50255,-0.133676,0.762716,-1.80506,0.0477225,0.671126,-1.7743,-0.0807421,0.914181,-1.76714,0.0925173,0.432137,-1.46377,-0.109136,0.932282,-1.67457,-0.0163746,0.743603,-1.43463,0.0154184,0.983944,-1.48279,0.212246,2.19706,-1.15185,0.23646,2.63555,-0.939887,-0.820294,0.549871,7.10675,0.135178,1.57748,-0.221812,
-3.92729,6.28321,4.52205,2.53837,0.829399,5.22384,-2.2242,1.99658,11.3141,2.95951,-2.08688,6.67188,0,0,0,0,0,0,0,0,0,0,0,0,0.211765,0.20363,-1.52895,-0.133472,0.816405,-1.81658,0.0402439,0.714868,-1.73425,-0.0802571,0.95447,-1.76709,0.102531,0.430512,-1.47176,-0.0760191,0.892539,-1.69388,-0.0178382,0.82561,-1.47575,-0.00798638,0.942987,-1.59157,-0.442081,2.79208,-2.23457,-0.240267,2.21598,-0.315778,-0.0990803,2.43309,-0.973899,-0.0686834,1.62759,0.348895,
-3.53194,3.19936,6.63207,3.90132,-2.56944,6.38988,-1.46259,1.44053,8.28194,1.43579,-4.76564,-0.959455,0,0,0,0,0,0,0,0,0,0,0,0,0.19802,0.25937,-1.57349,-0.141253,0.856483,-1.82011,0.0389051,0.757711,-1.75556,-0.0816189,0.978445,-1.74922,0.0972976,0.39009,-1.45328,-0.0521511,0.830114,-1.6618,0.00168269,0.832812,-1.5657,-0.0463258,0.877179,-1.74632,-0.496961,2.02943,-1.82384,-0.337249,1.51468,-0.0574636,-0.0263038,1.56349,-0.687632,-0.0240609,0.714984,1.07555,
-3.50591,1.57844,7.22514,4.70209,-4.35755,8.00237,-0.820749,0.096939,6.83058,0.311737,-5.34593,-4.36724,0,0,0,0,0,0,0,0,0,0,0,0,0.189675,0.294713,-1.59952,-0.146465,0.877126,-1.81984,0.0384759,0.77752,-1.76038,-0.0816861,0.983959,-1.73432,0.094181,0.368651,-1.45456,-0.0365274,0.796036,-1.61696,0.0172027,0.807228,-1.59253,-0.0735167,0.85005,-1.83553,-0.313854,1.37907,-1.42677,-0.304594,1.11394,0.112728,-0.0301775,1.09137,-0.116323,0.0150415,-0.0104163,0.318754,
-2.75441,1.07742,5.79569,5.34448,-5.93423,8.1023,-0.854336,-0.94863,6.86685,-1.07136,-3.19422,-2.73832,0,0,0,0,0,0,0,0,0,0,0,0,0.183601,0.3168,-1.62455,-0.153749,0.899368,-1.81275,0.0370719,0.800212,-1.75777,-0.0746425,0.95357,-1.74572,0.106225,0.370788,-1.49671,-0.0278848,0.770672,-1.59786,0.0141673,0.797893,-1.58018,-0.0891598,0.81696,-1.85812,-0.340614,1.08212,-0.682153,-0.309927,0.786412,0.493334,-0.0618503,0.855881,0.236872,0.490668,-2.27018,-1.75754,
-2.06268,0.933177,3.66634,5.62135,-6.94522,7.40343,-1.33242,-1.32785,7.36143,-1.50747,-1.01104,-0.286593,0,0,0,0,0,0,0,0,0,0,0,0,0.176636,0.336689,-1.63293,-0.159722,0.913769,-1.79807,0.0365129,0.81734,-1.75101,-0.0658278,0.887066,-1.79959,0.117876,0.379294,-1.54574,-0.0248485,0.753962,-1.59354,0.00359645,0.801953,-1.55829,-0.0972548,0.774184,-1.86946,-0.287723,0.771047,-0.178842,-0.226397,0.552935,0.777902,0.0157601,0.712356,0.347306,0.250393,-3.50422,-2.50813,
-1.68299,1.35995,2.31307,5.79912,-7.45614,6.84798,-1.8965,-1.18892,8.05967,-1.66232,0.0444536,0.10544,0,0,0,0,0,0,0,0,0,0,0,0,0.171315,0.347814,-1.63445,-0.162426,0.921472,-1.78492,0.0377849,0.827833,-1.74535,-0.0636432,0.82942,-1.83287,0.124413,0.398339,-1.5788,-0.0202599,0.745462,-1.59296,-0.00616373,0.812848,-1.53466,-0.103728,0.737963,-1.87324,-0.193115,0.661084,-0.0868434,-0.112456,0.415737,0.830226,0.138552,0.589513,0.368017,0.0589385,-3.70272,-1.72044,
-1.62026,1.9574,1.71722,5.87748,-7.73234,6.59632,-2.40175,-0.778534,8.35368,-1.66249,0.698195,0.18076,0,0,0,0,0,0,0,0,0,0,0,0,0.168681,0.36074,-1.63653,-0.163497,0.929001,-1.76725,0.0426739,0.838675,-1.73748,-0.0634069,0.758046,-1.85826,0.124498,0.423732,-1.59788,-0.0168892,0.742702,-1.58379,-0.0106125,0.829005,-1.51957,-0.105654,0.703912,-1.8718,-0.147085,0.562276,-0.17108,-0.0131804,0.280389,0.741781,0.270292,0.391736,0.362729,-0.0273686,-2.86356,-0.722175,
-1.74114,2.54151,1.78766,5.81774,-7.63005,6.57865,-2.66552,-0.310808,8.35651,-1.46609,0.876449,0.0278006,0,0,0,0,0,0,0,0,0,0,0,0,0.165981,0.372308,-1.64278,-0.163454,0.934032,-1.75312,0.0489885,0.844992,-1.72983,-0.0653235,0.706886,-1.86606,0.119953,0.448392,-1.60763,-0.0177275,0.748094,-1.57476,-0.0104587,0.842644,-1.51283,-0.105605,0.680447,-1.86817,-0.0999809,0.501857,-0.381664,0.0113121,0.192502,0.556117,0.287634,0.216873,0.323189,-0.145178,-1.93401,-0.111929,
-1.89398,3.00227,2.23858,5.68202,-7.10331,6.60891,-2.67698,-0.0765788,8.49395,-1.20272,0.963517,0.0736396,0,0,0,0,0,0,0,0,0,0,0,0,0.16411,0.382617,-1.65296,-0.163236,0.936823,-1.74543,0.0533755,0.84782,-1.72528,-0.0680562,0.682657,-1.86682,0.11492,0.468991,-1.61012,-0.0209782,0.76338,-1.56948,-0.00706802,0.849985,-1.50688,-0.102934,0.675083,-1.86535,-0.0736337,0.452711,-0.524936,0.0082879,0.165592,0.429193,0.259235,0.163184,0.242355,-0.192374,-1.26647,-0.0149648,
-2.01256,3.34789,2.74951,5.58262,-6.63226,6.58323,-2.66522,-0.0285356,8.68958,-0.923949,0.982866,0.0749183,0,0,0,0,0,0,0,0,0,0,0,0,0.16313,0.389468,-1.66174,-0.163148,0.940254,-1.73791,0.0583978,0.85117,-1.72158,-0.072215,0.663925,-1.86679,0.111348,0.483844,-1.60735,-0.0235061,0.778384,-1.56641,-0.00318447,0.854411,-1.50179,-0.0993349,0.675576,-1.86467,-0.0587009,0.427154,-0.574108,0.00306039,0.157468,0.276967,0.201926,0.158183,0.102092,-0.160849,-0.516824,0.0102067,
-2.10905,3.37799,3.2989,5.48129,-6.1786,6.66675,-2.52627,-0.166179,8.87553,-0.770945,1.01413,-0.016445,0,0,0,0,0,0,0,0,0,0,0,0,0.162048,0.398337,-1.67432,-0.163234,0.943806,-1.7333,0.0620928,0.854897,-1.72076,-0.0741557,0.659179,-1.86627,0.108112,0.492184,-1.60573,-0.0266504,0.793406,-1.56276,0.00221846,0.854972,-1.49882,-0.0941693,0.683159,-1.86538,-0.0484054,0.375905,-0.555069,-0.0179248,0.162603,0.154836,0.131292,0.169195,0.00180792,-0.0295998,-0.0549257,0.0518692,
-2.0695,3.37583,3.54264,5.50433,-5.83502,6.85769,-2.33906,-0.236374,8.96848,-0.623474,1.06553,0.0279572,0,0,0,0,0,0,0,0,0,0,0,0,0.160359,0.405708,-1.68559,-0.164591,0.947391,-1.73117,0.0635464,0.858481,-1.7213,-0.0743434,0.660778,-1.86515,0.106134,0.497769,-1.60886,-0.0293059,0.805636,-1.55826,0.00559001,0.856688,-1.49833,-0.0898908,0.692231,-1.86361,-0.0994884,0.306605,-0.473737,-0.0929414,0.164793,0.0588785,0.0208065,0.164686,-0.0498336,0.00157886,0.192593,0.0334881,
-2.03858,3.4459,3.60527,5.50338,-5.48204,6.94781,-2.27145,-0.232709,9.09729,-0.616798,1.05369,0.0873926,0,0,0,0,0,0,0,0,0,0,0,0,0.158411,0.411321,-1.69433,-0.166499,0.95059,-1.73043,0.0636814,0.861875,-1.72289,-0.0734591,0.666844,-1.86429,0.1051,0.504027,-1.61439,-0.0312514,0.817453,-1.55612,0.00693037,0.860456,-1.49803,-0.0865226,0.703154,-1.86067,-0.0938596,0.262317,-0.407596,-0.0934551,0.156552,0.0249198,0.00140982,0.175951,-0.103026,0.094257,0.398716,0.057213,
-1.99519,3.50492,3.53608,5.50511,-5.1735,7.03393,-2.24588,-0.228642,9.26356,-0.649222,1.0939,0.138818,0,0,0,0,0,0,0,0,0,0,0,0,0.156539,0.41655,-1.70231,-0.168376,0.953847,-1.73009,0.0636612,0.865852,-1.72568,-0.0713396,0.673938,-1.86296,0.104663,0.509731,-1.62208,-0.032733,0.828132,-1.554,0.00745992,0.864879,-1.49778,-0.0834402,0.713984,-1.8568,-0.0798694,0.222347,-0.326515,-0.0793859,0.144895,0.00983503,-0.0021738,0.189732,-0.147754,0.1652,0.507952,0.107445,
-1.97165,3.59811,3.3718,5.5,-4.84167,7.13867,-2.22913,-0.158821,9.37525,-0.751023,1.03962,0.138186,0,0,0,0,0,0,0,0,0,0,0,0,0.155353,0.419854,-1.70699,-0.169548,0.956074,-1.73001,0.0636109,0.868922,-1.72822,-0.0671022,0.685784,-1.85984,0.104259,0.514833,-1.6295,-0.0337961,0.838523,-1.55147,0.00780062,0.869932,-1.49811,-0.0806094,0.726155,-1.85197,-0.0720733,0.201079,-0.272311,-0.0699279,0.139662,0.00265656,-0.00328212,0.199204,-0.170762,0.210734,0.575215,0.176665,
-1.91806,3.6226,3.22899,5.52507,-4.61657,7.26552,-2.23289,-0.131679,9.50245,-0.846856,0.893853,0.113112,0,0,0,0,0,0,0,0,0,0,0,0,0.153779,0.424133,-1.7123,-0.171018,0.959218,-1.73004,0.0635319,0.873571,-1.73234,-0.0623605,0.699329,-1.85508,0.103991,0.519508,-1.63706,-0.0345458,0.847521,-1.54851,0.0076187,0.875874,-1.49984,-0.0781667,0.738054,-1.84603,-0.0734516,0.192391,-0.219272,-0.0661755,0.148682,-0.0044899,-0.00363524,0.22378,-0.202133,0.214608,0.655142,0.248898,
-1.84285,3.61367,3.10942,5.5703,-4.5051,7.40165,-2.26622,-0.120854,9.58985,-0.923388,0.715252,0.0788341,0,0,0,0,0,0,0,0,0,0,0,0,0.15194,0.428657,-1.71698,-0.1726,0.962888,-1.73022,0.0634524,0.879152,-1.73747,-0.0577337,0.714714,-1.84857,0.103845,0.523708,-1.64372,-0.0350191,0.854233,-1.54542,0.00673288,0.882195,-1.50335,-0.0765452,0.748371,-1.83933,-0.0809349,0.188357,-0.179026,-0.0670623,0.158921,-0.00950336,-0.0025608,0.242574,-0.224992,0.170927,0.63105,0.290839,
-1.76256,3.61287,2.99023,5.61272,-4.44475,7.50699,-2.32592,-0.0993559,9.63338,-0.948829,0.625864,0.0820335,0,0,0,0,0,0,0,0,0,0,0,0,0.15023,0.432517,-1.7204,-0.17395,0.966144,-1.73043,0.0634245,0.884154,-1.74215,-0.0549276,0.726413,-1.84254,0.103906,0.527856,-1.64983,-0.0353469,0.859237,-1.54301,0.00527405,0.888189,-1.50744,-0.0757698,0.756053,-1.83249,-0.0904284,0.200705,-0.16754,-0.0686041,0.168473,-0.0100822,-9.36787e-05,0.260746,-0.245043,0.115139,0.559736,0.319959,
-1.6852,3.60539,2.88967,5.64804,-4.39841,7.58517,-2.38551,-0.0879866,9.66038,-0.948734,0.60388,0.0946517,0,0,0,0,0,0,0,0,0,0,0,0,0.148562,0.436174,-1.72331,-0.175177,0.969197,-1.73062,0.0634432,0.888887,-1.74662,-0.0533377,0.735295,-1.83693,0.103975,0.53186,-1.65538,-0.0356813,0.863582,-1.54125,0.00386594,0.893502,-1.51156,-0.0754282,0.761877,-1.82621,-0.098246,0.222043,-0.172531,-0.0682112,0.173837,-0.0101129,0.00241331,0.272568,-0.258123,0.065114,0.459386,0.334073,
-1.58394,3.52417,2.86637,5.69702,-4.41599,7.65526,-2.44663,-0.130505,9.72656,-0.935828,0.526011,0.0243945,0,0,0,0,0,0,0,0,0,0,0,0,0.146239,0.441668,-1.72745,-0.176671,0.973138,-1.73083,0.0635398,0.895138,-1.75255,-0.052507,0.744245,-1.82919,0.103897,0.536442,-1.66066,-0.0359258,0.867307,-1.53969,0.00253689,0.899156,-1.5163,-0.0753804,0.766479,-1.81974,-0.109748,0.266811,-0.194847,-0.0671975,0.182739,-0.00938412,0.00651201,0.29123,-0.276691,0.0208916,0.36335,0.353251,
-1.52201,3.48903,2.8898,5.71831,-4.44111,7.68774,-2.51414,-0.18036,9.77364,-0.942168,0.52639,-0.0117778,0,0,0,0,0,0,0,0,0,0,0,0,0.144023,0.447326,-1.73142,-0.177972,0.977102,-1.73105,0.0638681,0.901459,-1.7586,-0.0521463,0.750627,-1.82224,0.103636,0.541168,-1.6638,-0.0362622,0.870556,-1.53909,0.00162779,0.904157,-1.5212,-0.0754025,0.769772,-1.81478,-0.0934765,0.264664,-0.18533,-0.0499304,0.179249,-0.00919768,0.0245292,0.288276,-0.277715,0.0119202,0.239387,0.309896,
-1.48901,3.51578,2.91891,5.717,-4.41855,7.67046,-2.56674,-0.206066,9.77973,-0.938055,0.564703,-0.00851038,0,0,0,0,0,0,0,0,0,0,0,0,0.14253,0.451813,-1.73449,-0.178735,0.980262,-1.73122,0.064442,0.906535,-1.76352,-0.0519313,0.754057,-1.81729,0.103375,0.546027,-1.66584,-0.0367229,0.874172,-1.53968,0.00121538,0.908471,-1.52592,-0.0751656,0.772254,-1.81082,-0.0772017,0.25278,-0.173003,-0.0365057,0.174938,-0.00881957,0.0376701,0.283478,-0.27558,0.00868686,0.163201,0.267481,
-1.45473,3.51996,2.97864,5.7171,-4.41519,7.63617,-2.61197,-0.261483,9.79378,-0.921302,0.568273,-0.0286633,0,0,0,0,0,0,0,0,0,0,0,0,0.141114,0.456866,-1.7379,-0.179362,0.983759,-1.7314,0.0652951,0.912229,-1.76906,-0.0517964,0.75683,-1.81227,0.103076,0.551181,-1.66764,-0.0371468,0.877769,-1.54071,0.00113359,0.91285,-1.53116,-0.0746811,0.774159,-1.80702,-0.0668087,0.252663,-0.168068,-0.028475,0.175556,-0.00885377,0.0455052,0.286345,-0.277985,0.00591466,0.124876,0.238691,
-1.4273,3.51939,3.0595,5.72499,-4.46263,7.62249,-2.64179,-0.358705,9.78868,-0.904031,0.564723,-0.0417127,0,0,0,0,0,0,0,0,0,0,0,0,0.139658,0.462375,-1.74141,-0.180031,0.987905,-1.73165,0.0663735,0.918921,-1.77553,-0.0516542,0.759259,-1.80744,0.102569,0.55582,-1.66832,-0.0375783,0.88062,-1.54138,0.0014489,0.916826,-1.53744,-0.0740948,0.775516,-1.80389,-0.0562733,0.218409,-0.136033,-0.0268752,0.171227,-0.0116748,0.0448024,0.274901,-0.264858,0.00640613,0.0855278,0.18371,
-1.4168,3.55688,3.10579,5.71735,-4.46717,7.58972,-2.65827,-0.431576,9.72941,-0.887031,0.585814,-0.0174558,0,0,0,0,0,0,0,0,0,0,0,0,0.138632,0.466393,-1.74383,-0.180552,0.991261,-1.7319,0.0672473,0.924292,-1.78069,-0.051477,0.760669,-1.80418,0.10203,0.560139,-1.66904,-0.0382303,0.883737,-1.54247,0.0018855,0.920175,-1.54384,-0.0733723,0.776864,-1.80072,-0.0472792,0.192933,-0.114073,-0.0244791,0.166198,-0.012615,0.0437952,0.266888,-0.255536,0.0112188,0.0619528,0.155801,
-1.41089,3.61396,3.13717,5.70469,-4.43384,7.53766,-2.66685,-0.48488,9.64655,-0.871054,0.621858,0.0272421,0,0,0,0,0,0,0,0,0,0,0,0,0.137833,0.469609,-1.74569,-0.180994,0.994174,-1.73214,0.0679953,0.92894,-1.78512,-0.0511866,0.761605,-1.80166,0.101508,0.564387,-1.66982,-0.0389606,0.887349,-1.54404,0.00236397,0.923272,-1.55011,-0.0724823,0.778391,-1.79735,-0.0420752,0.177165,-0.102133,-0.0233433,0.160876,-0.0136746,0.0415996,0.258158,-0.245978,0.0192272,0.0495617,0.145254,
-1.39604,3.64301,3.18174,5.70251,-4.42241,7.48023,-2.68919,-0.563016,9.61505,-0.859212,0.621897,0.0350525,0,0,0,0,0,0,0,0,0,0,0,0,0.137017,0.47323,-1.74777,-0.181444,0.997407,-1.73242,0.0688317,0.934162,-1.79009,-0.050704,0.762697,-1.79841,0.101108,0.569029,-1.67094,-0.0394229,0.890959,-1.54577,0.00267521,0.926775,-1.55607,-0.0714771,0.779844,-1.79293,-0.040342,0.188935,-0.108282,-0.02168,0.164483,-0.0142378,0.042931,0.267544,-0.254148,0.0282855,0.0639926,0.184326,
-1.38102,3.66418,3.23116,5.71038,-4.43233,7.46495,-2.69683,-0.644855,9.57279,-0.858595,0.623212,0.0578978,0,0,0,0,0,0,0,0,0,0,0,0,0.136093,0.477124,-1.7499,-0.181999,1.00098,-1.7328,0.0696756,0.939877,-1.7955,-0.0499241,0.764148,-1.79454,0.100511,0.573074,-1.67145,-0.0399039,0.894235,-1.54668,0.00316287,0.930188,-1.56226,-0.0703702,0.781421,-1.7884,-0.0422467,0.173848,-0.0932169,-0.0265817,0.162472,-0.0202619,0.0363184,0.257296,-0.243339,0.0407507,0.067713,0.187845,
-1.37103,3.67866,3.27752,5.71206,-4.44208,7.46708,-2.70284,-0.721351,9.52347,-0.864917,0.626541,0.0657934,0,0,0,0,0,0,0,0,0,0,0,0,0.135168,0.480747,-1.75179,-0.182622,1.00451,-1.73335,0.0703978,0.94538,-1.80071,-0.0489029,0.765612,-1.79033,0.0998757,0.576752,-1.67192,-0.040521,0.897457,-1.54736,0.00363123,0.93356,-1.56851,-0.0692521,0.782989,-1.78348,-0.04066,0.161556,-0.0827604,-0.0280212,0.159946,-0.0275961,0.032173,0.24856,-0.235739,0.0509474,0.068549,0.208188,
-1.50835,3.69571,3.57462,5.59047,-4.20259,7.45078,-2.6327,-0.729845,9.23574,-0.778297,0.636282,0.313798,0,0,0,0,0,0,0,0,0,0,0,0,0.134813,0.483631,-1.75372,-0.18286,1.00689,-1.73396,0.0710214,0.949024,-1.80425,-0.0484385,0.768185,-1.79128,0.0969726,0.578782,-1.66669,-0.0432001,0.904611,-1.54863,0.00601704,0.934998,-1.57755,-0.0675722,0.788212,-1.78742,-0.00524954,0.110339,-0.093634,-0.00406444,0.11153,-0.0373696,0.0325228,0.168818,-0.167934,0.0129506,0.164828,-0.159536,
-1.56495,3.81606,3.8054,5.52011,-4.05896,7.29378,-2.59457,-0.747872,8.92648,-0.714032,0.640563,0.377456,0,0,0,0,0,0,0,0,0,0,0,0,0.134782,0.485033,-1.75508,-0.182912,1.00859,-1.73468,0.071512,0.951506,-1.80677,-0.0483013,0.770945,-1.79446,0.095621,0.582339,-1.66175,-0.0449897,0.908933,-1.55311,0.00715517,0.935516,-1.58635,-0.0660408,0.790114,-1.7888,-0.00148107,0.07618,-0.0724019,-0.00323359,0.0728354,-0.0306343,0.0202998,0.108278,-0.109842,0.00445239,0.126215,-0.151302,
-1.59363,3.92051,3.94009,5.47904,-3.94405,7.09251,-2.58002,-0.851012,8.72746,-0.63966,0.633073,0.521387,0,0,0,0,0,0,0,0,0,0,0,0,0.134727,0.486579,-1.75633,-0.182986,1.01009,-1.73515,0.0719091,0.953907,-1.80913,-0.0482154,0.773578,-1.7974,0.0947995,0.586339,-1.65899,-0.0461004,0.913193,-1.55823,0.00783601,0.935521,-1.59372,-0.0641143,0.792376,-1.78746,-0.00348683,0.0698977,-0.0465166,-0.00360197,0.068313,-0.0155497,0.0170927,0.115577,-0.11095,0.00370357,0.118858,-0.123762,
-1.62349,4.01066,4.04769,5.4498,-3.83655,6.93522,-2.57431,-0.943586,8.56468,-0.561239,0.65278,0.706324,0,0,0,0,0,0,0,0,0,0,0,0,0.134645,0.488076,-1.75724,-0.183068,1.01155,-1.73545,0.0722535,0.956425,-1.81151,-0.0481364,0.776027,-1.7998,0.0939616,0.590045,-1.657,-0.0469178,0.917318,-1.5624,0.00827423,0.935744,-1.60013,-0.0620776,0.795067,-1.78469,-0.00383884,0.0680625,-0.0382957,-0.00378967,0.0672165,-0.0132007,0.0151403,0.116336,-0.109419,0.00359011,0.108829,-0.101943,
-1.65518,4.08505,4.15813,5.42339,-3.74312,6.80871,-2.57753,-1.02024,8.42269,-0.484985,0.677599,0.908628,0,0,0,0,0,0,0,0,0,0,0,0,0.134567,0.489528,-1.75804,-0.18315,1.013,-1.73575,0.0725711,0.958921,-1.81386,-0.0480591,0.77831,-1.80189,0.0931053,0.593299,-1.65499,-0.0476563,0.921082,-1.56591,0.00849248,0.936265,-1.60598,-0.0600943,0.797819,-1.78153,-0.00327751,0.0657874,-0.0360537,-0.00363668,0.0663857,-0.0150419,0.0143817,0.11399,-0.107552,0.00357623,0.102745,-0.0941567,
-1.68646,4.16014,4.26066,5.39277,-3.63598,6.68815,-2.58112,-1.06502,8.27865,-0.410106,0.720154,1.0971,0,0,0,0,0,0,0,0,0,0,0,0,0.134516,0.490659,-1.75868,-0.183214,1.01416,-1.73605,0.0728163,0.960879,-1.81572,-0.0479982,0.780066,-1.80349,0.0922941,0.596222,-1.65305,-0.048483,0.924876,-1.5693,0.00862677,0.93697,-1.61133,-0.0581663,0.800486,-1.77827,-0.00242941,0.0623663,-0.0353735,-0.00350876,0.0647373,-0.018151,0.0135359,0.108685,-0.103423,0.00338213,0.0966584,-0.0881312,
-1.71875,4.21922,4.37342,5.36053,-3.5392,6.5795,-2.58722,-1.11218,8.15134,-0.33463,0.753126,1.29601,0,0,0,0,0,0,0,0,0,0,0,0,0.134477,0.492002,-1.75947,-0.183291,1.01558,-1.73651,0.0731029,0.963214,-1.81795,-0.0479286,0.782142,-1.80541,0.0914771,0.598999,-1.65106,-0.0493668,0.928729,-1.57261,0.00873986,0.938038,-1.61668,-0.0562198,0.803307,-1.77519,-0.0012326,0.0606863,-0.0370377,-0.00354158,0.0652449,-0.0234317,0.0126949,0.105136,-0.100636,0.00298452,0.0935028,-0.0872211,
-1.75293,4.26845,4.486,5.32389,-3.4375,6.46833,-2.59014,-1.14268,8.00752,-0.256487,0.794287,1.47836,0,0,0,0,0,0,0,0,0,0,0,0,0.134465,0.493293,-1.76016,-0.183356,1.01673,-1.73697,0.0733153,0.965017,-1.81967,-0.0478816,0.783755,-1.80693,0.0906425,0.60147,-1.64898,-0.0503498,0.932414,-1.57595,0.00885187,0.938966,-1.62189,-0.0542319,0.805861,-1.77211,2.11391e-05,0.0586415,-0.0390233,-0.0036397,0.0649969,-0.0275986,0.0116024,0.100636,-0.0962869,0.00247404,0.0899575,-0.0856394,
-1.78707,4.30928,4.61342,5.28724,-3.3536,6.35013,-2.59501,-1.19396,7.87759,-0.176138,0.817532,1.67267,0,0,0,0,0,0,0,0,0,0,0,0,0.134475,0.494383,-1.76106,-0.183438,1.0182,-1.73763,0.0735631,0.967253,-1.8218,-0.0478327,0.785755,-1.80885,0.0898212,0.603646,-1.64679,-0.0513529,0.936056,-1.57968,0.00896017,0.939952,-1.62728,-0.0521867,0.808479,-1.76923,0.000921031,0.0612294,-0.0428711,-0.00382197,0.0679611,-0.0321241,0.010889,0.101915,-0.0965949,0.00197613,0.0914416,-0.0880633,
-1.82618,4.3369,4.75312,5.24591,-3.26576,6.2289,-2.59407,-1.23535,7.72401,-0.0913591,0.84693,1.85721,0,0,0,0,0,0,0,0,0,0,0,0,0.134509,0.495699,-1.76204,-0.183525,1.01966,-1.73838,0.073779,0.969391,-1.82382,-0.0477989,0.787679,-1.81071,0.0889043,0.605615,-1.64435,-0.052477,0.939689,-1.58355,0.00915767,0.940902,-1.63296,-0.0500514,0.811002,-1.76637,0.00200726,0.0597388,-0.0457354,-0.00401198,0.0668383,-0.0356079,0.00921562,0.0957779,-0.0897563,0.0012582,0.0860093,-0.0835428,
-1.86437,4.37319,4.88113,5.19839,-3.16211,6.08755,-2.59292,-1.26073,7.55205,-0.000623455,0.889234,2.0411,0,0,0,0,0,0,0,0,0,0,0,0,0.134546,0.496633,-1.76278,-0.183589,1.02071,-1.73896,0.0739137,0.970862,-1.82519,-0.0477836,0.789,-1.812,0.0880026,0.607434,-1.64191,-0.0537323,0.943315,-1.58771,0.00929745,0.941667,-1.63855,-0.0477774,0.813298,-1.76298,0.00261603,0.0588222,-0.0465662,-0.00410786,0.0663943,-0.0376561,0.00827143,0.0929321,-0.086585,0.000869473,0.0827034,-0.080189,
-1.90601,4.38593,5.03431,5.14941,-3.0735,5.94081,-2.59459,-1.31127,7.39505,0.0980808,0.915397,2.25919,0,0,0,0,0,0,0,0,0,0,0,0,0.134619,0.498064,-1.76392,-0.18369,1.02233,-1.73991,0.0741051,0.973115,-1.82728,-0.0477671,0.790989,-1.81392,0.0870531,0.609218,-1.63927,-0.0550616,0.947214,-1.59241,0.0094334,0.942691,-1.64459,-0.0453019,0.81595,-1.75945,0.00336404,0.0602544,-0.0485319,-0.00426977,0.068712,-0.0410436,0.00772307,0.0943023,-0.0872862,0.000524463,0.083045,-0.0802905,
-1.95019,4.40216,5.19264,5.09551,-2.97532,5.78038,-2.59502,-1.35098,7.2182,0.203777,0.955985,2.48443,0,0,0,0,0,0,0,0,0,0,0,0,0.1347,0.49938,-1.765,-0.183785,1.02384,-1.74084,0.0742667,0.975159,-1.82917,-0.0477593,0.792785,-1.81566,0.0860436,0.610931,-1.63643,-0.0565068,0.951187,-1.59742,0.00957029,0.943696,-1.65085,-0.0426589,0.818717,-1.75553,0.00392946,0.0598637,-0.0499021,-0.0043752,0.0690199,-0.0435048,0.0071624,0.092473,-0.0854103,0.000237246,0.081329,-0.0792665,
-1.99538,4.42361,5.35623,5.03699,-2.87009,5.6071,-2.59551,-1.38576,7.03417,0.31481,1.00927,2.72649,0,0,0,0,0,0,0,0,0,0,0,0,0.134792,0.500678,-1.7661,-0.183882,1.02536,-1.74182,0.0744192,0.977159,-1.83102,-0.0477558,0.794538,-1.81738,0.085017,0.612736,-1.63345,-0.0580684,0.955331,-1.60279,0.00970253,0.944774,-1.65726,-0.039883,0.821752,-1.75117,0.00436874,0.058716,-0.0503267,-0.00444206,0.0690155,-0.0458604,0.00684637,0.0903744,-0.0838618,0.000103528,0.0792691,-0.0781324,
-2.0401,4.46226,5.51311,4.97335,-2.74257,5.41586,-2.59465,-1.40325,6.84317,0.430911,1.09199,2.97733,0,0,0,0,0,0,0,0,0,0,0,0,0.134892,0.501588,-1.7669,-0.183952,1.02643,-1.74256,0.0745237,0.978546,-1.83231,-0.0477549,0.795758,-1.81859,0.0840054,0.614567,-1.63032,-0.05973,0.959579,-1.60835,0.00982399,0.945662,-1.66329,-0.0369791,0.824969,-1.74606,0.00463049,0.0568823,-0.0496435,-0.00445433,0.068404,-0.0475157,0.00666604,0.0878575,-0.0821747,0.000120472,0.0764424,-0.0758359,
-2.08512,4.48082,5.6971,4.90983,-2.64087,5.22692,-2.59537,-1.44502,6.67318,0.549211,1.1669,3.25942,0,0,0,0,0,0,0,0,0,0,0,0,0.134971,0.502852,-1.768,-0.184053,1.02798,-1.74366,0.0746745,0.980519,-1.83416,-0.0477514,0.797465,-1.82029,0.0829717,0.61633,-1.62682,-0.0614233,0.963773,-1.61429,0.00996643,0.946683,-1.66949,-0.0340163,0.828616,-1.74078,0.00513467,0.0583192,-0.0501588,-0.00465862,0.0725268,-0.0522349,0.00704933,0.0915889,-0.0862354,0.000193044,0.0791437,-0.0789481,
-2.13317,4.49865,5.89387,4.84249,-2.54349,5.03188,-2.59301,-1.48435,6.49545,0.669284,1.25454,3.55341,0,0,0,0,0,0,0,0,0,0,0,0,0.13509,0.504138,-1.76911,-0.184157,1.0296,-1.74485,0.0748305,0.98254,-1.83607,-0.0477477,0.799219,-1.82206,0.0819012,0.618072,-1.62304,-0.0632145,0.967884,-1.62045,0.0101834,0.947735,-1.67586,-0.0310125,0.832594,-1.73526,0.00560967,0.0587179,-0.0510156,-0.00479225,0.0747025,-0.055711,0.00712924,0.0921491,-0.0869068,0.000124086,0.0804746,-0.0816629,
-2.18231,4.51696,6.09857,4.76965,-2.45203,4.82699,-2.5865,-1.52021,6.30194,0.78928,1.35532,3.85158,0,0,0,0,0,0,0,0,0,0,0,0,0.135216,0.505391,-1.77022,-0.184262,1.03122,-1.74608,0.0749821,0.984493,-1.83792,-0.0477461,0.800937,-1.82382,0.0808046,0.619723,-1.619,-0.0651396,0.971754,-1.62684,0.0104915,0.948694,-1.68245,-0.0280118,0.836759,-1.72953,0.00584291,0.0563217,-0.049857,-0.00477246,0.0735196,-0.0570318,0.00687725,0.0882201,-0.0835069,9.19482e-05,0.0775635,-0.0799288,
-2.22959,4.54956,6.28809,4.68959,-2.35107,4.60517,-2.57764,-1.54445,6.09692,0.910433,1.48182,4.15776,0,0,0,0,0,0,0,0,0,0,0,0,0.13531,0.506266,-1.77101,-0.184337,1.03237,-1.74699,0.0750889,0.98586,-1.83921,-0.047745,0.802143,-1.82507,0.0797186,0.621374,-1.615,-0.067215,0.975419,-1.63331,0.0108185,0.949422,-1.68885,-0.0249808,0.841088,-1.72309,0.00592875,0.0547738,-0.0478099,-0.0047212,0.0731398,-0.0577948,0.00682596,0.0869207,-0.0826227,0.000133042,0.0759949,-0.0784971,
-2.2799,4.56706,6.49921,4.60697,-2.2811,4.3926,-2.57,-1.59117,5.90999,1.03192,1.60439,4.50431,0,0,0,0,0,0,0,0,0,0,0,0,0.135457,0.507584,-1.77212,-0.184449,1.03415,-1.74841,0.0752555,0.98798,-1.84123,-0.0477409,0.803985,-1.82697,0.0786155,0.623138,-1.61079,-0.0693906,0.979,-1.64008,0.0111794,0.950425,-1.69559,-0.0219391,0.846028,-1.71635,0.0062551,0.05509,-0.0460149,-0.0046335,0.0750127,-0.0596327,0.00695804,0.0889864,-0.0844226,0.000147463,0.0773294,-0.0795824,
-2.33151,4.59398,6.70934,4.51565,-2.20987,4.16949,-2.55954,-1.62708,5.70488,1.15568,1.75117,4.86831,0,0,0,0,0,0,0,0,0,0,0,0,0.135596,0.508777,-1.77311,-0.184548,1.03578,-1.74971,0.0754047,0.98991,-1.84306,-0.047739,0.80566,-1.82869,0.0774694,0.624975,-1.60648,-0.0717679,0.982386,-1.64695,0.011583,0.951421,-1.7025,-0.0188471,0.85134,-1.70895,0.00643619,0.0539451,-0.0442052,-0.00442512,0.0739167,-0.0591306,0.00666812,0.0874964,-0.0827029,1.29727e-06,0.0759978,-0.078321,
-2.3849,4.62071,6.91862,4.41406,-2.14889,3.92548,-2.54526,-1.652,5.4792,1.28259,1.92551,5.24906,0,0,0,0,0,0,0,0,0,0,0,0,0.135739,0.509942,-1.77405,-0.184642,1.03738,-1.75065,0.0755083,0.991288,-1.84436,-0.0477398,0.806853,-1.82992,0.0762791,0.62677,-1.60213,-0.0743943,0.985462,-1.65398,0.0120393,0.952182,-1.70945,-0.0156766,0.856864,-1.7006,0.00650755,0.0524074,-0.0415674,-0.00413581,0.0719688,-0.0588845,0.00649959,0.0877684,-0.0829154,-5.66291e-05,0.0749419,-0.0763819,
