tau_cal_0,tau_cal_1,tau_cal_2,tau_cal_3,tau_cal_4,tau_cal_5,tau_cal_6,tau_cal_7,tau_cal_8,tau_cal_9,tau_cal_10,tau_cal_11,tau_est_0,tau_est_1,tau_est_2,tau_est_3,tau_est_4,tau_est_5,tau_est_6,tau_est_7,tau_est_8,tau_est_9,tau_est_10,tau_est_11,joint_pos_0,joint_pos_1,joint_pos_2,joint_pos_3,joint_pos_4,joint_pos_5,joint_pos_6,joint_pos_7,joint_pos_8,joint_pos_9,joint_pos_10,joint_pos_11,joint_pos_target_0,joint_pos_target_1,joint_pos_target_2,joint_pos_target_3,joint_pos_target_4,joint_pos_target_5,joint_pos_target_6,joint_pos_target_7,joint_pos_target_8,joint_pos_target_9,joint_pos_target_10,joint_pos_target_11,joint_vel_0,joint_vel_1,joint_vel_2,joint_vel_3,joint_vel_4,joint_vel_5,joint_vel_6,joint_vel_7,joint_vel_8,joint_vel_9,joint_vel_10,joint_vel_11,
-3.36141,-19.7379,-24.5474,-3.696,-31.3235,-5.54205,7.71547,14.0399,9.92045,-18.7584,60,-2.83606,0,0,0,0,0,0,0,0,0,0,0,0,0.117444,0.869726,-1.4105,0.0705539,0.74134,-1.39203,0.119035,0.873504,-1.41182,0.102591,-0.499809,-1.43944,-0.088106,0.586077,-1.79612,-0.12453,0.145234,-1.48789,0.119707,1.20634,-1.16806,-0.235578,0.617498,-1.4829,-5.77736,3.00885,2.42799,-5.11535,-1.06349,0.195851,-5.58438,3.10269,2.53545,0.115736,-1.09162,0.324175,
3.45747,-21.4583,-25.9338,6.79041,-28.7796,-4.00846,14.6967,21.5822,6.61333,-14.1816,60,-1.97269,0,0,0,0,0,0,0,0,0,0,0,0,-0.00235414,0.892999,-1.36498,-0.0369598,0.719706,-1.39986,0.00525531,0.897396,-1.34641,0.0656297,-0.507685,-1.44656,-0.0766412,0.531187,-1.82924,-0.054092,0.12579,-1.46217,0.161323,1.32427,-1.13028,-0.256816,0.626214,-1.5141,-5.48601,1.13357,0.29063,-5.62377,-2.82602,0.42272,-4.44581,1.37863,3.83522,-2.58392,0.272317,-1.2667,
-4.36289,-12.3933,-6.0247,5.1809,-9.26714,-7.84745,1.50168,8.15505,-2.15704,-9.86598,47.885,18.2463,0,0,0,0,0,0,0,0,0,0,0,0,-0.0696624,0.90904,-1.45989,-0.128681,0.585034,-1.36199,-0.0161781,0.968452,-1.27965,-0.0104229,-0.468774,-1.51069,-0.182031,0.679864,-1.73592,-0.0963239,0.215556,-1.46109,0.0389001,1.241,-1.253,-0.297373,0.460558,-1.25856,-1.32173,-0.15373,-6.65929,-2.47364,-8.03937,1.74292,1.111,4.971,2.63487,-4.30275,2.34781,-3.18468,
-5.66856,5.00428,12.6991,-0.938713,4.65756,-7.7281,3.83166,0.337796,-0.929941,-1.9933,40.8554,19.1772,0,0,0,0,0,0,0,0,0,0,0,0,-0.0705725,0.861346,-1.63405,-0.132711,0.38144,-1.37085,0.0405764,1.13721,-1.2347,-0.127519,-0.425146,-1.53737,-0.188129,0.882763,-1.56929,-0.136989,0.273587,-1.56843,0.155428,1.33798,-1.23237,-0.295956,0.340207,-1.13817,-0.579669,-2.78283,-6.64514,0.5116,-7.70145,-2.28272,1.80741,7.78535,0.7696,-5.2878,0.901093,2.02077,
-3.64893,15.8585,15.4424,-2.93695,11.0203,-4.34563,7.567,2.09909,3.8728,1.72711,32.1772,13.1155,0,0,0,0,0,0,0,0,0,0,0,0,-0.0841084,0.790158,-1.7295,-0.111535,0.2448,-1.41833,0.0727599,1.2578,-1.22977,-0.208883,-0.433574,-1.45604,-0.188542,0.988743,-1.50341,-0.135123,0.321635,-1.60271,0.261853,1.46306,-1.15793,-0.291341,0.125583,-1.05389,-1.52356,-3.59009,-2.18741,1.19242,-4.94138,-4.21492,2.06045,6.68388,0.0571463,-4.55438,-1.03533,6.54711,
-3.02067,9.94571,14.7217,-3.41579,7.79027,7.83483,9.38361,10.4233,5.65505,3.44053,14.5629,5.00317,0,0,0,0,0,0,0,0,0,0,0,0,-0.122394,0.73329,-1.72779,-0.0898145,0.184372,-1.57517,0.140765,1.38894,-1.22599,-0.292228,-0.449203,-1.29242,-0.240112,0.845931,-1.4273,-0.119697,0.263054,-1.60581,0.413305,1.72418,-1.10749,-0.309404,-0.190653,-0.996964,-2.51186,-2.72764,1.31262,1.28891,-2.51836,-6.9237,4.07714,5.829,0.627387,-3.18925,-0.249261,8.17946,
-5.22071,-1.45405,10.1651,-4.68871,1.45841,2.90456,17.7785,21.2184,10.0178,-12.4488,-1.18614,0.108774,0,0,0,0,0,0,0,0,0,0,0,0,-0.184126,0.701839,-1.6637,-0.0800678,0.155135,-1.68647,0.204158,1.52247,-1.2093,-0.231266,-0.432177,-1.09706,-0.342194,0.64659,-1.36127,-0.154227,0.143654,-1.71413,0.586083,2.08442,-1.01048,-0.356683,-0.408293,-0.887008,-2.52584,-1.15248,4.70414,0.443618,-1.51991,-3.21859,2.34722,7.04643,0.667131,4.03696,1.81803,8.32297,
-5.52037,0.105658,9.08619,-3.06044,1.23472,-6.40293,31.4966,41.3162,2.26352,-10.1098,-8.62142,-5.07392,0,0,0,0,0,0,0,0,0,0,0,0,-0.254375,0.685031,-1.54156,-0.107255,0.124382,-1.71036,0.21141,1.61578,-1.14137,-0.196467,-0.368371,-0.961054,-0.437766,0.665606,-1.20261,-0.202885,0.120882,-1.84728,0.788401,2.36132,-0.915778,-0.366444,-0.440188,-0.904308,-3.32078,-0.853841,6.95006,-1.59941,-1.03801,-0.820082,0.17301,-0.226713,7.37755,0.553509,3.39743,5.95997,
-3.21445,1.39891,3.83529,0.0227413,-3.22305,-7.52142,30.3804,51.936,5.42562,-6.03771,-9.65113,-13.29,0,0,0,0,0,0,0,0,0,0,0,0,-0.308118,0.6771,-1.42031,-0.138425,0.11405,-1.72691,0.234171,1.62062,-1.03073,-0.20645,-0.308512,-0.870423,-0.4443,0.698337,-1.17167,-0.185735,0.0558096,-1.90817,0.841711,2.57875,-0.788766,-0.344957,-0.392188,-1.00407,-3.1095,-0.167919,7.15616,-1.90895,0.0144179,-1.77993,2.20674,0.553452,5.7326,-1.14923,3.67194,4.31958,
-1.12642,-4.82487,-2.13273,1.12464,-10.4921,0.981744,16.7466,60,18.1285,-4.36176,-10.6503,-8.46756,0,0,0,0,0,0,0,0,0,0,0,0,-0.368752,0.691727,-1.27451,-0.176625,0.127073,-1.78919,0.314215,1.63651,-0.925817,-0.241138,-0.225565,-0.822864,-0.448612,0.642818,-1.15609,-0.191878,-0.0459394,-1.85599,0.740187,2.87814,-0.483593,-0.36109,-0.312088,-0.969088,-2.37518,1.55263,6.28788,-1.42803,0.710142,-3.38624,4.85952,1.25356,4.50462,-1.62589,4.28479,0.309268,
-1.11983,-18.8757,3.96881,-7.24243,-16.2404,-4.07677,9.78091,60,23.5032,-1.37963,-11.4732,0.334186,0,0,0,0,0,0,0,0,0,0,0,0,-0.402781,0.742118,-1.16917,-0.176218,0.12806,-1.83685,0.403413,1.69465,-0.824012,-0.291114,-0.121053,-0.863895,-0.452553,0.461769,-0.98607,-0.276643,-0.187447,-1.92689,0.662156,3.10392,-0.269625,-0.386375,-0.229851,-0.913789,-1.17646,2.51387,4.43768,1.2502,-0.809092,-0.63674,3.23631,4.2252,5.08225,-2.80709,3.99219,-2.2388,
-2.18076,-22.3759,6.04346,-14.057,-18.5836,-12.0255,10.0703,60,18.2366,2.90131,-16.0974,2.97167,0,0,0,0,0,0,0,0,0,0,0,0,-0.413757,0.779793,-1.10203,-0.147248,0.0993549,-1.82654,0.439903,1.79696,-0.742161,-0.337626,-0.0715795,-0.896582,-0.461202,0.409471,-0.894741,-0.364505,-0.289391,-2.02195,0.655865,3.08912,-0.249846,-0.374405,-0.283927,-0.873732,-0.311794,1.46055,3.89646,1.53299,-2.03445,0.929164,1.31464,6.76019,6.42961,-3.5812,3.21329,-1.24719,
-1.80341,-12.3675,-6.9194,-14.2298,-15.6348,-9.67286,14.397,34.67,0.384844,8.78514,-26.3863,3.52051,0,0,0,0,0,0,0,0,0,0,0,0,-0.407705,0.731199,-0.950481,-0.133636,0.0369769,-1.82866,0.417372,2.00921,-0.542001,-0.433601,-0.0178454,-0.892857,-0.426903,0.406295,-0.901584,-0.389089,-0.315544,-2.04296,0.640643,2.88348,-0.316551,-0.360514,-0.461432,-0.799821,0.543628,-4.00165,6.9882,0.13085,-2.73007,-1.53731,-1.53971,9.75646,8.73811,-3.4657,1.4466,1.1611,
-4.69789,-0.0604024,-6.04467,-13.3143,-4.97279,-3.2861,14.0185,56.0999,4.97031,6.0487,-11.219,-2.14916,0,0,0,0,0,0,0,0,0,0,0,0,-0.396848,0.630176,-0.834025,-0.128397,-0.031574,-1.88422,0.417047,2.12058,-0.410592,-0.480116,-0.00780884,-0.850041,-0.472393,0.501813,-0.843182,-0.36917,-0.216641,-2.0237,0.695886,3.21608,-0.261555,-0.401987,-0.221974,-0.819624,0.394874,-5.0906,4.02984,0.0521571,-3.78609,-3.18956,0.958352,3.01992,2.34672,-1.2739,-0.407312,2.77971,
-4.25632,5.38097,-2.08391,-10.4968,3.45302,2.42224,9.92517,54.6811,18.683,3.60295,0.989333,-6.60427,0,0,0,0,0,0,0,0,0,0,0,0,-0.395759,0.545504,-0.799763,-0.130958,-0.105973,-1.94613,0.449203,2.20303,-0.429954,-0.484827,-0.0293939,-0.796329,-0.481262,0.532398,-0.821238,-0.32837,-0.153579,-1.99496,0.683914,3.34058,-0.165915,-0.414933,-0.0529858,-0.841657,-0.32462,-4.43768,0.656588,-0.26247,-4.41552,-3.71477,2.17015,5.73411,-3.02612,0.175414,-1.66319,2.98997,
-0.00202084,3.29537,1.71836,-8.95842,8.46277,8.6613,3.68242,43.3072,34.9048,4.11455,9.1828,-4.77562,0,0,0,0,0,0,0,0,0,0,0,0,-0.428345,0.483074,-0.814961,-0.139512,-0.190403,-2.0244,0.494529,2.37756,-0.556378,-0.486021,-0.0716808,-0.753541,-0.485412,0.492638,-0.817798,-0.314862,-0.12965,-1.95159,0.610571,3.34719,-0.0513079,-0.41659,0.0704883,-0.833882,-2.28121,-2.01409,-1.3632,-0.4988,-3.72464,-3.38679,1.96357,7.28889,-5.1825,-0.215159,-0.991638,0.25955,
1.3682,-0.316223,6.44917,-11.1191,8.72958,5.96867,2.24284,41.2197,35.1589,3.65332,9.47225,2.51509,0,0,0,0,0,0,0,0,0,0,0,0,-0.484277,0.459928,-0.844738,-0.155582,-0.272667,-2.0728,0.528283,2.50325,-0.619063,-0.490797,-0.0676946,-0.77872,-0.527508,0.435003,-0.756937,-0.379167,-0.192137,-1.98091,0.589842,3.36902,0.00157011,-0.428485,0.132283,-0.782098,-2.72428,-0.767038,-1.17828,-0.856769,-3.12757,-0.665201,0.831239,4.65275,-0.744787,-0.16448,1.11021,-1.96424,
1.35374,-0.252784,5.74416,-9.85246,5.40026,0.541782,6.4467,46.2576,27.1485,4.10085,4.78432,2.39037,0,0,0,0,0,0,0,0,0,0,0,0,-0.539342,0.441029,-0.850687,-0.181842,-0.326226,-2.06825,0.531591,2.56403,-0.577775,-0.492606,-0.0220479,-0.822279,-0.565334,0.408339,-0.723783,-0.403333,-0.279783,-2.04545,0.639798,3.45242,0.00446999,-0.422486,0.133327,-0.818655,-2.02419,-1.12374,0.898587,-1.6942,-2.06972,0.518119,-0.360236,1.89363,3.54543,-0.177629,2.73551,-1.5935,
2.5273,1.37433,1.6857,-10.2295,-7.5319,-4.14428,12.0002,48.0511,23.4469,4.8363,-2.49338,-1.91117,0,0,0,0,0,0,0,0,0,0,0,0,-0.577332,0.411781,-0.809277,-0.218321,-0.324281,-2.04885,0.509966,2.5932,-0.489968,-0.493951,0.0506421,-0.838785,-0.568698,0.399984,-0.712868,-0.443827,-0.415968,-2.09949,0.697001,3.50882,0.0323615,-0.39608,0.104043,-0.890693,-1.49269,-1.4714,2.63042,-1.58061,1.81025,0.988468,-1.24605,1.67849,3.8409,0.397513,3.94941,-0.686362,
1.39755,2.0969,0.152342,-9.13248,-10.3895,-6.41723,13.1919,48.3854,23.9018,3.90786,-3.41687,-4.15312,0,0,0,0,0,0,0,0,0,0,0,0,-0.593805,0.389346,-0.762244,-0.246666,-0.296048,-2.02659,0.494146,2.62884,-0.433508,-0.482563,0.111885,-0.83617,-0.582384,0.399171,-0.694078,-0.45646,-0.452188,-2.11687,0.719009,3.56251,0.0714417,-0.388945,0.126324,-0.906966,-0.559575,-1.13202,2.61584,-1.74997,1.31039,1.05563,-0.599561,2.15724,2.81485,0.902637,3.06257,0.188618,
-0.330475,2.51232,-0.885702,-6.95184,-10.1466,-8.06686,11.0867,47.2494,26.0827,1.45316,0.628465,-1.87834,0,0,0,0,0,0,0,0,0,0,0,0,-0.597468,0.374452,-0.715158,-0.280584,-0.27473,-1.99416,0.488283,2.67729,-0.390369,-0.454315,0.162011,-0.841342,-0.603188,0.411052,-0.682644,-0.444498,-0.433824,-2.10294,0.688082,3.59744,0.123571,-0.38903,0.222238,-0.88952,0.0115376,-0.363126,1.94471,-1.50067,1.01561,1.51553,-0.0711419,2.44278,1.58841,1.55456,1.95203,-0.561051,
-0.706692,0.315475,-1.79827,-4.45981,-9.98053,-7.74528,8.51509,45.5086,26.296,-0.195141,4.60459,1.07345,0,0,0,0,0,0,0,0,0,0,0,0,-0.597476,0.377178,-0.684908,-0.309792,-0.25354,-1.96479,0.489517,2.72926,-0.363543,-0.424298,0.192055,-0.85807,-0.615256,0.395135,-0.690093,-0.42515,-0.409983,-2.07124,0.644806,3.61629,0.146477,-0.398166,0.310647,-0.862572,-0.197276,0.488861,1.10043,-1.37084,1.00083,1.37484,0.0187986,2.38388,1.27645,1.18721,1.39491,-0.960785,
-0.147961,-1.91516,-2.56397,-2.06303,-9.88886,-7.20415,7.24571,43.7126,23.6232,-0.849106,3.80494,3.54132,0,0,0,0,0,0,0,0,0,0,0,0,-0.606913,0.392949,-0.669694,-0.337518,-0.23385,-1.93625,0.487415,2.77505,-0.334417,-0.408311,0.223214,-0.876743,-0.625902,0.378185,-0.704051,-0.407901,-0.390692,-2.03388,0.612898,3.62064,0.132081,-0.413767,0.336175,-0.831238,-0.651944,0.802274,0.490433,-1.31497,0.918194,1.33428,-0.250307,2.03265,1.47944,0.399273,1.75122,-0.755298,
0.448871,-2.45879,-2.56064,-0.151118,-7.83496,-7.91486,6.85066,42.2963,21.3778,-1.01952,-0.0909977,4.02267,0,0,0,0,0,0,0,0,0,0,0,0,-0.618984,0.404481,-0.664922,-0.358363,-0.220985,-1.91144,0.481269,2.80812,-0.308638,-0.406926,0.256543,-0.882841,-0.628251,0.372403,-0.708444,-0.388025,-0.349814,-2.01534,0.595502,3.62343,0.114322,-0.429326,0.303371,-0.80852,-0.697143,0.505113,0.121436,-1.07659,0.544977,1.60006,-0.412987,1.85123,1.37094,-0.154536,1.9393,0.0473005,
0.719692,-2.05053,-2.04461,1.29644,-5.18675,-8.43297,6.38443,40.3063,20.1688,-0.802503,-3.30561,3.01113,0,0,0,0,0,0,0,0,0,0,0,0,-0.629237,0.407984,-0.666592,-0.37311,-0.215392,-1.88394,0.473786,2.84057,-0.289435,-0.414392,0.287905,-0.87003,-0.62807,0.370372,-0.709431,-0.36592,-0.303992,-2.00074,0.579529,3.62017,0.0989929,-0.444184,0.265964,-0.783939,-0.476714,-0.0131756,-0.22655,-0.655263,0.228178,1.46099,-0.413496,1.87035,0.868927,-0.608042,1.52644,1.25375,
0.480959,-0.819412,-0.861105,1.67254,-3.25078,-7.69785,5.24219,38.1254,19.6638,-0.1693,-2.12969,1.28674,0,0,0,0,0,0,0,0,0,0,0,0,-0.633918,0.401077,-0.675201,-0.379477,-0.212801,-1.86101,0.467017,2.87896,-0.278542,-0.430931,0.307137,-0.830565,-0.626139,0.373252,-0.70376,-0.3503,-0.267215,-1.98685,0.556303,3.61672,0.0862834,-0.456214,0.27869,-0.750929,-0.0386403,-0.517074,-0.516125,-0.0492998,0.187639,0.564802,-0.241061,1.78285,0.292027,-0.888195,0.410988,2.24962,
0.216015,0.380797,-0.193976,1.28107,-2.87224,-5.03245,3.84509,36.3955,19.3653,0.829877,2.92055,-0.334477,0,0,0,0,0,0,0,0,0,0,0,0,-0.631429,0.386954,-0.687346,-0.376215,-0.205896,-1.86745,0.463738,2.91283,-0.277047,-0.454144,0.301107,-0.773383,-0.62351,0.37543,-0.70522,-0.3449,-0.249398,-1.97208,0.52989,3.61115,0.0730007,-0.463093,0.341278,-0.723426,0.15967,-0.737908,-0.573908,0.320895,0.348803,-0.525546,-0.150338,1.46335,-0.0819073,-0.96153,-0.517166,2.24157,
0.25279,1.15459,-0.0884861,1.1271,-2.88642,-2.46126,3.08662,35.1646,19.7432,1.2967,4.83353,-0.836233,0,0,0,0,0,0,0,0,0,0,0,0,-0.628253,0.374464,-0.696216,-0.370791,-0.199109,-1.88679,0.461499,2.93547,-0.2788,-0.466943,0.293296,-0.74084,-0.619515,0.378699,-0.709334,-0.342681,-0.243412,-1.96243,0.514117,3.60386,0.0764092,-0.464957,0.37665,-0.717194,0.165643,-0.670302,-0.460394,0.304689,0.327089,-1.23555,-0.140098,1.16107,-0.150278,-0.863598,-0.181125,1.55402,
0.177317,1.25576,0.255786,1.01826,-2.99096,-1.88326,4.21103,36.1276,20.5008,1.92677,1.08172,-1.21529,0,0,0,0,0,0,0,0,0,0,0,0,-0.62733,0.362584,-0.705394,-0.366096,-0.196272,-1.90845,0.45408,2.95673,-0.283292,-0.485214,0.304628,-0.719916,-0.624396,0.377441,-0.708842,-0.346506,-0.252666,-1.96298,0.520553,3.62872,0.0864123,-0.465165,0.351349,-0.726484,-0.0115751,-0.31901,-0.323977,0.0430234,-0.0805092,-0.811627,-0.403636,0.604976,-0.121498,-0.599315,1.08214,0.621132,
-0.491775,0.793427,0.774997,0.687231,-2.73023,-2.25196,5.16431,37.4694,21.0792,1.76582,-2.67987,-1.3716,0,0,0,0,0,0,0,0,0,0,0,0,-0.626123,0.360315,-0.710742,-0.363882,-0.201163,-1.91438,0.445805,2.96576,-0.285075,-0.49269,0.335804,-0.71302,-0.631682,0.375415,-0.701099,-0.350168,-0.25978,-1.96897,0.53191,3.65743,0.0945646,-0.465383,0.325514,-0.732095,0.135277,0.0269491,-0.177923,0.0487215,-0.359038,-0.545588,-0.311659,0.416234,-0.144773,-0.19199,1.53739,0.234497,
-0.992772,0.182986,0.42389,0.121095,-3.21175,-2.85385,5.87869,39.5847,21.5961,1.84216,-1.57852,-1.8758,0,0,0,0,0,0,0,0,0,0,0,0,-0.623897,0.36276,-0.711422,-0.361699,-0.210555,-1.9127,0.440212,2.96664,-0.287212,-0.494274,0.357495,-0.709732,-0.640165,0.369671,-0.700927,-0.359776,-0.280415,-1.9741,0.539786,3.68404,0.102884,-0.461321,0.353371,-0.738994,0.0712861,0.143366,0.111509,-0.0111542,-0.458566,-0.380466,-0.29245,-0.0928989,-0.102436,-0.0216444,0.983058,0.193734,
-1.22875,-0.483113,-0.182985,-1.06518,-4.86729,-3.53389,5.92334,41.6999,22.8353,2.22533,3.59932,-2.39706,0,0,0,0,0,0,0,0,0,0,0,0,-0.624197,0.365424,-0.706807,-0.362117,-0.220397,-1.91336,0.434901,2.95987,-0.291046,-0.49384,0.364388,-0.705643,-0.647971,0.361076,-0.701926,-0.381341,-0.32245,-1.97645,0.537462,3.7074,0.117712,-0.451541,0.429698,-0.746371,-0.0573542,0.177425,0.32834,0.00570758,-0.542264,0.0465726,-0.205449,-0.425809,-0.257167,0.0735338,-0.00529798,0.114203,
-1.12495,-1.38484,-0.369446,-2.49011,-7.13023,-4.42665,5.95686,43.7486,24.9719,2.52766,4.17746,-1.418,0,0,0,0,0,0,0,0,0,0,0,0,-0.628718,0.369329,-0.698729,-0.364782,-0.233865,-1.913,0.431449,2.9512,-0.301465,-0.491126,0.365904,-0.710873,-0.657832,0.348849,-0.695706,-0.413655,-0.383286,-1.97813,0.535561,3.73657,0.136192,-0.440732,0.452375,-0.75213,-0.346422,0.187954,0.389607,-0.143942,-0.791195,0.614059,-0.167801,-0.402321,-0.655103,0.177442,0.420688,-0.618992,
-1.0132,-2.05619,-0.353634,-3.8846,-10.1862,-6.09679,6.94554,46.0069,26.4666,2.48022,-1.94735,-0.119588,0,0,0,0,0,0,0,0,0,0,0,0,-0.638334,0.371678,-0.690731,-0.372866,-0.253695,-1.89934,0.42786,2.94239,-0.319644,-0.483975,0.393397,-0.73417,-0.670115,0.334476,-0.686412,-0.453028,-0.460079,-1.98451,0.550632,3.7702,0.142378,-0.430161,0.395656,-0.761822,-0.534398,0.00733508,0.429966,-0.381317,-0.847206,1.0272,-0.140444,-0.347329,-0.767567,0.348784,1.50662,-1.01912,
-2.87504,-3.32763,-0.680682,-8.12398,-12.7215,-7.23608,2.57298,47.1322,28.5958,0.563665,-4.28558,1.33123,0,0,0,0,0,0,0,0,0,0,0,0,-0.634752,0.365906,-0.679001,-0.369561,-0.283268,-1.87944,0.444395,2.93126,-0.336076,-0.457343,0.412721,-0.747208,-0.678571,0.295666,-0.678193,-0.507734,-0.553324,-1.98325,0.519167,3.77475,0.162856,-0.413113,0.347458,-0.731328,0.338206,-0.389512,0.527364,0.381426,-1.55027,1.11053,1.1196,-0.538204,-0.839608,1.35928,0.506271,-0.332991,
-1.86695,-4.45358,-2.15555,-11.0909,-17.2262,-7.50467,-0.855288,46.445,29.6795,1.78609,-4.56999,1.34652,0,0,0,0,0,0,0,0,0,0,0,0,-0.635501,0.354701,-0.668235,-0.364001,-0.31379,-1.86281,0.466353,2.92298,-0.350374,-0.44014,0.41427,-0.747377,-0.67892,0.254111,-0.693039,-0.564558,-0.662074,-1.97473,0.482096,3.75485,0.170896,-0.391352,0.322804,-0.714168,-0.378997,-0.784662,0.57552,0.0438588,-1.40319,0.981221,1.25174,-0.503255,-0.734244,0.652528,-0.334989,0.34911,
-0.818152,-4.7479,-4.04419,-13.608,-24.3818,-7.67288,-4.77156,45.4118,29.8027,3.24325,-2.41463,-0.49259,0,0,0,0,0,0,0,0,0,0,0,0,-0.645593,0.336286,-0.65826,-0.365113,-0.334967,-1.84559,0.494121,2.91327,-0.362953,-0.433562,0.394407,-0.728789,-0.67834,0.217545,-0.718436,-0.617712,-0.807025,-1.96598,0.441141,3.72766,0.167366,-0.369819,0.318141,-0.708595,-0.714852,-1.29663,0.534196,-0.20722,-1.15017,0.764654,1.35101,-0.451503,-0.461953,0.191012,-1.29456,1.166,
0.681127,-3.10261,-5.65549,-13.0495,-34.1348,-7.91368,-7.13373,46.8931,28.6173,3.48658,-0.636602,-3.79383,0,0,0,0,0,0,0,0,0,0,0,0,-0.664144,0.301809,-0.65416,-0.378766,-0.357722,-1.82934,0.521614,2.90162,-0.368518,-0.430311,0.363217,-0.703995,-0.677862,0.197827,-0.760732,-0.644365,-1.00695,-1.95385,0.421291,3.7374,0.148328,-0.364872,0.313588,-0.746044,-1.04409,-1.90284,-0.14981,-1.13336,-1.14374,0.775261,1.17526,-0.672718,-0.13871,0.0818827,-1.52215,1.07721,
1.4849,-3.05631,-6.20783,-11.0918,-43.9093,-7.01663,-8.91104,49.1861,28.2033,3.22375,-0.117056,-6.87011,0,0,0,0,0,0,0,0,0,0,0,0,-0.682241,0.266334,-0.665724,-0.406409,-0.379892,-1.81452,0.540135,2.88983,-0.369877,-0.429567,0.339505,-0.690846,-0.679911,0.158866,-0.80565,-0.654377,-1.21453,-1.91905,0.402764,3.76786,0.140357,-0.370077,0.307133,-0.806131,-0.986725,-2.07595,-1.08226,-1.85197,-1.45134,0.921779,0.985934,-0.650543,-0.102128,0.0350586,-1.20972,0.385035,
1.9388,-3.72572,-5.03782,-8.94764,-53.3665,-5.73006,-12.5004,50.2143,29.0652,2.62717,-0.471757,-6.33759,0,0,0,0,0,0,0,0,0,0,0,0,-0.698252,0.222755,-0.703359,-0.449785,-0.416395,-1.79292,0.560079,2.87824,-0.375316,-0.426847,0.321509,-0.701744,-0.676731,0.101927,-0.851939,-0.664865,-1.43666,-1.8691,0.357241,3.77999,0.142358,-0.373887,0.297926,-0.849952,-0.549217,-2.12347,-2.27932,-2.09581,-1.9987,1.12015,0.977644,-0.449584,-0.431369,0.207708,-0.600199,-1.31913,
2.65201,-5.58947,-4.33364,-6.32703,-57.8226,-5.0703,-16.6028,49.1175,29.5686,3.12377,-2.56418,-4.00047,0,0,0,0,0,0,0,0,0,0,0,0,-0.709294,0.168299,-0.767814,-0.501976,-0.483889,-1.75867,0.573691,2.87279,-0.385298,-0.428832,0.313419,-0.734873,-0.671322,0.00610012,-0.916111,-0.669886,-1.62135,-1.81013,0.287077,3.7602,0.135594,-0.380492,0.256779,-0.862098,-0.409858,-2.42289,-2.78014,-2.11493,-3.44566,1.62904,0.610227,-0.225252,-0.668718,-0.33824,-0.400743,-2.17957,
1.82261,-14.232,-10.0435,-4.92726,-57.794,-4.20136,-21.2344,43.9234,28.9632,4.13759,-6.46187,-2.49376,0,0,0,0,0,0,0,0,0,0,0,0,-0.716183,0.12398,-0.815471,-0.53639,-0.554815,-1.72608,0.576952,2.87134,-0.407579,-0.449096,0.304136,-0.796769,-0.692094,-0.200403,-1.06453,-0.672523,-1.71898,-1.75062,0.184636,3.6717,0.0935363,-0.400698,0.176017,-0.90384,-0.361985,-2.62475,-2.65785,-1.86188,-4.53458,2.07394,-0.249434,0.070026,-1.01954,-1.07324,-0.425209,-2.4692,
2.92596,-20.5996,-13.3362,-1.82607,-41.5198,-6.52921,-25.1739,35.8995,27.7915,5.72493,-11.6759,0.127979,0,0,0,0,0,0,0,0,0,0,0,0,-0.724532,0.0532347,-0.876472,-0.575035,-0.667773,-1.67402,0.558102,2.87465,-0.432311,-0.481169,0.283957,-0.838797,-0.681924,-0.426647,-1.20348,-0.655472,-1.57326,-1.72246,0.066923,3.53317,0.0394238,-0.422823,0.0341324,-0.879357,-0.423658,-4.21377,-3.38116,-1.88941,-6.02344,2.81117,-1.33887,0.231833,-1.34263,-1.82972,-1.50146,-1.71546,
9.77582,-27.1453,-8.71265,3.34576,-4.30025,-11.5737,-30.24,24.0355,21.4903,6.2407,-12.346,5.17609,0,0,0,0,0,0,0,0,0,0,0,0,-0.729737,-0.05775,-0.964346,-0.614185,-0.807941,-1.60497,0.520959,2.88075,-0.46213,-0.515288,0.239336,-0.866001,-0.553634,-0.707187,-1.24691,-0.601384,-1.06134,-1.72451,-0.0824544,3.3247,-0.104452,-0.439003,-0.0502398,-0.791745,-0.0655638,-6.23544,-4.96617,-1.92123,-7.0084,3.63567,-2.14384,0.277845,-1.32217,-1.4873,-2.60415,-0.794181,
21.0761,-45.264,-9.91657,9.95968,22.6689,-6.7198,-44.3824,4.86263,2.09717,5.4285,-5.38348,0.329212,0,0,0,0,0,0,0,0,0,0,0,0,-0.721294,-0.181863,-1.06369,-0.642184,-0.926877,-1.54501,0.478545,2.88543,-0.477769,-0.531453,0.183779,-0.865977,-0.305532,-1.20414,-1.3903,-0.489121,-0.662294,-1.62457,-0.391376,2.98331,-0.454004,-0.441002,-0.00310332,-0.839047,1.30242,-7.97185,-5.85244,-1.12087,-5.90311,1.70456,-2.51871,0.378939,-0.574611,-0.329936,-3.56004,0.837765,
23.709,-35.1747,-3.67299,13.1797,25.3181,37.3249,-60,-14.7656,-36.6368,1.35956,8.24367,-2.15213,0,0,0,0,0,0,0,0,0,0,0,0,-0.663872,-0.392378,-1.18681,-0.657601,-0.98205,-1.6179,0.41796,2.89896,-0.479696,-0.518385,0.103882,-0.828343,-0.132622,-1.33671,-1.40216,-0.429785,-0.52008,-1.08963,-0.888839,2.65497,-1.15611,-0.462052,0.166229,-0.825749,4.00706,-12.1917,-5.94252,-0.472627,0.0656566,-6.01426,-3.27091,0.978652,-0.411813,1.26455,-3.50154,1.66897,
19.7219,12.8957,4.03854,14.9047,28.2437,45.5793,-60,-38.273,-51.7634,-1.33565,3.66064,-0.510071,0,0,0,0,0,0,0,0,0,0,0,0,-0.56728,-0.684749,-1.33689,-0.663685,-0.96033,-1.67931,0.328615,2.94116,-0.531018,-0.493168,0.0496735,-0.814642,-0.0937352,-0.819078,-1.46553,-0.398336,-0.453043,-0.754057,-0.959529,2.33533,-1.62158,-0.475065,0.0866051,-0.838825,4.59857,-14.7519,-8.08253,-0.22578,-0.249398,3.86148,-5.54369,3.60173,-5.97635,1.6955,-1.18502,-0.596368,
40.2242,-41.5932,-20.1487,12.1449,30.0278,-6.21962,-51.5684,-31.3568,-21.5403,2.90561,0.995484,6.86152,0,0,0,0,0,0,0,0,0,0,0,0,-0.577044,-0.700514,-1.32242,-0.622102,-0.993267,-1.46122,0.229098,3.00771,-0.728601,-0.451887,0.031301,-0.832351,0.0854113,-1.49189,-1.63285,-0.327198,-0.471914,-1.24123,-0.845122,2.50562,-1.43556,-0.345289,0.0291106,-0.738457,-2.75573,-1.40534,2.23654,2.96354,-0.984219,13.3231,-5.46448,2.72112,-12.6125,2.15072,-0.811606,-1.23445,
39.9146,-23.201,-9.82136,7.89005,18.9382,-16.8439,-17.4959,-28.8889,9.89921,5.57017,13.2756,-0.0850517,0,0,0,0,0,0,0,0,0,0,0,0,-0.622551,-0.725799,-1.32043,-0.553402,-0.951134,-1.22633,0.0967992,3.02829,-1.00318,-0.423934,0.0262725,-0.853511,0.0564407,-1.2003,-1.52087,-0.290258,-0.467469,-1.2529,-0.430972,2.50225,-1.23441,-0.275244,0.260935,-0.876771,-1.86918,-2.1066,-0.874816,4.78755,5.57336,11.1872,-8.38656,-0.0312469,-16.4487,1.89657,-0.26851,-0.868561,
13.9388,-16.8555,-11.0313,-5.7258,-4.34205,12.7219,0.513367,-2.70978,-35.2483,-2.38232,22.1733,-5.40062,0,0,0,0,0,0,0,0,0,0,0,0,-0.563472,-0.777676,-1.30859,-0.379604,-0.667467,-1.2044,0.0191703,2.9053,-1.29132,-0.322464,0.00703612,-0.835832,-0.165956,-1.12783,-1.52407,-0.316872,-0.41964,-1.06213,-0.0417085,2.62833,-2.10308,-0.25387,0.397401,-0.932182,5.7633,-1.74755,-0.596411,6.67351,13.0709,-3.56124,-2.80851,-9.10832,-6.83534,4.47635,-0.511434,0.0737381,
-10.8242,-2.4376,-6.68591,-6.71692,4.95378,1.83216,38.8944,-10.9381,-15.4468,1.82172,4.9675,-7.77762,0,0,0,0,0,0,0,0,0,0,0,0,-0.39178,-0.799015,-1.35716,-0.274766,-0.438498,-1.26686,-0.0349829,2.69998,-1.4294,-0.255552,0.0147347,-0.863651,-0.361106,-0.853583,-1.57327,-0.295124,-0.125582,-1.25353,0.63137,2.34683,-2.04891,-0.165627,0.139144,-1.06,9.0991,-0.409894,-3.78227,4.07071,8.9139,-0.799347,-1.63274,-6.1711,-13.5466,2.27213,1.36366,-2.19733,
-23.0142,4.43969,13.5438,-1.19509,9.46482,-18.4016,55.783,-32.3699,59.8273,1.37433,-23.4425,-11.5922,0,0,0,0,0,0,0,0,0,0,0,0,-0.227672,-0.820471,-1.46148,-0.218463,-0.292228,-1.23828,-0.046148,2.64542,-1.75867,-0.228026,0.0546024,-0.91626,-0.479201,-0.761754,-1.36787,-0.190929,0.0609151,-1.54415,0.991157,1.97958,-1.14059,-0.158301,-0.301543,-1.22502,6.67645,-0.88019,-6.10584,1.97051,7.24222,1.14805,0.922707,-3.09216,-18.7876,1.78949,2.80325,-3.91979,
-13.2912,21.6102,9.88316,6.27829,5.8233,-3.90005,46.4599,-24.6713,15.5149,-1.42928,-15.6404,-5.08899,0,0,0,0,0,0,0,0,0,0,0,0,-0.149814,-0.843673,-1.55623,-0.207259,-0.167208,-1.25768,0.042432,2.51415,-2.02192,-0.182441,0.108744,-1.017,-0.320517,-0.50282,-1.47486,-0.0997345,0.114196,-1.38249,1.05179,1.80139,-1.83723,-0.156627,-0.127552,-1.23707,2.8382,-2.08238,-3.93295,-0.265033,7.02104,-2.15572,6.58533,-10.5677,-3.89582,2.07203,1.923,-5.10183,
-6.48115,20.1339,4.28285,16.7531,2.01805,20.6446,30.5298,-42.0492,-15.0497,-9.30486,-4.4133,2.58842,0,0,0,0,0,0,0,0,0,0,0,0,-0.170244,-0.917143,-1.5573,-0.209717,0.0420615,-1.41504,0.182541,2.27161,-1.95356,-0.0545304,0.180851,-1.16691,-0.34205,-0.598294,-1.49712,0.140174,0.331879,-1.22791,0.880326,1.27173,-2.18279,-0.0165733,0.198501,-1.29847,-2.15869,-1.88889,-0.707714,1.81157,10.125,-7.52902,5.70789,-9.41411,1.77602,8.28545,3.91567,-7.14471,
-21.3491,36.3362,20.0854,10.8939,9.84164,5.28672,26.1128,-52.3753,13.9319,-1.20496,15.4141,0.098712,0,0,0,0,0,0,0,0,0,0,0,0,-0.107542,-0.934575,-1.56255,-0.0905526,0.178659,-1.45118,0.296407,2.10624,-1.89816,0.0532231,0.22393,-1.24697,-0.357456,-0.263714,-1.20614,0.305668,0.47597,-1.31119,0.869474,0.998383,-1.58196,0.120078,0.537189,-1.30197,5.53006,0.408104,-0.351096,7.92603,4.73489,1.75496,3.93151,-6.22308,2.51591,3.55052,1.32008,-2.27182,
6.66443,56.6686,32.8932,7.56908,7.29763,4.95212,16.8169,-51.1619,22.9832,5.80825,24.9924,3.27944,0,0,0,0,0,0,0,0,0,0,0,0,-0.112572,-0.942845,-1.56132,0.0618362,0.244365,-1.37743,0.337492,2.00302,-1.85046,0.0734349,0.239053,-1.26905,-0.0999718,0.0607842,-0.952583,0.425138,0.46883,-1.17092,0.6839,0.927154,-1.35982,0.180657,0.716522,-1.23221,-4.34285,-1.06839,0.427251,9.02729,3.67123,4.65871,1.62587,-5.82586,2.91054,0.0646899,0.922483,-0.911339,
22.8942,48.7633,15.7922,0.0961838,-6.48849,21.7546,0.042177,-32.0059,9.49526,2.92385,11.7297,8.59023,0,0,0,0,0,0,0,0,0,0,0,0,-0.227831,-0.949071,-1.54892,0.306613,0.358233,-1.30876,0.387277,1.82836,-1.74935,0.113419,0.294227,-1.30496,0.0708631,-0.0450788,-1.24829,0.563378,0.344818,-0.830774,0.429406,1.05889,-1.45786,0.232768,0.579408,-1.16922,-4.70255,0.695495,0.539787,10.2006,4.18227,3.29777,1.6545,-7.50173,4.75398,2.64751,2.87656,-0.818028,
23.145,20.0455,17.0023,19.1743,-0.983469,14.4868,-7.35328,-33.9167,-14.7201,-0.772537,4.27348,1.45995,0,0,0,0,0,0,0,0,0,0,0,0,-0.321011,-0.870751,-1.53297,0.460021,0.406777,-1.20747,0.408311,1.67126,-1.63783,0.18092,0.363088,-1.29357,0.0139938,-0.352966,-1.19833,0.784155,0.391394,-0.854902,0.296566,0.880382,-1.7691,0.262972,0.528167,-1.22391,-3.43255,6.13286,1.02042,-0.979618,0.0999217,3.56696,0.878036,-6.96826,5.45473,3.8439,3.49515,1.72468,
17.8931,6.71959,-3.62915,19.5349,-5.06548,7.27783,-22.1061,-41.6001,-7.40242,-16.4012,3.59273,-6.5471,0,0,0,0,0,0,0,0,0,0,0,0,-0.327479,-0.702437,-1.4859,0.382832,0.42917,-1.19241,0.455416,1.55915,-1.53729,0.288712,0.444072,-1.24167,0.0373441,-0.391804,-1.43364,0.690636,0.356389,-1.01876,0.130846,0.69329,-1.57911,0.130746,0.601904,-1.29732,1.57976,7.53833,4.73007,-1.89506,0.772737,1.653,3.09437,-4.3799,3.71056,5.60952,3.70038,2.53529,
10.1152,18.898,-2.22381,14.6403,-1.53509,-1.06749,-26.0781,-42.5743,-9.78819,-11.8902,0.960256,-8.21356,0,0,0,0,0,0,0,0,0,0,0,0,-0.273491,-0.590415,-1.41816,0.36126,0.435617,-1.14648,0.503805,1.49879,-1.49758,0.352639,0.504402,-1.20553,-0.00785322,-0.100237,-1.39486,0.590985,0.414244,-1.09768,0.0771275,0.637445,-1.59348,0.169568,0.608047,-1.32563,3.269,5.86313,2.54947,-1.45846,0.261501,2.72812,1.8988,-3.49066,3.28265,1.32463,3.44745,1.16965,
11.35,23.138,3.18557,14.156,0.308815,0.769249,-15.0568,-32.7484,-31.1399,0.840631,2.21231,2.12241,0,0,0,0,0,0,0,0,0,0,0,0,-0.22152,-0.462208,-1.41773,0.312872,0.443143,-1.10603,0.499859,1.41423,-1.39765,0.304766,0.573722,-1.22068,0.0335645,0.119181,-1.40035,0.498432,0.461024,-1.0594,0.175953,0.710573,-1.83671,0.220717,0.693574,-1.22838,1.94885,6.42795,-1.62186,-2.87283,0.490638,1.3056,-2.0058,-4.32911,5.08505,-3.97332,3.18513,-1.8517,
9.30855,30.86,-8.93045,6.33671,2.81086,-0.967535,-10.6819,-32.5844,-9.10585,-1.55025,4.46649,0.389033,0,0,0,0,0,0,0,0,0,0,0,0,-0.180431,-0.336958,-1.44807,0.265102,0.455299,-1.08905,0.431128,1.33946,-1.34626,0.224018,0.628161,-1.2602,0.0530836,0.383009,-1.66249,0.347279,0.524714,-1.0926,0.144963,0.685328,-1.55927,0.125401,0.767208,-1.28501,2.57074,6.35499,-2.0818,-1.32143,0.732334,0.561488,-3.67795,-2.46757,-1.898,-2.81722,2.31352,-1.27512,
7.52375,45.7612,-19.7866,-2.58281,7.33687,-2.23786,-15.9133,-24.4989,21.0266,-4.77299,4.37301,-6.05054,0,0,0,0,0,0,0,0,0,0,0,0,-0.126269,-0.222426,-1.49279,0.257986,0.468628,-1.08243,0.37746,1.30103,-1.43925,0.200017,0.659441,-1.26546,0.0883606,0.785339,-1.93749,0.207108,0.621912,-1.11869,0.0265686,0.790929,-1.20674,0.0910456,0.777588,-1.37401,3.11335,7.02969,-3.39788,-0.156684,0.795441,0.177503,-2.46234,-2.58655,-5.99159,-0.887607,1.5455,0.0582085,
9.75558,8.0699,45.1297,6.0553,1.87192,5.96759,-14.7877,-19.0485,-8.91441,1.95015,4.70805,0.703551,0,0,0,0,0,0,0,0,0,0,0,0,-0.0614862,0.0243858,-1.70505,0.232682,0.49645,-1.09893,0.339842,1.23704,-1.46049,0.15825,0.703347,-1.28762,0.177644,0.554165,-1.27369,0.286583,0.581541,-1.02782,0.00818104,0.818011,-1.53408,0.120163,0.854966,-1.32895,2.47024,15.3221,-15.5675,-2.24782,2.04227,-1.49573,-2.51173,-2.90774,3.5396,-2.94176,2.6407,-2.16485,
-0.0838189,2.15976,17.0696,8.85777,2.61813,19.903,-7.07299,-7.73514,-22.2316,0.0969446,-4.3123,7.12129,0,0,0,0,0,0,0,0,0,0,0,0,-0.00611632,0.321431,-1.97237,0.174335,0.538309,-1.1511,0.280166,1.16446,-1.36129,0.111097,0.749095,-1.34014,0.0897855,0.580303,-1.7039,0.27701,0.621099,-0.864367,0.0816365,0.930787,-1.66106,0.0961351,0.711123,-1.26334,3.89703,8.78416,-1.67539,-2.33501,1.40749,-3.00571,-2.79718,-3.72155,4.17773,-0.668993,1.61731,-2.10692,
3.71285,12.28,-0.480282,2.23991,6.92113,18.0989,9.68652,-22.2776,-1.39177,4.62339,-41.4396,-3.78637,0,0,0,0,0,0,0,0,0,0,0,0,0.0470001,0.396849,-1.85096,0.130768,0.567147,-1.20332,0.172639,1.11079,-1.34838,0.106083,0.779222,-1.35985,0.0898917,0.708968,-1.82513,0.122612,0.722299,-0.900792,0.178674,0.667645,-1.42284,0.133377,0.0886688,-1.43316,-0.984587,3.55387,1.38244,-1.95528,1.17253,-1.06182,-6.80338,-1.52406,-1.96595,-2.27068,2.51581,-0.178937,
-7.32152,17.5666,10.781,-8.84406,10.588,4.22839,0.823034,-20.0695,25.2957,-1.88763,-47.9945,-11.3534,0,0,0,0,0,0,0,0,0,0,0,0,0.0622829,0.460287,-1.82208,0.123592,0.583287,-1.20818,0.118501,1.09479,-1.45654,0.104016,0.79302,-1.31383,-0.0315212,0.87747,-1.59513,-0.0300916,0.796451,-1.12982,0.104619,0.690106,-1.12432,0.0908662,-0.0828425,-1.45174,1.57258,3.91162,1.23719,0.284685,0.826153,0.0592076,-1.15384,-1.59155,-5.10806,0.84682,-0.1294,2.74079,
-1.17568,4.29767,18.7019,3.73291,-6.9062,-4.37624,2.41333,-23.2326,-7.09578,-1.6917,-32.188,5.14781,0,0,0,0,0,0,0,0,0,0,0,0,0.0745897,0.562625,-1.81341,0.113117,0.603015,-1.20801,0.121194,1.03577,-1.46923,0.120075,0.795049,-1.31246,0.00918086,0.758319,-1.4247,0.111812,0.506381,-1.2785,0.125872,0.613878,-1.56874,0.0731493,0.212055,-1.25636,-1.76131,4.70222,1.94698,-2.76705,1.15733,0.363118,-1.56804,0.0207142,1.18018,-0.646711,0.0896999,-1.49971,
-4.54644,10.5957,28.1339,7.19257,-10.895,8.68653,9.99039,-19.3273,-29.8533,4.20509,9.42141,6.52366,0,0,0,0,0,0,0,0,0,0,0,0,0.0285379,0.649247,-1.79003,0.0352784,0.63966,-1.21593,0.0708608,1.018,-1.4223,0.0866883,0.762423,-1.34215,-0.094694,0.914365,-1.24945,0.114819,0.483959,-1.11848,0.202101,0.645651,-1.9258,0.139604,0.857907,-1.19933,-1.62277,2.89871,1.16227,-2.04935,1.69561,-2.41944,-2.01612,-0.837714,1.57143,-0.941615,-3.03258,0.968009,
-11.5556,27.9065,29.2078,1.91979,-7.09511,7.57865,1.55266,-14.0619,2.59441,0.573209,49.8796,3.28063,0,0,0,0,0,0,0,0,0,0,0,0,0.00836133,0.66916,-1.75762,0.00632087,0.673153,-1.26963,0.0525792,0.986941,-1.44433,0.0856745,0.674396,-1.29035,-0.208477,1.17809,-1.18183,0.0234614,0.579428,-1.16841,0.128142,0.709078,-1.52003,0.127472,1.48392,-1.16273,-0.269427,0.0617276,1.78955,-0.710588,1.4111,-1.46291,1.8933,-0.8877,-4.91479,1.255,-3.89527,2.71876,
-13.9803,23.3158,24.6323,-0.943956,-8.58709,6.16784,-13.3712,-5.93223,35.9677,-4.43871,60,8.22099,0,0,0,0,0,0,0,0,0,0,0,0,0.0117859,0.676415,-1.72413,0.00222638,0.698785,-1.28407,0.10746,0.973956,-1.54917,0.111051,0.632251,-1.25631,-0.2417,1.11398,-1.22392,-0.024097,0.583017,-1.19587,-0.0212543,0.828323,-1.08365,0.0727556,1.75307,-1.05017,0.0280139,0.54567,2.09391,-0.366423,1.61446,-0.957896,4.57594,-1.51097,-7.53759,1.69633,-2.47591,2.26684,
-2.94536,5.6341,4.58188,6.7066,-24.4147,3.26606,-16.8228,6.76721,3.41801,0.40599,31.5396,38.4762,0,0,0,0,0,0,0,0,0,0,0,0,-0.0133624,0.69334,-1.66804,-0.028892,0.738822,-1.30347,0.173961,0.875829,-1.58737,0.0962268,0.669513,-1.30076,-0.109866,0.82647,-1.51448,0.0448355,0.344901,-1.26419,-0.0955475,0.841568,-1.4818,0.0575863,1.35418,-0.734066,-1.71808,1.22768,2.81018,-1.92843,1.99933,-0.803843,1.45443,-6.29205,1.73674,-1.84089,4.44873,-5.31504,
-0.465207,-10.2809,-3.11516,2.51087,-19.7749,12.309,-13.5277,-8.69964,9.63949,0.263597,24.7791,42.8603,0,0,0,0,0,0,0,0,0,0,0,0,-0.0531139,0.728812,-1.60628,-0.0750374,0.784226,-1.31562,0.133336,0.772733,-1.49884,0.0523629,0.774489,-1.4196,-0.0904669,0.594864,-1.59745,-0.0489884,0.460887,-1.09501,-0.131776,0.637169,-1.36271,0.0353552,1.31472,-0.736369,-1.15579,2.11911,2.61871,-0.784133,1.44821,-0.127585,-0.766122,0.904485,-1.56524,-0.872017,3.58801,-3.8417,
-7.1025,-9.56785,2.59095,0.185004,-9.6095,6.13799,-12.4722,-10.1269,12.175,-2.46451,37.3366,31.1335,0,0,0,0,0,0,0,0,0,0,0,0,-0.0510623,0.766391,-1.57462,-0.0726345,0.798116,-1.31633,0.1198,0.785575,-1.51874,0.0512275,0.809816,-1.45673,-0.162318,0.6387,-1.49351,-0.0542243,0.640615,-1.20383,-0.129177,0.622847,-1.32868,0.0132315,1.53533,-0.93901,0.715233,1.85078,1.35989,0.601858,0.688707,0.0358732,-0.88845,0.855912,-1.25186,0.272533,1.86682,-1.93366,
-8.24792,9.81732,6.47645,2.83438,-8.43641,7.79898,-10.5738,-0.0391225,1.83759,-0.538101,60,21.3696,0,0,0,0,0,0,0,0,0,0,0,0,-0.0357124,0.768688,-1.55095,-0.060198,0.806778,-1.32835,0.124452,0.772274,-1.5034,0.0564587,0.819144,-1.46896,-0.176943,0.931889,-1.41544,-0.0104519,0.660478,-1.21395,-0.0761307,0.743214,-1.43123,0.0390904,1.90907,-1.07543,0.349272,-0.611802,0.710223,-0.0715206,0.28355,-1.096,-0.333279,-1.13395,1.55018,-0.303388,-0.463082,0.199638,
-5.35293,11.3873,9.72348,4.78144,-7.60468,13.5419,-3.42063,2.38005,0.323893,2.31563,60,17.987,0,0,0,0,0,0,0,0,0,0,0,0,-0.0482032,0.752651,-1.54414,-0.0725562,0.812305,-1.36128,0.101776,0.740335,-1.46308,0.0399995,0.798804,-1.45746,-0.171452,0.952938,-1.36783,-0.00117995,0.680487,-1.1571,-0.00794581,0.750652,-1.42171,0.0608379,2.41255,-1.114,-1.03691,-0.27022,-0.0191753,-0.62236,0.257959,-1.68146,-1.90115,-1.31826,1.41925,-0.850556,-1.09825,0.657042,
-7.95968,7.22385,14.6825,3.51692,-5.46751,11.286,-1.04208,-0.06958,5.31467,0.699393,60,16.5251,0,0,0,0,0,0,0,0,0,0,0,0,-0.0615117,0.7582,-1.55077,-0.0757278,0.815438,-1.3873,0.0619926,0.727238,-1.45531,0.0315766,0.779667,-1.44466,-0.204941,0.902593,-1.29518,-0.00479074,0.718223,-1.21259,-0.00145896,0.714377,-1.35716,0.0429234,3.02149,-1.12541,0.0516794,0.521989,-0.454475,0.279723,0.0877689,-1.2197,-1.78019,-0.463837,0.0610079,-0.054778,-1.03314,0.751574,
-8.54602,5.69548,18.5596,4.24166,-7.9229,5.63081,-7.3825,-2.51829,6.98633,-0.613126,60,17.244,0,0,0,0,0,0,0,0,0,0,0,0,-0.0452278,0.767981,-1.55873,-0.0602076,0.816701,-1.4042,0.0543523,0.72353,-1.45557,0.0400264,0.764845,-1.43283,-0.182193,0.873679,-1.22674,0.0339553,0.675014,-1.31687,-0.0703084,0.674667,-1.32328,0.0379923,3.65696,-1.11276,0.736688,0.0857518,-0.21814,0.681669,0.0946047,-0.601645,0.382666,-0.123031,0.210702,0.364547,-0.38296,0.261626,
-6.70075,6.26655,18.1608,6.8112,-10.6181,9.16777,-5.42523,-3.21744,6.39891,2.76357,60,21.1831,0,0,0,0,0,0,0,0,0,0,0,0,-0.038916,0.769161,-1.55899,-0.055048,0.821241,-1.41764,0.0539014,0.723546,-1.45305,0.039382,0.762892,-1.43452,-0.162354,0.883278,-1.22595,0.0657896,0.635482,-1.26924,-0.0542613,0.664707,-1.33228,0.0800389,4.46638,-1.05639,-0.0642461,0.00718422,0.113553,-0.120093,0.291932,-0.731533,-0.380888,-0.013599,0.177294,-0.383595,0.040162,-0.280875,
-6.45289,5.89394,17.7627,7.58205,-10.0485,9.70359,-4.5154,-2.29634,5.54521,4.18407,60,20.4135,0,0,0,0,0,0,0,0,0,0,0,0,-0.0446283,0.768358,-1.55526,-0.0617643,0.82662,-1.43116,0.0423849,0.722696,-1.4488,0.0278678,0.764414,-1.44117,-0.171013,0.873971,-1.22616,0.065628,0.650204,-1.27205,-0.0574696,0.679761,-1.34188,0.0861627,5.43027,-1.07836,-0.362389,-0.0620086,0.245686,-0.418527,0.251328,-0.692662,-0.71025,-0.047344,0.243863,-0.711164,0.0523432,-0.333645,
-8.21899,4.77436,19.0012,6.16695,-8.44862,7.29078,-6.49893,-2.56068,7.29322,3.7109,60,16.1945,0,0,0,0,0,0,0,0,0,0,0,0,-0.0423978,0.768181,-1.55213,-0.0605904,0.828225,-1.44039,0.0364354,0.724185,-1.44752,0.0217467,0.760933,-1.44195,-0.182519,0.855397,-1.20395,0.0596992,0.67357,-1.31443,-0.0814736,0.681107,-1.31676,0.0891769,6.50844,-1.14388,0.372611,0.0163995,0.108101,0.326528,-0.0417267,-0.26368,0.0101362,0.1392,-0.0740986,-0.00163104,-0.249005,0.144576,
-8.20122,5.2884,18.2414,6.04385,-8.13525,6.26302,-6.67182,-2.32763,8.01639,4.89988,60,15.6345,0,0,0,0,0,0,0,0,0,0,0,0,-0.0312941,0.768426,-1.5479,-0.0505409,0.825065,-1.4426,0.0368557,0.72805,-1.44997,0.0218916,0.755821,-1.43862,-0.17311,0.86377,-1.20908,0.0655732,0.673983,-1.33033,-0.0881162,0.69044,-1.30668,0.107087,7.60597,-1.15252,0.291891,-0.0323433,0.286232,0.249035,-0.126751,-0.0642585,-0.146644,0.188445,-0.0986177,-0.155733,-0.181561,0.073378,
-7.64897,5.81005,17.2926,6.68438,-8.51542,7.08611,-5.83266,-1.95793,8.04361,6.07432,60,16.1668,0,0,0,0,0,0,0,0,0,0,0,0,-0.0299126,0.767392,-1.5425,-0.049758,0.823677,-1.44381,0.0321473,0.730657,-1.451,0.0170903,0.754097,-1.43948,-0.168656,0.8708,-1.21742,0.0710322,0.666885,-1.31771,-0.0844161,0.699723,-1.30634,0.116877,8.67311,-1.14844,0.0131627,-0.0891761,0.426677,-0.0297567,-0.0786429,-0.109434,-0.420605,0.186603,-0.0636399,-0.426232,-0.0549925,-0.116397,
-7.58549,5.47993,16.6328,6.87783,-7.71108,6.94373,-5.45061,-2.32898,9.62507,6.64695,60,15.4998,0,0,0,0,0,0,0,0,0,0,0,0,-0.0301796,0.765112,-1.53154,-0.0510286,0.82138,-1.44577,0.0210766,0.736272,-1.4542,0.00588377,0.753225,-1.44246,-0.166522,0.862879,-1.2186,0.0746304,0.678149,-1.32038,-0.0876528,0.700857,-1.28448,0.116961,9.67793,-1.1639,0.0630445,-0.0747164,0.421373,0.0243052,-0.121171,-0.034177,-0.385094,0.277196,-0.211378,-0.39106,-0.0498777,-0.12984,
-7.92958,5.47352,16.6449,6.68646,-7.01411,6.88821,-5.78734,-2.30298,11.1354,6.62133,60,14.7703,0,0,0,0,0,0,0,0,0,0,0,0,-0.0266396,0.763996,-1.52387,-0.0482401,0.818114,-1.44564,0.0151342,0.742714,-1.46012,-0.000177198,0.75154,-1.44451,-0.165749,0.862307,-1.21299,0.0775509,0.686268,-1.32005,-0.0962572,0.708514,-1.26541,0.11392,10.5893,-1.17789,0.202594,-0.0482901,0.329599,0.168757,-0.172666,0.0140216,-0.24668,0.306878,-0.309768,-0.251627,-0.105429,-0.0773226,
-7.96628,6.02481,16.3989,6.84846,-6.43212,7.5202,-5.56231,-1.81139,12.0815,7.01335,60,14.3372,0,0,0,0,0,0,0,0,0,0,0,0,-0.0226052,0.762745,-1.51776,-0.0448718,0.814297,-1.44592,0.00994968,0.748359,-1.46643,-0.00543456,0.748612,-1.44586,-0.163616,0.870426,-1.21271,0.0827138,0.692856,-1.31032,-0.0980937,0.721273,-1.25375,0.11511,11.4162,-1.18689,0.153234,-0.0744669,0.275412,0.122728,-0.179741,-0.0453495,-0.276415,0.233924,-0.27943,-0.278828,-0.155439,-0.0681485,
-8.05423,6.45648,16.063,7.02127,-5.81817,8.34431,-5.31493,-1.30568,12.9262,7.33462,60,14.0625,0,0,0,0,0,0,0,0,0,0,0,0,-0.0202638,0.760814,-1.5125,-0.0431327,0.81053,-1.44765,0.0035716,0.752302,-1.47174,-0.0118384,0.744917,-1.44738,-0.164159,0.875728,-1.21461,0.0863904,0.700226,-1.29835,-0.10065,0.732789,-1.24297,0.11392,12.1621,-1.19355,0.101825,-0.0990685,0.233528,0.0745436,-0.180755,-0.0967897,-0.303457,0.169055,-0.249983,-0.303957,-0.185949,-0.0739468,
-8.19364,6.36228,16.0414,7.15393,-5.32108,8.67503,-5.39822,-1.05207,13.8684,7.41371,60,13.6506,0,0,0,0,0,0,0,0,0,0,0,0,-0.0183346,0.759024,-1.5089,-0.0416487,0.807252,-1.44944,-0.00137157,0.754972,-1.4762,-0.0167758,0.741419,-1.44859,-0.164359,0.872176,-1.21268,0.0907747,0.705613,-1.29416,-0.106163,0.739349,-1.23041,0.111393,12.8295,-1.20218,0.118047,-0.10103,0.182139,0.0940763,-0.195718,-0.097683,-0.265699,0.140203,-0.254446,-0.265025,-0.205037,-0.0713892,
-8.2341,6.52945,15.7754,7.31633,-4.63995,8.9538,-5.43572,-0.72076,15.1715,7.59754,60,13.379,0,0,0,0,0,0,0,0,0,0,0,0,-0.0157431,0.756778,-1.50526,-0.0395181,0.803131,-1.45142,-0.00645058,0.757856,-1.48189,-0.0218228,0.737198,-1.45024,-0.162656,0.872656,-1.21414,0.0957913,0.713894,-1.29094,-0.111253,0.748035,-1.21293,0.110393,13.4298,-1.20924,0.111926,-0.113574,0.171653,0.0914086,-0.195001,-0.0926551,-0.238835,0.13133,-0.275457,-0.23686,-0.193499,-0.0904025,
-8.1678,7.09402,15.4615,7.53586,-3.68165,9.41222,-5.34092,0.027347,16.6789,7.88697,60,13.1392,0,0,0,0,0,0,0,0,0,0,0,0,-0.0134876,0.753676,-1.50122,-0.0377111,0.798356,-1.4537,-0.0121665,0.760504,-1.48841,-0.0274804,0.73262,-1.45282,-0.160131,0.879202,-1.2161,0.100748,0.72656,-1.28496,-0.115053,0.763185,-1.19153,0.110205,13.9777,-1.21679,0.0744937,-0.138217,0.160317,0.0577525,-0.194252,-0.0959415,-0.231146,0.0873186,-0.254882,-0.228564,-0.183977,-0.114554,
-8.06689,7.22648,15.2334,7.71865,-3.14324,9.74562,-5.29367,0.476558,17.4456,7.9333,60,12.9268,0,0,0,0,0,0,0,0,0,0,0,0,-0.0121576,0.750551,-1.49811,-0.0366968,0.794281,-1.45578,-0.0167598,0.761765,-1.49179,-0.0305668,0.730026,-1.45446,-0.157386,0.87806,-1.21757,0.104739,0.732319,-1.28107,-0.118199,0.771588,-1.18021,0.108339,14.4769,-1.22256,0.0577155,-0.155274,0.142755,0.0438572,-0.19249,-0.0994965,-0.207607,0.0463502,-0.224554,-0.213455,-0.181863,-0.125267,
-8.05273,7.53786,15.0425,7.87961,-2.41787,10.059,-5.35724,1.22366,19.0536,8.0855,60,12.6398,0,0,0,0,0,0,0,0,0,0,0,0,-0.0111293,0.74774,-1.49578,-0.0358876,0.790934,-1.45749,-0.0200233,0.762307,-1.49731,-0.0352372,0.72567,-1.45758,-0.156048,0.880707,-1.21912,0.108582,0.74222,-1.27697,-0.121731,0.785075,-1.1563,0.107529,14.9423,-1.23111,0.0597901,-0.163383,0.126559,0.0481471,-0.190122,-0.0951942,-0.172136,0.0207734,-0.2169,-0.169718,-0.171945,-0.133494,
-7.97007,7.76332,14.738,8.02273,-1.83889,10.3801,-5.34737,1.99988,20.2886,8.12337,60,12.5307,0,0,0,0,0,0,0,0,0,0,0,0,-0.0099199,0.74419,-1.49327,-0.0348939,0.78705,-1.45947,-0.0231876,0.762389,-1.5016,-0.0383576,0.722249,-1.46054,-0.153648,0.880961,-1.22232,0.111922,0.749154,-1.27314,-0.123994,0.798541,-1.13756,0.105802,15.3771,-1.23645,0.0472931,-0.175211,0.119699,0.0379256,-0.178471,-0.0962185,-0.143262,-0.00837772,-0.193656,-0.141526,-0.153142,-0.149735,
-7.89094,7.94558,14.3577,8.16279,-1.36151,10.803,-5.32594,2.69696,21.2498,8.11919,60,12.5449,0,0,0,0,0,0,0,0,0,0,0,0,-0.00915473,0.740361,-1.49079,-0.0343005,0.783502,-1.46155,-0.0258986,0.7618,-1.50524,-0.0410458,0.719315,-1.46392,-0.151888,0.880147,-1.22679,0.114668,0.754708,-1.26764,-0.125694,0.809835,-1.12288,0.103631,15.7846,-1.24004,0.029524,-0.187167,0.118346,0.0221601,-0.161562,-0.100606,-0.118417,-0.0400087,-0.16004,-0.117785,-0.129417,-0.168385,
-7.86299,8.06172,14.0056,8.26668,-0.94722,11.1714,-5.41382,3.28818,22.006,8.01719,60,12.5969,0,0,0,0,0,0,0,0,0,0,0,0,-0.00854784,0.736356,-1.48839,-0.0338248,0.78029,-1.46362,-0.0278959,0.760621,-1.5082,-0.0430432,0.716866,-1.46759,-0.150761,0.878105,-1.23091,0.117092,0.75941,-1.26293,-0.128256,0.818772,-1.11134,0.100786,16.168,-1.24302,0.0299988,-0.193107,0.113412,0.0245267,-0.1463,-0.0969222,-0.0770839,-0.0653509,-0.129894,-0.0775086,-0.107088,-0.178654,
-7.87106,7.88115,13.6964,8.33998,-0.80971,11.5138,-5.64415,3.5423,22.2357,7.82663,60,12.7065,0,0,0,0,0,0,0,0,0,0,0,0,-0.00793746,0.732951,-1.48647,-0.0332944,0.777856,-1.46526,-0.0288116,0.759284,-1.51023,-0.0439743,0.715171,-1.47076,-0.150106,0.871401,-1.23483,0.119185,0.759753,-1.25814,-0.132339,0.821516,-1.10845,0.097387,16.5289,-1.24436,0.037669,-0.193728,0.104458,0.0337353,-0.135231,-0.0889439,-0.0362654,-0.0869595,-0.100145,-0.0376388,-0.0883583,-0.185108,
-7.85906,7.92139,13.3282,8.4252,-0.616194,11.8087,-5.82307,3.76629,22.3607,7.68671,60,12.8912,0,0,0,0,0,0,0,0,0,0,0,0,-0.00723089,0.728789,-1.48417,-0.0326513,0.775257,-1.46709,-0.0291825,0.757252,-1.51203,-0.0443845,0.713618,-1.47473,-0.149399,0.86779,-1.23904,0.1212,0.761133,-1.25449,-0.135217,0.823072,-1.10723,0.095155,16.8713,-1.24519,0.0289715,-0.20098,0.111908,0.0266163,-0.116835,-0.0841831,-0.006418,-0.106296,-0.0705371,-0.00875103,-0.0629076,-0.193756,
-7.86951,8.18355,12.9094,8.50985,-0.259983,12.2784,-6.11645,4.2269,22.4742,7.48524,60,13.2576,0,0,0,0,0,0,0,0,0,0,0,0,-0.0066891,0.723767,-1.48132,-0.0321436,0.772696,-1.4691,-0.028919,0.754299,-1.51318,-0.0441935,0.712466,-1.47959,-0.149285,0.867384,-1.24365,0.12305,0.765554,-1.24783,-0.139494,0.827896,-1.10533,0.092451,17.2002,-1.24357,0.019444,-0.207006,0.118218,0.0187741,-0.0966235,-0.0787589,0.0253311,-0.130205,-0.0308944,0.021972,-0.0358039,-0.201206,
-7.86292,8.16108,12.6438,8.56699,-0.191348,12.4416,-6.34691,4.26781,22.3029,7.3438,60,13.4294,0,0,0,0,0,0,0,0,0,0,0,0,-0.00627336,0.719442,-1.47886,-0.0317248,0.770839,-1.47015,-0.0283766,0.752391,-1.51346,-0.0437012,0.712083,-1.48242,-0.148721,0.862709,-1.24602,0.124571,0.765316,-1.24565,-0.142616,0.826523,-1.10833,0.0908894,17.5156,-1.24329,0.020585,-0.204616,0.118331,0.0212925,-0.0817543,-0.0684362,0.0463479,-0.1386,-0.0149208,0.0426796,-0.0222949,-0.20171,
-7.91895,8.24379,12.3871,8.61907,-0.0779035,12.6718,-6.66225,4.53481,22.2591,7.13227,60,13.9037,0,0,0,0,0,0,0,0,0,0,0,0,-0.00590047,0.71591,-1.47677,-0.0313286,0.769547,-1.47166,-0.0267557,0.748992,-1.51361,-0.042176,0.712017,-1.48752,-0.149353,0.860803,-1.24856,0.125953,0.766407,-1.24264,-0.14591,0.827981,-1.1089,0.0893791,17.8229,-1.24002,0.0211277,-0.199769,0.119798,0.022862,-0.06898,-0.0549335,0.0791048,-0.138466,-0.00018614,0.0750993,0.0104691,-0.211813,
-7.95214,8.33842,12.1562,8.67398,0.0420951,12.8933,-6.96858,4.73834,22.1262,6.95592,60,14.3625,0,0,0,0,0,0,0,0,0,0,0,0,-0.00549795,0.711803,-1.47428,-0.0308767,0.76829,-1.47271,-0.0248618,0.746064,-1.51343,-0.0403673,0.712506,-1.49201,-0.149651,0.858592,-1.2503,0.127332,0.767711,-1.23946,-0.149146,0.82871,-1.11076,0.0884199,18.1243,-1.23625,0.0172486,-0.192761,0.118242,0.0200003,-0.0537841,-0.046927,0.0966875,-0.140233,0.014808,0.0926354,0.0316188,-0.214918,
-7.98493,8.47191,11.9609,8.72061,0.134208,13.0652,-7.24056,4.92316,21.9435,6.80531,60,14.7846,0,0,0,0,0,0,0,0,0,0,0,0,-0.00519349,0.707856,-1.47184,-0.0305042,0.767317,-1.47361,-0.0226851,0.743113,-1.51296,-0.0382727,0.713353,-1.49648,-0.150034,0.857286,-1.2515,0.128481,0.768718,-1.23704,-0.151614,0.82911,-1.11329,0.0880828,18.4217,-1.23294,0.0136035,-0.184187,0.114577,0.0171617,-0.0415678,-0.0393205,0.108692,-0.140612,0.0279329,0.104903,0.0457715,-0.210785,
-8.04881,8.66069,11.7869,8.74306,0.277408,13.2438,-7.50404,5.15933,21.823,6.66168,60,15.2559,0,0,0,0,0,0,0,0,0,0,0,0,-0.00492318,0.704124,-1.46951,-0.0301513,0.766566,-1.47433,-0.0202872,0.740198,-1.51226,-0.0359485,0.71443,-1.50149,-0.150921,0.857281,-1.25249,0.129262,0.77081,-1.23429,-0.15376,0.830585,-1.11456,0.0880555,18.7176,-1.22909,0.0137843,-0.172427,0.108252,0.0179551,-0.0319904,-0.0303788,0.118593,-0.136769,0.0365768,0.115301,0.0563977,-0.199207,
-8.03517,8.60333,11.7224,8.80043,0.179391,13.2477,-7.69012,5.15796,21.57,6.57243,60,15.4463,0,0,0,0,0,0,0,0,0,0,0,0,-0.00468842,0.70123,-1.46768,-0.0298397,0.766089,-1.47479,-0.0181668,0.737865,-1.51157,-0.0338808,0.715456,-1.5042,-0.150469,0.853653,-1.25202,0.130595,0.768732,-1.2345,-0.154943,0.828406,-1.1184,0.0885931,19.0113,-1.22806,0.0125237,-0.160051,0.101023,0.0170558,-0.0247298,-0.0229904,0.121769,-0.129625,0.0392566,0.119005,0.0595013,-0.187885,
-8.05743,8.68048,11.5831,8.82274,0.166325,13.2923,-7.90184,5.23693,21.343,6.44808,60,15.7719,0,0,0,0,0,0,0,0,0,0,0,0,-0.0044131,0.698055,-1.46562,-0.029466,0.765683,-1.47519,-0.0155791,0.735273,-1.5107,-0.0313445,0.716813,-1.50804,-0.15056,0.85226,-1.25263,0.131418,0.768294,-1.23388,-0.156148,0.827535,-1.12162,0.08894,19.3043,-1.22569,0.0140651,-0.144843,0.0955759,0.0188269,-0.0165146,-0.0148713,0.124045,-0.118223,0.040971,0.121871,0.0660424,-0.17625,
-8.08077,8.72112,11.5155,8.84127,0.156381,13.311,-8.07704,5.31047,21.1678,6.35416,60,16.0291,0,0,0,0,0,0,0,0,0,0,0,0,-0.00409913,0.695234,-1.46376,-0.0290514,0.765411,-1.47542,-0.0129926,0.732924,-1.50982,-0.0287965,0.718207,-1.51153,-0.150622,0.850622,-1.25228,0.132218,0.767981,-1.2336,-0.15679,0.826817,-1.12393,0.0897523,19.5978,-1.22402,0.0159945,-0.127105,0.0840477,0.0207776,-0.0108967,-0.00815311,0.122311,-0.106422,0.0408732,0.120743,0.0654306,-0.157196,
-8.12834,8.79757,11.4441,8.84359,0.180975,13.3691,-8.21723,5.42832,21.0199,6.25452,60,16.3325,0,0,0,0,0,0,0,0,0,0,0,0,-0.0037489,0.692783,-1.46214,-0.0286028,0.765249,-1.47555,-0.0104925,0.73083,-1.50896,-0.0259238,0.71977,-1.51508,-0.151109,0.850004,-1.25226,0.132732,0.768396,-1.23259,-0.156992,0.827175,-1.12577,0.090646,19.8928,-1.22149,0.0170959,-0.109395,0.0724379,0.02168,-0.0057452,-0.00482443,0.116174,-0.094077,0.0400677,0.11405,0.0617988,-0.134738,
-8.19096,8.83207,11.4172,8.83787,0.193529,13.426,-8.36874,5.55176,20.9023,6.22005,60,16.5814,0,0,0,0,0,0,0,0,0,0,0,0,-0.00339879,0.690717,-1.46078,-0.0281607,0.765182,-1.47562,-0.00781182,0.728742,-1.50801,-0.023661,0.721008,-1.51765,-0.151896,0.849037,-1.25169,0.133063,0.768677,-1.23154,-0.157344,0.827746,-1.12706,0.0920438,20.1893,-1.21901,0.0171732,-0.0905484,0.0599614,0.0213971,-0.000942316,-0.000970535,0.105084,-0.0775147,0.0362784,0.104523,0.0567573,-0.113554,
-8.22257,8.77625,11.4161,8.84721,0.121995,13.4046,-8.44092,5.56368,20.7958,6.21777,60,16.7285,0,0,0,0,0,0,0,0,0,0,0,0,-0.00302837,0.689054,-1.45966,-0.0277072,0.765204,-1.47559,-0.00575951,0.727316,-1.50731,-0.0216166,0.722132,-1.51976,-0.152083,0.846837,-1.25086,0.133692,0.767474,-1.23176,-0.156907,0.826955,-1.12843,0.0937511,20.4874,-1.21789,0.0178746,-0.0714214,0.049348,0.0216291,0.00205877,0.00434635,0.0929501,-0.0607571,0.031031,0.0926917,0.0512339,-0.0912879,
-8.22135,8.66919,11.4279,8.8842,0.0141664,13.3514,-8.43712,5.54317,20.7299,6.26306,60,16.763,0,0,0,0,0,0,0,0,0,0,0,0,-0.0027277,0.687969,-1.45888,-0.0273454,0.765249,-1.4755,-0.00455219,0.726562,-1.5069,-0.0204117,0.722817,-1.52116,-0.151797,0.844167,-1.25,0.134678,0.765595,-1.23254,-0.155894,0.826105,-1.1293,0.0955193,20.7865,-1.21816,0.0163889,-0.0569831,0.0439525,0.0196974,0.00353259,0.00826196,0.0824029,-0.0496597,0.0277137,0.0822904,0.0467915,-0.0709705,
-8.25938,8.54896,11.4471,8.88063,-0.0998908,13.2515,-8.48408,5.52547,20.5958,6.24665,60,16.7436,0,0,0,0,0,0,0,0,0,0,0,0,-0.00225953,0.686873,-1.45799,-0.0268054,0.765316,-1.47515,-0.00269131,0.72557,-1.50626,-0.0185506,0.723794,-1.52232,-0.151873,0.841403,-1.24909,0.135285,0.763534,-1.23374,-0.155141,0.825187,-1.13117,0.0968333,21.0867,-1.21895,0.0223019,-0.036196,0.0307278,0.0249586,0.00137737,0.0189818,0.0722355,-0.0338424,0.0247489,0.0723365,0.033432,-0.0422368,
-8.28208,8.4175,11.4704,8.89272,-0.201886,13.1603,-8.4808,5.50616,20.5078,6.2793,60,16.6672,0,0,0,0,0,0,0,0,0,0,0,0,-0.00178067,0.686288,-1.45743,-0.0262779,0.765324,-1.47467,-0.00132852,0.725004,-1.50576,-0.0171844,0.724353,-1.52288,-0.151793,0.83879,-1.24829,0.136031,0.761646,-1.23474,-0.154041,0.824562,-1.13231,0.0984741,21.3877,-1.22022,0.0228453,-0.0217641,0.0235565,0.0249133,-0.000294771,0.0259873,0.059377,-0.0221358,0.0233659,0.0595757,0.0219771,-0.0155947,
-8.30014,8.27845,11.4859,8.90958,-0.315462,13.0657,-8.44285,5.49223,20.4247,6.33531,60,16.564,0,0,0,0,0,0,0,0,0,0,0,0,-0.00135333,0.685988,-1.45699,-0.0258144,0.765315,-1.47406,-0.000291433,0.724679,-1.50528,-0.0161423,0.724713,-1.52295,-0.151769,0.836289,-1.24769,0.13671,0.759559,-1.23572,-0.152709,0.824282,-1.13339,0.100142,21.689,-1.22157,0.0198215,-0.00865229,0.0186702,0.0213027,-0.000787744,0.0314846,0.0435508,-0.0102267,0.0214146,0.043861,0.0137444,0.00871314,
-8.31337,8.13172,11.4864,8.93795,-0.39972,13.0269,-8.40933,5.50603,20.3849,6.4057,60,16.5586,0,0,0,0,0,0,0,0,0,0,0,0,-0.00105,0.685946,-1.45669,-0.0254901,0.765306,-1.47347,0.000326684,0.724608,-1.50493,-0.0155228,0.724903,-1.5227,-0.151807,0.833814,-1.24742,0.137439,0.75803,-1.23575,-0.151828,0.824726,-1.13385,0.101695,21.9895,-1.22118,0.0158066,0.000776085,0.0171764,0.0168245,-0.000312836,0.0349418,0.0297058,0.000330268,0.0181191,0.0300119,0.00956749,0.0183249,
-8.33714,7.92796,11.5481,8.94173,-0.516205,12.8478,-8.37597,5.43561,20.3963,6.46649,60,16.3466,0,0,0,0,0,0,0,0,0,0,0,0,-0.000681895,0.686143,-1.45643,-0.0250298,0.765278,-1.47248,0.000931445,0.724855,-1.50461,-0.0149131,0.725031,-1.52194,-0.151767,0.830656,-1.24627,0.138096,0.755833,-1.23775,-0.150791,0.824117,-1.13354,0.103232,22.2885,-1.2237,0.019974,0.0147606,0.0080556,0.0219706,-0.00238136,0.0455072,0.0227157,0.0173081,0.00897685,0.0229069,0.00178751,0.040876,
-8.36885,7.70737,11.5573,8.96893,-0.638586,12.7441,-8.32824,5.41001,20.3828,6.53372,60,16.1875,0,0,0,0,0,0,0,0,0,0,0,0,-0.000151624,0.686691,-1.45628,-0.02457,0.765217,-1.47145,0.00129791,0.725348,-1.50447,-0.0145427,0.725007,-1.5209,-0.151819,0.8275,-1.24603,0.138997,0.753533,-1.23848,-0.149822,0.824385,-1.13373,0.104559,22.5849,-1.2252,0.0197587,0.0269931,0.00458737,0.0198183,-0.00293864,0.0504617,0.0121046,0.0269441,0.00591953,0.0122839,-0.00333102,0.0551496,
-8.37304,7.50167,11.5731,9.01382,-0.72122,12.6906,-8.26988,5.42261,20.3944,6.6205,60,16.0923,0,0,0,0,0,0,0,0,0,0,0,0,0.000162837,0.687342,-1.4562,-0.0242586,0.765175,-1.47056,0.00137094,0.725872,-1.50436,-0.0144667,0.72492,-1.51985,-0.151744,0.824587,-1.24572,0.139953,0.752002,-1.23852,-0.148983,0.825266,-1.13341,0.105918,22.8788,-1.22569,0.0132221,0.0340463,0.00242522,0.0129461,-0.00240515,0.0519288,0.000296652,0.032074,0.00584325,0.000472275,-0.0060666,0.0631669,
-8.38901,7.29795,11.5816,9.04852,-0.791788,12.6196,-8.22846,5.41281,20.4052,6.6983,60,15.9628,0,0,0,0,0,0,0,0,0,0,0,0,0.000364616,0.687992,-1.45618,-0.024064,0.765125,-1.46943,0.00126774,0.726623,-1.50426,-0.0145661,0.724743,-1.51839,-0.15186,0.821661,-1.24558,0.140746,0.750653,-1.23858,-0.148513,0.826,-1.13316,0.107054,23.1693,-1.2263,0.0121143,0.039136,0.000883508,0.0116376,-0.00301992,0.056035,-0.00688609,0.0385148,0.00380245,-0.00668585,-0.010079,0.0741834,
-8.41382,7.0615,11.6322,9.07468,-0.879749,12.4886,-8.20259,5.38491,20.4645,6.75987,60,15.7443,0,0,0,0,0,0,0,0,0,0,0,0,0.000658474,0.688894,-1.4562,-0.023782,0.765036,-1.46817,0.0011068,0.727509,-1.50422,-0.0147221,0.724479,-1.51669,-0.151935,0.818418,-1.24477,0.141582,0.748908,-1.23952,-0.148228,0.82653,-1.13211,0.107994,23.4563,-1.22829,0.0154166,0.0453171,-0.00248478,0.0147975,-0.00529756,0.0632919,-0.00787603,0.0445719,0.000963454,-0.00761455,-0.0143429,0.0857479,
-8.41405,6.81834,11.6202,9.12111,-0.972683,12.4109,-8.16223,5.37634,20.4713,6.82951,60,15.5903,0,0,0,0,0,0,0,0,0,0,0,0,0.000938366,0.689877,-1.45624,-0.0235161,0.764917,-1.46679,0.000867321,0.728477,-1.50418,-0.0149555,0.724159,-1.51481,-0.151794,0.815032,-1.24498,0.142555,0.747092,-1.23946,-0.147922,0.827395,-1.1319,0.10884,23.7402,-1.22907,0.0100207,0.0473999,-0.000601318,0.00932724,-0.00559713,0.0669166,-0.0153999,0.0466598,0.00292888,-0.0150922,-0.0155294,0.0913089,
-8.40123,6.55417,11.5821,9.17852,-1.03433,12.346,-8.10699,5.36348,20.4906,6.89848,60,15.4984,0,0,0,0,0,0,0,0,0,0,0,0,0.00102775,0.691045,-1.4562,-0.0234374,0.764794,-1.46513,0.000329932,0.729624,-1.50405,-0.0153187,0.723894,-1.5132,-0.151672,0.811416,-1.24556,0.143475,0.745859,-1.23892,-0.147674,0.828324,-1.13134,0.109516,24.023,-1.2291,0.00199723,0.0481774,0.00233983,0.00121581,-0.00512783,0.0694076,-0.0241564,0.047277,0.00602614,-0.0236662,-0.0147125,0.0921996,
-8.40414,6.32144,11.6127,9.22539,-1.09965,12.3304,-8.12698,5.36658,20.5229,6.93603,60,15.3597,0,0,0,0,0,0,0,0,0,0,0,0,0.00105192,0.691725,-1.45617,-0.0234295,0.764717,-1.46413,-0.000104228,0.730457,-1.50394,-0.0159083,0.723509,-1.51085,-0.151719,0.807864,-1.24494,0.14432,0.744567,-1.23812,-0.148389,0.829221,-1.13062,0.109625,24.306,-1.22912,0.00126784,0.0481836,0.00357596,0.000607798,-0.00628553,0.072843,-0.0208435,0.0476146,0.00684653,-0.0230542,-0.0167616,0.0986838,
-8.4221,6.02746,11.5853,9.26429,-1.11489,12.287,-8.15059,5.38042,20.597,6.94709,60,15.2319,0,0,0,0,0,0,0,0,0,0,0,0,0.00113314,0.692911,-1.4561,-0.0233628,0.764522,-1.46227,-0.000561581,0.731437,-1.50377,-0.0163579,0.72312,-1.5087,-0.151933,0.803687,-1.24535,0.145129,0.744019,-1.23689,-0.14931,0.8304,-1.12902,0.109409,24.5936,-1.22915,0.00252837,0.0474133,0.00434094,0.00199592,-0.00928339,0.0789776,-0.0222461,0.045478,0.0100884,-0.0217517,-0.0194255,0.104353,
-8.41896,5.78489,11.5433,9.32376,-1.09012,12.3704,-8.18791,5.46267,20.6888,6.94064,60,15.2579,0,0,0,0,0,0,0,0,0,0,0,0,0.00111773,0.693702,-1.45596,-0.0233862,0.76434,-1.46084,-0.000993453,0.73219,-1.50352,-0.0167804,0.722774,-1.50686,-0.152061,0.799953,-1.2458,0.14602,0.744239,-1.23385,-0.150546,0.832526,-1.12692,0.108745,24.8922,-1.22679,-0.00428767,0.0428649,0.0112473,-0.00468861,-0.0112495,0.0829126,-0.0272636,0.040598,0.0174827,-0.0267094,-0.0201185,0.105994,
-8.38298,5.5187,11.4637,9.40637,-1.0499,12.4056,-8.19756,5.53855,20.7198,6.95263,60,15.2045,0,0,0,0,0,0,0,0,0,0,0,0,0.000898846,0.694516,-1.45561,-0.0236112,0.76407,-1.45904,-0.00166108,0.732945,-1.50302,-0.0174356,0.722321,-1.50458,-0.15186,0.795741,-1.24664,0.147068,0.74461,-1.23127,-0.151556,0.834454,-1.12556,0.108143,25.2015,-1.22536,-0.0136236,0.0353975,0.0216444,-0.0138291,-0.0148295,0.0888069,-0.0339475,0.0322977,0.0292559,-0.0333236,-0.0231038,0.110946,
-8.34119,5.21252,11.3743,9.48173,-1.03221,12.3635,-8.23246,5.57516,20.6949,6.93887,60,15.0403,0,0,0,0,0,0,0,0,0,0,0,0,0.000579911,0.695168,-1.45502,-0.0239316,0.763677,-1.45704,-0.00237978,0.733533,-1.50228,-0.01814,0.721775,-1.50172,-0.151451,0.790645,-1.2474,0.148091,0.744364,-1.22973,-0.15289,0.835535,-1.12502,0.107211,25.5192,-1.22522,-0.0149142,0.0281588,0.0324557,-0.0148848,-0.0218268,0.100999,-0.033149,0.0254107,0.0391783,-0.0324221,-0.028257,0.121599,
-8.33783,4.96461,11.2738,9.53749,-0.93192,12.4236,-8.29955,5.67753,20.7775,6.90524,60,15.0697,0,0,0,0,0,0,0,0,0,0,0,0,0.000336649,0.695613,-1.45437,-0.0241724,0.763239,-1.45516,-0.00292544,0.733942,-1.50154,-0.0186721,0.721247,-1.49997,-0.1516,0.786449,-1.24837,0.148902,0.7456,-1.22647,-0.154583,0.837722,-1.12267,0.106142,25.71,-1.22282,-0.0136104,0.0228506,0.0411241,-0.0133815,-0.0278039,0.112257,-0.0302489,0.0220848,0.0438866,-0.0294367,-0.0313083,0.126294,
-8.25122,4.68899,11.1014,9.61941,-0.929476,12.1979,-8.28575,5.66545,20.606,6.93007,60,14.7558,0,0,0,0,0,0,0,0,0,0,0,0,7.82333e-06,0.696081,-1.45321,-0.0245582,0.762484,-1.45227,-0.00369901,0.734403,-1.50033,-0.019425,0.720444,-1.4968,-0.150485,0.781724,-1.25004,0.149885,0.744755,-1.22743,-0.15518,0.837811,-1.12434,0.105767,25.71,-1.22522,-0.018815,0.015572,0.0531484,-0.0181919,-0.0331765,0.122532,-0.0332453,0.0159786,0.0534904,-0.0323742,-0.0338878,0.131683,
-8.17567,4.53369,10.9231,9.64285,-0.965657,11.918,-8.26281,5.57595,20.3463,6.95977,60,14.4172,0,0,0,0,0,0,0,0,0,0,0,0,-0.000466303,0.696361,-1.45202,-0.0249555,0.761755,-1.44963,-0.0043963,0.734721,-1.49919,-0.0201035,0.719738,-1.49404,-0.149588,0.77912,-1.25199,0.14991,0.743324,-1.22977,-0.155435,0.836498,-1.12793,0.105654,25.71,-1.22864,-0.0189274,0.0131399,0.0572005,-0.0183599,-0.0349638,0.126691,-0.0322307,0.0158195,0.053129,-0.0313289,-0.0327374,0.13036,
-8.14607,4.38533,10.8532,9.64499,-1.0347,11.76,-8.26408,5.45688,20.2119,6.97784,60,14.2643,0,0,0,0,0,0,0,0,0,0,0,0,-0.000772854,0.696626,-1.45108,-0.025252,0.761179,-1.44746,-0.00492654,0.735058,-1.49837,-0.0206183,0.719228,-1.49186,-0.1493,0.776795,-1.25251,0.149709,0.741608,-1.23065,-0.155909,0.834843,-1.12986,0.105546,25.71,-1.22956,-0.0166802,0.0174127,0.0497049,-0.0161209,-0.030325,0.119882,-0.029079,0.0227334,0.0406627,-0.0282189,-0.0253024,0.117789,
-8.10675,4.25353,10.8436,9.67042,-1.10912,11.6274,-8.24169,5.34698,20.1721,7.01668,60,14.152,0,0,0,0,0,0,0,0,0,0,0,0,-0.00111385,0.697102,-1.45026,-0.0255824,0.760672,-1.44517,-0.00550887,0.735656,-1.49775,-0.0211843,0.718842,-1.48965,-0.148931,0.775102,-1.25234,0.149833,0.740034,-1.23128,-0.156047,0.833674,-1.13046,0.105721,25.71,-1.22997,-0.0168686,0.0265264,0.0303186,-0.0164242,-0.0188886,0.0992507,-0.0275524,0.0319861,0.0211896,-0.0268401,-0.0132383,0.0948688,
-8.07765,4.14692,10.9149,9.70951,-1.19741,11.5928,-8.20474,5.27124,20.2251,7.05676,60,14.1015,0,0,0,0,0,0,0,0,0,0,0,0,-0.00148375,0.697897,-1.44991,-0.0260061,0.76042,-1.44319,-0.00616433,0.736535,-1.49754,-0.0218249,0.718687,-1.48773,-0.148794,0.77421,-1.25144,0.150094,0.738542,-1.23076,-0.155981,0.833312,-1.12979,0.105853,25.71,-1.22965,-0.0177709,0.0365827,0.000738988,-0.0174694,-0.0042625,0.0661351,-0.025603,0.037463,0.000519946,-0.0250716,-0.00255819,0.0675043,
-8.08864,4.15217,10.9876,9.72687,-1.19565,11.6511,-8.20312,5.29129,20.298,7.06262,60,14.1319,0,0,0,0,0,0,0,0,0,0,0,0,-0.00178784,0.698448,-1.45006,-0.0262454,0.76042,-1.44243,-0.00650082,0.737059,-1.49761,-0.0221547,0.718677,-1.48689,-0.149274,0.774948,-1.25067,0.150191,0.738724,-1.22937,-0.156219,0.834185,-1.12874,0.105697,25.71,-1.22856,-0.0167887,0.0402329,-0.0155359,-0.0166194,0.00169587,0.0486156,-0.0228372,0.0368192,-0.00756033,-0.0223914,-2.14198e-05,0.0554933,
-8.08769,4.09414,11.173,9.77255,-1.24088,11.7022,-8.19655,5.29173,20.4466,7.07692,60,14.0986,0,0,0,0,0,0,0,0,0,0,0,0,-0.00214955,0.699493,-1.45081,-0.0266043,0.760569,-1.44162,-0.00696405,0.737906,-1.49794,-0.0226084,0.718676,-1.48573,-0.149542,0.775015,-1.24864,0.150737,0.738219,-1.22826,-0.156403,0.834931,-1.12661,0.105661,25.71,-1.22835,-0.013741,0.0433147,-0.0389908,-0.0136479,0.00848863,0.0235691,-0.0164196,0.0324759,-0.0169571,-0.0160713,8.59283e-05,0.0417394,
-8.09227,4.10351,11.27,9.81196,-1.23951,11.7619,-8.19055,5.35494,20.5461,7.08296,60,14.1159,0,0,0,0,0,0,0,0,0,0,0,0,-0.00243936,0.700372,-1.45172,-0.0268919,0.760776,-1.44128,-0.00727241,0.738424,-1.49826,-0.022861,0.718682,-1.48509,-0.149942,0.775982,-1.24793,0.15114,0.7385,-1.22712,-0.156549,0.836472,-1.12514,0.105569,25.71,-1.2276,-0.0148253,0.0400269,-0.0447389,-0.0146986,0.0104097,0.0121678,-0.0143141,0.0274065,-0.0178213,-0.0140477,0.000538561,0.0334816,
-8.0967,4.10253,11.3252,9.83979,-1.2305,11.7847,-8.19772,5.39045,20.6225,7.09337,60,14.1363,0,0,0,0,0,0,0,0,0,0,0,0,-0.00271646,0.701019,-1.45248,-0.0271659,0.760951,-1.4411,-0.00751723,0.738935,-1.49863,-0.0231517,0.718705,-1.48448,-0.150329,0.776477,-1.24761,0.151345,0.738807,-1.22657,-0.156899,0.837499,-1.12409,0.105491,25.71,-1.2268,-0.015987,0.0346869,-0.0416287,-0.0157644,0.00917936,0.0103844,-0.013281,0.0222106,-0.0168307,-0.0130911,0.00152024,0.0261642,
-8.07155,4.08157,11.3563,9.87566,-1.24362,11.7275,-8.2002,5.3993,20.6906,7.10756,60,14.1167,0,0,0,0,0,0,0,0,0,0,0,0,-0.00309372,0.701747,-1.45335,-0.0275355,0.761127,-1.4408,-0.00779304,0.739423,-1.49902,-0.0234237,0.718767,-1.48393,-0.150228,0.7766,-1.24763,0.151653,0.738648,-1.2272,-0.157139,0.83804,-1.12319,0.105557,25.71,-1.22676,-0.0151446,0.0256785,-0.030143,-0.0147606,0.00530267,0.0147204,-0.0100383,0.0179144,-0.0145662,-0.00991104,0.00309594,0.0201777,
-8.08119,4.11349,11.3278,9.87363,-1.20947,11.7273,-8.21573,5.444,20.7015,7.10475,60,14.131,0,0,0,0,0,0,0,0,0,0,0,0,-0.00329933,0.702059,-1.45371,-0.0277349,0.761177,-1.44056,-0.00791686,0.739646,-1.4992,-0.023546,0.718812,-1.48367,-0.150589,0.777354,-1.24833,0.151439,0.739255,-1.2269,-0.157496,0.838988,-1.12309,0.105431,25.71,-1.22629,-0.0143501,0.0201986,-0.0230372,-0.0138831,0.00273141,0.0174708,-0.00809578,0.0144167,-0.0113861,-0.00800134,0.00306469,0.0181698,
-8.06584,4.12728,11.3261,9.88677,-1.193,11.6835,-8.22524,5.46889,20.7153,7.11037,60,14.1058,0,0,0,0,0,0,0,0,0,0,0,0,-0.00358611,0.702385,-1.45409,-0.0280108,0.761179,-1.44016,-0.00805929,0.739877,-1.49938,-0.0236868,0.718849,-1.4833,-0.150568,0.777744,-1.24854,0.151432,0.739454,-1.22723,-0.157757,0.839531,-1.12292,0.105446,25.71,-1.22642,-0.0132057,0.0126842,-0.0150019,-0.012659,-0.00135806,0.0200715,-0.00593484,0.00878052,-0.0071628,-0.00586766,0.00114069,0.016597,
-8.04633,4.15323,11.297,9.89581,-1.17964,11.6418,-8.23295,5.49666,20.7182,7.1131,60,14.1012,0,0,0,0,0,0,0,0,0,0,0,0,-0.00388698,0.702588,-1.45433,-0.0282978,0.761109,-1.43966,-0.00817037,0.740021,-1.49951,-0.023797,0.718875,-1.48296,-0.150475,0.77824,-1.2491,0.15135,0.739568,-1.2275,-0.157952,0.840064,-1.12291,0.105441,25.71,-1.22628,-0.0116266,0.00552349,-0.00684346,-0.0110526,-0.00372471,0.0199045,-0.0036538,0.0041433,-0.00398073,-0.00364357,0.0011369,0.0117793,
-8.04548,4.18059,11.2824,9.89183,-1.16072,11.6317,-8.24797,5.52139,20.7285,7.1071,60,14.1185,0,0,0,0,0,0,0,0,0,0,0,0,-0.00410395,0.702654,-1.45443,-0.028503,0.761019,-1.43927,-0.0082193,0.740077,-1.49958,-0.0238462,0.718903,-1.48277,-0.15061,0.778708,-1.24939,0.151138,0.739802,-1.22735,-0.158209,0.840511,-1.12279,0.105346,25.71,-1.22589,-0.0089653,0.00172121,-0.0036855,-0.00842019,-0.00453394,0.0173321,-0.00106465,0.0017998,-0.00369623,-0.0010983,0.0013606,0.00706011,
-8.04829,4.21169,11.2808,9.88789,-1.14428,11.6353,-8.26144,5.54653,20.7478,7.1003,60,14.1462,0,0,0,0,0,0,0,0,0,0,0,0,-0.00425441,0.702658,-1.4545,-0.0286428,0.760923,-1.43896,-0.00820977,0.740092,-1.49967,-0.0238379,0.71893,-1.48268,-0.150744,0.779211,-1.24946,0.150992,0.740008,-1.22709,-0.15839,0.840934,-1.12254,0.105284,25.71,-1.22543,-0.00627182,-0.00092884,-0.00271691,-0.00580048,-0.00438828,0.0125622,0.00111382,-0.000142094,-0.00420585,0.00103869,0.00142039,0.00203666,
-8.06166,4.25169,11.2769,9.87974,-1.1184,11.6657,-8.2736,5.58273,20.7656,7.09335,60,14.1925,0,0,0,0,0,0,0,0,0,0,0,0,-0.00433235,0.702631,-1.45453,-0.0287147,0.760852,-1.43879,-0.00818202,0.740071,-1.49974,-0.0238118,0.718955,-1.48269,-0.151038,0.779875,-1.24956,0.150797,0.74042,-1.22649,-0.158567,0.841529,-1.12229,0.1052,25.71,-1.22469,-0.0052034,-0.00237525,-0.00260698,-0.00479306,-0.00389013,0.00778888,0.00178057,-0.00183921,-0.00429676,0.00167035,0.00137975,-0.00198572,
-8.07401,4.30127,11.2754,9.87353,-1.09224,11.7021,-8.28349,5.61906,20.7865,7.08727,60,14.252,0,0,0,0,0,0,0,0,0,0,0,0,-0.00443708,0.702533,-1.45458,-0.0288111,0.760776,-1.43869,-0.00813924,0.74001,-1.49983,-0.0237718,0.718983,-1.48279,-0.151325,0.780611,-1.2496,0.150627,0.740831,-1.22586,-0.158693,0.842088,-1.12201,0.105139,25.71,-1.22382,-0.00352716,-0.00508391,-0.00120858,-0.00323803,-0.00342125,0.00274063,0.00221664,-0.00347279,-0.00437623,0.00207136,0.00138932,-0.0064971,
-8.08997,4.34414,11.2758,9.86453,-1.0645,11.7327,-8.29487,5.6515,20.8127,7.08024,60,14.3037,0,0,0,0,0,0,0,0,0,0,0,0,-0.00448793,0.702404,-1.45459,-0.028857,0.760704,-1.43868,-0.00808474,0.739924,-1.49993,-0.0237206,0.719007,-1.48296,-0.151615,0.781215,-1.24956,0.150467,0.741261,-1.22537,-0.158826,0.842567,-1.12163,0.105082,25.71,-1.22313,-0.00145958,-0.00693661,0.000277524,-0.00126537,-0.00351981,-0.000606011,0.00299247,-0.0044717,-0.00459522,0.00282908,0.000983566,-0.00950785,
-8.10621,4.38801,11.2669,9.85345,-1.03659,11.762,-8.30221,5.68267,20.8306,7.07464,60,14.3515,0,0,0,0,0,0,0,0,0,0,0,0,-0.00449373,0.702236,-1.45456,-0.0288599,0.760624,-1.43872,-0.00801484,0.739818,-1.50002,-0.0236542,0.719017,-1.48318,-0.151872,0.781797,-1.24964,0.150304,0.741675,-1.22493,-0.158882,0.843002,-1.12139,0.105054,25.71,-1.22253,0.000310873,-0.00884865,0.00247681,0.000414632,-0.00405635,-0.00276089,0.00330267,-0.00548757,-0.00417701,0.00313213,0.000164179,-0.0112964,
-8.11928,4.42771,11.255,9.84171,-1.00937,11.7845,-8.30803,5.70937,20.8421,7.07124,60,14.3864,0,0,0,0,0,0,0,0,0,0,0,0,-0.00447235,0.702027,-1.45447,-0.0288374,0.76053,-1.4388,-0.00794944,0.73969,-1.50009,-0.0236024,0.71901,-1.48339,-0.152056,0.782264,-1.24971,0.150142,0.742058,-1.22464,-0.158929,0.843334,-1.12122,0.105037,25.71,-1.22211,0.0015662,-0.0107028,0.00504932,0.00158389,-0.00479002,-0.00416875,0.00301413,-0.00649959,-0.00339925,0.00285683,-0.000845738,-0.0118381,
-8.13283,4.46123,11.2399,9.82964,-0.984674,11.8089,-8.31065,5.73196,20.8491,7.06769,60,14.422,0,0,0,0,0,0,0,0,0,0,0,0,-0.00443266,0.701826,-1.45436,-0.0287981,0.760439,-1.43888,-0.00789839,0.739569,-1.50015,-0.0235443,0.71898,-1.48365,-0.152235,0.782643,-1.24983,0.149988,0.742398,-1.2243,-0.158931,0.843608,-1.12113,0.105025,25.71,-1.22173,0.00268193,-0.0118465,0.00671902,0.00263181,-0.00548526,-0.00499825,0.00279002,-0.00714098,-0.00253432,0.00262885,-0.00211908,-0.012087,
-8.14714,4.4996,11.2183,9.81451,-0.955524,11.8308,-8.31283,5.75419,20.8564,7.06461,60,14.4573,0,0,0,0,0,0,0,0,0,0,0,0,-0.00436205,0.701561,-1.45419,-0.0287295,0.760316,-1.43899,-0.00784478,0.739414,-1.50019,-0.023494,0.718926,-1.48391,-0.152395,0.783046,-1.25,0.14981,0.74279,-1.22403,-0.158926,0.84385,-1.12104,0.105011,25.71,-1.22136,0.00389146,-0.0130551,0.00904618,0.00376245,-0.00610059,-0.00571927,0.00243765,-0.00742559,-0.00201072,0.00228441,-0.00290133,-0.0126004,
-8.16317,4.53738,11.1995,9.7977,-0.925255,11.8538,-8.314,5.77562,20.8654,7.06217,60,14.4867,0,0,0,0,0,0,0,0,0,0,0,0,-0.00426543,0.70128,-1.45399,-0.0286365,0.760181,-1.43912,-0.00779716,0.739258,-1.50023,-0.0234494,0.718853,-1.48417,-0.15256,0.783437,-1.2501,0.149625,0.743194,-1.22376,-0.158908,0.844084,-1.1209,0.105003,25.71,-1.22108,0.00506532,-0.0136081,0.0103601,0.00486417,-0.00657808,-0.00636733,0.00213048,-0.00741715,-0.00177816,0.00198984,-0.0038613,-0.0124074,
-8.17883,4.57327,11.1816,9.78116,-0.896297,11.8796,-8.31244,5.79628,20.874,7.0612,60,14.5152,0,0,0,0,0,0,0,0,0,0,0,0,-0.00414811,0.700992,-1.45376,-0.0285243,0.76004,-1.43927,-0.0077584,0.739103,-1.50027,-0.0234134,0.71876,-1.48443,-0.152708,0.7838,-1.25019,0.149454,0.743573,-1.22346,-0.158855,0.844307,-1.12078,0.105007,25.71,-1.22082,0.00582713,-0.0136944,0.0108545,0.00555828,-0.00679076,-0.00733018,0.00154254,-0.0073148,-0.00168392,0.00141527,-0.00475183,-0.0120775,
-8.19512,4.60951,11.1637,9.76542,-0.865847,11.91,-8.30841,5.81798,20.8872,7.06201,60,14.549,0,0,0,0,0,0,0,0,0,0,0,0,-0.00402139,0.700705,-1.45353,-0.0284039,0.759898,-1.43943,-0.00773593,0.738954,-1.5003,-0.0233935,0.718636,-1.48472,-0.152869,0.784177,-1.25027,0.149295,0.743988,-1.22309,-0.158779,0.844562,-1.12058,0.105023,25.71,-1.2205,0.00617821,-0.0134856,0.011069,0.00585123,-0.00668917,-0.00827446,0.000756593,-0.00691685,-0.00180833,0.000639607,-0.00521578,-0.0121063,
-8.20675,4.62189,11.1571,9.75473,-0.855424,11.925,-8.30517,5.82203,20.8903,7.06248,60,14.5619,0,0,0,0,0,0,0,0,0,0,0,0,-0.00388629,0.700472,-1.45333,-0.0282982,0.759783,-1.43959,-0.00772739,0.738838,-1.50034,-0.0233869,0.718561,-1.48489,-0.152937,0.784183,-1.25021,0.149215,0.744066,-1.22299,-0.158723,0.844534,-1.12057,0.105027,25.71,-1.22042,0.00652499,-0.0129325,0.0107135,0.0061609,-0.00656886,-0.00875031,0.000309059,-0.006385,-0.00209649,0.000201544,-0.00557601,-0.0116109,
-8.21799,4.64511,11.1403,9.73989,-0.833295,11.9467,-8.30216,5.83088,20.9003,7.06304,60,14.584,0,0,0,0,0,0,0,0,0,0,0,0,-0.00376568,0.700207,-1.45311,-0.0281624,0.759648,-1.43977,-0.00772281,0.738715,-1.50039,-0.0233845,0.718444,-1.48513,-0.153009,0.784355,-1.25029,0.149091,0.744339,-1.22279,-0.158669,0.844591,-1.12045,0.105034,25.71,-1.22025,0.00699155,-0.0123521,0.0105751,0.00659572,-0.00636238,-0.00902964,8.36025e-05,-0.00560348,-0.00257733,-1.08165e-05,-0.00571634,-0.0112355,
-8.22896,4.66564,11.1297,9.7279,-0.812847,11.9695,-8.2966,5.84165,20.909,7.06531,60,14.6008,0,0,0,0,0,0,0,0,0,0,0,0,-0.00362107,0.699956,-1.45289,-0.0280264,0.759517,-1.43997,-0.00772899,0.738601,-1.50044,-0.0233925,0.71832,-1.48536,-0.153069,0.784495,-1.25029,0.149004,0.744584,-1.22257,-0.15859,0.84468,-1.12034,0.105052,25.71,-1.22015,0.00678818,-0.0116504,0.00990805,0.00637474,-0.00618204,-0.00922689,-0.000544198,-0.00532613,-0.00243637,-0.000627917,-0.00610408,-0.010383,
-8.23724,4.67953,11.1235,9.71903,-0.798226,11.9858,-8.29171,5.84906,20.915,7.06734,60,14.6092,0,0,0,0,0,0,0,0,0,0,0,0,-0.00350415,0.699757,-1.45273,-0.0279168,0.75941,-1.44013,-0.00774227,0.738509,-1.50048,-0.0234071,0.718209,-1.48553,-0.153107,0.784562,-1.25025,0.148948,0.744745,-1.22244,-0.158523,0.844724,-1.12027,0.105066,25.71,-1.22014,0.00661786,-0.0111124,0.00920999,0.00619924,-0.00610067,-0.00923816,-0.00087914,-0.00526698,-0.00220934,-0.000952589,-0.00656067,-0.00937166,
-8.25149,4.70767,11.1115,9.70576,-0.768095,12.0107,-8.28886,5.86687,20.9307,7.06868,60,14.624,0,0,0,0,0,0,0,0,0,0,0,0,-0.00334435,0.699497,-1.45251,-0.0277671,0.759263,-1.44035,-0.00776565,0.738387,-1.50054,-0.0234321,0.718046,-1.48574,-0.153212,0.784836,-1.25028,0.148851,0.74515,-1.22219,-0.158498,0.844939,-1.12004,0.105062,25.71,-1.22006,0.00638623,-0.0102221,0.00841413,0.00598016,-0.00590597,-0.00862461,-0.00102851,-0.00473812,-0.00227657,-0.00108914,-0.00662966,-0.00818495,
-8.25915,4.72072,11.1029,9.69788,-0.751534,12.0258,-8.28425,5.87571,20.9416,7.07169,60,14.638,0,0,0,0,0,0,0,0,0,0,0,0,-0.00321718,0.699294,-1.45234,-0.0276482,0.759143,-1.44052,-0.00779087,0.738295,-1.50059,-0.0234585,0.71791,-1.48591,-0.153242,0.784892,-1.25028,0.148809,0.745339,-1.22206,-0.158449,0.845024,-1.11989,0.10508,25.71,-1.21995,0.00565926,-0.00931993,0.00786319,0.0052781,-0.00556443,-0.00778406,-0.00143293,-0.00405968,-0.00237044,-0.00148992,-0.00616492,-0.00746836,
-8.26202,4.72446,11.0986,9.69372,-0.744271,12.0324,-8.2801,5.87675,20.9485,7.07495,60,14.6415,0,0,0,0,0,0,0,0,0,0,0,0,-0.00312616,0.699139,-1.45221,-0.0275636,0.75905,-1.44065,-0.00781978,0.738231,-1.50063,-0.0234884,0.717809,-1.48603,-0.153221,0.784826,-1.25023,0.148801,0.745388,-1.22205,-0.158411,0.844995,-1.11981,0.105102,25.71,-1.22,0.00494289,-0.00847873,0.00736532,0.00458869,-0.00516731,-0.00696874,-0.00174269,-0.00342142,-0.00246186,-0.00179776,-0.00560179,-0.00690091,
-8.26627,4.73365,11.0907,9.68838,-0.731374,12.0401,-8.27565,5.88192,20.9584,7.07849,60,14.6456,0,0,0,0,0,0,0,0,0,0,0,0,-0.00302937,0.698972,-1.45207,-0.0274737,0.758945,-1.44078,-0.00785577,0.738156,-1.50069,-0.0235315,0.71768,-1.48619,-0.153217,0.78485,-1.25025,0.148779,0.745526,-1.22201,-0.158364,0.845029,-1.11969,0.105125,25.71,-1.22004,0.00434839,-0.00754849,0.00658488,0.00403487,-0.00484608,-0.00579843,-0.0016733,-0.00283111,-0.00243445,-0.0017211,-0.00512723,-0.00564504,
-8.26774,4.73723,11.0884,9.68456,-0.723767,12.044,-8.27262,5.88237,20.9621,7.07979,60,14.6422,0,0,0,0,0,0,0,0,0,0,0,0,-0.00293238,0.698803,-1.45192,-0.0273837,0.758831,-1.4409,-0.00789449,0.7381,-1.50074,-0.0235653,0.717575,-1.48629,-0.153164,0.784774,-1.25018,0.148784,0.74556,-1.22204,-0.158343,0.844987,-1.11966,0.10512,25.71,-1.22018,0.00365184,-0.00643537,0.00532033,0.0033913,-0.00447738,-0.0045412,-0.00147993,-0.00260078,-0.00212328,-0.0015234,-0.00485573,-0.00440369,
-8.26643,4.73685,11.0859,9.68301,-0.720718,12.0452,-8.27015,5.88037,20.9616,7.08023,60,14.6391,0,0,0,0,0,0,0,0,0,0,0,0,-0.00286432,0.698679,-1.45182,-0.0273205,0.758742,-1.44099,-0.00792332,0.738048,-1.50078,-0.0235853,0.717509,-1.48636,-0.153091,0.784667,-1.25015,0.1488,0.745538,-1.22208,-0.158324,0.844905,-1.11971,0.105112,25.71,-1.22028,0.00286632,-0.00549646,0.00424342,0.00265425,-0.00401489,-0.00364803,-0.00136406,-0.00235024,-0.00186301,-0.00136944,-0.00448093,-0.00359866,
-8.26419,4.73189,11.0842,9.68283,-0.72261,12.0444,-8.26677,5.87452,20.9604,7.08281,60,14.6349,0,0,0,0,0,0,0,0,0,0,0,0,-0.00282924,0.698608,-1.45177,-0.0272881,0.758689,-1.44103,-0.00794201,0.738017,-1.5008,-0.0236143,0.71742,-1.48641,-0.153029,0.78452,-1.25015,0.148817,0.745459,-1.22212,-0.158279,0.844772,-1.11975,0.105131,25.71,-1.2204,0.00231827,-0.00490125,0.00359402,0.00213823,-0.00366445,-0.00308926,-0.00128734,-0.00215233,-0.00172229,-0.0013302,-0.00394853,-0.00295948,
-8.26343,4.73269,11.0875,9.68298,-0.717709,12.0447,-8.26672,5.87485,20.9643,7.08331,60,14.6279,0,0,0,0,0,0,0,0,0,0,0,0,-0.00278223,0.698504,-1.4517,-0.0272447,0.758607,-1.4411,-0.00796795,0.737969,-1.50085,-0.0236413,0.717332,-1.48647,-0.152984,0.78446,-1.25006,0.148849,0.74548,-1.22215,-0.158292,0.844739,-1.11972,0.105125,25.71,-1.22056,0.00169132,-0.00374261,0.00212696,0.00157013,-0.00313488,-0.00203524,-0.000802485,-0.00182947,-0.00159762,-0.000844867,-0.00338608,-0.00191839,
-8.26122,4.73298,11.0909,9.68479,-0.714856,12.0445,-8.26775,5.8767,20.9698,7.08342,60,14.6246,0,0,0,0,0,0,0,0,0,0,0,0,-0.00275396,0.698436,-1.45167,-0.0272184,0.758547,-1.44113,-0.00797982,0.737933,-1.50088,-0.0236541,0.717259,-1.48651,-0.152934,0.784417,-1.24999,0.148891,0.745484,-1.22217,-0.158316,0.844741,-1.11964,0.105121,25.71,-1.22064,0.000957238,-0.00292177,0.00108674,0.000886216,-0.0026202,-0.00128503,-0.000533549,-0.00161667,-0.00145702,-0.000579363,-0.00256221,-0.00129918,
-8.25685,4.72868,11.0917,9.68764,-0.717364,12.0425,-8.26758,5.8746,20.9694,7.08377,60,14.6244,0,0,0,0,0,0,0,0,0,0,0,0,-0.0027457,0.698391,-1.45166,-0.0272109,0.758507,-1.44114,-0.00798894,0.737907,-1.5009,-0.0236641,0.717228,-1.48653,-0.152866,0.784309,-1.24998,0.148932,0.745412,-1.22221,-0.158321,0.844684,-1.11967,0.105118,25.71,-1.22066,0.000173787,-0.00232649,0.000525014,0.000143794,-0.0020981,-0.000684508,-0.00049033,-0.00137106,-0.00130769,-0.000542145,-0.00191203,-0.00115757,
-8.25123,4.72464,11.0949,9.69142,-0.71919,12.0353,-8.26769,5.87119,20.9712,7.08417,60,14.6211,0,0,0,0,0,0,0,0,0,0,0,0,-0.00275444,0.698347,-1.45166,-0.0272196,0.758464,-1.44115,-0.00799912,0.73788,-1.50093,-0.0236756,0.717195,-1.48655,-0.152791,0.784213,-1.24994,0.148974,0.74535,-1.22231,-0.158326,0.844606,-1.11967,0.105121,25.71,-1.22073,-0.00057681,-0.00144397,-0.000274768,-0.000552367,-0.00153084,0.000365353,-0.000207639,-0.0009155,-0.00125448,-0.000263384,-0.000997259,-0.000739697,
-8.2472,4.71733,11.0996,9.69424,-0.725431,12.0292,-8.26958,5.86565,20.9686,7.08306,60,14.6142,0,0,0,0,0,0,0,0,0,0,0,0,-0.00276667,0.698327,-1.45167,-0.027231,0.758441,-1.44113,-0.00799789,0.737867,-1.50095,-0.0236753,0.717182,-1.48655,-0.152735,0.784074,-1.24988,0.14901,0.745221,-1.2224,-0.158348,0.844495,-1.11973,0.105112,25.71,-1.22085,-0.000784612,-0.000918438,-0.000855125,-0.000725512,-0.00122174,0.000995883,0.000240773,-0.000774393,-0.00108497,0.000184518,-0.00060489,-0.000215204,
-8.24107,4.71175,11.1041,9.6986,-0.728816,12.0217,-8.27278,5.86328,20.9679,7.08163,60,14.6087,0,0,0,0,0,0,0,0,0,0,0,0,-0.002788,0.698315,-1.45169,-0.0272507,0.758419,-1.44111,-0.00798894,0.73785,-1.50097,-0.0236676,0.717173,-1.48655,-0.152657,0.783974,-1.24984,0.149059,0.745145,-1.22249,-0.158391,0.844435,-1.11975,0.1051,25.71,-1.22093,-0.00124567,-0.000381472,-0.00154973,-0.00115067,-0.000900605,0.00156439,0.000484093,-0.000811354,-0.000684198,0.0004276,-0.000295474,0.000398518,
-8.23385,4.70643,11.1107,9.70499,-0.734134,12.0159,-8.27494,5.86142,20.9633,7.08097,60,14.6005,0,0,0,0,0,0,0,0,0,0,0,0,-0.0028276,0.698313,-1.45174,-0.0272875,0.758403,-1.44106,-0.00797591,0.73783,-1.50098,-0.023656,0.717172,-1.48653,-0.152581,0.783886,-1.24978,0.149123,0.745043,-1.22254,-0.158416,0.84438,-1.11984,0.105101,25.71,-1.22105,-0.00187997,9.6464e-05,-0.00204539,-0.00175121,-0.000478141,0.00198402,0.000548934,-0.000859189,-0.000170409,0.000489695,0.000132045,0.000895985,
-8.22831,4.70042,11.1144,9.70947,-0.739902,12.0082,-8.2766,5.85676,20.9596,7.08062,60,14.5961,0,0,0,0,0,0,0,0,0,0,0,0,-0.00287092,0.69832,-1.45179,-0.0273278,0.758397,-1.44101,-0.00796266,0.737814,-1.50098,-0.0236486,0.717176,-1.48652,-0.152529,0.783795,-1.24976,0.149159,0.744941,-1.22262,-0.158427,0.844285,-1.1199,0.105104,25.71,-1.22111,-0.0020975,0.000544298,-0.00233599,-0.00194571,-0.000143406,0.00247162,0.000754461,-0.000607779,-7.82776e-05,0.000575832,0.000457242,0.000982814,
-8.2244,4.69433,11.1166,9.71168,-0.746335,11.9998,-8.27863,5.85043,20.9547,7.0782,60,14.5921,0,0,0,0,0,0,0,0,0,0,0,0,-0.00290031,0.69833,-1.45182,-0.0273549,0.758397,-1.44098,-0.00795025,0.737808,-1.50099,-0.0236291,0.717196,-1.48649,-0.152487,0.783703,-1.24976,0.149173,0.744828,-1.22273,-0.158447,0.844173,-1.11999,0.10509,25.71,-1.22115,-0.00209372,0.000846348,-0.00238165,-0.00192945,6.00148e-05,0.0028011,0.000967495,-0.000270611,-0.000158544,0.000959401,0.00104368,0.00121813,
-8.21866,4.68714,11.1228,9.71621,-0.754061,11.9896,-8.28162,5.84488,20.9517,7.07695,60,14.5868,0,0,0,0,0,0,0,0,0,0,0,0,-0.00295195,0.698358,-1.45188,-0.0274023,0.758402,-1.4409,-0.00792308,0.737806,-1.50099,-0.0236067,0.717222,-1.48646,-0.152437,0.783611,-1.24972,0.149206,0.744702,-1.22283,-0.15847,0.844076,-1.12005,0.105092,25.71,-1.22121,-0.00217885,0.00130229,-0.00272488,-0.00200048,0.000393427,0.0030665,0.00113743,-2.92186e-05,-6.95015e-05,0.0010767,0.00134309,0.00138666,
-8.21321,4.68081,11.1281,9.72104,-0.761881,11.9844,-8.28371,5.84084,20.9453,7.07605,60,14.5816,0,0,0,0,0,0,0,0,0,0,0,0,-0.00300041,0.698388,-1.45194,-0.027447,0.758414,-1.44084,-0.00790024,0.737806,-1.50099,-0.0235852,0.717252,-1.48643,-0.152392,0.783533,-1.24968,0.149244,0.744579,-1.22287,-0.158487,0.844001,-1.12016,0.105094,25.71,-1.22127,-0.00240303,0.0015459,-0.00292201,-0.00222156,0.000675752,0.00290469,0.00102937,-5.05217e-05,0.000239721,0.000968305,0.00146638,0.00157182,
-8.20837,4.67471,11.1332,9.72521,-0.768827,11.9779,-8.28551,5.83588,20.9399,7.07501,60,14.5765,0,0,0,0,0,0,0,0,0,0,0,0,-0.00305174,0.698423,-1.452,-0.0274945,0.758431,-1.44078,-0.0078793,0.737805,-1.50098,-0.0235655,0.717283,-1.4864,-0.152354,0.783462,-1.24966,0.149273,0.744474,-1.22293,-0.158499,0.843912,-1.12024,0.105096,25.71,-1.22133,-0.00238152,0.00175134,-0.00304391,-0.00220127,0.000854383,0.00280069,0.00104288,1.56394e-05,0.00038738,0.00098342,0.00151832,0.00173008,
-8.20453,4.6697,11.1374,9.72752,-0.774431,11.9709,-8.28715,5.83144,20.9376,7.07388,60,14.5726,0,0,0,0,0,0,0,0,0,0,0,0,-0.00309907,0.698462,-1.45207,-0.0275312,0.758447,-1.44073,-0.00785997,0.737807,-1.50097,-0.0235472,0.717311,-1.48637,-0.152326,0.783415,-1.24964,0.149282,0.744391,-1.22301,-0.158507,0.843838,-1.12028,0.105096,25.71,-1.22137,-0.0021543,0.00195869,-0.00302065,-0.00201635,0.000969545,0.00282898,0.0011441,0.000207647,0.00036291,0.00108671,0.00162611,0.00179332,
-8.20204,4.66535,11.1396,9.7302,-0.780605,11.9659,-8.28918,5.82805,20.9319,7.07248,60,14.5707,0,0,0,0,0,0,0,0,0,0,0,0,-0.00313562,0.698498,-1.45212,-0.0275717,0.758469,-1.44067,-0.00783598,0.737813,-1.50096,-0.0235244,0.717346,-1.48633,-0.152316,0.783373,-1.24965,0.149293,0.744303,-1.22304,-0.158521,0.843786,-1.12037,0.105092,25.71,-1.22136,-0.00207684,0.00204279,-0.00293948,-0.00190792,0.0010869,0.00270552,0.00108985,0.000326384,0.000453336,0.001034,0.00163864,0.00182559,
-8.19786,4.6589,11.1443,9.73389,-0.78919,11.9599,-8.28975,5.82233,20.9252,7.07209,60,14.5654,0,0,0,0,0,0,0,0,0,0,0,0,-0.00318585,0.698548,-1.45219,-0.0276179,0.758498,-1.44061,-0.0078122,0.737822,-1.50095,-0.0235019,0.717386,-1.48628,-0.152287,0.783308,-1.24964,0.149316,0.744179,-1.2231,-0.158512,0.843693,-1.12048,0.105103,25.71,-1.22141,-0.00197182,0.00210195,-0.00278286,-0.00181779,0.00120838,0.00245197,0.000921725,0.000416034,0.000580352,0.000867914,0.00159644,0.00185414,
-8.1966,4.65529,11.1467,9.73514,-0.792633,11.9559,-8.29218,5.81908,20.9226,7.07087,60,14.563,0,0,0,0,0,0,0,0,0,0,0,0,-0.00321819,0.698586,-1.45224,-0.0276477,0.758519,-1.44057,-0.00779648,0.737831,-1.50094,-0.0234871,0.717413,-1.48625,-0.15229,0.78328,-1.24964,0.149315,0.744138,-1.22313,-0.158541,0.843646,-1.12052,0.105096,25.71,-1.22142,-0.001721,0.0021308,-0.00261653,-0.00157934,0.00123285,0.00228596,0.000919324,0.000545181,0.000541736,0.000868264,0.00154213,0.00187239,
-8.19462,4.65105,11.1492,9.7368,-0.79933,11.9516,-8.29166,5.81411,20.9167,7.07088,60,14.5589,0,0,0,0,0,0,0,0,0,0,0,0,-0.00325061,0.698631,-1.45229,-0.0276774,0.758545,-1.44052,-0.00777757,0.737844,-1.50093,-0.0234693,0.717444,-1.48621,-0.152282,0.783249,-1.24964,0.149321,0.744043,-1.22317,-0.158515,0.843571,-1.12061,0.105111,25.71,-1.22146,-0.00151858,0.00214067,-0.00241626,-0.0013937,0.00125114,0.0020645,0.000786726,0.000643943,0.000609188,0.000737908,0.00143749,0.00183599,
-8.19341,4.64838,11.1524,9.73874,-0.802974,11.9496,-8.29307,5.81229,20.9143,7.07051,60,14.5562,0,0,0,0,0,0,0,0,0,0,0,0,-0.00328176,0.698675,-1.45234,-0.0277061,0.758572,-1.44048,-0.00776453,0.737858,-1.50092,-0.0234572,0.717474,-1.48618,-0.152287,0.783243,-1.24962,0.14933,0.744004,-1.22317,-0.158533,0.843554,-1.12064,0.105111,25.71,-1.22148,-0.00137386,0.00208246,-0.0021144,-0.00126725,0.0012814,0.00176139,0.000582307,0.000717319,0.000622402,0.000535156,0.00139503,0.00174135,
-8.19302,4.64581,11.1521,9.73917,-0.80601,11.9473,-8.29338,5.80946,20.9112,7.07029,60,14.5559,0,0,0,0,0,0,0,0,0,0,0,0,-0.00330324,0.698711,-1.45237,-0.0277259,0.758594,-1.44045,-0.00775491,0.737872,-1.50091,-0.0234484,0.717497,-1.48615,-0.152296,0.783232,-1.24965,0.149324,0.743971,-1.22319,-0.158531,0.843519,-1.12069,0.105114,25.71,-1.22145,-0.00114926,0.00204118,-0.00186811,-0.00105702,0.00125326,0.00160421,0.000507822,0.000837569,0.000552465,0.000462704,0.0012966,0.0016351,
-8.1918,4.64188,11.1527,9.74005,-0.810763,11.9445,-8.2933,5.8058,20.9083,7.0704,60,14.5548,0,0,0,0,0,0,0,0,0,0,0,0,-0.00332541,0.698753,-1.45241,-0.0277463,0.758621,-1.44042,-0.00774678,0.737891,-1.5009,-0.0234412,0.717524,-1.48611,-0.152291,0.783201,-1.24967,0.149323,0.743911,-1.22322,-0.158526,0.843475,-1.12073,0.105119,25.71,-1.22144,-0.000961178,0.00197062,-0.00152845,-0.000887288,0.00125759,0.00136244,0.000328874,0.000951276,0.000527353,0.000285088,0.00124303,0.00147507,
-8.19221,4.64035,11.1536,9.74001,-0.812441,11.9432,-8.29377,5.80397,20.9068,7.07041,60,14.5527,0,0,0,0,0,0,0,0,0,0,0,0,-0.0033402,0.698787,-1.45243,-0.02776,0.758642,-1.4404,-0.00774216,0.737908,-1.50089,-0.0234373,0.717544,-1.48609,-0.152309,0.783204,-1.24967,0.149313,0.743901,-1.22322,-0.158532,0.84346,-1.12075,0.10512,25.71,-1.22146,-0.000764487,0.00187914,-0.00130702,-0.000705941,0.00120902,0.00114771,0.00022417,0.000986025,0.000524743,0.000182682,0.00109032,0.00143533,
-8.19191,4.63646,11.1554,9.74071,-0.816996,11.9426,-8.2935,5.80098,20.9028,7.07074,60,14.5487,0,0,0,0,0,0,0,0,0,0,0,0,-0.00335458,0.698831,-1.45246,-0.0277732,0.75867,-1.44038,-0.00773808,0.737931,-1.50087,-0.0234342,0.717566,-1.48605,-0.152312,0.783173,-1.24966,0.149318,0.743844,-1.22322,-0.158528,0.843425,-1.1208,0.105125,25.71,-1.22149,-0.000525945,0.00171215,-0.00110102,-0.000489155,0.00111506,0.000737102,6.03045e-05,0.00086167,0.000652853,2.15425e-05,0.000769422,0.00143353,
-8.19191,4.63488,11.1538,9.741,-0.819166,11.9426,-8.29255,5.79952,20.9002,7.0714,60,14.5484,0,0,0,0,0,0,0,0,0,0,0,0,-0.00336447,0.698864,-1.45248,-0.0277838,0.758697,-1.44037,-0.00773909,0.737945,-1.50086,-0.0234359,0.717578,-1.48603,-0.152318,0.783173,-1.2497,0.149316,0.743829,-1.22322,-0.158516,0.843412,-1.12084,0.105131,25.71,-1.22148,-0.000403098,0.00153104,-0.000699827,-0.000351522,0.00105036,0.000432391,-0.000114078,0.000845622,0.000680644,-0.000152148,0.000648944,0.00130159,
-8.19254,4.63345,11.153,9.74027,-0.819944,11.9418,-8.29205,5.7972,20.8986,7.07167,60,14.5474,0,0,0,0,0,0,0,0,0,0,0,0,-0.00336964,0.69889,-1.45249,-0.0277875,0.758711,-1.44036,-0.00774261,0.737964,-1.50085,-0.0234402,0.717591,-1.486,-0.15233,0.783171,-1.24972,0.149303,0.743827,-1.22323,-0.158512,0.843391,-1.12086,0.10513,25.71,-1.22147,-0.000206244,0.00143821,-0.000527501,-0.000198072,0.000980061,0.00034241,-0.000185098,0.000930662,0.000570682,-0.000221923,0.000565066,0.00119189,
-8.19413,4.63169,11.1521,9.73904,-0.821849,11.9418,-8.29178,5.79471,20.8961,7.0716,60,14.5458,0,0,0,0,0,0,0,0,0,0,0,0,-0.00336884,0.698919,-1.4525,-0.0277867,0.75873,-1.44036,-0.00774507,0.737987,-1.50083,-0.0234436,0.717602,-1.48597,-0.152349,0.783164,-1.24974,0.14929,0.743809,-1.22323,-0.158507,0.843368,-1.12089,0.105128,25.71,-1.22148,0.000155503,0.00132125,-0.000329825,0.000150413,0.000862979,0.00019199,-0.00010184,0.000916172,0.000498788,-0.000136976,0.00036234,0.00106826,
-8.19576,4.63114,11.1517,9.73838,-0.82279,11.9444,-8.29093,5.79413,20.8942,7.0723,60,14.5448,0,0,0,0,0,0,0,0,0,0,0,0,-0.00336341,0.698948,-1.4525,-0.0277816,0.75875,-1.44036,-0.00774873,0.738005,-1.50082,-0.0234479,0.717607,-1.48595,-0.152371,0.783178,-1.24975,0.149285,0.743811,-1.22319,-0.158499,0.843373,-1.12092,0.105132,25.71,-1.22148,0.000241024,0.00110526,-0.000156833,0.000221802,0.00081547,-0.000180422,-0.000238999,0.000815647,0.000514859,-0.000274055,0.000223587,0.000902951,
-8.19669,4.63181,11.1524,9.73831,-0.821339,11.9457,-8.29177,5.79548,20.8964,7.07239,60,14.5449,0,0,0,0,0,0,0,0,0,0,0,0,-0.00335989,0.698963,-1.45251,-0.0277784,0.758761,-1.44036,-0.00775289,0.738016,-1.50082,-0.0234526,0.71761,-1.48594,-0.152384,0.783202,-1.24974,0.149288,0.743847,-1.22317,-0.15852,0.843408,-1.12087,0.105127,25.71,-1.22147,0.000263334,0.000999228,-5.01053e-05,0.000237897,0.000756722,-0.000312174,-0.00032511,0.000772549,0.000504502,-0.000360543,0.000167404,0.000759267,
-8.19814,4.63104,11.1483,9.73703,-0.822723,11.9476,-8.28942,5.79372,20.8939,7.07346,60,14.5474,0,0,0,0,0,0,0,0,0,0,0,0,-0.00335171,0.698985,-1.4525,-0.027771,0.758779,-1.44037,-0.00776116,0.738035,-1.50081,-0.0234618,0.717615,-1.48593,-0.152401,0.783206,-1.2498,0.149273,0.743839,-1.22315,-0.158488,0.843395,-1.12091,0.105136,25.71,-1.22142,0.000331643,0.000822241,0.000243291,0.000298856,0.000716757,-0.000450305,-0.000396554,0.000791842,0.000405621,-0.000433898,0.000208213,0.000445996,
-8.19975,4.63111,11.1474,9.73598,-0.822101,11.9488,-8.2892,5.79361,20.8946,7.07369,60,14.5481,0,0,0,0,0,0,0,0,0,0,0,0,-0.00334453,0.699,-1.45249,-0.0277645,0.758794,-1.44038,-0.00777049,0.738052,-1.5008,-0.0234719,0.717619,-1.48592,-0.152419,0.783219,-1.2498,0.149264,0.743862,-1.22314,-0.158492,0.84341,-1.12089,0.105131,25.71,-1.2214,0.000466933,0.000678028,0.00040811,0.00042981,0.000624218,-0.000513928,-0.000354396,0.000772199,0.000298888,-0.000391702,0.000146304,0.000314057,
-8.20202,4.63111,11.1476,9.73477,-0.822044,11.9508,-8.28925,5.79338,20.8941,7.0737,60,14.5464,0,0,0,0,0,0,0,0,0,0,0,0,-0.0033315,0.699013,-1.45249,-0.0277523,0.758805,-1.44039,-0.00777537,0.738067,-1.50079,-0.0234775,0.71762,-1.48591,-0.152443,0.783228,-1.24979,0.149259,0.743871,-1.22312,-0.158494,0.843417,-1.12089,0.105129,25.71,-1.22142,0.000653417,0.000532946,0.000400542,0.000613497,0.000485362,-0.000582551,-0.000212504,0.00063997,0.000301139,-0.000249301,-1.48426e-05,0.00032335,
-8.20256,4.63165,11.1449,9.73426,-0.821026,11.9526,-8.28906,5.79451,20.8941,7.07381,60,14.5489,0,0,0,0,0,0,0,0,0,0,0,0,-0.00332043,0.699021,-1.45248,-0.027742,0.758813,-1.4404,-0.00777954,0.738076,-1.50079,-0.0234824,0.717619,-1.48591,-0.152443,0.783242,-1.24983,0.149259,0.743896,-1.2231,-0.158496,0.843443,-1.12088,0.105125,25.71,-1.22138,0.000602603,0.000385014,0.000483466,0.000561699,0.000422046,-0.000673477,-0.00026841,0.000476715,0.000377345,-0.000306355,-8.52188e-05,0.00025146,
-8.20358,4.63207,11.1441,9.73339,-0.820094,11.9538,-8.28843,5.79452,20.8947,7.07445,60,14.5489,0,0,0,0,0,0,0,0,0,0,0,0,-0.0033101,0.699026,-1.45247,-0.0277325,0.758821,-1.44042,-0.00778711,0.738085,-1.50078,-0.0234908,0.717617,-1.48591,-0.152454,0.783251,-1.24983,0.149249,0.74392,-1.22309,-0.158495,0.84345,-1.12086,0.105125,25.71,-1.22138,0.000475753,0.000222631,0.000627994,0.000435607,0.000392857,-0.000718165,-0.000367335,0.000408241,0.000400792,-0.000407485,-5.76483e-05,6.65227e-05,
-8.20499,4.63308,11.1431,9.73281,-0.819575,11.9563,-8.28794,5.79542,20.8936,7.07472,60,14.5489,0,0,0,0,0,0,0,0,0,0,0,0,-0.0032989,0.69903,-1.45245,-0.0277221,0.758828,-1.44043,-0.00779332,0.738092,-1.50077,-0.0234978,0.717615,-1.4859,-0.152467,0.78327,-1.24983,0.14925,0.743935,-1.22306,-0.15849,0.843471,-1.12088,0.105126,25.71,-1.22138,0.000535366,0.000108087,0.00067173,0.000496383,0.000301197,-0.000709604,-0.000275631,0.000303001,0.00038703,-0.000316732,-0.00010706,-1.00362e-06,
-8.20567,4.63357,11.1408,9.73179,-0.818313,11.957,-8.28803,5.79584,20.8948,7.07471,60,14.5513,0,0,0,0,0,0,0,0,0,0,0,0,-0.00328836,0.69903,-1.45244,-0.0277107,0.758835,-1.44045,-0.00779981,0.738098,-1.50076,-0.0235053,0.717613,-1.48591,-0.15247,0.783276,-1.24986,0.149243,0.743962,-1.22307,-0.158497,0.843484,-1.12085,0.105119,25.71,-1.22134,0.000505799,-2.27932e-05,0.000740788,0.000484025,0.00023981,-0.000662338,-0.000217091,0.00025172,0.000310393,-0.000259989,-8.01495e-05,-0.000134019,
-8.20697,4.63414,11.1396,9.73117,-0.817336,11.959,-8.28831,5.79679,20.8951,7.07458,60,14.5526,0,0,0,0,0,0,0,0,0,0,0,0,-0.0032753,0.699029,-1.45242,-0.0277001,0.758839,-1.44046,-0.00780308,0.738104,-1.50076,-0.0235095,0.717612,-1.48591,-0.15248,0.783283,-1.24986,0.149243,0.743983,-1.22304,-0.158503,0.843505,-1.12084,0.105115,25.71,-1.22132,0.000521872,-9.54058e-05,0.000728903,0.000490738,0.00018904,-0.000619916,-0.000135196,0.000202163,0.000229209,-0.000179366,-5.26726e-05,-0.000256122,
-8.2078,4.63544,11.1403,9.73121,-0.81648,11.9607,-8.28808,5.79777,20.8951,7.07491,60,14.5513,0,0,0,0,0,0,0,0,0,0,0,0,-0.0032667,0.699026,-1.45241,-0.027692,0.758842,-1.44047,-0.00780521,0.738106,-1.50075,-0.0235124,0.717611,-1.48592,-0.152488,0.783303,-1.24984,0.14925,0.744001,-1.22302,-0.1585,0.843522,-1.12083,0.105118,25.71,-1.22135,0.000468706,-0.000168323,0.000693294,0.000440617,0.000141482,-0.000606996,-0.000114596,9.31512e-05,0.000276688,-0.000159574,-8.50834e-05,-0.000248911,
-8.20842,4.63635,11.139,9.73091,-0.815201,11.9617,-8.28873,5.79885,20.8964,7.07471,60,14.5536,0,0,0,0,0,0,0,0,0,0,0,0,-0.00325762,0.699022,-1.45239,-0.0276835,0.758845,-1.44049,-0.00780722,0.738107,-1.50075,-0.0235154,0.717609,-1.48592,-0.152491,0.783313,-1.24985,0.149252,0.744025,-1.22301,-0.158513,0.843542,-1.12081,0.105112,25.71,-1.22132,0.000404657,-0.000250376,0.000739688,0.000381639,0.000105233,-0.000549611,-8.28704e-05,7.11865e-05,0.000221989,-0.000129868,-1.53948e-05,-0.000399106,
-8.20844,4.63671,11.1371,9.73042,-0.814874,11.9611,-8.28811,5.79866,20.8973,7.07495,60,14.5557,0,0,0,0,0,0,0,0,0,0,0,0,-0.00325105,0.699017,-1.45238,-0.0276773,0.758847,-1.44049,-0.00780831,0.738109,-1.50074,-0.0235173,0.71761,-1.48593,-0.152487,0.783314,-1.24987,0.149248,0.744033,-1.22303,-0.158502,0.843542,-1.12079,0.105116,25.71,-1.22129,0.000352145,-0.000281334,0.000771874,0.000333824,0.000103411,-0.000441163,-5.17037e-05,0.000111552,0.000107728,-9.99843e-05,0.000104792,-0.000498955,
-8.20906,4.63783,11.1356,9.72995,-0.814131,11.9628,-8.28804,5.79982,20.8965,7.0748,60,14.5577,0,0,0,0,0,0,0,0,0,0,0,0,-0.00324457,0.69901,-1.45236,-0.0276711,0.758848,-1.4405,-0.00780909,0.73811,-1.50074,-0.0235193,0.717613,-1.48594,-0.152493,0.783326,-1.24988,0.149245,0.744047,-1.22301,-0.1585,0.843561,-1.1208,0.105113,25.71,-1.22127,0.000305225,-0.000340159,0.000753053,0.000302588,4.93166e-05,-0.000390127,1.95464e-05,-1.25168e-05,0.00015186,-2.95919e-05,5.6562e-05,-0.000500804,
-8.20995,4.63882,11.1356,9.72917,-0.812819,11.9638,-8.28894,5.80095,20.8968,7.07402,60,14.5581,0,0,0,0,0,0,0,0,0,0,0,0,-0.00323608,0.699001,-1.45235,-0.0276629,0.758848,-1.44051,-0.00780684,0.738108,-1.50074,-0.0235181,0.717612,-1.48595,-0.152498,0.783335,-1.24987,0.149241,0.744069,-1.223,-0.15851,0.843575,-1.12079,0.105104,25.71,-1.22127,0.000395782,-0.00036046,0.000489019,0.000386913,-4.63361e-05,-0.000375266,0.000186013,-0.00018347,0.000174451,0.000137527,-0.000106165,-0.000334148,
-8.2104,4.64003,11.1365,9.72928,-0.811689,11.9653,-8.29006,5.80259,20.8977,7.07353,60,14.5577,0,0,0,0,0,0,0,0,0,0,0,0,-0.00322777,0.698994,-1.45234,-0.0276559,0.758847,-1.44052,-0.00780264,0.738104,-1.50073,-0.0235147,0.717609,-1.48596,-0.152499,0.783348,-1.24985,0.149249,0.744087,-1.22298,-0.158525,0.843599,-1.12077,0.1051,25.71,-1.22128,0.000338643,-0.000385521,0.000353248,0.000367044,-7.20089e-05,-0.00038911,0.000235633,-0.000257326,0.000203614,0.000187139,-0.000161494,-0.000271993,
-8.21015,4.64056,11.1369,9.72946,-0.8107,11.9656,-8.29063,5.80362,20.8992,7.07353,60,14.5583,0,0,0,0,0,0,0,0,0,0,0,0,-0.00322347,0.698986,-1.45233,-0.0276505,0.758846,-1.44053,-0.00779895,0.738097,-1.50073,-0.0235121,0.717606,-1.48596,-0.152494,0.78335,-1.24983,0.149253,0.744104,-1.22298,-0.158534,0.84361,-1.12074,0.1051,25.71,-1.22128,0.000183964,-0.000424301,0.000361336,0.00018185,-5.66519e-05,-0.000389318,0.000133337,-0.000316936,0.000216504,8.29862e-05,-0.000105376,-0.000358217,
-8.20924,4.64178,11.1345,9.72994,-0.81021,11.9662,-8.2897,5.80455,20.8987,7.07414,60,14.5616,0,0,0,0,0,0,0,0,0,0,0,0,-0.00322238,0.698976,-1.45232,-0.0276494,0.758845,-1.44053,-0.007798,0.738091,-1.50073,-0.0235124,0.717606,-1.48598,-0.152483,0.783361,-1.24987,0.149257,0.744113,-1.22297,-0.158521,0.843622,-1.12074,0.105106,25.71,-1.22123,-5.46303e-05,-0.00044037,0.000492047,-5.24778e-05,-2.49172e-05,-0.000281661,-3.0197e-05,-0.000235935,0.000157363,-8.26066e-05,7.98059e-05,-0.000552187,
-8.20968,4.64257,11.1355,9.7299,-0.809432,11.966,-8.29004,5.80493,20.8994,7.07415,60,14.5606,0,0,0,0,0,0,0,0,0,0,0,0,-0.00322341,0.698967,-1.45231,-0.0276503,0.758844,-1.44054,-0.00779804,0.738087,-1.50072,-0.0235138,0.717608,-1.48598,-0.152489,0.783367,-1.24984,0.149259,0.744125,-1.22298,-0.158523,0.843627,-1.12073,0.105107,25.71,-1.22126,6.75939e-05,-0.000403403,0.000400886,7.27169e-05,-9.44135e-05,-0.000114449,0.000122772,-0.000166917,4.87395e-05,2.43462e-07,7.68213e-05,-0.00046983,
-8.21007,4.64246,11.1358,9.72956,-0.808809,11.9648,-8.29165,5.80548,20.9019,7.07306,60,14.5612,0,0,0,0,0,0,0,0,0,0,0,0,-0.00321921,0.698962,-1.45231,-0.0276476,0.758842,-1.44054,-0.00779346,0.738084,-1.50072,-0.0235098,0.717608,-1.48599,-0.152488,0.783361,-1.24983,0.14926,0.744133,-1.223,-0.158543,0.843635,-1.12069,0.105098,25.71,-1.22125,0.000212984,-0.00036345,0.000314583,0.000243379,-0.000151551,7.806e-06,0.000299812,-0.00013592,-6.274e-05,0.000249774,-4.43709e-06,-0.000350461,
-8.20971,4.64315,11.1346,9.7295,-0.808926,11.965,-8.29098,5.80558,20.9011,7.07332,60,14.5621,0,0,0,0,0,0,0,0,0,0,0,0,-0.00321644,0.698953,-1.4523,-0.027643,0.758838,-1.44054,-0.00778795,0.738082,-1.50073,-0.0235054,0.717609,-1.486,-0.152481,0.783365,-1.24985,0.14926,0.744128,-1.22299,-0.158528,0.843634,-1.12071,0.105104,25.71,-1.22124,9.91476e-05,-0.000349275,0.000315643,0.000107956,-0.000117133,1.08402e-05,0.000210476,-0.000141573,-5.36065e-05,0.000159848,3.63134e-05,-0.000373003,
-8.20893,4.64408,11.134,9.72983,-0.808546,11.9657,-8.29005,5.80627,20.9,7.0738,60,14.5631,0,0,0,0,0,0,0,0,0,0,0,0,-0.00321791,0.698946,-1.4523,-0.0276443,0.758836,-1.44054,-0.00778676,0.738077,-1.50073,-0.0235053,0.717609,-1.48601,-0.152473,0.783374,-1.24985,0.14926,0.744132,-1.22298,-0.158514,0.84364,-1.12072,0.105109,25.71,-1.22123,-9.06001e-05,-0.000374528,0.000237619,-8.15698e-05,-0.000118908,-7.49346e-05,4.16757e-05,-0.000247699,6.42153e-05,-9.10295e-06,-2.89812e-05,-0.000318348,
-8.20971,4.64453,11.1363,9.72952,-0.807676,11.9658,-8.29142,5.80688,20.9014,7.07307,60,14.5614,0,0,0,0,0,0,0,0,0,0,0,0,-0.00321813,0.698939,-1.45229,-0.0276444,0.758833,-1.44054,-0.00778419,0.738072,-1.50072,-0.0235038,0.717607,-1.48601,-0.152483,0.783377,-1.24981,0.149259,0.744144,-1.22298,-0.158532,0.843646,-1.1207,0.105102,25.71,-1.22126,9.69334e-05,-0.000286681,3.12364e-05,0.000106218,-0.000172098,-4.10909e-05,0.000227083,-0.000229173,-1.35309e-05,0.000177971,-0.000136401,-0.000138664,
-8.2097,4.64483,11.136,9.72925,-0.807637,11.9653,-8.29179,5.80701,20.9019,7.0727,60,14.5619,0,0,0,0,0,0,0,0,0,0,0,0,-0.00321448,0.698933,-1.45229,-0.0276405,0.75883,-1.44054,-0.00777872,0.738069,-1.50073,-0.0234991,0.717604,-1.48601,-0.152479,0.783379,-1.24982,0.14926,0.744141,-1.22299,-0.15853,0.843646,-1.12069,0.105102,25.71,-1.22126,0.000119156,-0.000236252,-2.73843e-05,0.000200305,-0.000188426,1.83301e-05,0.000320383,-0.000198968,-7.58708e-05,0.00027215,-0.000171745,-0.000109795,
-8.20887,4.64505,11.1356,9.72971,-0.807761,11.9653,-8.29069,5.80686,20.9019,7.07357,60,14.5629,0,0,0,0,0,0,0,0,0,0,0,0,-0.00321542,0.698929,-1.45229,-0.0276413,0.758827,-1.44054,-0.00777627,0.738065,-1.50073,-0.0234977,0.717602,-1.48602,-0.152471,0.783379,-1.24983,0.149259,0.744138,-1.22299,-0.158516,0.84364,-1.12069,0.105111,25.71,-1.22124,-0.00014185,-0.00024561,5.05994e-05,-0.000131689,-8.89575e-05,-5.38415e-05,4.89487e-06,-0.000160405,-3.39334e-05,-4.54459e-05,-2.05514e-05,-0.000223529,
-8.20861,4.64579,11.1353,9.72957,-0.807588,11.9648,-8.2898,5.80684,20.9017,7.07396,60,14.5633,0,0,0,0,0,0,0,0,0,0,0,0,-0.00321927,0.698924,-1.45229,-0.0276449,0.758825,-1.44054,-0.00777703,0.738061,-1.50073,-0.0234997,0.717602,-1.48602,-0.152471,0.783388,-1.24983,0.149253,0.744139,-1.223,-0.1585,0.843637,-1.1207,0.105117,25.71,-1.22124,-0.000156525,-0.000220828,2.64871e-05,-0.000114108,-0.000112066,-1.77087e-05,1.40472e-05,-0.000136435,-7.84069e-05,-3.5464e-05,-5.22897e-05,-0.000185858,
-8.2089,4.64575,11.1375,9.72989,-0.807413,11.9652,-8.29102,5.80762,20.903,7.07349,60,14.5618,0,0,0,0,0,0,0,0,0,0,0,0,-0.00322047,0.698921,-1.45229,-0.0276459,0.758823,-1.44054,-0.00777594,0.73806,-1.50073,-0.0234993,0.7176,-1.48602,-0.152474,0.783385,-1.2498,0.149261,0.744139,-1.22299,-0.158519,0.84365,-1.12068,0.105111,25.71,-1.22127,-1.33816e-05,-0.000161627,-9.79218e-05,-3.41729e-06,-0.000139691,4.71942e-06,0.000116428,-0.000124865,-0.000101911,6.78791e-05,-0.000117994,-7.41531e-05,
-8.20889,4.64585,11.1378,9.73005,-0.806853,11.9653,-8.29174,5.80809,20.9039,7.07314,60,14.5617,0,0,0,0,0,0,0,0,0,0,0,0,-0.00321889,0.698918,-1.4523,-0.0276441,0.758819,-1.44054,-0.00777125,0.738057,-1.50073,-0.0234958,0.717596,-1.48602,-0.15247,0.783385,-1.2498,0.149267,0.744145,-1.22299,-0.158526,0.843656,-1.12067,0.10511,25.71,-1.22127,3.90352e-05,-0.000119454,-0.000194628,4.9163e-05,-0.000162542,3.89553e-05,0.000166462,-0.000106595,-0.000135922,0.000119067,-0.000160745,-1.86881e-07,
-8.20826,4.64611,11.137,9.73036,-0.807126,11.965,-8.29055,5.80762,20.9033,7.07392,60,14.5623,0,0,0,0,0,0,0,0,0,0,0,0,-0.00322064,0.698916,-1.4523,-0.0276456,0.758816,-1.44054,-0.00777034,0.738055,-1.50074,-0.0234959,0.717594,-1.48603,-0.152466,0.783387,-1.24981,0.149266,0.744139,-1.22299,-0.158508,0.843647,-1.12068,0.105119,25.71,-1.22126,-0.000151361,-0.00012178,-6.93572e-05,-0.000141037,-0.000111872,8.0498e-05,-2.89012e-05,-5.52667e-05,-0.000111564,-7.72932e-05,-7.03513e-05,-8.63027e-05,
-8.20782,4.64598,11.137,9.73035,-0.806943,11.9638,-8.29071,5.8075,20.9044,7.07405,60,14.5626,0,0,0,0,0,0,0,0,0,0,0,0,-0.00322389,0.698913,-1.4523,-0.0276487,0.758815,-1.44054,-0.0077716,0.738054,-1.50074,-0.023498,0.717593,-1.48603,-0.152462,0.783383,-1.24981,0.149262,0.74414,-1.22301,-0.158514,0.843645,-1.12066,0.105118,25.71,-1.22126,-0.000181281,-0.000107606,-5.1427e-06,-0.000171447,-0.000107226,0.000127831,-7.35391e-05,-1.1506e-06,-0.000127949,-0.000121665,-2.90141e-05,-7.24895e-05,
-8.20847,4.64625,11.1386,9.72989,-0.807069,11.9629,-8.29067,5.8069,20.9046,7.0741,60,14.5598,0,0,0,0,0,0,0,0,0,0,0,0,-0.00322541,0.698911,-1.4523,-0.02765,0.758811,-1.44053,-0.00777081,0.738055,-1.50074,-0.0234983,0.717592,-1.48603,-0.152471,0.783387,-1.24978,0.149257,0.744134,-1.22302,-0.158509,0.843635,-1.12066,0.105122,25.71,-1.2213,-2.91822e-05,-6.35068e-05,-0.000105882,-1.96204e-05,-0.000146559,0.000160073,5.68588e-05,1.66239e-06,-0.000157409,1.01838e-05,-0.000125914,7.95549e-05,
-8.20767,4.64662,11.1388,9.73083,-0.80713,11.9639,-8.29073,5.80804,20.9045,7.07446,60,14.5599,0,0,0,0,0,0,0,0,0,0,0,0,-0.00322692,0.69891,-1.4523,-0.0276513,0.758808,-1.44053,-0.00777059,0.738054,-1.50074,-0.0234991,0.717588,-1.48603,-0.152461,0.783392,-1.24978,0.149269,0.74413,-1.22301,-0.158513,0.843653,-1.12066,0.105125,25.71,-1.2213,-0.000153199,-7.75607e-05,-7.90785e-05,-0.000144498,-0.000106996,6.78271e-05,-6.78549e-05,-7.17883e-05,-6.95582e-05,-0.000114958,-0.000128972,6.57759e-05,
-8.20698,4.64622,11.1372,9.73093,-0.807239,11.9634,-8.28996,5.80734,20.904,7.07481,60,14.5617,0,0,0,0,0,0,0,0,0,0,0,0,-0.00322999,0.698909,-1.4523,-0.0276549,0.758807,-1.44053,-0.00777284,0.738053,-1.50074,-0.0235022,0.717587,-1.48603,-0.152454,0.783383,-1.24981,0.149266,0.744127,-1.22301,-0.158502,0.843641,-1.12067,0.105126,25.71,-1.22127,-0.000232626,-8.01936e-05,-6.44157e-05,-0.00019638,-8.9922e-05,9.74549e-05,-0.000121393,-1.10736e-05,-8.41082e-05,-0.000169188,-5.51177e-05,-1.32155e-05,
-8.20734,4.64593,11.1374,9.73052,-0.807119,11.9626,-8.29045,5.80676,20.9051,7.0745,60,14.5617,0,0,0,0,0,0,0,0,0,0,0,0,-0.00323308,0.698908,-1.45231,-0.0276571,0.758805,-1.44053,-0.00777379,0.738054,-1.50075,-0.0235041,0.717586,-1.48603,-0.152459,0.783379,-1.24981,0.149261,0.744128,-1.22302,-0.158509,0.843635,-1.12066,0.105122,25.71,-1.22127,-4.30835e-05,8.31448e-06,-7.79502e-05,-3.4424e-05,-9.09296e-05,0.000191531,1.40795e-05,0.000127675,-0.000216026,-3.22815e-05,-2.99302e-05,9.66757e-06,
-8.20815,4.64609,11.1393,9.73025,-0.807159,11.9628,-8.29119,5.80684,20.9053,7.0742,60,14.5591,0,0,0,0,0,0,0,0,0,0,0,0,-0.00323143,0.698908,-1.45231,-0.0276553,0.758802,-1.44052,-0.00777118,0.738056,-1.50075,-0.0235025,0.717584,-1.48602,-0.152468,0.783383,-1.24978,0.149261,0.744124,-1.22301,-0.158517,0.843636,-1.12066,0.105121,25.71,-1.22131,8.86843e-05,1.56375e-05,-0.000185695,9.65155e-05,-0.000126037,0.000157574,0.000130785,3.80545e-05,-0.000175203,8.5746e-05,-0.000155552,0.000159799,
-8.20743,4.64656,11.1384,9.73046,-0.806987,11.9629,-8.29047,5.80712,20.9049,7.07475,60,14.5602,0,0,0,0,0,0,0,0,0,0,0,0,-0.00323129,0.698908,-1.45231,-0.027655,0.7588,-1.44052,-0.00777012,0.738056,-1.50075,-0.0235024,0.71758,-1.48602,-0.15246,0.78339,-1.2498,0.14926,0.744125,-1.22301,-0.158507,0.843638,-1.12067,0.105127,25.71,-1.22129,-0.000103346,-2.9042e-05,-0.000158959,-9.69698e-05,-8.90809e-05,1.7916e-05,-5.49648e-05,-5.86141e-05,-1.61155e-05,-0.00010116,-0.000168326,0.000135866,
-8.20695,4.64657,11.1387,9.73091,-0.807243,11.9633,-8.2898,5.80702,20.9045,7.07538,60,14.56,0,0,0,0,0,0,0,0,0,0,0,0,-0.00323487,0.698907,-1.45231,-0.0276585,0.758799,-1.44052,-0.00777279,0.738055,-1.50075,-0.0235059,0.717578,-1.48602,-0.152458,0.78339,-1.2498,0.149261,0.744121,-1.22301,-0.158501,0.843637,-1.12067,0.105132,25.71,-1.22129,-0.000232526,-3.34423e-05,-8.91875e-05,-0.000226147,-3.68803e-05,6.9488e-06,-0.00018044,-2.16369e-05,-2.82492e-05,-0.000227603,-9.12328e-05,6.76619e-05,
-8.20767,4.64641,11.1404,9.73076,-0.807169,11.9628,-8.29065,5.80674,20.9054,7.07501,60,14.5581,0,0,0,0,0,0,0,0,0,0,0,0,-0.00323727,0.698908,-1.45232,-0.0276608,0.758798,-1.44052,-0.00777417,0.738055,-1.50076,-0.0235084,0.717575,-1.48602,-0.152467,0.783388,-1.24977,0.149263,0.74412,-1.22301,-0.158512,0.843634,-1.12066,0.105128,25.71,-1.22132,8.20543e-06,3.05065e-05,-0.000169866,1.46432e-05,-7.86844e-05,0.000101314,4.32076e-05,4.4124e-05,-0.000126307,-2.43558e-06,-0.00011472,0.000107975,
-8.20738,4.6461,11.1395,9.73056,-0.807326,11.9614,-8.29076,5.80616,20.9065,7.07509,60,14.5593,0,0,0,0,0,0,0,0,0,0,0,0,-0.00323643,0.698908,-1.45232,-0.0276598,0.758796,-1.44052,-0.0077726,0.738057,-1.50076,-0.0235078,0.717574,-1.48602,-0.152462,0.783384,-1.24979,0.149259,0.744116,-1.22304,-0.158513,0.843626,-1.12064,0.105129,25.71,-1.2213,-2.53959e-05,2.78518e-05,-8.61454e-05,-1.80996e-05,-4.99581e-05,0.000128715,1.38231e-05,0.000101439,-0.000152063,-3.23714e-05,-3.0315e-05,1.59411e-05,
-8.20662,4.64609,11.1386,9.73121,-0.807731,11.9625,-8.29026,5.80658,20.9057,7.07561,60,14.5602,0,0,0,0,0,0,0,0,0,0,0,0,-0.00323856,0.698909,-1.45232,-0.0276618,0.758796,-1.44052,-0.00777392,0.738059,-1.50076,-0.0235099,0.717574,-1.48602,-0.152454,0.783383,-1.2498,0.149265,0.74411,-1.22301,-0.158509,0.843636,-1.12066,0.105133,25.71,-1.22129,-0.000169532,-1.1494e-07,2.8104e-05,-0.000162578,8.3696e-06,5.92774e-05,-0.00011902,9.83876e-05,-9.46773e-05,-0.000166394,4.23933e-05,-5.2535e-05,
-8.20661,4.64608,11.138,9.73095,-0.807505,11.9625,-8.28998,5.80631,20.9047,7.07554,60,14.5602,0,0,0,0,0,0,0,0,0,0,0,0,-0.00324246,0.698908,-1.45232,-0.0276655,0.758796,-1.44052,-0.0077766,0.73806,-1.50076,-0.0235138,0.717573,-1.48602,-0.152455,0.783383,-1.24981,0.14926,0.744113,-1.22301,-0.158504,0.843629,-1.12068,0.105131,25.71,-1.22128,-5.44483e-05,2.44324e-06,-7.43712e-05,-4.8104e-05,-3.66415e-05,4.25686e-05,-1.26384e-05,1.22386e-05,-1.14133e-05,-5.91075e-05,-8.5765e-05,0.000101205,
-8.20766,4.64602,11.1406,9.73048,-0.807238,11.9621,-8.29132,5.80617,20.9057,7.07487,60,14.5575,0,0,0,0,0,0,0,0,0,0,0,0,-0.00324125,0.698909,-1.45232,-0.0276642,0.758794,-1.44051,-0.00777483,0.73806,-1.50076,-0.0235128,0.717571,-1.48601,-0.152468,0.783383,-1.24977,0.149257,0.744115,-1.22302,-0.158522,0.843626,-1.12066,0.105124,25.71,-1.22132,0.000136545,3.40483e-05,-0.00019378,0.000143207,-8.5658e-05,9.81163e-05,0.000164484,1.35781e-06,-3.96859e-05,0.00012008,-0.000180907,0.000235219,
-8.20699,4.64648,11.1398,9.73108,-0.807367,11.9629,-8.29092,5.80677,20.9052,7.07545,60,14.5582,0,0,0,0,0,0,0,0,0,0,0,0,-0.00323899,0.698909,-1.45233,-0.0276618,0.758793,-1.44051,-0.00777177,0.738059,-1.50076,-0.0235108,0.717567,-1.48601,-0.152459,0.783391,-1.24979,0.149265,0.744113,-1.22301,-0.158517,0.843636,-1.12067,0.105132,25.71,-1.22131,-8.47968e-05,-1.86831e-06,-7.13479e-05,-7.89497e-05,-1.10176e-05,-1.55327e-05,-4.05156e-05,-3.95461e-05,4.8954e-05,-8.71497e-05,-9.81463e-05,8.90597e-05,
-8.20652,4.64651,11.1388,9.73143,-0.807623,11.9633,-8.29012,5.80649,20.9042,7.07601,60,14.5593,0,0,0,0,0,0,0,0,0,0,0,0,-0.00324253,0.698909,-1.45233,-0.0276652,0.758793,-1.44051,-0.0077744,0.738059,-1.50076,-0.0235143,0.717566,-1.48601,-0.152457,0.78339,-1.2498,0.149265,0.74411,-1.223,-0.158508,0.843632,-1.12068,0.105135,25.71,-1.22129,-0.00020314,-1.69474e-05,3.85972e-05,-0.000197192,3.20936e-05,-8.73106e-06,-0.000152837,1.66297e-05,3.21458e-05,-0.000200371,1.80086e-05,-3.2916e-05,
-8.20702,4.64574,11.1392,9.7307,-0.807213,11.9612,-8.29167,5.80583,20.9067,7.07518,60,14.5595,0,0,0,0,0,0,0,0,0,0,0,0,-0.00324399,0.698909,-1.45233,-0.0276665,0.758793,-1.44051,-0.00777501,0.738061,-1.50076,-0.0235159,0.717567,-1.48601,-0.152461,0.783378,-1.2498,0.149257,0.744117,-1.22303,-0.15853,0.843625,-1.12064,0.105125,25.71,-1.22129,5.7745e-05,5.07683e-05,-6.82768e-06,6.45449e-05,-8.6753e-06,0.000142294,9.10899e-05,0.000139084,-0.000124782,4.48263e-05,1.62464e-05,3.01723e-05,
-8.20773,4.64579,11.1396,9.7304,-0.807937,11.9617,-8.29165,5.80531,20.9055,7.07509,60,14.5582,0,0,0,0,0,0,0,0,0,0,0,0,-0.00324126,0.69891,-1.45233,-0.0276637,0.758793,-1.44051,-0.00777177,0.738064,-1.50077,-0.0235134,0.717567,-1.48601,-0.152468,0.783381,-1.24979,0.149257,0.744103,-1.22302,-0.158524,0.843619,-1.12067,0.105128,25.71,-1.22131,0.000165479,6.1481e-05,-6.12131e-05,0.000172638,-1.57211e-05,0.000151401,0.000195826,0.000146951,-0.00010072,0.000150027,-5.57438e-06,7.16451e-05,
-8.20659,4.64655,11.139,9.73119,-0.807749,11.9627,-8.29044,5.80607,20.9043,7.07606,60,14.5588,0,0,0,0,0,0,0,0,0,0,0,0,-0.00324231,0.698911,-1.45233,-0.0276646,0.758793,-1.44051,-0.00777198,0.738064,-1.50076,-0.0235146,0.717566,-1.48601,-0.152457,0.783392,-1.2498,0.149262,0.744107,-1.22301,-0.15851,0.843628,-1.12068,0.105137,25.71,-1.2213,-0.000158356,-3.43298e-05,-1.80583e-05,-0.000152771,2.12261e-05,-4.37121e-05,-0.000112807,-5.46349e-05,0.000108538,-0.000160065,-5.06636e-05,4.69428e-05,
-8.20671,4.64617,11.1399,9.73133,-0.807699,11.9629,-8.2912,5.80622,20.9049,7.07578,60,14.5584,0,0,0,0,0,0,0,0,0,0,0,0,-0.00324626,0.69891,-1.45233,-0.0276684,0.758794,-1.44051,-0.00777476,0.738063,-1.50076,-0.0235186,0.717565,-1.486,-0.15246,0.783386,-1.24979,0.149264,0.744109,-1.223,-0.158524,0.84363,-1.12067,0.105131,25.71,-1.2213,-4.68558e-05,-2.29281e-06,-3.8125e-05,-4.14464e-05,1.83035e-05,-1.29608e-05,-4.46809e-06,-1.92768e-05,4.33802e-05,-5.10882e-05,-4.4316e-05,4.91387e-05,
-8.20721,4.64586,11.1396,9.73077,-0.807725,11.9619,-8.29154,5.8054,20.9052,7.07545,60,14.5583,0,0,0,0,0,0,0,0,0,0,0,0,-0.00324531,0.69891,-1.45233,-0.0276674,0.758794,-1.44051,-0.0077733,0.738063,-1.50076,-0.0235178,0.717564,-1.486,-0.152464,0.783382,-1.24979,0.149259,0.744108,-1.22302,-0.158525,0.843617,-1.12067,0.105129,25.71,-1.22131,0.000110553,4.5376e-05,-5.34697e-05,0.000116868,-7.70742e-06,4.5795e-05,0.000144712,6.3108e-05,-2.44792e-05,9.87655e-05,-4.83846e-05,7.87938e-05,
-8.20697,4.64608,11.1394,9.73099,-0.808054,11.9624,-8.29135,5.8055,20.9047,7.07578,60,14.5586,0,0,0,0,0,0,0,0,0,0,0,0,-0.00324399,0.698911,-1.45233,-0.0276659,0.758794,-1.44051,-0.00777112,0.738065,-1.50076,-0.0235167,0.717564,-1.486,-0.152462,0.783385,-1.2498,0.149261,0.744103,-1.22301,-0.158522,0.843621,-1.12068,0.105133,25.71,-1.2213,-2.15276e-05,6.89066e-06,2.2507e-05,-1.58243e-05,2.63281e-05,1.39027e-05,1.84183e-05,4.6898e-05,2.81255e-05,-2.84722e-05,6.99581e-06,1.97337e-05,
-8.20679,4.64621,11.139,9.73104,-0.808203,11.9624,-8.29096,5.80529,20.9041,7.07605,60,14.5588,0,0,0,0,0,0,0,0,0,0,0,0,-0.00324553,0.698911,-1.45233,-0.0276673,0.758795,-1.44051,-0.00777173,0.738065,-1.50076,-0.0235183,0.717565,-1.486,-0.152461,0.783387,-1.2498,0.149259,0.744102,-1.22301,-0.158517,0.843617,-1.12069,0.105136,25.71,-1.2213,-6.26432e-05,-1.17653e-05,3.20183e-05,-5.69038e-05,5.12039e-05,-1.11344e-05,-1.83493e-05,1.70291e-05,5.83479e-05,-6.55248e-05,1.5901e-05,5.40808e-06,
-8.20708,4.646,11.1404,9.7311,-0.808077,11.9625,-8.29189,5.80538,20.9049,7.07577,60,14.5579,0,0,0,0,0,0,0,0,0,0,0,0,-0.00324597,0.698911,-1.45233,-0.0276677,0.758796,-1.44051,-0.00777141,0.738066,-1.50076,-0.0235188,0.717565,-1.486,-0.152466,0.783384,-1.24978,0.149262,0.744104,-1.22301,-0.158532,0.843619,-1.12067,0.105132,25.71,-1.22131,1.70182e-06,6.8593e-06,-9.15554e-06,7.96405e-06,2.85926e-05,1.93163e-06,4.32674e-05,4.22372e-05,3.0945e-05,-3.80519e-06,-7.73763e-06,4.42936e-05,
-8.20672,4.64602,11.1379,9.73098,-0.808469,11.9624,-8.29109,5.80501,20.9034,7.07597,60,14.5599,0,0,0,0,0,0,0,0,0,0,0,0,-0.00324536,0.698911,-1.45233,-0.0276669,0.758797,-1.44051,-0.00776992,0.738067,-1.50076,-0.0235183,0.717565,-1.486,-0.152459,0.783385,-1.24982,0.14926,0.744098,-1.22301,-0.158516,0.843613,-1.1207,0.105135,25.71,-1.22128,-1.5798e-05,7.153e-07,4.10102e-05,-9.89078e-06,3.72556e-05,3.11673e-05,2.90357e-05,3.4186e-05,5.17928e-05,-1.80531e-05,2.65858e-05,5.29332e-06,
-8.20723,4.64616,11.1395,9.73111,-0.808257,11.9633,-8.29173,5.8053,20.9035,7.07578,60,14.5584,0,0,0,0,0,0,0,0,0,0,0,0,-0.00324609,0.698911,-1.45233,-0.0276675,0.758797,-1.44051,-0.00776971,0.738067,-1.50076,-0.0235191,0.717565,-1.486,-0.152467,0.783387,-1.24979,0.149263,0.744102,-1.22299,-0.158526,0.843619,-1.12069,0.105133,25.71,-1.2213,4.79446e-05,1.29292e-05,1.02477e-05,5.40653e-05,1.66161e-05,3.97302e-05,8.82794e-05,3.58475e-05,1.77665e-05,4.13905e-05,-1.66135e-05,5.03613e-05,
-8.20764,4.64577,11.1407,9.73079,-0.807816,11.962,-8.29344,5.80527,20.9059,7.07515,60,14.5575,0,0,0,0,0,0,0,0,0,0,0,0,-0.00324324,0.698912,-1.45233,-0.0276645,0.758797,-1.44051,-0.00776609,0.738068,-1.50076,-0.0235164,0.717564,-1.486,-0.15247,0.783381,-1.24977,0.149262,0.74411,-1.22302,-0.158552,0.84362,-1.12065,0.105126,25.71,-1.22131,0.000126903,3.2304e-05,-3.15446e-05,0.000133274,3.2651e-06,6.75543e-05,0.000165039,4.9849e-05,-2.20774e-05,0.000118626,-2.90035e-05,8.69997e-05,
-8.20702,4.64596,11.139,9.73133,-0.80865,11.9627,-8.2918,5.80489,20.9039,7.07631,60,14.5588,0,0,0,0,0,0,0,0,0,0,0,0,-0.00324249,0.698912,-1.45233,-0.0276643,0.758798,-1.44051,-0.00776487,0.73807,-1.50076,-0.0235164,0.717565,-1.486,-0.152464,0.783384,-1.2498,0.149264,0.744097,-1.223,-0.158528,0.843614,-1.12069,0.105139,25.71,-1.2213,-0.000101176,-2.01162e-05,0.000145678,-0.000178847,7.57381e-05,-2.82129e-05,-0.000130589,2.58778e-05,0.000107301,-0.000179,8.75268e-05,-0.000109007,
-8.20595,4.64634,11.1376,9.73168,-0.808841,11.9628,-8.29073,5.80489,20.9024,7.07686,60,14.56,0,0,0,0,0,0,0,0,0,0,0,0,-0.00324845,0.698911,-1.45232,-0.0276702,0.7588,-1.44051,-0.00776975,0.738069,-1.50076,-0.0235223,0.717567,-1.486,-0.152454,0.783388,-1.24982,0.149264,0.744096,-1.223,-0.158514,0.843613,-1.12071,0.105143,25.71,-1.22128,-0.000269445,-5.25526e-05,0.000185204,-0.000199334,8.15274e-05,-1.72864e-05,-0.000156555,4.93314e-06,0.000118464,-0.000204813,7.95241e-05,-8.69741e-05,
-8.20695,4.64612,11.1389,9.73127,-0.808602,11.963,-8.29176,5.80469,20.9028,7.07616,60,14.5588,0,0,0,0,0,0,0,0,0,0,0,0,-0.00325003,0.69891,-1.45232,-0.027671,0.758801,-1.44051,-0.00777004,0.73807,-1.50075,-0.0235232,0.717568,-1.486,-0.152467,0.783385,-1.2498,0.149262,0.7441,-1.223,-0.158528,0.843611,-1.1207,0.105135,25.71,-1.2213,3.21515e-05,-1.29381e-07,3.0578e-05,3.80796e-05,1.71603e-05,4.27057e-05,6.7076e-05,5.23493e-05,7.47959e-06,2.02705e-05,8.22477e-06,2.0663e-05,
-8.20803,4.64579,11.1395,9.73017,-0.808426,11.961,-8.29315,5.80391,20.9045,7.07515,60,14.5578,0,0,0,0,0,0,0,0,0,0,0,0,-0.00324446,0.698911,-1.45232,-0.0276653,0.7588,-1.4405,-0.00776401,0.738072,-1.50076,-0.0235182,0.717567,-1.486,-0.152474,0.783382,-1.24979,0.149255,0.744101,-1.22303,-0.15854,0.8436,-1.12068,0.105128,25.71,-1.22131,0.00030983,5.55192e-05,-8.3705e-05,0.000316223,-4.38337e-05,0.000138513,0.000330302,9.56171e-05,-6.89368e-05,0.000285138,-6.83262e-05,0.00015808,
-8.20752,4.64629,11.1387,9.73096,-0.809273,11.9633,-8.29184,5.80448,20.9023,7.07617,60,14.5586,0,0,0,0,0,0,0,0,0,0,0,0,-0.00324091,0.698912,-1.45233,-0.0276619,0.758801,-1.4405,-0.00775995,0.738073,-1.50076,-0.0235152,0.717566,-1.486,-0.152468,0.78339,-1.2498,0.149263,0.744088,-1.22299,-0.158522,0.843608,-1.12071,0.10514,25.71,-1.2213,3.13012e-06,2.98382e-06,4.02736e-05,-8.32663e-05,6.91584e-05,-5.53948e-05,-3.96405e-05,-2.96511e-05,0.000101838,-8.73216e-05,1.50416e-06,-1.61739e-05,
-8.20663,4.6465,11.1381,9.73127,-0.808749,11.9635,-8.29171,5.80483,20.9025,7.07635,60,14.5603,0,0,0,0,0,0,0,0,0,0,0,0,-0.0032458,0.698911,-1.45232,-0.0276664,0.758802,-1.44051,-0.00776332,0.738072,-1.50075,-0.0235196,0.717566,-1.486,-0.152461,0.783392,-1.24981,0.149262,0.7441,-1.22299,-0.158524,0.843613,-1.12071,0.105138,25.71,-1.22127,-0.000147719,-3.23561e-05,2.05507e-05,-0.000142627,7.37394e-05,-0.00011426,-9.17565e-05,-4.0848e-05,0.000105628,-0.000139692,6.00949e-06,-2.83692e-05,
-8.20796,4.64595,11.141,9.73084,-0.808635,11.963,-8.29352,5.80442,20.904,7.07553,60,14.5575,0,0,0,0,0,0,0,0,0,0,0,0,-0.00324526,0.698911,-1.45233,-0.0276657,0.758803,-1.44051,-0.00776175,0.738072,-1.50075,-0.023519,0.717566,-1.486,-0.152477,0.783385,-1.24976,0.149262,0.744101,-1.223,-0.158548,0.843609,-1.12068,0.10513,25.71,-1.22132,0.00013857,5.17108e-05,-9.5171e-05,0.00014481,1.4792e-05,2.55681e-05,0.000180382,6.63821e-05,-2.89024e-05,0.000133919,-2.95234e-05,6.17184e-05,
-8.20737,4.64604,11.1401,9.73098,-0.808779,11.9618,-8.29316,5.80414,20.9045,7.07603,60,14.558,0,0,0,0,0,0,0,0,0,0,0,0,-0.00324247,0.698912,-1.45233,-0.0276628,0.758803,-1.44051,-0.0077581,0.738073,-1.50075,-0.0235164,0.717565,-1.486,-0.152468,0.783386,-1.24978,0.149264,0.744099,-1.22302,-0.158542,0.843604,-1.12067,0.105138,25.71,-1.22131,-2.35424e-05,-1.74007e-06,3.93174e-05,-1.70965e-05,2.90729e-05,2.72818e-05,2.59935e-05,4.1652e-05,1.30366e-05,-2.12146e-05,2.15624e-05,-2.50377e-05,
-8.206,4.64658,11.138,9.73234,-0.80915,11.9643,-8.29194,5.8054,20.902,7.07699,60,14.56,0,0,0,0,0,0,0,0,0,0,0,0,-0.00324709,0.698911,-1.45232,-0.0276673,0.758805,-1.44051,-0.00776146,0.738073,-1.50075,-0.0235208,0.717567,-1.486,-0.152454,0.783392,-1.24981,0.149277,0.744095,-1.22297,-0.15853,0.843626,-1.12071,0.105145,25.71,-1.22128,-0.000281775,-7.38865e-05,0.000191559,-0.000275578,8.9382e-05,-4.26824e-05,-0.000219724,-2.10214e-06,0.000124676,-0.000268575,0.000112263,-0.000125871,
-8.20613,4.6464,11.1375,9.73178,-0.808571,11.9631,-8.29164,5.80448,20.9022,7.07691,60,14.5603,0,0,0,0,0,0,0,0,0,0,0,0,-0.00325066,0.69891,-1.45232,-0.0276707,0.758806,-1.44051,-0.00776422,0.738073,-1.50075,-0.0235242,0.717568,-1.486,-0.152458,0.783389,-1.24982,0.149266,0.744105,-1.22299,-0.158525,0.84361,-1.12071,0.105142,25.71,-1.22127,-0.000190949,-5.58199e-05,0.000129109,-0.000184815,3.24027e-05,1.41075e-05,-0.000140782,2.30342e-05,7.69058e-05,-0.000188559,4.85543e-05,-2.9771e-05,
-8.20824,4.64566,11.1389,9.72978,-0.808774,11.9607,-8.29399,5.8031,20.9041,7.07507,60,14.5584,0,0,0,0,0,0,0,0,0,0,0,0,-0.00324652,0.698911,-1.45232,-0.027665,0.758805,-1.4405,-0.00775824,0.738077,-1.50075,-0.0235193,0.717568,-1.486,-0.152478,0.783379,-1.2498,0.14925,0.744098,-1.22303,-0.158548,0.843592,-1.12068,0.105127,25.71,-1.2213,0.000382299,8.23579e-05,-6.63817e-05,0.000405411,-7.2081e-05,0.000233657,0.000403057,0.000169723,-0.00018221,0.000358803,-6.65286e-05,0.000160642,
-8.20816,4.64645,11.1395,9.73032,-0.808905,11.9624,-8.29356,5.8041,20.9032,7.07599,60,14.5574,0,0,0,0,0,0,0,0,0,0,0,0,-0.00323932,0.698912,-1.45232,-0.0276591,0.758803,-1.4405,-0.00775226,0.738078,-1.50075,-0.0235141,0.717566,-1.486,-0.152475,0.783393,-1.24979,0.14926,0.744095,-1.223,-0.15854,0.843608,-1.12069,0.10514,25.71,-1.22131,0.000156165,2.49366e-05,-5.32987e-05,0.000161897,-2.97617e-05,4.72338e-05,0.000179026,7.32342e-06,1.96825e-05,4.35713e-06,-9.44996e-05,8.94075e-05,
-8.20631,4.64708,11.1381,9.73139,-0.809146,11.9636,-8.29139,5.80459,20.9012,7.07722,60,14.5595,0,0,0,0,0,0,0,0,0,0,0,0,-0.00324478,0.69891,-1.45232,-0.0276645,0.758805,-1.4405,-0.00775657,0.738075,-1.50075,-0.0235196,0.717564,-1.486,-0.152459,0.783401,-1.24981,0.149262,0.744095,-1.22299,-0.158516,0.843609,-1.12072,0.105149,25.71,-1.22128,-0.000329106,-8.47039e-05,3.55751e-05,-0.000325412,8.35524e-05,-0.00020608,-0.000273961,-0.000159473,0.000247193,-0.00032224,-3.8291e-05,-2.87252e-05,
-8.20712,4.64636,11.1398,9.73093,-0.808937,11.9627,-8.29266,5.80385,20.9029,7.07699,60,14.5582,0,0,0,0,0,0,0,0,0,0,0,0,-0.00324907,0.69891,-1.45232,-0.0276687,0.758806,-1.44051,-0.00775982,0.738074,-1.50075,-0.0235235,0.717564,-1.486,-0.152469,0.783389,-1.24978,0.149258,0.744099,-1.223,-0.158534,0.843599,-1.12069,0.105144,25.71,-1.2213,6.10285e-06,2.27777e-05,-6.50972e-05,1.1335e-05,2.74721e-05,-5.20712e-05,4.42682e-05,2.698e-05,0.000110113,-0.000214618,-2.37502e-05,-2.13823e-05,
-8.20767,4.64611,11.1406,9.731,-0.80897,11.9626,-8.29415,5.80429,20.9043,7.07576,60,14.5578,0,0,0,0,0,0,0,0,0,0,0,0,-0.00324642,0.698911,-1.45233,-0.0276652,0.758806,-1.44051,-0.00775595,0.738075,-1.50075,-0.0235208,0.717563,-1.486,-0.152471,0.783387,-1.24977,0.149267,0.744097,-1.223,-0.158553,0.84361,-1.12067,0.105134,25.71,-1.22131,0.000244434,6.55555e-05,-0.000137744,0.000202716,-3.71819e-06,5.457e-05,0.00022948,9.53836e-05,-8.89479e-05,0.000183421,-4.53781e-05,6.77163e-05,
-8.20668,4.64635,11.1395,9.73152,-0.809008,11.9628,-8.29302,5.80425,20.9038,7.07668,60,14.5586,0,0,0,0,0,0,0,0,0,0,0,0,-0.00324519,0.698911,-1.45233,-0.0276646,0.758806,-1.44051,-0.00775446,0.738076,-1.50075,-0.0235203,0.717563,-1.486,-0.15246,0.78339,-1.24979,0.14927,0.744098,-1.223,-0.158538,0.843609,-1.12068,0.105144,25.71,-1.22129,-0.000109274,-1.37109e-05,3.70822e-05,-0.000103451,4.98896e-05,-3.30105e-05,-5.82369e-05,3.48575e-05,3.19263e-05,-0.000106115,4.46289e-05,-4.22924e-05,
-8.20625,4.64642,11.1387,9.73149,-0.808986,11.9621,-8.29251,5.80416,20.9037,7.077,60,14.5593,0,0,0,0,0,0,0,0,0,0,0,0,-0.00324902,0.69891,-1.45232,-0.0276683,0.758807,-1.44051,-0.00775726,0.738077,-1.50075,-0.0235241,0.717564,-1.486,-0.152457,0.78339,-1.2498,0.149265,0.744099,-1.22301,-0.158532,0.843607,-1.12068,0.105145,25.71,-1.22128,-0.000138215,-3.79844e-05,9.95777e-05,-0.000132289,3.21185e-05,3.05876e-06,-9.45906e-05,1.75595e-05,5.63997e-05,-0.000142288,2.9004e-05,-6.44876e-05,
-8.20694,4.64665,11.1392,9.73115,-0.809237,11.9626,-8.29242,5.80399,20.9026,7.07683,60,14.5581,0,0,0,0,0,0,0,0,0,0,0,0,-0.00324971,0.69891,-1.45232,-0.0276688,0.758808,-1.44051,-0.00775733,0.738077,-1.50075,-0.023525,0.717564,-1.486,-0.152466,0.783394,-1.24979,0.149262,0.744094,-1.223,-0.158527,0.843604,-1.1207,0.105145,25.71,-1.2213,2.45959e-05,-1.77347e-05,6.43751e-06,3.0131e-05,-9.80529e-06,2.36245e-05,5.42672e-05,8.11521e-06,2.19596e-05,7.70386e-06,-4.27036e-05,5.34781e-05,
-8.20737,4.64685,11.1399,9.73107,-0.808887,11.963,-8.29326,5.80442,20.9028,7.07634,60,14.5575,0,0,0,0,0,0,0,0,0,0,0,0,-0.00324764,0.69891,-1.45232,-0.0276667,0.758807,-1.4405,-0.00775477,0.738076,-1.50075,-0.0235234,0.717561,-1.48599,-0.152469,0.783398,-1.24978,0.149265,0.744099,-1.223,-0.158538,0.843611,-1.12069,0.10514,25.71,-1.22131,0.000128352,-3.69554e-06,-9.0441e-05,0.000133702,-4.99787e-05,1.71165e-05,0.000148688,-1.78994e-05,1.43867e-05,0.000103196,-0.000129592,0.00012388,
-8.2073,4.64651,11.1393,9.73075,-0.808919,11.962,-8.29345,5.80385,20.9036,7.07633,60,14.5582,0,0,0,0,0,0,0,0,0,0,0,0,-0.00324536,0.69891,-1.45233,-0.0276643,0.758806,-1.4405,-0.00775198,0.738076,-1.50075,-0.0235216,0.717559,-1.48599,-0.152467,0.783392,-1.24979,0.14926,0.744098,-1.22301,-0.15854,0.843602,-1.12068,0.10514,25.71,-1.2213,6.74097e-05,7.27828e-06,-9.60329e-06,7.33236e-05,-1.23786e-05,3.70985e-05,9.55911e-05,2.3562e-05,-1.78154e-05,4.90982e-05,-5.16961e-05,5.28751e-05,
-8.20707,4.64668,11.14,9.7312,-0.809129,11.9626,-8.29353,5.80413,20.9039,7.07675,60,14.558,0,0,0,0,0,0,0,0,0,0,0,0,-0.00324565,0.69891,-1.45232,-0.0276644,0.758807,-1.4405,-0.00775159,0.738078,-1.50075,-0.0235222,0.71756,-1.48599,-0.152467,0.783395,-1.24978,0.149265,0.744097,-1.223,-0.158544,0.843608,-1.12068,0.105144,25.71,-1.2213,-7.11281e-05,-8.77608e-06,6.02042e-05,-6.57076e-05,4.74893e-05,3.04319e-06,-3.51506e-05,4.78535e-05,-8.54004e-06,-8.28228e-05,5.01002e-05,-7.29843e-05,
-8.20654,4.64696,11.1382,9.73149,-0.809274,11.9636,-8.29263,5.80433,20.9022,7.07714,60,14.5597,0,0,0,0,0,0,0,0,0,0,0,0,-0.00324773,0.698909,-1.45232,-0.0276664,0.758808,-1.4405,-0.00775299,0.738078,-1.50075,-0.0235244,0.71756,-1.48599,-0.152461,0.783398,-1.24981,0.149267,0.744095,-1.22299,-0.15853,0.843611,-1.1207,0.105147,25.71,-1.22127,-0.000135294,-4.15497e-05,7.70701e-05,-0.000130452,4.82076e-05,-6.40612e-05,-9.59457e-05,-1.55567e-05,6.75131e-05,-0.000144119,3.13879e-05,-8.13748e-05,
-8.20694,4.64687,11.14,9.7313,-0.808963,11.9626,-8.2929,5.80362,20.9032,7.07701,60,14.5578,0,0,0,0,0,0,0,0,0,0,0,0,-0.0032502,0.698908,-1.45232,-0.0276688,0.758808,-1.44051,-0.00775471,0.738078,-1.50074,-0.0235272,0.717561,-1.486,-0.152469,0.783397,-1.24978,0.149262,0.7441,-1.223,-0.158536,0.8436,-1.12069,0.105146,25.71,-1.22131,-6.91556e-05,-1.04204e-05,1.95971e-05,-6.39903e-05,1.76667e-05,1.70643e-05,-3.92851e-05,5.37816e-05,-1.52359e-05,-9.24662e-06,-2.30058e-05,2.77609e-05,
-8.20755,4.64684,11.1401,9.73092,-0.809101,11.9621,-8.29409,5.80381,20.9039,7.0765,60,14.5576,0,0,0,0,0,0,0,0,0,0,0,0,-0.00324693,0.698909,-1.45232,-0.0276654,0.758808,-1.4405,-0.00775097,0.73808,-1.50075,-0.0235245,0.71756,-1.48599,-0.152472,0.783397,-1.24978,0.149264,0.744097,-1.22301,-0.158549,0.843605,-1.12068,0.105142,25.71,-1.22131,0.000127671,5.0739e-06,-3.2977e-06,0.00013334,-1.80992e-05,8.06663e-05,0.000149212,5.85543e-05,-3.82326e-05,0.000102808,-2.95832e-05,2.98147e-05,
-8.20699,4.647,11.1385,9.7314,-0.809227,11.9638,-8.29334,5.80429,20.9026,7.07701,60,14.5593,0,0,0,0,0,0,0,0,0,0,0,0,-0.0032463,0.698909,-1.45232,-0.0276647,0.758808,-1.4405,-0.00775001,0.73808,-1.50075,-0.0235244,0.71756,-1.48599,-0.152464,0.783399,-1.2498,0.14927,0.744095,-1.22298,-0.158539,0.843613,-1.1207,0.105147,25.71,-1.22128,-7.92564e-06,-2.36514e-05,4.93752e-05,-2.1027e-06,1.59949e-05,-1.03452e-05,-1.95859e-05,1.73884e-05,1.48205e-05,-6.71475e-05,2.84068e-05,-2.89928e-05,
-8.2071,4.64698,11.1386,9.73096,-0.809234,11.9623,-8.29292,5.80307,20.9025,7.07717,60,14.5588,0,0,0,0,0,0,0,0,0,0,0,0,-0.00324861,0.698907,-1.45232,-0.0276668,0.758809,-1.4405,-0.00775137,0.738081,-1.50075,-0.0235268,0.71756,-1.486,-0.152469,0.783397,-1.2498,0.14926,0.744096,-1.22301,-0.158531,0.843593,-1.1207,0.105148,25.71,-1.22129,-1.20634e-05,-2.74487e-05,6.34867e-05,-6.53671e-06,1.21103e-05,3.56921e-05,1.72173e-05,5.08095e-05,-6.08122e-07,-2.97312e-05,9.24272e-06,-3.44952e-06,
-8.20791,4.64705,11.1406,9.73059,-0.809129,11.9619,-8.29437,5.80336,20.904,7.07656,60,14.5571,0,0,0,0,0,0,0,0,0,0,0,0,-0.00324616,0.698908,-1.45232,-0.0276643,0.758808,-1.4405,-0.00774846,0.738082,-1.50075,-0.0235248,0.71756,-1.48599,-0.152477,0.7834,-1.24977,0.149259,0.744096,-1.22301,-0.158551,0.843599,-1.12067,0.105143,25.71,-1.22132,0.000144534,5.88878e-06,-2.41937e-05,0.000150383,-2.17678e-05,6.6405e-05,0.000166912,5.89405e-05,-5.02798e-05,0.000120576,-5.35637e-05,5.64135e-05,
-8.20714,4.64742,11.1388,9.73118,-0.809483,11.9635,-8.29332,5.80392,20.902,7.07718,60,14.5587,0,0,0,0,0,0,0,0,0,0,0,0,-0.00324482,0.698907,-1.45232,-0.0276628,0.758808,-1.4405,-0.00774642,0.738082,-1.50075,-0.0235237,0.717558,-1.48599,-0.152467,0.783405,-1.2498,0.149266,0.74409,-1.22299,-0.158534,0.843607,-1.12071,0.105151,25.71,-1.22129,-5.9342e-05,-3.65348e-05,2.31819e-05,-5.38228e-05,1.38819e-05,-6.67233e-05,-1.43639e-05,-5.24709e-05,8.74871e-05,-6.20085e-05,-3.58682e-05,-1.31072e-05,
-8.20657,4.64761,11.1397,9.73199,-0.809088,11.9642,-8.29309,5.8043,20.9022,7.0778,60,14.5584,0,0,0,0,0,0,0,0,0,0,0,0,-0.00324879,0.698906,-1.45232,-0.0276667,0.758809,-1.4405,-0.00774943,0.738081,-1.50074,-0.0235276,0.717559,-1.48599,-0.152466,0.783407,-1.24978,0.149272,0.744099,-1.22297,-0.158538,0.843613,-1.1207,0.105153,25.71,-1.2213,-0.000265967,-5.63853e-05,6.30249e-05,-0.000260709,5.10371e-05,-8.95919e-05,-0.000210018,-5.07716e-05,9.20534e-05,-0.00025845,2.30276e-05,-8.77959e-05,
-8.20723,4.64699,11.1394,9.73112,-0.808906,11.9623,-8.29478,5.80347,20.9041,7.07667,60,14.559,0,0,0,0,0,0,0,0,0,0,0,0,-0.00324947,0.698906,-1.45232,-0.0276668,0.758809,-1.4405,-0.00774862,0.738082,-1.50074,-0.023528,0.717559,-1.486,-0.152469,0.783396,-1.24979,0.149266,0.744101,-1.223,-0.158559,0.843603,-1.12067,0.105142,25.71,-1.22129,9.55624e-05,-2.00657e-06,1.41707e-05,0.000134216,-2.63644e-05,0.000108906,0.000161534,0.000127186,-9.81932e-05,0.000114982,1.7643e-05,1.07109e-05,
-8.20724,4.64692,11.1388,9.73116,-0.809067,11.9625,-8.29461,5.8035,20.9038,7.07691,60,14.5591,0,0,0,0,0,0,0,0,0,0,0,0,-0.00324625,0.698906,-1.45232,-0.0276639,0.758808,-1.4405,-0.00774515,0.738085,-1.50075,-0.0235255,0.71756,-1.486,-0.152468,0.783396,-1.24979,0.149267,0.744098,-1.223,-0.158554,0.843606,-1.12068,0.105146,25.71,-1.22129,3.66879e-05,-3.83294e-07,7.80614e-05,4.32593e-05,-1.19239e-05,0.000103493,7.31797e-05,8.94267e-05,-4.62231e-05,2.5822e-05,3.45969e-05,-3.33467e-05,
-8.20678,4.64753,11.1386,9.7313,-0.809037,11.9628,-8.29363,5.80365,20.9026,7.07756,60,14.5587,0,0,0,0,0,0,0,0,0,0,0,0,-0.00324803,0.698905,-1.45232,-0.0276655,0.758809,-1.4405,-0.00774612,0.738085,-1.50075,-0.0235274,0.71756,-1.486,-0.152465,0.783404,-1.2498,0.149265,0.744099,-1.22299,-0.158541,0.843605,-1.1207,0.105152,25.71,-1.22129,-0.00011482,-6.80285e-05,6.49205e-05,-0.000109781,4.22806e-08,-2.99326e-05,-7.77313e-05,-4.68157e-05,0.000115568,-0.00012503,-4.53395e-05,-1.39468e-07,
-8.20705,4.64801,11.1396,9.73166,-0.809101,11.964,-8.29369,5.80422,20.9017,7.07757,60,14.5575,0,0,0,0,0,0,0,0,0,0,0,0,-0.00324958,0.698904,-1.45232,-0.027667,0.758809,-1.4405,-0.0077471,0.738084,-1.50074,-0.0235292,0.717558,-1.48599,-0.15247,0.783412,-1.24978,0.149271,0.744097,-1.22297,-0.158542,0.843614,-1.12071,0.105152,25.71,-1.22131,-4.37906e-05,-4.39385e-05,-1.51676e-05,-3.90014e-05,-6.04105e-06,-1.44313e-05,-1.49989e-05,-5.96904e-05,0.000109573,-6.13088e-05,-9.85094e-05,6.69972e-05,
-8.20762,4.64742,11.1405,9.73119,-0.808768,11.9623,-8.29496,5.8035,20.9041,7.07696,60,14.5572,0,0,0,0,0,0,0,0,0,0,0,0,-0.00324853,0.698904,-1.45232,-0.0276658,0.758808,-1.4405,-0.00774556,0.738084,-1.50074,-0.0235283,0.717556,-1.48599,-0.152475,0.783403,-1.24976,0.149268,0.744102,-1.223,-0.15856,0.843604,-1.12067,0.105146,25.71,-1.22132,0.000103785,2.17136e-05,-2.56436e-05,0.0001096,-2.3998e-05,7.08772e-05,0.000124107,6.3325e-05,-6.6212e-05,8.97369e-05,-2.32444e-05,2.16133e-05,
-8.2071,4.64731,11.139,9.73119,-0.809614,11.9617,-8.29412,5.80269,20.9039,7.07767,60,14.5584,0,0,0,0,0,0,0,0,0,0,0,0,-0.00324664,0.698904,-1.45232,-0.0276638,0.758808,-1.4405,-0.00774312,0.738088,-1.50075,-0.0235274,0.717558,-1.48599,-0.152468,0.783401,-1.24979,0.149265,0.744089,-1.22301,-0.158546,0.843594,-1.12068,0.105156,25.71,-1.2213,-6.32061e-05,-8.91227e-06,0.000129487,-5.70903e-05,4.28956e-05,6.88219e-05,-3.24014e-05,0.000131072,-9.94579e-05,-8.04289e-05,8.06952e-05,-7.83611e-05,
-8.20637,4.64759,11.1383,9.73184,-0.809587,11.9632,-8.29356,5.8035,20.9029,7.07815,60,14.5598,0,0,0,0,0,0,0,0,0,0,0,0,-0.00324999,0.698904,-1.45231,-0.027667,0.758809,-1.4405,-0.0077458,0.738089,-1.50075,-0.0235309,0.71756,-1.486,-0.152462,0.783405,-1.2498,0.14927,0.744091,-1.22298,-0.158542,0.843608,-1.12069,0.105157,25.71,-1.22128,-0.000207033,-3.52562e-05,0.00012544,-0.000201553,6.84709e-05,-3.31349e-05,-0.000167459,4.71849e-05,1.41502e-05,-0.000215969,8.5128e-05,-0.000135902,
-8.20721,4.64745,11.14,9.73138,-0.809056,11.9627,-8.29466,5.80336,20.9036,7.07748,60,14.5577,0,0,0,0,0,0,0,0,0,0,0,0,-0.00325181,0.698903,-1.45231,-0.0276687,0.75881,-1.4405,-0.00774689,0.738089,-1.50075,-0.023533,0.717559,-1.486,-0.152472,0.783402,-1.24977,0.149267,0.744099,-1.22299,-0.158557,0.843604,-1.12068,0.105149,25.71,-1.22131,5.80922e-05,-9.19442e-06,-5.49585e-05,6.32036e-05,-2.43234e-05,1.50326e-05,8.38476e-05,-9.18636e-06,-3.47077e-06,3.76083e-05,-7.78452e-05,8.02555e-05,
-8.20741,4.64753,11.1389,9.73089,-0.809223,11.9624,-8.29462,5.80307,20.9031,7.07724,60,14.5585,0,0,0,0,0,0,0,0,0,0,0,0,-0.00324895,0.698903,-1.45232,-0.0276658,0.758809,-1.4405,-0.0077437,0.738089,-1.50075,-0.0235306,0.717557,-1.48599,-0.152471,0.783404,-1.24979,0.149263,0.744095,-1.223,-0.158551,0.843599,-1.12069,0.105149,25.71,-1.22129,0.000139671,-5.97421e-06,-9.00181e-05,0.000144917,-3.18992e-05,2.26611e-05,0.000160073,-1.24117e-05,1.63296e-05,0.000114469,-0.000124476,0.000103813,
-8.2071,4.6481,11.1395,9.73139,-0.809331,11.9634,-8.29378,5.80325,20.902,7.07797,60,14.5575,0,0,0,0,0,0,0,0,0,0,0,0,-0.00324902,0.698903,-1.45232,-0.0276657,0.758808,-1.4405,-0.00774319,0.738088,-1.50074,-0.0235311,0.717555,-1.48599,-0.152471,0.783413,-1.24978,0.149267,0.744093,-1.22298,-0.15854,0.843601,-1.12071,0.105157,25.71,-1.22131,-5.96408e-05,-4.22364e-05,-4.66379e-06,-5.49135e-05,1.23515e-06,-4.2716e-05,-2.85466e-05,-4.14162e-05,9.47472e-05,-7.54199e-05,-7.23132e-05,5.46029e-05,
-8.20724,4.64811,11.1394,9.73117,-0.809067,11.963,-8.29426,5.80335,20.9028,7.0777,60,14.5581,0,0,0,0,0,0,0,0,0,0,0,0,-0.00325,0.698902,-1.45232,-0.0276666,0.758809,-1.4405,-0.00774339,0.738087,-1.50074,-0.0235324,0.717553,-1.48599,-0.152472,0.783413,-1.24978,0.149264,0.744098,-1.22299,-0.158547,0.843602,-1.12069,0.105153,25.71,-1.2213,1.6184e-05,-3.41026e-06,-3.51728e-05,2.13085e-05,-2.46046e-06,-3.73522e-05,4.74838e-05,-1.20165e-05,1.25773e-05,7.29255e-07,-7.10767e-05,5.58282e-05,
-8.20754,4.64786,11.1394,9.73084,-0.809578,11.9625,-8.29408,5.80255,20.9028,7.07771,60,14.5582,0,0,0,0,0,0,0,0,0,0,0,0,-0.00324892,0.698902,-1.45232,-0.0276654,0.758809,-1.4405,-0.00774173,0.738088,-1.50074,-0.0235316,0.717553,-1.48599,-0.152475,0.783409,-1.24978,0.149261,0.744089,-1.223,-0.158541,0.84359,-1.12069,0.105155,25.71,-1.2213,6.32924e-05,2.54178e-05,-5.87701e-05,6.90145e-05,1.19511e-05,2.67956e-05,9.82803e-05,5.90855e-05,-6.28577e-05,5.16035e-05,-1.58743e-05,9.04354e-07,
-8.20719,4.64807,11.1387,9.73099,-0.809564,11.9628,-8.29402,5.80293,20.9026,7.07779,60,14.5592,0,0,0,0,0,0,0,0,0,0,0,0,-0.00324845,0.698902,-1.45232,-0.0276648,0.758809,-1.4405,-0.0077404,0.738089,-1.50074,-0.0235312,0.717553,-1.48599,-0.15247,0.783413,-1.2498,0.149262,0.74409,-1.22299,-0.15854,0.843598,-1.1207,0.105156,25.71,-1.22128,-7.71493e-06,-3.8399e-06,-2.7246e-05,-1.94785e-06,2.09432e-05,-1.50195e-05,4.01644e-05,3.34385e-05,-2.94924e-05,-6.93282e-06,9.19564e-08,-6.70356e-06,
-8.20747,4.64808,11.1411,9.73147,-0.809097,11.9639,-8.29537,5.80386,20.9037,7.07747,60,14.5574,0,0,0,0,0,0,0,0,0,0,0,0,-0.0032488,0.698902,-1.45232,-0.027665,0.758809,-1.4405,-0.00773958,0.738089,-1.50074,-0.0235314,0.717552,-1.48599,-0.152475,0.783413,-1.24976,0.149271,0.744099,-1.22297,-0.158563,0.843613,-1.12068,0.10515,25.71,-1.22131,1.49621e-05,-3.28206e-06,-0.000113376,2.13922e-05,1.03217e-05,-1.86248e-05,7.14949e-05,-1.52537e-05,-5.65016e-07,2.49636e-05,-6.73522e-05,5.29023e-05,
-8.20703,4.64806,11.1387,9.73148,-0.809119,11.9637,-8.29489,5.80375,20.9029,7.0776,60,14.5594,0,0,0,0,0,0,0,0,0,0,0,0,-0.00324824,0.698902,-1.45232,-0.0276644,0.758809,-1.4405,-0.00773802,0.738088,-1.50074,-0.0235306,0.717551,-1.48599,-0.152467,0.783412,-1.2498,0.149271,0.744098,-1.22298,-0.158553,0.84361,-1.12069,0.105153,25.71,-1.22127,-8.8327e-06,-1.52035e-05,-3.5452e-05,-2.5522e-06,1.90113e-06,8.31252e-06,5.00571e-05,-2.80091e-05,9.85299e-06,2.85559e-06,-5.24092e-05,3.24636e-05,
-8.20679,4.64816,11.139,9.73167,-0.809053,11.9634,-8.29449,5.80326,20.9029,7.07815,60,14.5592,0,0,0,0,0,0,0,0,0,0,0,0,-0.00325068,0.698901,-1.45232,-0.0276667,0.758809,-1.4405,-0.00773922,0.738089,-1.50074,-0.0235329,0.717551,-1.48599,-0.152469,0.783413,-1.24979,0.149269,0.7441,-1.22298,-0.15855,0.843605,-1.12069,0.105157,25.71,-1.22128,-0.000144022,-2.68289e-05,9.93967e-05,-0.000137178,2.36136e-05,6.7106e-05,-8.79451e-05,7.17711e-05,3.06096e-06,-0.000135532,6.69917e-05,-6.82015e-05,
-8.20742,4.64802,11.1397,9.73075,-0.808879,11.9612,-8.29528,5.80264,20.9043,7.07765,60,14.5578,0,0,0,0,0,0,0,0,0,0,0,0,-0.00325044,0.698901,-1.45232,-0.0276663,0.758809,-1.4405,-0.00773791,0.738091,-1.50074,-0.0235327,0.717551,-1.48599,-0.152474,0.78341,-1.24978,0.149259,0.744101,-1.22302,-0.158558,0.843595,-1.12067,0.105154,25.71,-1.2213,7.85913e-05,-2.00759e-06,9.89176e-06,8.58839e-05,-4.62922e-05,0.000130035,0.000116669,5.76571e-05,-3.83678e-05,7.03481e-05,-4.16949e-05,5.98307e-05,
-8.2069,4.64847,11.1396,9.73137,-0.809403,11.9628,-8.29466,5.80346,20.9028,7.07821,60,14.5575,0,0,0,0,0,0,0,0,0,0,0,0,-0.00324962,0.698901,-1.45232,-0.0276653,0.758808,-1.44049,-0.00773623,0.738091,-1.50074,-0.023532,0.71755,-1.48599,-0.152468,0.783418,-1.24978,0.149267,0.744092,-1.22299,-0.158549,0.843607,-1.12069,0.105161,25.71,-1.22131,-8.33471e-05,-3.52102e-05,1.9784e-05,-7.72793e-05,-5.99687e-06,-6.21687e-06,-3.43787e-05,-4.56034e-05,7.57332e-05,-8.11707e-05,-5.77409e-05,6.57946e-05,
-8.20603,4.6484,11.139,9.73181,-0.808994,11.963,-8.29433,5.80382,20.903,7.0785,60,14.5587,0,0,0,0,0,0,0,0,0,0,0,0,-0.00325233,0.6989,-1.45232,-0.0276679,0.758808,-1.44049,-0.00773816,0.73809,-1.50074,-0.0235346,0.717549,-1.48599,-0.152458,0.783415,-1.24979,0.149269,0.7441,-1.22299,-0.158548,0.843611,-1.12069,0.10516,25.71,-1.22129,-0.000220406,-6.3484e-05,1.6649e-06,-0.000215155,1.63011e-05,-7.16111e-05,-0.000164225,-9.93442e-05,0.000131651,-0.000211761,-7.67236e-05,2.5214e-05,
-8.20697,4.6479,11.1408,9.73144,-0.809071,11.9627,-8.29561,5.80335,20.904,7.07785,60,14.5568,0,0,0,0,0,0,0,0,0,0,0,0,-0.00325386,0.698899,-1.45232,-0.0276693,0.758809,-1.4405,-0.00773859,0.738089,-1.50074,-0.0235362,0.717548,-1.48599,-0.15247,0.783407,-1.24976,0.149268,0.744098,-1.22299,-0.158565,0.843605,-1.12067,0.105153,25.71,-1.22132,6.4692e-05,2.48124e-05,-6.7529e-05,7.04638e-05,-8.78777e-06,2.02586e-06,9.90803e-05,1.12358e-05,-8.83262e-06,5.27988e-05,-7.12117e-05,8.66438e-05,
-8.20664,4.64808,11.1394,9.73147,-0.809206,11.9624,-8.29527,5.80326,20.9038,7.07804,60,14.5581,0,0,0,0,0,0,0,0,0,0,0,0,-0.00325179,0.6989,-1.45232,-0.0276671,0.758808,-1.44049,-0.00773592,0.738089,-1.50074,-0.0235345,0.717546,-1.48599,-0.152463,0.78341,-1.24979,0.149269,0.744096,-1.223,-0.158558,0.843604,-1.12067,0.105157,25.71,-1.22129,8.04645e-06,-2.58304e-06,-1.09473e-05,1.33313e-05,1.26499e-05,8.2098e-06,3.88975e-05,2.37838e-05,-6.69108e-06,-7.81986e-06,-2.93591e-05,1.75536e-05,
-8.20642,4.64848,11.1389,9.73171,-0.80941,11.9634,-8.29419,5.80327,20.9023,7.07863,60,14.5585,0,0,0,0,0,0,0,0,0,0,0,0,-0.00325355,0.6989,-1.45232,-0.0276688,0.758809,-1.4405,-0.00773709,0.73809,-1.50074,-0.0235365,0.717547,-1.48599,-0.152464,0.783417,-1.2498,0.149269,0.744093,-1.22298,-0.158543,0.843604,-1.1207,0.105163,25.71,-1.22129,-0.000115094,-8.60652e-06,2.01568e-05,-0.000109834,3.75158e-05,-2.07916e-05,-8.28549e-05,1.32976e-05,3.19054e-05,-0.00013052,9.91297e-06,-1.501e-05,
-8.20726,4.64833,11.1407,9.73114,-0.809079,11.9621,-8.29526,5.80271,20.904,7.07811,60,14.5568,0,0,0,0,0,0,0,0,0,0,0,0,-0.00325397,0.6989,-1.45232,-0.0276691,0.758809,-1.4405,-0.00773702,0.738091,-1.50074,-0.0235374,0.717546,-1.48599,-0.152474,0.783416,-1.24976,0.149263,0.744099,-1.223,-0.158557,0.843596,-1.12067,0.105157,25.71,-1.22132,9.55357e-05,3.1251e-05,-4.31429e-05,0.000100887,-5.38114e-06,2.94676e-05,0.000112004,6.18793e-05,-4.78427e-05,6.5766e-05,-5.35644e-05,7.40686e-05,
-8.20714,4.64834,11.1397,9.73112,-0.809505,11.963,-8.29586,5.80326,20.9034,7.07772,60,14.5582,0,0,0,0,0,0,0,0,0,0,0,0,-0.00325016,0.698901,-1.45232,-0.0276657,0.758809,-1.44049,-0.00773349,0.738092,-1.50074,-0.0235346,0.717545,-1.48598,-0.15247,0.783417,-1.24978,0.149269,0.74409,-1.22298,-0.158562,0.843608,-1.12068,0.105155,25.71,-1.22129,3.55102e-05,4.45082e-05,-6.18621e-05,0.000198037,-1.52086e-05,5.51823e-05,0.000208857,7.72934e-05,-6.53814e-05,0.0001631,-4.86908e-05,4.55238e-05,
-8.20667,4.64853,11.1389,9.73149,-0.809634,11.9632,-8.2941,5.80249,20.9022,7.0789,60,14.5586,0,0,0,0,0,0,0,0,0,0,0,0,-0.00325161,0.6989,-1.45232,-0.027667,0.75881,-1.44049,-0.00773412,0.738093,-1.50074,-0.0235364,0.717545,-1.48599,-0.152468,0.783419,-1.2498,0.149266,0.74409,-1.22298,-0.158539,0.843593,-1.1207,0.105167,25.71,-1.22128,-0.000156516,-2.44038e-05,5.442e-05,-0.000140028,4.98522e-05,-4.76799e-05,-0.000107653,2.078e-05,3.84068e-05,-0.000155585,2.34221e-05,-5.71704e-05,
-8.20746,4.64846,11.1407,9.73111,-0.809728,11.9626,-8.29518,5.80229,20.903,7.07837,60,14.5569,0,0,0,0,0,0,0,0,0,0,0,0,-0.00325341,0.6989,-1.45232,-0.0276682,0.75881,-1.44049,-0.00773478,0.738094,-1.50074,-0.0235381,0.717545,-1.48599,-0.152479,0.783418,-1.24976,0.149262,0.744088,-1.22299,-0.158554,0.843591,-1.12069,0.10516,25.71,-1.22131,4.64241e-05,2.10178e-05,-1.98164e-05,5.20568e-05,1.11448e-05,2.97726e-05,7.3413e-05,4.64391e-05,-2.40809e-05,2.68001e-05,-2.29622e-05,3.84956e-05,
-8.20735,4.64849,11.1405,9.73149,-0.809762,11.9633,-8.29571,5.80273,20.9031,7.0783,60,14.5573,0,0,0,0,0,0,0,0,0,0,0,0,-0.0032512,0.698901,-1.45232,-0.0276659,0.75881,-1.44049,-0.0077319,0.738095,-1.50074,-0.0235362,0.717544,-1.48598,-0.152475,0.783419,-1.24977,0.149271,0.744088,-1.22298,-0.158561,0.8436,-1.12069,0.105161,25.71,-1.22131,3.15989e-05,1.27865e-05,-1.90965e-05,3.75932e-05,1.21696e-05,1.47362e-05,7.23951e-05,4.59134e-05,-2.45757e-06,2.54868e-05,-1.43539e-05,2.34577e-05,
-8.20663,4.64837,11.1399,9.7319,-0.809466,11.9632,-8.29568,5.80291,20.9035,7.07862,60,14.5585,0,0,0,0,0,0,0,0,0,0,0,0,-0.00325311,0.6989,-1.45232,-0.0276676,0.758811,-1.44049,-0.00773244,0.738095,-1.50074,-0.0235375,0.717545,-1.48599,-0.152468,0.783415,-1.24978,0.149273,0.744094,-1.22298,-0.158565,0.843603,-1.12068,0.105162,25.71,-1.22129,-0.000130916,-3.08735e-05,6.71231e-05,-0.000124274,4.22705e-05,2.7279e-06,-7.59241e-05,2.07901e-05,2.55595e-05,-0.000123969,4.96786e-05,-8.09259e-05,
-8.20649,4.64818,11.139,9.7317,-0.809805,11.9625,-8.29522,5.80214,20.9029,7.07882,60,14.5588,0,0,0,0,0,0,0,0,0,0,0,0,-0.00325507,0.6989,-1.45232,-0.0276695,0.758812,-1.44049,-0.00773369,0.738096,-1.50074,-0.0235398,0.717546,-1.48599,-0.152466,0.783411,-1.24979,0.149268,0.744089,-1.22299,-0.158557,0.843592,-1.12069,0.105164,25.71,-1.22128,-9.11456e-05,-2.82599e-05,9.67541e-05,-8.42495e-05,2.87029e-05,5.14974e-05,-3.82264e-05,6.74509e-05,1.89892e-05,-8.61244e-05,7.86117e-05,-6.55285e-05,
-8.20701,4.64836,11.1402,9.73123,-0.809585,11.9615,-8.29569,5.80195,20.9036,7.07863,60,14.5569,0,0,0,0,0,0,0,0,0,0,0,0,-0.00325552,0.698899,-1.45232,-0.0276698,0.758812,-1.44049,-0.0077332,0.738097,-1.50074,-0.0235403,0.717547,-1.48599,-0.152473,0.783414,-1.24977,0.149263,0.744092,-1.22301,-0.158562,0.843588,-1.12068,0.105163,25.71,-1.22131,3.02632e-05,-2.47637e-05,5.0058e-05,3.72275e-05,-1.3997e-05,7.64451e-05,7.01067e-05,2.65457e-05,1.89316e-05,2.3622e-05,-2.36446e-05,3.60869e-05,
-8.20683,4.64871,11.1406,9.73171,-0.809582,11.9628,-8.29622,5.80309,20.9032,7.07851,60,14.5565,0,0,0,0,0,0,0,0,0,0,0,0,-0.00325418,0.698899,-1.45232,-0.0276683,0.758811,-1.44049,-0.00773106,0.738097,-1.50074,-0.0235391,0.717545,-1.48598,-0.152469,0.78342,-1.24976,0.149273,0.744091,-1.22298,-0.15857,0.843606,-1.12068,0.105161,25.71,-1.22132,1.74373e-05,-4.63831e-05,7.95004e-07,2.30545e-05,-2.10023e-05,-4.44991e-06,6.01254e-05,-6.7436e-05,9.36892e-05,1.38268e-05,-9.69582e-05,7.51847e-05,
-8.20632,4.64893,11.1396,9.73209,-0.809748,11.9632,-8.29492,5.80261,20.9018,7.07933,60,14.5571,0,0,0,0,0,0,0,0,0,0,0,0,-0.00325637,0.698897,-1.45232,-0.0276708,0.758811,-1.44049,-0.00773249,0.738095,-1.50074,-0.0235417,0.717543,-1.48598,-0.152466,0.783422,-1.24978,0.149273,0.744089,-1.22298,-0.158551,0.843595,-1.1207,0.10517,25.71,-1.22131,-0.000139208,-6.7339e-05,5.72296e-05,-0.000126347,3.03017e-05,-5.00372e-05,-8.41089e-05,-5.11513e-05,0.000111579,-0.000131762,-1.5813e-05,-1.99903e-05,
-8.20666,4.64849,11.1397,9.73181,-0.809651,11.9626,-8.29609,5.80244,20.9031,7.07868,60,14.558,0,0,0,0,0,0,0,0,0,0,0,0,-0.00325807,0.698897,-1.45232,-0.027672,0.758812,-1.44049,-0.00773294,0.738095,-1.50074,-0.0235432,0.717544,-1.48598,-0.152469,0.783415,-1.24978,0.149271,0.744091,-1.22299,-0.158569,0.843596,-1.12068,0.105161,25.71,-1.2213,4.93478e-05,8.12497e-06,3.05772e-05,5.54164e-05,1.734e-05,5.94799e-05,8.02184e-05,8.27757e-05,-3.34737e-05,3.30074e-05,4.1177e-05,-5.71125e-05,
-8.2073,4.64838,11.1405,9.73152,-0.809673,11.9624,-8.29673,5.80198,20.9037,7.07844,60,14.5569,0,0,0,0,0,0,0,0,0,0,0,0,-0.00325563,0.698897,-1.45232,-0.0276694,0.758812,-1.44049,-0.00773002,0.738098,-1.50074,-0.0235411,0.717545,-1.48599,-0.152476,0.783414,-1.24976,0.149271,0.744091,-1.22299,-0.158576,0.843592,-1.12067,0.105161,25.71,-1.22132,0.000142761,2.80032e-05,3.51231e-05,0.00014924,9.03291e-06,7.75474e-05,0.000169035,0.000136713,-9.46425e-05,0.000122274,3.57741e-05,-3.84219e-06,
-8.20656,4.64875,11.1387,9.73175,-0.809787,11.963,-8.29596,5.8024,20.9027,7.07896,60,14.5591,0,0,0,0,0,0,0,0,0,0,0,0,-0.00325471,0.698897,-1.45231,-0.0276684,0.758812,-1.44049,-0.0077285,0.738099,-1.50074,-0.0235405,0.717545,-1.48599,-0.152466,0.783419,-1.24979,0.149271,0.74409,-1.22298,-0.158565,0.843598,-1.12069,0.105166,25.71,-1.22128,-6.04019e-05,-3.00138e-05,6.91482e-05,-5.48814e-05,3.24337e-05,-1.06724e-05,-2.7012e-05,3.17391e-05,2.95483e-05,-7.46978e-05,5.06416e-05,-6.89874e-05,
-8.20648,4.649,11.1389,9.7319,-0.809756,11.9637,-8.29551,5.80235,20.9019,7.07928,60,14.5586,0,0,0,0,0,0,0,0,0,0,0,0,-0.00325758,0.698896,-1.45231,-0.0276711,0.758813,-1.44049,-0.00773062,0.738099,-1.50074,-0.0235437,0.717546,-1.48599,-0.152469,0.783422,-1.24978,0.14927,0.744091,-1.22297,-0.15856,0.843596,-1.1207,0.105168,25.71,-1.22129,-9.37464e-05,-4.82436e-05,7.27537e-05,-8.86095e-05,3.64225e-05,-5.6099e-05,-6.30931e-05,-2.96928e-06,7.50421e-05,-0.000110697,9.26051e-06,-2.32099e-05,
-8.20733,4.64895,11.1397,9.73107,-0.809499,11.9623,-8.29633,5.8019,20.9028,7.07863,60,14.5576,0,0,0,0,0,0,0,0,0,0,0,0,-0.00325661,0.698895,-1.45231,-0.0276701,0.758813,-1.44049,-0.00772931,0.738099,-1.50074,-0.0235432,0.717545,-1.48599,-0.152477,0.783422,-1.24977,0.149262,0.744095,-1.22299,-0.158568,0.843588,-1.12069,0.105162,25.71,-1.2213,0.000138248,-9.08025e-06,-2.33553e-05,0.000143252,-2.20244e-05,3.70817e-05,0.000151802,2.15778e-06,-1.7656e-06,0.00010613,-9.66003e-05,0.00010592,
-8.20729,4.64912,11.1394,9.73108,-0.809792,11.9631,-8.29615,5.80209,20.9022,7.07875,60,14.5579,0,0,0,0,0,0,0,0,0,0,0,0,-0.00325322,0.698896,-1.45231,-0.0276666,0.758813,-1.44049,-0.00772564,0.738099,-1.50074,-0.0235405,0.717543,-1.48598,-0.152475,0.783425,-1.24978,0.149264,0.744089,-1.22298,-0.158562,0.843591,-1.1207,0.105165,25.71,-1.22129,7.76221e-05,-1.24854e-05,-3.47096e-05,8.25025e-05,-9.32482e-06,-3.15099e-05,9.74806e-05,-2.32321e-05,5.07462e-05,5.10337e-05,-9.04472e-05,5.44173e-05,
-8.20692,4.64941,11.1398,9.73153,-0.809672,11.9638,-8.29584,5.8025,20.902,7.0792,60,14.5578,0,0,0,0,0,0,0,0,0,0,0,0,-0.00325435,0.698895,-1.45231,-0.0276676,0.758813,-1.44049,-0.00772606,0.738098,-1.50074,-0.023542,0.717542,-1.48598,-0.152473,0.783429,-1.24977,0.149268,0.744093,-1.22297,-0.15856,0.843597,-1.1207,0.105169,25.71,-1.2213,-5.98714e-05,-2.13571e-05,-1.92014e-05,-5.55583e-05,3.4973e-05,-0.000107165,-2.82992e-05,-5.1191e-05,7.0035e-05,-7.53871e-05,-5.29707e-05,1.89946e-05,
-8.20727,4.6492,11.1404,9.73133,-0.809614,11.9633,-8.29644,5.80212,20.9029,7.07903,60,14.5575,0,0,0,0,0,0,0,0,0,0,0,0,-0.0032546,0.698895,-1.45232,-0.0276678,0.758814,-1.44049,-0.00772566,0.738098,-1.50073,-0.0235426,0.717541,-1.48598,-0.152477,0.783426,-1.24976,0.149266,0.744094,-1.22298,-0.158568,0.843592,-1.12068,0.105166,25.71,-1.2213,3.36771e-05,1.77925e-06,-3.45134e-05,3.87801e-05,1.19064e-05,-3.17491e-05,6.27593e-05,2.76785e-05,-1.15095e-05,-2.40229e-05,-4.27456e-05,7.03389e-06,
-8.20703,4.64907,11.1398,9.73143,-0.809812,11.9634,-8.29658,5.80225,20.9028,7.0789,60,14.5583,0,0,0,0,0,0,0,0,0,0,0,0,-0.00325363,0.698895,-1.45232,-0.0276668,0.758814,-1.44049,-0.00772439,0.738099,-1.50073,-0.023542,0.71754,-1.48598,-0.152472,0.783424,-1.24977,0.14927,0.744091,-1.22298,-0.158569,0.843595,-1.12068,0.105166,25.71,-1.22129,5.95637e-07,1.61401e-05,-5.55237e-06,6.66272e-05,1.23407e-05,-2.56848e-06,9.122e-05,5.13384e-05,-4.07504e-05,4.42756e-05,9.1467e-07,-1.93506e-05,
-8.207,4.64936,11.1398,9.73188,-0.809923,11.9639,-8.29613,5.80221,20.902,7.07935,60,14.5577,0,0,0,0,0,0,0,0,0,0,0,0,-0.00325455,0.698894,-1.45231,-0.0276675,0.758815,-1.44049,-0.00772429,0.7381,-1.50073,-0.0235431,0.717541,-1.48599,-0.152474,0.783428,-1.24977,0.149274,0.74409,-1.22297,-0.158563,0.843595,-1.1207,0.105171,25.71,-1.2213,-5.77705e-05,-1.09703e-05,7.28467e-05,-5.19944e-05,3.14022e-05,2.52962e-05,-1.86267e-05,3.93714e-05,8.82024e-07,-6.60866e-05,2.79705e-05,-3.5283e-05,
-8.2072,4.64929,11.1395,9.73163,-0.809764,11.9634,-8.29665,5.80195,20.9025,7.07906,60,14.5583,0,0,0,0,0,0,0,0,0,0,0,0,-0.00325479,0.698894,-1.45231,-0.0276676,0.758815,-1.44049,-0.00772379,0.738101,-1.50074,-0.0235436,0.717541,-1.48599,-0.152476,0.783426,-1.24978,0.149272,0.744092,-1.22297,-0.15857,0.843593,-1.12069,0.105167,25.71,-1.22129,3.59131e-05,-6.39997e-06,4.1254e-05,4.2066e-05,3.61839e-06,8.43776e-05,6.87337e-05,8.32693e-05,-5.35175e-05,2.16248e-05,1.69678e-05,-5.52552e-06,
-8.20719,4.64893,11.1392,9.73134,-0.809669,11.9624,-8.29712,5.80168,20.9034,7.07889,60,14.5586,0,0,0,0,0,0,0,0,0,0,0,0,-0.0032534,0.698894,-1.45231,-0.0276661,0.758815,-1.44049,-0.00772203,0.738103,-1.50074,-0.0235426,0.717542,-1.48599,-0.152474,0.783421,-1.24978,0.149269,0.744093,-1.22299,-0.158576,0.843591,-1.12068,0.105166,25.71,-1.22128,5.65523e-05,9.89163e-06,5.09595e-05,6.3214e-05,-1.47578e-05,0.000121816,9.93118e-05,0.000114002,-6.33174e-05,5.27073e-05,3.44555e-05,-8.61428e-06,
-8.20708,4.64896,11.1395,9.73135,-0.809738,11.9627,-8.29727,5.80186,20.9032,7.07901,60,14.558,0,0,0,0,0,0,0,0,0,0,0,0,-0.00325296,0.698894,-1.45231,-0.0276655,0.758815,-1.44049,-0.00772067,0.738104,-1.50074,-0.0235422,0.717542,-1.48599,-0.152473,0.78342,-1.24977,0.149268,0.744092,-1.22298,-0.158579,0.843593,-1.12068,0.105167,25.71,-1.22129,-1.46319e-06,-1.8699e-05,5.69357e-05,4.68345e-06,-3.32353e-06,3.87189e-05,3.49755e-05,3.26088e-05,3.1824e-05,-1.17544e-05,-1.28193e-05,3.88359e-05,
-8.20667,4.6494,11.1397,9.73169,-0.809772,11.9633,-8.29653,5.80212,20.9021,7.07956,60,14.5573,0,0,0,0,0,0,0,0,0,0,0,0,-0.00325457,0.698893,-1.45231,-0.027667,0.758815,-1.44049,-0.00772148,0.738103,-1.50073,-0.023544,0.717541,-1.48598,-0.15247,0.783426,-1.24977,0.14927,0.744092,-1.22298,-0.15857,0.843594,-1.12069,0.105172,25.71,-1.22131,-0.000118616,-5.1798e-05,1.05206e-05,-0.000113631,1.23423e-05,-5.89786e-05,-8.00981e-05,-8.57961e-05,0.000131264,-0.000126773,-7.44847e-05,4.26226e-05,
-8.20636,4.64946,11.1394,9.73191,-0.809542,11.9634,-8.29662,5.80243,20.9021,7.07955,60,14.5577,0,0,0,0,0,0,0,0,0,0,0,0,-0.00325738,0.698892,-1.45231,-0.0276697,0.758815,-1.44049,-0.00772344,0.738101,-1.50073,-0.0235471,0.717539,-1.48598,-0.152465,0.783426,-1.24978,0.149273,0.744096,-1.22297,-0.158572,0.843598,-1.12069,0.10517,25.71,-1.2213,-6.17325e-05,-3.90973e-05,3.20647e-06,-5.67659e-05,-4.8957e-06,-4.48606e-05,-3.19669e-05,-5.99065e-05,0.000116267,-7.83771e-05,-0.000100247,6.28626e-05,
-8.20677,4.6493,11.139,9.73145,-0.80975,11.9628,-8.29633,5.80161,20.902,7.07947,60,14.5576,0,0,0,0,0,0,0,0,0,0,0,0,-0.00325724,0.698892,-1.45231,-0.0276695,0.758815,-1.44049,-0.00772287,0.738101,-1.50073,-0.0235474,0.717538,-1.48598,-0.15247,0.783425,-1.24978,0.149267,0.744092,-1.22298,-0.158563,0.843586,-1.12069,0.105171,25.71,-1.2213,5.34772e-05,1.42971e-05,-2.07434e-05,5.90266e-05,-1.33701e-05,4.13355e-05,7.39298e-05,3.6229e-05,-1.02708e-05,2.76315e-05,-6.02133e-05,5.53624e-05,
-8.20723,4.64947,11.1402,9.73144,-0.809682,11.9633,-8.29724,5.80201,20.9028,7.07911,60,14.5571,0,0,0,0,0,0,0,0,0,0,0,0,-0.00325513,0.698892,-1.45231,-0.0276673,0.758815,-1.44049,-0.00772045,0.738102,-1.50073,-0.0235459,0.717537,-1.48598,-0.152475,0.783429,-1.24977,0.149271,0.744093,-1.22297,-0.158576,0.843596,-1.12068,0.105167,25.71,-1.2213,0.000113386,3.04948e-05,-8.25791e-05,0.000118587,-2.94026e-06,3.3234e-05,0.000127522,7.86681e-05,-4.75746e-05,8.12604e-05,-5.57561e-05,7.25951e-05,
-8.20724,4.64973,11.1399,9.73151,-0.809943,11.9635,-8.2966,5.80166,20.902,7.07941,60,14.5571,0,0,0,0,0,0,0,0,0,0,0,0,-0.00325335,0.698893,-1.45231,-0.0276654,0.758815,-1.44049,-0.00771816,0.738104,-1.50073,-0.0235448,0.717536,-1.48598,-0.152476,0.783434,-1.24977,0.149271,0.744089,-1.22297,-0.158565,0.84359,-1.1207,0.105173,25.71,-1.2213,7.78018e-07,1.90506e-05,-4.02487e-05,5.71764e-06,2.65572e-05,-1.09469e-05,2.67521e-05,5.39448e-05,-7.51651e-06,4.39388e-05,-5.22852e-05,5.49617e-05,
-8.20685,4.6493,11.1398,9.73148,-0.809755,11.9629,-8.29703,5.80166,20.9035,7.07955,60,14.5584,0,0,0,0,0,0,0,0,0,0,0,0,-0.00325415,0.698893,-1.45231,-0.0276661,0.758815,-1.44049,-0.00771856,0.738104,-1.50073,-0.0235461,0.717536,-1.48598,-0.152471,0.783426,-1.24977,0.149268,0.744093,-1.22298,-0.158575,0.84359,-1.12067,0.105171,25.71,-1.22128,-7.60055e-05,1.16433e-05,-1.43708e-05,-7.09107e-05,3.57026e-05,-2.54245e-05,-4.58298e-05,5.82326e-05,-9.9189e-06,-8.12337e-05,3.4627e-05,-5.38151e-05,
-8.20683,4.64927,11.1398,9.73168,-0.810087,11.9635,-8.29703,5.80176,20.9029,7.07971,60,14.5579,0,0,0,0,0,0,0,0,0,0,0,0,-0.00325531,0.698893,-1.45231,-0.0276671,0.758816,-1.44049,-0.00771889,0.738106,-1.50073,-0.0235473,0.717537,-1.48598,-0.152472,0.783426,-1.24977,0.149271,0.744088,-1.22297,-0.158574,0.843594,-1.12068,0.105173,25.71,-1.22129,-5.59769e-05,6.78503e-06,5.67348e-06,-5.06363e-05,3.63261e-05,-9.77195e-06,-2.01721e-05,4.75311e-05,-1.5763e-05,-6.75314e-05,1.09646e-05,-8.72988e-06,
-8.20657,4.6494,11.1384,9.73134,-0.810015,11.9629,-8.29627,5.80138,20.9019,7.07986,60,14.5589,0,0,0,0,0,0,0,0,0,0,0,0,-0.00325659,0.698893,-1.45231,-0.0276683,0.758817,-1.44049,-0.00771943,0.738106,-1.50073,-0.0235489,0.717536,-1.48598,-0.152468,0.783427,-1.2498,0.149264,0.744089,-1.22298,-0.158561,0.843585,-1.1207,0.105174,25.71,-1.22127,-4.09373e-05,-1.32099e-05,-1.1649e-05,-3.57713e-05,1.64113e-07,-7.55934e-06,-7.09839e-06,-2.34258e-05,5.10659e-05,-5.35314e-05,-6.95966e-05,6.22871e-05,
-8.20753,4.64962,11.1424,9.73143,-0.809832,11.9631,-8.29743,5.80157,20.9029,7.07971,60,14.5543,0,0,0,0,0,0,0,0,0,0,0,0,-0.00325626,0.698893,-1.45232,-0.0276678,0.758816,-1.44049,-0.00771845,0.738105,-1.50073,-0.0235491,0.717534,-1.48598,-0.152482,0.783432,-1.24973,0.14927,0.744091,-1.22298,-0.158578,0.843588,-1.12068,0.105174,25.71,-1.22135,8.52909e-05,5.85909e-06,-9.66437e-05,9.08966e-05,-3.96147e-05,1.91322e-05,0.000114232,-3.44861e-05,5.65909e-05,3.58387e-05,-0.00012641,0.000151158,
-8.20698,4.64995,11.1403,9.73162,-0.810079,11.963,-8.29698,5.80183,20.9023,7.07978,60,14.5563,0,0,0,0,0,0,0,0,0,0,0,0,-0.00325443,0.698893,-1.45232,-0.0276659,0.758816,-1.44049,-0.00771605,0.738105,-1.50073,-0.0235472,0.717531,-1.48598,-0.152472,0.783437,-1.24977,0.149273,0.744087,-1.22298,-0.158569,0.843591,-1.12069,0.105176,25.71,-1.22131,2.05324e-05,-1.72389e-05,-5.87312e-05,2.62224e-05,-5.48631e-06,-5.75609e-06,6.12301e-05,-5.1015e-05,7.45095e-05,1.45101e-05,-8.81946e-05,8.14409e-05,
-8.20638,4.64937,11.1402,9.73205,-0.810182,11.9629,-8.29693,5.80144,20.9031,7.08023,60,14.5575,0,0,0,0,0,0,0,0,0,0,0,0,-0.00325766,0.698893,-1.45232,-0.027669,0.758817,-1.44049,-0.00771814,0.738105,-1.50073,-0.0235503,0.717532,-1.48598,-0.152468,0.783426,-1.24976,0.149274,0.744087,-1.22298,-0.158574,0.843588,-1.12067,0.105178,25.71,-1.2213,-0.000149182,-1.33956e-05,0.000102386,-0.000142685,5.26963e-05,1.88124e-05,-9.35349e-05,7.49291e-05,3.66261e-06,-0.000141683,9.36836e-05,-0.000117823,
-8.20637,4.64913,11.1386,9.73158,-0.810568,11.9622,-8.29671,5.80076,20.9027,7.08005,60,14.5589,0,0,0,0,0,0,0,0,0,0,0,0,-0.00325903,0.698893,-1.45231,-0.0276702,0.758818,-1.44049,-0.00771842,0.738107,-1.50073,-0.0235516,0.717534,-1.48598,-0.152466,0.783422,-1.24979,0.149267,0.744081,-1.22299,-0.158567,0.843579,-1.12068,0.105176,25.71,-1.22127,-2.10303e-05,2.55186e-06,6.00401e-05,-1.40035e-05,4.28228e-05,8.30731e-05,2.9112e-05,0.000110529,-6.21434e-05,-1.8835e-05,7.3809e-05,-7.85514e-05,
-8.20704,4.64934,11.1407,9.73128,-0.810401,11.9625,-8.29727,5.80063,20.9028,7.08,60,14.5567,0,0,0,0,0,0,0,0,0,0,0,0,-0.00325872,0.698893,-1.45231,-0.0276695,0.758818,-1.44049,-0.00771667,0.738109,-1.50073,-0.0235515,0.717535,-1.48598,-0.152476,0.783426,-1.24976,0.149265,0.744083,-1.22299,-0.158573,0.843576,-1.12068,0.105176,25.71,-1.22131,5.44919e-05,3.72683e-06,-5.52033e-05,8.30155e-05,-1.69806e-05,1.11363e-05,0.000122442,5.59395e-05,-3.91271e-05,2.88798e-05,5.87787e-06,2.26476e-05,
-8.20719,4.65,11.1413,9.73179,-0.810068,11.9638,-8.29776,5.80203,20.9022,7.07974,60,14.5555,0,0,0,0,0,0,0,0,0,0,0,0,-0.00325698,0.698892,-1.45232,-0.0276677,0.758817,-1.44049,-0.0077142,0.738108,-1.50073,-0.0235494,0.717532,-1.48598,-0.152476,0.783437,-1.24975,0.149275,0.744088,-1.22297,-0.15858,0.843596,-1.12069,0.105175,25.71,-1.22133,9.86507e-05,-2.50753e-05,-0.000108026,5.83915e-05,-3.25376e-05,-5.14875e-05,0.000104369,-0.000116413,0.000104873,5.82396e-05,-0.000145178,0.000134638,
-8.2065,4.65011,11.1391,9.73211,-0.81037,11.9643,-8.29671,5.80161,20.9006,7.08027,60,14.558,0,0,0,0,0,0,0,0,0,0,0,0,-0.00325804,0.698891,-1.45232,-0.0276688,0.758818,-1.44049,-0.00771416,0.738106,-1.50073,-0.0235503,0.71753,-1.48598,-0.15247,0.783438,-1.24979,0.149276,0.744084,-1.22296,-0.158564,0.843588,-1.12072,0.10518,25.71,-1.22129,-0.000100927,-4.36081e-05,4.74976e-05,-9.45711e-05,1.8101e-05,-3.40247e-05,-3.8144e-05,-4.42701e-05,9.65919e-05,-8.58028e-05,-3.1952e-06,-1.33915e-05,
-8.20702,4.64938,11.1403,9.73142,-0.809912,11.9619,-8.29828,5.80072,20.9038,7.07961,60,14.5577,0,0,0,0,0,0,0,0,0,0,0,0,-0.00325913,0.698891,-1.45231,-0.0276698,0.758818,-1.44049,-0.00771404,0.738107,-1.50073,-0.0235512,0.717532,-1.48598,-0.152476,0.783426,-1.24976,0.149267,0.744093,-1.223,-0.158589,0.843578,-1.12066,0.105171,25.71,-1.22129,7.892e-05,2.1236e-05,4.58416e-05,8.6506e-05,9.05134e-06,0.000139233,0.000128412,0.00014699,-0.000124583,8.11262e-05,6.99373e-05,-4.50195e-05,
-8.20725,4.64955,11.1394,9.731,-0.810613,11.962,-8.29791,5.80045,20.9026,7.07966,60,14.5579,0,0,0,0,0,0,0,0,0,0,0,0,-0.00325616,0.698891,-1.45231,-0.0276667,0.758818,-1.44049,-0.00771027,0.73811,-1.50073,-0.0235482,0.717533,-1.48598,-0.152476,0.783429,-1.24978,0.149263,0.74408,-1.22299,-0.158577,0.843575,-1.12068,0.105176,25.71,-1.22129,0.000107014,1.27266e-05,2.25478e-05,0.000114295,1.33101e-05,0.000106472,0.00015712,9.83978e-05,-5.737e-05,0.000109981,3.84945e-05,-2.94578e-05,
-8.20643,4.6505,11.1395,9.7321,-0.810398,11.9645,-8.29699,5.80184,20.9006,7.08047,60,14.5578,0,0,0,0,0,0,0,0,0,0,0,0,-0.00325819,0.69889,-1.45231,-0.0276686,0.758818,-1.44049,-0.00771106,0.738109,-1.50073,-0.02355,0.717533,-1.48598,-0.15247,0.783443,-1.24978,0.149275,0.744085,-1.22295,-0.158568,0.843595,-1.12071,0.105182,25.71,-1.22129,-0.000156523,-6.49383e-05,9.92529e-06,-0.000150846,2.63138e-05,-7.62859e-05,-9.31549e-05,-8.70888e-05,0.000133847,-0.00014081,-3.94282e-05,3.33447e-06,
-8.20669,4.65027,11.1407,9.73191,-0.809758,11.9637,-8.29793,5.80172,20.9021,7.08004,60,14.5568,0,0,0,0,0,0,0,0,0,0,0,0,-0.00326073,0.698889,-1.45231,-0.027671,0.758819,-1.44049,-0.0077123,0.738107,-1.50073,-0.0235523,0.717531,-1.48598,-0.152474,0.783439,-1.24976,0.149273,0.744096,-1.22297,-0.158583,0.843591,-1.12069,0.105175,25.71,-1.22131,-1.67571e-05,-2.7684e-05,-6.54648e-05,-1.07458e-05,-5.3025e-06,-5.35741e-05,3.7106e-05,-7.85489e-05,8.42752e-05,-9.34332e-06,-0.000102632,8.21586e-05,
-8.2077,4.64997,11.1421,9.73154,-0.810016,11.9629,-8.29915,5.80125,20.9034,7.07945,60,14.5554,0,0,0,0,0,0,0,0,0,0,0,0,-0.00325806,0.698889,-1.45232,-0.0276682,0.758818,-1.44049,-0.00770889,0.738107,-1.50073,-0.0235497,0.717529,-1.48598,-0.152484,0.783435,-1.24973,0.149274,0.74409,-1.22298,-0.158596,0.843587,-1.12067,0.105173,25.71,-1.22133,0.000207284,4.03883e-05,-7.40872e-05,0.000214259,-2.0351e-05,9.3918e-05,0.000246049,8.33981e-05,-9.06958e-05,0.00019995,-4.64777e-05,5.23081e-05,
-8.20652,4.65023,11.1394,9.73214,-0.810408,11.9633,-8.29795,5.80125,20.9024,7.08061,60,14.5584,0,0,0,0,0,0,0,0,0,0,0,0,-0.00325711,0.69889,-1.45232,-0.0276671,0.758818,-1.44049,-0.00770701,0.73811,-1.50073,-0.0235494,0.717531,-1.48598,-0.152469,0.783438,-1.24978,0.149278,0.744085,-1.22297,-0.15858,0.843589,-1.12068,0.105184,25.71,-1.22128,-0.000109859,-3.84736e-05,0.000114402,-0.000103193,4.57599e-05,5.85551e-05,-5.85024e-05,8.03501e-05,2.83402e-06,-0.000180577,0.000142624,-0.000161085,
-8.20591,4.65009,11.1378,9.73216,-0.810552,11.963,-8.29698,5.80076,20.9016,7.08089,60,14.5599,0,0,0,0,0,0,0,0,0,0,0,0,-0.0032633,0.698888,-1.45231,-0.0276731,0.75882,-1.44048,-0.00771186,0.738111,-1.50073,-0.0235548,0.717534,-1.48598,-0.152466,0.783434,-1.2498,0.149272,0.744084,-1.22298,-0.158569,0.843582,-1.1207,0.105185,25.71,-1.22126,-0.000153295,-3.76521e-05,0.000186101,-0.000147042,5.0094e-05,5.9469e-05,-0.000107895,8.37524e-05,-1.33014e-05,-0.000156206,0.000117015,-0.000136708,
-8.20755,4.65007,11.141,9.73114,-0.810247,11.962,-8.2985,5.8003,20.9028,7.07992,60,14.5559,0,0,0,0,0,0,0,0,0,0,0,0,-0.00326182,0.698888,-1.45231,-0.0276715,0.75882,-1.44048,-0.00770977,0.738113,-1.50073,-0.0235537,0.717534,-1.48598,-0.152484,0.783435,-1.24975,0.149264,0.744087,-1.22299,-0.158585,0.843574,-1.12068,0.105177,25.71,-1.22132,0.000226168,1.95755e-05,-6.54171e-05,0.000232716,-5.92844e-05,0.000112961,0.00024477,5.78166e-05,-6.64327e-05,0.000199854,-0.000111838,0.000146569,
-8.20751,4.65048,11.1408,9.73141,-0.810473,11.9634,-8.2988,5.80119,20.9019,7.07976,60,14.5563,0,0,0,0,0,0,0,0,0,0,0,0,-0.00325699,0.698889,-1.45231,-0.0276666,0.758818,-1.44048,-0.00770465,0.738113,-1.50073,-0.0235494,0.717531,-1.48598,-0.15248,0.783443,-1.24976,0.149273,0.744081,-1.22297,-0.158587,0.843588,-1.12069,0.105177,25.71,-1.22131,0.000174977,-7.21602e-06,-0.000131066,0.000180488,-5.5329e-05,-8.04114e-06,0.000199818,-5.71891e-05,4.44383e-05,0.000154345,-0.000163512,0.000145095,
-8.20656,4.6509,11.1402,9.7322,-0.810538,11.9641,-8.29736,5.80104,20.9008,7.08096,60,14.5567,0,0,0,0,0,0,0,0,0,0,0,0,-0.00325944,0.698888,-1.45231,-0.0276683,0.758819,-1.44048,-0.00770564,0.738111,-1.50073,-0.0235514,0.717529,-1.48598,-0.152474,0.783448,-1.24976,0.149277,0.744083,-1.22296,-0.15857,0.843583,-1.12071,0.105189,25.71,-1.22131,-0.000169784,-4.96238e-05,5.7852e-05,-0.000161415,4.20417e-05,-9.0954e-05,-0.000121446,-5.98642e-05,9.41507e-05,-0.000169103,-1.9895e-05,-1.65339e-05,
-8.20657,4.65063,11.1399,9.73208,-0.810654,11.963,-8.2975,5.80045,20.9017,7.08096,60,14.5578,0,0,0,0,0,0,0,0,0,0,0,0,-0.00326212,0.698887,-1.45231,-0.0276715,0.75882,-1.44048,-0.00770804,0.738112,-1.50073,-0.0235548,0.71753,-1.48598,-0.152475,0.783443,-1.24977,0.149273,0.744082,-1.22297,-0.158574,0.843576,-1.1207,0.105187,25.71,-1.22129,-0.000114602,-1.83613e-05,8.11342e-05,-0.000109067,4.77443e-05,2.75254e-05,-7.72993e-05,7.96891e-05,-4.07094e-05,-0.000125425,6.90658e-05,-9.33194e-05,
-8.20714,4.65001,11.1401,9.73141,-0.810689,11.9619,-8.29861,5.79988,20.9032,7.08028,60,14.5579,0,0,0,0,0,0,0,0,0,0,0,0,-0.00326106,0.698887,-1.45231,-0.0276703,0.75882,-1.44048,-0.00770632,0.738115,-1.50073,-0.023554,0.717532,-1.48598,-0.152479,0.783434,-1.24976,0.149267,0.74408,-1.22299,-0.158587,0.843571,-1.12067,0.105181,25.71,-1.22129,0.000111785,2.71496e-05,3.41955e-06,0.000118501,-7.75403e-06,0.000110245,0.000141952,0.000159125,-0.000159318,9.48661e-05,4.57583e-05,-2.4444e-05,
-8.20706,4.6502,11.1406,9.73149,-0.810703,11.9625,-8.29875,5.80046,20.9028,7.08049,60,14.557,0,0,0,0,0,0,0,0,0,0,0,0,-0.0032589,0.698888,-1.45231,-0.027668,0.75882,-1.44048,-0.00770345,0.738117,-1.50073,-0.0235522,0.717531,-1.48598,-0.152477,0.783437,-1.24976,0.149269,0.744079,-1.22298,-0.158588,0.843579,-1.12068,0.105184,25.71,-1.22131,3.76341e-05,-7.57922e-07,-3.04919e-05,4.39163e-05,2.22112e-07,1.09499e-05,7.76948e-05,-1.68631e-05,3.48446e-05,-1.51931e-05,-4.53698e-05,2.41886e-05,
-8.20616,4.65078,11.1397,9.73211,-0.810401,11.9637,-8.29814,5.80139,20.9019,7.08084,60,14.5578,0,0,0,0,0,0,0,0,0,0,0,0,-0.00326035,0.698887,-1.45231,-0.0276694,0.75882,-1.44048,-0.00770407,0.738115,-1.50073,-0.0235536,0.71753,-1.48598,-0.152467,0.783444,-1.24977,0.149275,0.744085,-1.22296,-0.158582,0.843592,-1.12069,0.105186,25.71,-1.22129,-0.000139309,-8.07002e-05,-1.40517e-05,-0.000134369,9.41935e-06,-0.000117066,-8.86214e-05,-0.000134596,0.000148583,-0.000135853,-0.000101853,4.98712e-05,
-8.20642,4.65075,11.1402,9.73188,-0.810063,11.9633,-8.29827,5.80114,20.902,7.08073,60,14.5569,0,0,0,0,0,0,0,0,0,0,0,0,-0.00326337,0.698885,-1.45231,-0.0276723,0.75882,-1.44048,-0.00770593,0.738112,-1.50072,-0.0235566,0.717527,-1.48598,-0.152471,0.783443,-1.24976,0.149271,0.744091,-1.22297,-0.158583,0.843585,-1.12069,0.105183,25.71,-1.2213,-1.72965e-05,-4.19533e-05,-3.39975e-05,-1.20193e-05,-1.19907e-05,-6.17811e-05,1.95992e-05,-8.14005e-05,9.74646e-05,-2.69745e-05,-0.000123861,8.70417e-05,
-8.20714,4.65106,11.1411,9.73192,-0.810181,11.964,-8.29877,5.80133,20.9017,7.0805,60,14.5557,0,0,0,0,0,0,0,0,0,0,0,0,-0.00326147,0.698885,-1.45231,-0.0276703,0.758819,-1.44048,-0.00770349,0.738111,-1.50072,-0.0235551,0.717525,-1.48597,-0.15248,0.78345,-1.24975,0.149276,0.744088,-1.22296,-0.158587,0.84359,-1.12069,0.105183,25.71,-1.22132,9.9783e-05,-6.96647e-06,-4.97133e-05,0.000105016,-3.13642e-05,6.46904e-06,0.000122512,-5.11689e-06,9.78364e-07,7.6786e-05,-0.000108045,8.84544e-05,
-8.20702,4.65099,11.1417,9.73223,-0.809841,11.9633,-8.29946,5.80122,20.9034,7.08061,60,14.5559,0,0,0,0,0,0,0,0,0,0,0,0,-0.00326033,0.698885,-1.45231,-0.027669,0.758819,-1.44048,-0.00770186,0.738112,-1.50072,-0.0235545,0.717524,-1.48597,-0.152479,0.783448,-1.24974,0.149281,0.744094,-1.22297,-0.1586,0.843591,-1.12066,0.105184,25.71,-1.22132,1.26502e-05,-5.01445e-06,4.9468e-05,1.85391e-05,-2.32942e-06,4.46393e-05,3.79337e-05,9.19255e-05,-5.18188e-05,-9.16175e-06,2.40601e-05,-3.36029e-05,
-8.20647,4.65069,11.1398,9.73228,-0.810409,11.9629,-8.29891,5.80068,20.9031,7.08104,60,14.558,0,0,0,0,0,0,0,0,0,0,0,0,-0.00326104,0.698885,-1.45231,-0.0276696,0.758819,-1.44048,-0.00770208,0.738115,-1.50073,-0.0235555,0.717526,-1.48597,-0.152472,0.783442,-1.24977,0.149279,0.744086,-1.22297,-0.158593,0.843585,-1.12067,0.105188,25.71,-1.22129,-9.48021e-05,-2.03891e-05,0.000175362,-8.88031e-05,4.60284e-05,7.31652e-05,-6.54321e-05,0.000159396,-7.33155e-05,-0.000114065,0.000148897,-0.000162638,
-8.20605,4.65052,11.1382,9.73194,-0.810577,11.9622,-8.29811,5.79998,20.9026,7.08138,60,14.5593,0,0,0,0,0,0,0,0,0,0,0,0,-0.00326405,0.698884,-1.45231,-0.0276725,0.75882,-1.44048,-0.00770452,0.738118,-1.50073,-0.023559,0.717529,-1.48598,-0.152467,0.783438,-1.24979,0.14927,0.744083,-1.22298,-0.158581,0.843575,-1.12068,0.10519,25.71,-1.22127,-0.000100217,-3.54824e-05,0.000192477,-9.46281e-05,3.72406e-05,5.70016e-05,-7.91949e-05,0.000126834,-3.68506e-05,-0.000126993,0.000110691,-0.000116531,
-8.2071,4.65078,11.1406,9.73144,-0.810535,11.9627,-8.29875,5.80015,20.9019,7.08089,60,14.556,0,0,0,0,0,0,0,0,0,0,0,0,-0.0032636,0.698884,-1.45231,-0.0276719,0.75882,-1.44048,-0.00770382,0.738119,-1.50073,-0.0235594,0.717529,-1.48598,-0.152481,0.783443,-1.24975,0.149266,0.744082,-1.22297,-0.158587,0.843576,-1.12069,0.105186,25.71,-1.22132,0.000117847,-1.68902e-05,-6.66103e-05,0.000122533,-4.80453e-05,1.94958e-05,0.00012173,-2.52072e-05,4.27864e-05,7.60299e-05,-0.000133455,0.000139767,
-8.20714,4.65113,11.141,9.73161,-0.810107,11.9632,-8.2993,5.80095,20.9023,7.08068,60,14.5554,0,0,0,0,0,0,0,0,0,0,0,0,-0.00326125,0.698883,-1.45231,-0.0276691,0.758819,-1.44048,-0.007701,0.738117,-1.50073,-0.0235574,0.717525,-1.48597,-0.152478,0.783449,-1.24975,0.149272,0.744089,-1.22297,-0.158594,0.843586,-1.12068,0.105184,25.71,-1.22132,0.000168709,-2.6879e-05,-0.000120428,0.000123289,-4.69328e-05,-7.94184e-05,0.000126684,-0.000128091,0.00010968,8.16558e-05,-0.000223619,0.000205602,
-8.20646,4.65143,11.1393,9.73221,-0.810677,11.9649,-8.29794,5.80094,20.9001,7.08145,60,14.5574,0,0,0,0,0,0,0,0,0,0,0,0,-0.00326118,0.698883,-1.45231,-0.0276693,0.758819,-1.44048,-0.00770097,0.738115,-1.50072,-0.0235583,0.717522,-1.48597,-0.152472,0.783453,-1.24978,0.149278,0.74408,-1.22294,-0.158574,0.843585,-1.12072,0.105192,25.71,-1.22129,-9.24676e-05,-4.81029e-05,2.98894e-06,-8.84311e-05,2.69188e-05,-0.000127406,-6.97194e-05,-6.20022e-05,9.9742e-05,-0.000117232,-6.72538e-05,3.99262e-06,
-8.207,4.65129,11.1401,9.73171,-0.810322,11.9633,-8.29828,5.79997,20.9016,7.0813,60,14.5571,0,0,0,0,0,0,0,0,0,0,0,0,-0.00326283,0.698882,-1.45231,-0.0276709,0.75882,-1.44048,-0.00770224,0.738115,-1.50072,-0.0235604,0.717522,-1.48597,-0.152481,0.783451,-1.24976,0.149269,0.744087,-1.22297,-0.15858,0.843571,-1.1207,0.10519,25.71,-1.2213,-2.69454e-07,9.19373e-06,1.30777e-05,4.49179e-06,2.38026e-05,1.52641e-05,1.57147e-05,7.45708e-05,-5.67068e-05,-3.09649e-05,1.10347e-05,-1.52257e-05,
-8.20803,4.65075,11.141,9.73113,-0.810496,11.9627,-8.30043,5.79994,20.9038,7.08016,60,14.557,0,0,0,0,0,0,0,0,0,0,0,0,-0.00325826,0.698884,-1.45231,-0.0276662,0.758819,-1.44048,-0.0076975,0.738119,-1.50073,-0.0235567,0.717522,-1.48597,-0.152488,0.783445,-1.24975,0.149271,0.744083,-1.22297,-0.158607,0.843578,-1.12066,0.10518,25.71,-1.2213,0.00028928,8.70105e-05,-5.36961e-05,0.000295364,-1.42667e-05,0.000127562,0.000298362,0.000214979,-0.000223426,0.000252223,3.2746e-05,1.737e-05,
-8.20692,4.65116,11.1407,9.732,-0.810566,11.9636,-8.29933,5.80041,20.903,7.08138,60,14.5572,0,0,0,0,0,0,0,0,0,0,0,0,-0.00325654,0.698884,-1.45231,-0.0276644,0.75882,-1.44048,-0.00769504,0.738122,-1.50073,-0.0235554,0.717523,-1.48597,-0.152477,0.78345,-1.24975,0.149277,0.744084,-1.22296,-0.158595,0.843585,-1.12067,0.105193,25.71,-1.2213,-0.000156288,-3.37145e-05,5.15577e-05,-0.000150919,6.24878e-05,-3.15235e-05,-0.000109776,2.9897e-05,3.22554e-05,-0.000158119,5.70153e-05,-9.64639e-05,
-8.20615,4.65156,11.1404,9.73274,-0.810555,11.9646,-8.29866,5.80107,20.9019,7.08205,60,14.5573,0,0,0,0,0,0,0,0,0,0,0,0,-0.00326071,0.698883,-1.45231,-0.0276685,0.758821,-1.44048,-0.00769845,0.738121,-1.50073,-0.0235595,0.717524,-1.48598,-0.152472,0.783455,-1.24975,0.149282,0.744085,-1.22294,-0.15859,0.843593,-1.12069,0.105197,25.71,-1.2213,-0.000336333,-9.0668e-05,0.000133402,-0.00033147,7.10798e-05,-0.000110086,-0.000281234,-7.47376e-05,0.000156485,-0.000330043,3.81654e-05,-0.000125642,
-8.20628,4.65108,11.1398,9.73222,-0.810251,11.9627,-8.29917,5.80022,20.9028,7.08144,60,14.5577,0,0,0,0,0,0,0,0,0,0,0,0,-0.00326488,0.698882,-1.45231,-0.0276725,0.758821,-1.44048,-0.00770166,0.738121,-1.50072,-0.0235637,0.717524,-1.48598,-0.152472,0.783445,-1.24976,0.149275,0.74409,-1.22298,-0.158596,0.84358,-1.12067,0.105189,25.71,-1.22129,-6.84472e-05,-5.22321e-05,8.09324e-05,-6.26134e-05,2.57252e-06,6.01553e-05,-3.14802e-05,4.47117e-05,2.1102e-05,-2.06408e-05,-1.43304e-06,1.45727e-05,
-8.20689,4.65079,11.1397,9.73152,-0.810364,11.9621,-8.29973,5.79984,20.9029,7.08109,60,14.5569,0,0,0,0,0,0,0,0,0,0,0,0,-0.00326263,0.698881,-1.4523,-0.0276701,0.758821,-1.44048,-0.00769879,0.738122,-1.50073,-0.0235619,0.717524,-1.48598,-0.152476,0.783441,-1.24976,0.14927,0.744086,-1.22298,-0.1586,0.843575,-1.12067,0.105187,25.71,-1.2213,0.00011022,-9.43994e-06,3.29028e-05,0.000116773,-4.86333e-05,0.000117573,0.000132567,5.64738e-05,-1.02652e-05,8.68153e-05,-5.53983e-05,8.45566e-05,
-8.20664,4.6514,11.1396,9.73187,-0.8105,11.9633,-8.29913,5.80041,20.9015,7.08145,60,14.5564,0,0,0,0,0,0,0,0,0,0,0,0,-0.00326156,0.698881,-1.4523,-0.0276689,0.75882,-1.44048,-0.00769731,0.738122,-1.50072,-0.0235613,0.717522,-1.48597,-0.152473,0.783451,-1.24977,0.149275,0.744083,-1.22296,-0.158589,0.843583,-1.1207,0.105192,25.71,-1.22131,2.24447e-05,-2.89116e-05,6.89613e-06,2.77391e-05,-2.32941e-05,-9.80406e-06,4.67766e-05,-4.99709e-05,8.85998e-05,4.61065e-07,-0.000102574,0.000113067,
-8.20654,4.65163,11.1398,9.73161,-0.810305,11.9628,-8.29861,5.80008,20.9015,7.08171,60,14.5565,0,0,0,0,0,0,0,0,0,0,0,0,-0.00326286,0.69888,-1.4523,-0.0276701,0.75882,-1.44048,-0.007698,0.73812,-1.50072,-0.0235629,0.71752,-1.48597,-0.152474,0.783454,-1.24976,0.149267,0.744087,-1.22297,-0.158583,0.843574,-1.12069,0.105194,25.71,-1.22131,-5.54165e-05,-4.3028e-05,-5.28261e-05,-5.07716e-05,-7.8555e-06,-6.28238e-05,-2.67704e-05,-9.90154e-05,0.000110549,-7.35041e-05,-0.000112232,7.51436e-05,
-8.207,4.6515,11.141,9.73163,-0.810593,11.9634,-8.2994,5.80023,20.902,7.08141,60,14.5559,0,0,0,0,0,0,0,0,0,0,0,0,-0.00326228,0.69888,-1.45231,-0.0276695,0.75882,-1.44048,-0.00769689,0.738119,-1.50072,-0.0235629,0.717518,-1.48597,-0.152479,0.783453,-1.24975,0.149271,0.744083,-1.22296,-0.158593,0.843578,-1.12068,0.105191,25.71,-1.22132,5.92915e-05,2.20668e-05,-9.09598e-05,6.40747e-05,2.00525e-05,-5.19659e-05,8.50334e-05,-6.522e-06,3.75586e-05,3.48969e-05,-7.07586e-05,5.86418e-05,
-8.20719,4.65163,11.1423,9.73214,-0.810632,11.9641,-8.29982,5.80042,20.9023,7.08151,60,14.5549,0,0,0,0,0,0,0,0,0,0,0,0,-0.00326134,0.69888,-1.45231,-0.0276684,0.758821,-1.44048,-0.00769543,0.73812,-1.50072,-0.0235622,0.717517,-1.48597,-0.152483,0.783456,-1.24972,0.14928,0.744083,-1.22295,-0.1586,0.843582,-1.12068,0.105193,25.71,-1.22133,8.11087e-06,2.43868e-05,-8.62233e-05,1.31487e-05,4.40294e-05,-7.39195e-05,7.05366e-05,2.12132e-05,-1.68437e-05,2.34778e-05,-3.58749e-05,1.16162e-05,
-8.20644,4.65132,11.1399,9.73214,-0.810773,11.9633,-8.29929,5.7999,20.9025,7.0818,60,14.5581,0,0,0,0,0,0,0,0,0,0,0,0,-0.0032623,0.698881,-1.45231,-0.0276693,0.758822,-1.44048,-0.00769547,0.738121,-1.50072,-0.0235632,0.717517,-1.48597,-0.152472,0.78345,-1.24976,0.149277,0.744082,-1.22297,-0.158593,0.843575,-1.12068,0.105195,25.71,-1.22128,-8.94238e-05,-1.91329e-06,4.02253e-05,-8.37285e-05,6.08223e-05,-2.24952e-05,-4.21103e-05,5.68596e-05,-1.14198e-05,-9.04949e-05,9.67286e-05,-0.000133968,
-8.20647,4.65106,11.1399,9.73203,-0.810965,11.9629,-8.29925,5.79936,20.9027,7.08193,60,14.5579,0,0,0,0,0,0,0,0,0,0,0,0,-0.00326506,0.69888,-1.45231,-0.0276719,0.758824,-1.44048,-0.00769702,0.738124,-1.50072,-0.0235659,0.717521,-1.48597,-0.152475,0.783445,-1.24976,0.149273,0.74408,-1.22297,-0.158592,0.843569,-1.12067,0.105195,25.71,-1.22129,-4.60528e-05,2.79288e-06,9.95974e-05,-3.95851e-05,4.31977e-05,4.33992e-05,1.03393e-07,0.000115889,-5.21164e-05,-4.82697e-05,0.000116212,-0.000115587,
-8.20681,4.65132,11.1399,9.73177,-0.810999,11.9631,-8.29946,5.79952,20.9019,7.08165,60,14.5575,0,0,0,0,0,0,0,0,0,0,0,0,-0.00326463,0.69888,-1.4523,-0.0276714,0.758824,-1.44048,-0.007696,0.738125,-1.50072,-0.0235656,0.717522,-1.48598,-0.152478,0.783449,-1.24976,0.149272,0.744078,-1.22297,-0.158593,0.843572,-1.12069,0.105193,25.71,-1.22129,6.29778e-05,-1.21085e-05,2.84216e-05,6.90546e-05,-3.87026e-06,3.66332e-05,0.000103528,4.77903e-05,-9.60099e-06,5.67785e-05,-1.42241e-05,1.87814e-05,
-8.20704,4.65171,11.1404,9.73159,-0.810819,11.9635,-8.29939,5.79966,20.9011,7.08164,60,14.5563,0,0,0,0,0,0,0,0,0,0,0,0,-0.00326304,0.69888,-1.45231,-0.0276696,0.758823,-1.44048,-0.00769336,0.738124,-1.50072,-0.0235641,0.717519,-1.48597,-0.15248,0.783456,-1.24976,0.14927,0.744081,-1.22296,-0.158589,0.84357,-1.1207,0.105195,25.71,-1.22131,6.06576e-05,-2.68578e-05,-5.22443e-05,6.66495e-05,-2.97765e-05,-2.24181e-05,0.000105301,-8.03361e-05,0.000105323,5.93562e-05,-0.000133547,0.000134752,
-8.20716,4.65199,11.1414,9.73176,-0.810778,11.9636,-8.29986,5.79993,20.9013,7.08163,60,14.5553,0,0,0,0,0,0,0,0,0,0,0,0,-0.0032621,0.698879,-1.45231,-0.0276686,0.758823,-1.44048,-0.00769142,0.738122,-1.50072,-0.0235631,0.717517,-1.48597,-0.152483,0.78346,-1.24974,0.149273,0.744081,-1.22296,-0.158596,0.843573,-1.12069,0.105195,25.71,-1.22133,2.91235e-05,-3.78998e-05,-3.33684e-05,3.53137e-05,-4.63269e-06,-8.43085e-06,8.05518e-05,-7.72486e-05,0.000109005,3.38809e-05,-9.53474e-05,0.000108403,
-8.2066,4.65178,11.1399,9.73182,-0.810727,11.9631,-8.29987,5.79981,20.902,7.08169,60,14.5576,0,0,0,0,0,0,0,0,0,0,0,0,-0.00326231,0.698878,-1.45231,-0.0276686,0.758823,-1.44048,-0.00769041,0.738121,-1.50072,-0.0235629,0.717516,-1.48597,-0.152475,0.783455,-1.24976,0.149272,0.744083,-1.22297,-0.158597,0.843573,-1.12068,0.105194,25.71,-1.22129,-6.05921e-05,-3.45332e-05,4.51623e-05,-5.37754e-05,2.44448e-05,6.67548e-07,2.40544e-06,8.55421e-06,4.27209e-05,-2.24978e-05,3.18795e-06,-4.14414e-05,
-8.20629,4.65179,11.1392,9.73217,-0.811051,11.964,-8.29945,5.79985,20.9012,7.08207,60,14.5586,0,0,0,0,0,0,0,0,0,0,0,0,-0.00326449,0.698878,-1.45231,-0.0276704,0.758824,-1.44048,-0.00769108,0.738122,-1.50072,-0.0235646,0.717518,-1.48597,-0.152473,0.783455,-1.24977,0.149275,0.744079,-1.22295,-0.158591,0.843576,-1.1207,0.105198,25.71,-1.22127,-0.000116274,-2.57251e-05,8.7825e-05,-0.000109096,6.03455e-05,2.83634e-05,-4.821e-05,8.05548e-05,-2.54945e-05,-9.67116e-05,0.000119565,-0.000126801,
-8.20696,4.65175,11.1406,9.73192,-0.810488,11.9635,-8.30072,5.79999,20.9024,7.08142,60,14.5572,0,0,0,0,0,0,0,0,0,0,0,0,-0.00326463,0.698878,-1.4523,-0.0276707,0.758825,-1.44048,-0.00769029,0.738124,-1.50072,-0.0235648,0.717519,-1.48597,-0.15248,0.783455,-1.24975,0.149276,0.744089,-1.22296,-0.158609,0.843579,-1.12068,0.105191,25.71,-1.2213,8.35449e-05,-2.63535e-06,-1.48493e-05,9.07749e-05,-1.53455e-06,7.95608e-05,0.000136343,5.72363e-05,-4.77872e-05,8.95544e-05,-2.72787e-06,2.20312e-05,
-8.20725,4.65176,11.1405,9.73161,-0.810579,11.9634,-8.30101,5.79991,20.9023,7.0812,60,14.5568,0,0,0,0,0,0,0,0,0,0,0,0,-0.00326126,0.698878,-1.45231,-0.0276672,0.758824,-1.44048,-0.00768594,0.738124,-1.50072,-0.0235614,0.717517,-1.48597,-0.152481,0.783455,-1.24975,0.149274,0.744086,-1.22296,-0.158609,0.843577,-1.12068,0.105191,25.71,-1.2213,0.000120172,-5.79898e-06,-4.85172e-05,0.000126968,-2.8105e-05,5.11949e-05,0.000166962,-7.52284e-07,-1.07993e-05,0.000120506,-6.92092e-05,7.73446e-05,
-8.20649,4.65231,11.1395,9.73208,-0.81079,11.9642,-8.29955,5.80003,20.9006,7.08223,60,14.5574,0,0,0,0,0,0,0,0,0,0,0,0,-0.00326211,0.698877,-1.45231,-0.0276679,0.758824,-1.44048,-0.00768608,0.738124,-1.50072,-0.0235627,0.717517,-1.48597,-0.152474,0.783463,-1.24977,0.149276,0.744083,-1.22295,-0.158589,0.843577,-1.1207,0.105201,25.71,-1.22129,-0.000126878,-5.60184e-05,5.20366e-05,-0.000120862,2.05511e-05,-3.97226e-05,-9.66986e-05,-5.45496e-05,0.000127011,-0.000144331,-1.09549e-05,-7.00522e-06,
-8.20695,4.65227,11.1411,9.73197,-0.810751,11.9636,-8.30021,5.79962,20.9013,7.082,60,14.5561,0,0,0,0,0,0,0,0,0,0,0,0,-0.00326531,0.698876,-1.4523,-0.027671,0.758825,-1.44048,-0.00768779,0.738123,-1.50072,-0.0235654,0.717516,-1.48597,-0.152483,0.783462,-1.24974,0.149274,0.744084,-1.22296,-0.1586,0.843571,-1.12069,0.105198,25.71,-1.22131,-1.76466e-05,-2.09843e-05,1.00496e-06,-1.17044e-05,4.19805e-06,1.70438e-05,2.12303e-05,2.87865e-05,2.3233e-05,-2.5621e-05,-2.09279e-05,3.20133e-05,
-8.20688,4.65184,11.1397,9.73156,-0.810961,11.9625,-8.30041,5.79906,20.9018,7.08174,60,14.5576,0,0,0,0,0,0,0,0,0,0,0,0,-0.00326405,0.698876,-1.4523,-0.0276693,0.758824,-1.44048,-0.00768563,0.738124,-1.50072,-0.0235641,0.717516,-1.48597,-0.152478,0.783456,-1.24976,0.149271,0.744079,-1.22298,-0.158599,0.843564,-1.12068,0.105197,25.71,-1.22129,8.62578e-05,2.26384e-05,3.95819e-06,9.30613e-05,-1.47827e-05,8.23285e-05,0.000120911,8.45429e-05,-5.60252e-05,7.42089e-05,7.32815e-06,2.79847e-05,
-8.20671,4.65194,11.1399,9.73175,-0.811338,11.9631,-8.29976,5.79898,20.9012,7.08223,60,14.5573,0,0,0,0,0,0,0,0,0,0,0,0,-0.00326373,0.698877,-1.4523,-0.0276693,0.758825,-1.44048,-0.00768492,0.738126,-1.50072,-0.0235644,0.717517,-1.48597,-0.152477,0.783458,-1.24976,0.149271,0.744074,-1.22297,-0.15859,0.843563,-1.1207,0.105202,25.71,-1.22129,-3.53942e-05,8.37181e-06,4.65113e-06,-3.73766e-05,3.03283e-05,2.35464e-05,-1.70966e-07,4.81131e-05,-5.89713e-06,-4.77235e-05,1.68255e-05,-1.0953e-05,
-8.20695,4.65244,11.1418,9.73209,-0.811127,11.964,-8.30013,5.79958,20.901,7.08224,60,14.5553,0,0,0,0,0,0,0,0,0,0,0,0,-0.0032649,0.698876,-1.45231,-0.0276702,0.758825,-1.44048,-0.00768502,0.738126,-1.50072,-0.0235654,0.717516,-1.48597,-0.152483,0.783466,-1.24973,0.149276,0.744077,-1.22295,-0.158596,0.843572,-1.1207,0.105202,25.71,-1.22133,-2.4667e-05,-1.05098e-05,-7.28239e-05,-1.93304e-05,-1.20423e-06,-5.6379e-05,1.82898e-05,-4.13279e-05,5.67809e-05,-2.81606e-05,-8.87927e-05,6.09143e-05,
-8.2068,4.65207,11.141,9.732,-0.81117,11.9632,-8.30045,5.7992,20.9018,7.08212,60,14.5565,0,0,0,0,0,0,0,0,0,0,0,0,-0.00326464,0.698876,-1.45231,-0.0276698,0.758825,-1.44048,-0.00768383,0.738125,-1.50072,-0.0235652,0.717514,-1.48597,-0.152479,0.78346,-1.24974,0.149276,0.744077,-1.22297,-0.1586,0.843566,-1.12068,0.1052,25.71,-1.2213,-1.89159e-06,1.2966e-05,-4.97035e-05,4.35646e-06,5.69647e-06,6.74406e-06,4.50494e-05,1.62967e-05,1.02147e-05,-2.04276e-06,-3.22472e-05,2.16656e-05,
-8.2064,4.65184,11.1402,9.73207,-0.811193,11.9628,-8.30053,5.79913,20.9024,7.08221,60,14.5578,0,0,0,0,0,0,0,0,0,0,0,0,-0.00326526,0.698877,-1.45231,-0.0276703,0.758826,-1.44048,-0.00768357,0.738126,-1.50072,-0.0235658,0.717515,-1.48597,-0.152474,0.783455,-1.24976,0.149275,0.744078,-1.22297,-0.158602,0.843568,-1.12067,0.1052,25.71,-1.22128,-5.40092e-05,-2.28596e-06,3.37341e-05,-4.75159e-05,3.02346e-05,5.32989e-05,-1.85112e-06,9.3763e-05,-4.21442e-05,-4.96123e-05,5.8544e-05,-7.34592e-05,
-8.2066,4.65213,11.1408,9.73215,-0.81133,11.9636,-8.30021,5.7992,20.9012,7.08243,60,14.5565,0,0,0,0,0,0,0,0,0,0,0,0,-0.00326652,0.698876,-1.45231,-0.0276714,0.758826,-1.44048,-0.00768374,0.738128,-1.50072,-0.023567,0.717515,-1.48597,-0.152478,0.78346,-1.24975,0.149276,0.744075,-1.22296,-0.158597,0.843568,-1.12069,0.105203,25.71,-1.22131,-4.37866e-05,-1.61372e-05,1.45989e-05,-3.74512e-05,5.49953e-06,8.92714e-06,5.10321e-06,6.91946e-06,3.60088e-05,-4.20287e-05,-1.85402e-05,-8.93559e-06,
-8.20669,4.65248,11.141,9.73235,-0.810992,11.964,-8.30081,5.79975,20.9012,7.08219,60,14.5562,0,0,0,0,0,0,0,0,0,0,0,0,-0.00326672,0.698876,-1.45231,-0.0276714,0.758826,-1.44048,-0.00768279,0.738127,-1.50072,-0.0235672,0.717514,-1.48597,-0.152479,0.783466,-1.24974,0.149281,0.74408,-1.22295,-0.158605,0.843577,-1.12069,0.1052,25.71,-1.22131,1.5363e-05,-2.4339e-05,-1.71794e-05,2.9679e-05,-2.53037e-05,3.90427e-05,6.57774e-05,-7.45258e-06,2.96486e-05,1.94925e-05,-6.85899e-05,5.90722e-05,
-8.20679,4.65214,11.1414,9.73217,-0.810666,11.9629,-8.30159,5.79939,20.9029,7.08204,60,14.5561,0,0,0,0,0,0,0,0,0,0,0,0,-0.00326602,0.698875,-1.45231,-0.0276705,0.758825,-1.44048,-0.00768118,0.738127,-1.50072,-0.0235665,0.717513,-1.48597,-0.152479,0.783459,-1.24974,0.149279,0.744086,-1.22297,-0.158617,0.843572,-1.12066,0.105199,25.71,-1.22131,3.70124e-05,-1.22026e-05,3.49416e-05,4.1081e-05,-1.47724e-05,7.56615e-05,7.37994e-05,6.21589e-05,-3.0464e-05,2.69921e-05,8.58135e-07,5.85766e-06,
-8.20638,4.65231,11.1408,9.73272,-0.811017,11.9636,-8.30128,5.79971,20.9021,7.08256,60,14.5565,0,0,0,0,0,0,0,0,0,0,0,0,-0.00326582,0.698875,-1.45231,-0.0276706,0.758826,-1.44047,-0.00768064,0.738129,-1.50072,-0.023567,0.717514,-1.48597,-0.152475,0.783462,-1.24974,0.149286,0.74408,-1.22295,-0.158615,0.84358,-1.12068,0.105204,25.71,-1.22131,-9.89828e-05,-4.16162e-05,0.000137444,-9.27804e-05,1.41508e-05,5.56406e-05,-5.9394e-05,6.85575e-05,4.45069e-06,-0.000107087,5.22196e-05,-5.8864e-05,
-8.20606,4.6526,11.139,9.73259,-0.811369,11.9636,-8.29984,5.79889,20.9002,7.08311,60,14.5577,0,0,0,0,0,0,0,0,0,0,0,0,-0.00326945,0.698874,-1.4523,-0.0276738,0.758826,-1.44047,-0.00768316,0.73813,-1.50072,-0.0235705,0.717515,-1.48597,-0.152474,0.783465,-1.24977,0.149279,0.744074,-1.22295,-0.158592,0.843566,-1.12071,0.10521,25.71,-1.22129,-0.000120553,-5.73183e-05,0.000137123,-0.000114774,2.22303e-05,4.43452e-05,-9.11701e-05,5.33183e-05,3.37789e-05,-0.000139134,5.05424e-05,-7.14565e-05,
-8.2069,4.65218,11.14,9.73192,-0.810599,11.9632,-8.30126,5.79907,20.9021,7.08241,60,14.5573,0,0,0,0,0,0,0,0,0,0,0,0,-0.00326925,0.698874,-1.4523,-0.0276735,0.758826,-1.44047,-0.00768353,0.738131,-1.50072,-0.0235715,0.717516,-1.48597,-0.152482,0.783459,-1.24975,0.149274,0.744087,-1.22296,-0.158615,0.843571,-1.12068,0.105199,25.71,-1.22129,0.00015414,1.44595e-05,1.60391e-05,0.000160175,-3.95608e-05,9.66272e-05,2.50604e-05,0.000107349,-4.5715e-05,-2.14192e-05,1.55202e-05,-1.21264e-05,
-8.20753,4.65224,11.1414,9.73156,-0.811009,11.9623,-8.30198,5.79858,20.9025,7.08197,60,14.5552,0,0,0,0,0,0,0,0,0,0,0,0,-0.00326499,0.698874,-1.4523,-0.0276691,0.758825,-1.44047,-0.00767826,0.738134,-1.50072,-0.0235674,0.717514,-1.48597,-0.152488,0.783461,-1.24973,0.149274,0.744078,-1.22297,-0.158618,0.843564,-1.12067,0.1052,25.71,-1.22133,0.000205929,2.46282e-05,-6.56895e-05,0.000211833,-5.13074e-05,0.000101435,0.000214985,6.66887e-05,-7.46459e-05,0.000169647,-9.30387e-05,0.00012015,
-8.20625,4.65297,11.1394,9.73236,-0.811322,11.964,-8.30048,5.79941,20.9005,7.08299,60,14.5575,0,0,0,0,0,0,0,0,0,0,0,0,-0.00326499,0.698874,-1.4523,-0.027669,0.758825,-1.44047,-0.00767783,0.738133,-1.50072,-0.0235679,0.717513,-1.48597,-0.152474,0.783472,-1.24977,0.149279,0.744074,-1.22294,-0.158599,0.843575,-1.12071,0.105209,25.71,-1.22129,-0.000165502,-6.15537e-05,4.9848e-05,-0.000161011,3.76551e-05,-9.65066e-05,-0.000134154,-6.48312e-05,0.000114367,-0.000182026,-3.18892e-05,-1.06023e-05,
-8.20596,4.65286,11.1393,9.73254,-0.81099,11.9642,-8.30024,5.79936,20.9005,7.08317,60,14.558,0,0,0,0,0,0,0,0,0,0,0,0,-0.00326922,0.698873,-1.4523,-0.0276732,0.758826,-1.44047,-0.00768144,0.738132,-1.50072,-0.0235724,0.717512,-1.48597,-0.152473,0.783469,-1.24977,0.149278,0.744081,-1.22294,-0.158598,0.843574,-1.1207,0.105208,25.71,-1.22128,-0.000165148,-3.7315e-05,-1.80609e-06,-0.000160869,3.9564e-05,-7.03107e-05,-0.000135916,-2.7786e-05,7.65593e-05,-0.000183506,-3.45503e-05,1.71278e-06,
-8.20753,4.6525,11.141,9.73154,-0.810819,11.9634,-8.30183,5.79873,20.9018,7.08205,60,14.5562,0,0,0,0,0,0,0,0,0,0,0,0,-0.00326733,0.698873,-1.4523,-0.0276712,0.758825,-1.44047,-0.00767926,0.738133,-1.50072,-0.0235712,0.717511,-1.48597,-0.15249,0.783466,-1.24974,0.149272,0.744082,-1.22295,-0.158616,0.843566,-1.12068,0.105198,25.71,-1.22131,0.000221698,6.23345e-05,-0.000145916,0.00022687,-3.69657e-05,5.22239e-05,0.000227019,8.32462e-05,-9.48419e-05,0.000181911,-0.000100351,0.000124989,
-8.20741,4.65274,11.1412,9.73159,-0.811054,11.963,-8.30148,5.79857,20.9021,7.08246,60,14.5558,0,0,0,0,0,0,0,0,0,0,0,0,-0.0032628,0.698874,-1.4523,-0.0276665,0.758825,-1.44047,-0.00767459,0.738134,-1.50072,-0.0235674,0.717509,-1.48596,-0.152487,0.78347,-1.24974,0.149273,0.744078,-1.22296,-0.158608,0.843564,-1.12068,0.105206,25.71,-1.22131,6.97533e-05,3.35425e-05,-0.000100149,7.48582e-05,-1.16225e-05,1.01169e-05,8.69264e-05,3.5475e-05,-4.60587e-05,4.06558e-05,-6.28803e-05,5.92986e-05,
-8.20637,4.65323,11.141,9.73262,-0.811191,11.9643,-8.30089,5.79958,20.9017,7.08333,60,14.5565,0,0,0,0,0,0,0,0,0,0,0,0,-0.00326562,0.698874,-1.4523,-0.0276693,0.758825,-1.44047,-0.00767672,0.738134,-1.50072,-0.0235706,0.717508,-1.48596,-0.152478,0.783477,-1.24974,0.149282,0.744078,-1.22294,-0.158606,0.84358,-1.12068,0.105212,25.71,-1.2213,-0.00021907,-4.83835e-05,4.80411e-05,-0.000214282,6.64452e-05,-9.85659e-05,-0.000178108,-3.58131e-05,6.64713e-05,-0.000225955,1.04672e-05,-7.14057e-05,
-8.20581,4.65261,11.1403,9.73252,-0.810845,11.9632,-8.30096,5.79921,20.9024,7.08337,60,14.5576,0,0,0,0,0,0,0,0,0,0,0,0,-0.00327042,0.698873,-1.4523,-0.0276732,0.758826,-1.44047,-0.00767992,0.738134,-1.50072,-0.0235746,0.717509,-1.48597,-0.152472,0.783465,-1.24975,0.149277,0.744085,-1.22296,-0.15861,0.843573,-1.12067,0.105209,25.71,-1.22128,-0.000200827,-3.06822e-05,3.43084e-05,-0.000195667,3.68781e-05,-3.92147e-05,-0.000156459,-1.7524e-05,6.81509e-05,-0.000204569,7.78134e-06,-6.85411e-05,
-8.20663,4.65254,11.1407,9.73235,-0.811246,11.9637,-8.30146,5.79895,20.9018,7.08291,60,14.5562,0,0,0,0,0,0,0,0,0,0,0,0,-0.00326995,0.698873,-1.4523,-0.0276734,0.758827,-1.44047,-0.0076795,0.738135,-1.50072,-0.0235753,0.717509,-1.48597,-0.15248,0.783466,-1.24975,0.14928,0.744076,-1.22295,-0.158613,0.843573,-1.12069,0.105206,25.71,-1.22131,7.32299e-05,2.36431e-05,-1.9228e-06,7.94575e-05,-8.15615e-06,8.10077e-05,9.81523e-05,7.7526e-05,-5.25062e-05,5.15902e-05,-3.08607e-05,5.70091e-05,
-8.20673,4.65249,11.1417,9.73221,-0.810719,11.9624,-8.30227,5.7989,20.9034,7.08274,60,14.555,0,0,0,0,0,0,0,0,0,0,0,0,-0.00326821,0.698873,-1.4523,-0.0276715,0.758826,-1.44047,-0.00767729,0.738136,-1.50072,-0.0235741,0.717507,-1.48596,-0.15248,0.783464,-1.24973,0.14928,0.744085,-1.22297,-0.158625,0.843571,-1.12066,0.105204,25.71,-1.22132,7.08714e-05,2.76337e-06,-1.76357e-05,7.65541e-05,-2.61566e-05,8.00088e-05,9.28201e-05,2.41457e-05,-4.55093e-07,4.69759e-05,-6.84844e-05,8.36655e-05,
-8.2062,4.6529,11.1397,9.73229,-0.811352,11.9631,-8.30086,5.79877,20.9013,7.08322,60,14.5566,0,0,0,0,0,0,0,0,0,0,0,0,-0.00326781,0.698873,-1.4523,-0.027671,0.758826,-1.44047,-0.00767637,0.738137,-1.50072,-0.0235739,0.717506,-1.48596,-0.152473,0.783471,-1.24976,0.149278,0.744074,-1.22296,-0.158602,0.843569,-1.12069,0.105211,25.71,-1.2213,-6.93511e-05,-3.12612e-05,6.15311e-05,-6.42666e-05,9.79211e-06,-1.33377e-05,-3.97559e-05,-6.48368e-06,7.36245e-05,-2.47767e-05,-2.17781e-05,1.17887e-05,
-8.20578,4.65312,11.1399,9.73258,-0.811191,11.9634,-8.30019,5.79877,20.9009,7.08396,60,14.5566,0,0,0,0,0,0,0,0,0,0,0,0,-0.00327117,0.698872,-1.4523,-0.0276743,0.758826,-1.44047,-0.00767914,0.738136,-1.50071,-0.0235778,0.717506,-1.48596,-0.152473,0.783473,-1.24976,0.149277,0.744078,-1.22295,-0.158596,0.843568,-1.12069,0.105216,25.71,-1.2213,-0.000213573,-5.6068e-05,8.20419e-05,-0.000208962,4.53156e-05,-5.48819e-05,-0.000181813,-2.32808e-05,0.000101164,-0.00022961,-3.12536e-06,-8.77304e-06,
-8.20689,4.65274,11.1414,9.73202,-0.811112,11.9632,-8.30203,5.79875,20.9021,7.08286,60,14.5552,0,0,0,0,0,0,0,0,0,0,0,0,-0.00327101,0.698872,-1.4523,-0.027674,0.758826,-1.44047,-0.00767853,0.738136,-1.50071,-0.0235781,0.717505,-1.48596,-0.152484,0.783468,-1.24973,0.149275,0.744078,-1.22296,-0.158621,0.843569,-1.12068,0.105204,25.71,-1.22132,0.000137925,2.66021e-05,-6.90061e-05,0.000143273,-1.45858e-05,1.30878e-05,0.000154314,3.50781e-05,-1.17749e-05,0.00010878,-9.46073e-05,0.000132344,
-8.20707,4.65303,11.1404,9.73185,-0.811599,11.9637,-8.30118,5.79814,20.9006,7.08318,60,14.5559,0,0,0,0,0,0,0,0,0,0,0,0,-0.00326657,0.698873,-1.45231,-0.0276694,0.758826,-1.44047,-0.00767362,0.738137,-1.50071,-0.0235743,0.717503,-1.48596,-0.152484,0.783474,-1.24975,0.149275,0.744069,-1.22295,-0.158602,0.843559,-1.1207,0.105212,25.71,-1.22131,6.81792e-05,1.87089e-05,-5.24236e-05,7.36223e-05,5.80026e-06,-1.46048e-05,9.58358e-05,3.38392e-05,-1.21902e-05,4.95517e-05,-4.71516e-05,3.22255e-05,
-8.20669,4.65305,11.1415,9.73229,-0.811056,11.9634,-8.30207,5.79872,20.9026,7.08324,60,14.5561,0,0,0,0,0,0,0,0,0,0,0,0,-0.00326786,0.698873,-1.45231,-0.0276706,0.758826,-1.44047,-0.00767413,0.738138,-1.50071,-0.0235758,0.717503,-1.48596,-0.152482,0.783474,-1.24973,0.149279,0.744081,-1.22295,-0.158621,0.84357,-1.12067,0.105209,25.71,-1.2213,-5.53867e-05,-5.05337e-06,1.83694e-05,-5.00324e-05,3.98564e-05,-1.77819e-05,-1.38263e-05,4.53722e-05,-1.04355e-05,-6.1497e-05,3.05998e-05,-6.38656e-05,
-8.2066,4.6528,11.1399,9.732,-0.81163,11.9633,-8.30142,5.79812,20.9016,7.08339,60,14.5574,0,0,0,0,0,0,0,0,0,0,0,0,-0.00326807,0.698873,-1.45231,-0.0276708,0.758827,-1.44047,-0.00767368,0.738139,-1.50072,-0.0235762,0.717504,-1.48596,-0.152479,0.783469,-1.24976,0.149274,0.744071,-1.22296,-0.158608,0.84356,-1.12069,0.105212,25.71,-1.22128,-9.45041e-06,-8.9041e-06,2.57807e-05,-3.42434e-05,4.45887e-05,-2.73309e-05,9.1945e-06,3.86021e-05,6.22232e-06,-3.86671e-05,3.68415e-05,-4.15598e-05,
-8.20667,4.65306,11.142,9.73242,-0.811341,11.9638,-8.30191,5.79862,20.9018,7.0835,60,14.5551,0,0,0,0,0,0,0,0,0,0,0,0,-0.00326994,0.698873,-1.4523,-0.0276724,0.758828,-1.44047,-0.00767433,0.738139,-1.50071,-0.0235779,0.717504,-1.48596,-0.152483,0.783473,-1.24972,0.14928,0.744077,-1.22295,-0.158618,0.843568,-1.12068,0.105212,25.71,-1.22132,-4.49196e-05,-2.03953e-05,-3.58418e-06,-3.91561e-05,1.81121e-05,-1.88217e-05,4.99106e-06,-1.06658e-05,5.23726e-05,-4.22033e-05,-3.3139e-05,2.3763e-05,
-8.20643,4.65331,11.1401,9.73237,-0.811658,11.9638,-8.30118,5.79838,20.9003,7.08356,60,14.5565,0,0,0,0,0,0,0,0,0,0,0,0,-0.00326995,0.698872,-1.45231,-0.0276723,0.758828,-1.44047,-0.00767329,0.738138,-1.50071,-0.0235777,0.717503,-1.48596,-0.152479,0.783477,-1.24976,0.149279,0.744071,-1.22295,-0.158603,0.843563,-1.12071,0.105214,25.71,-1.2213,-2.68811e-05,-2.9202e-05,1.01195e-05,-2.06557e-05,3.14172e-06,-2.65567e-06,2.59702e-05,-2.85434e-05,5.19958e-05,9.09628e-07,-5.4864e-05,4.64034e-05,
-8.2062,4.65306,11.14,9.73221,-0.811176,11.9628,-8.30159,5.79819,20.9019,7.08356,60,14.5574,0,0,0,0,0,0,0,0,0,0,0,0,-0.00327114,0.698871,-1.4523,-0.0276734,0.758828,-1.44047,-0.00767351,0.738139,-1.50071,-0.0235789,0.717503,-1.48596,-0.152476,0.783472,-1.24976,0.149274,0.74408,-1.22296,-0.158612,0.843562,-1.12068,0.105212,25.71,-1.22128,-6.46433e-05,-1.12116e-05,3.77946e-05,-5.74538e-05,1.48357e-05,5.85924e-05,-9.94662e-06,6.21355e-05,2.24257e-06,-5.7343e-05,2.7799e-05,-3.90593e-05,
-8.20694,4.65308,11.1413,9.73191,-0.811491,11.9632,-8.30236,5.79826,20.9017,7.08315,60,14.5556,0,0,0,0,0,0,0,0,0,0,0,0,-0.00326976,0.698871,-1.4523,-0.0276719,0.758828,-1.44047,-0.00767107,0.73814,-1.50071,-0.0235774,0.717503,-1.48596,-0.152485,0.783473,-1.24974,0.149274,0.744074,-1.22295,-0.15862,0.843563,-1.12068,0.105209,25.71,-1.22131,8.96754e-05,-7.57697e-06,-4.45489e-05,9.68257e-05,-1.32131e-05,4.84855e-05,0.000139697,1.70991e-05,4.48337e-08,9.33547e-05,-4.63999e-05,5.7311e-05,
-8.2068,4.65361,11.1416,9.73226,-0.811432,11.964,-8.30215,5.79864,20.9009,7.08344,60,14.555,0,0,0,0,0,0,0,0,0,0,0,0,-0.00326867,0.698871,-1.45231,-0.0276706,0.758828,-1.44047,-0.00766889,0.738139,-1.50071,-0.0235762,0.717501,-1.48596,-0.152483,0.783481,-1.24973,0.149279,0.744075,-1.22294,-0.158616,0.843567,-1.12069,0.105214,25.71,-1.22132,-8.81116e-06,-3.93982e-05,-5.40055e-05,-2.69821e-06,-1.37009e-06,-3.15179e-05,4.66263e-05,-6.97649e-05,9.77451e-05,-1.35516e-07,-8.14867e-05,8.16465e-05,
-8.20609,4.6534,11.1405,9.7326,-0.81127,11.9637,-8.30223,5.7988,20.9014,7.08358,60,14.5568,0,0,0,0,0,0,0,0,0,0,0,0,-0.00327064,0.69887,-1.45231,-0.0276725,0.758828,-1.44047,-0.0076696,0.738138,-1.50071,-0.0235776,0.7175,-1.48596,-0.152475,0.783476,-1.24975,0.149281,0.744079,-1.22295,-0.15862,0.84357,-1.12068,0.105212,25.71,-1.22129,-0.000102467,-4.40786e-05,6.33874e-05,-9.60992e-05,2.84944e-05,-2.77679e-05,-4.23054e-05,-3.24446e-05,9.03824e-05,-9.67746e-05,9.54161e-06,-2.58601e-05,
-8.20625,4.65328,11.1392,9.73212,-0.81191,11.963,-8.30113,5.79748,20.9003,7.08392,60,14.5576,0,0,0,0,0,0,0,0,0,0,0,0,-0.00327197,0.69887,-1.4523,-0.0276737,0.758829,-1.44047,-0.00766991,0.738139,-1.50071,-0.0235791,0.717502,-1.48596,-0.152478,0.783475,-1.24977,0.149273,0.744068,-1.22296,-0.158599,0.84355,-1.1207,0.105218,25.71,-1.22128,-5.17131e-05,-9.17654e-06,7.87415e-05,-4.45664e-05,4.35504e-05,6.72175e-05,4.01874e-06,8.93861e-05,-3.80919e-05,-4.39903e-05,8.0655e-05,-8.00135e-05,
-8.20698,4.65342,11.1408,9.73185,-0.811548,11.9632,-8.30242,5.79798,20.9013,7.08326,60,14.5565,0,0,0,0,0,0,0,0,0,0,0,0,-0.00327128,0.69887,-1.4523,-0.0276729,0.758829,-1.44047,-0.00766826,0.738141,-1.50071,-0.0235784,0.717503,-1.48596,-0.152486,0.783478,-1.24974,0.149273,0.744074,-1.22295,-0.158618,0.84356,-1.12069,0.105211,25.71,-1.2213,0.000105155,2.2555e-05,-4.21543e-05,0.000111831,-9.84835e-06,6.572e-05,0.000146987,6.95289e-05,-5.45021e-05,0.000100448,-2.16358e-05,4.32603e-05,
-8.20726,4.65358,11.1421,9.73198,-0.811451,11.9639,-8.3031,5.79843,20.9015,7.08313,60,14.5551,0,0,0,0,0,0,0,0,0,0,0,0,-0.00326755,0.698871,-1.45231,-0.027669,0.758829,-1.44047,-0.0076634,0.738141,-1.50071,-0.0235747,0.7175,-1.48596,-0.152489,0.783481,-1.24972,0.149278,0.744075,-1.22294,-0.158626,0.843566,-1.12068,0.105212,25.71,-1.22132,7.38592e-05,1.02281e-05,-0.000115501,8.03673e-05,-4.27943e-06,-2.34155e-05,0.000126763,-3.19372e-05,2.9657e-05,8.03876e-05,-0.000107608,0.000105721,
-8.20677,4.65401,11.1416,9.73256,-0.811609,11.9647,-8.30242,5.79869,20.9006,7.0837,60,14.5556,0,0,0,0,0,0,0,0,0,0,0,0,-0.00326796,0.69887,-1.45231,-0.0276693,0.758829,-1.44047,-0.00766298,0.73814,-1.50071,-0.0235749,0.717499,-1.48596,-0.152484,0.783488,-1.24973,0.149284,0.744073,-1.22293,-0.158617,0.84357,-1.1207,0.105218,25.71,-1.22131,-8.6324e-05,-3.73642e-05,-1.83474e-05,-8.01966e-05,2.76231e-05,-7.47287e-05,-2.43543e-05,-6.24778e-05,8.58047e-05,-7.19632e-05,-3.77e-05,-5.51454e-06,
-8.20608,4.65347,11.1398,9.73255,-0.811698,11.9633,-8.30208,5.79791,20.9013,7.08397,60,14.558,0,0,0,0,0,0,0,0,0,0,0,0,-0.00327217,0.698869,-1.45231,-0.0276734,0.75883,-1.44047,-0.00766562,0.73814,-1.50071,-0.0235787,0.717501,-1.48596,-0.152477,0.783477,-1.24976,0.149279,0.744073,-1.22295,-0.158614,0.843559,-1.12069,0.105218,25.71,-1.22127,-0.000129357,-1.74402e-05,0.000110799,-0.000122408,4.42566e-05,4.2793e-05,-6.95644e-05,6.86264e-05,-3.39237e-05,-0.000117876,9.17978e-05,-0.000122055,
-8.20667,4.6532,11.1408,9.73204,-0.81164,11.9625,-8.30287,5.79754,20.9021,7.08352,60,14.5567,0,0,0,0,0,0,0,0,0,0,0,0,-0.00327258,0.698869,-1.4523,-0.0276736,0.758831,-1.44047,-0.00766494,0.738143,-1.50071,-0.023579,0.717502,-1.48596,-0.152483,0.783473,-1.24974,0.149274,0.744073,-1.22296,-0.158624,0.843556,-1.12068,0.105214,25.71,-1.22129,5.80692e-05,1.85646e-05,2.44375e-05,6.54743e-05,-1.24532e-05,0.000125571,0.000104051,0.000119212,-8.94559e-05,5.72715e-05,3.55287e-05,-7.7644e-06,
-8.20668,4.65372,11.1416,9.73233,-0.811701,11.9635,-8.30283,5.79823,20.9012,7.0837,60,14.5551,0,0,0,0,0,0,0,0,0,0,0,0,-0.00327098,0.698869,-1.4523,-0.0276719,0.75883,-1.44046,-0.00766243,0.738144,-1.50071,-0.0235775,0.717501,-1.48596,-0.152483,0.783482,-1.24973,0.14928,0.744071,-1.22295,-0.158622,0.843565,-1.12069,0.105217,25.71,-1.22132,7.98233e-06,-2.78306e-05,-3.61404e-05,1.43585e-05,-2.47313e-05,1.11234e-05,5.43301e-05,-4.88015e-05,5.73312e-05,8.15218e-06,-0.00010237,8.96859e-05,
-8.20613,4.65405,11.141,9.73276,-0.811495,11.964,-8.30256,5.79864,20.9006,7.08404,60,14.5558,0,0,0,0,0,0,0,0,0,0,0,0,-0.00327236,0.698868,-1.45231,-0.0276731,0.75883,-1.44046,-0.00766295,0.738142,-1.50071,-0.0235788,0.717499,-1.48596,-0.152477,0.783486,-1.24974,0.149284,0.744075,-1.22294,-0.15862,0.84357,-1.12069,0.105219,25.71,-1.22131,-0.000108493,-6.07562e-05,1.12437e-05,-0.000102946,-5.90436e-06,-4.46919e-05,-5.89266e-05,-9.09913e-05,0.000142201,-0.000106011,-7.97116e-05,4.43046e-05,
-8.20629,4.65364,11.1414,9.73258,-0.811614,11.963,-8.30275,5.7978,20.9014,7.084,60,14.5554,0,0,0,0,0,0,0,0,0,0,0,0,-0.00327407,0.698868,-1.4523,-0.0276747,0.75883,-1.44046,-0.00766372,0.738142,-1.50071,-0.0235806,0.717499,-1.48596,-0.15248,0.783479,-1.24973,0.149281,0.744073,-1.22295,-0.158622,0.843557,-1.12068,0.105219,25.71,-1.22131,-2.07743e-05,-1.92316e-05,1.43326e-05,-1.43336e-05,-4.66527e-06,5.72509e-05,1.68385e-05,4.16106e-05,1.7164e-05,-2.99676e-05,-2.67341e-06,2.56356e-05,
-8.20635,4.65357,11.1406,9.73235,-0.811758,11.9626,-8.30288,5.79763,20.9017,7.08395,60,14.5563,0,0,0,0,0,0,0,0,0,0,0,0,-0.00327341,0.698868,-1.4523,-0.0276739,0.75883,-1.44046,-0.00766241,0.738144,-1.50071,-0.0235803,0.717499,-1.48596,-0.152479,0.783478,-1.24975,0.149278,0.744071,-1.22296,-0.158623,0.843557,-1.12068,0.105219,25.71,-1.2213,1.54318e-05,7.48861e-06,5.86581e-05,2.15423e-05,4.20943e-06,6.71276e-05,4.54637e-05,9.51914e-05,-6.05964e-05,-1.63007e-06,2.48392e-05,-1.28375e-05,
-8.20654,4.65382,11.1422,9.73269,-0.811852,11.9633,-8.30302,5.79782,20.9016,7.08421,60,14.5546,0,0,0,0,0,0,0,0,0,0,0,0,-0.00327389,0.698868,-1.4523,-0.0276742,0.75883,-1.44046,-0.00766224,0.738145,-1.50071,-0.0235809,0.7175,-1.48596,-0.152485,0.783482,-1.24972,0.149283,0.74407,-1.22295,-0.158626,0.843561,-1.12068,0.105222,25.71,-1.22133,-3.24693e-05,-1.18212e-05,4.31721e-05,-2.68459e-05,2.2756e-05,2.9039e-05,-1.85342e-06,5.50082e-05,-1.5845e-05,-4.90962e-05,4.55335e-06,-1.74151e-05,
-8.20599,4.65388,11.1404,9.73279,-0.811587,11.9635,-8.3031,5.79835,20.9015,7.08408,60,14.5568,0,0,0,0,0,0,0,0,0,0,0,0,-0.0032744,0.698867,-1.4523,-0.0276747,0.75883,-1.44046,-0.00766225,0.738145,-1.50071,-0.0235819,0.717499,-1.48596,-0.152475,0.783482,-1.24975,0.149284,0.744074,-1.22294,-0.158628,0.843569,-1.12068,0.105218,25.71,-1.22129,-3.27296e-05,-3.7368e-05,6.92814e-06,-2.78759e-05,6.33244e-06,-2.24566e-05,-4.29743e-06,-1.38965e-05,6.07621e-05,-5.16563e-05,-4.34964e-05,1.89128e-06,
-8.20611,4.6537,11.1399,9.73245,-0.811926,11.9634,-8.30221,5.79738,20.9005,7.08441,60,14.557,0,0,0,0,0,0,0,0,0,0,0,0,-0.00327579,0.698867,-1.4523,-0.027676,0.758831,-1.44046,-0.00766305,0.738145,-1.50071,-0.0235837,0.717499,-1.48596,-0.152479,0.783479,-1.24976,0.149277,0.744069,-1.22295,-0.158613,0.843553,-1.1207,0.105222,25.71,-1.22129,-3.58489e-05,-9.86575e-06,2.05259e-05,-3.07104e-05,2.16879e-05,2.13063e-05,-1.27109e-05,3.58284e-05,2.64312e-06,-5.97546e-05,-1.03332e-05,-7.08467e-06,
-8.20705,4.65423,11.1413,9.73197,-0.811735,11.9633,-8.30297,5.79746,20.9006,7.08391,60,14.5553,0,0,0,0,0,0,0,0,0,0,0,0,-0.00327436,0.698867,-1.4523,-0.0276745,0.758831,-1.44046,-0.00766082,0.738146,-1.50071,-0.0235826,0.717497,-1.48596,-0.15249,0.78349,-1.24974,0.149274,0.744071,-1.22295,-0.15862,0.843555,-1.1207,0.105219,25.71,-1.22131,0.00013426,2.20621e-05,-6.13306e-05,0.000139029,-2.41621e-05,2.32447e-05,0.000161879,2.19889e-05,-1.81046e-05,0.000116493,-0.000101881,0.000128908,
-8.20741,4.65408,11.143,9.73208,-0.811419,11.9635,-8.30424,5.79788,20.9022,7.0836,60,14.5542,0,0,0,0,0,0,0,0,0,0,0,0,-0.00327129,0.698867,-1.4523,-0.0276713,0.75883,-1.44046,-0.00765821,0.738146,-1.50071,-0.0235807,0.717496,-1.48595,-0.152493,0.783487,-1.24971,0.14928,0.744076,-1.22294,-0.15864,0.843563,-1.12067,0.105215,25.71,-1.22133,0.000168934,1.70162e-05,-0.000120681,0.000173867,-4.42087e-05,6.18809e-06,0.000178822,4.4121e-06,-2.70337e-06,0.000133211,-0.000120838,0.000107602,
-8.20609,4.65419,11.1402,9.73272,-0.811768,11.964,-8.30296,5.79806,20.9011,7.08449,60,14.5572,0,0,0,0,0,0,0,0,0,0,0,0,-0.00327113,0.698867,-1.4523,-0.027671,0.75883,-1.44046,-0.00765755,0.738147,-1.50071,-0.023581,0.717495,-1.48595,-0.152476,0.783488,-1.24975,0.149284,0.744072,-1.22294,-0.158623,0.843566,-1.12069,0.105224,25.71,-1.22128,-0.000133585,-4.50347e-05,5.77322e-05,-0.000128999,3.8279e-05,-4.62621e-05,-0.000100581,4.99097e-06,7.13625e-05,-0.000148302,2.16091e-05,-8.84647e-05,
-8.20588,4.654,11.1414,9.73292,-0.811581,11.9635,-8.30271,5.79756,20.9018,7.08506,60,14.5559,0,0,0,0,0,0,0,0,0,0,0,0,-0.00327664,0.698866,-1.4523,-0.0276765,0.758832,-1.44046,-0.00766228,0.738147,-1.50071,-0.0235867,0.717497,-1.48596,-0.15248,0.783483,-1.24973,0.149281,0.744077,-1.22295,-0.158625,0.843558,-1.12067,0.105227,25.71,-1.22131,-0.000203656,-3.86877e-05,0.000135581,-0.000198507,5.45802e-05,-2.63955e-05,-0.000172733,4.73878e-05,3.29903e-05,-0.000221129,5.39378e-05,-9.29147e-05,
-8.20652,4.65417,11.1402,9.7324,-0.812055,11.9635,-8.30294,5.7974,20.9006,7.08444,60,14.5562,0,0,0,0,0,0,0,0,0,0,0,0,-0.00327567,0.698866,-1.4523,-0.0276754,0.758832,-1.44046,-0.00766095,0.738149,-1.50071,-0.0235865,0.717496,-1.48596,-0.152483,0.783487,-1.24975,0.14928,0.744066,-1.22294,-0.158621,0.843558,-1.1207,0.105223,25.71,-1.2213,0.000100854,-7.851e-07,1.1104e-06,0.000106166,-1.80141e-05,6.90974e-05,0.000112089,6.6041e-05,-2.81604e-05,6.59061e-05,-4.10668e-05,6.8266e-05,
-8.2065,4.65389,11.1411,9.73225,-0.811423,11.9626,-8.30369,5.7974,20.9023,7.08421,60,14.5558,0,0,0,0,0,0,0,0,0,0,0,0,-0.0032745,0.698866,-1.4523,-0.0276741,0.758831,-1.44046,-0.00765959,0.738149,-1.50071,-0.0235858,0.717496,-1.48596,-0.152482,0.783482,-1.24974,0.149278,0.744077,-1.22296,-0.158633,0.843558,-1.12067,0.105219,25.71,-1.2213,7.93894e-05,9.10454e-07,-2.94255e-05,8.4928e-05,-2.42844e-05,6.69361e-05,9.34131e-05,5.00962e-05,-2.61786e-05,4.76492e-05,-7.13093e-05,9.29653e-05,
-8.20663,4.65417,11.1411,9.73222,-0.811734,11.9635,-8.30355,5.79766,20.9013,7.08437,60,14.5554,0,0,0,0,0,0,0,0,0,0,0,0,-0.00327231,0.698866,-1.4523,-0.0276718,0.758831,-1.44046,-0.007657,0.73815,-1.50071,-0.0235844,0.717494,-1.48595,-0.152484,0.783486,-1.24974,0.149278,0.744072,-1.22294,-0.15863,0.843561,-1.12068,0.105222,25.71,-1.22131,1.05809e-05,-2.2605e-05,-1.9679e-05,1.52393e-05,-1.0737e-05,-1.1309e-05,3.21898e-05,-2.2445e-05,4.75765e-05,-1.45097e-05,-8.4114e-05,6.04552e-05,
-8.206,4.65453,11.1396,9.73232,-0.811687,11.9638,-8.30262,5.79768,20.9003,7.08486,60,14.557,0,0,0,0,0,0,0,0,0,0,0,0,-0.003274,0.698865,-1.4523,-0.0276734,0.758831,-1.44046,-0.00765815,0.738148,-1.50071,-0.0235865,0.717492,-1.48595,-0.152476,0.783491,-1.24976,0.149275,0.744074,-1.22294,-0.158617,0.843559,-1.1207,0.105226,25.71,-1.22128,-0.000100027,-5.3962e-05,1.52564e-07,-9.60014e-05,2.70263e-05,-8.36411e-05,-7.351e-05,-6.02951e-05,0.000109603,-0.000120384,-6.36662e-05,3.20259e-05,
-8.20674,4.65453,11.1423,9.73264,-0.811506,11.9646,-8.3035,5.79793,20.9011,7.08475,60,14.5545,0,0,0,0,0,0,0,0,0,0,0,0,-0.0032753,0.698864,-1.4523,-0.0276747,0.758831,-1.44046,-0.00765907,0.738148,-1.5007,-0.0235882,0.717491,-1.48595,-0.152488,0.783492,-1.24971,0.149282,0.744077,-1.22293,-0.158632,0.843565,-1.12068,0.105224,25.71,-1.22132,1.85248e-05,2.40947e-06,-2.7874e-05,-3.74538e-05,2.36028e-05,-6.15896e-05,-1.85303e-05,2.51887e-07,4.46404e-05,-6.50469e-05,-5.06038e-05,4.15019e-05,
-8.20697,4.65431,11.1414,9.73201,-0.811386,11.9633,-8.30421,5.79757,20.902,7.08409,60,14.5556,0,0,0,0,0,0,0,0,0,0,0,0,-0.00327285,0.698864,-1.4523,-0.0276721,0.758831,-1.44046,-0.00765619,0.738148,-1.5007,-0.0235863,0.717489,-1.48595,-0.152486,0.783489,-1.24974,0.149278,0.744078,-1.22295,-0.158637,0.843559,-1.12067,0.105219,25.71,-1.2213,0.000173579,1.77048e-05,-0.000105632,0.000178629,-3.24308e-05,1.67602e-05,0.000189943,2.68578e-05,-3.92122e-05,0.000143931,-9.59084e-05,6.81314e-05,
-8.20624,4.65425,11.1399,9.73229,-0.811985,11.9635,-8.30302,5.79713,20.9011,7.0849,60,14.5571,0,0,0,0,0,0,0,0,0,0,0,0,-0.00327235,0.698865,-1.4523,-0.0276714,0.758832,-1.44046,-0.00765514,0.738149,-1.50071,-0.0235863,0.71749,-1.48595,-0.152479,0.783487,-1.24976,0.149278,0.74407,-1.22295,-0.15862,0.843554,-1.12069,0.105228,25.71,-1.22128,-7.26746e-05,5.88256e-06,6.74476e-05,-6.71723e-05,5.74371e-05,1.27232e-05,-3.96698e-05,7.85035e-05,-5.27184e-06,-8.73143e-05,6.50194e-05,-8.66953e-05,
-8.20631,4.65458,11.1411,9.73244,-0.811881,11.9639,-8.30293,5.79732,20.9009,7.08514,60,14.5558,0,0,0,0,0,0,0,0,0,0,0,0,-0.0032751,0.698864,-1.4523,-0.0276741,0.758833,-1.44046,-0.00765714,0.73815,-1.5007,-0.0235893,0.717491,-1.48595,-0.152483,0.783492,-1.24974,0.149277,0.744072,-1.22294,-0.158621,0.843556,-1.12069,0.105229,25.71,-1.2213,-9.01614e-05,-1.90008e-05,1.34674e-05,-8.50162e-05,3.65188e-05,-3.53154e-05,-5.60095e-05,1.9595e-05,2.43734e-05,-0.000103607,-4.22178e-06,-2.80758e-05,
-8.207,4.65451,11.1423,9.73205,-0.811808,11.9634,-8.30398,5.79723,20.9015,7.08452,60,14.5544,0,0,0,0,0,0,0,0,0,0,0,0,-0.00327411,0.698864,-1.4523,-0.027673,0.758833,-1.44046,-0.00765551,0.73815,-1.5007,-0.0235886,0.717489,-1.48595,-0.15249,0.783492,-1.24972,0.149276,0.744072,-1.22295,-0.158634,0.843554,-1.12068,0.105223,25.71,-1.22132,9.94185e-05,-5.84288e-07,-9.80274e-05,0.00010466,-1.15083e-05,1.31795e-05,0.000129752,-9.11714e-06,1.88217e-05,8.59162e-05,-9.31532e-05,9.27227e-05,
-8.20627,4.65468,11.1406,9.73266,-0.812111,11.9643,-8.30337,5.79762,20.9004,7.08468,60,14.5562,0,0,0,0,0,0,0,0,0,0,0,0,-0.00327281,0.698864,-1.4523,-0.0276715,0.758833,-1.44046,-0.00765327,0.73815,-1.5007,-0.0235873,0.717488,-1.48595,-0.152479,0.783494,-1.24975,0.149285,0.744068,-1.22293,-0.158624,0.843561,-1.1207,0.105226,25.71,-1.22129,-6.13197e-05,-1.70419e-05,6.3848e-06,-5.55889e-05,2.96927e-05,-7.14648e-06,-1.30195e-05,-1.33289e-06,2.39157e-05,4.90266e-05,-3.82684e-05,3.73883e-05,
-8.20629,4.65468,11.1401,9.73245,-0.812248,11.964,-8.30244,5.79659,20.8996,7.08535,60,14.5566,0,0,0,0,0,0,0,0,0,0,0,0,-0.00327526,0.698864,-1.4523,-0.0276739,0.758833,-1.44046,-0.00765477,0.738151,-1.5007,-0.0235899,0.717488,-1.48595,-0.152483,0.783494,-1.24975,0.149277,0.744066,-1.22294,-0.158609,0.843544,-1.12071,0.105232,25.71,-1.22129,-0.000101253,-1.82926e-05,4.16554e-05,-9.4648e-05,2.97687e-05,2.69503e-05,-5.00706e-05,4.92405e-05,-3.93629e-06,-9.76863e-05,4.39756e-05,-6.0587e-05,
-8.20717,4.65421,11.143,9.73239,-0.811388,11.9637,-8.30587,5.79771,20.9032,7.08395,60,14.555,0,0,0,0,0,0,0,0,0,0,0,0,-0.00327384,0.698864,-1.4523,-0.0276723,0.758833,-1.44046,-0.00765246,0.738152,-1.5007,-0.0235885,0.717489,-1.48595,-0.152491,0.783487,-1.24971,0.149285,0.74408,-1.22294,-0.158663,0.843568,-1.12065,0.105215,25.71,-1.22131,0.000167069,3.96897e-05,-5.7985e-05,0.000174411,-2.82214e-05,0.000105636,0.000209126,0.000108706,-0.000111922,0.000162883,-7.52813e-06,6.06659e-05,
-8.20715,4.65418,11.1406,9.73188,-0.812083,11.9631,-8.30469,5.79665,20.9014,7.08429,60,14.5558,0,0,0,0,0,0,0,0,0,0,0,0,-0.00327031,0.698865,-1.4523,-0.0276687,0.758833,-1.44046,-0.00764807,0.738154,-1.50071,-0.0235849,0.717488,-1.48595,-0.152487,0.783487,-1.24975,0.149279,0.744067,-1.22295,-0.158637,0.843549,-1.12068,0.105225,25.71,-1.2213,0.00015763,1.21428e-05,-3.00092e-05,0.00016495,-2.39965e-05,0.000105566,0.000213787,3.94205e-05,-2.83861e-05,0.000167487,-3.15285e-05,4.87138e-05,
-8.20557,4.65485,11.1397,9.73286,-0.811971,11.9641,-8.30294,5.79729,20.9003,7.08586,60,14.5573,0,0,0,0,0,0,0,0,0,0,0,0,-0.0032734,0.698864,-1.4523,-0.0276716,0.758834,-1.44046,-0.00765107,0.738154,-1.5007,-0.023589,0.717489,-1.48595,-0.152474,0.783495,-1.24976,0.149281,0.744073,-1.22293,-0.158621,0.843558,-1.1207,0.105236,25.71,-1.22128,-0.000347504,-9.75945e-05,0.00018803,-0.000341223,8.33537e-05,-6.9073e-05,-0.000300093,-3.95861e-05,0.000131348,-0.000349211,8.4587e-05,-0.000120979,
-8.20618,4.6549,11.1402,9.73228,-0.812243,11.9633,-8.30298,5.79663,20.8995,7.08537,60,14.5559,0,0,0,0,0,0,0,0,0,0,0,0,-0.0032791,0.698862,-1.4523,-0.0276772,0.758835,-1.44046,-0.00765423,0.738153,-1.5007,-0.0235931,0.717489,-1.48595,-0.152483,0.783496,-1.24975,0.149273,0.744066,-1.22295,-0.158616,0.843546,-1.12071,0.105232,25.71,-1.2213,-1.03183e-05,-3.23218e-05,-1.82205e-05,-3.58837e-06,-5.2091e-06,3.38849e-05,3.78218e-05,-1.70419e-05,6.43254e-05,-8.94053e-06,-6.03638e-05,9.17937e-05,
-8.20739,4.65471,11.1434,9.73211,-0.811612,11.9633,-8.30549,5.79726,20.9019,7.08426,60,14.5532,0,0,0,0,0,0,0,0,0,0,0,0,-0.00327518,0.698863,-1.4523,-0.0276731,0.758833,-1.44046,-0.0076495,0.738153,-1.5007,-0.0235893,0.717487,-1.48595,-0.152494,0.783495,-1.2497,0.14928,0.744075,-1.22294,-0.158651,0.843558,-1.12067,0.105221,25.71,-1.22134,0.00023734,4.71116e-05,-0.000166703,0.00024455,-6.31772e-05,7.75473e-05,0.000276441,2.4685e-05,-3.19647e-05,0.000231546,-0.00014303,0.000189857,
-8.20616,4.65453,11.1417,9.73275,-0.812179,11.9633,-8.30478,5.79719,20.9019,7.08505,60,14.5554,0,0,0,0,0,0,0,0,0,0,0,0,-0.00327266,0.698863,-1.4523,-0.0276704,0.758833,-1.44046,-0.00764591,0.738153,-1.5007,-0.0235867,0.717485,-1.48595,-0.152478,0.78349,-1.24973,0.149286,0.744067,-1.22294,-0.158643,0.843557,-1.12067,0.10523,25.71,-1.2213,-9.77339e-05,-2.26316e-05,4.91118e-06,-9.14076e-05,4.80964e-05,-3.70078e-06,-3.42156e-05,2.3129e-06,2.2738e-05,-8.21915e-05,2.83394e-05,-4.56791e-05,
-8.20496,4.65482,11.1395,9.73342,-0.812448,11.9641,-8.30287,5.79703,20.9002,7.08625,60,14.5578,0,0,0,0,0,0,0,0,0,0,0,0,-0.00327944,0.698862,-1.4523,-0.0276771,0.758835,-1.44046,-0.00765117,0.738154,-1.5007,-0.023593,0.717488,-1.48595,-0.152469,0.783494,-1.24976,0.149286,0.744066,-1.22293,-0.158619,0.843555,-1.1207,0.10524,25.71,-1.22127,-0.000348622,-5.54144e-05,0.000179672,-0.000342412,0.000113,-6.16276e-05,-0.000278731,3.57433e-05,5.48536e-05,-0.000328551,0.000167948,-0.000222363,
-8.20626,4.65434,11.1411,9.73236,-0.811984,11.9627,-8.30407,5.79641,20.9015,7.08537,60,14.5557,0,0,0,0,0,0,0,0,0,0,0,0,-0.00328216,0.698861,-1.4523,-0.0276797,0.758836,-1.44046,-0.00765334,0.738155,-1.5007,-0.023596,0.71749,-1.48595,-0.152484,0.783487,-1.24973,0.149275,0.744072,-1.22295,-0.158635,0.843546,-1.12068,0.105229,25.71,-1.2213,0.000116851,2.57764e-05,-2.4902e-05,0.000123737,-2.69411e-05,0.000114122,4.46027e-05,8.05208e-05,-4.28713e-05,-2.5551e-06,1.90098e-05,1.09739e-05,
-8.20698,4.65442,11.1423,9.73172,-0.812157,11.9619,-8.30546,5.79636,20.9022,7.0844,60,14.5542,0,0,0,0,0,0,0,0,0,0,0,0,-0.00327615,0.698862,-1.4523,-0.0276753,0.758835,-1.44046,-0.00764823,0.738156,-1.5007,-0.0235917,0.717488,-1.48595,-0.152488,0.78349,-1.24972,0.149274,0.744067,-1.22297,-0.158647,0.843546,-1.12066,0.105224,25.71,-1.22132,0.000218525,5.10614e-05,-0.000131865,0.000357333,-8.17649e-05,0.00011215,0.000373101,5.54643e-05,-6.18631e-05,0.000328567,-0.000140357,0.000193816,
-8.20605,4.65515,11.1424,9.73286,-0.812179,11.964,-8.30458,5.79758,20.9011,7.08544,60,14.5541,0,0,0,0,0,0,0,0,0,0,0,0,-0.00327553,0.698862,-1.4523,-0.0276728,0.758835,-1.44046,-0.00764489,0.738155,-1.5007,-0.0235895,0.717485,-1.48595,-0.152479,0.7835,-1.24972,0.149286,0.744069,-1.22293,-0.158639,0.843562,-1.12068,0.105234,25.71,-1.22133,-0.000108151,-5.60455e-05,-1.87234e-05,-0.000103018,3.41808e-05,-0.000126793,-5.62186e-05,-0.000124777,0.000151522,-0.000103582,-9.83331e-05,3.62421e-05,
-8.20542,4.65544,11.1409,9.73349,-0.812486,11.965,-8.30325,5.79735,20.8989,7.08616,60,14.5556,0,0,0,0,0,0,0,0,0,0,0,0,-0.00328074,0.69886,-1.4523,-0.0276779,0.758836,-1.44046,-0.00764893,0.738152,-1.5007,-0.0235945,0.717484,-1.48595,-0.152476,0.783503,-1.24974,0.149289,0.744065,-1.22292,-0.158621,0.843557,-1.12071,0.105239,25.71,-1.2213,-0.000216482,-6.566e-05,6.96965e-05,-0.000211888,5.98682e-05,-0.000109355,-0.000166047,-6.61851e-05,0.000146357,-0.000214515,1.25797e-05,-6.40585e-05,
-8.20617,4.65495,11.1402,9.73272,-0.812283,11.9636,-8.30403,5.79638,20.9,7.08543,60,14.5568,0,0,0,0,0,0,0,0,0,0,0,0,-0.00328211,0.69886,-1.4523,-0.0276792,0.758837,-1.44046,-0.00764963,0.738153,-1.5007,-0.0235961,0.717485,-1.48595,-0.152484,0.783496,-1.24975,0.149281,0.744068,-1.22294,-0.15863,0.843545,-1.1207,0.105231,25.71,-1.22128,6.75043e-05,1.68268e-05,5.52177e-05,7.39952e-05,7.39265e-06,0.000106625,9.49859e-05,0.000127245,-0.000113454,4.80974e-05,4.19428e-05,-3.90475e-05,
-8.20744,4.65453,11.1418,9.7318,-0.812082,11.9627,-8.30593,5.79603,20.9021,7.08441,60,14.5555,0,0,0,0,0,0,0,0,0,0,0,0,-0.00327647,0.698861,-1.4523,-0.0276734,0.758836,-1.44046,-0.00764364,0.738157,-1.5007,-0.0235911,0.717486,-1.48595,-0.152495,0.783491,-1.24973,0.149276,0.74407,-1.22295,-0.158653,0.843544,-1.12067,0.105223,25.71,-1.2213,0.00029981,7.96904e-05,-5.52511e-05,0.000306672,-4.59262e-05,0.000175918,0.000316183,0.000193967,-0.00018915,0.000270298,4.17927e-06,4.56161e-05,
-8.20663,4.6552,11.1407,9.73235,-0.81256,11.9642,-8.3048,5.79667,20.9002,7.08533,60,14.5563,0,0,0,0,0,0,0,0,0,0,0,0,-0.00327255,0.698862,-1.4523,-0.0276693,0.758836,-1.44046,-0.00763905,0.738159,-1.5007,-0.0235876,0.717485,-1.48595,-0.152486,0.783502,-1.24974,0.149281,0.744063,-1.22292,-0.158636,0.843553,-1.1207,0.105235,25.71,-1.22129,-6.89753e-05,-2.75266e-05,2.46495e-05,-6.34352e-05,3.46287e-05,-4.43796e-05,-2.77031e-05,-1.34234e-05,5.33785e-05,-7.50081e-05,-2.08677e-05,-8.45477e-06,
-8.20587,4.6555,11.1411,9.73282,-0.812241,11.9645,-8.30428,5.79696,20.9,7.08593,60,14.5562,0,0,0,0,0,0,0,0,0,0,0,0,-0.00327593,0.698861,-1.4523,-0.0276735,0.758837,-1.44046,-0.00764239,0.738158,-1.5007,-0.0235918,0.717485,-1.48595,-0.152481,0.783505,-1.24974,0.149281,0.74407,-1.22292,-0.158634,0.843555,-1.1207,0.105237,25.71,-1.22129,-0.000289574,-7.98099e-05,3.00712e-05,-0.000232382,5.06038e-05,-0.00011446,-0.000189218,-8.74389e-05,0.00016467,-0.000236991,-3.47243e-05,-1.3147e-05,
-8.20663,4.65524,11.1423,9.73251,-0.811935,11.9638,-8.30552,5.79689,20.9011,7.08528,60,14.5546,0,0,0,0,0,0,0,0,0,0,0,0,-0.00327827,0.69886,-1.4523,-0.0276749,0.758837,-1.44046,-0.0076431,0.738157,-1.5007,-0.0235935,0.717484,-1.48595,-0.152489,0.783501,-1.24972,0.149281,0.744074,-1.22293,-0.158651,0.843555,-1.12068,0.10523,25.71,-1.22131,3.02424e-05,-1.64364e-05,-2.78875e-05,3.57242e-05,-1.43875e-05,2.21051e-06,6.11953e-05,-9.72961e-06,1.43451e-05,1.50869e-05,-7.6054e-05,9.0427e-05,
-8.20625,4.65535,11.1407,9.73289,-0.812347,11.9642,-8.30484,5.79679,20.8999,7.08566,60,14.5558,0,0,0,0,0,0,0,0,0,0,0,0,-0.00327706,0.69886,-1.4523,-0.0276735,0.758836,-1.44046,-0.00764131,0.738158,-1.5007,-0.0235927,0.717483,-1.48595,-0.152482,0.783503,-1.24974,0.149288,0.744066,-1.22292,-0.158638,0.843555,-1.1207,0.105237,25.71,-1.2213,-2.17917e-05,-1.17431e-05,3.11747e-05,-1.57264e-05,-3.10095e-06,6.10452e-05,8.71283e-06,4.11661e-05,1.87861e-05,-3.81626e-05,4.47591e-06,-2.22108e-06,
-8.20644,4.65532,11.1411,9.73256,-0.812359,11.9631,-8.30445,5.79574,20.9004,7.08594,60,14.5552,0,0,0,0,0,0,0,0,0,0,0,0,-0.00327891,0.69886,-1.4523,-0.0276753,0.758837,-1.44046,-0.00764251,0.738159,-1.5007,-0.0235949,0.717483,-1.48595,-0.152488,0.783502,-1.24973,0.14928,0.744067,-1.22294,-0.158633,0.843539,-1.12069,0.105239,25.71,-1.22131,-2.67271e-05,1.5461e-06,7.26333e-05,-2.07786e-05,5.6333e-06,7.69262e-05,-1.20064e-06,0.000107519,-4.64112e-05,-4.82089e-05,4.32889e-05,-2.91052e-05,
-8.20655,4.65518,11.1409,9.73229,-0.812563,11.9625,-8.30503,5.79583,20.9011,7.08561,60,14.5557,0,0,0,0,0,0,0,0,0,0,0,0,-0.00327766,0.69886,-1.4523,-0.0276739,0.758837,-1.44045,-0.00764081,0.738162,-1.5007,-0.0235941,0.717484,-1.48595,-0.152486,0.7835,-1.24974,0.149278,0.744063,-1.22295,-0.158639,0.843543,-1.12068,0.105236,25.71,-1.2213,5.83263e-05,2.21751e-05,1.55837e-05,6.4236e-05,-1.1135e-05,0.000108025,8.32583e-05,0.000104063,-7.49775e-05,3.63706e-05,1.42889e-05,-2.17857e-06,
-8.20637,4.65508,11.1418,9.7325,-0.812584,11.9631,-8.30532,5.79621,20.9015,7.08564,60,14.5552,0,0,0,0,0,0,0,0,0,0,0,0,-0.00327748,0.69886,-1.4523,-0.0276736,0.758837,-1.44045,-0.00763991,0.738163,-1.5007,-0.023594,0.717484,-1.48595,-0.152485,0.783498,-1.24972,0.14928,0.744063,-1.22294,-0.158646,0.843549,-1.12067,0.105236,25.71,-1.22131,-3.32752e-05,-1.11399e-05,-2.0586e-05,-2.78017e-05,2.12952e-05,-1.85369e-05,5.6892e-06,4.60122e-06,-1.00695e-05,-7.80266e-06,-1.05566e-05,1.97834e-05,
-8.20596,4.65541,11.1403,9.73254,-0.812847,11.9637,-8.30412,5.79605,20.8996,7.08618,60,14.5561,0,0,0,0,0,0,0,0,0,0,0,0,-0.00327873,0.69886,-1.4523,-0.0276747,0.758837,-1.44045,-0.00764043,0.738162,-1.5007,-0.0235956,0.717483,-1.48595,-0.15248,0.783503,-1.24975,0.149278,0.744059,-1.22293,-0.158626,0.843543,-1.12071,0.105242,25.71,-1.22129,-9.84227e-05,-3.89224e-05,-2.73522e-05,-9.3434e-05,2.16006e-05,-8.56273e-05,-5.48958e-05,-7.01611e-05,8.76461e-05,-0.000102283,-7.66368e-05,2.69092e-05,
-8.20656,4.65561,11.1425,9.73247,-0.812595,11.9637,-8.3046,5.79601,20.9,7.08599,60,14.5538,0,0,0,0,0,0,0,0,0,0,0,0,-0.00328034,0.698859,-1.4523,-0.0276762,0.758838,-1.44046,-0.00764117,0.738161,-1.5007,-0.0235973,0.717481,-1.48594,-0.15249,0.783507,-1.24971,0.149279,0.744063,-1.22294,-0.158632,0.843541,-1.1207,0.105239,25.71,-1.22133,2.65859e-05,5.28345e-06,-0.000117202,3.18738e-05,-9.38377e-06,-3.8461e-05,6.35668e-05,-5.29779e-05,3.71895e-05,1.76014e-05,-0.000112345,0.00012066,
-8.20671,4.65547,11.1422,9.73221,-0.812298,11.9632,-8.30583,5.79643,20.9014,7.08528,60,14.5548,0,0,0,0,0,0,0,0,0,0,0,0,-0.00327749,0.69886,-1.4523,-0.0276737,0.758837,-1.44046,-0.00763815,0.73816,-1.5007,-0.0235951,0.717479,-1.48594,-0.152487,0.783505,-1.24972,0.14928,0.744067,-1.22294,-0.158648,0.843549,-1.12067,0.105232,25.71,-1.22131,0.00012586,2.50057e-05,-0.000150954,0.000173705,-3.39843e-05,1.13939e-05,0.000204616,-9.30839e-06,-1.83637e-05,0.000158981,-0.000114869,0.000111437,
-8.2063,4.65536,11.1414,9.73247,-0.812837,11.9633,-8.30481,5.79586,20.9008,7.08604,60,14.5555,0,0,0,0,0,0,0,0,0,0,0,0,-0.00327725,0.69886,-1.45231,-0.0276729,0.758837,-1.44046,-0.00763643,0.738161,-1.5007,-0.0235943,0.717478,-1.48594,-0.152484,0.783503,-1.24973,0.14928,0.744059,-1.22294,-0.158633,0.843541,-1.12068,0.105242,25.71,-1.2213,-5.6432e-05,8.93602e-06,6.3065e-07,-5.0055e-05,4.55103e-05,4.79273e-06,2.14565e-06,3.74082e-05,-3.21027e-05,-4.55255e-05,3.65631e-05,-3.62014e-05,
-8.20599,4.65555,11.1427,9.73304,-0.812205,11.9639,-8.30592,5.79695,20.9021,7.08594,60,14.5552,0,0,0,0,0,0,0,0,0,0,0,0,-0.00328028,0.698859,-1.4523,-0.0276758,0.758838,-1.44046,-0.00763797,0.738161,-1.5007,-0.023597,0.717479,-1.48594,-0.152482,0.783505,-1.24971,0.149287,0.744071,-1.22293,-0.158655,0.84356,-1.12066,0.105236,25.71,-1.22131,-8.41151e-05,-2.09043e-05,6.24129e-06,-7.75144e-05,2.43374e-05,-3.24064e-05,-2.39402e-05,3.47242e-06,2.40378e-05,-7.18521e-05,1.32965e-05,-4.96261e-05,
-8.20595,4.65549,11.1417,9.73285,-0.812475,11.9636,-8.30531,5.79634,20.901,7.08615,60,14.5553,0,0,0,0,0,0,0,0,0,0,0,0,-0.003281,0.698859,-1.45231,-0.0276764,0.758838,-1.44046,-0.00763765,0.738161,-1.5007,-0.0235976,0.717478,-1.48594,-0.152481,0.783503,-1.24973,0.149284,0.744066,-1.22294,-0.158643,0.843548,-1.12068,0.105241,25.71,-1.2213,-4.86586e-05,-3.71178e-05,1.04252e-05,-4.22622e-05,1.58312e-06,-9.95444e-07,8.68878e-06,-2.07694e-05,6.03633e-05,-3.87448e-05,-2.01575e-05,-9.54804e-06,
-8.20588,4.65592,11.1419,9.73317,-0.81229,11.9638,-8.30545,5.79678,20.9009,7.08625,60,14.5548,0,0,0,0,0,0,0,0,0,0,0,0,-0.00328259,0.698858,-1.4523,-0.0276779,0.758838,-1.44046,-0.00763818,0.738161,-1.5007,-0.0235991,0.717478,-1.48594,-0.152482,0.783509,-1.24972,0.149288,0.74407,-1.22293,-0.158646,0.843557,-1.12068,0.10524,25.71,-1.22131,-5.10101e-05,-5.56291e-05,6.67861e-05,-4.46507e-05,2.92439e-06,4.30977e-05,-5.00782e-06,-1.59765e-06,4.00485e-05,-5.20327e-05,-1.24515e-05,4.78041e-06,
-8.20613,4.65568,11.1423,9.73295,-0.812229,11.9632,-8.30597,5.79635,20.9015,7.08607,60,14.5544,0,0,0,0,0,0,0,0,0,0,0,0,-0.0032826,0.698857,-1.4523,-0.0276777,0.758838,-1.44046,-0.00763734,0.738161,-1.5007,-0.0235992,0.717478,-1.48594,-0.152484,0.783505,-1.24971,0.149286,0.74407,-1.22294,-0.158653,0.84355,-1.12067,0.105239,25.71,-1.22132,2.87014e-05,-3.71619e-05,5.54825e-05,3.51678e-05,-2.00425e-05,6.8089e-05,6.37365e-05,3.91439e-05,-7.06126e-06,1.68294e-05,-7.33085e-06,8.1264e-06,
-8.20608,4.65572,11.1412,9.73279,-0.812507,11.963,-8.3059,5.79604,20.901,7.08613,60,14.5554,0,0,0,0,0,0,0,0,0,0,0,0,-0.00328184,0.698856,-1.4523,-0.0276769,0.758838,-1.44045,-0.00763608,0.738162,-1.5007,-0.0235988,0.717478,-1.48594,-0.152483,0.783505,-1.24973,0.149284,0.744065,-1.22294,-0.158651,0.843547,-1.12068,0.10524,25.71,-1.2213,4.35557e-06,-2.91043e-05,0.000115258,4.09754e-05,-1.35197e-06,9.88571e-05,6.30667e-05,9.03647e-05,-8.00331e-06,1.60421e-05,4.20316e-05,-4.48022e-05,
-8.20596,4.65585,11.1419,9.73304,-0.812603,11.9631,-8.30552,5.79583,20.9011,7.08666,60,14.5546,0,0,0,0,0,0,0,0,0,0,0,0,-0.00328289,0.698856,-1.4523,-0.0276778,0.758838,-1.44045,-0.00763651,0.738164,-1.5007,-0.0236002,0.717479,-1.48594,-0.152484,0.783507,-1.24971,0.149285,0.744064,-1.22294,-0.158647,0.843544,-1.12068,0.105246,25.71,-1.22132,-8.28302e-05,-3.33626e-05,0.000133974,-7.71299e-05,3.04862e-05,3.00914e-05,-5.53736e-05,6.209e-05,-7.84874e-07,-0.000103138,5.4912e-05,-8.15737e-05,
-8.20587,4.656,11.1407,9.73313,-0.812702,11.9639,-8.30564,5.79625,20.9001,7.08652,60,14.5559,0,0,0,0,0,0,0,0,0,0,0,0,-0.00328377,0.698855,-1.4523,-0.0276786,0.758839,-1.44045,-0.00763691,0.738165,-1.5007,-0.0236016,0.71748,-1.48595,-0.152482,0.783508,-1.24973,0.149287,0.744063,-1.22293,-0.158649,0.843552,-1.12069,0.105243,25.71,-1.22129,-2.10636e-05,-4.03732e-05,9.35794e-05,-1.61595e-05,2.12153e-05,1.84653e-05,-3.93547e-08,2.91206e-05,3.54804e-05,-4.71855e-05,1.83223e-05,-4.23623e-05,
-8.20647,4.65572,11.1416,9.73286,-0.812556,11.9638,-8.30619,5.79572,20.9004,7.08624,60,14.5549,0,0,0,0,0,0,0,0,0,0,0,0,-0.00328327,0.698854,-1.45229,-0.0276779,0.758839,-1.44045,-0.00763605,0.738165,-1.5007,-0.0236017,0.71748,-1.48595,-0.152489,0.783504,-1.24972,0.149286,0.744065,-1.22293,-0.158655,0.843544,-1.12069,0.10524,25.71,-1.22131,9.40339e-05,-2.51153e-07,3.04333e-05,9.93544e-05,-4.13114e-06,5.06546e-05,0.000105016,5.57283e-05,-1.24844e-05,5.86894e-05,-1.56229e-05,-2.00327e-06,
-8.20661,4.65578,11.141,9.73262,-0.812418,11.9636,-8.30688,5.7959,20.9009,7.08583,60,14.5557,0,0,0,0,0,0,0,0,0,0,0,0,-0.00328056,0.698854,-1.45229,-0.0276751,0.758838,-1.44045,-0.00763326,0.738167,-1.5007,-0.0235998,0.717479,-1.48595,-0.152488,0.783505,-1.24973,0.149286,0.744067,-1.22293,-0.158663,0.843548,-1.12068,0.105237,25.71,-1.22129,0.000164402,-4.5553e-06,1.96419e-05,0.000169267,-1.8226e-05,5.85409e-05,0.00016705,5.77605e-05,-2.39271e-05,0.000121081,-3.73271e-05,3.03239e-05,
-8.20631,4.65581,11.1401,9.73234,-0.812519,11.9632,-8.3059,5.79525,20.9005,7.0864,60,14.5564,0,0,0,0,0,0,0,0,0,0,0,0,-0.00327938,0.698854,-1.45229,-0.0276739,0.758839,-1.44045,-0.00763189,0.738168,-1.5007,-0.0235994,0.717479,-1.48595,-0.152485,0.783505,-1.24974,0.149278,0.744066,-1.22294,-0.158648,0.843537,-1.12069,0.105243,25.71,-1.22128,-8.40976e-06,-1.47475e-05,5.94255e-05,-4.13888e-06,2.12357e-05,-2.33526e-06,3.47178e-06,3.32911e-05,2.88765e-05,-4.34998e-05,-1.47132e-05,-1.64785e-05,
-8.20635,4.65637,11.1405,9.7323,-0.812438,11.9642,-8.3057,5.79592,20.8996,7.08651,60,14.5558,0,0,0,0,0,0,0,0,0,0,0,0,-0.00328023,0.698853,-1.45229,-0.0276746,0.758839,-1.44045,-0.00763249,0.738167,-1.50069,-0.0236011,0.717478,-1.48595,-0.152487,0.783514,-1.24974,0.149276,0.744067,-1.22292,-0.158645,0.843546,-1.1207,0.105243,25.71,-1.22129,-9.46575e-06,-3.10998e-05,-2.66182e-05,-6.02694e-06,4.2787e-07,-9.89869e-05,1.27715e-06,-6.66363e-05,9.77445e-05,-4.50852e-05,-0.000120186,8.88202e-05,
-8.20685,4.65648,11.1425,9.7321,-0.812287,11.964,-8.30611,5.79574,20.9002,7.08635,60,14.5539,0,0,0,0,0,0,0,0,0,0,0,0,-0.00327957,0.698853,-1.45229,-0.0276739,0.758839,-1.44045,-0.00763159,0.738165,-1.50069,-0.0236012,0.717474,-1.48594,-0.152493,0.783516,-1.24971,0.149275,0.74407,-1.22293,-0.15865,0.84354,-1.12069,0.105242,25.71,-1.22132,6.47521e-05,-1.2106e-05,-0.000134941,6.80566e-05,-8.69063e-06,-0.000119982,7.59045e-05,-8.52182e-05,9.80323e-05,3.04461e-05,-0.000180236,0.000129788,
-8.20667,4.65661,11.1432,9.73271,-0.812458,11.9645,-8.30637,5.79618,20.9008,7.08666,60,14.5534,0,0,0,0,0,0,0,0,0,0,0,0,-0.00327853,0.698853,-1.4523,-0.0276728,0.758839,-1.44046,-0.00763022,0.738164,-1.50069,-0.0236008,0.717472,-1.48594,-0.152491,0.783518,-1.24969,0.149285,0.744068,-1.22292,-0.158655,0.843548,-1.12067,0.105246,25.71,-1.22133,-3.06942e-05,-3.92362e-06,-4.66739e-05,-2.67946e-05,3.23029e-05,-0.000111562,-6.80729e-06,-3.2052e-05,4.41629e-05,-5.37117e-05,-5.74288e-05,2.44401e-05,
-8.20572,4.65653,11.1408,9.73321,-0.81288,11.9645,-8.3052,5.79588,20.8999,7.08729,60,14.556,0,0,0,0,0,0,0,0,0,0,0,0,-0.00328069,0.698852,-1.4523,-0.0276749,0.75884,-1.44046,-0.00763179,0.738164,-1.50069,-0.0236032,0.717472,-1.48594,-0.15248,0.783516,-1.24973,0.149289,0.744062,-1.22292,-0.158639,0.843544,-1.12069,0.105252,25.71,-1.22129,-0.000163745,-3.55932e-05,9.66041e-05,-0.000158797,6.44254e-05,-6.01527e-05,-0.00012458,2.26021e-05,3.92386e-05,-0.000173278,7.39967e-05,-0.000124367,
-8.20636,4.65591,11.142,9.73274,-0.812657,11.9633,-8.30631,5.79521,20.9017,7.08676,60,14.5553,0,0,0,0,0,0,0,0,0,0,0,0,-0.00328302,0.698852,-1.45229,-0.0276771,0.758841,-1.44046,-0.00763335,0.738166,-1.50069,-0.0236058,0.717475,-1.48595,-0.152489,0.783506,-1.24971,0.149283,0.744067,-1.22294,-0.158656,0.843538,-1.12066,0.105245,25.71,-1.22131,3.32145e-05,2.79742e-05,4.96711e-05,3.96831e-05,3.36693e-05,8.72278e-05,6.27911e-05,0.000155438,-0.000126391,1.53442e-05,8.77953e-05,-7.87337e-05,
-8.20662,4.65618,11.1404,9.73244,-0.813279,11.964,-8.30587,5.79509,20.8997,7.08667,60,14.5561,0,0,0,0,0,0,0,0,0,0,0,0,-0.00327993,0.698853,-1.45229,-0.0276738,0.758841,-1.44046,-0.0076297,0.738169,-1.50069,-0.0236031,0.717475,-1.48595,-0.152489,0.783511,-1.24974,0.149282,0.744054,-1.22293,-0.158643,0.843536,-1.1207,0.105247,25.71,-1.22129,9.01376e-05,7.78667e-06,3.73071e-05,9.64963e-05,1.79938e-06,6.988e-05,0.000121576,7.18323e-05,-6.37491e-05,7.49975e-05,1.57663e-05,-9.50255e-06,
-8.20668,4.65639,11.1419,9.73253,-0.812517,11.964,-8.30661,5.79544,20.9005,7.08658,60,14.5548,0,0,0,0,0,0,0,0,0,0,0,0,-0.0032799,0.698852,-1.45229,-0.0276737,0.758841,-1.44045,-0.00762886,0.738169,-1.50069,-0.0236032,0.717475,-1.48595,-0.152492,0.783513,-1.24971,0.149282,0.744068,-1.22293,-0.158656,0.843541,-1.12068,0.105244,25.71,-1.22131,2.89675e-05,-2.44598e-05,-1.2972e-05,3.48145e-05,-1.81652e-05,2.09441e-05,6.92252e-05,-1.26386e-05,5.74896e-05,2.24029e-05,-5.97484e-05,6.30303e-05,
-8.20713,4.65676,11.1423,9.7325,-0.812828,11.9648,-8.30669,5.7955,20.8994,7.08654,60,14.5539,0,0,0,0,0,0,0,0,0,0,0,0,-0.00327845,0.698852,-1.45229,-0.0276721,0.758841,-1.44045,-0.00762668,0.738169,-1.50069,-0.0236019,0.717473,-1.48594,-0.152497,0.783519,-1.24971,0.149285,0.744061,-1.22291,-0.158654,0.84354,-1.1207,0.105246,25.71,-1.22132,8.84635e-05,-3.81899e-05,-4.61236e-05,9.45964e-05,-3.02107e-05,-1.97893e-06,0.00013256,-4.3474e-05,6.35648e-05,8.62657e-05,-9.32192e-05,9.27491e-05,
-8.20627,4.65655,11.1417,9.73291,-0.812362,11.9638,-8.30707,5.79568,20.9012,7.08677,60,14.5557,0,0,0,0,0,0,0,0,0,0,0,0,-0.00327907,0.698851,-1.45229,-0.0276726,0.758841,-1.44045,-0.00762621,0.738168,-1.50069,-0.0236024,0.717472,-1.48594,-0.152486,0.783514,-1.24972,0.149288,0.744071,-1.22293,-0.158664,0.843545,-1.12067,0.105246,25.71,-1.2213,-7.95539e-05,-4.26917e-05,5.57286e-05,-7.29411e-05,1.20607e-05,3.87229e-05,-2.29682e-05,2.17764e-05,1.141e-05,-7.05314e-05,2.19611e-05,-4.51673e-05,
-8.20581,4.65622,11.1403,9.73299,-0.812724,11.9638,-8.30671,5.79549,20.9006,7.08702,60,14.5568,0,0,0,0,0,0,0,0,0,0,0,0,-0.00328123,0.69885,-1.45229,-0.0276746,0.758841,-1.44045,-0.00762712,0.738169,-1.50069,-0.0236043,0.717474,-1.48595,-0.15248,0.783508,-1.24974,0.149286,0.744065,-1.22293,-0.15866,0.843544,-1.12068,0.105248,25.71,-1.22128,-0.000111913,-4.14471e-05,0.000115163,-0.000104575,2.50116e-05,6.43596e-05,-5.35816e-05,6.42711e-05,-7.60077e-06,-0.000101967,8.71195e-05,-8.92646e-05,
-8.20609,4.65659,11.1403,9.73272,-0.812574,11.9636,-8.30628,5.79531,20.8999,7.08709,60,14.5559,0,0,0,0,0,0,0,0,0,0,0,0,-0.00328283,0.698849,-1.45229,-0.0276761,0.758842,-1.44045,-0.00762778,0.73817,-1.50069,-0.0236058,0.717475,-1.48595,-0.152485,0.783514,-1.24974,0.149282,0.744068,-1.22293,-0.158651,0.843539,-1.12069,0.105249,25.71,-1.22129,-7.91586e-06,-3.52684e-05,7.0947e-05,-3.70937e-05,-5.43459e-06,5.83021e-05,2.52356e-06,1.16682e-06,2.95886e-05,-4.46658e-05,-7.07632e-06,2.51117e-05,
-8.20653,4.65678,11.1415,9.73232,-0.812348,11.9636,-8.307,5.79554,20.9003,7.08662,60,14.5546,0,0,0,0,0,0,0,0,0,0,0,0,-0.00328165,0.698849,-1.45229,-0.0276748,0.758841,-1.44045,-0.00762588,0.738169,-1.50069,-0.0236049,0.717473,-1.48594,-0.152489,0.783517,-1.24972,0.149279,0.74407,-1.22293,-0.158659,0.843541,-1.12068,0.105245,25.71,-1.22131,0.000102933,-1.67524e-05,-8.19461e-05,0.000108439,-5.26496e-05,1.7795e-05,0.000132752,-5.0929e-05,5.97201e-05,8.72252e-05,-0.000156922,0.000145593,
-8.20639,4.65695,11.1418,9.73244,-0.812474,11.9639,-8.30678,5.79568,20.9001,7.08687,60,14.5544,0,0,0,0,0,0,0,0,0,0,0,0,-0.00327956,0.698848,-1.45229,-0.0276726,0.75884,-1.44045,-0.00762302,0.738168,-1.50069,-0.0236031,0.717469,-1.48594,-0.152486,0.78352,-1.24972,0.149281,0.744068,-1.22293,-0.158654,0.843542,-1.12068,0.105249,25.71,-1.22131,7.66471e-06,-1.22413e-05,-9.70128e-05,1.27206e-05,-1.72109e-06,-5.60577e-05,4.39995e-05,-6.02487e-05,8.49245e-05,-2.48288e-06,-0.00012319,9.06936e-05,
-8.20584,4.65703,11.141,9.73292,-0.812466,11.9646,-8.3067,5.79622,20.9002,7.08708,60,14.556,0,0,0,0,0,0,0,0,0,0,0,0,-0.00328113,0.698848,-1.45229,-0.027674,0.758841,-1.44045,-0.00762374,0.738167,-1.50069,-0.0236048,0.717468,-1.48594,-0.152481,0.783521,-1.24973,0.149286,0.74407,-1.22292,-0.158656,0.843552,-1.12068,0.105249,25.71,-1.22129,-9.46127e-05,-1.48829e-05,-2.35494e-05,-8.93889e-05,4.70139e-05,-7.15009e-05,-5.31657e-05,-1.84575e-05,3.40127e-05,-0.00010053,-1.68357e-05,-2.23406e-05,
-8.20641,4.65691,11.1431,9.73308,-0.812512,11.9648,-8.3071,5.79578,20.9005,7.08716,60,14.5537,0,0,0,0,0,0,0,0,0,0,0,0,-0.00328229,0.698848,-1.45229,-0.0276752,0.758841,-1.44045,-0.00762429,0.738167,-1.50069,-0.0236062,0.717468,-1.48594,-0.152491,0.78352,-1.24969,0.149289,0.744069,-1.22291,-0.158662,0.843546,-1.12068,0.10525,25.71,-1.22133,-6.28001e-05,2.42844e-05,-4.1363e-05,-1.86944e-05,2.87086e-05,-2.81498e-06,1.04939e-05,4.06079e-05,-3.32117e-05,-3.64154e-05,-3.16626e-06,-8.0217e-06,
-8.2059,4.65664,11.14,9.73284,-0.812508,11.9637,-8.30719,5.7955,20.9011,7.08696,60,14.5574,0,0,0,0,0,0,0,0,0,0,0,0,-0.00328162,0.698848,-1.45229,-0.0276743,0.758842,-1.44045,-0.00762296,0.738169,-1.50069,-0.0236059,0.717468,-1.48594,-0.15248,0.783515,-1.24975,0.149287,0.744069,-1.22293,-0.158662,0.843545,-1.12067,0.105247,25.71,-1.22126,1.62047e-06,1.13871e-05,3.02476e-05,7.35784e-06,2.27687e-05,7.78339e-05,2.9881e-05,0.000131431,-7.69313e-05,-1.76562e-05,7.15176e-05,-5.91608e-05,
-8.20636,4.6566,11.1415,9.73287,-0.812557,11.9644,-8.30727,5.7954,20.9008,7.08715,60,14.5553,0,0,0,0,0,0,0,0,0,0,0,0,-0.00328241,0.698849,-1.45229,-0.027675,0.758842,-1.44045,-0.00762314,0.738172,-1.50069,-0.023607,0.71747,-1.48594,-0.152489,0.783515,-1.24972,0.149287,0.744069,-1.22292,-0.158664,0.843546,-1.12068,0.10525,25.71,-1.2213,3.92071e-06,2.20622e-05,5.48202e-05,9.83614e-06,1.5726e-05,6.67678e-05,2.77023e-05,0.000108082,-5.64973e-05,-1.90651e-05,3.22637e-05,-2.40466e-05,
-8.20668,4.65702,11.1416,9.73256,-0.812574,11.9642,-8.30713,5.79536,20.9,7.08706,60,14.5545,0,0,0,0,0,0,0,0,0,0,0,0,-0.00328126,0.698849,-1.45229,-0.0276737,0.758842,-1.44045,-0.00762172,0.738172,-1.50069,-0.0236064,0.717469,-1.48594,-0.152491,0.783522,-1.24972,0.149284,0.744067,-1.22292,-0.158658,0.843542,-1.12069,0.10525,25.71,-1.22131,8.41623e-05,2.32646e-06,-6.58079e-05,8.90252e-05,-3.17752e-05,8.63468e-06,9.5815e-05,-1.68328e-05,2.29429e-05,4.98767e-05,-0.00012219,0.000120592,
-8.20653,4.65702,11.142,9.73278,-0.812807,11.9644,-8.30704,5.79521,20.8998,7.08734,60,14.5542,0,0,0,0,0,0,0,0,0,0,0,0,-0.00328086,0.698849,-1.45229,-0.0276732,0.758842,-1.44045,-0.007621,0.738172,-1.50069,-0.0236067,0.717467,-1.48594,-0.152491,0.783522,-1.24971,0.149286,0.744063,-1.22292,-0.158658,0.84354,-1.12069,0.105253,25.71,-1.22132,-1.64747e-05,-5.19359e-06,-3.61074e-06,-1.15304e-05,4.68821e-06,-7.36609e-06,2.55536e-06,1.39786e-06,4.6077e-05,-4.40014e-05,-6.49971e-05,7.61437e-05,
-8.20618,4.65674,11.1422,9.73312,-0.812526,11.9638,-8.30784,5.79535,20.9014,7.08737,60,14.5544,0,0,0,0,0,0,0,0,0,0,0,0,-0.00328191,0.698849,-1.45229,-0.0276742,0.758842,-1.44045,-0.00762146,0.738173,-1.50069,-0.0236083,0.717467,-1.48594,-0.152487,0.783517,-1.24971,0.149291,0.744069,-1.22293,-0.158674,0.843545,-1.12066,0.105251,25.71,-1.22131,-5.0843e-05,6.37189e-06,5.74259e-05,-4.48887e-05,2.3963e-05,4.6183e-05,-2.34244e-05,8.58582e-05,-1.87987e-05,-7.03191e-05,3.35879e-05,1.24637e-05,
-8.20564,4.65638,11.1396,9.73311,-0.813013,11.9642,-8.3073,5.79515,20.9003,7.0875,60,14.5573,0,0,0,0,0,0,0,0,0,0,0,0,-0.00328263,0.698849,-1.45229,-0.0276748,0.758843,-1.44045,-0.00762176,0.738175,-1.50069,-0.0236096,0.717468,-1.48594,-0.152478,0.783511,-1.24975,0.149289,0.744062,-1.22292,-0.158664,0.843544,-1.12068,0.105252,25.71,-1.22126,-5.89549e-05,-2.45241e-08,8.6606e-05,-5.30408e-05,4.48623e-05,6.26379e-05,-2.72928e-05,0.000110071,-3.28563e-05,-9.83808e-05,8.0782e-05,-5.82076e-05,
-8.20641,4.65651,11.1427,9.73284,-0.812676,11.9635,-8.30751,5.79452,20.9008,7.08757,60,14.5531,0,0,0,0,0,0,0,0,0,0,0,0,-0.00328449,0.698849,-1.45229,-0.0276765,0.758843,-1.44045,-0.00762296,0.738177,-1.50069,-0.0236116,0.717469,-1.48594,-0.152491,0.783513,-1.2497,0.149285,0.744067,-1.22293,-0.158667,0.843533,-1.12067,0.105253,25.71,-1.22133,3.08249e-05,1.2011e-05,-1.07618e-05,3.63336e-05,-6.9674e-06,5.43516e-05,4.73867e-05,4.44513e-05,1.87772e-06,1.58113e-06,-5.55181e-05,8.04128e-05,
-8.20633,4.65691,11.1416,9.73254,-0.813022,11.963,-8.30714,5.7945,20.9002,7.08766,60,14.5538,0,0,0,0,0,0,0,0,0,0,0,0,-0.00328229,0.698849,-1.45229,-0.0276742,0.758842,-1.44045,-0.00762053,0.738177,-1.50069,-0.0236101,0.717466,-1.48594,-0.152488,0.78352,-1.24972,0.149282,0.74406,-1.22294,-0.158658,0.843531,-1.12068,0.105256,25.71,-1.22132,1.83238e-05,-6.89081e-06,-2.23342e-05,2.3172e-05,-2.29356e-05,1.58147e-05,3.63543e-05,-2.17399e-05,6.31026e-05,-9.51278e-06,-9.21329e-05,0.000102952,
-8.20563,4.65695,11.1424,9.73356,-0.812807,11.9644,-8.30752,5.79564,20.9009,7.08799,60,14.554,0,0,0,0,0,0,0,0,0,0,0,0,-0.00328459,0.698849,-1.45229,-0.0276764,0.758843,-1.44045,-0.00762218,0.738177,-1.50069,-0.0236128,0.717465,-1.48594,-0.152481,0.78352,-1.2497,0.149294,0.744065,-1.22291,-0.15867,0.843552,-1.12067,0.105256,25.71,-1.22132,-0.000131159,-2.38914e-05,1.85195e-05,-0.000126205,3.32436e-05,-5.90143e-05,-9.50545e-05,-1.03925e-05,6.62102e-05,-0.000142175,-1.23158e-05,-3.67538e-06,
-8.20585,4.65698,11.1411,9.73345,-0.81337,11.9648,-8.30652,5.79472,20.8989,7.08824,60,14.5543,0,0,0,0,0,0,0,0,0,0,0,0,-0.00328632,0.698849,-1.45229,-0.027678,0.758844,-1.44045,-0.00762326,0.738177,-1.50069,-0.0236147,0.717465,-1.48594,-0.152485,0.783521,-1.24972,0.149292,0.744056,-1.22291,-0.158652,0.843536,-1.12071,0.10526,25.71,-1.22131,-6.53131e-05,-8.96147e-06,2.96706e-05,-6.01272e-05,3.74069e-05,-2.73679e-05,-3.0179e-05,2.80422e-05,1.56842e-05,-7.72556e-05,1.74708e-06,-1.61193e-05,
-8.20662,4.65652,11.1423,9.73284,-0.813121,11.963,-8.30787,5.79388,20.9009,7.08754,60,14.5539,0,0,0,0,0,0,0,0,0,0,0,0,-0.00328572,0.698849,-1.45229,-0.0276773,0.758844,-1.44045,-0.00762209,0.738179,-1.50069,-0.0236145,0.717466,-1.48594,-0.152494,0.783514,-1.2497,0.149287,0.74406,-1.22293,-0.15867,0.843526,-1.12067,0.105253,25.71,-1.22132,0.000134709,5.01528e-05,6.9823e-06,0.000141052,-2.89107e-06,0.000123888,0.000157622,0.000153921,-0.000107129,0.000111433,3.16163e-05,8.0482e-06,
-8.20652,4.6568,11.141,9.73293,-0.813563,11.9639,-8.30748,5.79417,20.9001,7.0878,60,14.5552,0,0,0,0,0,0,0,0,0,0,0,0,-0.00328228,0.69885,-1.45229,-0.0276737,0.758844,-1.44044,-0.00761792,0.738182,-1.50069,-0.0236115,0.717467,-1.48594,-0.15249,0.78352,-1.24973,0.149289,0.744053,-1.22292,-0.158662,0.843533,-1.12069,0.105257,25.71,-1.2213,5.46828e-05,1.53447e-05,3.33663e-05,-7.87791e-07,3.67287e-05,4.5387e-05,3.7165e-05,8.001e-05,-5.25486e-05,-1.0449e-05,5.06927e-05,-5.56014e-05,
-8.20613,4.65689,11.1412,9.73286,-0.813358,11.9637,-8.3073,5.79403,20.8999,7.08804,60,14.5553,0,0,0,0,0,0,0,0,0,0,0,0,-0.00328461,0.698849,-1.45229,-0.0276759,0.758845,-1.44045,-0.00761909,0.738183,-1.50069,-0.0236136,0.717468,-1.48594,-0.152489,0.78352,-1.24972,0.149283,0.744057,-1.22292,-0.158662,0.843529,-1.12069,0.105258,25.71,-1.2213,-8.35561e-05,-2.84279e-05,2.13735e-05,-7.71103e-05,3.09599e-05,-2.16856e-05,-2.79605e-05,-3.28374e-06,7.05128e-05,-7.53346e-05,-3.03711e-06,-1.11451e-05,
-8.20657,4.65719,11.142,9.73279,-0.813538,11.9641,-8.30747,5.79412,20.8992,7.08794,60,14.5538,0,0,0,0,0,0,0,0,0,0,0,0,-0.0032849,0.698849,-1.45229,-0.0276761,0.758845,-1.44045,-0.00761836,0.738182,-1.50069,-0.0236137,0.717467,-1.48594,-0.152495,0.783525,-1.24971,0.149284,0.744053,-1.22292,-0.158662,0.843529,-1.1207,0.105258,25.71,-1.22132,8.31147e-06,-2.32582e-05,-3.34392e-05,2.17082e-05,-1.06316e-07,-5.63644e-06,7.09859e-05,-3.91175e-05,4.8731e-05,2.45125e-05,-8.15217e-05,7.49848e-05,
-8.20626,4.65725,11.1417,9.73303,-0.81333,11.9643,-8.30788,5.79452,20.8996,7.08779,60,14.5548,0,0,0,0,0,0,0,0,0,0,0,0,-0.00328441,0.698849,-1.45229,-0.0276755,0.758845,-1.44045,-0.00761669,0.738181,-1.50069,-0.023613,0.717465,-1.48593,-0.152489,0.783525,-1.24972,0.149289,0.744057,-1.22291,-0.158667,0.843535,-1.12069,0.105256,25.71,-1.2213,6.59553e-06,-2.93813e-05,-6.6103e-05,1.35452e-05,5.8358e-06,-2.2458e-05,7.04446e-05,-3.34012e-05,4.13813e-05,2.35857e-05,-5.546e-05,5.49098e-05,
-8.20606,4.65702,11.1406,9.73271,-0.813213,11.9634,-8.30778,5.79402,20.9001,7.08778,60,14.556,0,0,0,0,0,0,0,0,0,0,0,0,-0.00328474,0.698848,-1.45229,-0.0276756,0.758845,-1.44045,-0.00761554,0.738181,-1.50069,-0.0236129,0.717465,-1.48593,-0.152486,0.783521,-1.24974,0.149283,0.74406,-1.22293,-0.158665,0.843528,-1.12069,0.105256,25.71,-1.22128,-1.47033e-05,-1.51211e-05,6.7946e-06,-7.32466e-06,9.14148e-06,2.96678e-05,5.68276e-05,3.22053e-05,2.00039e-06,9.50292e-06,7.72949e-06,6.99887e-07,
-8.20646,4.65718,11.1431,9.73287,-0.813072,11.9634,-8.30867,5.79448,20.9013,7.0877,60,14.5535,0,0,0,0,0,0,0,0,0,0,0,0,-0.00328468,0.698848,-1.45229,-0.0276754,0.758845,-1.44044,-0.00761427,0.738182,-1.50069,-0.0236124,0.717465,-1.48594,-0.152493,0.783524,-1.24969,0.149286,0.744062,-1.22293,-0.158679,0.843536,-1.12066,0.105256,25.71,-1.22133,1.09751e-05,1.08557e-06,-2.29702e-05,1.83472e-05,1.37525e-05,4.3315e-05,7.90452e-05,2.06975e-05,-7.8312e-06,3.18339e-05,-1.84426e-05,2.52086e-05,
-8.20628,4.6578,11.1423,9.73328,-0.813343,11.9651,-8.30808,5.79511,20.8991,7.08793,60,14.5538,0,0,0,0,0,0,0,0,0,0,0,0,-0.00328443,0.698848,-1.45229,-0.0276751,0.758845,-1.44045,-0.00761259,0.738181,-1.50069,-0.0236117,0.717463,-1.48593,-0.15249,0.783534,-1.24971,0.149293,0.744057,-1.2229,-0.158667,0.843543,-1.1207,0.10526,25.71,-1.22132,-1.38926e-05,-5.08026e-05,-7.12709e-05,-7.53164e-06,-1.32535e-05,-7.21414e-05,5.63804e-05,-0.000107155,0.00012117,9.30811e-06,-9.94593e-05,5.74194e-05,
-8.20546,4.65795,11.1421,9.73399,-0.812989,11.965,-8.30737,5.79508,20.8992,7.08868,60,14.5544,0,0,0,0,0,0,0,0,0,0,0,0,-0.00328821,0.698846,-1.45229,-0.0276787,0.758846,-1.44045,-0.00761479,0.738178,-1.50068,-0.0236149,0.717463,-1.48593,-0.152484,0.783534,-1.24971,0.149297,0.744065,-1.2229,-0.158662,0.843542,-1.1207,0.105265,25.71,-1.22131,-0.000228307,-6.22309e-05,4.81803e-05,-0.000221917,2.68952e-05,-5.66259e-05,-0.000154912,-5.29149e-05,9.71008e-05,-0.00020339,1.24098e-05,-4.56348e-05,
-8.20623,4.65713,11.1418,9.73311,-0.813122,11.9629,-8.30893,5.79411,20.9012,7.08773,60,14.5552,0,0,0,0,0,0,0,0,0,0,0,0,-0.00328904,0.698846,-1.45229,-0.0276794,0.758846,-1.44045,-0.00761436,0.73818,-1.50068,-0.0236155,0.717464,-1.48594,-0.152491,0.783521,-1.24971,0.149289,0.744062,-1.22293,-0.158682,0.843531,-1.12066,0.105255,25.71,-1.2213,9.26524e-05,6.34978e-06,7.15809e-05,0.000100667,-6.99432e-06,0.000173907,0.000142397,0.000161193,-0.000136539,9.54421e-05,8.22837e-05,-5.7172e-05,
-8.20654,4.65703,11.1413,9.73253,-0.813515,11.9623,-8.3088,5.79335,20.9011,7.08789,60,14.5551,0,0,0,0,0,0,0,0,0,0,0,0,-0.00328556,0.698846,-1.45229,-0.0276757,0.758846,-1.44044,-0.00760997,0.738184,-1.50069,-0.0236119,0.717466,-1.48594,-0.152492,0.78352,-1.24972,0.149282,0.744054,-1.22294,-0.158675,0.843522,-1.12067,0.10526,25.71,-1.2213,0.000113993,8.30811e-06,5.93735e-05,0.000121722,-1.47488e-05,0.000168843,0.000158586,0.000165071,-0.000133839,5.08459e-05,6.09269e-05,-3.95953e-05,
-8.2058,4.65775,11.1414,9.73331,-0.813523,11.964,-8.30815,5.7945,20.8996,7.08842,60,14.555,0,0,0,0,0,0,0,0,0,0,0,0,-0.00328632,0.698846,-1.45229,-0.0276764,0.758846,-1.44044,-0.00760988,0.738185,-1.50069,-0.0236129,0.717466,-1.48594,-0.152486,0.783531,-1.24972,0.14929,0.744055,-1.22291,-0.158669,0.843539,-1.12069,0.105265,25.71,-1.2213,-0.000123488,-5.46368e-05,6.63327e-05,-0.000117345,1.71547e-05,-1.07585e-05,-7.19029e-05,-3.22347e-05,8.99843e-05,-0.000119719,-2.98829e-06,-4.67074e-05,
-8.2058,4.65808,11.1418,9.73345,-0.813214,11.9647,-8.30802,5.79473,20.8989,7.08845,60,14.5542,0,0,0,0,0,0,0,0,0,0,0,0,-0.00328971,0.698844,-1.45229,-0.0276796,0.758846,-1.44044,-0.00761199,0.738182,-1.50068,-0.0236161,0.717464,-1.48594,-0.152487,0.783535,-1.24971,0.149291,0.74406,-1.2229,-0.158667,0.843538,-1.1207,0.105263,25.71,-1.22131,-5.35927e-05,-6.26084e-05,-2.54872e-05,-4.83435e-05,-7.03974e-06,-7.0452e-05,-9.49491e-06,-0.000100502,0.000130159,-5.61634e-05,-0.000117084,8.11676e-05,
-8.20643,4.65779,11.1413,9.73281,-0.813197,11.9638,-8.30851,5.79407,20.8993,7.08791,60,14.5549,0,0,0,0,0,0,0,0,0,0,0,0,-0.0032883,0.698843,-1.45229,-0.0276781,0.758846,-1.44044,-0.0076099,0.738181,-1.50068,-0.023615,0.717462,-1.48593,-0.152493,0.783531,-1.24972,0.149285,0.744059,-1.22292,-0.15867,0.843529,-1.1207,0.105259,25.71,-1.2213,0.000128047,1.39084e-05,-4.80206e-05,0.000133949,-3.58327e-05,5.72752e-05,0.000154884,2.2067e-05,-1.67916e-05,0.000109001,-7.49203e-05,6.99676e-05,
-8.20669,4.65786,11.1423,9.73289,-0.813187,11.9642,-8.30918,5.79433,20.9001,7.0878,60,14.5544,0,0,0,0,0,0,0,0,0,0,0,0,-0.00328549,0.698844,-1.45229,-0.0276755,0.758845,-1.44044,-0.00760699,0.738183,-1.50068,-0.0236129,0.717461,-1.48593,-0.152496,0.783533,-1.24971,0.149289,0.74406,-1.22291,-0.158679,0.843536,-1.12068,0.105259,25.71,-1.22131,9.81801e-05,3.4121e-05,-5.86388e-05,0.000126301,-7.28285e-06,4.61637e-05,0.000146048,7.63838e-05,-8.7549e-05,9.99618e-05,-1.76323e-05,4.82939e-05,
-8.20638,4.65798,11.1413,9.73294,-0.813155,11.9643,-8.3089,5.79436,20.9,7.08806,60,14.5557,0,0,0,0,0,0,0,0,0,0,0,0,-0.00328485,0.698844,-1.45229,-0.0276744,0.758845,-1.44044,-0.00760536,0.738184,-1.50068,-0.0236123,0.717461,-1.48593,-0.152492,0.783535,-1.24972,0.149288,0.744061,-1.22291,-0.158676,0.843537,-1.12069,0.105261,25.71,-1.22129,-5.43834e-06,4.5446e-07,-1.30432e-05,2.30789e-07,1.69768e-05,-4.23535e-06,2.86296e-05,3.02963e-05,-7.65709e-06,-1.86436e-05,-2.10332e-06,-3.9008e-05,
-8.20619,4.65811,11.1414,9.73295,-0.813354,11.9642,-8.30821,5.79396,20.8997,7.08855,60,14.5555,0,0,0,0,0,0,0,0,0,0,0,0,-0.00328658,0.698844,-1.45229,-0.027676,0.758846,-1.44044,-0.00760635,0.738185,-1.50068,-0.0236146,0.717461,-1.48593,-0.152492,0.783536,-1.24972,0.149284,0.744059,-1.22291,-0.158666,0.84353,-1.12069,0.105266,25.71,-1.22129,-9.19575e-05,-1.97427e-05,1.74423e-05,-8.66101e-05,3.27956e-05,-1.78031e-05,-5.8346e-05,3.29117e-05,-7.88724e-06,-9.10525e-05,-1.27705e-05,-3.30616e-05,
-8.20616,4.65817,11.1406,9.73274,-0.813313,11.9641,-8.30816,5.79408,20.8992,7.08836,60,14.5561,0,0,0,0,0,0,0,0,0,0,0,0,-0.00328736,0.698844,-1.45229,-0.0276767,0.758846,-1.44044,-0.00760644,0.738185,-1.50068,-0.0236155,0.71746,-1.48593,-0.15249,0.783538,-1.24974,0.149283,0.744058,-1.22291,-0.158663,0.843532,-1.1207,0.105264,25.71,-1.22128,1.37349e-05,2.94273e-06,-5.3204e-05,1.88071e-05,-1.81544e-05,1.66367e-05,3.97599e-05,5.46809e-06,1.42631e-05,-6.73651e-06,-7.93286e-05,6.55615e-05,
-8.20677,4.65784,11.1432,9.73242,-0.813005,11.9633,-8.30926,5.79389,20.9009,7.08804,60,14.5533,0,0,0,0,0,0,0,0,0,0,0,0,-0.00328616,0.698844,-1.45229,-0.0276754,0.758846,-1.44044,-0.0076047,0.738185,-1.50068,-0.0236147,0.717458,-1.48593,-0.152498,0.783533,-1.24969,0.14928,0.744062,-1.22293,-0.158679,0.843528,-1.12067,0.105261,25.71,-1.22132,9.87178e-05,2.80008e-05,-0.00013362,0.000104067,-4.68942e-05,1.30361e-05,0.000122784,-4.16722e-06,-2.0415e-05,7.7157e-05,-0.000134277,0.000159244,
-8.20623,4.65824,11.1431,9.73319,-0.813009,11.9646,-8.30964,5.79514,20.9008,7.08819,60,14.5535,0,0,0,0,0,0,0,0,0,0,0,0,-0.00328464,0.698844,-1.4523,-0.0276738,0.758845,-1.44044,-0.00760272,0.738184,-1.50068,-0.0236135,0.717456,-1.48593,-0.152489,0.783539,-1.2497,0.149293,0.744063,-1.22291,-0.158686,0.843549,-1.12067,0.105262,25.71,-1.22132,-7.72948e-06,-1.2341e-05,-8.30342e-05,-3.03501e-06,-1.00042e-06,-5.72354e-05,2.6042e-05,-6.08815e-05,8.71642e-05,-2.02759e-05,-0.000123774,0.000107092,
-8.20541,4.65838,11.1421,9.7338,-0.813336,11.9647,-8.30776,5.79436,20.8992,7.0894,60,14.5541,0,0,0,0,0,0,0,0,0,0,0,0,-0.00328883,0.698843,-1.4523,-0.0276779,0.758846,-1.44044,-0.007606,0.738183,-1.50068,-0.0236178,0.717455,-1.48593,-0.152484,0.78354,-1.24971,0.149294,0.744059,-1.2229,-0.158661,0.843534,-1.12069,0.105274,25.71,-1.22131,-0.000239519,-4.32122e-05,7.07926e-05,-0.000234755,3.86485e-05,-5.39509e-05,-0.000198178,-2.55703e-05,0.000107145,-0.000246427,1.47593e-05,-6.76182e-05,
-8.20564,4.65801,11.1417,9.73349,-0.813163,11.9633,-8.30873,5.79411,20.9009,7.08884,60,14.5549,0,0,0,0,0,0,0,0,0,0,0,0,-0.00329195,0.698843,-1.45229,-0.0276809,0.758846,-1.44044,-0.00760851,0.738184,-1.50068,-0.0236213,0.717456,-1.48593,-0.152486,0.783534,-1.24972,0.149292,0.744062,-1.22292,-0.158676,0.843535,-1.12067,0.105266,25.71,-1.2213,-7.13835e-06,1.07553e-05,6.44303e-05,-9.29569e-07,3.62196e-06,0.000126429,1.36165e-05,0.000127844,-0.000100012,-3.3509e-05,5.33788e-05,-2.90703e-05,
-8.20634,4.65752,11.1429,9.73296,-0.813219,11.9626,-8.30971,5.79359,20.9021,7.08841,60,14.5535,0,0,0,0,0,0,0,0,0,0,0,0,-0.00328933,0.698843,-1.45229,-0.0276781,0.758846,-1.44044,-0.00760556,0.738188,-1.50069,-0.0236193,0.717457,-1.48593,-0.152492,0.783526,-1.2497,0.149288,0.744059,-1.22293,-0.158688,0.84353,-1.12065,0.105263,25.71,-1.22132,0.00013216,4.04768e-05,1.49605e-05,0.000138377,-3.22774e-05,0.000135738,0.000146612,0.000154487,-0.000141785,0.000100497,4.81281e-06,4.37326e-05,
-8.20588,4.65808,11.1424,9.7334,-0.813368,11.9639,-8.30918,5.7943,20.9007,7.08912,60,14.5536,0,0,0,0,0,0,0,0,0,0,0,0,-0.00328814,0.698844,-1.45229,-0.0276768,0.758845,-1.44044,-0.00760401,0.738189,-1.50069,-0.0236192,0.717456,-1.48593,-0.152487,0.783535,-1.2497,0.149293,0.744057,-1.22291,-0.158681,0.84354,-1.12067,0.10527,25.71,-1.22132,-4.87712e-05,-3.23064e-05,2.68081e-05,-4.39583e-05,-2.01177e-06,-1.18984e-06,-2.64732e-05,2.79942e-06,4.83505e-05,-0.000134128,-3.98088e-05,8.54029e-07,
-8.20508,4.65835,11.1414,9.73401,-0.813381,11.9649,-8.30829,5.79457,20.8992,7.08955,60,14.5546,0,0,0,0,0,0,0,0,0,0,0,0,-0.0032922,0.698842,-1.45229,-0.0276808,0.758846,-1.44044,-0.00760747,0.738188,-1.50068,-0.0236232,0.717455,-1.48593,-0.15248,0.783538,-1.24972,0.149296,0.744058,-1.2229,-0.158671,0.843542,-1.12069,0.105272,25.71,-1.2213,-0.000199669,-6.13426e-05,9.09928e-05,-0.000195107,3.33113e-05,-7.52654e-05,-0.000171939,-7.18379e-05,0.000142765,-0.000219217,-2.98706e-05,-5.23806e-06,
-8.20582,4.65808,11.142,9.73333,-0.813165,11.9636,-8.30877,5.79356,20.8999,7.08921,60,14.5536,0,0,0,0,0,0,0,0,0,0,0,0,-0.00329377,0.698841,-1.45229,-0.0276823,0.758846,-1.44044,-0.00760869,0.738188,-1.50068,-0.0236253,0.717455,-1.48593,-0.152491,0.783533,-1.24971,0.149287,0.744061,-1.22292,-0.158677,0.843526,-1.12068,0.105269,25.71,-1.22132,-5.554e-06,-9.56064e-06,4.54735e-05,-4.30723e-07,-1.17135e-05,2.46561e-05,7.13118e-06,3.48204e-05,1.02903e-05,-3.93435e-05,-3.53369e-05,6.16277e-05,
-8.20672,4.65813,11.1426,9.73281,-0.813401,11.9632,-8.30976,5.79335,20.9007,7.08864,60,14.553,0,0,0,0,0,0,0,0,0,0,0,0,-0.00328929,0.698842,-1.45229,-0.0276776,0.758845,-1.44044,-0.00760418,0.73819,-1.50068,-0.0236219,0.717454,-1.48593,-0.152498,0.783536,-1.2497,0.149287,0.744056,-1.22292,-0.158686,0.843526,-1.12067,0.105266,25.71,-1.22133,0.000172654,2.60001e-05,-1.12564e-05,0.000178315,-2.81162e-05,0.000105412,0.000176744,0.000103733,-0.000102754,0.000131091,-3.11714e-05,6.82665e-05,
-8.2061,4.65854,11.1404,9.73287,-0.813976,11.9638,-8.30804,5.79291,20.8985,7.0894,60,14.5552,0,0,0,0,0,0,0,0,0,0,0,0,-0.00328819,0.698842,-1.45229,-0.0276764,0.758846,-1.44044,-0.00760282,0.738191,-1.50068,-0.0236213,0.717454,-1.48593,-0.152491,0.783543,-1.24974,0.149284,0.744047,-1.22291,-0.158658,0.843518,-1.12071,0.105275,25.71,-1.22129,-2.87191e-05,-1.66969e-05,5.58184e-05,-2.38135e-05,2.51301e-05,-9.50512e-06,-5.9381e-06,4.21577e-05,1.75216e-05,-5.32417e-05,1.52015e-05,-5.2255e-05,
-8.20652,4.65835,11.1431,9.73286,-0.81364,11.9635,-8.30916,5.79302,20.9004,7.08916,60,14.5533,0,0,0,0,0,0,0,0,0,0,0,0,-0.00329005,0.698842,-1.45229,-0.0276782,0.758846,-1.44044,-0.00760403,0.738192,-1.50068,-0.0236235,0.717454,-1.48593,-0.152499,0.783539,-1.24969,0.149283,0.744054,-1.22292,-0.158679,0.843521,-1.12068,0.10527,25.71,-1.22132,1.16036e-05,1.33953e-05,-3.09574e-05,1.66886e-05,2.38242e-05,-2.92653e-05,4.26413e-05,3.39475e-05,-1.73651e-05,-4.3257e-06,-1.20425e-05,1.17753e-05,
-8.20662,4.65846,11.1428,9.7326,-0.814036,11.9638,-8.30966,5.7931,20.8999,7.08873,60,14.5534,0,0,0,0,0,0,0,0,0,0,0,0,-0.00328707,0.698842,-1.45229,-0.0276756,0.758846,-1.44044,-0.00760094,0.738192,-1.50068,-0.0236212,0.717453,-1.48593,-0.152498,0.783542,-1.2497,0.149285,0.744046,-1.22291,-0.15868,0.843522,-1.12069,0.105269,25.71,-1.22132,3.20814e-05,4.53193e-06,-8.17757e-05,0.000177205,1.79871e-06,-2.95186e-05,0.000210079,-1.03083e-06,-3.41882e-06,0.000164001,-7.93143e-05,6.94117e-05,
-8.20577,4.65836,11.1426,9.73346,-0.813667,11.9644,-8.3093,5.7937,20.9003,7.08941,60,14.5544,0,0,0,0,0,0,0,0,0,0,0,0,-0.0032884,0.698842,-1.45229,-0.0276763,0.758847,-1.44044,-0.00760063,0.738192,-1.50068,-0.0236219,0.717452,-1.48593,-0.152488,0.783539,-1.2497,0.149292,0.744055,-1.22291,-0.158681,0.843531,-1.12067,0.105273,25.71,-1.2213,-0.000151743,-3.13698e-05,7.31325e-06,-0.000145742,5.26345e-05,-8.44323e-05,-8.56185e-05,-4.69016e-05,7.47181e-05,-0.000133561,8.79807e-07,-5.043e-05,
-8.20565,4.65859,11.1417,9.73358,-0.813924,11.9648,-8.30885,5.79359,20.8991,7.08954,60,14.555,0,0,0,0,0,0,0,0,0,0,0,0,-0.00329218,0.698841,-1.45229,-0.02768,0.758849,-1.44044,-0.00760272,0.738191,-1.50068,-0.0236252,0.717453,-1.48593,-0.152488,0.783541,-1.24972,0.149292,0.744051,-1.2229,-0.158673,0.843529,-1.1207,0.105274,25.71,-1.22129,-9.76492e-05,-5.33397e-05,3.17769e-05,-9.11194e-05,3.95547e-05,-3.08726e-05,-3.23486e-05,-1.83856e-05,5.17447e-05,-8.04743e-05,1.69145e-05,-6.61871e-05,
-8.20645,4.65872,11.142,9.73291,-0.813546,11.9637,-8.30927,5.79297,20.8995,7.08912,60,14.5542,0,0,0,0,0,0,0,0,0,0,0,0,-0.00329197,0.69884,-1.45229,-0.0276796,0.758849,-1.44044,-0.00760131,0.738191,-1.50068,-0.0236248,0.717453,-1.48593,-0.152497,0.783544,-1.24971,0.149285,0.744056,-1.22292,-0.158675,0.843519,-1.12069,0.105271,25.71,-1.22131,0.000108733,-1.75505e-05,2.06562e-06,0.000116029,-3.28839e-05,7.6914e-05,0.000159899,3.97285e-05,-2.26194e-05,0.000113611,-4.02022e-05,3.41337e-05,
-8.2066,4.65863,11.1424,9.73265,-0.813605,11.9632,-8.31017,5.79314,20.9005,7.08877,60,14.554,0,0,0,0,0,0,0,0,0,0,0,0,-0.00328868,0.69884,-1.45229,-0.0276762,0.758848,-1.44044,-0.00759696,0.738192,-1.50068,-0.0236214,0.717452,-1.48593,-0.152497,0.783542,-1.2497,0.149284,0.744054,-1.22292,-0.158687,0.843523,-1.12067,0.105268,25.71,-1.22131,0.000111519,-7.07474e-06,-1.28856e-05,0.000119231,-2.28463e-05,7.62931e-05,0.000167432,3.02649e-05,-2.36013e-05,0.000121139,-3.33718e-05,5.38816e-05,
-8.20605,4.65888,11.1418,9.73309,-0.813736,11.9642,-8.3097,5.79369,20.8996,7.08917,60,14.5547,0,0,0,0,0,0,0,0,0,0,0,0,-0.00328831,0.69884,-1.45229,-0.0276757,0.758848,-1.44044,-0.00759544,0.738192,-1.50068,-0.0236207,0.717451,-1.48593,-0.15249,0.783545,-1.24971,0.149289,0.744053,-1.22291,-0.15868,0.843531,-1.12069,0.105273,25.71,-1.2213,-4.07057e-05,-4.56849e-05,8.04257e-06,-3.37393e-05,9.96035e-06,-1.18738e-05,3.09526e-05,-4.22488e-05,5.17872e-05,-1.64852e-05,-1.20101e-05,-6.4862e-06,
-8.2058,4.65898,11.1426,9.73348,-0.813428,11.9646,-8.30991,5.79401,20.8998,7.08935,60,14.5541,0,0,0,0,0,0,0,0,0,0,0,0,-0.00329099,0.698838,-1.45229,-0.0276782,0.758848,-1.44044,-0.00759656,0.738191,-1.50068,-0.0236228,0.717451,-1.48593,-0.15249,0.783546,-1.2497,0.149292,0.744059,-1.2229,-0.158687,0.843535,-1.12068,0.105273,25.71,-1.22131,-9.97113e-05,-5.6065e-05,1.68275e-05,-9.29758e-05,1.25695e-05,-5.57567e-05,-2.89261e-05,-6.19228e-05,8.19368e-05,-7.67232e-05,-3.70098e-05,-1.54939e-05,
-8.20619,4.6591,11.1424,9.73315,-0.813766,11.964,-8.30957,5.79316,20.8992,7.08942,60,14.5537,0,0,0,0,0,0,0,0,0,0,0,0,-0.00329158,0.698838,-1.45229,-0.0276786,0.758848,-1.44044,-0.00759584,0.73819,-1.50068,-0.0236231,0.71745,-1.48593,-0.152495,0.783548,-1.2497,0.149288,0.744053,-1.22291,-0.158678,0.84352,-1.12069,0.105275,25.71,-1.22132,-7.70579e-06,-2.50135e-05,2.87484e-06,-1.06233e-06,5.84265e-06,2.25659e-05,5.00533e-05,-2.64807e-07,2.06578e-05,3.06978e-06,-1.39294e-05,-4.54896e-07,
-8.20575,4.65913,11.1406,9.73295,-0.813736,11.9633,-8.3094,5.79313,20.8995,7.08937,60,14.5562,0,0,0,0,0,0,0,0,0,0,0,0,-0.00329173,0.698837,-1.45229,-0.0276786,0.758848,-1.44044,-0.00759485,0.738191,-1.50068,-0.0236231,0.71745,-1.48593,-0.152487,0.783548,-1.24973,0.149284,0.744054,-1.22292,-0.158674,0.843522,-1.12069,0.105274,25.71,-1.22127,-1.03095e-05,-2.28107e-05,3.54347e-05,-3.428e-06,1.73059e-05,6.48341e-05,4.4285e-05,5.19479e-05,-3.09187e-05,-3.26818e-06,3.86807e-05,-3.22052e-05,
-8.20638,4.65902,11.1425,9.73272,-0.813808,11.9636,-8.30989,5.79301,20.8997,7.0892,60,14.5542,0,0,0,0,0,0,0,0,0,0,0,0,-0.00329156,0.698837,-1.45229,-0.0276783,0.758849,-1.44044,-0.00759353,0.738192,-1.50068,-0.0236228,0.717451,-1.48593,-0.152497,0.783546,-1.2497,0.149282,0.744052,-1.22291,-0.15868,0.84352,-1.12068,0.105273,25.71,-1.22131,5.99176e-05,-3.87278e-06,-6.79574e-05,6.64999e-05,-4.54284e-06,3.71946e-05,0.000111345,3.02523e-05,-3.33413e-05,6.48264e-05,-3.56084e-05,1.53879e-05,
-8.20656,4.65928,11.144,9.73316,-0.813299,11.9648,-8.3113,5.79437,20.9004,7.08872,60,14.5531,0,0,0,0,0,0,0,0,0,0,0,0,-0.0032897,0.698837,-1.45229,-0.0276764,0.758848,-1.44044,-0.00759084,0.738191,-1.50068,-0.0236209,0.717449,-1.48593,-0.152497,0.783551,-1.24968,0.149293,0.74406,-1.22289,-0.158702,0.843542,-1.12067,0.105268,25.71,-1.22132,0.000107332,-3.82604e-06,-0.000159158,0.000113329,-3.38338e-05,-4.77409e-05,0.000154186,-7.83125e-05,5.05963e-05,0.000107963,-0.000138675,0.000105574,
-8.20545,4.65924,11.1423,9.7339,-0.813367,11.9653,-8.31033,5.79421,20.8997,7.0896,60,14.5548,0,0,0,0,0,0,0,0,0,0,0,0,-0.00329095,0.698837,-1.45229,-0.0276775,0.758848,-1.44044,-0.00759075,0.73819,-1.50068,-0.023622,0.717447,-1.48593,-0.152485,0.783549,-1.24971,0.149298,0.744061,-1.22289,-0.158691,0.843538,-1.12068,0.105276,25.71,-1.22129,-0.000170931,-4.32805e-05,3.09672e-05,-0.000165186,3.72883e-05,-8.76836e-05,-0.000115109,-3.99525e-05,9.80904e-05,-0.000163128,6.84035e-06,-3.93448e-05,
-8.20546,4.65949,11.1414,9.7337,-0.813858,11.9647,-8.30897,5.79313,20.8983,7.09021,60,14.5551,0,0,0,0,0,0,0,0,0,0,0,0,-0.00329407,0.698836,-1.45229,-0.027681,0.758849,-1.44044,-0.00759358,0.73819,-1.50068,-0.0236256,0.717448,-1.48593,-0.15249,0.783553,-1.24972,0.149292,0.744053,-1.2229,-0.158669,0.843521,-1.12071,0.105283,25.71,-1.22129,-0.000217816,-3.13158e-05,0.00013125,-0.000151598,4.63439e-05,3.07301e-05,-0.00011877,6.53005e-05,-1.00916e-05,-0.000166738,8.13185e-05,-0.000108617,
-8.20653,4.65918,11.1423,9.73282,-0.813554,11.9629,-8.31051,5.79257,20.9004,7.08926,60,14.5544,0,0,0,0,0,0,0,0,0,0,0,0,-0.00329398,0.698836,-1.45229,-0.0276803,0.758849,-1.44044,-0.00759248,0.738193,-1.50068,-0.0236255,0.717449,-1.48593,-0.152499,0.783549,-1.2497,0.149284,0.744056,-1.22292,-0.158688,0.843517,-1.12067,0.105274,25.71,-1.2213,0.000167259,3.06877e-05,2.16326e-05,0.000173896,-4.57301e-05,0.000174451,0.000180843,0.000177778,-0.000157698,0.000134964,1.41705e-05,1.19145e-05,
-8.20645,4.659,11.1425,9.73294,-0.813688,11.9634,-8.31129,5.79322,20.9008,7.08913,60,14.5542,0,0,0,0,0,0,0,0,0,0,0,0,-0.00328978,0.698837,-1.45229,-0.0276759,0.758848,-1.44043,-0.00758795,0.738196,-1.50068,-0.023622,0.717449,-1.48593,-0.152496,0.783546,-1.2497,0.149289,0.744054,-1.22291,-0.1587,0.84353,-1.12067,0.105273,25.71,-1.2213,8.55685e-05,1.05e-05,9.29105e-06,9.19462e-05,-1.77252e-05,8.39691e-05,0.000109986,8.03148e-05,-6.39526e-05,6.35978e-05,-1.30906e-05,5.75305e-05,
-8.20547,4.65929,11.1417,9.73348,-0.813877,11.9643,-8.30987,5.79323,20.8993,7.09014,60,14.5546,0,0,0,0,0,0,0,0,0,0,0,0,-0.00329181,0.698836,-1.45229,-0.0276778,0.758849,-1.44043,-0.00758925,0.738196,-1.50068,-0.0236242,0.717448,-1.48593,-0.152487,0.783549,-1.24971,0.14929,0.744052,-1.2229,-0.158682,0.843526,-1.12069,0.105282,25.71,-1.2213,-0.000187599,-5.19828e-05,5.68466e-05,-0.000182942,4.09022e-05,-9.10963e-05,-0.000150691,-5.83013e-05,0.000124692,-0.000198376,-2.86399e-05,-1.31295e-05,
-8.20554,4.65919,11.1428,9.73347,-0.813565,11.9637,-8.31044,5.79327,20.9001,7.08998,60,14.5535,0,0,0,0,0,0,0,0,0,0,0,0,-0.00329554,0.698835,-1.45229,-0.0276815,0.758849,-1.44043,-0.00759234,0.738195,-1.50068,-0.0236283,0.717447,-1.48593,-0.152489,0.783547,-1.24969,0.149289,0.744058,-1.22291,-0.158693,0.843526,-1.12067,0.105278,25.71,-1.22132,-7.8402e-05,-2.33276e-05,7.85097e-06,-7.35888e-05,1.23114e-05,-2.79589e-05,-5.56864e-05,-3.93443e-05,9.57143e-05,-0.00010211,-8.33624e-05,5.21282e-05,
-8.20607,4.65935,11.1431,9.73337,-0.813821,11.964,-8.31049,5.79308,20.8995,7.08981,60,14.5525,0,0,0,0,0,0,0,0,0,0,0,0,-0.00329471,0.698835,-1.45229,-0.0276806,0.758849,-1.44043,-0.00759126,0.738194,-1.50068,-0.023628,0.717446,-1.48592,-0.152494,0.78355,-1.24969,0.149292,0.744052,-1.22291,-0.158688,0.843523,-1.12068,0.105279,25.71,-1.22133,9.43571e-05,1.3532e-06,-5.7734e-05,9.90787e-05,-2.83816e-05,2.12116e-05,0.00010628,7.71281e-06,3.01892e-05,6.02962e-05,-0.000101796,9.30952e-05,
-8.20576,4.65951,11.1426,9.73375,-0.813776,11.9642,-8.31029,5.79316,20.8996,7.09015,60,14.5534,0,0,0,0,0,0,0,0,0,0,0,0,-0.0032944,0.698835,-1.45229,-0.0276802,0.758849,-1.44043,-0.00759072,0.738195,-1.50068,-0.0236286,0.717444,-1.48592,-0.152491,0.783553,-1.2497,0.149296,0.744053,-1.2229,-0.158687,0.843526,-1.12068,0.105282,25.71,-1.22132,-2.40568e-05,-2.60199e-06,2.9332e-05,-2.64412e-05,1.77394e-05,1.88408e-05,-1.57082e-05,5.42505e-05,9.00019e-06,-6.24841e-05,1.09089e-05,-4.60248e-06,
-8.20573,4.65904,11.1421,9.73364,-0.813748,11.9638,-8.31083,5.79291,20.9006,7.08998,60,14.5546,0,0,0,0,0,0,0,0,0,0,0,0,-0.00329509,0.698835,-1.45229,-0.0276807,0.75885,-1.44043,-0.00759097,0.738197,-1.50068,-0.0236299,0.717445,-1.48592,-0.15249,0.783545,-1.2497,0.149295,0.744055,-1.22291,-0.158696,0.843526,-1.12067,0.105278,25.71,-1.2213,5.67285e-06,2.27951e-05,8.04436e-05,1.09278e-05,2.10038e-05,7.44717e-05,1.95828e-05,0.000127662,-8.46271e-05,-2.7543e-05,7.07708e-05,-8.4237e-05,
-8.20599,4.65883,11.1428,9.7335,-0.813716,11.9636,-8.31148,5.79281,20.9013,7.08984,60,14.5539,0,0,0,0,0,0,0,0,0,0,0,0,-0.0032944,0.698835,-1.45229,-0.0276799,0.75885,-1.44043,-0.00759007,0.7382,-1.50068,-0.0236298,0.717447,-1.48593,-0.152493,0.783542,-1.24969,0.149294,0.744056,-1.22291,-0.158707,0.843526,-1.12066,0.105276,25.71,-1.22131,4.29351e-05,1.47821e-05,4.52441e-05,4.82224e-05,2.20467e-05,7.18421e-05,5.33088e-05,0.00012326,-8.32848e-05,6.28396e-06,4.59158e-05,-2.34663e-05,
-8.20576,4.65937,11.1423,9.73373,-0.813935,11.9645,-8.31058,5.79291,20.8995,7.09045,60,14.5535,0,0,0,0,0,0,0,0,0,0,0,0,-0.00329444,0.698835,-1.45229,-0.0276799,0.75885,-1.44043,-0.00758991,0.738201,-1.50068,-0.0236306,0.717447,-1.48593,-0.152492,0.78355,-1.2497,0.149295,0.744052,-1.2229,-0.158693,0.843526,-1.12069,0.105284,25.71,-1.22132,-6.92904e-05,-3.60631e-05,6.13595e-05,-6.52294e-05,1.6565e-05,-2.47378e-05,-5.82158e-05,-2.60692e-07,6.44854e-05,-0.000105517,-2.40081e-05,-7.36506e-06,
-8.20563,4.65962,11.142,9.73385,-0.813725,11.9644,-8.31052,5.79303,20.8993,7.09052,60,14.5538,0,0,0,0,0,0,0,0,0,0,0,0,-0.00329652,0.698834,-1.45229,-0.0276819,0.758851,-1.44043,-0.0075918,0.7382,-1.50068,-0.0236335,0.717446,-1.48593,-0.152491,0.783553,-1.2497,0.149296,0.744056,-1.2229,-0.158693,0.843528,-1.12069,0.105283,25.71,-1.22131,-4.52446e-05,-3.8537e-05,7.00232e-05,-4.12628e-05,1.15003e-05,4.94789e-06,-3.97693e-05,-4.00024e-06,6.79118e-05,-8.66121e-05,-3.30344e-05,9.07832e-06,
-8.20607,4.65917,11.1417,9.73322,-0.813689,11.9633,-8.31116,5.79237,20.9001,7.09008,60,14.5539,0,0,0,0,0,0,0,0,0,0,0,0,-0.00329549,0.698834,-1.45228,-0.0276807,0.75885,-1.44043,-0.00759075,0.738201,-1.50068,-0.0236334,0.717445,-1.48592,-0.152494,0.783546,-1.24971,0.14929,0.744056,-1.22291,-0.1587,0.843519,-1.12067,0.105278,25.71,-1.22131,0.000102799,-2.5558e-06,3.78309e-05,0.000107782,-1.42831e-05,9.13196e-05,0.000101181,7.40885e-05,-2.90002e-05,5.52072e-05,-2.9408e-05,5.93296e-05,
-8.20619,4.65911,11.1412,9.73275,-0.813995,11.9629,-8.31089,5.79186,20.9,7.09009,60,14.5543,0,0,0,0,0,0,0,0,0,0,0,0,-0.00329323,0.698834,-1.45228,-0.0276784,0.75885,-1.44043,-0.00758853,0.738203,-1.50068,-0.023632,0.717445,-1.48592,-0.152494,0.783545,-1.24972,0.149284,0.74405,-1.22292,-0.158693,0.843511,-1.12068,0.10528,25.71,-1.2213,0.000121935,1.02805e-05,2.4426e-05,0.000126586,-1.14464e-05,7.73599e-05,0.000120436,8.78541e-05,-5.30665e-05,7.44282e-05,-9.41934e-06,3.83554e-05,
-8.20571,4.65953,11.141,9.73298,-0.813952,11.964,-8.31043,5.79255,20.8992,7.09043,60,14.5547,0,0,0,0,0,0,0,0,0,0,0,0,-0.00329292,0.698834,-1.45228,-0.027678,0.75885,-1.44043,-0.00758809,0.738203,-1.50068,-0.0236326,0.717444,-1.48592,-0.152488,0.783552,-1.24972,0.149285,0.744052,-1.22291,-0.158687,0.843521,-1.12069,0.105283,25.71,-1.22129,-3.48586e-05,-3.02782e-05,-1.55441e-05,-3.11177e-05,2.43203e-05,-7.7589e-05,-2.28434e-05,-5.45827e-05,0.000107657,-6.96276e-05,-8.05212e-05,4.33462e-05,
-8.20621,4.65986,11.1429,9.73297,-0.813775,11.965,-8.31061,5.79288,20.8989,7.09034,60,14.5526,0,0,0,0,0,0,0,0,0,0,0,0,-0.00329362,0.698833,-1.45229,-0.0276786,0.758851,-1.44043,-0.00758838,0.7382,-1.50067,-0.023634,0.71744,-1.48592,-0.152497,0.783557,-1.24969,0.149285,0.744055,-1.22289,-0.158689,0.843522,-1.12069,0.105281,25.71,-1.22133,2.84853e-05,-1.53815e-05,-0.000143989,3.15786e-05,1.73239e-05,-0.000164625,4.44472e-05,-0.000136364,0.000124107,-1.27204e-06,-0.000195069,0.000140631,
-8.20667,4.66014,11.1456,9.73361,-0.813513,11.9657,-8.31189,5.79355,20.9,7.09015,60,14.5504,0,0,0,0,0,0,0,0,0,0,0,0,-0.00329207,0.698833,-1.45229,-0.0276772,0.758851,-1.44044,-0.00758674,0.738198,-1.50067,-0.0236331,0.717437,-1.48592,-0.152503,0.783563,-1.24965,0.1493,0.74406,-1.22288,-0.15871,0.843534,-1.12067,0.10528,25.71,-1.22136,5.13342e-05,-6.20864e-06,-0.000155244,7.54915e-05,9.93643e-06,-0.000129421,9.08049e-05,-7.11564e-05,6.99866e-05,4.47042e-05,-0.00013711,9.33851e-05,
-8.20546,4.65966,11.141,9.7339,-0.813833,11.9651,-8.31099,5.79301,20.8998,7.09061,60,14.5559,0,0,0,0,0,0,0,0,0,0,0,0,-0.00329239,0.698833,-1.45229,-0.0276772,0.758852,-1.44044,-0.00758626,0.738199,-1.50067,-0.0236337,0.717437,-1.48592,-0.152485,0.783554,-1.24972,0.1493,0.744057,-1.22289,-0.158697,0.843528,-1.12067,0.105284,25.71,-1.22127,-9.92048e-05,-1.79866e-05,0.000111959,-9.39707e-05,7.15408e-05,-2.95472e-05,-6.22558e-05,8.75563e-05,-2.69152e-05,-0.000110897,0.000121911,-0.000168326,
-8.20599,4.65916,11.1428,9.73369,-0.813728,11.9641,-8.31153,5.79213,20.9012,7.09069,60,14.5539,0,0,0,0,0,0,0,0,0,0,0,0,-0.00329561,0.698833,-1.45228,-0.0276803,0.758854,-1.44044,-0.00758869,0.738203,-1.50067,-0.0236371,0.717441,-1.48592,-0.152496,0.783545,-1.24968,0.149295,0.74406,-1.22291,-0.158708,0.843519,-1.12065,0.105283,25.71,-1.22131,-3.13844e-05,6.1653e-06,0.000185722,-2.48233e-05,4.50386e-05,0.000113275,-3.04661e-06,0.000204935,-0.000140393,-5.13776e-05,0.000173919,-0.000166863,
-8.20649,4.65913,11.1425,9.73304,-0.814091,11.9632,-8.31225,5.79194,20.901,7.09011,60,14.5534,0,0,0,0,0,0,0,0,0,0,0,0,-0.00329326,0.698833,-1.45228,-0.0276779,0.758854,-1.44043,-0.00758606,0.738205,-1.50067,-0.0236353,0.717443,-1.48592,-0.152498,0.783545,-1.24969,0.149291,0.744051,-1.22292,-0.158713,0.843516,-1.12066,0.10528,25.71,-1.22132,0.000184693,-6.52666e-06,7.85215e-05,0.000190734,-2.24249e-05,0.000129852,0.000198582,0.00010034,-4.48607e-05,0.000152067,2.04494e-05,-4.96621e-06,
-8.20562,4.65982,11.1412,9.73354,-0.814364,11.9645,-8.31036,5.79205,20.8981,7.0912,60,14.5538,0,0,0,0,0,0,0,0,0,0,0,0,-0.00329323,0.698832,-1.45228,-0.0276777,0.758854,-1.44043,-0.00758549,0.738206,-1.50067,-0.0236357,0.717442,-1.48592,-0.152489,0.783555,-1.24971,0.149293,0.744047,-1.2229,-0.158685,0.843515,-1.1207,0.105292,25.71,-1.22131,-0.00011724,-7.32047e-05,0.000114832,-0.000112084,1.87926e-05,-2.90056e-05,-8.409e-05,-4.34884e-05,0.000157882,-0.000131535,-1.15443e-05,1.43337e-05,
-8.20554,4.66003,11.1422,9.73382,-0.813974,11.965,-8.31104,5.7927,20.8982,7.09097,60,14.5529,0,0,0,0,0,0,0,0,0,0,0,0,-0.00329698,0.69883,-1.45228,-0.0276814,0.758854,-1.44043,-0.00758844,0.738203,-1.50067,-0.0236398,0.717441,-1.48592,-0.152491,0.783557,-1.24969,0.149297,0.744054,-1.22289,-0.158698,0.843524,-1.1207,0.105286,25.71,-1.22132,-9.87875e-05,-6.15653e-05,6.69757e-05,-1.14717e-05,-7.81181e-06,-9.56973e-06,1.35074e-05,-6.95569e-05,0.000115976,-3.29096e-05,-7.36563e-05,6.98456e-05,
-8.20677,4.65947,11.1444,9.73353,-0.813833,11.9643,-8.31304,5.7922,20.9004,7.09009,60,14.5512,0,0,0,0,0,0,0,0,0,0,0,0,-0.00329446,0.69883,-1.45228,-0.0276787,0.758854,-1.44043,-0.00758462,0.738204,-1.50067,-0.023637,0.717439,-1.48592,-0.152503,0.783548,-1.24966,0.1493,0.744056,-1.2229,-0.158725,0.843518,-1.12066,0.105278,25.71,-1.22135,0.000201744,1.82442e-05,-3.78495e-05,0.000207849,-2.38381e-05,0.000100839,0.000225716,7.98355e-05,-7.75762e-05,0.000179785,-3.53289e-05,6.37177e-05,
-8.20553,4.65949,11.1401,9.73363,-0.814445,11.9639,-8.31163,5.79164,20.8992,7.09089,60,14.5555,0,0,0,0,0,0,0,0,0,0,0,0,-0.00329161,0.698831,-1.45228,-0.0276757,0.758854,-1.44043,-0.00758184,0.738206,-1.50067,-0.0236352,0.717441,-1.48592,-0.152485,0.783548,-1.24973,0.149297,0.744047,-1.22291,-0.158704,0.843512,-1.12069,0.105288,25.71,-1.22128,-8.72466e-05,-3.61041e-05,0.000174119,-8.09741e-05,6.56036e-05,4.17235e-05,-4.66048e-05,0.000121695,-2.85762e-05,-9.55384e-05,0.000164272,-8.67017e-05,
-8.20523,4.65957,11.1411,9.7338,-0.814297,11.9642,-8.31115,5.7916,20.8992,7.09145,60,14.555,0,0,0,0,0,0,0,0,0,0,0,0,-0.00329506,0.69883,-1.45227,-0.0276798,0.758856,-1.44043,-0.00758516,0.738208,-1.50067,-0.0236394,0.717444,-1.48593,-0.152488,0.783548,-1.2497,0.149294,0.744052,-1.2229,-0.158701,0.843513,-1.12068,0.105291,25.71,-1.22129,-0.000279974,-3.86108e-05,0.000191731,-0.000189416,8.18553e-05,2.43495e-05,-0.000152691,9.39758e-05,2.12114e-05,-0.000201412,0.000144541,-0.000174551,
-8.20641,4.66003,11.1412,9.73302,-0.814303,11.9644,-8.31152,5.79163,20.8981,7.09071,60,14.554,0,0,0,0,0,0,0,0,0,0,0,0,-0.00329517,0.698829,-1.45227,-0.0276791,0.758856,-1.44043,-0.00758395,0.738209,-1.50067,-0.0236391,0.717444,-1.48593,-0.152499,0.783557,-1.24971,0.149288,0.74405,-1.2229,-0.158699,0.843511,-1.1207,0.105285,25.71,-1.22131,0.000126077,-7.94888e-06,-3.5556e-05,0.000131449,-1.37676e-05,2.40685e-05,0.000150888,-7.83895e-06,4.42023e-05,0.000104971,-8.98552e-05,8.37054e-05,
-8.20694,4.66042,11.142,9.73285,-0.814357,11.965,-8.31145,5.79159,20.8974,7.09057,60,14.5531,0,0,0,0,0,0,0,0,0,0,0,0,-0.00329174,0.698829,-1.45227,-0.0276755,0.758855,-1.44043,-0.00758,0.738208,-1.50067,-0.0236362,0.717441,-1.48592,-0.152505,0.783564,-1.2497,0.149289,0.744048,-1.22289,-0.158693,0.843508,-1.12071,0.105287,25.71,-1.22132,0.000155007,7.23878e-06,-0.00012807,0.000160186,-2.68779e-05,-9.44268e-06,0.000183211,-5.89954e-05,4.39278e-05,0.000137868,-0.00015253,0.000140983,
-8.20683,4.66053,11.1419,9.73283,-0.814185,11.9649,-8.31177,5.79175,20.8982,7.09054,60,14.5539,0,0,0,0,0,0,0,0,0,0,0,0,-0.00328993,0.698829,-1.45228,-0.0276736,0.758855,-1.44043,-0.00757754,0.738207,-1.50067,-0.0236345,0.717439,-1.48592,-0.152503,0.783566,-1.2497,0.149289,0.744052,-1.22289,-0.158698,0.843511,-1.1207,0.105286,25.71,-1.2213,7.02985e-05,-8.00572e-06,-0.000108928,7.57057e-05,3.00509e-06,-4.60117e-05,0.00011265,-3.13098e-05,3.32002e-05,6.61873e-05,-0.000100403,6.79077e-05,
-8.2067,4.66023,11.1417,9.73259,-0.814639,11.9642,-8.31147,5.79096,20.8986,7.09081,60,14.5547,0,0,0,0,0,0,0,0,0,0,0,0,-0.0032895,0.698829,-1.45228,-0.027673,0.758856,-1.44043,-0.00757575,0.738207,-1.50067,-0.0236339,0.717439,-1.48592,-0.152503,0.783561,-1.2497,0.149283,0.744045,-1.2229,-0.158692,0.843498,-1.12069,0.10529,25.71,-1.22129,-2.36634e-05,7.36702e-06,-3.21403e-05,-1.70076e-05,4.1905e-05,-4.44257e-05,4.08057e-05,2.52008e-05,-1.69023e-05,-6.95551e-06,3.19189e-05,-5.67446e-05,
-8.20611,4.66038,11.1415,9.73337,-0.814444,11.9658,-8.31209,5.79245,20.8986,7.09068,60,14.556,0,0,0,0,0,0,0,0,0,0,0,0,-0.00329072,0.698829,-1.45228,-0.0276741,0.758857,-1.44043,-0.00757543,0.738208,-1.50067,-0.0236344,0.71744,-1.48592,-0.152495,0.783563,-1.24971,0.149294,0.74405,-1.22288,-0.158704,0.843525,-1.12069,0.105286,25.71,-1.22127,-7.78761e-05,-9.00522e-06,-5.17399e-05,-7.10781e-05,5.08319e-05,-6.9901e-05,2.74896e-06,-9.17664e-06,7.34139e-06,-4.15032e-05,2.29163e-05,-5.56795e-05,
-8.20625,4.66029,11.1421,9.7332,-0.814052,11.9653,-8.31196,5.79198,20.8986,7.09073,60,14.5545,0,0,0,0,0,0,0,0,0,0,0,0,-0.00329198,0.698829,-1.45228,-0.0276752,0.758857,-1.44044,-0.00757518,0.738207,-1.50067,-0.0236351,0.717439,-1.48592,-0.152497,0.783561,-1.2497,0.149291,0.744056,-1.22289,-0.1587,0.843514,-1.12069,0.105287,25.71,-1.22129,-3.24429e-05,-1.47792e-05,-0.000104328,-2.4803e-05,-5.70055e-06,-2.74407e-05,5.08514e-05,-5.71502e-05,5.04876e-05,4.10206e-06,-7.93538e-05,7.68769e-05,
-8.20661,4.66054,11.1437,9.73316,-0.813999,11.9646,-8.31272,5.79217,20.8995,7.0905,60,14.5527,0,0,0,0,0,0,0,0,0,0,0,0,-0.00329118,0.698829,-1.45228,-0.0276743,0.758857,-1.44043,-0.00757281,0.738206,-1.50067,-0.0236337,0.717437,-1.48592,-0.152501,0.783566,-1.24967,0.149293,0.744056,-1.2229,-0.15871,0.843517,-1.12068,0.105286,25.71,-1.22132,3.47067e-05,-1.1834e-05,-0.000119107,4.24657e-05,-2.53216e-05,4.57683e-05,0.000109189,-3.82521e-05,2.96527e-05,6.27217e-05,-8.82521e-05,0.000111606,
-8.20568,4.66064,11.1423,9.73391,-0.8139,11.9652,-8.3126,5.79297,20.8995,7.0909,60,14.5544,0,0,0,0,0,0,0,0,0,0,0,0,-0.00329202,0.698828,-1.45228,-0.027675,0.758857,-1.44043,-0.00757198,0.738206,-1.50067,-0.0236339,0.717436,-1.48592,-0.15249,0.783566,-1.2497,0.149302,0.744058,-1.22288,-0.158712,0.843532,-1.12067,0.105289,25.71,-1.22129,-0.000140434,-4.01994e-05,3.24479e-05,-0.000132401,5.54238e-06,2.40946e-05,-5.6379e-05,-2.36042e-05,3.57367e-05,-0.000104135,4.33294e-07,-1.46852e-05,
-8.20539,4.66079,11.1417,9.73421,-0.814387,11.9653,-8.3112,5.79214,20.8977,7.09174,60,14.5542,0,0,0,0,0,0,0,0,0,0,0,0,-0.00329599,0.698827,-1.45228,-0.0276788,0.758857,-1.44043,-0.00757445,0.738206,-1.50066,-0.0236372,0.717437,-1.48592,-0.152491,0.783568,-1.2497,0.149301,0.744051,-1.22288,-0.158691,0.843518,-1.12071,0.105298,25.71,-1.2213,-0.000242217,-5.27847e-05,0.000119002,-0.000234148,3.04085e-05,6.17373e-05,-0.000158813,3.81517e-05,4.52008e-05,-0.000207046,8.71078e-05,-6.95603e-05,
-8.20641,4.66032,11.1433,9.73343,-0.814087,11.963,-8.31305,5.79137,20.9004,7.09077,60,14.5528,0,0,0,0,0,0,0,0,0,0,0,0,-0.00329725,0.698827,-1.45228,-0.0276799,0.758857,-1.44043,-0.00757418,0.738208,-1.50067,-0.0236381,0.717439,-1.48592,-0.152502,0.783561,-1.24967,0.149295,0.744054,-1.22292,-0.158716,0.84351,-1.12066,0.105288,25.71,-1.22133,0.000117595,3.73214e-05,3.23773e-05,0.000126327,-4.20332e-05,0.000217157,0.000166552,0.00016347,-0.000155028,0.000120432,3.26005e-05,4.41806e-05,
-8.20628,4.65997,11.1428,9.73335,-0.814572,11.9627,-8.31335,5.79123,20.9008,7.09075,60,14.5533,0,0,0,0,0,0,0,0,0,0,0,0,-0.0032941,0.698828,-1.45228,-0.0276765,0.758856,-1.44043,-0.00757021,0.738211,-1.50067,-0.0236349,0.717439,-1.48592,-0.152497,0.783556,-1.24968,0.149296,0.744045,-1.22292,-0.158718,0.84351,-1.12066,0.10529,25.71,-1.22132,9.44219e-05,3.08757e-05,4.34376e-05,0.000102708,-2.7647e-05,0.00017087,0.00014697,0.000139233,-0.000125778,0.000100082,4.78853e-05,-5.5234e-07,
-8.20492,4.66035,11.1423,9.73439,-0.8146,11.9642,-8.31225,5.79207,20.8994,7.09184,60,14.5539,0,0,0,0,0,0,0,0,0,0,0,0,-0.00329742,0.698827,-1.45228,-0.0276797,0.758857,-1.44042,-0.00757219,0.738212,-1.50067,-0.0236379,0.71744,-1.48592,-0.152484,0.783559,-1.24969,0.149303,0.744047,-1.22289,-0.158709,0.843522,-1.12068,0.105298,25.71,-1.22131,-0.000266349,-6.36377e-05,0.000118926,-0.00025967,4.50452e-05,-3.4732e-05,-0.0001991,-3.07066e-05,0.000121427,-0.000247503,3.04416e-05,-7.35345e-05,
-8.20472,4.66042,11.142,9.73435,-0.814579,11.9643,-8.31171,5.79181,20.8984,7.09197,60,14.5537,0,0,0,0,0,0,0,0,0,0,0,0,-0.003303,0.698826,-1.45228,-0.0276852,0.758858,-1.44043,-0.00757649,0.73821,-1.50067,-0.0236432,0.71744,-1.48592,-0.152484,0.783559,-1.24969,0.149299,0.744047,-1.2229,-0.158702,0.843514,-1.12069,0.105297,25.71,-1.22131,-0.000173637,-7.09513e-05,1.56434e-05,-0.00016796,1.5183e-05,-5.42885e-05,-0.000123934,-9.0675e-05,0.000121614,-0.00017106,-6.10292e-05,2.79452e-05,
-8.20573,4.6605,11.1427,9.73374,-0.814447,11.9638,-8.31239,5.79142,20.8987,7.09134,60,14.5525,0,0,0,0,0,0,0,0,0,0,0,0,-0.00330272,0.698825,-1.45228,-0.0276848,0.758857,-1.44043,-0.00757567,0.73821,-1.50066,-0.0236432,0.717438,-1.48592,-0.152495,0.783562,-1.24968,0.149295,0.744048,-1.2229,-0.158707,0.843509,-1.12069,0.105293,25.71,-1.22133,0.000119306,7.47163e-06,-6.57381e-05,0.00012501,-3.7454e-05,4.90928e-05,0.000140232,7.21111e-06,7.10457e-06,9.47797e-05,-0.000112513,0.000136091,
-8.20629,4.6606,11.143,9.73338,-0.814373,11.9637,-8.3131,5.79144,20.8993,7.09094,60,14.5523,0,0,0,0,0,0,0,0,0,0,0,0,-0.00329839,0.698826,-1.45228,-0.0276803,0.758856,-1.44042,-0.00757106,0.738211,-1.50067,-0.0236396,0.717436,-1.48592,-0.152499,0.783565,-1.24968,0.149295,0.744048,-1.2229,-0.158713,0.843511,-1.12068,0.105291,25.71,-1.22133,0.000192693,2.66335e-05,-7.86774e-05,0.000198487,-4.87829e-05,5.7246e-05,0.000205582,4.58356e-05,-5.27857e-05,0.000160416,-9.96945e-05,0.00013692,
-8.20564,4.6605,11.1417,9.73348,-0.814376,11.9638,-8.31293,5.7916,20.8999,7.09137,60,14.5547,0,0,0,0,0,0,0,0,0,0,0,0,-0.00329685,0.698826,-1.45228,-0.0276787,0.758856,-1.44042,-0.0075691,0.738212,-1.50067,-0.0236388,0.717435,-1.48592,-0.152491,0.783563,-1.2497,0.149293,0.74405,-1.2229,-0.158713,0.843514,-1.12067,0.105293,25.71,-1.22129,-1.65144e-05,-2.14909e-06,8.28329e-06,-1.15717e-05,2.95282e-05,-4.46572e-06,8.90304e-06,3.8638e-05,-1.21437e-05,-7.24266e-05,1.79375e-05,-4.99766e-05,
-8.20552,4.6607,11.1417,9.7333,-0.814835,11.964,-8.3116,5.79091,20.8985,7.09192,60,14.5543,0,0,0,0,0,0,0,0,0,0,0,0,-0.00329926,0.698826,-1.45228,-0.027681,0.758857,-1.44043,-0.00757082,0.738212,-1.50067,-0.0236415,0.717435,-1.48592,-0.152493,0.783565,-1.2497,0.149286,0.744043,-1.2229,-0.158692,0.843501,-1.12069,0.1053,25.71,-1.22129,-8.60183e-05,-1.79665e-05,-2.70867e-05,-8.15798e-05,4.43341e-05,-9.62284e-05,-6.10745e-05,-1.13511e-05,3.96401e-05,-0.000108636,-1.92857e-05,-2.70597e-05,
-8.20585,4.66134,11.142,9.73347,-0.814766,11.9653,-8.31167,5.79167,20.8974,7.09175,60,14.554,0,0,0,0,0,0,0,0,0,0,0,0,-0.00329977,0.698826,-1.45228,-0.0276815,0.758857,-1.44043,-0.00757106,0.738212,-1.50066,-0.0236424,0.717434,-1.48592,-0.152497,0.783577,-1.2497,0.149291,0.744043,-1.22288,-0.158692,0.843513,-1.12071,0.105298,25.71,-1.2213,-1.89681e-06,-1.55384e-05,-9.47333e-05,1.6662e-06,8.21018e-06,-9.02513e-05,1.45632e-05,-5.22348e-05,5.65102e-05,-3.17085e-05,-0.000118222,6.80986e-05,
-8.20706,4.6612,11.1451,9.73314,-0.814144,11.9648,-8.31342,5.79154,20.8995,7.09101,60,14.5509,0,0,0,0,0,0,0,0,0,0,0,0,-0.0032969,0.698826,-1.45229,-0.0276785,0.758857,-1.44043,-0.00756779,0.73821,-1.50066,-0.0236402,0.71743,-1.48591,-0.152511,0.783576,-1.24965,0.149293,0.744053,-1.22289,-0.158715,0.843511,-1.12067,0.105292,25.71,-1.22135,0.000199866,3.85228e-05,-0.000188068,0.000204867,-4.3784e-05,-2.74186e-05,0.000215691,-5.84634e-06,-4.5513e-05,0.000170862,-0.000162938,0.000169474,
-8.20594,4.66089,11.1418,9.73336,-0.814625,11.964,-8.31291,5.79139,20.8998,7.09141,60,14.5552,0,0,0,0,0,0,0,0,0,0,0,0,-0.0032938,0.698827,-1.45229,-0.0276753,0.758856,-1.44043,-0.00756418,0.738212,-1.50067,-0.0236376,0.717429,-1.48591,-0.152494,0.783571,-1.24971,0.149294,0.744046,-1.2229,-0.158708,0.843512,-1.12067,0.105296,25.71,-1.22128,-3.90196e-05,1.21219e-05,2.60677e-05,-3.34342e-05,3.47432e-05,2.36673e-05,-6.49774e-07,8.29913e-05,-6.47701e-05,-4.82859e-05,5.19294e-05,-8.91485e-05,
-8.20536,4.66096,11.1413,9.73359,-0.815121,11.9642,-8.31116,5.79046,20.8984,7.09267,60,14.5553,0,0,0,0,0,0,0,0,0,0,0,0,-0.00329903,0.698826,-1.45228,-0.0276804,0.758858,-1.44043,-0.00756756,0.738213,-1.50067,-0.0236418,0.717432,-1.48592,-0.152494,0.78357,-1.24971,0.149288,0.74404,-1.2229,-0.158686,0.843497,-1.1207,0.105308,25.71,-1.22128,-0.000260112,-2.91859e-05,0.000175624,-0.000253624,9.02729e-05,7.50116e-06,-0.000256209,0.000112517,-4.90104e-06,-0.000305408,0.000193677,-0.000202583,
-8.20594,4.66116,11.1428,9.73337,-0.814669,11.964,-8.31264,5.79125,20.8992,7.09183,60,14.5535,0,0,0,0,0,0,0,0,0,0,0,0,-0.00330091,0.698826,-1.45228,-0.0276821,0.758859,-1.44043,-0.00756938,0.738214,-1.50067,-0.0236446,0.717433,-1.48592,-0.1525,0.783574,-1.24969,0.149288,0.744046,-1.2229,-0.158707,0.84351,-1.12068,0.105297,25.71,-1.22131,-6.22811e-06,-1.30654e-05,6.78185e-06,-4.16365e-08,-2.36891e-06,1.93267e-05,3.24223e-05,1.67049e-06,-4.4507e-06,-1.45416e-05,-4.06429e-05,7.83443e-05,
-8.20631,4.66095,11.1441,9.73341,-0.814307,11.9645,-8.31399,5.79183,20.8999,7.0912,60,14.5521,0,0,0,0,0,0,0,0,0,0,0,0,-0.00329734,0.698826,-1.45229,-0.0276784,0.758857,-1.44043,-0.00756482,0.738214,-1.50067,-0.0236412,0.717429,-1.48591,-0.1525,0.78357,-1.24967,0.149296,0.74405,-1.22289,-0.158724,0.843518,-1.12067,0.105293,25.71,-1.22133,0.000115105,-9.32448e-06,-0.000120785,0.000121294,-5.61607e-05,7.51827e-06,0.000161003,-6.17366e-05,3.01132e-05,0.000115463,-0.000161619,0.000169108,
-8.20551,4.66135,11.1437,9.7342,-0.814273,11.965,-8.31336,5.79219,20.8995,7.09198,60,14.5523,0,0,0,0,0,0,0,0,0,0,0,0,-0.00329784,0.698825,-1.45229,-0.0276788,0.758857,-1.44043,-0.00756421,0.738212,-1.50066,-0.0236415,0.717427,-1.48591,-0.152492,0.783576,-1.24967,0.149303,0.744053,-1.22288,-0.158718,0.843523,-1.12067,0.1053,25.71,-1.22133,-0.000139267,-5.14434e-05,3.58006e-05,-0.000133099,2.17167e-05,-3.2665e-05,-8.22459e-05,-6.80959e-05,0.000104231,-0.000129832,-3.23242e-05,-7.69222e-06,
-8.2049,4.66121,11.1415,9.73417,-0.814483,11.9641,-8.31255,5.79143,20.899,7.09239,60,14.5545,0,0,0,0,0,0,0,0,0,0,0,0,-0.00330208,0.698824,-1.45228,-0.0276829,0.758858,-1.44043,-0.00756731,0.738212,-1.50066,-0.0236457,0.717428,-1.48591,-0.152486,0.783571,-1.24971,0.149298,0.74405,-1.2229,-0.158708,0.843512,-1.12068,0.105303,25.71,-1.22129,-0.000168695,-5.90721e-05,0.000174775,-0.000162249,2.6817e-05,3.58442e-05,-0.000121036,4.79189e-05,3.61504e-05,-0.000169292,8.34127e-05,-0.000104926,
-8.2057,4.66116,11.1425,9.73366,-0.814555,11.9634,-8.31283,5.79079,20.8993,7.0922,60,14.553,0,0,0,0,0,0,0,0,0,0,0,0,-0.00330336,0.698823,-1.45228,-0.027684,0.758858,-1.44043,-0.00756794,0.738214,-1.50066,-0.0236471,0.71743,-1.48592,-0.152498,0.783571,-1.24969,0.149292,0.744048,-1.22291,-0.158709,0.843504,-1.12068,0.105302,25.71,-1.22132,1.66655e-05,3.62337e-06,0.000112916,2.3316e-05,-2.50485e-06,0.000140577,4.55395e-05,0.000131813,-8.88637e-05,-1.59218e-06,6.44398e-05,-1.87296e-05,
-8.20621,4.66119,11.1429,9.73308,-0.814732,11.9628,-8.3134,5.79053,20.8997,7.09175,60,14.5526,0,0,0,0,0,0,0,0,0,0,0,0,-0.00330042,0.698823,-1.45228,-0.027681,0.758857,-1.44042,-0.00756458,0.738216,-1.50066,-0.0236447,0.717429,-1.48591,-0.152501,0.783572,-1.24968,0.149288,0.744043,-1.22291,-0.158713,0.8435,-1.12067,0.105299,25.71,-1.22132,0.000146578,-1.11713e-06,-2.05508e-05,0.00015241,-2.58239e-05,9.49689e-05,0.00016682,7.22082e-05,-4.16324e-05,0.000121047,-5.36037e-05,5.73932e-05,
-8.20591,4.66175,11.1436,9.73395,-0.815046,11.9652,-8.3129,5.79141,20.8982,7.09233,60,14.5521,0,0,0,0,0,0,0,0,0,0,0,0,-0.00329957,0.698823,-1.45228,-0.02768,0.758857,-1.44042,-0.00756311,0.738216,-1.50066,-0.0236442,0.717428,-1.48591,-0.152499,0.783582,-1.24967,0.1493,0.744039,-1.22288,-0.158707,0.843514,-1.1207,0.105306,25.71,-1.22133,-4.61454e-05,-2.46715e-05,-1.91177e-05,-4.11866e-05,2.31827e-05,-6.46989e-05,-8.80291e-06,-3.48661e-05,5.32913e-05,-5.57404e-05,-4.58564e-05,3.87198e-06,
-8.20545,4.66175,11.1426,9.73427,-0.814908,11.9656,-8.31257,5.79134,20.8975,7.09257,60,14.5536,0,0,0,0,0,0,0,0,0,0,0,0,-0.00330181,0.698822,-1.45228,-0.0276822,0.758858,-1.44042,-0.00756457,0.738215,-1.50066,-0.0236465,0.717428,-1.48591,-0.152495,0.78358,-1.24969,0.149301,0.744042,-1.22287,-0.158705,0.843511,-1.1207,0.105306,25.71,-1.2213,-0.000143152,-5.70546e-05,-4.42679e-06,-0.000138022,3.31586e-05,-9.71002e-05,-9.79248e-05,-6.33432e-05,9.15168e-05,-0.000145556,-1.56445e-05,-5.11603e-05,
-8.20615,4.661,11.1423,9.73341,-0.814772,11.9639,-8.31378,5.79021,20.8993,7.09179,60,14.5545,0,0,0,0,0,0,0,0,0,0,0,0,-0.00330191,0.698822,-1.45228,-0.0276821,0.758859,-1.44042,-0.00756386,0.738216,-1.50066,-0.0236468,0.717429,-1.48592,-0.152502,0.783568,-1.24969,0.149292,0.744045,-1.2229,-0.15872,0.843497,-1.12068,0.105297,25.71,-1.22129,0.000101871,3.04219e-05,1.65109e-05,0.000108427,3.43235e-06,8.45721e-05,0.000134684,0.00015246,-0.000120173,8.77625e-05,5.6986e-05,-4.54052e-05,
-8.20647,4.66092,11.1424,9.73308,-0.814777,11.9635,-8.31456,5.79029,20.9,7.09147,60,14.5542,0,0,0,0,0,0,0,0,0,0,0,0,-0.00329796,0.698823,-1.45228,-0.027678,0.758858,-1.44042,-0.00755929,0.73822,-1.50067,-0.0236432,0.71743,-1.48592,-0.152503,0.783568,-1.24969,0.149291,0.744044,-1.2229,-0.158729,0.843502,-1.12067,0.105296,25.71,-1.22129,0.000151996,3.74041e-05,2.27936e-05,0.000159007,-7.40431e-06,0.000132667,0.000185549,0.000141172,-0.000109546,0.000138799,3.18126e-05,6.29378e-07,
-8.20582,4.66162,11.1433,9.73371,-0.814728,11.9646,-8.31376,5.79106,20.8989,7.09236,60,14.5528,0,0,0,0,0,0,0,0,0,0,0,0,-0.00329829,0.698823,-1.45228,-0.0276782,0.758859,-1.44042,-0.00755871,0.73822,-1.50067,-0.0236436,0.717429,-1.48592,-0.152498,0.783578,-1.24967,0.149295,0.744046,-1.22288,-0.15872,0.84351,-1.12068,0.105305,25.71,-1.22132,-0.000128315,-6.51092e-05,2.01546e-05,-0.000123053,2.3575e-05,-6.71232e-05,-7.90823e-05,-9.59967e-05,0.000151622,-0.000126646,-6.02122e-05,1.73817e-05,
-8.2053,4.66248,11.1425,9.73424,-0.814651,11.9658,-8.3126,5.79165,20.897,7.09296,60,14.5529,0,0,0,0,0,0,0,0,0,0,0,0,-0.00330242,0.698821,-1.45228,-0.0276823,0.758859,-1.44042,-0.00756179,0.738217,-1.50066,-0.0236483,0.717427,-1.48591,-0.152494,0.78359,-1.24969,0.149299,0.744047,-1.22287,-0.158704,0.843515,-1.12071,0.10531,25.71,-1.22132,-0.000190292,-0.000107332,3.17205e-05,-0.000185826,8.2794e-06,-0.000138416,-0.000143145,-0.000174564,0.000190331,-0.00016881,-9.68149e-05,4.323e-05,
-8.20593,4.66153,11.1429,9.73382,-0.814352,11.9641,-8.31346,5.79083,20.899,7.09243,60,14.553,0,0,0,0,0,0,0,0,0,0,0,0,-0.00330391,0.698819,-1.45228,-0.0276842,0.758859,-1.44042,-0.00756307,0.738215,-1.50066,-0.0236498,0.717426,-1.48591,-0.1525,0.783575,-1.24968,0.149293,0.744052,-1.2229,-0.158717,0.843502,-1.12068,0.105302,25.71,-1.22131,0.000107459,1.16648e-05,-5.4025e-06,-3.73762e-05,-1.40376e-05,-1.10419e-05,-8.07116e-06,-1.63664e-05,5.3433e-05,-5.47302e-05,-5.74011e-05,4.60687e-05,
-8.20654,4.66146,11.143,9.7332,-0.81512,11.9633,-8.31422,5.7901,20.8993,7.09191,60,14.5526,0,0,0,0,0,0,0,0,0,0,0,0,-0.00330085,0.69882,-1.45228,-0.0276805,0.758858,-1.44042,-0.007559,0.738218,-1.50066,-0.0236461,0.717426,-1.48591,-0.152505,0.783575,-1.24968,0.149293,0.744038,-1.2229,-0.15872,0.843497,-1.12068,0.105302,25.71,-1.22132,0.000240678,5.50559e-05,-8.41239e-06,0.000247509,-1.55993e-05,0.000164858,0.000263118,0.000156564,-0.000144319,0.000168012,2.97779e-05,-1.56923e-05,
-8.2057,4.66191,11.1427,9.73377,-0.815026,11.964,-8.31362,5.79054,20.8991,7.09259,60,14.5536,0,0,0,0,0,0,0,0,0,0,0,0,-0.00329968,0.69882,-1.45228,-0.0276791,0.758859,-1.44042,-0.00755695,0.73822,-1.50066,-0.0236458,0.717427,-1.48591,-0.152496,0.783581,-1.24968,0.149297,0.744041,-1.22289,-0.158715,0.843504,-1.12068,0.105308,25.71,-1.22131,-8.56862e-05,-3.31061e-05,4.64559e-05,-7.99916e-05,4.44567e-05,3.65072e-06,-3.96489e-05,4.93069e-05,-3.38565e-06,-8.74042e-05,4.78734e-05,-7.89315e-05,
-8.20535,4.66198,11.1426,9.73421,-0.814942,11.9651,-8.3136,5.79117,20.8985,7.09275,60,14.5538,0,0,0,0,0,0,0,0,0,0,0,0,-0.00330223,0.698819,-1.45228,-0.0276816,0.758859,-1.44042,-0.00755861,0.73822,-1.50066,-0.0236483,0.717427,-1.48592,-0.152494,0.783582,-1.24968,0.149301,0.744043,-1.22288,-0.158717,0.843514,-1.12069,0.105308,25.71,-1.2213,-0.000132387,-3.94783e-05,2.97712e-05,-0.000126631,4.1047e-05,-5.33379e-05,-8.18624e-05,-1.86508e-05,6.39464e-05,-0.000129568,9.1403e-06,-4.60681e-05,
-8.20602,4.66182,11.1434,9.73386,-0.8146,11.9647,-8.31448,5.79088,20.8993,7.09227,60,14.5529,0,0,0,0,0,0,0,0,0,0,0,0,-0.00330279,0.698819,-1.45228,-0.027682,0.75886,-1.44042,-0.00755828,0.73822,-1.50066,-0.023649,0.717427,-1.48592,-0.152502,0.783579,-1.24967,0.149299,0.744049,-1.22288,-0.158728,0.843509,-1.12068,0.105303,25.71,-1.22132,5.91853e-05,-1.00887e-05,-2.9099e-05,6.50814e-05,-7.27591e-06,1.56192e-05,9.41616e-05,1.86788e-05,-2.01747e-05,4.73714e-05,-4.98349e-05,3.39502e-05,
-8.20604,4.66174,11.1428,9.73361,-0.814726,11.964,-8.31459,5.79048,20.8994,7.09229,60,14.5534,0,0,0,0,0,0,0,0,0,0,0,0,-0.0033008,0.698819,-1.45228,-0.0276799,0.758859,-1.44042,-0.00755567,0.738221,-1.50066,-0.0236473,0.717426,-1.48591,-0.1525,0.783578,-1.24968,0.149296,0.744046,-1.22289,-0.158728,0.843504,-1.12067,0.105304,25.71,-1.22131,4.11553e-05,-9.87037e-06,2.70374e-05,4.72967e-05,-9.09618e-06,6.42088e-05,7.12583e-05,4.25119e-05,-1.4228e-06,2.46097e-05,-7.98241e-06,9.28694e-06,
-8.20562,4.66195,11.1424,9.73371,-0.814815,11.9638,-8.31399,5.7904,20.8993,7.09282,60,14.5536,0,0,0,0,0,0,0,0,0,0,0,0,-0.00330155,0.698818,-1.45228,-0.0276806,0.75886,-1.44042,-0.00755586,0.738222,-1.50066,-0.0236484,0.717426,-1.48592,-0.152497,0.78358,-1.24968,0.149294,0.744045,-1.2229,-0.158721,0.843502,-1.12067,0.105309,25.71,-1.22131,-8.60245e-05,-4.00426e-05,0.000102459,-8.04865e-05,2.72948e-05,1.70378e-05,-5.24285e-05,1.81997e-05,3.83249e-05,-9.99534e-05,1.48858e-05,-5.45583e-05,
-8.20557,4.66236,11.1431,9.73398,-0.81493,11.9645,-8.31365,5.79071,20.8982,7.09311,60,14.5523,0,0,0,0,0,0,0,0,0,0,0,0,-0.00330402,0.698817,-1.45227,-0.0276829,0.75886,-1.44042,-0.00755754,0.738221,-1.50066,-0.0236512,0.717426,-1.48592,-0.152498,0.783586,-1.24967,0.149297,0.744043,-1.22289,-0.158716,0.843506,-1.12069,0.105312,25.71,-1.22133,-7.38147e-05,-5.29494e-05,4.2842e-05,-6.88569e-05,5.71051e-06,-3.09119e-05,-4.42085e-05,-4.85428e-05,8.68644e-05,-9.14065e-05,-5.668e-05,3.62301e-05,
-8.20537,4.66214,11.1426,9.73405,-0.814651,11.9645,-8.31432,5.791,20.8989,7.09274,60,14.5534,0,0,0,0,0,0,0,0,0,0,0,0,-0.0033045,0.698816,-1.45227,-0.0276833,0.75886,-1.44042,-0.00755763,0.738221,-1.50066,-0.023652,0.717425,-1.48592,-0.152493,0.783581,-1.24968,0.149299,0.744048,-1.22289,-0.158727,0.843511,-1.12068,0.105306,25.71,-1.22131,-7.91178e-06,-4.95992e-05,9.22331e-06,-2.90808e-06,-1.08152e-05,-3.34627e-05,1.74821e-05,-3.97356e-05,7.93895e-05,-2.91019e-05,-7.30911e-05,5.27887e-05,
-8.20598,4.66183,11.1435,9.7337,-0.814868,11.9642,-8.31464,5.79028,20.8992,7.09262,60,14.5523,0,0,0,0,0,0,0,0,0,0,0,0,-0.00330316,0.698816,-1.45227,-0.0276819,0.75886,-1.44042,-0.00755576,0.738221,-1.50066,-0.0236512,0.717424,-1.48591,-0.152501,0.783577,-1.24967,0.149297,0.744044,-1.22289,-0.158729,0.8435,-1.12067,0.105307,25.71,-1.22133,7.89471e-05,8.26739e-06,-1.30043e-05,8.39145e-05,3.7519e-06,1.90964e-05,9.66471e-05,4.04054e-05,-1.71281e-05,5.03791e-05,-2.81587e-05,1.89429e-05,
-8.20559,4.66225,11.1414,9.73362,-0.815071,11.9644,-8.3138,5.79023,20.8981,7.09293,60,14.5544,0,0,0,0,0,0,0,0,0,0,0,0,-0.00330206,0.698816,-1.45227,-0.0276807,0.75886,-1.44042,-0.00755434,0.738222,-1.50066,-0.0236508,0.717423,-1.48591,-0.152495,0.783584,-1.2497,0.149294,0.744041,-1.22289,-0.158714,0.843499,-1.12069,0.105311,25.71,-1.22129,-1.10449e-05,-2.1742e-05,4.00166e-05,-6.63453e-06,2.74219e-05,-1.79957e-05,7.38325e-06,1.99423e-05,2.46581e-05,-3.98953e-05,1.79904e-06,-2.80833e-05,
-8.20607,4.66249,11.1432,9.73384,-0.814727,11.9655,-8.31451,5.79081,20.8983,7.09276,60,14.5529,0,0,0,0,0,0,0,0,0,0,0,0,-0.00330288,0.698815,-1.45227,-0.0276814,0.758861,-1.44042,-0.00755472,0.738222,-1.50066,-0.0236522,0.717423,-1.48591,-0.152503,0.783588,-1.24967,0.149298,0.744048,-1.22287,-0.158726,0.84351,-1.12069,0.105307,25.71,-1.22132,3.41449e-05,-1.24948e-05,-1.16127e-05,3.89072e-05,8.6478e-06,-2.60418e-05,5.20257e-05,1.53855e-06,3.22132e-05,5.45773e-06,-5.65356e-05,3.35611e-05,
-8.2065,4.66235,11.1433,9.73341,-0.814549,11.9648,-8.31507,5.79049,20.8989,7.09236,60,14.5527,0,0,0,0,0,0,0,0,0,0,0,0,-0.00330064,0.698816,-1.45228,-0.0276791,0.75886,-1.44042,-0.00755223,0.738222,-1.50066,-0.0236505,0.717421,-1.48591,-0.152506,0.783586,-1.24967,0.149296,0.744049,-1.22288,-0.158731,0.843504,-1.12068,0.105305,25.71,-1.22132,0.000157569,4.47793e-06,-9.98234e-05,0.000162657,-3.53926e-05,-1.17153e-05,0.000171203,8.15089e-07,-1.17223e-05,0.000125505,-0.000105939,8.49795e-05,
-8.20574,4.66222,11.1413,9.73335,-0.814813,11.9644,-8.31444,5.79015,20.8989,7.09282,60,14.5552,0,0,0,0,0,0,0,0,0,0,0,0,-0.00329938,0.698816,-1.45228,-0.0276777,0.75886,-1.44042,-0.00755048,0.738223,-1.50066,-0.0236499,0.71742,-1.48591,-0.152496,0.783583,-1.2497,0.149291,0.744046,-1.22289,-0.158723,0.8435,-1.12068,0.105309,25.71,-1.22127,-5.03716e-05,-2.44114e-05,4.63426e-05,-4.52224e-05,3.03079e-05,-1.67436e-05,-2.41045e-05,4.8666e-05,-7.40259e-06,-7.1505e-05,2.7181e-05,-4.26049e-05,
-8.20586,4.6625,11.1434,9.73388,-0.81475,11.9654,-8.31459,5.79071,20.8988,7.09315,60,14.5528,0,0,0,0,0,0,0,0,0,0,0,0,-0.00330094,0.698815,-1.45227,-0.0276792,0.758861,-1.44042,-0.00755162,0.738224,-1.50066,-0.023652,0.717421,-1.48591,-0.152502,0.783588,-1.24967,0.149298,0.744049,-1.22287,-0.158728,0.843509,-1.12068,0.105312,25.71,-1.22132,-0.000123546,-1.464e-05,5.34531e-05,-0.000118755,5.63583e-05,-3.21515e-05,-9.30646e-05,1.30668e-05,5.16455e-05,-0.00010859,-2.14383e-06,-2.30785e-05,
-8.20593,4.66258,11.143,9.73367,-0.814512,11.965,-8.3149,5.79076,20.8987,7.09288,60,14.5528,0,0,0,0,0,0,0,0,0,0,0,0,-0.00330132,0.698815,-1.45228,-0.0276794,0.758861,-1.44042,-0.0075514,0.738223,-1.50066,-0.0236526,0.717419,-1.48591,-0.1525,0.783588,-1.24968,0.149297,0.744051,-1.22288,-0.15873,0.843508,-1.12068,0.105309,25.71,-1.22131,1.8428e-05,-3.28665e-05,-5.59307e-05,2.33129e-05,-2.11512e-05,-4.3938e-05,4.10743e-05,-5.89132e-05,9.31554e-05,-5.09552e-06,-0.000111412,8.46278e-05,
-8.20574,4.66243,11.1438,9.73414,-0.814427,11.9651,-8.31542,5.791,20.8997,7.093,60,14.5523,0,0,0,0,0,0,0,0,0,0,0,0,-0.00330157,0.698814,-1.45227,-0.0276796,0.758861,-1.44042,-0.00755115,0.738223,-1.50066,-0.0236533,0.717418,-1.48591,-0.152498,0.783585,-1.24966,0.149304,0.744054,-1.22288,-0.158741,0.843514,-1.12066,0.105309,25.71,-1.22132,-3.10236e-05,-1.61251e-05,2.10268e-05,-2.57244e-05,1.65444e-05,1.23776e-05,-6.60959e-06,2.8336e-05,1.80334e-05,-5.35807e-05,-2.70672e-05,2.20454e-06,
-8.20537,4.66242,11.1419,9.73422,-0.814849,11.9649,-8.31443,5.79038,20.8984,7.0935,60,14.5534,0,0,0,0,0,0,0,0,0,0,0,0,-0.00330273,0.698814,-1.45227,-0.0276806,0.758861,-1.44042,-0.00755181,0.738223,-1.50065,-0.023655,0.717418,-1.48591,-0.152494,0.783584,-1.24969,0.149303,0.744046,-1.22288,-0.158725,0.843505,-1.12068,0.105315,25.71,-1.22131,-8.59422e-05,-2.75002e-05,0.000131001,-8.08531e-05,1.8251e-05,4.77992e-05,-6.37402e-05,6.21855e-05,2.37082e-05,-0.000111115,5.46955e-05,-5.95716e-05,
-8.2058,4.66239,11.142,9.73385,-0.81498,11.9645,-8.31447,5.78976,20.8982,7.0934,60,14.5533,0,0,0,0,0,0,0,0,0,0,0,0,-0.00330416,0.698813,-1.45227,-0.0276819,0.758862,-1.44042,-0.00755289,0.738226,-1.50066,-0.023657,0.717419,-1.48591,-0.1525,0.783584,-1.24969,0.149298,0.744044,-1.22288,-0.158724,0.843497,-1.12069,0.105313,25.71,-1.22131,1.76999e-05,4.79657e-06,9.60428e-05,2.32706e-05,6.22376e-06,8.89677e-05,2.82591e-05,0.000116468,-3.85624e-05,-1.83465e-05,4.76085e-05,-3.07001e-05,
-8.20627,4.66222,11.1423,9.73323,-0.815059,11.9635,-8.31492,5.78924,20.8989,7.09305,60,14.553,0,0,0,0,0,0,0,0,0,0,0,0,-0.00330177,0.698814,-1.45227,-0.0276794,0.758862,-1.44042,-0.00755085,0.738228,-1.50066,-0.0236558,0.71742,-1.48591,-0.152503,0.783582,-1.24968,0.149292,0.744042,-1.2229,-0.158728,0.84349,-1.12068,0.105311,25.71,-1.22131,0.000132737,2.90065e-05,1.00095e-05,0.00013846,-1.7193e-05,0.000104914,0.000143138,0.000120523,-7.4766e-05,9.73523e-05,-1.55335e-05,4.04942e-05,
-8.20628,4.66226,11.1429,9.73331,-0.815007,11.9641,-8.31546,5.7898,20.8993,7.09298,60,14.5528,0,0,0,0,0,0,0,0,0,0,0,0,-0.0032999,0.698814,-1.45227,-0.0276775,0.758861,-1.44042,-0.00754822,0.738229,-1.50066,-0.0236541,0.717419,-1.48591,-0.152503,0.783583,-1.24967,0.149294,0.744043,-1.22289,-0.158736,0.843499,-1.12067,0.10531,25.71,-1.22131,7.42179e-05,2.21488e-05,-2.05017e-05,7.93721e-05,-2.19319e-06,1.73512e-05,9.49954e-05,4.15559e-05,-2.1742e-05,4.86802e-05,-5.0305e-05,4.71437e-05,
-8.20555,4.66273,11.1418,9.73396,-0.815429,11.9658,-8.31399,5.7901,20.8969,7.09382,60,14.5536,0,0,0,0,0,0,0,0,0,0,0,0,-0.003301,0.698814,-1.45227,-0.027679,0.758862,-1.44042,-0.00754899,0.738228,-1.50066,-0.0236561,0.717417,-1.48591,-0.152496,0.78359,-1.24969,0.149299,0.744037,-1.22286,-0.158715,0.843501,-1.12071,0.105319,25.71,-1.2213,-0.000128683,-3.58072e-05,-2.86657e-05,-0.000144106,5.19559e-05,-0.000117367,-0.000107049,-7.63649e-05,0.000128275,-0.00015464,-5.70606e-05,1.86758e-05,
-8.2061,4.66276,11.143,9.73371,-0.814786,11.9659,-8.31433,5.79007,20.8974,7.09372,60,14.5525,0,0,0,0,0,0,0,0,0,0,0,0,-0.00330382,0.698813,-1.45227,-0.0276812,0.758863,-1.44042,-0.00755067,0.738227,-1.50065,-0.0236584,0.717417,-1.48591,-0.152505,0.783591,-1.24968,0.149296,0.744049,-1.22286,-0.158723,0.843499,-1.1207,0.105315,25.71,-1.22132,3.69806e-05,4.93492e-06,-0.000102911,4.24666e-05,1.35747e-06,-1.84751e-05,-9.24898e-05,-6.16154e-05,9.4052e-05,-0.000139796,-6.99577e-05,4.68587e-05,
-8.2066,4.66236,11.1427,9.73305,-0.814878,11.9641,-8.31579,5.78943,20.8992,7.09265,60,14.5535,0,0,0,0,0,0,0,0,0,0,0,0,-0.00330065,0.698814,-1.45227,-0.0276779,0.758862,-1.44042,-0.00754672,0.738228,-1.50065,-0.0236556,0.717415,-1.48591,-0.152507,0.783586,-1.24968,0.149292,0.744046,-1.22289,-0.158737,0.843493,-1.12067,0.105306,25.71,-1.2213,0.000203158,6.28413e-05,-0.000119022,0.000210171,-2.47462e-05,7.76885e-05,0.000237711,0.000101403,-0.000109679,0.000192048,-4.95465e-05,8.21615e-05,
-8.20619,4.66265,11.1428,9.73349,-0.815325,11.9648,-8.31507,5.78962,20.8984,7.0934,60,14.5531,0,0,0,0,0,0,0,0,0,0,0,0,-0.00329883,0.698815,-1.45228,-0.0276759,0.758862,-1.44042,-0.00754387,0.73823,-1.50066,-0.0236537,0.717415,-1.48591,-0.152503,0.783591,-1.24968,0.149296,0.744039,-1.22288,-0.158727,0.843497,-1.12069,0.105316,25.71,-1.22131,-4.43317e-05,5.11329e-06,-2.14584e-05,-3.74707e-05,3.53635e-05,2.60262e-05,1.54797e-05,3.85782e-05,-1.35077e-05,-3.18743e-05,1.03442e-05,-2.21003e-05,
-8.20553,4.66293,11.1426,9.73393,-0.8153,11.9651,-8.31444,5.78989,20.8977,7.09387,60,14.5533,0,0,0,0,0,0,0,0,0,0,0,0,-0.00330151,0.698815,-1.45228,-0.0276785,0.758863,-1.44042,-0.00754537,0.738229,-1.50066,-0.023656,0.717415,-1.48591,-0.152497,0.783594,-1.24968,0.149298,0.74404,-1.22287,-0.15872,0.843499,-1.12069,0.10532,25.71,-1.2213,-0.000168156,-2.97392e-05,-2.35103e-05,-0.000161647,2.92353e-05,-4.43053e-05,-9.86303e-05,-4.99587e-05,9.97142e-05,-0.000146112,-1.69619e-05,-8.51211e-06,
-8.20602,4.66293,11.1446,9.73432,-0.814965,11.9658,-8.31593,5.79053,20.8988,7.09328,60,14.5516,0,0,0,0,0,0,0,0,0,0,0,0,-0.0033036,0.698814,-1.45228,-0.0276804,0.758864,-1.44042,-0.00754601,0.738229,-1.50065,-0.0236576,0.717414,-1.48591,-0.152505,0.783595,-1.24965,0.149307,0.744046,-1.22286,-0.158744,0.843512,-1.12068,0.105312,25.71,-1.22133,-2.61927e-05,-3.54637e-06,-6.2303e-05,-1.9177e-05,1.23816e-05,8.39873e-06,4.06997e-05,1.25487e-05,-1.13501e-05,3.16312e-05,-4.46978e-05,6.79894e-05,
-8.20592,4.66236,11.1432,9.73403,-0.815074,11.9637,-8.31593,5.78944,20.8997,7.09342,60,14.5526,0,0,0,0,0,0,0,0,0,0,0,0,-0.00330243,0.698815,-1.45228,-0.0276791,0.758863,-1.44042,-0.0075433,0.73823,-1.50065,-0.0236561,0.717414,-1.48591,-0.1525,0.783585,-1.24967,0.149303,0.744044,-1.22289,-0.158741,0.843495,-1.12066,0.105315,25.71,-1.22131,3.25487e-05,1.37115e-05,3.53761e-05,-2.45194e-06,6.04028e-06,0.000136754,5.47699e-05,9.71755e-05,-5.03998e-05,7.57061e-06,5.4188e-05,-2.97701e-05,
-8.20506,4.66246,11.1423,9.73446,-0.81548,11.9641,-8.31542,5.78969,20.8991,7.094,60,14.5537,0,0,0,0,0,0,0,0,0,0,0,0,-0.00330491,0.698814,-1.45227,-0.0276814,0.758864,-1.44042,-0.00754433,0.738233,-1.50066,-0.0236582,0.717416,-1.48591,-0.152492,0.783585,-1.24968,0.149305,0.744038,-1.22288,-0.158736,0.843502,-1.12067,0.10532,25.71,-1.2213,-0.000169219,-3.89419e-05,0.000167571,-0.000161136,4.34782e-05,8.81098e-05,-0.000100971,8.26414e-05,-1.42639e-05,-0.000149196,0.000119499,-0.000122504,
-8.20482,4.66266,11.1418,9.73444,-0.815167,11.9645,-8.31526,5.78994,20.8983,7.09401,60,14.5538,0,0,0,0,0,0,0,0,0,0,0,0,-0.00330741,0.698814,-1.45227,-0.0276838,0.758864,-1.44041,-0.0075461,0.738233,-1.50066,-0.0236608,0.717418,-1.48591,-0.15249,0.783588,-1.24969,0.149303,0.744043,-1.22288,-0.158734,0.843505,-1.12068,0.105319,25.71,-1.2213,-0.000163584,-4.7789e-05,9.84465e-05,-0.00010888,6.80868e-06,5.77051e-05,-5.62878e-05,9.93724e-06,5.68972e-05,-0.000103411,1.54647e-05,-1.14971e-05,
-8.20597,4.66256,11.1441,9.73393,-0.814965,11.9641,-8.31636,5.78961,20.899,7.0934,60,14.5509,0,0,0,0,0,0,0,0,0,0,0,0,-0.00330732,0.698813,-1.45227,-0.0276835,0.758864,-1.44041,-0.00754463,0.738233,-1.50065,-0.0236603,0.717416,-1.48591,-0.152504,0.783587,-1.24965,0.1493,0.744045,-1.22288,-0.158747,0.843499,-1.12067,0.105313,25.71,-1.22134,0.000117548,-4.19017e-06,-7.2763e-05,0.000124125,-5.70295e-05,8.44492e-05,0.000153926,6.93164e-07,1.45073e-05,0.000108476,-0.000126047,0.000154624,
-8.20565,4.66304,11.1429,9.73411,-0.815347,11.9644,-8.31562,5.78964,20.8979,7.09383,60,14.5518,0,0,0,0,0,0,0,0,0,0,0,0,-0.00330482,0.698813,-1.45227,-0.0276809,0.758863,-1.44041,-0.00754146,0.738233,-1.50065,-0.0236581,0.717414,-1.4859,-0.152498,0.783595,-1.24968,0.149303,0.744038,-1.22288,-0.158734,0.843498,-1.12069,0.10532,25.71,-1.22132,6.17219e-07,-1.61103e-05,-1.58946e-05,6.40619e-06,-1.05297e-05,2.11954e-05,3.73386e-05,-2.26861e-05,6.71508e-05,-9.27447e-06,-7.191e-05,6.90824e-05,
-8.20522,4.66288,11.1422,9.73409,-0.815405,11.964,-8.31526,5.78918,20.8983,7.09416,60,14.5534,0,0,0,0,0,0,0,0,0,0,0,0,-0.00330737,0.698813,-1.45227,-0.0276833,0.758864,-1.44041,-0.00754313,0.738233,-1.50065,-0.0236607,0.717414,-1.4859,-0.152496,0.783592,-1.24969,0.149298,0.744039,-1.22289,-0.158731,0.843492,-1.12068,0.105321,25.71,-1.2213,-0.000100239,-2.16614e-05,6.03448e-05,-9.47112e-05,4.15467e-05,-6.20011e-06,-6.03735e-05,4.89053e-05,2.37289e-05,-0.000107917,3.27183e-05,-5.93565e-05,
-8.20565,4.66265,11.1428,9.73377,-0.815605,11.9638,-8.3156,5.78891,20.8987,7.09393,60,14.5529,0,0,0,0,0,0,0,0,0,0,0,0,-0.00330777,0.698813,-1.45227,-0.0276836,0.758864,-1.44041,-0.00754292,0.738234,-1.50065,-0.0236613,0.717414,-1.48591,-0.152501,0.783589,-1.24968,0.149295,0.744036,-1.22289,-0.158734,0.843489,-1.12068,0.105319,25.71,-1.22131,2.39409e-05,3.16643e-05,-1.49354e-05,2.96211e-05,2.7317e-05,8.92283e-06,5.68575e-05,7.97852e-05,-5.95223e-05,1.00687e-05,1.19184e-05,-1.81463e-05,
-8.20565,4.66283,11.1429,9.73384,-0.815488,11.9646,-8.31583,5.78949,20.8984,7.09377,60,14.553,0,0,0,0,0,0,0,0,0,0,0,0,-0.0033066,0.698813,-1.45227,-0.0276823,0.758865,-1.44041,-0.00754106,0.738235,-1.50065,-0.0236605,0.717413,-1.4859,-0.152499,0.783592,-1.24968,0.149298,0.744038,-1.22287,-0.158736,0.843498,-1.12068,0.105318,25.71,-1.2213,3.56845e-05,1.55346e-05,-9.01111e-05,4.0706e-05,6.42564e-06,-5.00764e-05,7.08625e-05,-1.72399e-05,1.62659e-05,2.4575e-05,-8.44926e-05,5.75765e-05,
-8.20579,4.6632,11.1434,9.7338,-0.815546,11.9649,-8.31523,5.78917,20.8975,7.0941,60,14.5519,0,0,0,0,0,0,0,0,0,0,0,0,-0.00330656,0.698813,-1.45228,-0.0276822,0.758865,-1.44041,-0.00754022,0.738234,-1.50065,-0.0236606,0.717411,-1.4859,-0.152503,0.783599,-1.24967,0.149296,0.744037,-1.22287,-0.158725,0.84349,-1.1207,0.105323,25.71,-1.22132,2.0256e-06,3.60524e-09,-9.69706e-05,6.83787e-06,8.01621e-06,-7.55104e-05,3.98002e-05,-5.45227e-05,7.29083e-05,-6.8608e-06,-0.000101805,7.19913e-05,
-8.20598,4.66338,11.1448,9.73407,-0.815276,11.965,-8.31619,5.78973,20.8987,7.09391,60,14.551,0,0,0,0,0,0,0,0,0,0,0,0,-0.00330634,0.698813,-1.45228,-0.0276819,0.758865,-1.44042,-0.00753937,0.738233,-1.50065,-0.0236605,0.71741,-1.4859,-0.152505,0.783602,-1.24965,0.149302,0.744042,-1.22287,-0.158741,0.8435,-1.12067,0.10532,25.71,-1.22134,1.97183e-05,-2.87138e-06,-7.18371e-05,2.50397e-05,2.67432e-06,-6.89624e-05,5.53224e-05,-4.09533e-05,5.56721e-05,8.56024e-06,-8.04856e-05,6.51409e-05,
-8.20563,4.66296,11.1435,9.73405,-0.815446,11.9642,-8.31624,5.78931,20.8993,7.09399,60,14.5527,0,0,0,0,0,0,0,0,0,0,0,0,-0.00330594,0.698813,-1.45228,-0.0276814,0.758865,-1.44042,-0.00753811,0.738233,-1.50065,-0.0236603,0.717409,-1.4859,-0.1525,0.783594,-1.24967,0.149301,0.744039,-1.22288,-0.158742,0.843495,-1.12066,0.105321,25.71,-1.22131,-2.58359e-05,-2.59383e-06,1.00592e-05,-1.98601e-05,2.36842e-05,1.96905e-05,2.06059e-05,4.64939e-05,-1.34593e-05,-2.68707e-05,2.59895e-05,-6.10195e-05,
-8.20502,4.66309,11.1422,9.73451,-0.815825,11.9649,-8.31547,5.78933,20.8981,7.09457,60,14.554,0,0,0,0,0,0,0,0,0,0,0,0,-0.00330886,0.698813,-1.45228,-0.0276841,0.758866,-1.44041,-0.0075398,0.738235,-1.50065,-0.0236631,0.717411,-1.4859,-0.152494,0.783595,-1.24969,0.149304,0.744035,-1.22287,-0.158732,0.843498,-1.12069,0.105326,25.71,-1.22129,-0.000133981,-3.96648e-05,0.000129695,-0.000127615,5.36311e-05,3.71182e-05,-8.41553e-05,6.85658e-05,9.7661e-06,-0.0001328,0.000109002,-0.000137712,
-8.20559,4.66307,11.1421,9.73365,-0.815744,11.9637,-8.31531,5.78833,20.8977,7.09428,60,14.5532,0,0,0,0,0,0,0,0,0,0,0,0,-0.00331006,0.698812,-1.45227,-0.0276852,0.758867,-1.44041,-0.0075401,0.738236,-1.50065,-0.0236644,0.717412,-1.4859,-0.152501,0.783595,-1.24969,0.149292,0.744035,-1.22289,-0.158725,0.84348,-1.12069,0.105324,25.71,-1.2213,6.4057e-05,-1.92034e-05,1.42104e-05,7.03163e-05,-1.70754e-05,5.90763e-05,9.76433e-05,4.14017e-05,-2.01631e-05,5.14662e-05,-2.34744e-05,5.10901e-05,
-8.20613,4.66297,11.1438,9.73338,-0.815177,11.9637,-8.31723,5.78926,20.8996,7.09342,60,14.5521,0,0,0,0,0,0,0,0,0,0,0,0,-0.00330641,0.698812,-1.45228,-0.0276814,0.758866,-1.44041,-0.00753587,0.738237,-1.50065,-0.0236612,0.71741,-1.4859,-0.152504,0.783594,-1.24966,0.149294,0.744043,-1.22289,-0.158753,0.843496,-1.12066,0.105314,25.71,-1.22132,0.00018078,1.34925e-05,-8.69924e-05,0.000186847,-5.04802e-05,3.67919e-05,0.000211325,-1.99325e-06,-8.76715e-06,0.000166076,-0.000139607,0.000142781,
-8.20596,4.66327,11.1434,9.73337,-0.81553,11.9642,-8.3164,5.78917,20.8983,7.09384,60,14.5518,0,0,0,0,0,0,0,0,0,0,0,0,-0.00330455,0.698812,-1.45228,-0.0276795,0.758865,-1.44041,-0.00753348,0.738236,-1.50065,-0.0236594,0.717408,-1.4859,-0.152502,0.783598,-1.24967,0.149293,0.744037,-1.22288,-0.158738,0.843491,-1.12068,0.105321,25.71,-1.22132,7.93493e-05,-2.18814e-05,-0.000106962,8.50513e-05,-2.49796e-05,-5.97662e-05,0.000123032,-0.00010697,9.74504e-05,7.72225e-05,-0.000134099,0.000102065,
-8.20446,4.664,11.1423,9.73458,-0.815419,11.966,-8.31503,5.79029,20.8968,7.09495,60,14.5535,0,0,0,0,0,0,0,0,0,0,0,0,-0.00330891,0.69881,-1.45228,-0.0276837,0.758866,-1.44042,-0.00753656,0.738232,-1.50065,-0.0236637,0.717406,-1.4859,-0.152488,0.783608,-1.24969,0.149302,0.744042,-1.22286,-0.158725,0.843506,-1.1207,0.105329,25.71,-1.22129,-0.000280951,-9.21789e-05,2.24276e-05,-0.000277045,5.1359e-05,-0.000185379,-0.000227902,-0.000164241,0.000219615,-0.000276133,-6.27325e-05,-2.32891e-05,
-8.20551,4.66358,11.1432,9.73421,-0.814983,11.9658,-8.31649,5.79008,20.8979,7.09399,60,14.5529,0,0,0,0,0,0,0,0,0,0,0,0,-0.0033115,0.698809,-1.45228,-0.0276862,0.758867,-1.44042,-0.00753826,0.738231,-1.50064,-0.0236664,0.717404,-1.4859,-0.1525,0.783602,-1.24968,0.149302,0.744049,-1.22286,-0.158744,0.843505,-1.12068,0.105317,25.71,-1.2213,9.21789e-05,9.5814e-06,-8.23835e-05,9.79133e-05,-8.09799e-06,1.91386e-05,0.000119574,1.98187e-05,-2.40757e-05,7.32279e-05,-7.33093e-05,5.41145e-05,
-8.20667,4.66329,11.1445,9.73342,-0.814953,11.9641,-8.31758,5.78902,20.8998,7.09346,60,14.5513,0,0,0,0,0,0,0,0,0,0,0,0,-0.0033058,0.698811,-1.45228,-0.0276804,0.758866,-1.44042,-0.00753229,0.738233,-1.50065,-0.0236613,0.717403,-1.4859,-0.152511,0.783599,-1.24966,0.149297,0.744048,-1.22288,-0.158754,0.843492,-1.12066,0.105316,25.71,-1.22133,0.000260359,7.57341e-05,-8.55213e-05,0.000266523,-3.46367e-05,0.000137027,0.000270685,0.000158059,-0.000178476,0.000225142,-3.40277e-05,5.31347e-05,
-8.20612,4.66351,11.1434,9.73372,-0.815387,11.9642,-8.31728,5.7892,20.8995,7.09395,60,14.5526,0,0,0,0,0,0,0,0,0,0,0,0,-0.00330317,0.698811,-1.45228,-0.0276776,0.758866,-1.44041,-0.00752942,0.738236,-1.50065,-0.0236593,0.717404,-1.4859,-0.152504,0.783603,-1.24967,0.149301,0.744041,-1.22288,-0.158751,0.843498,-1.12066,0.105322,25.71,-1.22131,5.31748e-05,8.63408e-06,8.29737e-05,5.9128e-05,1.65108e-05,9.31903e-05,7.20788e-05,0.000137756,-9.50985e-05,2.47242e-05,6.97226e-05,-7.24351e-05,
-8.20487,4.66375,11.1428,9.73468,-0.815611,11.9653,-8.31594,5.78953,20.8983,7.09518,60,14.5532,0,0,0,0,0,0,0,0,0,0,0,0,-0.00330745,0.698811,-1.45228,-0.0276818,0.758867,-1.44041,-0.00753301,0.738238,-1.50065,-0.0236639,0.717406,-1.4859,-0.152494,0.783604,-1.24968,0.149306,0.74404,-1.22286,-0.158738,0.843503,-1.12068,0.105332,25.71,-1.2213,-0.000271593,-6.72696e-05,0.000159678,-0.000266788,8.1708e-05,-4.82488e-05,-0.000236131,4.00947e-05,6.75084e-05,-0.000285074,0.000102056,-0.000136569,
-8.20534,4.66351,11.1425,9.73434,-0.815529,11.9651,-8.31602,5.78913,20.8977,7.095,60,14.5529,0,0,0,0,0,0,0,0,0,0,0,0,-0.0033114,0.69881,-1.45227,-0.0276856,0.758868,-1.44041,-0.00753629,0.738238,-1.50065,-0.023668,0.717407,-1.4859,-0.1525,0.7836,-1.24968,0.149301,0.74404,-1.22287,-0.158739,0.843496,-1.12069,0.105328,25.71,-1.2213,-4.45773e-05,-2.28731e-05,9.53774e-05,-3.93531e-05,9.75028e-06,4.05397e-05,-9.58223e-05,3.97927e-05,2.46128e-05,-0.000143195,1.99402e-05,-2.33964e-05,
-8.20607,4.6632,11.1432,9.73377,-0.815595,11.9638,-8.317,5.7883,20.8985,7.09428,60,14.5518,0,0,0,0,0,0,0,0,0,0,0,0,-0.00330944,0.69881,-1.45227,-0.0276836,0.758868,-1.44041,-0.00753432,0.73824,-1.50065,-0.023667,0.717407,-1.4859,-0.152506,0.783596,-1.24967,0.149299,0.744038,-1.22288,-0.158748,0.843485,-1.12068,0.105323,25.71,-1.22132,0.000182228,3.64966e-05,-9.70603e-07,0.000187982,-3.97643e-05,0.000154495,0.000184049,0.000123468,-7.64228e-05,0.000138709,-4.56287e-05,0.000105483,
-8.20594,4.66349,11.1432,9.73398,-0.815669,11.9647,-8.31709,5.78877,20.8983,7.09445,60,14.552,0,0,0,0,0,0,0,0,0,0,0,0,-0.00330635,0.69881,-1.45227,-0.0276804,0.758867,-1.44041,-0.00753106,0.738242,-1.50065,-0.0236647,0.717406,-1.4859,-0.152504,0.783601,-1.24967,0.149302,0.744036,-1.22287,-0.158749,0.843493,-1.12068,0.105326,25.71,-1.22132,4.79159e-05,-3.03843e-06,8.14687e-06,5.3425e-05,-1.0008e-05,5.15814e-05,6.41812e-05,5.59916e-05,-1.64964e-05,1.78295e-05,-2.29221e-05,3.45491e-05,
-8.20525,4.66351,11.1423,9.73418,-0.815636,11.9648,-8.31649,5.78876,20.8978,7.09492,60,14.553,0,0,0,0,0,0,0,0,0,0,0,0,-0.00330756,0.69881,-1.45227,-0.0276815,0.758867,-1.44041,-0.00753182,0.738242,-1.50065,-0.0236663,0.717405,-1.4859,-0.152497,0.7836,-1.24968,0.149301,0.744038,-1.22287,-0.158743,0.843492,-1.12069,0.105329,25.71,-1.2213,-0.000120044,-3.64957e-05,4.09484e-05,-0.000114829,2.11467e-05,-3.03831e-05,-9.00858e-05,-1.02724e-05,7.47129e-05,-0.000137264,-6.54136e-06,2.50909e-06,
-8.20569,4.66355,11.1427,9.73384,-0.815793,11.9646,-8.3164,5.78828,20.8975,7.09488,60,14.5523,0,0,0,0,0,0,0,0,0,0,0,0,-0.00330945,0.698809,-1.45227,-0.0276833,0.758868,-1.44041,-0.00753302,0.738242,-1.50065,-0.0236686,0.717405,-1.4859,-0.152504,0.783601,-1.24968,0.149296,0.744035,-1.22287,-0.15874,0.843484,-1.12069,0.105329,25.71,-1.22131,-9.35523e-08,3.15859e-06,-9.30417e-06,4.99632e-06,6.66975e-06,7.0613e-06,2.37365e-05,1.64008e-05,1.79112e-05,-2.25547e-05,-3.81804e-05,4.08971e-05,
-8.20584,4.66353,11.1429,9.7335,-0.815776,11.9641,-8.31675,5.7882,20.898,7.09459,60,14.5523,0,0,0,0,0,0,0,0,0,0,0,0,-0.00330805,0.69881,-1.45227,-0.0276818,0.758868,-1.44041,-0.00753116,0.738242,-1.50065,-0.0236678,0.717404,-1.4859,-0.152503,0.783602,-1.24968,0.149293,0.744035,-1.22288,-0.158742,0.843482,-1.12068,0.105326,25.71,-1.22131,7.33675e-05,1.92295e-05,-8.83806e-05,7.87811e-05,-8.36482e-07,-4.03812e-06,9.84406e-05,3.15832e-06,1.81787e-05,5.2374e-05,-8.76942e-05,9.79425e-05,
-8.20578,4.6636,11.1437,9.73363,-0.815711,11.9641,-8.31698,5.78845,20.8987,7.09468,60,14.5517,0,0,0,0,0,0,0,0,0,0,0,0,-0.0033072,0.69881,-1.45227,-0.0276808,0.758868,-1.44041,-0.00752975,0.738242,-1.50065,-0.0236672,0.717402,-1.4859,-0.152503,0.783603,-1.24966,0.149295,0.744037,-1.22288,-0.158746,0.843487,-1.12067,0.105327,25.71,-1.22132,2.54842e-05,4.87305e-06,-8.74707e-05,3.07895e-05,1.101e-05,-2.34583e-05,6.27034e-05,-1.15144e-05,3.00457e-05,1.61216e-05,-7.41752e-05,7.60431e-05,
-8.2055,4.66409,11.1441,9.73426,-0.815878,11.9656,-8.31649,5.78906,20.8977,7.09516,60,14.5512,0,0,0,0,0,0,0,0,0,0,0,0,-0.00330809,0.69881,-1.45228,-0.0276816,0.758868,-1.44041,-0.00752968,0.738241,-1.50065,-0.0236681,0.717401,-1.48589,-0.152501,0.783611,-1.24966,0.149303,0.744035,-1.22286,-0.15874,0.843495,-1.12069,0.105333,25.71,-1.22133,-9.16711e-05,-2.80917e-05,-6.28727e-05,-8.65465e-05,3.01625e-05,-0.00012216,-4.0402e-05,-6.56915e-05,8.72149e-05,-8.78738e-05,-6.24896e-05,3.45941e-05,
-8.20528,4.66376,11.1439,9.7343,-0.815586,11.9645,-8.31696,5.78883,20.899,7.09504,60,14.5521,0,0,0,0,0,0,0,0,0,0,0,0,-0.00331043,0.698809,-1.45228,-0.0276838,0.758869,-1.44041,-0.00753088,0.73824,-1.50064,-0.0236703,0.7174,-1.48589,-0.152499,0.783605,-1.24966,0.149302,0.744041,-1.22288,-0.158749,0.843492,-1.12066,0.105329,25.71,-1.22131,-6.5026e-05,-7.17515e-06,-2.93942e-05,-5.88099e-05,3.48532e-05,-2.56333e-05,-1.21097e-05,1.02334e-05,7.74536e-06,-5.932e-05,1.39176e-07,-3.52326e-05,
-8.20572,4.66391,11.1445,9.73431,-0.816072,11.9646,-8.31676,5.78837,20.8986,7.09528,60,14.5509,0,0,0,0,0,0,0,0,0,0,0,0,-0.00331058,0.698809,-1.45228,-0.0276838,0.75887,-1.44041,-0.00752996,0.738242,-1.50065,-0.0236703,0.717401,-1.4859,-0.152506,0.783608,-1.24965,0.149303,0.744033,-1.22287,-0.158743,0.843487,-1.12067,0.105334,25.71,-1.22134,-9.86002e-06,3.94541e-06,5.13577e-05,-2.9164e-06,3.07552e-05,3.08904e-05,4.15039e-05,7.05571e-05,-5.41441e-05,-1.47037e-05,4.45199e-05,-5.73816e-05,
-8.20526,4.66394,11.1436,9.73471,-0.816043,11.9646,-8.31706,5.78876,20.8984,7.09525,60,14.552,0,0,0,0,0,0,0,0,0,0,0,0,-0.00331148,0.698809,-1.45228,-0.0276846,0.75887,-1.44041,-0.00752957,0.738243,-1.50065,-0.0236708,0.717402,-1.4859,-0.152499,0.783607,-1.24966,0.149309,0.744034,-1.22287,-0.158749,0.843494,-1.12067,0.105333,25.71,-1.22132,-5.33967e-05,-2.69106e-05,0.00010762,-4.63921e-05,2.1505e-05,6.97594e-05,2.3581e-06,4.86685e-05,2.93619e-06,-3.74165e-05,4.34324e-05,-5.38356e-05,
-8.20523,4.66353,11.1424,9.7344,-0.816059,11.9645,-8.31736,5.78821,20.8983,7.09509,60,14.5535,0,0,0,0,0,0,0,0,0,0,0,0,-0.00331236,0.698808,-1.45227,-0.0276853,0.758871,-1.44041,-0.00752942,0.738245,-1.50065,-0.0236718,0.717404,-1.4859,-0.152499,0.783599,-1.24968,0.149303,0.744034,-1.22287,-0.158753,0.843487,-1.12068,0.10533,25.71,-1.22129,-2.37827e-05,-2.54283e-05,0.000129761,-1.64464e-05,2.57484e-05,8.06022e-05,3.32249e-05,9.43014e-05,-1.68561e-05,-1.43407e-05,9.09149e-05,-6.76018e-05,
-8.20569,4.66367,11.1431,9.73411,-0.81595,11.9644,-8.31773,5.78808,20.898,7.09488,60,14.5524,0,0,0,0,0,0,0,0,0,0,0,0,-0.00331153,0.698808,-1.45227,-0.0276843,0.758871,-1.44041,-0.00752754,0.738246,-1.50065,-0.0236709,0.717405,-1.4859,-0.152504,0.783601,-1.24967,0.149301,0.744035,-1.22287,-0.158756,0.843485,-1.12068,0.105329,25.71,-1.22131,7.21355e-05,-2.81389e-05,5.27342e-05,7.92773e-05,-1.98496e-05,9.74845e-05,0.000117975,4.08069e-05,1.28529e-05,7.08997e-05,1.91298e-05,3.1037e-07,
-8.20581,4.66402,11.1423,9.7337,-0.816089,11.9644,-8.31726,5.78789,20.8969,7.09492,60,14.5526,0,0,0,0,0,0,0,0,0,0,0,0,-0.00331007,0.698807,-1.45227,-0.0276828,0.75887,-1.44041,-0.00752535,0.738246,-1.50065,-0.0236695,0.717404,-1.4859,-0.152505,0.783607,-1.24968,0.149296,0.744032,-1.22287,-0.158745,0.843479,-1.1207,0.105331,25.71,-1.2213,7.56495e-05,-3.88699e-05,3.86614e-06,8.21579e-05,-3.11449e-05,2.77666e-05,0.000116983,-5.11115e-05,7.60751e-05,7.05707e-05,-9.15267e-05,7.23178e-05,
-8.20583,4.66447,11.1435,9.73402,-0.815805,11.9652,-8.31753,5.78855,20.897,7.09502,60,14.5516,0,0,0,0,0,0,0,0,0,0,0,0,-0.00330967,0.698806,-1.45227,-0.0276822,0.75887,-1.44041,-0.00752404,0.738244,-1.50064,-0.0236692,0.717402,-1.4859,-0.152506,0.783614,-1.24966,0.149301,0.744037,-1.22286,-0.15875,0.843489,-1.1207,0.105332,25.71,-1.22132,1.73961e-05,-3.99191e-05,-2.84734e-05,2.3419e-05,-1.81842e-05,-2.95291e-05,6.20937e-05,-7.68683e-05,8.91315e-05,1.55612e-05,-9.64615e-05,8.91927e-05,
-8.20565,4.66438,11.1428,9.73378,-0.815799,11.9645,-8.31756,5.78823,20.8977,7.09498,60,14.5528,0,0,0,0,0,0,0,0,0,0,0,0,-0.00330916,0.698806,-1.45227,-0.0276816,0.75887,-1.44041,-0.00752254,0.738243,-1.50064,-0.0236687,0.7174,-1.48589,-0.152503,0.783612,-1.24968,0.149297,0.744037,-1.22287,-0.158749,0.843484,-1.12068,0.105331,25.71,-1.2213,1.38491e-05,-2.70812e-05,-4.77311e-05,1.97404e-05,1.08337e-05,-1.62569e-05,6.12879e-05,-1.01761e-05,2.5709e-05,1.46121e-05,-4.1788e-05,1.37369e-05,
-8.20574,4.66427,11.1444,9.73419,-0.815754,11.9652,-8.31834,5.78874,20.8985,7.09496,60,14.5518,0,0,0,0,0,0,0,0,0,0,0,0,-0.0033094,0.698806,-1.45227,-0.0276817,0.75887,-1.44041,-0.00752159,0.738244,-1.50064,-0.0236689,0.7174,-1.4859,-0.152505,0.78361,-1.24965,0.149303,0.744039,-1.22286,-0.158763,0.843494,-1.12067,0.10533,25.71,-1.22132,-2.01791e-05,-1.07079e-05,-2.95836e-05,-1.40478e-05,2.35475e-05,-2.09844e-05,2.83903e-05,9.46517e-06,8.86082e-06,-1.91738e-05,-1.32436e-05,-7.31804e-06,
-8.20549,4.66457,11.1431,9.73444,-0.815861,11.9657,-8.31773,5.7888,20.8973,7.09524,60,14.5525,0,0,0,0,0,0,0,0,0,0,0,0,-0.00330977,0.698805,-1.45227,-0.027682,0.758871,-1.44041,-0.0075213,0.738244,-1.50064,-0.0236693,0.717399,-1.4859,-0.152501,0.783615,-1.24967,0.149307,0.744037,-1.22285,-0.158753,0.843494,-1.12069,0.105334,25.71,-1.2213,-3.93932e-05,-2.78395e-05,6.39695e-06,-3.35708e-05,1.75778e-05,-5.05691e-05,8.88384e-06,-2.13958e-05,5.08481e-05,-3.83672e-05,-1.21028e-05,-1.84088e-05,
-8.20545,4.6645,11.1425,9.73424,-0.815969,11.965,-8.31718,5.78794,20.8972,7.09549,60,14.5534,0,0,0,0,0,0,0,0,0,0,0,0,-0.00331198,0.698805,-1.45227,-0.027684,0.758872,-1.44041,-0.00752242,0.738245,-1.50064,-0.0236716,0.7174,-1.4859,-0.152503,0.783614,-1.24968,0.149301,0.744036,-1.22286,-0.158744,0.843482,-1.12069,0.105336,25.71,-1.22129,-3.25259e-05,-1.14333e-05,3.75548e-05,-2.61946e-05,1.49887e-05,3.89979e-05,4.27515e-06,7.81641e-05,-3.22489e-05,-4.32082e-05,4.64853e-05,-5.78527e-05,
-8.20624,4.66433,11.144,9.73384,-0.815883,11.9642,-8.31828,5.7878,20.8985,7.09501,60,14.5518,0,0,0,0,0,0,0,0,0,0,0,0,-0.00331055,0.698805,-1.45227,-0.0276825,0.758871,-1.44041,-0.00752038,0.738247,-1.50064,-0.0236705,0.717401,-1.4859,-0.152512,0.783612,-1.24965,0.1493,0.744037,-1.22287,-0.158758,0.843483,-1.12067,0.105332,25.71,-1.22132,0.000122979,3.47355e-05,-3.04092e-05,0.000129308,-2.60233e-05,0.00011979,0.00014966,0.000115015,-0.000107366,0.000103602,-1.1595e-05,1.94151e-05,
-8.2058,4.6645,11.1443,9.73445,-0.815825,11.9653,-8.3189,5.78878,20.8988,7.0951,60,14.5519,0,0,0,0,0,0,0,0,0,0,0,0,-0.00330854,0.698805,-1.45227,-0.0276803,0.758871,-1.44041,-0.00751772,0.738248,-1.50064,-0.0236688,0.7174,-1.4859,-0.152505,0.783614,-1.24965,0.14931,0.744038,-1.22286,-0.15877,0.843499,-1.12067,0.105333,25.71,-1.22132,-1.52698e-05,-2.04829e-05,3.58985e-06,-9.03825e-06,5.90859e-06,4.41286e-06,2.38758e-05,2.2153e-05,1.62055e-05,-2.32717e-05,-1.48343e-05,8.66137e-06,
-8.20514,4.66455,11.1432,9.73487,-0.816005,11.9656,-8.31786,5.78845,20.8975,7.09587,60,14.5525,0,0,0,0,0,0,0,0,0,0,0,0,-0.00331098,0.698805,-1.45227,-0.0276827,0.758871,-1.44041,-0.00751935,0.738248,-1.50064,-0.0236713,0.7174,-1.4859,-0.1525,0.783613,-1.24966,0.14931,0.744036,-1.22285,-0.158757,0.843493,-1.12069,0.10534,25.71,-1.22131,-0.000184138,-5.57144e-05,9.29817e-05,-0.000178136,3.45421e-05,-1.50012e-05,-0.000138323,-6.24279e-06,8.31601e-05,-0.000186343,1.75126e-05,-6.13439e-05,
-8.2051,4.66435,11.1421,9.73441,-0.815929,11.9642,-8.31777,5.78773,20.8979,7.09572,60,14.5534,0,0,0,0,0,0,0,0,0,0,0,0,-0.00331398,0.698804,-1.45227,-0.0276856,0.758872,-1.44041,-0.0075216,0.738249,-1.50064,-0.0236745,0.717401,-1.4859,-0.152499,0.783609,-1.24968,0.149303,0.744037,-1.22287,-0.158754,0.843482,-1.12068,0.105337,25.71,-1.22129,-4.72799e-05,-2.51483e-05,0.000123858,-4.09368e-05,-4.21533e-06,7.60927e-05,-2.08221e-05,7.02954e-05,-2.15216e-05,-6.80796e-05,2.44836e-05,-2.19991e-05,
-8.20588,4.66411,11.1443,9.73389,-0.815891,11.9633,-8.31884,5.78746,20.8992,7.09527,60,14.5508,0,0,0,0,0,0,0,0,0,0,0,0,-0.00331253,0.698804,-1.45227,-0.027684,0.758871,-1.4404,-0.00751978,0.738251,-1.50064,-0.0236737,0.717401,-1.4859,-0.152508,0.783606,-1.24964,0.149299,0.744036,-1.22289,-0.158768,0.843479,-1.12066,0.105333,25.71,-1.22133,0.00011428,2.93848e-06,-7.49678e-06,0.00012045,-3.63522e-05,0.000109818,0.000128232,6.60706e-05,-4.87506e-05,8.2338e-05,-5.6657e-05,7.7046e-05,
-8.20556,4.66475,11.1435,9.73408,-0.816192,11.9641,-8.31801,5.78788,20.8977,7.09577,60,14.5509,0,0,0,0,0,0,0,0,0,0,0,0,-0.00331099,0.698803,-1.45227,-0.0276823,0.758871,-1.4404,-0.00751797,0.738251,-1.50064,-0.0236727,0.717399,-1.4859,-0.152503,0.783616,-1.24966,0.149301,0.74403,-1.22287,-0.158754,0.843483,-1.12068,0.105341,25.71,-1.22133,-6.09103e-06,-3.74587e-05,4.19537e-06,-1.19961e-06,-1.33152e-05,-3.20788e-05,1.51792e-05,-6.61074e-05,9.28924e-05,-3.11529e-05,-9.45991e-05,7.32139e-05,
-8.20433,4.66492,11.1419,9.73479,-0.81627,11.9652,-8.31686,5.78829,20.8967,7.09645,60,14.5534,0,0,0,0,0,0,0,0,0,0,0,0,-0.0033156,0.698802,-1.45227,-0.0276869,0.758871,-1.44041,-0.00752183,0.738248,-1.50064,-0.0236777,0.717397,-1.48589,-0.15249,0.783617,-1.24969,0.149305,0.744031,-1.22286,-0.158741,0.843488,-1.1207,0.105344,25.71,-1.22129,-0.00018107,-5.89976e-05,2.52032e-05,-0.000176836,4.80856e-05,-0.000104711,-0.00015026,-7.14028e-05,0.000137442,-0.000197797,-3.43197e-05,-3.32285e-05,
-8.20587,4.66454,11.1441,9.73391,-0.816008,11.9645,-8.31803,5.7874,20.8977,7.0956,60,14.5509,0,0,0,0,0,0,0,0,0,0,0,0,-0.003316,0.698801,-1.45227,-0.0276872,0.758872,-1.44041,-0.00752178,0.738248,-1.50064,-0.0236786,0.717396,-1.48589,-0.152509,0.783612,-1.24965,0.149297,0.744035,-1.22287,-0.158754,0.843475,-1.12068,0.105336,25.71,-1.22133,0.000174819,4.12982e-05,-0.000133958,0.000179607,-2.77117e-05,1.27914e-05,0.000184565,5.20854e-05,-5.07032e-05,0.000139016,-0.000101735,9.79205e-05,
-8.20619,4.66469,11.1441,9.73368,-0.816041,11.9643,-8.31882,5.78768,20.8987,7.09518,60,14.5514,0,0,0,0,0,0,0,0,0,0,0,0,-0.00330997,0.698803,-1.45227,-0.027681,0.758871,-1.44041,-0.00751564,0.73825,-1.50064,-0.0236734,0.717394,-1.48589,-0.152509,0.783617,-1.24965,0.1493,0.744033,-1.22287,-0.158762,0.843481,-1.12067,0.105334,25.71,-1.22132,0.000192977,5.18354e-05,-0.000138734,0.000197857,-1.55259e-05,6.71151e-06,0.000206957,5.33055e-05,-7.84518e-05,0.000161311,-9.19415e-05,8.27008e-05,
-8.20555,4.66479,11.1449,9.73446,-0.815795,11.9653,-8.31909,5.78851,20.8994,7.09572,60,14.5515,0,0,0,0,0,0,0,0,0,0,0,0,-0.00330973,0.698803,-1.45227,-0.0276807,0.758871,-1.44041,-0.00751488,0.73825,-1.50064,-0.0236735,0.717393,-1.48589,-0.152504,0.783617,-1.24964,0.149307,0.74404,-1.22286,-0.158772,0.843496,-1.12065,0.105337,25.71,-1.22132,-8.7834e-05,-1.11293e-05,-1.50035e-05,-8.29993e-05,5.32385e-05,-9.55567e-05,-4.97834e-05,3.03727e-06,4.28207e-05,-9.7664e-05,1.2765e-05,-5.43117e-05,
-8.20475,4.66516,11.1421,9.73501,-0.816281,11.9665,-8.3174,5.78846,20.8966,7.09657,60,14.5537,0,0,0,0,0,0,0,0,0,0,0,0,-0.00331355,0.698802,-1.45227,-0.0276844,0.758873,-1.44041,-0.0075178,0.73825,-1.50064,-0.0236774,0.717394,-1.48589,-0.152496,0.783621,-1.24969,0.14931,0.744033,-1.22284,-0.158748,0.843494,-1.1207,0.105345,25.71,-1.22128,-0.000216773,-6.05593e-05,0.000123932,-0.000211819,6.57293e-05,-7.43566e-05,-0.000175078,-1.97447e-05,8.51908e-05,-0.000223468,5.93329e-05,-0.000133234,
-8.20593,4.66474,11.143,9.73361,-0.815796,11.9645,-8.31709,5.78667,20.8975,7.09663,60,14.5521,0,0,0,0,0,0,0,0,0,0,0,0,-0.00331653,0.698801,-1.45227,-0.0276873,0.758874,-1.44041,-0.00752057,0.73825,-1.50064,-0.023681,0.717395,-1.4859,-0.152513,0.783615,-1.24967,0.14929,0.74404,-1.22287,-0.158743,0.843464,-1.12068,0.105345,25.71,-1.22131,0.000111843,9.72369e-06,5.56752e-05,0.000118161,-3.39789e-05,2.26842e-05,-0.00010037,6.65537e-05,-1.78364e-05,-0.000147601,3.74664e-05,-6.08377e-05,
-8.20634,4.6648,11.143,9.73314,-0.816257,11.9629,-8.31916,5.78704,20.8988,7.09517,60,14.5522,0,0,0,0,0,0,0,0,0,0,0,0,-0.00331234,0.698802,-1.45227,-0.0276819,0.758873,-1.44041,-0.00751476,0.738253,-1.50064,-0.0236763,0.717394,-1.48589,-0.15251,0.783617,-1.24967,0.149292,0.74403,-1.2229,-0.158764,0.843475,-1.12067,0.105333,25.71,-1.2213,0.000352022,3.00788e-05,-3.39845e-05,0.000304283,-6.10175e-05,0.00016646,0.000309896,0.000118048,-9.6153e-05,0.000264507,-5.56233e-05,0.000120634,
-8.20542,4.66483,11.1427,9.73418,-0.816005,11.9655,-8.31884,5.78848,20.8979,7.09577,60,14.5529,0,0,0,0,0,0,0,0,0,0,0,0,-0.00330908,0.698802,-1.45227,-0.0276798,0.758872,-1.4404,-0.00751195,0.738253,-1.50064,-0.0236745,0.717393,-1.48589,-0.152499,0.783616,-1.24968,0.149304,0.744036,-1.22285,-0.158764,0.843496,-1.12068,0.105338,25.71,-1.22129,-3.31512e-06,-2.0143e-05,-2.33955e-05,-6.43865e-05,1.7393e-05,-6.48508e-05,-1.68686e-05,-8.4741e-05,0.000121415,-6.39813e-05,-8.04946e-05,6.75156e-05,
-8.20521,4.66539,11.143,9.73431,-0.816036,11.9664,-8.31778,5.78818,20.8959,7.0963,60,14.5519,0,0,0,0,0,0,0,0,0,0,0,0,-0.00331283,0.6988,-1.45227,-0.0276832,0.758873,-1.44041,-0.00751428,0.73825,-1.50064,-0.0236778,0.717391,-1.48589,-0.152501,0.783624,-1.24967,0.149301,0.744036,-1.22284,-0.158748,0.843486,-1.12071,0.105343,25.71,-1.22131,-0.000119011,-5.88872e-05,-8.57949e-05,-0.000114269,2.34153e-05,-0.000147283,-6.9471e-05,-0.000150134,0.000181341,-0.000116626,-0.000133837,9.30048e-05,
-8.20623,4.66543,11.1451,9.73397,-0.815743,11.9654,-8.31901,5.78772,20.8976,7.09589,60,14.55,0,0,0,0,0,0,0,0,0,0,0,0,-0.00331251,0.6988,-1.45227,-0.0276828,0.758873,-1.44041,-0.00751319,0.738248,-1.50063,-0.0236781,0.717388,-1.48589,-0.152514,0.783626,-1.24964,0.149301,0.74404,-1.22286,-0.158764,0.84348,-1.12068,0.10534,25.71,-1.22134,0.000117079,2.41792e-05,-9.90944e-05,0.000122949,-2.24868e-05,-3.20879e-06,0.000148279,7.99288e-06,7.59684e-06,6.40125e-05,-0.000108906,0.000116046,
-8.20606,4.66533,11.1443,9.73416,-0.815833,11.965,-8.31967,5.788,20.8988,7.09565,60,14.5518,0,0,0,0,0,0,0,0,0,0,0,0,-0.00330987,0.698801,-1.45227,-0.02768,0.758872,-1.44041,-0.00750996,0.73825,-1.50064,-0.0236753,0.717387,-1.48589,-0.152509,0.783625,-1.24965,0.149307,0.744039,-1.22286,-0.158774,0.843489,-1.12066,0.105338,25.71,-1.22131,8.13435e-05,2.24758e-05,-5.04677e-06,8.82815e-05,4.93029e-06,6.14639e-05,0.000122043,0.000123615,-0.000101834,7.47145e-05,5.14833e-05,-5.41771e-05,
-8.20498,4.66511,11.1431,9.73492,-0.816185,11.9654,-8.3188,5.78797,20.8984,7.09655,60,14.5534,0,0,0,0,0,0,0,0,0,0,0,0,-0.00331222,0.698801,-1.45227,-0.0276822,0.758874,-1.44041,-0.00751117,0.738253,-1.50064,-0.0236775,0.71739,-1.48589,-0.152498,0.78362,-1.24967,0.149312,0.744036,-1.22285,-0.158765,0.843491,-1.12067,0.105346,25.71,-1.22129,-0.000192084,-2.88513e-05,0.000149285,-0.000185418,8.21644e-05,3.32011e-05,-0.000134578,0.000117616,-4.17375e-05,-0.000183767,0.000166,-0.000202398,
-8.20498,4.66461,11.1416,9.73431,-0.816077,11.9647,-8.31857,5.78733,20.898,7.09645,60,14.5543,0,0,0,0,0,0,0,0,0,0,0,0,-0.00331583,0.6988,-1.45227,-0.0276857,0.758875,-1.44041,-0.00751355,0.738255,-1.50064,-0.0236807,0.717393,-1.48589,-0.152498,0.783611,-1.24969,0.149301,0.744037,-1.22286,-0.158762,0.843481,-1.12068,0.105342,25.71,-1.22127,-1.99785e-05,-8.218e-06,9.60325e-05,-1.34447e-05,-1.31205e-06,6.38553e-05,-7.95005e-05,9.41566e-05,-2.01079e-05,-0.000127689,0.000114672,-9.24654e-05,
-8.20587,4.66495,11.144,9.73407,-0.816059,11.9644,-8.31944,5.78727,20.8981,7.09599,60,14.551,0,0,0,0,0,0,0,0,0,0,0,0,-0.00331481,0.6988,-1.45227,-0.0276846,0.758874,-1.4404,-0.00751217,0.738256,-1.50064,-0.0236803,0.717393,-1.48589,-0.15251,0.783618,-1.24965,0.149302,0.744036,-1.22287,-0.158771,0.843481,-1.12067,0.10534,25.71,-1.22133,0.00011589,1.64307e-05,-4.6704e-06,0.00012225,-4.06216e-05,0.000121884,0.000139543,5.6595e-05,-3.72269e-05,9.37869e-05,-6.89812e-05,0.000108261,
-8.20578,4.66536,11.1434,9.73397,-0.816058,11.9648,-8.31915,5.78759,20.897,7.09618,60,14.5508,0,0,0,0,0,0,0,0,0,0,0,0,-0.00331189,0.6988,-1.45227,-0.0276815,0.758873,-1.4404,-0.00750864,0.738255,-1.50064,-0.0236779,0.71739,-1.48589,-0.152506,0.783624,-1.24966,0.149302,0.744035,-1.22286,-0.158765,0.843482,-1.12069,0.105343,25.71,-1.22132,7.17131e-05,-3.12933e-05,-5.3077e-05,7.71292e-05,-4.61293e-05,6.74833e-06,4.00508e-05,-8.8323e-05,0.000134244,-5.94634e-06,-0.000139145,0.000147012,
-8.20502,4.66559,11.1435,9.73481,-0.816171,11.9656,-8.31875,5.78794,20.8968,7.09672,60,14.5513,0,0,0,0,0,0,0,0,0,0,0,0,-0.00331375,0.698799,-1.45227,-0.0276833,0.758873,-1.4404,-0.0075099,0.738254,-1.50064,-0.02368,0.717388,-1.48589,-0.152499,0.783627,-1.24966,0.14931,0.744034,-1.22285,-0.158762,0.843488,-1.12069,0.105348,25.71,-1.22132,-0.000137231,-4.15025e-05,2.00467e-05,-0.000131975,2.85545e-05,-5.77854e-05,-9.85922e-05,-4.76799e-05,0.000104979,-0.00014555,-4.46973e-05,3.17972e-05,
-8.20542,4.66536,11.1429,9.73427,-0.816559,11.9646,-8.31825,5.78664,20.8966,7.09676,60,14.5517,0,0,0,0,0,0,0,0,0,0,0,0,-0.00331566,0.698799,-1.45227,-0.0276851,0.758874,-1.4404,-0.00751102,0.738254,-1.50063,-0.0236821,0.717388,-1.48589,-0.152506,0.783624,-1.24967,0.149301,0.744028,-1.22286,-0.158752,0.843468,-1.1207,0.105349,25.71,-1.22131,-2.49299e-05,1.24831e-05,7.83575e-06,-1.90665e-05,2.92782e-05,3.94965e-05,7.97167e-06,7.65678e-05,-4.76876e-05,-3.89701e-05,1.89151e-05,-1.84555e-05,
-8.20603,4.66503,11.1433,9.73373,-0.816859,11.9639,-8.31908,5.78611,20.8976,7.09624,60,14.5522,0,0,0,0,0,0,0,0,0,0,0,0,-0.00331405,0.6988,-1.45227,-0.0276829,0.758874,-1.4404,-0.00750834,0.738258,-1.50064,-0.0236806,0.717389,-1.48589,-0.152512,0.78362,-1.24966,0.149297,0.744023,-1.22287,-0.158761,0.843464,-1.12068,0.105345,25.71,-1.2213,0.000118521,6.93344e-05,-4.37633e-05,0.000125339,1.61835e-05,0.000103527,0.000147978,0.00015591,-0.000145587,0.000101084,4.90592e-05,-2.461e-05,
-8.20601,4.66507,11.1443,9.73411,-0.816588,11.9645,-8.3199,5.78687,20.8986,7.09614,60,14.5516,0,0,0,0,0,0,0,0,0,0,0,0,-0.00331215,0.698801,-1.45227,-0.0276813,0.758874,-1.4404,-0.00750634,0.73826,-1.50064,-0.0236792,0.71739,-1.48589,-0.15251,0.783622,-1.24965,0.149305,0.744028,-1.22286,-0.158774,0.843479,-1.12067,0.105344,25.71,-1.22131,8.3858e-05,5.7044e-05,-5.92115e-05,9.05333e-05,1.9873e-05,3.93965e-05,0.00012592,0.000108026,-0.00011146,7.93833e-05,1.85273e-05,-8.55905e-06,
-8.20521,4.66536,11.1428,9.73465,-0.816826,11.9659,-8.31872,5.78728,20.8967,7.09684,60,14.553,0,0,0,0,0,0,0,0,0,0,0,0,-0.003313,0.698801,-1.45227,-0.0276826,0.758875,-1.4404,-0.00750634,0.73826,-1.50064,-0.0236804,0.717389,-1.48589,-0.152502,0.783625,-1.24968,0.149307,0.744025,-1.22284,-0.158758,0.843482,-1.1207,0.10535,25.71,-1.22129,-0.000123429,-2.09021e-05,-3.26893e-05,-0.000147379,5.47975e-05,-8.85395e-05,-8.92188e-05,-5.14041e-05,0.00010189,-0.000137028,-3.09319e-05,-2.00359e-05,
-8.20557,4.66552,11.1435,9.73421,-0.816687,11.9651,-8.31846,5.78655,20.8963,7.09683,60,14.5516,0,0,0,0,0,0,0,0,0,0,0,0,-0.00331653,0.6988,-1.45227,-0.0276854,0.758876,-1.4404,-0.00750805,0.738259,-1.50064,-0.0236831,0.717388,-1.48589,-0.152509,0.783628,-1.24966,0.1493,0.744027,-1.22286,-0.158752,0.843468,-1.1207,0.10535,25.71,-1.22131,-2.04069e-05,-1.32722e-06,-7.16047e-05,-1.402e-05,-1.09547e-06,-1.17518e-05,3.2879e-05,-3.07514e-05,4.56085e-05,-1.34846e-05,-8.11882e-05,7.00638e-05,
-8.20611,4.66547,11.1449,9.73401,-0.816335,11.9643,-8.32025,5.78703,20.8984,7.09603,60,14.5506,0,0,0,0,0,0,0,0,0,0,0,0,-0.003314,0.698801,-1.45227,-0.0276828,0.758875,-1.4404,-0.00750453,0.738259,-1.50064,-0.0236805,0.717386,-1.48589,-0.152512,0.783628,-1.24964,0.149303,0.744032,-1.22287,-0.158777,0.843478,-1.12067,0.105342,25.71,-1.22133,0.000141955,2.66971e-05,-9.8334e-05,0.000149042,-3.5666e-05,9.08433e-05,0.000192174,2.61962e-05,-2.61538e-05,0.000146688,-9.95172e-05,0.000142446,
-8.20538,4.66571,11.1434,9.73442,-0.816736,11.965,-8.31918,5.78703,20.8971,7.0968,60,14.5518,0,0,0,0,0,0,0,0,0,0,0,0,-0.00331302,0.698801,-1.45227,-0.0276816,0.758875,-1.4404,-0.00750224,0.738259,-1.50064,-0.0236792,0.717385,-1.48588,-0.152504,0.783631,-1.24967,0.149306,0.744026,-1.22285,-0.158761,0.843478,-1.12069,0.105352,25.71,-1.2213,-9.98591e-05,-2.94015e-05,1.37854e-05,-9.28236e-05,2.0108e-05,9.31042e-06,-2.87323e-05,9.39717e-07,4.70239e-05,-7.61996e-05,-1.13063e-05,2.37513e-05,
-8.20492,4.66563,11.1447,9.73493,-0.81636,11.9647,-8.31961,5.78738,20.8984,7.09707,60,14.5512,0,0,0,0,0,0,0,0,0,0,0,0,-0.00331677,0.6988,-1.45227,-0.0276852,0.758876,-1.4404,-0.00750468,0.738259,-1.50064,-0.0236825,0.717386,-1.48589,-0.152502,0.783629,-1.24964,0.149309,0.744034,-1.22286,-0.158773,0.843484,-1.12066,0.105351,25.71,-1.22132,-0.000196148,-3.98109e-05,6.01433e-05,-0.00018912,3.52088e-05,1.1578e-05,-0.000123301,4.71678e-06,5.50856e-05,-0.000171255,3.58303e-05,-4.69798e-05,
-8.20501,4.66563,11.1431,9.73464,-0.816883,11.9645,-8.31906,5.78678,20.8971,7.09706,60,14.5521,0,0,0,0,0,0,0,0,0,0,0,0,-0.00331839,0.698799,-1.45227,-0.0276867,0.758876,-1.4404,-0.00750492,0.73826,-1.50064,-0.0236837,0.717386,-1.48589,-0.152502,0.783628,-1.24967,0.149305,0.744024,-1.22286,-0.158761,0.843475,-1.12069,0.105353,25.71,-1.2213,-5.8382e-05,-3.00548e-05,3.99946e-05,-5.10171e-05,7.43919e-06,5.86367e-05,3.10909e-06,3.06339e-05,9.14574e-06,-4.43023e-05,2.20541e-05,-2.74028e-05,
-8.20528,4.66571,11.144,9.73483,-0.816508,11.9647,-8.3195,5.78702,20.8977,7.09699,60,14.5515,0,0,0,0,0,0,0,0,0,0,0,0,-0.00331943,0.698799,-1.45227,-0.0276876,0.758876,-1.4404,-0.00750503,0.73826,-1.50064,-0.0236847,0.717387,-1.48589,-0.152506,0.78363,-1.24965,0.149308,0.744031,-1.22286,-0.158769,0.843481,-1.12068,0.10535,25.71,-1.22131,2.73981e-05,-4.98643e-06,-3.43188e-06,-4.15416e-05,6.62187e-06,6.56636e-05,3.64492e-06,6.39926e-05,-1.68548e-05,-4.3435e-05,1.58752e-05,-9.77994e-06,
-8.2056,4.6655,11.1447,9.73431,-0.816425,11.9636,-8.32044,5.78675,20.8987,7.0965,60,14.5506,0,0,0,0,0,0,0,0,0,0,0,0,-0.00331822,0.698799,-1.45227,-0.0276863,0.758876,-1.4404,-0.00750276,0.738261,-1.50064,-0.0236831,0.717386,-1.48588,-0.152508,0.783626,-1.24964,0.149304,0.74403,-1.22287,-0.15878,0.843476,-1.12066,0.105347,25.71,-1.22133,0.000104553,8.39322e-06,-3.42351e-05,0.000111589,-3.956e-05,0.000105568,0.000149645,3.49389e-05,-3.68696e-05,8.99763e-05,-4.25647e-05,7.35436e-05,
-8.20499,4.66581,11.1441,9.73472,-0.816776,11.9644,-8.31967,5.78695,20.8978,7.09719,60,14.5511,0,0,0,0,0,0,0,0,0,0,0,0,-0.00331775,0.698799,-1.45227,-0.0276856,0.758875,-1.4404,-0.00750114,0.738262,-1.50064,-0.0236829,0.717386,-1.48588,-0.152502,0.783631,-1.24965,0.149307,0.744025,-1.22286,-0.158769,0.843479,-1.12068,0.105354,25.71,-1.22132,-0.000105367,-3.67753e-05,3.35077e-05,-9.94907e-05,1.54298e-05,-8.21684e-07,-5.34252e-05,-2.0756e-05,5.35444e-05,-0.000100971,-3.23741e-06,-3.68816e-06,
-8.20478,4.66612,11.1441,9.73502,-0.816981,11.9649,-8.31887,5.7867,20.8966,7.09773,60,14.5509,0,0,0,0,0,0,0,0,0,0,0,0,-0.00332103,0.698798,-1.45227,-0.0276888,0.758876,-1.4404,-0.0075035,0.738261,-1.50064,-0.0236861,0.717386,-1.48589,-0.152503,0.783635,-1.24965,0.149307,0.744023,-1.22285,-0.158759,0.843473,-1.12069,0.105359,25.71,-1.22132,-0.000173847,-6.03835e-05,5.17282e-05,-0.000168171,3.09971e-05,-4.34159e-05,-0.00012434,-3.07655e-05,9.38345e-05,-0.000171915,-3.68013e-06,-3.98673e-05,
-8.20527,4.66582,11.144,9.73446,-0.816919,11.9638,-8.31976,5.78623,20.8977,7.0971,60,14.5513,0,0,0,0,0,0,0,0,0,0,0,0,-0.003322,0.698797,-1.45227,-0.0276897,0.758876,-1.4404,-0.00750361,0.738261,-1.50063,-0.0236872,0.717386,-1.48589,-0.152507,0.78363,-1.24965,0.149302,0.744023,-1.22287,-0.15877,0.843467,-1.12068,0.105352,25.71,-1.22132,5.71558e-05,-6.71764e-06,1.93786e-05,6.31639e-05,2.61746e-06,4.11547e-05,9.16748e-05,5.15775e-05,-2.9226e-05,4.50728e-05,-9.68544e-06,5.21719e-06,
-8.20561,4.66567,11.1444,9.73435,-0.816949,11.9642,-8.32039,5.78635,20.8982,7.09687,60,14.5513,0,0,0,0,0,0,0,0,0,0,0,0,-0.00331926,0.698797,-1.45227,-0.0276868,0.758876,-1.44039,-0.00749977,0.738264,-1.50064,-0.0236845,0.717386,-1.48589,-0.152509,0.783628,-1.24965,0.149304,0.744022,-1.22286,-0.158777,0.843472,-1.12067,0.105351,25.71,-1.22132,0.000115296,2.14422e-05,-2.06082e-05,0.000121524,-1.41132e-06,4.7034e-05,0.00011932,6.62145e-05,-6.17026e-05,7.23443e-05,5.91434e-07,-1.43966e-05,
-8.20492,4.666,11.1432,9.7346,-0.816966,11.9645,-8.31982,5.78648,20.8974,7.09719,60,14.5526,0,0,0,0,0,0,0,0,0,0,0,0,-0.00331924,0.698797,-1.45227,-0.0276866,0.758877,-1.4404,-0.00749901,0.738264,-1.50064,-0.0236844,0.717386,-1.48589,-0.152501,0.783632,-1.24967,0.149304,0.744023,-1.22286,-0.158768,0.843473,-1.12068,0.105355,25.71,-1.22129,-7.31459e-05,-4.30891e-05,3.25669e-05,-6.76732e-05,2.03228e-05,-6.86743e-05,1.7854e-05,3.03844e-07,3.62262e-05,-2.95399e-05,-6.65725e-06,-2.77271e-05,
-8.20483,4.66615,11.1431,9.73455,-0.816759,11.965,-8.31959,5.78674,20.897,7.09735,60,14.5528,0,0,0,0,0,0,0,0,0,0,0,0,-0.00332066,0.698796,-1.45227,-0.027688,0.758877,-1.4404,-0.00749991,0.738263,-1.50063,-0.0236863,0.717385,-1.48589,-0.152502,0.783634,-1.24967,0.149301,0.744027,-1.22285,-0.158766,0.843475,-1.12069,0.105354,25.71,-1.22129,-9.56925e-05,-4.98387e-05,-4.85713e-06,-9.0592e-05,2.7051e-05,-6.04275e-05,-5.16748e-05,-5.03824e-05,7.57125e-05,-9.8901e-05,-4.41027e-05,8.39695e-06,
-8.20599,4.66652,11.1456,9.73436,-0.816379,11.9656,-8.32075,5.78714,20.8972,7.0968,60,14.5496,0,0,0,0,0,0,0,0,0,0,0,0,-0.00331948,0.698795,-1.45227,-0.0276867,0.758877,-1.4404,-0.00749794,0.738262,-1.50063,-0.0236855,0.717382,-1.48588,-0.152516,0.783641,-1.24963,0.149305,0.744032,-1.22284,-0.15878,0.843481,-1.12068,0.10535,25.71,-1.22134,0.000130676,-1.70693e-05,-0.000118701,0.00013562,-3.93682e-05,-3.95522e-05,0.000155343,-6.42352e-05,4.34849e-05,0.000109603,-0.000161727,0.000145103,
-8.2056,4.66657,11.1448,9.73474,-0.816174,11.9654,-8.32125,5.78748,20.898,7.09688,60,14.551,0,0,0,0,0,0,0,0,0,0,0,0,-0.00331708,0.698795,-1.45227,-0.0276842,0.758876,-1.4404,-0.00749504,0.738261,-1.50063,-0.0236835,0.71738,-1.48588,-0.152509,0.783641,-1.24964,0.149312,0.744036,-1.22284,-0.15879,0.843487,-1.12067,0.10535,25.71,-1.22132,1.02061e-05,-3.01834e-05,1.16347e-05,1.5459e-05,-2.68616e-06,9.94328e-07,3.89965e-05,-1.09564e-05,3.55759e-05,-7.91816e-06,-3.71652e-05,-2.37179e-06,
-8.20485,4.66634,11.1437,9.73525,-0.816463,11.9654,-8.32048,5.7871,20.8978,7.09761,60,14.5523,0,0,0,0,0,0,0,0,0,0,0,0,-0.00331904,0.698794,-1.45227,-0.027686,0.758877,-1.4404,-0.00749641,0.738262,-1.50063,-0.0236858,0.717381,-1.48588,-0.152502,0.783636,-1.24965,0.149315,0.744033,-1.22284,-0.158781,0.843484,-1.12067,0.105357,25.71,-1.2213,-0.000157553,-4.08633e-05,0.000168963,-0.000152058,5.03865e-05,3.81962e-05,-0.000124241,8.81939e-05,-2.35506e-06,-0.000172848,0.000120974,-0.000153128,
-8.20514,4.66623,11.1425,9.73466,-0.816602,11.9644,-8.32026,5.78625,20.8974,7.09752,60,14.553,0,0,0,0,0,0,0,0,0,0,0,0,-0.00332164,0.698793,-1.45227,-0.0276885,0.758878,-1.4404,-0.0074985,0.738265,-1.50063,-0.023689,0.717384,-1.48589,-0.152506,0.783633,-1.24967,0.149306,0.74403,-1.22286,-0.158776,0.843472,-1.12068,0.105356,25.71,-1.22129,1.51152e-06,-2.07048e-05,0.00015364,7.31344e-06,-1.43085e-06,0.000130233,1.00592e-05,0.000137868,-8.42669e-05,-3.72811e-05,9.72787e-05,-0.000101141,
-8.2056,4.66606,11.1432,9.73408,-0.816647,11.9636,-8.32067,5.78576,20.8982,7.09724,60,14.5519,0,0,0,0,0,0,0,0,0,0,0,0,-0.00332055,0.698793,-1.45226,-0.0276873,0.758877,-1.44039,-0.00749741,0.738266,-1.50063,-0.0236886,0.717385,-1.48589,-0.15251,0.783631,-1.24966,0.149299,0.744029,-1.22287,-0.15878,0.843465,-1.12067,0.105354,25.71,-1.22131,0.000111394,1.01774e-05,8.20994e-05,0.000116525,-1.62888e-05,0.000118908,0.000107579,0.00012029,-9.1871e-05,7.45289e-05,-1.54995e-05,2.56129e-05,
-8.20558,4.66658,11.1439,9.73416,-0.816669,11.9645,-8.32059,5.78647,20.8973,7.09744,60,14.5508,0,0,0,0,0,0,0,0,0,0,0,0,-0.00331786,0.698793,-1.45226,-0.0276845,0.758877,-1.44039,-0.00749479,0.738267,-1.50063,-0.0236871,0.717383,-1.48589,-0.152509,0.783639,-1.24965,0.149301,0.744028,-1.22286,-0.158777,0.843474,-1.12068,0.105357,25.71,-1.22132,3.06525e-05,-2.77574e-05,-2.49251e-05,3.45836e-05,-9.98444e-06,-3.13319e-05,3.35151e-05,-5.73558e-05,9.23644e-05,-1.22646e-05,-0.000132949,0.000100567,
-8.20515,4.66719,11.1429,9.73458,-0.816973,11.9664,-8.31921,5.78671,20.8948,7.09805,60,14.5515,0,0,0,0,0,0,0,0,0,0,0,0,-0.00331891,0.698792,-1.45226,-0.0276855,0.758877,-1.4404,-0.00749567,0.738265,-1.50063,-0.0236888,0.71738,-1.48588,-0.152506,0.783648,-1.24967,0.149305,0.744023,-1.22283,-0.158756,0.843474,-1.12072,0.105363,25.71,-1.22131,-9.81232e-05,-5.99333e-05,-4.34962e-05,-9.52886e-05,1.35376e-05,-0.00017421,-8.5809e-05,-0.000146172,0.000190528,-0.000132439,-0.000154053,7.92551e-05,
-8.20564,4.66676,11.1447,9.73444,-0.816278,11.9653,-8.3211,5.78654,20.8977,7.09718,60,14.5511,0,0,0,0,0,0,0,0,0,0,0,0,-0.00332013,0.698791,-1.45227,-0.0276867,0.758877,-1.4404,-0.00749619,0.738263,-1.50063,-0.0236904,0.717377,-1.48588,-0.152512,0.783641,-1.24964,0.149305,0.744035,-1.22285,-0.158785,0.843474,-1.12067,0.105351,25.71,-1.22131,5.33877e-05,1.4263e-05,-8.5962e-05,5.72892e-05,1.4297e-06,-5.79891e-05,0.000136347,3.82551e-05,-5.79855e-05,9.06863e-05,-8.44095e-05,7.7166e-05,
-8.20619,4.66647,11.1446,9.7343,-0.816596,11.9656,-8.32168,5.78639,20.8983,7.09709,60,14.5511,0,0,0,0,0,0,0,0,0,0,0,0,-0.00331504,0.698792,-1.45227,-0.0276814,0.758877,-1.4404,-0.00749144,0.738266,-1.50063,-0.0236867,0.717377,-1.48588,-0.152516,0.783638,-1.24964,0.149309,0.74403,-1.22284,-0.158791,0.843476,-1.12067,0.105354,25.71,-1.22132,0.000120957,3.8225e-05,-2.65655e-05,0.0001259,6.31914e-06,2.53224e-05,0.000133129,0.000128503,-0.000133307,8.67497e-05,1.7015e-05,-6.96344e-06,
-8.20519,4.66661,11.1438,9.73481,-0.816535,11.9651,-8.32088,5.78639,20.8984,7.09796,60,14.5523,0,0,0,0,0,0,0,0,0,0,0,0,-0.00331641,0.698792,-1.45227,-0.0276827,0.758878,-1.4404,-0.00749235,0.738268,-1.50063,-0.0236886,0.717378,-1.48588,-0.152506,0.783639,-1.24965,0.14931,0.744033,-1.22285,-0.158784,0.843477,-1.12066,0.105361,25.71,-1.2213,-0.00016193,-2.61904e-05,0.000111684,-0.000156948,6.70189e-05,1.32693e-07,-0.000134523,7.35317e-05,-9.0534e-06,-0.000182607,8.74551e-05,-0.000120469,
-8.20486,4.66679,11.1426,9.73498,-0.816955,11.9657,-8.31987,5.78625,20.8966,7.09849,60,14.5527,0,0,0,0,0,0,0,0,0,0,0,0,-0.00331997,0.698792,-1.45226,-0.0276862,0.758879,-1.4404,-0.0074954,0.738269,-1.50063,-0.0236925,0.71738,-1.48589,-0.152504,0.783641,-1.24967,0.149309,0.744026,-1.22284,-0.15877,0.843474,-1.12069,0.105365,25.71,-1.22129,-0.000200724,-4.62744e-05,0.000170013,-0.000196017,5.77524e-05,2.7775e-06,-0.000171466,4.30776e-05,2.97895e-05,-0.000219496,7.97141e-05,-0.000100998,
-8.2058,4.66662,11.1434,9.734,-0.816699,11.9641,-8.32036,5.78528,20.897,7.09823,60,14.5512,0,0,0,0,0,0,0,0,0,0,0,0,-0.00332106,0.698791,-1.45226,-0.0276871,0.758879,-1.4404,-0.00749601,0.73827,-1.50063,-0.0236946,0.71738,-1.48589,-0.152514,0.783639,-1.24965,0.149298,0.744028,-1.22286,-0.158772,0.843458,-1.12069,0.105363,25.71,-1.22132,0.000120965,8.53806e-06,-4.5788e-07,0.000126508,-4.979e-05,9.18715e-05,0.000131701,4.87427e-05,1.60708e-05,-4.69183e-05,-2.94027e-05,4.79843e-05,
-8.20614,4.66656,11.1448,9.73394,-0.816757,11.964,-8.32182,5.78588,20.8983,7.0973,60,14.5499,0,0,0,0,0,0,0,0,0,0,0,0,-0.00331727,0.698791,-1.45226,-0.0276833,0.758878,-1.44039,-0.00749205,0.738271,-1.50063,-0.0236911,0.717378,-1.48588,-0.152515,0.783638,-1.24963,0.149302,0.744026,-1.22286,-0.158793,0.843469,-1.12066,0.105355,25.71,-1.22133,0.000195323,1.87684e-05,-6.8868e-05,0.000201063,-5.28037e-05,8.39707e-05,0.000212318,2.48075e-05,-1.75051e-05,0.000167304,-0.000109115,0.000156263,
-8.20511,4.66699,11.1436,9.73485,-0.817112,11.9659,-8.3204,5.78632,20.8962,7.09832,60,14.5511,0,0,0,0,0,0,0,0,0,0,0,0,-0.0033169,0.698791,-1.45226,-0.0276828,0.758877,-1.44039,-0.0074909,0.73827,-1.50063,-0.0236909,0.717376,-1.48588,-0.152504,0.783644,-1.24965,0.149311,0.744022,-1.22283,-0.158773,0.843474,-1.1207,0.105366,25.71,-1.22132,-0.000141494,-5.17734e-05,-5.52065e-07,-0.00013655,3.60564e-05,-8.49193e-05,-9.31229e-05,-6.85974e-05,0.000132612,-0.000140915,-5.05304e-05,1.77722e-05,
-8.20471,4.66658,11.1431,9.73485,-0.816442,11.9652,-8.32111,5.78639,20.8977,7.09803,60,14.5527,0,0,0,0,0,0,0,0,0,0,0,0,-0.00332125,0.69879,-1.45226,-0.027687,0.758879,-1.4404,-0.00749418,0.738269,-1.50063,-0.0236952,0.717376,-1.48588,-0.1525,0.783636,-1.24966,0.149308,0.744035,-1.22285,-0.158788,0.843476,-1.12067,0.105358,25.71,-1.22129,-9.60406e-05,-1.94795e-05,2.73245e-05,-9.0394e-05,3.01677e-05,-4.79006e-05,-5.0355e-05,5.05161e-06,5.03144e-05,-9.81241e-05,-1.20729e-06,-2.88732e-05,
-8.20578,4.66652,11.1441,9.73436,-0.81686,11.965,-8.32149,5.78568,20.8975,7.09767,60,14.5508,0,0,0,0,0,0,0,0,0,0,0,0,-0.00332001,0.69879,-1.45226,-0.0276857,0.758879,-1.4404,-0.00749228,0.73827,-1.50063,-0.0236941,0.717376,-1.48588,-0.152512,0.783636,-1.24964,0.149306,0.744027,-1.22285,-0.158788,0.843467,-1.12068,0.105358,25.71,-1.22132,0.000142705,3.21162e-05,-4.41246e-05,0.000149376,-1.78145e-06,9.42115e-05,0.000177377,0.000106322,-7.39962e-05,0.000131227,-1.78249e-05,3.46689e-05,
-8.20577,4.66721,11.1447,9.73456,-0.816521,11.9651,-8.32156,5.78625,20.8979,7.09787,60,14.5504,0,0,0,0,0,0,0,0,0,0,0,0,-0.00331778,0.69879,-1.45226,-0.0276833,0.758878,-1.44039,-0.00748935,0.738271,-1.50063,-0.0236921,0.717375,-1.48588,-0.152513,0.783648,-1.24963,0.14931,0.744033,-1.22285,-0.158789,0.843476,-1.12067,0.105361,25.71,-1.22133,3.84823e-05,-6.02835e-06,-3.68071e-05,4.47279e-05,3.97793e-06,2.83453e-05,7.64411e-05,2.51541e-05,-1.04591e-05,2.99887e-05,-4.48438e-05,9.99169e-06,
-8.20482,4.66711,11.1426,9.73503,-0.816796,11.9657,-8.3209,5.78651,20.897,7.09832,60,14.553,0,0,0,0,0,0,0,0,0,0,0,0,-0.00331964,0.69879,-1.45226,-0.027685,0.758879,-1.44039,-0.00749005,0.738271,-1.50063,-0.023694,0.717375,-1.48588,-0.152501,0.783645,-1.24967,0.149312,0.744029,-1.22284,-0.158781,0.843481,-1.12068,0.105363,25.71,-1.22128,-0.00013009,-3.06756e-05,7.10191e-05,-0.000124321,4.00373e-05,-1.08033e-05,-7.90829e-05,1.83302e-05,2.7974e-05,-0.000127164,3.13002e-05,-5.39325e-05,
-8.20509,4.66683,11.1435,9.73466,-0.816524,11.9649,-8.32102,5.78584,20.8978,7.09838,60,14.552,0,0,0,0,0,0,0,0,0,0,0,0,-0.0033215,0.698789,-1.45226,-0.0276868,0.758879,-1.44039,-0.0074912,0.738271,-1.50063,-0.0236958,0.717376,-1.48588,-0.152508,0.78364,-1.24965,0.149305,0.744034,-1.22285,-0.158784,0.84347,-1.12067,0.105363,25.71,-1.2213,-0.000106846,-2.30055e-06,5.06091e-05,-0.000100676,3.04564e-05,1.80847e-05,-5.96145e-05,5.71568e-05,-1.27755e-05,-0.000106747,3.06238e-05,-4.75078e-05,
-8.20613,4.66671,11.144,9.73357,-0.816996,11.9638,-8.32173,5.78509,20.8977,7.0976,60,14.5507,0,0,0,0,0,0,0,0,0,0,0,0,-0.00331864,0.69879,-1.45226,-0.0276838,0.758879,-1.44039,-0.00748759,0.738273,-1.50063,-0.0236933,0.717375,-1.48588,-0.152516,0.78364,-1.24965,0.149296,0.744023,-1.22287,-0.158786,0.843457,-1.12067,0.105359,25.71,-1.22132,0.000204017,2.62128e-05,-8.43732e-05,0.000210226,-4.13239e-05,6.15241e-05,0.000228177,3.18408e-05,-2.38802e-05,0.000183053,-0.000101584,0.000127804,
-8.2054,4.66755,11.1435,9.73442,-0.817224,11.9658,-8.32064,5.78603,20.8959,7.09838,60,14.551,0,0,0,0,0,0,0,0,0,0,0,0,-0.00331714,0.69879,-1.45226,-0.0276821,0.758879,-1.44039,-0.00748537,0.738272,-1.50063,-0.0236921,0.717372,-1.48588,-0.152508,0.783653,-1.24966,0.149306,0.74402,-1.22284,-0.15877,0.843471,-1.1207,0.105368,25.71,-1.22131,-5.41992e-05,-3.29052e-05,-4.7985e-05,-4.88346e-05,1.27947e-05,-8.54735e-05,-9.38489e-06,-7.74299e-05,0.000113924,-5.62455e-05,-9.38713e-05,8.02536e-05,
-8.20525,4.66759,11.1453,9.73486,-0.816861,11.9658,-8.32074,5.78606,20.8965,7.0987,60,14.5497,0,0,0,0,0,0,0,0,0,0,0,0,-0.00332094,0.698789,-1.45227,-0.0276858,0.758879,-1.4404,-0.00748798,0.73827,-1.50063,-0.0236957,0.717371,-1.48588,-0.152511,0.783653,-1.24963,0.149308,0.744028,-1.22284,-0.158776,0.843469,-1.12069,0.105368,25.71,-1.22134,-0.000144601,-3.36358e-05,-6.03244e-05,-0.00013926,2.51889e-05,-0.000113082,-8.76519e-05,-8.35125e-05,0.000111097,-0.000134942,-6.92057e-05,4.026e-05,
-8.2056,4.6672,11.1444,9.73469,-0.817218,11.9656,-8.32154,5.78576,20.8968,7.09814,60,14.5512,0,0,0,0,0,0,0,0,0,0,0,0,-0.00332081,0.698789,-1.45227,-0.0276856,0.75888,-1.4404,-0.00748693,0.73827,-1.50063,-0.0236954,0.71737,-1.48588,-0.152512,0.783647,-1.24964,0.14931,0.744021,-1.22284,-0.158785,0.843467,-1.12068,0.105363,25.71,-1.22131,4.92672e-05,2.02507e-05,-3.42471e-05,5.60206e-05,1.2594e-05,1.07056e-05,0.000101926,6.69659e-05,-4.41516e-05,5.46448e-05,1.55391e-05,-2.20696e-05,
-8.20546,4.66679,11.1441,9.73478,-0.817176,11.9647,-8.32196,5.78521,20.898,7.0982,60,14.5519,0,0,0,0,0,0,0,0,0,0,0,0,-0.0033203,0.698789,-1.45227,-0.0276849,0.75888,-1.44039,-0.00748499,0.738273,-1.50063,-0.0236947,0.717372,-1.48588,-0.15251,0.783641,-1.24964,0.149311,0.744023,-1.22285,-0.158792,0.843463,-1.12067,0.105364,25.71,-1.2213,3.71328e-06,2.50974e-05,7.37459e-05,1.17327e-05,2.74715e-05,0.000128979,6.4912e-05,0.000162333,-0.000116574,1.73149e-05,0.000128602,-0.000121454,
-8.20569,4.6672,11.1449,9.735,-0.817423,11.9655,-8.32191,5.78538,20.8972,7.09845,60,14.5507,0,0,0,0,0,0,0,0,0,0,0,0,-0.00332056,0.69879,-1.45227,-0.027685,0.758881,-1.44039,-0.00748415,0.738276,-1.50063,-0.0236947,0.717374,-1.48588,-0.152516,0.783648,-1.24963,0.149314,0.744019,-1.22284,-0.158791,0.843467,-1.12068,0.105368,25.71,-1.22133,-3.75874e-05,-3.04507e-06,6.37823e-05,-2.99447e-05,3.10274e-05,8.36106e-05,2.65097e-05,0.000106921,-6.08845e-05,-2.1478e-05,9.59574e-05,-8.61275e-05,
-8.2048,4.66714,11.1422,9.73495,-0.817166,11.9647,-8.32161,5.78544,20.897,7.09852,60,14.5535,0,0,0,0,0,0,0,0,0,0,0,0,-0.00332211,0.698789,-1.45226,-0.0276864,0.758881,-1.44039,-0.00748442,0.738277,-1.50063,-0.0236961,0.717376,-1.48588,-0.152502,0.783645,-1.24968,0.149311,0.744024,-1.22285,-0.158787,0.843468,-1.12068,0.105366,25.71,-1.22127,-8.66746e-05,-4.72806e-05,0.000100141,-7.89497e-05,8.4302e-06,7.53615e-05,-2.21687e-05,3.63279e-05,1.86104e-05,-6.97465e-05,5.67938e-05,-6.14182e-05,
-8.20514,4.66678,11.1441,9.7346,-0.816962,11.9637,-8.32219,5.78499,20.8981,7.09847,60,14.5511,0,0,0,0,0,0,0,0,0,0,0,0,-0.00332351,0.698788,-1.45226,-0.0276877,0.758881,-1.44039,-0.0074846,0.738278,-1.50063,-0.023697,0.717376,-1.48588,-0.152509,0.783639,-1.24964,0.149304,0.744027,-1.22286,-0.158797,0.843461,-1.12066,0.105365,25.71,-1.22132,-5.58082e-05,-1.18822e-05,8.28351e-05,-4.77328e-05,-1.32727e-06,0.000113836,6.36657e-06,6.17672e-05,7.70966e-06,-4.06484e-05,2.65866e-05,3.66709e-05,
-8.20543,4.66738,11.1433,9.73435,-0.817115,11.9647,-8.32231,5.78577,20.8965,7.09803,60,14.5511,0,0,0,0,0,0,0,0,0,0,0,0,-0.00332168,0.698788,-1.45226,-0.0276857,0.75888,-1.44039,-0.00748174,0.738277,-1.50063,-0.023695,0.717374,-1.48588,-0.152508,0.783648,-1.24966,0.149306,0.744022,-1.22285,-0.158792,0.843471,-1.12069,0.105363,25.71,-1.22131,0.000126857,-3.93143e-05,-6.62996e-05,0.000133154,-6.41402e-05,2.27545e-05,0.000171879,-8.69174e-05,8.1154e-05,0.000126478,-0.000151531,0.00015995,
-8.20514,4.66783,11.1446,9.73479,-0.816945,11.9656,-8.32144,5.78577,20.8957,7.09878,60,14.5495,0,0,0,0,0,0,0,0,0,0,0,0,-0.00332291,0.698787,-1.45226,-0.0276868,0.758879,-1.44039,-0.00748173,0.738274,-1.50063,-0.0236962,0.71737,-1.48588,-0.152509,0.783655,-1.24964,0.149308,0.744026,-1.22283,-0.158781,0.843466,-1.1207,0.105371,25.71,-1.22134,-8.07567e-05,-4.4094e-05,-6.39612e-05,-7.56894e-05,-1.62631e-05,-9.96695e-05,-3.20314e-05,-0.000141429,0.000161792,-7.85787e-05,-0.000162984,0.000141338,
-8.20519,4.6677,11.1456,9.73512,-0.816603,11.965,-8.32283,5.78629,20.898,7.09838,60,14.5497,0,0,0,0,0,0,0,0,0,0,0,0,-0.00332367,0.698786,-1.45227,-0.0276874,0.758879,-1.44039,-0.00748159,0.738272,-1.50062,-0.023697,0.717368,-1.48587,-0.152509,0.783653,-1.24962,0.149315,0.744032,-1.22284,-0.158805,0.843478,-1.12066,0.105364,25.71,-1.22133,-3.02425e-06,6.72144e-06,-5.06097e-05,2.54327e-06,4.2157e-06,-9.89051e-06,3.76113e-05,6.25242e-07,8.53217e-06,-9.01207e-06,-3.84229e-05,2.92483e-05,
-8.20475,4.66725,11.1434,9.73504,-0.817359,11.9647,-8.32185,5.78521,20.8974,7.09888,60,14.552,0,0,0,0,0,0,0,0,0,0,0,0,-0.0033239,0.698786,-1.45227,-0.0276875,0.75888,-1.44039,-0.00748095,0.738274,-1.50062,-0.0236974,0.717369,-1.48588,-0.152503,0.783646,-1.24966,0.149311,0.74402,-1.22285,-0.158788,0.843463,-1.12067,0.105371,25.71,-1.2213,-7.66491e-05,6.38082e-06,5.64858e-05,-7.07961e-05,5.38049e-05,3.69475e-05,-3.53106e-05,0.00012462,-6.8783e-05,-8.36219e-05,8.35922e-05,-9.33762e-05,
-8.20463,4.66723,11.1439,9.73525,-0.816999,11.9649,-8.32238,5.78566,20.8983,7.09884,60,14.5522,0,0,0,0,0,0,0,0,0,0,0,0,-0.00332607,0.698787,-1.45226,-0.0276896,0.758881,-1.44039,-0.00748248,0.738277,-1.50063,-0.0236997,0.717371,-1.48588,-0.152503,0.783646,-1.24964,0.149313,0.744028,-1.22284,-0.1588,0.843474,-1.12066,0.105368,25.71,-1.2213,-8.77208e-05,1.47386e-05,7.988e-05,-8.17921e-05,4.92707e-05,3.07501e-05,-5.56874e-05,0.000134993,-6.75067e-05,-0.000103569,0.000105068,-0.000105936,
-8.20515,4.66738,11.1439,9.73479,-0.817097,11.9649,-8.32232,5.7854,20.8974,7.09867,60,14.5512,0,0,0,0,0,0,0,0,0,0,0,0,-0.00332549,0.698787,-1.45226,-0.0276889,0.758882,-1.44039,-0.00748141,0.738278,-1.50063,-0.0236997,0.717372,-1.48588,-0.152509,0.783648,-1.24965,0.149309,0.744025,-1.22284,-0.158794,0.843468,-1.12068,0.105368,25.71,-1.22131,5.93016e-05,-1.72161e-06,-3.20118e-05,6.42986e-05,-1.28733e-05,3.81743e-05,7.65149e-05,3.4313e-05,-1.94197e-05,3.03459e-05,-5.61109e-05,6.24598e-05,
-8.20544,4.66787,11.1446,9.73482,-0.816923,11.9655,-8.3223,5.7857,20.8969,7.09876,60,14.5501,0,0,0,0,0,0,0,0,0,0,0,0,-0.00332449,0.698787,-1.45226,-0.0276878,0.758881,-1.44039,-0.00748021,0.738278,-1.50063,-0.0236993,0.71737,-1.48588,-0.152513,0.783657,-1.24964,0.14931,0.744028,-1.22283,-0.158793,0.843472,-1.12068,0.105369,25.71,-1.22133,5.25589e-05,-1.24291e-05,-4.61169e-05,5.71654e-05,-2.52761e-05,-1.16417e-05,5.98868e-05,-2.85357e-05,4.99497e-05,1.41088e-05,-0.000114665,0.00010664,
-8.20533,4.66762,11.1455,9.73497,-0.816657,11.965,-8.32314,5.78584,20.8983,7.0987,60,14.5497,0,0,0,0,0,0,0,0,0,0,0,0,-0.00332383,0.698786,-1.45226,-0.0276871,0.758881,-1.44039,-0.0074794,0.738278,-1.50063,-0.0236995,0.717367,-1.48587,-0.152511,0.783652,-1.24962,0.149313,0.744032,-1.22284,-0.158809,0.843475,-1.12066,0.105367,25.71,-1.22133,1.40693e-05,-9.82536e-06,-1.94184e-06,1.86523e-05,-1.56667e-05,-1.84018e-05,2.20394e-05,-1.39665e-05,4.77133e-05,-3.13745e-05,-6.63537e-05,4.93582e-05,
-8.20476,4.66777,11.1429,9.73505,-0.817487,11.9651,-8.32153,5.78502,20.8964,7.09951,60,14.5518,0,0,0,0,0,0,0,0,0,0,0,0,-0.00332469,0.698786,-1.45226,-0.0276878,0.758881,-1.44039,-0.00748,0.738279,-1.50062,-0.0237012,0.717368,-1.48587,-0.152505,0.783654,-1.24966,0.14931,0.744019,-1.22284,-0.158783,0.843462,-1.12069,0.105377,25.71,-1.2213,-0.000116554,-3.85842e-05,0.000112633,-0.00011232,4.63846e-05,-6.89905e-06,-0.000103676,6.73383e-05,2.7542e-05,-0.000151373,4.94492e-05,-8.99473e-05,
-8.20515,4.66755,11.1444,9.73502,-0.817283,11.9649,-8.32231,5.78495,20.8972,7.09925,60,14.5505,0,0,0,0,0,0,0,0,0,0,0,0,-0.00332717,0.698785,-1.45226,-0.0276902,0.758882,-1.44039,-0.00748229,0.73828,-1.50062,-0.0237044,0.717369,-1.48588,-0.152512,0.78365,-1.24963,0.149311,0.744023,-1.22284,-0.158797,0.843463,-1.12068,0.105372,25.71,-1.22132,7.8979e-06,-2.71824e-06,7.03194e-05,1.24635e-05,1.73127e-05,4.72247e-05,1.0997e-05,8.45388e-05,-3.72746e-05,-3.58352e-05,1.3347e-05,-1.80243e-05,
-8.2055,4.66728,11.1441,9.73448,-0.817372,11.9641,-8.32292,5.78449,20.8977,7.09877,60,14.5506,0,0,0,0,0,0,0,0,0,0,0,0,-0.00332421,0.698786,-1.45226,-0.0276871,0.758882,-1.44039,-0.00747979,0.738282,-1.50063,-0.0237028,0.717368,-1.48588,-0.152512,0.783646,-1.24964,0.149307,0.74402,-1.22286,-0.158802,0.843457,-1.12067,0.105369,25.71,-1.22132,0.000128748,1.51782e-05,-2.71889e-05,0.000133686,-1.34626e-05,5.12412e-05,0.000157072,8.20475e-05,-3.94195e-05,0.000111393,-4.61362e-05,5.11347e-05,
-8.20529,4.66767,11.1427,9.73435,-0.817799,11.9645,-8.32162,5.78412,20.8961,7.09936,60,14.5514,0,0,0,0,0,0,0,0,0,0,0,0,-0.00332321,0.698786,-1.45226,-0.0276861,0.758882,-1.44039,-0.00747817,0.738283,-1.50063,-0.0237021,0.717368,-1.48587,-0.15251,0.783652,-1.24966,0.149303,0.744013,-1.22285,-0.15878,0.84345,-1.1207,0.105377,25.71,-1.2213,1.53247e-05,-9.71488e-06,4.04304e-05,2.02261e-05,2.04179e-05,9.8561e-07,2.78914e-05,4.7179e-05,-8.9028e-06,-1.89672e-05,-4.54475e-06,6.06695e-06,
-8.20525,4.66801,11.1446,9.73493,-0.817392,11.966,-8.32234,5.78528,20.8963,7.0993,60,14.5503,0,0,0,0,0,0,0,0,0,0,0,0,-0.00332444,0.698786,-1.45226,-0.0276872,0.758883,-1.44039,-0.00747898,0.738283,-1.50062,-0.0237039,0.717367,-1.48587,-0.152512,0.783658,-1.24963,0.149311,0.744022,-1.22283,-0.158795,0.843468,-1.12069,0.105373,25.71,-1.22132,-3.80349e-05,-2.03379e-05,-4.87955e-05,-3.38837e-05,2.73821e-05,-9.59552e-05,-1.56869e-05,-4.92563e-05,9.06881e-05,-6.22988e-05,-7.17212e-05,5.4082e-05,
-8.20595,4.66794,11.145,9.7345,-0.817354,11.9656,-8.32276,5.78473,20.8964,7.09897,60,14.5496,0,0,0,0,0,0,0,0,0,0,0,0,-0.00332294,0.698786,-1.45226,-0.0276852,0.758883,-1.44039,-0.00747651,0.738281,-1.50062,-0.0237026,0.717364,-1.48587,-0.152519,0.783657,-1.24963,0.149308,0.744021,-1.22283,-0.158796,0.843458,-1.12069,0.105372,25.71,-1.22133,0.000102525,9.54106e-06,-0.000123435,9.99739e-05,-7.46505e-06,-3.54201e-05,0.00012341,-1.73967e-05,2.05078e-05,7.72743e-05,-9.07952e-05,8.13919e-05,
-8.20548,4.66802,11.1442,9.73463,-0.81737,11.9654,-8.32285,5.7848,20.8968,7.09906,60,14.551,0,0,0,0,0,0,0,0,0,0,0,0,-0.00332172,0.698786,-1.45226,-0.0276842,0.758883,-1.44039,-0.00747512,0.738282,-1.50062,-0.0237018,0.717363,-1.48587,-0.152513,0.783659,-1.24964,0.14931,0.744022,-1.22284,-0.158798,0.843461,-1.12068,0.105373,25.71,-1.22131,-2.69947e-05,-7.49513e-06,-8.96992e-06,4.83718e-05,1.17007e-05,1.00597e-06,7.68411e-05,5.0473e-05,-8.49345e-06,3.00173e-05,-8.11786e-06,-4.24237e-06,
-8.20519,4.66781,11.1441,9.73511,-0.817529,11.9656,-8.32282,5.78474,20.8971,7.09944,60,14.5516,0,0,0,0,0,0,0,0,0,0,0,0,-0.00332325,0.698786,-1.45226,-0.0276857,0.758884,-1.44039,-0.00747555,0.738284,-1.50062,-0.0237034,0.717365,-1.48587,-0.152511,0.783654,-1.24964,0.149314,0.744021,-1.22283,-0.158801,0.843463,-1.12068,0.105375,25.71,-1.2213,-9.53061e-05,-1.86165e-05,7.18021e-05,-8.88439e-05,4.60289e-05,2.98024e-05,-4.19182e-05,8.79472e-05,-1.42583e-05,-9.03449e-05,9.39064e-05,-0.000118743,
-8.20525,4.66771,11.1438,9.73475,-0.817339,11.9645,-8.32305,5.78444,20.8976,7.09931,60,14.5515,0,0,0,0,0,0,0,0,0,0,0,0,-0.00332439,0.698785,-1.45226,-0.0276867,0.758884,-1.44039,-0.0074756,0.738285,-1.50062,-0.0237045,0.717367,-1.48588,-0.152511,0.783652,-1.24964,0.149309,0.744024,-1.22285,-0.158803,0.843458,-1.12067,0.105374,25.71,-1.2213,-1.85411e-05,-2.31725e-05,5.44967e-05,-1.19087e-05,8.2002e-06,7.27765e-05,3.16605e-05,5.99094e-05,-2.09487e-05,-1.56302e-05,2.69099e-05,-3.29326e-05,
-8.20551,4.66834,11.145,9.73511,-0.817558,11.9658,-8.32288,5.78499,20.8963,7.09956,60,14.5494,0,0,0,0,0,0,0,0,0,0,0,0,-0.00332438,0.698785,-1.45226,-0.0276865,0.758884,-1.44039,-0.00747456,0.738286,-1.50062,-0.0237044,0.717366,-1.48588,-0.152516,0.783662,-1.24962,0.149315,0.74402,-1.22283,-0.158799,0.843466,-1.12069,0.105378,25.71,-1.22134,-2.01273e-05,-4.68651e-05,3.10761e-05,-1.35441e-05,-6.82073e-06,2.17759e-05,3.01848e-05,-3.47325e-05,6.83735e-05,-1.69706e-05,-4.45905e-05,4.65758e-05,
-8.20502,4.66826,11.1439,9.73526,-0.817224,11.9655,-8.32312,5.78516,20.8967,7.09946,60,14.551,0,0,0,0,0,0,0,0,0,0,0,0,-0.00332516,0.698784,-1.45226,-0.0276872,0.758884,-1.44039,-0.00747444,0.738285,-1.50062,-0.0237051,0.717365,-1.48587,-0.152508,0.78366,-1.24964,0.149317,0.744025,-1.22283,-0.158804,0.843468,-1.12068,0.105375,25.71,-1.22131,-4.48374e-05,-6.1551e-05,2.97893e-05,-3.85926e-05,-1.33828e-05,7.68692e-06,7.16841e-06,-3.81227e-05,8.04409e-05,-3.9575e-05,-4.80872e-05,1.31304e-05,
-8.20507,4.66781,11.1427,9.7347,-0.817568,11.9642,-8.32288,5.78402,20.8969,7.09948,60,14.5522,0,0,0,0,0,0,0,0,0,0,0,0,-0.00332568,0.698783,-1.45226,-0.0276876,0.758884,-1.44038,-0.00747385,0.738286,-1.50062,-0.0237055,0.717366,-1.48587,-0.152509,0.783652,-1.24966,0.149307,0.74402,-1.22285,-0.158798,0.843452,-1.12068,0.105376,25.71,-1.22129,-8.01726e-06,-1.6647e-05,9.19181e-05,-6.88086e-07,1.46041e-05,0.000117053,4.39791e-05,0.000105281,-6.34429e-05,-3.38683e-06,6.29898e-05,-5.33635e-05,
-8.20552,4.66801,11.1445,9.73457,-0.817595,11.9646,-8.32345,5.7843,20.8971,7.09931,60,14.5502,0,0,0,0,0,0,0,0,0,0,0,0,-0.0033249,0.698783,-1.45226,-0.0276866,0.758884,-1.44038,-0.00747208,0.738287,-1.50062,-0.0237048,0.717366,-1.48588,-0.152515,0.783655,-1.24963,0.149307,0.744019,-1.22284,-0.158805,0.843457,-1.12068,0.105375,25.71,-1.22132,5.43232e-05,-1.61797e-05,-7.45156e-06,6.12062e-05,-8.18856e-06,4.71431e-05,0.000100721,2.33158e-05,2.82361e-06,5.40604e-05,-3.90174e-05,3.54499e-05,
-8.20527,4.66851,11.1444,9.7351,-0.817321,11.9663,-8.32357,5.78553,20.8962,7.09938,60,14.5505,0,0,0,0,0,0,0,0,0,0,0,0,-0.00332403,0.698782,-1.45226,-0.0276858,0.758884,-1.44038,-0.00747014,0.738286,-1.50062,-0.0237039,0.717364,-1.48587,-0.152511,0.783664,-1.24964,0.149315,0.744024,-1.22282,-0.158808,0.843474,-1.12069,0.105375,25.71,-1.22132,-7.20479e-06,-3.66439e-05,-7.10687e-05,-3.80457e-05,6.43548e-06,-9.75564e-05,1.13769e-05,-0.000122216,0.000143565,-3.53509e-05,-0.000122377,7.51823e-05,
-8.20489,4.66832,11.1451,9.73517,-0.816927,11.9652,-8.32357,5.78511,20.8975,7.09966,60,14.5499,0,0,0,0,0,0,0,0,0,0,0,0,-0.00332561,0.698782,-1.45226,-0.0276871,0.758884,-1.44039,-0.00747077,0.738284,-1.50062,-0.0237052,0.717362,-1.48587,-0.152508,0.783659,-1.24962,0.149313,0.744031,-1.22284,-0.15881,0.843466,-1.12066,0.105377,25.71,-1.22133,-0.000116675,-3.61338e-05,-5.03458e-05,-0.000110766,1.31372e-05,-6.78988e-05,-5.99735e-05,-8.34844e-05,9.44906e-05,-0.000107239,-8.46189e-05,2.74863e-05,
-8.20506,4.66855,11.1444,9.73522,-0.817763,11.9656,-8.32301,5.78471,20.8962,7.09992,60,14.5504,0,0,0,0,0,0,0,0,0,0,0,0,-0.00332686,0.698781,-1.45226,-0.0276882,0.758885,-1.44039,-0.00747085,0.738284,-1.50062,-0.0237065,0.717362,-1.48587,-0.152511,0.783663,-1.24963,0.149314,0.744017,-1.22283,-0.158799,0.843461,-1.12069,0.105381,25.71,-1.22132,-6.22259e-05,-1.75955e-05,4.37743e-05,-5.63018e-05,3.74278e-05,-1.05153e-05,-1.83352e-05,2.79403e-05,-9.75172e-07,-6.59482e-05,3.30992e-05,-5.27885e-05,
-8.205,4.66853,11.144,9.73538,-0.817343,11.9655,-8.32354,5.78487,20.8969,7.09974,60,14.5514,0,0,0,0,0,0,0,0,0,0,0,0,-0.00332824,0.698781,-1.45226,-0.0276895,0.758885,-1.44039,-0.00747138,0.738285,-1.50062,-0.023708,0.717363,-1.48587,-0.15251,0.783663,-1.24964,0.149317,0.744025,-1.22283,-0.158808,0.843467,-1.12068,0.105378,25.71,-1.22131,-1.129e-05,-4.99055e-07,5.72558e-05,-4.91429e-06,2.48381e-05,4.70981e-05,2.60221e-05,9.06935e-05,-5.00916e-05,-2.12585e-05,5.69083e-05,-6.15948e-05,
-8.20535,4.66803,11.1435,9.73459,-0.817474,11.9641,-8.32376,5.78381,20.8977,7.09949,60,14.5517,0,0,0,0,0,0,0,0,0,0,0,0,-0.00332696,0.698781,-1.45226,-0.027688,0.758885,-1.44038,-0.0074694,0.738288,-1.50062,-0.023707,0.717364,-1.48587,-0.152513,0.783655,-1.24965,0.149307,0.744022,-1.22285,-0.158808,0.843451,-1.12067,0.105376,25.71,-1.2213,8.87323e-05,1.80039e-05,5.6587e-05,9.51563e-05,-1.09376e-05,9.45568e-05,0.000117935,0.00013085,-0.000110616,7.10861e-05,3.7123e-05,-3.66873e-05,
-8.2054,4.66827,11.1435,9.7346,-0.817861,11.9648,-8.32338,5.78401,20.8965,7.09968,60,14.5512,0,0,0,0,0,0,0,0,0,0,0,0,-0.00332573,0.698781,-1.45226,-0.0276866,0.758885,-1.44038,-0.00746756,0.738289,-1.50062,-0.023706,0.717364,-1.48587,-0.152513,0.783659,-1.24965,0.149307,0.744015,-1.22284,-0.1588,0.843454,-1.12069,0.10538,25.71,-1.22131,7.28224e-05,1.60255e-05,1.43677e-05,4.60535e-05,1.6336e-06,1.75583e-05,6.93459e-05,3.38722e-05,1.35832e-05,2.24143e-05,-1.8332e-05,2.05092e-05,
-8.20501,4.66886,11.1434,9.73475,-0.817481,11.9658,-8.32308,5.78469,20.8955,7.09984,60,14.5514,0,0,0,0,0,0,0,0,0,0,0,0,-0.00332626,0.69878,-1.45226,-0.0276871,0.758885,-1.44038,-0.00746752,0.738288,-1.50062,-0.0237069,0.717362,-1.48587,-0.152509,0.783667,-1.24965,0.149307,0.744022,-1.22282,-0.158796,0.843462,-1.1207,0.10538,25.71,-1.2213,-4.1967e-05,-4.81726e-05,-7.6798e-05,-3.72192e-05,-1.28262e-05,-0.000107116,-7.21546e-06,-0.000106193,0.000142055,-5.35686e-05,-0.000132244,0.000105353,
-8.2057,4.66867,11.146,9.73459,-0.816988,11.9653,-8.32454,5.78488,20.8975,7.09934,60,14.5489,0,0,0,0,0,0,0,0,0,0,0,0,-0.0033259,0.69878,-1.45226,-0.0276867,0.758885,-1.44038,-0.00746647,0.738286,-1.50062,-0.0237068,0.717359,-1.48587,-0.152518,0.783665,-1.24961,0.149308,0.74403,-1.22284,-0.158819,0.843463,-1.12066,0.105374,25.71,-1.22134,8.34372e-05,-1.22461e-06,-0.000130675,8.83932e-05,-1.85291e-05,-4.56365e-05,0.000112671,-7.55728e-05,4.96449e-05,6.71289e-05,-0.00016279,0.000158747,
-8.20531,4.66883,11.1441,9.73469,-0.817716,11.9655,-8.32352,5.78444,20.8961,7.09979,60,14.5505,0,0,0,0,0,0,0,0,0,0,0,0,-0.00332365,0.69878,-1.45226,-0.0276843,0.758885,-1.44039,-0.00746363,0.738285,-1.50062,-0.023705,0.717356,-1.48587,-0.152511,0.783668,-1.24964,0.14931,0.744018,-1.22283,-0.158799,0.843457,-1.12069,0.105382,25.71,-1.22131,1.17265e-05,-9.48746e-06,-4.84226e-05,1.66774e-05,1.26547e-05,-3.98347e-05,4.53859e-05,-1.08158e-05,4.49737e-05,-1.52636e-06,-5.74636e-05,6.79701e-05,
-8.20458,4.66899,11.1445,9.73542,-0.817487,11.9657,-8.32295,5.78464,20.8966,7.10061,60,14.5509,0,0,0,0,0,0,0,0,0,0,0,0,-0.00332693,0.69878,-1.45226,-0.0276875,0.758886,-1.44039,-0.00746617,0.738285,-1.50062,-0.0237083,0.717357,-1.48587,-0.152507,0.78367,-1.24963,0.149314,0.744024,-1.22283,-0.158798,0.843461,-1.12068,0.105387,25.71,-1.22131,-0.000253171,-2.85177e-05,8.22841e-05,-0.000247917,7.29178e-05,-4.88968e-05,-0.000209332,3.74229e-05,3.58182e-05,-0.0002579,7.57977e-05,-0.000112097,
-8.20507,4.66851,11.1445,9.73501,-0.817618,11.965,-8.32393,5.78433,20.8976,7.09998,60,14.5511,0,0,0,0,0,0,0,0,0,0,0,0,-0.00332877,0.69878,-1.45226,-0.0276892,0.758887,-1.44039,-0.00746725,0.738287,-1.50062,-0.0237104,0.717358,-1.48587,-0.152511,0.783662,-1.24963,0.149312,0.744022,-1.22284,-0.15881,0.843459,-1.12066,0.10538,25.71,-1.22131,1.94114e-05,1.09579e-05,2.79206e-05,2.52801e-05,2.2307e-05,3.89406e-05,5.06137e-05,0.000106204,-8.14916e-05,3.76157e-06,5.20098e-05,-4.67185e-05,
-8.20528,4.66848,11.1437,9.73489,-0.817759,11.9654,-8.32403,5.78425,20.8968,7.09979,60,14.5515,0,0,0,0,0,0,0,0,0,0,0,0,-0.00332684,0.69878,-1.45226,-0.0276872,0.758887,-1.44038,-0.00746473,0.738289,-1.50062,-0.0237089,0.717359,-1.48587,-0.152512,0.783662,-1.24965,0.149313,0.744018,-1.22283,-0.158808,0.84346,-1.12068,0.10538,25.71,-1.2213,8.44266e-05,1.8898e-05,1.39845e-05,9.05097e-05,-1.2415e-06,8.35996e-05,0.000113266,9.97226e-05,-5.98255e-05,6.68251e-05,1.68289e-06,1.22889e-05,
-8.20537,4.66876,11.1447,9.7351,-0.817458,11.966,-8.3242,5.78455,20.8966,7.09994,60,14.5501,0,0,0,0,0,0,0,0,0,0,0,0,-0.00332636,0.69878,-1.45226,-0.0276866,0.758887,-1.44038,-0.00746361,0.73829,-1.50062,-0.0237087,0.717358,-1.48587,-0.152514,0.783666,-1.24963,0.149316,0.744024,-1.22282,-0.158811,0.843464,-1.12068,0.105381,25.71,-1.22132,2.02147e-05,-7.50263e-06,4.25027e-06,2.57286e-05,-1.06717e-05,1.57279e-05,4.96582e-05,1.92462e-05,1.25574e-05,9.11928e-06,-6.64923e-05,6.25477e-05,
-8.20538,4.66886,11.1441,9.73477,-0.817494,11.9651,-8.32411,5.78409,20.8965,7.09999,60,14.5504,0,0,0,0,0,0,0,0,0,0,0,0,-0.0033257,0.69878,-1.45226,-0.0276858,0.758886,-1.44038,-0.00746227,0.73829,-1.50062,-0.0237085,0.717356,-1.48587,-0.152514,0.783668,-1.24964,0.14931,0.744022,-1.22283,-0.158809,0.843456,-1.12068,0.105382,25.71,-1.22131,6.5286e-06,-1.30303e-05,1.82758e-06,1.24048e-05,-1.30953e-05,3.58557e-05,3.4576e-05,1.08835e-05,3.93542e-05,-1.20331e-05,-5.10254e-05,7.53816e-05,
-8.20542,4.66895,11.1448,9.73511,-0.817624,11.9658,-8.32433,5.78435,20.8964,7.10019,60,14.55,0,0,0,0,0,0,0,0,0,0,0,0,-0.00332596,0.69878,-1.45226,-0.0276859,0.758886,-1.44038,-0.00746213,0.738291,-1.50062,-0.0237092,0.717356,-1.48587,-0.152516,0.783669,-1.24963,0.149315,0.74402,-1.22282,-0.158814,0.843462,-1.12068,0.105384,25.71,-1.22132,-3.26345e-05,-1.41582e-05,3.12552e-05,-2.69714e-05,3.12298e-06,3.47173e-05,-2.71927e-06,4.13892e-05,2.87923e-06,-5.75957e-05,-2.38754e-06,1.88942e-05,
-8.20504,4.6687,11.1446,9.73543,-0.817368,11.9654,-8.3249,5.78453,20.8973,7.10019,60,14.5504,0,0,0,0,0,0,0,0,0,0,0,0,-0.00332712,0.698779,-1.45226,-0.027687,0.758887,-1.44038,-0.0074626,0.738292,-1.50062,-0.0237105,0.717357,-1.48587,-0.152511,0.783664,-1.24963,0.149319,0.744025,-1.22283,-0.158825,0.843466,-1.12067,0.105382,25.71,-1.22132,-6.34862e-05,-2.53331e-05,8.23943e-05,-5.73222e-05,7.29817e-06,6.58933e-05,-3.00333e-05,5.30599e-05,-9.70832e-06,-7.83914e-05,3.5284e-05,-2.60313e-05,
-8.20481,4.6686,11.143,9.73528,-0.817993,11.965,-8.3238,5.78352,20.8962,7.10069,60,14.5514,0,0,0,0,0,0,0,0,0,0,0,0,-0.00332849,0.698779,-1.45226,-0.0276885,0.758887,-1.44038,-0.00746345,0.738294,-1.50062,-0.0237125,0.717358,-1.48587,-0.152509,0.783662,-1.24965,0.149315,0.744015,-1.22283,-0.158806,0.843451,-1.12069,0.105388,25.71,-1.2213,-7.30444e-05,-1.84086e-05,0.000122027,-7.27832e-05,2.81357e-05,8.41688e-05,-4.93716e-05,0.000103278,-3.54183e-05,-9.68611e-05,6.58676e-05,-4.90837e-05,
-8.20536,4.66886,11.1451,9.73528,-0.817667,11.9651,-8.32453,5.78383,20.8969,7.10048,60,14.5491,0,0,0,0,0,0,0,0,0,0,0,0,-0.00332977,0.698779,-1.45225,-0.0276894,0.758887,-1.44038,-0.00746397,0.738295,-1.50062,-0.023714,0.717359,-1.48587,-0.152517,0.783668,-1.24962,0.149317,0.74402,-1.22283,-0.158818,0.843458,-1.12068,0.105386,25.71,-1.22134,3.29697e-05,1.14939e-05,2.85272e-05,3.87414e-05,-8.39583e-06,8.11415e-05,5.1404e-05,6.97074e-05,-3.22688e-05,4.92878e-06,-2.17046e-05,3.83845e-05,
-8.20508,4.66854,11.1435,9.73474,-0.817743,11.9639,-8.32468,5.78344,20.8974,7.10019,60,14.5509,0,0,0,0,0,0,0,0,0,0,0,0,-0.00332808,0.698779,-1.45226,-0.0276876,0.758887,-1.44038,-0.00746198,0.738296,-1.50062,-0.0237128,0.717357,-1.48587,-0.15251,0.783661,-1.24965,0.14931,0.744018,-1.22285,-0.158818,0.84345,-1.12067,0.105383,25.71,-1.2213,7.25807e-05,-7.20061e-06,-2.36662e-05,7.83135e-05,-1.32015e-05,4.6488e-05,9.32675e-05,3.74138e-05,6.01327e-06,4.70059e-05,-6.24455e-05,7.65155e-05,
-8.20479,4.66878,11.1437,9.73509,-0.818173,11.9652,-8.32378,5.78356,20.896,7.10085,60,14.5505,0,0,0,0,0,0,0,0,0,0,0,0,-0.00332888,0.698779,-1.45225,-0.0276882,0.758887,-1.44038,-0.00746218,0.738297,-1.50062,-0.023714,0.717357,-1.48587,-0.152509,0.783665,-1.24964,0.149311,0.744012,-1.22283,-0.158805,0.843453,-1.12069,0.10539,25.71,-1.22131,-8.42447e-05,-9.88331e-06,2.36275e-05,-7.92761e-05,4.25398e-05,-3.80915e-05,-5.28568e-05,4.72099e-06,5.01144e-05,-0.000100037,-2.09981e-05,2.79027e-05,
-8.2051,4.66906,11.1447,9.73491,-0.817841,11.9653,-8.32399,5.7837,20.8959,7.10065,60,14.5494,0,0,0,0,0,0,0,0,0,0,0,0,-0.00333035,0.698778,-1.45226,-0.0276896,0.758888,-1.44038,-0.00746292,0.738295,-1.50062,-0.0237159,0.717355,-1.48587,-0.152514,0.78367,-1.24963,0.149309,0.744018,-1.22283,-0.158807,0.843451,-1.12069,0.105387,25.71,-1.22133,1.75049e-05,3.57824e-07,-0.000114049,2.20707e-05,1.2196e-06,-9.00675e-05,4.39108e-05,-7.28408e-05,0.00010097,-2.02145e-06,-0.000149118,0.000105479,
-8.20564,4.66911,11.1464,9.73487,-0.817715,11.9652,-8.32485,5.78374,20.8971,7.10037,60,14.5481,0,0,0,0,0,0,0,0,0,0,0,0,-0.00332918,0.698778,-1.45226,-0.0276881,0.758887,-1.44038,-0.00746099,0.738294,-1.50061,-0.0237148,0.717352,-1.48586,-0.15252,0.783672,-1.2496,0.149312,0.74402,-1.22283,-0.158819,0.843453,-1.12067,0.105385,25.71,-1.22135,0.000103483,1.87278e-05,-0.00012284,9.43676e-05,-9.77682e-06,-6.86704e-05,0.000117753,-2.41602e-05,1.87022e-05,7.19481e-05,-0.000117191,0.000104469,
-8.20464,4.66906,11.1446,9.73551,-0.818052,11.9655,-8.32424,5.78398,20.897,7.10094,60,14.5505,0,0,0,0,0,0,0,0,0,0,0,0,-0.00332877,0.698779,-1.45226,-0.0276878,0.758888,-1.44038,-0.00746009,0.738294,-1.50061,-0.0237149,0.717351,-1.48586,-0.152507,0.78367,-1.24963,0.149319,0.744016,-1.22283,-0.158811,0.843458,-1.12067,0.10539,25.71,-1.22131,-0.000106843,-9.80859e-06,7.14695e-06,-0.000101457,5.71224e-05,-5.6753e-05,-5.90585e-05,1.69574e-05,2.16529e-05,-0.000107131,3.81104e-05,-9.01466e-05,
-8.20468,4.66897,11.1447,9.73583,-0.817969,11.9661,-8.32453,5.78413,20.8969,7.10101,60,14.5507,0,0,0,0,0,0,0,0,0,0,0,0,-0.00333227,0.698778,-1.45226,-0.0276912,0.758889,-1.44038,-0.00746247,0.738295,-1.50061,-0.0237183,0.717353,-1.48587,-0.152511,0.783668,-1.24963,0.149322,0.744019,-1.22282,-0.158819,0.843463,-1.12067,0.105389,25.71,-1.22131,-9.37333e-05,-1.02358e-05,7.34972e-05,-8.74059e-05,5.86225e-05,2.22118e-05,-4.54192e-05,7.28326e-05,-3.13563e-05,-9.36061e-05,9.21278e-05,-0.000123523,
-8.20538,4.66883,11.1445,9.73491,-0.818023,11.9642,-8.32462,5.78273,20.897,7.10072,60,14.5498,0,0,0,0,0,0,0,0,0,0,0,0,-0.00333148,0.698778,-1.45226,-0.0276903,0.75889,-1.44038,-0.00746088,0.738297,-1.50062,-0.0237177,0.717354,-1.48587,-0.152518,0.783666,-1.24963,0.149311,0.744016,-1.22285,-0.158814,0.84344,-1.12067,0.105388,25.71,-1.22132,0.000100221,7.52038e-06,4.62996e-05,0.000107004,-2.16513e-05,0.000122041,0.000132898,0.000101482,-7.99192e-05,8.64156e-05,2.32235e-05,9.37882e-06,
-8.2056,4.66927,11.1438,9.73469,-0.81859,11.9646,-8.32415,5.78265,20.8956,7.10081,60,14.5502,0,0,0,0,0,0,0,0,0,0,0,0,-0.00332937,0.698778,-1.45226,-0.0276881,0.758889,-1.44038,-0.00745825,0.738299,-1.50062,-0.0237158,0.717354,-1.48587,-0.152519,0.783674,-1.24964,0.149309,0.744005,-1.22284,-0.158803,0.84344,-1.1207,0.105392,25.71,-1.22132,0.000108585,-6.06377e-06,7.31685e-05,0.000115368,-1.66583e-05,0.000114523,0.000139316,7.60625e-05,-3.49079e-05,9.26999e-05,5.9423e-06,-2.96926e-06,
-8.20506,4.6694,11.1441,9.73516,-0.817991,11.9654,-8.32478,5.7837,20.8961,7.1008,60,14.5507,0,0,0,0,0,0,0,0,0,0,0,0,-0.0033295,0.698777,-1.45226,-0.0276881,0.758889,-1.44038,-0.00745746,0.738299,-1.50062,-0.023716,0.717354,-1.48587,-0.152513,0.783674,-1.24964,0.149314,0.744017,-1.22282,-0.158817,0.843456,-1.12068,0.105389,25.71,-1.22131,-2.9924e-05,-4.66987e-05,2.11222e-05,-2.38793e-05,-4.10468e-06,1.88183e-05,2.01521e-05,-2.69745e-05,7.45257e-05,-2.70424e-05,-3.50323e-05,2.97418e-05,
-8.20539,4.66913,11.1447,9.73501,-0.817992,11.9659,-8.3255,5.78358,20.8962,7.10046,60,14.5502,0,0,0,0,0,0,0,0,0,0,0,0,-0.00332921,0.698777,-1.45226,-0.0276876,0.758889,-1.44038,-0.00745602,0.738298,-1.50061,-0.0237156,0.717353,-1.48587,-0.152517,0.783669,-1.24963,0.149314,0.744017,-1.22282,-0.158827,0.843454,-1.12068,0.105385,25.71,-1.22132,3.53546e-05,-2.17778e-05,-4.8229e-05,4.15796e-05,6.27329e-06,-3.00291e-05,9.13703e-05,-2.5481e-05,6.0109e-05,4.43676e-05,-7.05431e-05,5.58006e-05,
-8.20523,4.66936,11.1445,9.73505,-0.817894,11.9653,-8.32545,5.78347,20.8966,7.10056,60,14.5503,0,0,0,0,0,0,0,0,0,0,0,0,-0.00332847,0.698776,-1.45226,-0.0276868,0.758889,-1.44038,-0.00745435,0.738298,-1.50061,-0.0237147,0.717352,-1.48586,-0.152514,0.783673,-1.24963,0.149314,0.744019,-1.22283,-0.158824,0.843451,-1.12068,0.105387,25.71,-1.22131,3.57497e-06,-3.09213e-05,-9.10368e-06,-1.55862e-05,1.35622e-05,-2.10571e-05,8.37154e-05,-2.2909e-05,1.90846e-05,3.7046e-05,-4.29597e-05,3.64957e-05,
-8.20522,4.67002,11.144,9.73523,-0.818432,11.9663,-8.32397,5.78323,20.8942,7.10132,60,14.5501,0,0,0,0,0,0,0,0,0,0,0,0,-0.00332949,0.698776,-1.45226,-0.0276877,0.75889,-1.44038,-0.00745422,0.738297,-1.50061,-0.0237156,0.717352,-1.48586,-0.152517,0.783684,-1.24964,0.149315,0.74401,-1.22281,-0.1588,0.843446,-1.12072,0.105397,25.71,-1.22132,-8.7102e-05,-3.38766e-05,3.53615e-05,-8.09116e-05,3.03035e-05,-1.55879e-05,-3.18722e-05,-2.30363e-05,7.48899e-05,-7.95278e-05,-1.07118e-07,-1.91426e-05,
-8.20527,4.66996,11.1437,9.73488,-0.817948,11.965,-8.32455,5.78298,20.8958,7.10083,60,14.5514,0,0,0,0,0,0,0,0,0,0,0,0,-0.00333103,0.698775,-1.45226,-0.0276891,0.75889,-1.44038,-0.00745467,0.738298,-1.50061,-0.0237168,0.717352,-1.48587,-0.152518,0.783683,-1.24964,0.149309,0.744018,-1.22283,-0.158809,0.843445,-1.12069,0.105391,25.71,-1.2213,1.97847e-06,-1.05891e-05,6.32318e-06,8.97227e-06,-4.38463e-06,5.08409e-05,5.03754e-05,7.53473e-05,-6.30607e-05,5.915e-05,2.97677e-06,-1.49275e-05,
-8.20611,4.66947,11.1445,9.73406,-0.818543,11.9641,-8.32505,5.78211,20.8965,7.10059,60,14.5504,0,0,0,0,0,0,0,0,0,0,0,0,-0.00332769,0.698776,-1.45226,-0.0276856,0.75889,-1.44038,-0.00745012,0.7383,-1.50061,-0.0237147,0.717352,-1.48587,-0.152526,0.783676,-1.24963,0.149301,0.744007,-1.22285,-0.15881,0.843432,-1.12068,0.105391,25.71,-1.22131,0.000138651,4.27892e-05,-5.36797e-05,0.000146155,-1.07848e-05,0.000101485,0.000192311,9.31261e-05,-0.000144542,0.000180449,3.81378e-06,2.04126e-05,
-8.20552,4.66991,11.1454,9.73492,-0.818293,11.9657,-8.32562,5.78368,20.8967,7.10071,60,14.5503,0,0,0,0,0,0,0,0,0,0,0,0,-0.00332661,0.698776,-1.45226,-0.0276844,0.75889,-1.44038,-0.00744796,0.738301,-1.50062,-0.0237123,0.717351,-1.48586,-0.152518,0.783683,-1.24962,0.149314,0.744012,-1.22282,-0.158822,0.843457,-1.12068,0.105392,25.71,-1.22131,-2.2275e-05,-4.49483e-06,-8.71169e-05,-1.57039e-05,1.98103e-05,-5.27774e-05,4.83489e-05,-3.81898e-05,3.73973e-05,8.73544e-07,-3.57224e-05,1.48271e-05,
-8.20476,4.67002,11.1445,9.73536,-0.818433,11.9664,-8.32452,5.78352,20.8951,7.1014,60,14.5509,0,0,0,0,0,0,0,0,0,0,0,0,-0.0033299,0.698775,-1.45226,-0.0276875,0.75889,-1.44038,-0.00744981,0.738298,-1.50061,-0.0237153,0.71735,-1.48586,-0.152512,0.783683,-1.24963,0.149314,0.744011,-1.22281,-0.158807,0.84345,-1.1207,0.105397,25.71,-1.2213,-0.00019671,-6.68211e-05,-4.56825e-05,-0.000190025,3.3826e-05,-0.000134645,-0.000102904,-0.000115567,0.000143024,-0.000150795,-5.18712e-05,-3.61958e-06,
-8.20494,4.66987,11.1445,9.73506,-0.81794,11.9658,-8.32501,5.78357,20.8963,7.10115,60,14.5511,0,0,0,0,0,0,0,0,0,0,0,0,-0.00333295,0.698774,-1.45226,-0.0276904,0.758891,-1.44038,-0.00745087,0.738297,-1.50061,-0.023717,0.717349,-1.48586,-0.152514,0.78368,-1.24963,0.149311,0.74402,-1.22282,-0.158816,0.843451,-1.12068,0.105393,25.71,-1.2213,-1.09822e-06,-1.07651e-05,-4.19878e-05,6.72698e-06,1.55617e-05,-4.49104e-05,-4.19571e-05,-4.9825e-05,4.11372e-05,-8.93994e-05,-3.92431e-05,2.04624e-05,
-8.20576,4.66996,11.1467,9.735,-0.818051,11.965,-8.326,5.7832,20.8968,7.10069,60,14.5482,0,0,0,0,0,0,0,0,0,0,0,0,-0.00333162,0.698774,-1.45226,-0.0276885,0.75889,-1.44038,-0.00744772,0.738297,-1.50061,-0.023715,0.717348,-1.48586,-0.152524,0.783683,-1.2496,0.149315,0.744015,-1.22283,-0.158825,0.843448,-1.12067,0.105392,25.71,-1.22135,0.000127576,1.94966e-05,-7.9074e-05,0.000124008,-5.1185e-05,0.000102587,0.000178456,4.36544e-05,-4.94468e-05,0.000132189,-5.04039e-05,8.72492e-05,
-8.20489,4.67023,11.1441,9.73521,-0.818207,11.9649,-8.32523,5.7834,20.8964,7.10125,60,14.5512,0,0,0,0,0,0,0,0,0,0,0,0,-0.0033304,0.698774,-1.45226,-0.0276875,0.75889,-1.44038,-0.0074459,0.738298,-1.50061,-0.0237142,0.717348,-1.48586,-0.152512,0.783686,-1.24964,0.149315,0.744013,-1.22283,-0.158815,0.843451,-1.12068,0.105397,25.71,-1.2213,-4.99949e-05,-3.99034e-05,4.01275e-05,-4.23746e-05,5.14118e-06,8.19456e-05,-4.29512e-05,2.95904e-05,1.15342e-05,-9.06437e-05,5.10979e-05,-7.4653e-05,
-8.20427,4.66997,11.144,9.73549,-0.818208,11.9644,-8.32513,5.78326,20.8968,7.1015,60,14.5515,0,0,0,0,0,0,0,0,0,0,0,0,-0.0033351,0.698772,-1.45226,-0.0276921,0.75889,-1.44037,-0.00744859,0.738299,-1.50061,-0.0237179,0.71735,-1.48587,-0.152507,0.78368,-1.24964,0.149314,0.744015,-1.22284,-0.158816,0.84345,-1.12067,0.105397,25.71,-1.22129,-0.000137629,-4.35182e-05,0.000115841,-0.000129736,2.50639e-05,8.35286e-05,-6.75297e-05,5.04317e-05,-1.64846e-05,-0.000115391,7.67355e-05,-7.98744e-05,
-8.20507,4.6701,11.1455,9.73528,-0.818082,11.9653,-8.32603,5.78361,20.8966,7.101,60,14.5494,0,0,0,0,0,0,0,0,0,0,0,0,-0.00333514,0.698772,-1.45226,-0.0276919,0.75889,-1.44037,-0.00744742,0.7383,-1.50061,-0.0237177,0.71735,-1.48586,-0.152517,0.783682,-1.24961,0.149315,0.744015,-1.22282,-0.158827,0.843456,-1.12068,0.105393,25.71,-1.22133,6.32948e-05,-1.71516e-05,-4.42162e-05,6.99696e-05,-3.61476e-05,3.74583e-05,0.000112768,-7.4645e-06,-3.14133e-06,6.67803e-05,-7.88311e-05,9.8878e-05,
-8.20491,4.67024,11.1455,9.73543,-0.817949,11.9651,-8.32609,5.78359,20.8965,7.10105,60,14.5494,0,0,0,0,0,0,0,0,0,0,0,0,-0.00333372,0.698772,-1.45226,-0.0276904,0.758889,-1.44037,-0.00744529,0.738299,-1.50061,-0.0237164,0.717347,-1.48586,-0.152514,0.783685,-1.24962,0.149318,0.744016,-1.22283,-0.158827,0.843454,-1.12067,0.105395,25.71,-1.22133,1.48212e-05,-1.81053e-05,-4.45426e-05,2.10968e-05,-4.64647e-05,2.93618e-05,8.81663e-05,-3.66838e-05,4.46458e-05,4.20082e-05,-0.000119167,8.70358e-05,
-8.20445,4.67032,11.1445,9.73563,-0.817882,11.9652,-8.32578,5.78372,20.8967,7.10143,60,14.5507,0,0,0,0,0,0,0,0,0,0,0,0,-0.00333468,0.698771,-1.45226,-0.0276913,0.758889,-1.44037,-0.00744537,0.738299,-1.50061,-0.0237175,0.717346,-1.48586,-0.152509,0.783685,-1.24963,0.149318,0.744019,-1.22282,-0.158825,0.843458,-1.12067,0.105397,25.71,-1.2213,-8.70199e-05,-2.99792e-05,4.0824e-05,-8.12471e-05,1.21111e-05,2.12288e-05,-4.94247e-05,1.67995e-05,2.61431e-05,-9.67098e-05,-7.85896e-06,-3.14741e-05,
-8.20473,4.67015,11.145,9.73526,-0.81801,11.9645,-8.32568,5.78306,20.897,7.10151,60,14.5501,0,0,0,0,0,0,0,0,0,0,0,0,-0.00333608,0.698771,-1.45226,-0.0276925,0.758889,-1.44037,-0.00744616,0.7383,-1.50061,-0.0237192,0.717347,-1.48586,-0.152513,0.783682,-1.24962,0.149312,0.744017,-1.22284,-0.158822,0.843447,-1.12067,0.105398,25.71,-1.22132,-1.62566e-05,-2.413e-06,2.08e-05,-1.06566e-05,5.08059e-06,2.71171e-05,3.86886e-06,5.14892e-05,-2.29214e-05,-4.32005e-05,-4.11978e-06,-2.19443e-05,
-8.20478,4.67028,11.1445,9.73504,-0.818187,11.9645,-8.32568,5.78306,20.8967,7.10148,60,14.5503,0,0,0,0,0,0,0,0,0,0,0,0,-0.00333547,0.698771,-1.45226,-0.0276918,0.758889,-1.44037,-0.00744531,0.738301,-1.50061,-0.0237194,0.717346,-1.48586,-0.152513,0.783685,-1.24963,0.149309,0.744013,-1.22284,-0.158821,0.843448,-1.12067,0.105398,25.71,-1.22131,1.54136e-05,-5.14921e-06,1.58827e-05,2.02071e-05,-4.67301e-06,1.05957e-05,2.53214e-05,2.57911e-05,-2.05836e-06,-2.09134e-05,-4.32578e-05,3.37545e-05,
-8.20462,4.67049,11.1444,9.73513,-0.818223,11.9652,-8.32523,5.78324,20.896,7.10171,60,14.5505,0,0,0,0,0,0,0,0,0,0,0,0,-0.00333574,0.69877,-1.45226,-0.027692,0.758889,-1.44037,-0.00744537,0.738301,-1.50061,-0.0237204,0.717345,-1.48586,-0.152511,0.783688,-1.24964,0.14931,0.744013,-1.22283,-0.158813,0.84345,-1.12068,0.1054,25.71,-1.22131,-1.53146e-05,-1.9366e-05,-4.26366e-05,-1.13153e-05,1.22289e-05,-4.65775e-05,-6.46619e-06,-3.12817e-05,4.56426e-05,-5.28272e-05,-9.29279e-05,4.4136e-05,
-8.20497,4.67056,11.1454,9.73551,-0.817898,11.9664,-8.32611,5.78401,20.8962,7.10139,60,14.5496,0,0,0,0,0,0,0,0,0,0,0,0,-0.00333542,0.69877,-1.45226,-0.0276919,0.758889,-1.44037,-0.00744518,0.7383,-1.50061,-0.023721,0.717343,-1.48586,-0.152515,0.783689,-1.24962,0.149318,0.744019,-1.2228,-0.158828,0.843463,-1.12068,0.105395,25.71,-1.22132,6.62114e-05,6.01038e-06,-8.87025e-05,4.41595e-05,1.90786e-06,-5.84588e-05,4.37126e-05,-3.42982e-05,5.59691e-05,-2.22576e-06,-0.000120964,0.000104169,
-8.20573,4.67049,11.1468,9.73505,-0.817989,11.9655,-8.32626,5.78286,20.8966,7.10138,60,14.5476,0,0,0,0,0,0,0,0,0,0,0,0,-0.00333347,0.698771,-1.45226,-0.0276896,0.758889,-1.44037,-0.007443,0.7383,-1.50061,-0.0237198,0.71734,-1.48586,-0.152525,0.783689,-1.2496,0.149314,0.744016,-1.22282,-0.158827,0.843443,-1.12067,0.105398,25.71,-1.22135,0.000122504,3.17094e-05,-9.73208e-05,0.000126507,-1.99909e-05,-6.64313e-06,0.000120868,2.2767e-05,-1.1269e-05,7.51023e-05,-0.000109066,9.91818e-05,
-8.20494,4.67055,11.1441,9.73531,-0.818255,11.9655,-8.32605,5.78306,20.8967,7.10185,60,14.5515,0,0,0,0,0,0,0,0,0,0,0,0,-0.00333233,0.698771,-1.45226,-0.0276884,0.758889,-1.44037,-0.00744189,0.738302,-1.50061,-0.0237201,0.71734,-1.48586,-0.152514,0.78369,-1.24964,0.149316,0.744013,-1.22282,-0.158826,0.843451,-1.12067,0.105401,25.71,-1.22129,-4.00876e-05,3.65361e-06,0.000101126,-3.57945e-05,4.68594e-05,1.7067e-05,-3.51387e-05,0.000131547,-3.83473e-05,-0.000135095,0.000111298,-0.000127365,
-8.2044,4.67006,11.1439,9.73518,-0.818042,11.9643,-8.32579,5.78244,20.8976,7.10212,60,14.5519,0,0,0,0,0,0,0,0,0,0,0,0,-0.00333577,0.698771,-1.45226,-0.027692,0.758891,-1.44037,-0.00744526,0.738305,-1.50061,-0.0237242,0.717343,-1.48586,-0.15251,0.783681,-1.24964,0.149309,0.744018,-1.22284,-0.158825,0.843444,-1.12066,0.105402,25.71,-1.22129,-0.000147549,-7.29168e-06,0.000153253,-9.09147e-05,3.75927e-05,4.23391e-05,-8.22611e-05,0.000138688,-5.56627e-05,-0.000130273,0.00010684,-0.000126358,
-8.20495,4.67005,11.1447,9.73487,-0.81825,11.9645,-8.32634,5.78261,20.8975,7.10175,60,14.5502,0,0,0,0,0,0,0,0,0,0,0,0,-0.00333567,0.698771,-1.45226,-0.0276919,0.758891,-1.44037,-0.0074451,0.738306,-1.50061,-0.0237247,0.717344,-1.48586,-0.152515,0.783681,-1.24963,0.149307,0.744014,-1.22284,-0.158832,0.843446,-1.12066,0.105398,25.71,-1.22131,5.44709e-05,-7.05741e-07,5.05542e-05,5.23684e-05,2.9985e-06,1.80937e-05,5.27845e-05,5.41448e-05,6.01223e-06,6.36113e-06,-2.35194e-05,4.80685e-05,
-8.20502,4.67092,11.1445,9.73498,-0.818491,11.9663,-8.32492,5.78294,20.894,7.10217,60,14.5487,0,0,0,0,0,0,0,0,0,0,0,0,-0.00333474,0.69877,-1.45226,-0.0276905,0.75889,-1.44037,-0.00744369,0.738304,-1.50061,-0.0237244,0.71734,-1.48586,-0.152516,0.783695,-1.24963,0.14931,0.744008,-1.22281,-0.158805,0.843445,-1.12071,0.105406,25.71,-1.22133,3.91324e-05,-3.78455e-05,-0.000117159,4.26404e-05,-4.09421e-05,-0.000115428,4.43889e-05,-0.000169948,0.000189941,-1.03839e-06,-0.000228655,0.000198483,
-8.20533,4.67096,11.1464,9.73501,-0.817855,11.9654,-8.32601,5.78298,20.896,7.10182,60,14.5476,0,0,0,0,0,0,0,0,0,0,0,0,-0.00333467,0.698769,-1.45226,-0.0276903,0.75889,-1.44038,-0.00744345,0.738301,-1.50061,-0.0237251,0.717335,-1.48585,-0.15252,0.783696,-1.2496,0.149312,0.744019,-1.22282,-0.158823,0.843445,-1.12068,0.1054,25.71,-1.22135,7.81846e-05,-6.96384e-06,-0.00010336,8.22665e-05,-3.43365e-05,-4.76962e-05,8.65054e-05,-7.32996e-05,8.44355e-05,4.14177e-05,-0.000165203,0.000165837,
-8.20544,4.67058,11.1452,9.73512,-0.818436,11.966,-8.32648,5.78286,20.8961,7.10166,60,14.5495,0,0,0,0,0,0,0,0,0,0,0,0,-0.00333217,0.69877,-1.45226,-0.0276878,0.75889,-1.44038,-0.00744072,0.738302,-1.50061,-0.0237232,0.717334,-1.48585,-0.15252,0.783691,-1.24962,0.149317,0.744009,-1.22281,-0.158828,0.843448,-1.12068,0.1054,25.71,-1.22132,9.92672e-05,4.07519e-05,-1.70236e-05,0.00010458,1.65247e-05,2.33737e-05,0.000119964,0.000102731,-5.98441e-05,7.29371e-05,1.42352e-05,-2.71904e-06,
-8.20483,4.67029,11.1443,9.73521,-0.818491,11.965,-8.32587,5.78199,20.8969,7.1023,60,14.5511,0,0,0,0,0,0,0,0,0,0,0,0,-0.00333332,0.69877,-1.45226,-0.0276888,0.758891,-1.44037,-0.00744116,0.738305,-1.50061,-0.0237247,0.717336,-1.48585,-0.152515,0.783685,-1.24963,0.149313,0.744011,-1.22283,-0.158822,0.843437,-1.12067,0.105405,25.71,-1.22129,-0.000103168,1.39972e-05,0.00011831,-9.67642e-05,7.32848e-05,4.74191e-05,-6.4581e-05,0.000168881,-0.000115442,-0.000113079,0.000166035,-0.000166514,
-8.20523,4.67045,11.1453,9.73507,-0.818751,11.9652,-8.32612,5.78194,20.8966,7.10228,60,14.5498,0,0,0,0,0,0,0,0,0,0,0,0,-0.00333471,0.698771,-1.45226,-0.02769,0.758892,-1.44037,-0.00744171,0.738308,-1.50061,-0.0237262,0.717339,-1.48586,-0.152521,0.783688,-1.24962,0.149311,0.744007,-1.22282,-0.158825,0.843437,-1.12067,0.105405,25.71,-1.22132,-2.76033e-05,9.2562e-06,7.16474e-05,-2.14046e-05,3.84139e-05,2.63625e-05,1.2897e-05,0.000102222,-3.66887e-05,-3.49772e-05,7.40139e-05,-9.16235e-05,
-8.20506,4.67078,11.1457,9.73553,-0.818446,11.9659,-8.32661,5.78288,20.8964,7.10218,60,14.5493,0,0,0,0,0,0,0,0,0,0,0,0,-0.00333475,0.69877,-1.45226,-0.0276899,0.758892,-1.44037,-0.00744082,0.738309,-1.50061,-0.0237263,0.717339,-1.48586,-0.152518,0.783693,-1.24961,0.149319,0.744012,-1.22281,-0.158833,0.843452,-1.12068,0.105404,25.71,-1.22132,-2.14312e-05,-1.94083e-05,2.46675e-06,-1.5079e-05,7.39895e-06,-4.08165e-06,2.82194e-05,-1.82586e-05,4.55043e-05,-1.87438e-05,-4.02886e-05,2.48104e-05,
-8.20482,4.67071,11.1448,9.73553,-0.818508,11.9655,-8.32633,5.78249,20.8959,7.10234,60,14.5496,0,0,0,0,0,0,0,0,0,0,0,0,-0.00333602,0.698769,-1.45226,-0.0276911,0.758893,-1.44037,-0.00744074,0.738308,-1.50061,-0.0237271,0.717339,-1.48586,-0.152516,0.78369,-1.24962,0.149317,0.744011,-1.22282,-0.158829,0.843443,-1.12068,0.105405,25.71,-1.22132,-5.05552e-05,-4.60843e-05,7.01486e-05,-4.39037e-05,7.28579e-06,2.35913e-05,-2.59796e-06,-3.80273e-05,8.46055e-05,-4.97903e-05,-2.30563e-05,3.0935e-05,
-8.20474,4.67061,11.1442,9.73542,-0.818507,11.9653,-8.32655,5.78235,20.896,7.10225,60,14.5505,0,0,0,0,0,0,0,0,0,0,0,0,-0.00333651,0.698769,-1.45226,-0.0276914,0.758893,-1.44037,-0.00744044,0.738308,-1.50061,-0.0237278,0.717339,-1.48586,-0.152514,0.783688,-1.24963,0.149316,0.744011,-1.22282,-0.158831,0.843443,-1.12068,0.105404,25.71,-1.2213,-2.27233e-05,-2.86898e-05,9.09115e-05,-1.56436e-05,1.09537e-05,7.18725e-05,2.99826e-05,3.44725e-05,2.56481e-05,-1.70222e-05,3.1932e-05,-1.75276e-05,
-8.20522,4.67076,11.1449,9.73528,-0.818537,11.9654,-8.32685,5.78218,20.8957,7.10212,60,14.5494,0,0,0,0,0,0,0,0,0,0,0,0,-0.00333603,0.698768,-1.45226,-0.0276908,0.758893,-1.44037,-0.0074389,0.73831,-1.50061,-0.0237272,0.717339,-1.48586,-0.152521,0.783691,-1.24962,0.149316,0.74401,-1.22282,-0.158834,0.843441,-1.12069,0.105404,25.71,-1.22132,4.93619e-05,-1.83943e-05,4.10247e-05,5.67962e-05,-5.55349e-06,9.08634e-05,9.80123e-05,4.37138e-05,1.46329e-06,5.15238e-05,-9.27944e-06,4.43395e-05,
-8.20535,4.67105,11.1453,9.73521,-0.818522,11.9652,-8.32693,5.78208,20.8957,7.10218,60,14.5489,0,0,0,0,0,0,0,0,0,0,0,0,-0.00333478,0.698768,-1.45226,-0.0276894,0.758892,-1.44037,-0.00743666,0.73831,-1.50061,-0.0237259,0.717338,-1.48586,-0.152522,0.783695,-1.24961,0.149316,0.74401,-1.22282,-0.158833,0.843439,-1.12069,0.105406,25.71,-1.22133,3.92151e-05,-2.77577e-05,1.87945e-05,4.60596e-05,-1.17316e-05,5.08552e-05,8.71716e-05,1.00332e-05,2.8924e-05,4.06361e-05,-2.90502e-05,2.31155e-05,
-8.20471,4.6709,11.1437,9.7353,-0.818686,11.9651,-8.32663,5.78208,20.8958,7.10241,60,14.5512,0,0,0,0,0,0,0,0,0,0,0,0,-0.00333543,0.698767,-1.45225,-0.0276899,0.758893,-1.44037,-0.00743602,0.73831,-1.50061,-0.0237265,0.717339,-1.48586,-0.152514,0.783692,-1.24964,0.149314,0.744008,-1.22282,-0.15883,0.84344,-1.12068,0.105407,25.71,-1.22129,-7.15905e-05,-2.5993e-05,5.43161e-05,-6.49296e-05,2.87897e-05,8.4306e-06,-1.46408e-05,3.22166e-05,1.0057e-06,-6.24425e-05,3.6409e-05,-5.79474e-05,
-8.20485,4.67095,11.145,9.73538,-0.818588,11.9656,-8.32696,5.78223,20.896,7.10242,60,14.55,0,0,0,0,0,0,0,0,0,0,0,0,-0.00333667,0.698767,-1.45225,-0.0276912,0.758893,-1.44037,-0.0074364,0.738311,-1.50061,-0.0237277,0.717339,-1.48586,-0.152518,0.783693,-1.24962,0.149315,0.744011,-1.22281,-0.158835,0.843443,-1.12068,0.105406,25.71,-1.22131,-8.16646e-05,-1.64142e-05,-4.84141e-06,-3.80571e-05,2.95194e-05,-5.70835e-06,1.10553e-05,2.60489e-05,-3.35012e-06,-3.646e-05,1.44116e-05,-1.29788e-05,
-8.2052,4.671,11.145,9.73522,-0.818529,11.9656,-8.3273,5.78227,20.8958,7.10213,60,14.5498,0,0,0,0,0,0,0,0,0,0,0,0,-0.00333597,0.698767,-1.45225,-0.0276902,0.758893,-1.44037,-0.0074345,0.738311,-1.50061,-0.0237268,0.717338,-1.48586,-0.15252,0.783694,-1.24962,0.149315,0.744011,-1.22281,-0.158837,0.843443,-1.12068,0.105404,25.71,-1.22131,5.69531e-05,8.10735e-07,-7.30154e-05,6.34078e-05,-1.08169e-05,-8.8641e-06,0.000104444,-1.49834e-05,9.46836e-06,5.82967e-05,-7.18014e-05,6.48749e-05,
-8.20521,4.67154,11.1454,9.73562,-0.818599,11.9664,-8.32691,5.78247,20.895,7.10248,60,14.5491,0,0,0,0,0,0,0,0,0,0,0,0,-0.00333569,0.698767,-1.45226,-0.0276898,0.758893,-1.44037,-0.00743321,0.738311,-1.50061,-0.0237264,0.717337,-1.48586,-0.152522,0.783703,-1.24961,0.149321,0.74401,-1.2228,-0.158831,0.843446,-1.1207,0.105409,25.71,-1.22133,-1.7793e-05,-2.10902e-05,-1.75973e-05,-1.19047e-05,3.92143e-06,3.61066e-06,3.07831e-05,-1.42388e-05,2.92612e-05,-1.60376e-05,-4.91695e-05,4.36551e-05,
-8.20517,4.67123,11.146,9.73571,-0.818173,11.9655,-8.32802,5.78255,20.897,7.10224,60,14.5494,0,0,0,0,0,0,0,0,0,0,0,0,-0.0033363,0.698766,-1.45226,-0.0276903,0.758893,-1.44037,-0.00743282,0.738311,-1.50061,-0.023727,0.717337,-1.48586,-0.152521,0.783698,-1.2496,0.149323,0.744018,-1.22281,-0.15885,0.84345,-1.12066,0.105404,25.71,-1.22132,-4.42117e-06,2.54637e-06,3.23109e-05,2.21032e-06,6.82883e-06,5.39191e-05,4.14831e-05,6.28234e-05,-2.87037e-05,-5.63329e-06,3.24715e-05,-1.80468e-05,
-8.2046,4.67081,11.1431,9.73524,-0.818727,11.9643,-8.32712,5.78152,20.8968,7.10259,60,14.5523,0,0,0,0,0,0,0,0,0,0,0,0,-0.00333642,0.698767,-1.45225,-0.0276902,0.758894,-1.44037,-0.00743198,0.738314,-1.50061,-0.0237272,0.717338,-1.48586,-0.152513,0.78369,-1.24965,0.149312,0.744009,-1.22283,-0.158835,0.843435,-1.12067,0.105409,25.71,-1.22127,-6.9783e-05,-1.64671e-05,0.000116395,-6.27349e-05,3.03378e-05,9.59271e-05,-2.4067e-05,0.000120749,-7.84123e-05,-7.20907e-05,0.00011116,-0.000116613,
-8.20438,4.67098,11.1442,9.73546,-0.818725,11.9646,-8.32689,5.78176,20.8963,7.10299,60,14.5508,0,0,0,0,0,0,0,0,0,0,0,0,-0.00333883,0.698766,-1.45225,-0.0276925,0.758894,-1.44036,-0.00743364,0.738315,-1.50061,-0.0237297,0.71734,-1.48586,-0.152513,0.783692,-1.24963,0.149312,0.744009,-1.22283,-0.158834,0.84344,-1.12067,0.105412,25.71,-1.2213,-0.0001486,-2.57831e-05,0.000100831,-0.00014244,4.06963e-05,5.479e-05,-0.000108233,7.13065e-05,2.55784e-05,-0.000156046,6.21011e-05,-3.77914e-05,
-8.20467,4.6712,11.145,9.73529,-0.818354,11.9651,-8.32752,5.78252,20.8961,7.10247,60,14.5492,0,0,0,0,0,0,0,0,0,0,0,0,-0.00333925,0.698765,-1.45225,-0.0276928,0.758894,-1.44037,-0.00743338,0.738314,-1.50061,-0.0237304,0.717338,-1.48586,-0.152514,0.783696,-1.24962,0.149314,0.744014,-1.22282,-0.158841,0.843448,-1.12068,0.105406,25.71,-1.22132,4.2978e-05,-2.7424e-05,-8.4476e-05,4.75986e-05,-4.55308e-05,-4.54866e-05,6.98322e-05,-0.000119556,0.000113932,2.46821e-05,-0.000189828,0.000190748,
-8.20491,4.67167,11.1453,9.7354,-0.818532,11.9662,-8.3269,5.78258,20.8946,7.10267,60,14.5481,0,0,0,0,0,0,0,0,0,0,0,0,-0.00333797,0.698765,-1.45226,-0.0276915,0.758893,-1.44037,-0.00743162,0.738311,-1.5006,-0.0237296,0.717333,-1.48585,-0.152517,0.783704,-1.24962,0.149317,0.74401,-1.2228,-0.158828,0.843445,-1.1207,0.10541,25.71,-1.22134,4.5556e-05,-2.17373e-05,-0.000137304,4.98665e-05,-2.81935e-05,-9.77295e-05,6.71216e-05,-0.000142927,0.00012814,2.18414e-05,-0.000227515,0.000205107,
-8.20517,4.67184,11.1466,9.73565,-0.818467,11.966,-8.32721,5.7822,20.8955,7.10279,60,14.5477,0,0,0,0,0,0,0,0,0,0,0,0,-0.00333788,0.698765,-1.45226,-0.0276913,0.758893,-1.44037,-0.00743096,0.73831,-1.5006,-0.0237301,0.71733,-1.48585,-0.152522,0.783707,-1.24959,0.149321,0.744012,-1.22281,-0.158834,0.843441,-1.12068,0.105412,25.71,-1.22134,1.20044e-05,9.89094e-07,-8.14239e-05,1.63171e-05,-1.71511e-06,-2.96573e-05,4.72287e-05,3.40497e-05,-6.67252e-06,6.47565e-07,-6.55673e-05,3.85719e-05,
-8.20512,4.67128,11.1452,9.73542,-0.818916,11.9648,-8.32748,5.78142,20.8969,7.10279,60,14.5502,0,0,0,0,0,0,0,0,0,0,0,0,-0.00333684,0.698766,-1.45226,-0.0276901,0.758894,-1.44037,-0.00742962,0.738313,-1.5006,-0.0237297,0.717331,-1.48585,-0.152521,0.783699,-1.24962,0.149318,0.744006,-1.22282,-0.158838,0.843434,-1.12067,0.105411,25.71,-1.22131,8.30564e-06,3.79565e-05,4.38091e-05,1.44591e-05,5.36717e-05,8.62729e-05,3.16105e-05,0.00020723,-0.000180001,-1.60331e-05,0.000141743,-0.000147,
-8.20503,4.67115,11.1448,9.73556,-0.819284,11.9651,-8.32714,5.78117,20.8965,7.10317,60,14.5506,0,0,0,0,0,0,0,0,0,0,0,0,-0.00333738,0.698766,-1.45226,-0.0276908,0.758895,-1.44037,-0.00742988,0.738317,-1.50061,-0.0237308,0.717334,-1.48585,-0.152521,0.783697,-1.24962,0.149318,0.744001,-1.22282,-0.158833,0.843434,-1.12068,0.105416,25.71,-1.2213,-6.09233e-05,3.78171e-05,0.000104704,-6.06531e-05,7.74654e-05,9.2157e-05,-3.45972e-05,0.000214867,-0.000160714,-8.31231e-05,0.000185931,-0.000159155,
-8.20483,4.67107,11.1446,9.73536,-0.819018,11.9648,-8.32749,5.78132,20.8966,7.10297,60,14.5507,0,0,0,0,0,0,0,0,0,0,0,0,-0.00333886,0.698766,-1.45225,-0.0276919,0.758896,-1.44036,-0.00743041,0.738319,-1.50061,-0.0237323,0.717336,-1.48586,-0.152518,0.783695,-1.24963,0.149314,0.744005,-1.22282,-0.158839,0.843436,-1.12067,0.105412,25.71,-1.2213,-2.61105e-05,-8.32557e-06,3.45654e-05,-2.00264e-05,1.80791e-05,4.46026e-05,9.01961e-06,6.4948e-05,-3.25178e-05,-3.80196e-05,1.87124e-05,-2.74897e-05,
-8.20479,4.67119,11.1442,9.73515,-0.819015,11.9653,-8.32731,5.78149,20.8955,7.10291,60,14.5504,0,0,0,0,0,0,0,0,0,0,0,0,-0.00333863,0.698766,-1.45225,-0.0276915,0.758896,-1.44036,-0.00742942,0.738319,-1.50061,-0.0237323,0.717335,-1.48585,-0.152516,0.783696,-1.24963,0.149312,0.744004,-1.22281,-0.158834,0.843436,-1.12069,0.105412,25.71,-1.2213,1.41976e-05,-3.41653e-05,-4.41082e-05,1.99435e-05,-1.804e-05,-1.10817e-05,5.11736e-05,-5.89931e-05,7.19248e-05,5.02369e-06,-0.000120933,0.000118989,
-8.20505,4.67169,11.1461,9.73534,-0.818444,11.9659,-8.32786,5.78224,20.8956,7.10281,60,14.548,0,0,0,0,0,0,0,0,0,0,0,0,-0.0033384,0.698765,-1.45226,-0.0276912,0.758895,-1.44037,-0.00742842,0.738317,-1.5006,-0.0237323,0.717331,-1.48585,-0.15252,0.783704,-1.2496,0.149316,0.744013,-1.2228,-0.158842,0.843445,-1.12068,0.10541,25.71,-1.22134,2.67526e-05,-3.79337e-05,-0.000120578,3.21524e-05,-3.44707e-05,-6.88575e-05,6.24501e-05,-0.000137351,0.000139883,1.68992e-05,-0.000213848,0.000204559,
-8.20504,4.6718,11.1467,9.73531,-0.818449,11.9651,-8.32801,5.78207,20.8962,7.10278,60,14.5472,0,0,0,0,0,0,0,0,0,0,0,0,-0.0033374,0.698765,-1.45226,-0.0276901,0.758894,-1.44037,-0.00742653,0.738314,-1.5006,-0.0237315,0.717328,-1.48585,-0.15252,0.783706,-1.24959,0.149315,0.744013,-1.22282,-0.158844,0.84344,-1.12067,0.105411,25.71,-1.22135,-1.11833e-05,-2.66462e-05,-8.18042e-05,-5.76128e-06,-9.97475e-06,-2.5001e-05,2.7549e-05,-0.000122762,0.000131055,4.4372e-05,-0.000191671,0.000164069,
-8.20461,4.67188,11.146,9.73573,-0.818867,11.9651,-8.32743,5.78187,20.8962,7.10359,60,14.5482,0,0,0,0,0,0,0,0,0,0,0,0,-0.00333842,0.698764,-1.45226,-0.027691,0.758894,-1.44037,-0.00742697,0.738313,-1.5006,-0.0237331,0.717326,-1.48585,-0.152516,0.783707,-1.2496,0.14932,0.744007,-1.22282,-0.158836,0.843438,-1.12067,0.105419,25.71,-1.22134,-0.000108539,-3.7322e-05,6.17162e-05,-0.000103076,3.89514e-05,-8.73125e-06,-6.46129e-05,6.81531e-06,2.73818e-05,-0.00014601,6.64476e-05,-7.35132e-05,
-8.20388,4.67163,11.1443,9.73629,-0.819038,11.9656,-8.3273,5.78205,20.8961,7.10369,60,14.5508,0,0,0,0,0,0,0,0,0,0,0,0,-0.00334275,0.698763,-1.45226,-0.0276952,0.758896,-1.44037,-0.00743014,0.738315,-1.5006,-0.023737,0.717329,-1.48585,-0.152508,0.783701,-1.24963,0.149325,0.744006,-1.22281,-0.158838,0.843446,-1.12067,0.105417,25.71,-1.22129,-0.000141622,-2.55503e-05,0.000140141,-0.000135278,6.37225e-05,4.10254e-05,-9.57863e-05,0.000111661,-5.91532e-05,-0.000144213,0.000147398,-0.000161634,
-8.20469,4.67089,11.1448,9.7353,-0.818767,11.9639,-8.32822,5.78095,20.8976,7.103,60,14.5502,0,0,0,0,0,0,0,0,0,0,0,0,-0.00334313,0.698764,-1.45225,-0.0276954,0.758897,-1.44037,-0.00742971,0.738318,-1.5006,-0.0237376,0.717332,-1.48585,-0.152517,0.78369,-1.24962,0.149313,0.74401,-1.22284,-0.158848,0.84343,-1.12065,0.10541,25.71,-1.2213,0.000113609,3.61357e-05,5.06871e-05,0.00012025,1.97388e-06,0.000132862,0.000141416,0.000154005,-0.00014257,9.47706e-05,5.07701e-05,-4.46062e-05,
-8.20525,4.6717,11.1458,9.73514,-0.81933,11.9651,-8.3277,5.78106,20.8955,7.10324,60,14.5481,0,0,0,0,0,0,0,0,0,0,0,0,-0.00333937,0.698764,-1.45225,-0.0276916,0.758896,-1.44036,-0.00742552,0.73832,-1.5006,-0.0237343,0.717331,-1.48585,-0.152523,0.783704,-1.24961,0.149314,0.743999,-1.22282,-0.158835,0.84343,-1.12068,0.105417,25.71,-1.22134,9.83647e-05,-1.16057e-05,-4.15129e-05,0.000103733,-1.27421e-05,5.19176e-06,0.000122717,-1.04969e-06,3.7651e-05,7.63276e-05,-8.45731e-05,7.61579e-05,
-8.20459,4.67223,11.1453,9.73581,-0.818802,11.9664,-8.32786,5.78231,20.8951,7.10339,60,14.5493,0,0,0,0,0,0,0,0,0,0,0,0,-0.00334002,0.698763,-1.45226,-0.0276921,0.758896,-1.44037,-0.00742549,0.738318,-1.5006,-0.0237353,0.717328,-1.48585,-0.152516,0.783711,-1.24962,0.149321,0.744009,-1.2228,-0.158842,0.843448,-1.12069,0.105415,25.71,-1.22132,-6.9461e-05,-5.39017e-05,-1.83063e-05,-6.47171e-05,2.30879e-05,-9.8776e-05,-3.17473e-05,-0.000106912,0.000160692,-7.85543e-05,-0.000106748,7.55912e-05,
-8.20491,4.67176,11.1462,9.73554,-0.818577,11.9654,-8.32846,5.78159,20.8964,7.10329,60,14.5486,0,0,0,0,0,0,0,0,0,0,0,0,-0.00334099,0.698762,-1.45226,-0.027693,0.758897,-1.44037,-0.00742576,0.738317,-1.5006,-0.0237364,0.717327,-1.48585,-0.152522,0.783703,-1.2496,0.149317,0.744014,-1.22281,-0.158852,0.843436,-1.12066,0.105414,25.71,-1.22133,-1.33323e-05,-2.42896e-05,-8.90265e-07,-7.70525e-06,1.65562e-05,-1.40283e-05,2.44728e-05,-7.75461e-06,3.84789e-05,-2.26795e-05,-3.5365e-05,2.14331e-05,
-8.2048,4.67194,11.1452,9.73577,-0.819038,11.966,-8.32833,5.78164,20.8958,7.10345,60,14.5496,0,0,0,0,0,0,0,0,0,0,0,0,-0.00334023,0.698762,-1.45225,-0.0276921,0.758897,-1.44037,-0.00742432,0.738318,-1.5006,-0.0237359,0.717328,-1.48585,-0.152519,0.783706,-1.24961,0.149322,0.744006,-1.2228,-0.158848,0.84344,-1.12068,0.105417,25.71,-1.22131,-1.75213e-05,-2.14338e-05,8.95268e-05,-1.19548e-05,3.74192e-05,1.44161e-05,1.66443e-05,6.81167e-05,1.61516e-06,-3.08579e-05,4.19622e-05,-7.20591e-05,
-8.20445,4.67174,11.1451,9.73583,-0.818789,11.9651,-8.32831,5.78129,20.8965,7.1037,60,14.5499,0,0,0,0,0,0,0,0,0,0,0,0,-0.00334215,0.698761,-1.45225,-0.0276939,0.758898,-1.44037,-0.00742546,0.738319,-1.5006,-0.0237381,0.717329,-1.48585,-0.152516,0.783701,-1.24961,0.149319,0.744012,-1.22282,-0.15885,0.843435,-1.12066,0.105418,25.71,-1.22131,-7.99759e-05,-3.6825e-05,0.000128019,-7.39273e-05,3.70963e-05,3.22307e-05,-4.50995e-05,6.05655e-05,-9.62149e-06,-9.27198e-05,6.69058e-05,-9.66408e-05,
-8.20452,4.67191,11.1442,9.73572,-0.818892,11.9657,-8.32853,5.78165,20.8957,7.10345,60,14.5504,0,0,0,0,0,0,0,0,0,0,0,0,-0.00334214,0.698761,-1.45225,-0.0276937,0.758898,-1.44036,-0.00742468,0.73832,-1.5006,-0.0237384,0.71733,-1.48585,-0.152515,0.783703,-1.24963,0.14932,0.744009,-1.22281,-0.158851,0.843442,-1.12068,0.105415,25.71,-1.2213,2.44761e-05,-4.11522e-05,7.32129e-05,2.97992e-05,9.70273e-06,3.46784e-05,4.93194e-05,3.76364e-05,1.62063e-05,2.33102e-06,1.20074e-06,1.38582e-05,
-8.20492,4.67188,11.1454,9.73542,-0.818817,11.9653,-8.32844,5.78106,20.8956,7.10354,60,14.5487,0,0,0,0,0,0,0,0,0,0,0,0,-0.00334166,0.69876,-1.45225,-0.0276932,0.758898,-1.44036,-0.00742396,0.73832,-1.5006,-0.0237384,0.71733,-1.48585,-0.152521,0.783702,-1.24961,0.149316,0.74401,-1.22281,-0.158849,0.84343,-1.12068,0.105417,25.71,-1.22133,3.71604e-05,-3.22706e-05,6.41722e-06,4.2452e-05,-1.15379e-05,1.10995e-05,5.72658e-05,-1.46798e-05,5.95743e-05,1.09158e-05,-6.07033e-05,5.17165e-05,
-8.20498,4.67237,11.1435,9.73499,-0.819199,11.9654,-8.32765,5.78084,20.894,7.10362,60,14.5501,0,0,0,0,0,0,0,0,0,0,0,0,-0.00333962,0.698759,-1.45225,-0.027691,0.758898,-1.44036,-0.0074216,0.73832,-1.5006,-0.0237371,0.717327,-1.48585,-0.15252,0.783711,-1.24964,0.14931,0.744003,-1.22281,-0.158832,0.843425,-1.1207,0.10542,25.71,-1.2213,4.76968e-05,-2.39089e-05,1.93697e-05,5.21954e-05,-6.57762e-07,-2.98428e-05,6.32237e-05,-2.69109e-05,6.52216e-05,1.67839e-05,-7.4256e-05,4.74875e-05,
-8.20531,4.67237,11.1457,9.73527,-0.818767,11.9662,-8.32877,5.78147,20.8954,7.10335,60,14.5489,0,0,0,0,0,0,0,0,0,0,0,0,-0.00333922,0.698759,-1.45225,-0.0276905,0.758898,-1.44037,-0.00742076,0.73832,-1.5006,-0.0237373,0.717326,-1.48585,-0.152525,0.783711,-1.2496,0.149316,0.744011,-1.2228,-0.158851,0.843437,-1.12068,0.105416,25.71,-1.22132,7.35261e-05,7.59459e-06,-6.58738e-05,7.8576e-05,-2.37702e-06,-4.1341e-05,9.48361e-05,1.07705e-07,9.84703e-06,4.84082e-05,-7.06515e-05,6.73131e-05,
-8.20565,4.67233,11.146,9.73524,-0.818882,11.9666,-8.32931,5.78143,20.8954,7.10312,60,14.5489,0,0,0,0,0,0,0,0,0,0,0,0,-0.00333649,0.698759,-1.45225,-0.0276877,0.758898,-1.44037,-0.00741752,0.73832,-1.5006,-0.023735,0.717325,-1.48585,-0.152528,0.783711,-1.2496,0.149319,0.744009,-1.22279,-0.158856,0.843437,-1.12068,0.105415,25.71,-1.22132,9.71848e-05,8.25336e-06,-0.000101379,0.000102188,5.07454e-06,-4.14003e-05,0.000127002,9.01344e-06,3.49541e-06,8.04666e-05,-5.73842e-05,1.83586e-05,
-8.20502,4.67213,11.145,9.73517,-0.81905,11.9652,-8.3285,5.78053,20.8962,7.10376,60,14.5501,0,0,0,0,0,0,0,0,0,0,0,0,-0.00333674,0.69876,-1.45225,-0.0276879,0.758899,-1.44037,-0.00741713,0.738321,-1.5006,-0.0237355,0.717325,-1.48585,-0.152521,0.783707,-1.24961,0.149314,0.744008,-1.22282,-0.158845,0.843423,-1.12067,0.105422,25.71,-1.2213,-7.58969e-05,-6.36015e-06,3.34715e-05,-7.03274e-05,4.86204e-05,-4.14465e-05,-3.58128e-05,5.04007e-05,-9.56254e-06,-8.39265e-05,5.59128e-05,-0.000104581,
-8.20464,4.67249,11.1453,9.73604,-0.819323,11.967,-8.32858,5.7817,20.8952,7.10403,60,14.55,0,0,0,0,0,0,0,0,0,0,0,0,-0.00333941,0.698759,-1.45225,-0.0276904,0.7589,-1.44037,-0.00741887,0.738322,-1.5006,-0.0237382,0.717327,-1.48585,-0.152518,0.783713,-1.24961,0.149325,0.744005,-1.22279,-0.15885,0.843445,-1.12068,0.105423,25.71,-1.22131,-0.000130449,-3.41714e-05,7.75705e-05,-0.000124623,6.5607e-05,-4.13311e-05,-8.35392e-05,3.40303e-05,3.90811e-05,-0.000131447,6.3647e-05,-9.63508e-05,
-8.20467,4.67208,11.145,9.73575,-0.818625,11.9659,-8.32915,5.78143,20.8961,7.10367,60,14.5501,0,0,0,0,0,0,0,0,0,0,0,0,-0.0033412,0.698759,-1.45225,-0.0276921,0.758901,-1.44037,-0.00741967,0.738322,-1.5006,-0.02374,0.717326,-1.48585,-0.152517,0.783705,-1.24961,0.149321,0.744016,-1.22281,-0.158858,0.843438,-1.12067,0.105417,25.71,-1.2213,-1.40933e-05,-2.37379e-05,1.48369e-05,-7.82365e-06,-1.06162e-05,2.56455e-05,2.82051e-05,-8.54601e-06,3.49213e-05,-1.83555e-05,-4.12199e-05,1.48447e-05,
-8.20494,4.67178,11.1444,9.7352,-0.81893,11.9651,-8.3295,5.78089,20.8962,7.10334,60,14.5501,0,0,0,0,0,0,0,0,0,0,0,0,-0.0033393,0.698758,-1.45225,-0.0276901,0.7589,-1.44037,-0.00741708,0.738323,-1.5006,-0.0237384,0.717326,-1.48585,-0.152517,0.7837,-1.24962,0.149316,0.74401,-1.22282,-0.158859,0.843431,-1.12067,0.105415,25.71,-1.2213,0.00010177,7.66257e-06,5.43887e-06,0.000108238,-2.02522e-05,9.92406e-05,0.000130856,6.26913e-05,-6.22087e-06,8.45352e-05,-3.03863e-05,5.38948e-05,
-8.20488,4.6726,11.1451,9.73546,-0.819083,11.9655,-8.32858,5.78089,20.8947,7.10396,60,14.5485,0,0,0,0,0,0,0,0,0,0,0,0,-0.0033388,0.698758,-1.45225,-0.0276894,0.7589,-1.44036,-0.00741587,0.738323,-1.5006,-0.023738,0.717325,-1.48585,-0.15252,0.783713,-1.24961,0.149318,0.744007,-1.22281,-0.158844,0.84343,-1.12069,0.105424,25.71,-1.22133,-4.12713e-05,-4.19773e-05,1.92838e-05,-3.57456e-05,-1.8358e-05,5.81661e-05,2.96807e-05,-3.88587e-06,4.35686e-05,-1.68798e-05,-5.18231e-05,8.3697e-05,
-8.20473,4.67288,11.1445,9.73539,-0.81899,11.9659,-8.32837,5.78123,20.8942,7.10409,60,14.5492,0,0,0,0,0,0,0,0,0,0,0,0,-0.00333999,0.698757,-1.45225,-0.0276905,0.7589,-1.44037,-0.00741657,0.738321,-1.50059,-0.0237398,0.717323,-1.48585,-0.152518,0.783717,-1.24962,0.149315,0.744009,-1.2228,-0.158842,0.843433,-1.12069,0.105424,25.71,-1.22131,-5.59469e-05,-4.17894e-05,6.45557e-06,-5.12072e-05,3.86896e-08,-3.47714e-05,-2.84098e-05,-7.45221e-05,0.000129634,-7.506e-05,-8.82409e-05,8.78027e-05,
-8.20505,4.67227,11.1462,9.73553,-0.818788,11.9657,-8.32974,5.78126,20.8963,7.10363,60,14.5484,0,0,0,0,0,0,0,0,0,0,0,0,-0.00333987,0.698757,-1.45225,-0.0276903,0.7589,-1.44037,-0.00741589,0.738322,-1.50059,-0.0237401,0.717321,-1.48585,-0.152521,0.783708,-1.24959,0.149321,0.744013,-1.22281,-0.158864,0.843437,-1.12066,0.105418,25.71,-1.22133,5.88228e-05,2.82758e-05,-5.98881e-05,6.43501e-05,3.2509e-06,3.52903e-05,8.40609e-05,5.1996e-05,-2.89947e-05,3.7596e-05,-2.92372e-05,3.05162e-05,
-8.20544,4.67223,11.1459,9.7352,-0.819435,11.9653,-8.32923,5.78018,20.8955,7.10386,60,14.548,0,0,0,0,0,0,0,0,0,0,0,0,-0.00333828,0.698758,-1.45225,-0.0276886,0.7589,-1.44036,-0.00741385,0.738323,-1.50059,-0.0237389,0.717321,-1.48585,-0.152526,0.783708,-1.2496,0.149317,0.744001,-1.22281,-0.158852,0.84342,-1.12068,0.105424,25.71,-1.22134,7.80988e-05,3.41408e-05,-2.2468e-05,8.3625e-05,1.58684e-05,2.99617e-05,0.000106844,9.37087e-05,-5.54798e-05,6.00164e-05,1.56606e-05,5.87609e-08,
-8.20451,4.67273,11.1446,9.73592,-0.819935,11.9663,-8.3279,5.78037,20.8942,7.10475,60,14.55,0,0,0,0,0,0,0,0,0,0,0,0,-0.00334011,0.698758,-1.45225,-0.0276903,0.758901,-1.44037,-0.00741491,0.738325,-1.50059,-0.023741,0.717323,-1.48585,-0.152517,0.783716,-1.24962,0.149323,0.743995,-1.2228,-0.158834,0.843424,-1.1207,0.105432,25.71,-1.22131,-0.000159856,-1.57935e-05,7.8636e-05,-0.000154522,6.70321e-05,-3.77651e-05,-0.000116256,6.28503e-05,2.2837e-06,-0.000164365,0.000100399,-0.000142659,
-8.20462,4.67224,11.1445,9.73524,-0.819551,11.9647,-8.32871,5.77981,20.8957,7.1042,60,14.5506,0,0,0,0,0,0,0,0,0,0,0,0,-0.00334268,0.698758,-1.45225,-0.0276927,0.758902,-1.44037,-0.00741639,0.738326,-1.50059,-0.0237434,0.717324,-1.48585,-0.152519,0.783708,-1.24962,0.149312,0.744002,-1.22282,-0.158846,0.843417,-1.12067,0.105424,25.71,-1.22129,-5.35506e-05,1.9417e-05,2.38157e-05,3.19789e-05,2.84725e-05,5.50894e-05,6.88443e-05,0.000115573,-7.13248e-05,2.17283e-05,5.50081e-05,-3.33168e-05,
-8.20589,4.67206,11.1474,9.735,-0.819666,11.9648,-8.3301,5.77983,20.8967,7.10364,60,14.5472,0,0,0,0,0,0,0,0,0,0,0,0,-0.00334034,0.698758,-1.45225,-0.0276903,0.758902,-1.44036,-0.00741359,0.738328,-1.5006,-0.0237413,0.717324,-1.48585,-0.152533,0.783706,-1.24957,0.149315,0.743999,-1.22282,-0.158864,0.843419,-1.12066,0.105421,25.71,-1.22135,0.00020265,4.92719e-05,-8.94425e-05,0.000209568,-1.39597e-05,9.11906e-05,0.00024339,0.000105977,-0.000111826,0.000197282,-3.40299e-05,9.96921e-05,
-8.20447,4.67261,11.144,9.73584,-0.819761,11.9663,-8.32866,5.78085,20.8946,7.10446,60,14.5507,0,0,0,0,0,0,0,0,0,0,0,0,-0.00333859,0.698758,-1.45225,-0.027689,0.758902,-1.44036,-0.0074111,0.738327,-1.5006,-0.0237399,0.717323,-1.48585,-0.152513,0.783713,-1.24963,0.149322,0.743998,-1.2228,-0.158844,0.843431,-1.12069,0.105428,25.71,-1.22129,-7.72222e-05,-6.56555e-05,1.38619e-05,-0.000166467,2.6877e-05,-0.000111844,-0.000101573,-0.000102684,0.000144267,-0.000149103,-4.8395e-05,4.36863e-06,
-8.20436,4.67306,11.1451,9.73616,-0.819444,11.9671,-8.32834,5.78101,20.8935,7.10469,60,14.5492,0,0,0,0,0,0,0,0,0,0,0,0,-0.0033448,0.698756,-1.45225,-0.0276945,0.758903,-1.44037,-0.00741509,0.738325,-1.50059,-0.0237449,0.717322,-1.48585,-0.152518,0.783719,-1.24961,0.149324,0.744004,-1.22278,-0.158841,0.843432,-1.12071,0.105429,25.71,-1.22132,-0.000114788,-6.05872e-05,2.51771e-05,-0.00010816,5.91442e-06,-4.37638e-05,-4.73806e-05,-7.97966e-05,0.000110229,-9.46798e-05,-4.52782e-05,1.42431e-05,
-8.20551,4.67257,11.1453,9.73476,-0.818909,11.9643,-8.33012,5.78012,20.8962,7.10338,60,14.5492,0,0,0,0,0,0,0,0,0,0,0,0,-0.00334189,0.698756,-1.45225,-0.0276914,0.758902,-1.44036,-0.00741111,0.738325,-1.50059,-0.0237419,0.71732,-1.48585,-0.152527,0.783713,-1.24961,0.149311,0.744011,-1.22283,-0.15886,0.84342,-1.12066,0.105417,25.71,-1.22131,0.00025332,2.59916e-05,-9.66028e-05,0.000261084,-6.84885e-05,0.00015407,0.000297755,5.95434e-05,-0.000104751,0.000252561,-9.64284e-05,0.000140736,
-8.20565,4.67254,11.1467,9.73513,-0.819193,11.9653,-8.33093,5.78073,20.8967,7.10344,60,14.5481,0,0,0,0,0,0,0,0,0,0,0,0,-0.00333764,0.698757,-1.45225,-0.027687,0.758901,-1.44036,-0.00740603,0.738327,-1.50059,-0.0237376,0.717319,-1.48584,-0.152528,0.783713,-1.24959,0.149319,0.744006,-1.22281,-0.158873,0.843433,-1.12066,0.105419,25.71,-1.22133,0.000131158,2.0499e-05,-5.05115e-05,0.000138734,-2.42764e-05,0.000103301,0.000186502,7.0409e-05,-7.45464e-05,0.000139764,-2.03695e-05,4.61928e-05,
-8.20396,4.67348,11.1448,9.73645,-0.819232,11.9669,-8.329,5.78161,20.8945,7.10495,60,14.5499,0,0,0,0,0,0,0,0,0,0,0,0,-0.00334077,0.698756,-1.45225,-0.02769,0.758901,-1.44036,-0.00740769,0.738326,-1.50059,-0.0237403,0.717319,-1.48584,-0.152511,0.783726,-1.24962,0.149329,0.744008,-1.22278,-0.15885,0.843444,-1.12069,0.105434,25.71,-1.2213,-0.000306076,-9.81606e-05,8.73759e-05,-0.000299751,6.6107e-05,-7.54641e-05,-0.000230064,-8.47301e-05,0.000150899,-0.000279057,3.44642e-05,-0.000101164,
-8.20417,4.67302,11.1437,9.73589,-0.819106,11.9667,-8.32812,5.78066,20.8938,7.1053,60,14.5507,0,0,0,0,0,0,0,0,0,0,0,0,-0.00334823,0.698754,-1.45225,-0.0276973,0.758903,-1.44036,-0.00741283,0.738325,-1.50059,-0.0237463,0.717321,-1.48585,-0.152517,0.783717,-1.24963,0.149317,0.74401,-1.22279,-0.15884,0.843427,-1.1207,0.105433,25.71,-1.22129,-8.83768e-05,-2.63603e-05,0.000104499,-8.18016e-05,7.6657e-06,-4.93931e-05,-0.000266291,-2.58688e-05,0.000112576,-0.000314979,6.72962e-05,-0.000106746,
-8.20567,4.67259,11.1478,9.73523,-0.818933,11.9637,-8.33121,5.78003,20.8977,7.1037,60,14.5469,0,0,0,0,0,0,0,0,0,0,0,0,-0.00334533,0.698754,-1.45225,-0.0276943,0.758902,-1.44036,-0.00741008,0.738328,-1.50059,-0.0237447,0.717321,-1.48585,-0.152532,0.783712,-1.24956,0.149317,0.744011,-1.22283,-0.158879,0.843423,-1.12064,0.10542,25.71,-1.22136,0.000287184,7.2685e-05,-6.4689e-05,0.000294852,-7.28235e-05,0.000220028,0.00031049,0.000175453,-0.00020367,0.000265372,-1.90441e-05,0.000112672,
-8.20453,4.67298,11.1442,9.73563,-0.819924,11.9651,-8.32961,5.78032,20.8953,7.10457,60,14.5501,0,0,0,0,0,0,0,0,0,0,0,0,-0.00334061,0.698755,-1.45225,-0.0276894,0.758901,-1.44036,-0.00740465,0.73833,-1.50059,-0.0237402,0.717321,-1.48585,-0.152515,0.783718,-1.24963,0.149321,0.743994,-1.22281,-0.158852,0.843428,-1.12068,0.105432,25.71,-1.2213,-5.65703e-05,-3.0258e-05,5.43326e-05,-5.00007e-05,1.64376e-05,3.9227e-05,-6.60379e-06,3.74155e-05,-1.00101e-05,-5.40593e-05,2.68644e-05,-3.32978e-05,
-8.20375,4.67321,11.1453,9.73646,-0.819517,11.9659,-8.32886,5.78065,20.8948,7.10547,60,14.5493,0,0,0,0,0,0,0,0,0,0,0,0,-0.00334628,0.698754,-1.45225,-0.027695,0.758903,-1.44036,-0.00740926,0.73833,-1.50059,-0.0237457,0.717322,-1.48585,-0.152513,0.78372,-1.2496,0.149324,0.744004,-1.2228,-0.158849,0.843431,-1.12068,0.105437,25.71,-1.22132,-0.000312787,-6.05869e-05,0.000119438,-0.000307186,6.34313e-05,-5.85118e-05,-0.000255559,-4.55079e-05,0.00012174,-0.000304225,4.73994e-05,-8.89853e-05,
-8.20472,4.67308,11.1458,9.736,-0.819297,11.9662,-8.33052,5.78094,20.8953,7.1043,60,14.5488,0,0,0,0,0,0,0,0,0,0,0,0,-0.00334732,0.698753,-1.45225,-0.0276959,0.758903,-1.44036,-0.00740946,0.738329,-1.50059,-0.0237469,0.717321,-1.48585,-0.152522,0.783718,-1.2496,0.149325,0.744006,-1.22279,-0.15887,0.843437,-1.12068,0.105424,25.71,-1.22132,0.000100014,1.82027e-06,-5.05907e-05,0.000105671,-2.22059e-05,-4.12059e-06,0.000129394,-1.94763e-06,5.67696e-08,8.32567e-05,-8.90803e-05,0.000107381,
-8.20509,4.67277,11.1452,9.73543,-0.819305,11.9652,-8.33053,5.77995,20.8957,7.10417,60,14.5493,0,0,0,0,0,0,0,0,0,0,0,0,-0.00334302,0.698754,-1.45225,-0.0276915,0.758902,-1.44036,-0.00740463,0.73833,-1.50059,-0.0237432,0.717319,-1.48584,-0.152523,0.783714,-1.24961,0.14932,0.744005,-1.22281,-0.158865,0.843422,-1.12067,0.105426,25.71,-1.22131,0.000128323,2.71014e-05,-5.44186e-05,0.000134293,-2.87922e-05,8.23276e-05,0.000148432,7.38838e-05,-6.57593e-05,0.00010246,-4.13306e-05,4.31146e-05,
-8.2049,4.67312,11.1454,9.73556,-0.819295,11.9654,-8.33049,5.78033,20.8959,7.10456,60,14.5492,0,0,0,0,0,0,0,0,0,0,0,0,-0.00334237,0.698754,-1.45225,-0.0276907,0.758902,-1.44036,-0.0074037,0.738331,-1.50059,-0.0237431,0.717319,-1.48584,-0.152522,0.78372,-1.2496,0.14932,0.744006,-1.2228,-0.158867,0.843429,-1.12067,0.105429,25.71,-1.22131,1.60758e-06,-4.49586e-07,3.8893e-05,6.80645e-06,1.43792e-05,1.99887e-05,2.2349e-05,4.43867e-05,-1.04157e-05,-5.01728e-05,-7.06607e-06,-1.3637e-05,
-8.20458,4.67376,11.1442,9.73593,-0.819824,11.9668,-8.32889,5.78031,20.8931,7.10525,60,14.5496,0,0,0,0,0,0,0,0,0,0,0,0,-0.00334385,0.698753,-1.45225,-0.0276925,0.758902,-1.44036,-0.00740496,0.738331,-1.50059,-0.0237453,0.717318,-1.48584,-0.152521,0.78373,-1.24962,0.149322,0.743997,-1.22278,-0.158841,0.843427,-1.12071,0.105438,25.71,-1.22131,-0.000102729,-3.66851e-05,5.22238e-05,-0.000102784,2.94642e-05,-6.81581e-05,-8.27886e-05,-3.06806e-05,7.724e-05,-0.000129991,-3.24252e-05,1.94958e-05,
-8.20555,4.67347,11.1476,9.73561,-0.819063,11.9655,-8.3308,5.78009,20.896,7.10454,60,14.547,0,0,0,0,0,0,0,0,0,0,0,0,-0.00334509,0.698753,-1.45225,-0.0276932,0.758902,-1.44036,-0.00740543,0.738331,-1.50059,-0.0237468,0.717317,-1.48584,-0.152534,0.783726,-1.24957,0.149321,0.74401,-1.2228,-0.158872,0.843425,-1.12066,0.105429,25.71,-1.22135,0.000106471,3.16232e-05,-7.32583e-05,0.000112002,-2.81455e-05,3.57185e-05,0.000118676,6.3166e-05,-6.14965e-05,7.30526e-05,-7.26941e-05,6.61906e-05,
-8.20525,4.67317,11.1469,9.7358,-0.819757,11.965,-8.33102,5.77981,20.8967,7.10474,60,14.5479,0,0,0,0,0,0,0,0,0,0,0,0,-0.00334153,0.698754,-1.45225,-0.0276896,0.758902,-1.44036,-0.00740156,0.738333,-1.50059,-0.0237438,0.717317,-1.48584,-0.152527,0.783721,-1.24958,0.149325,0.743998,-1.22281,-0.158874,0.843423,-1.12066,0.105433,25.71,-1.22134,1.29204e-05,9.40428e-06,4.16194e-05,1.89772e-05,2.33905e-05,5.09807e-05,3.90015e-05,0.000108714,-8.67423e-05,-8.36294e-06,5.84302e-05,-6.82069e-05,
-8.20375,4.67347,11.1442,9.73667,-0.820199,11.966,-8.32905,5.77983,20.8946,7.10605,60,14.5506,0,0,0,0,0,0,0,0,0,0,0,0,-0.00334606,0.698753,-1.45224,-0.027694,0.758904,-1.44036,-0.00740523,0.738335,-1.50059,-0.0237486,0.71732,-1.48585,-0.152513,0.783723,-1.24962,0.149329,0.743993,-1.22279,-0.158849,0.843425,-1.12069,0.105445,25.71,-1.2213,-0.000297949,-6.56356e-05,0.000214912,-0.000292124,8.53441e-05,-2.87754e-05,-0.000252579,6.62093e-05,4.32461e-05,-0.000302119,0.000173095,-0.000223864,
-8.20418,4.67317,11.1442,9.7361,-0.819891,11.9657,-8.32888,5.77937,20.8942,7.10586,60,14.5502,0,0,0,0,0,0,0,0,0,0,0,0,-0.00335125,0.698751,-1.45224,-0.027699,0.758905,-1.44036,-0.00740879,0.738336,-1.50059,-0.0237528,0.717322,-1.48585,-0.15252,0.783717,-1.24962,0.149319,0.743998,-1.2228,-0.158849,0.843416,-1.1207,0.105439,25.71,-1.2213,-7.79022e-05,-2.92593e-05,0.000109307,-7.1749e-05,1.3687e-05,4.70225e-05,-0.000244364,2.88257e-05,6.28028e-05,-0.00022264,9.07706e-05,-0.000114569,
-8.20569,4.67297,11.1456,9.73504,-0.81981,11.9641,-8.33104,5.77888,20.8957,7.10431,60,14.5483,0,0,0,0,0,0,0,0,0,0,0,0,-0.00334617,0.698752,-1.45224,-0.0276951,0.758904,-1.44035,-0.00740552,0.738338,-1.50059,-0.0237507,0.717321,-1.48585,-0.152532,0.783716,-1.2496,0.149315,0.743996,-1.22282,-0.15887,0.843411,-1.12067,0.105426,25.71,-1.22133,0.000349585,3.86266e-05,-0.000106919,0.000356021,-9.99683e-05,0.000177193,0.000357456,8.50083e-05,-0.000116786,0.000313203,-0.000136445,0.000178287,
-8.20611,4.67344,11.1473,9.73505,-0.819525,11.9651,-8.33201,5.77968,20.896,7.1041,60,14.5463,0,0,0,0,0,0,0,0,0,0,0,0,-0.00334032,0.698752,-1.45224,-0.0276879,0.758902,-1.44035,-0.00739805,0.738338,-1.50059,-0.0237441,0.717317,-1.48584,-0.152536,0.783724,-1.24957,0.14932,0.744,-1.2228,-0.158882,0.843423,-1.12067,0.105428,25.71,-1.22136,0.000263341,6.80332e-06,-0.00012603,0.000269632,-6.39174e-05,4.16102e-05,0.00029079,-3.88166e-05,2.91398e-05,0.000245919,-0.000175402,0.000200393,
-8.20394,4.67407,11.1453,9.73668,-0.819533,11.9671,-8.33045,5.78104,20.8947,7.10561,60,14.5493,0,0,0,0,0,0,0,0,0,0,0,0,-0.00334221,0.698751,-1.45224,-0.0276897,0.758902,-1.44035,-0.0073989,0.738336,-1.50059,-0.023746,0.717315,-1.48584,-0.152513,0.783732,-1.2496,0.149333,0.744003,-1.22277,-0.158868,0.843442,-1.12068,0.10544,25.71,-1.22131,-0.000312295,-0.000104955,6.45221e-05,-0.000307486,6.56977e-05,-0.000178515,-0.0002494,-0.000152938,0.000225195,-0.000297939,-2.29745e-05,-7.87856e-05,
-8.20372,4.67393,11.1435,9.73685,-0.819536,11.9669,-8.32886,5.78011,20.8935,7.10639,60,14.551,0,0,0,0,0,0,0,0,0,0,0,0,-0.00335137,0.698749,-1.45224,-0.0276971,0.758904,-1.44036,-0.00740523,0.738334,-1.50059,-0.0237531,0.717316,-1.48585,-0.152514,0.783727,-1.24963,0.149326,0.744006,-1.22278,-0.158848,0.843426,-1.1207,0.105444,25.71,-1.22129,-0.000174268,-0.000102402,0.000171972,-0.000414039,9.40858e-05,-0.000126374,-0.00035519,-5.01519e-05,0.000137572,-0.000404657,9.0422e-05,-0.000186689,
-8.20544,4.67338,11.1457,9.73523,-0.819305,11.9643,-8.3314,5.77911,20.8963,7.1046,60,14.5489,0,0,0,0,0,0,0,0,0,0,0,0,-0.00334944,0.698749,-1.45224,-0.0276966,0.758904,-1.44035,-0.0074042,0.738336,-1.50059,-0.0237533,0.717317,-1.48585,-0.152532,0.783721,-1.24959,0.149315,0.744006,-1.22282,-0.158877,0.843415,-1.12066,0.105428,25.71,-1.22132,0.00028875,6.3693e-05,-5.72544e-05,0.000295574,-5.49741e-05,0.000180488,0.000299014,0.000174056,-0.000182,0.000253838,-2.34243e-05,6.39288e-05,
-8.20537,4.67369,11.1452,9.73526,-0.819447,11.9653,-8.33178,5.77995,20.8962,7.10451,60,14.5492,0,0,0,0,0,0,0,0,0,0,0,0,-0.0033419,0.69875,-1.45224,-0.027689,0.758903,-1.44035,-0.00739643,0.738339,-1.50059,-0.0237465,0.717316,-1.48584,-0.152526,0.783727,-1.2496,0.14932,0.744003,-1.2228,-0.158878,0.84343,-1.12066,0.10543,25.71,-1.22131,0.000176187,1.20479e-05,-7.76228e-05,0.000182321,-3.73492e-05,4.72018e-05,0.000200184,3.65163e-05,-6.44689e-05,0.000154242,-7.70364e-05,0.000105023,
-8.20426,4.67438,11.1443,9.7362,-0.819419,11.9674,-8.33021,5.78066,20.8938,7.10557,60,14.5502,0,0,0,0,0,0,0,0,0,0,0,0,-0.00334396,0.698749,-1.45224,-0.0276909,0.758903,-1.44035,-0.00739715,0.738338,-1.50059,-0.023748,0.717314,-1.48584,-0.152517,0.783736,-1.24962,0.149326,0.744005,-1.22277,-0.158859,0.843438,-1.1207,0.10544,25.71,-1.22129,-0.000190861,-6.18244e-05,-1.5078e-06,-0.000186888,3.31607e-05,-0.000140947,-0.000135098,-0.000107205,0.000153548,-0.000182761,-7.48322e-05,2.87455e-05,
-8.20453,4.67406,11.146,9.73575,-0.81897,11.966,-8.33057,5.78,20.8952,7.10558,60,14.5486,0,0,0,0,0,0,0,0,0,0,0,0,-0.00334725,0.698748,-1.45224,-0.0276941,0.758904,-1.44036,-0.0074003,0.738335,-1.50059,-0.0237521,0.717313,-1.48584,-0.152524,0.78373,-1.24959,0.149316,0.744014,-1.22279,-0.158868,0.843424,-1.12067,0.105436,25.71,-1.22132,-0.000139343,-3.7511e-05,-5.79613e-05,-0.000135378,1.37037e-05,-0.000130794,-0.000109332,-0.000102148,0.000128887,-0.000155963,-0.000120437,5.56727e-05,
-8.20537,4.67401,11.1468,9.73554,-0.819258,11.9659,-8.33195,5.78026,20.8961,7.10482,60,14.5476,0,0,0,0,0,0,0,0,0,0,0,0,-0.00334478,0.698748,-1.45225,-0.0276916,0.758903,-1.44036,-0.00739755,0.738335,-1.50059,-0.0237503,0.71731,-1.48584,-0.152529,0.783731,-1.24958,0.149322,0.744007,-1.22279,-0.158883,0.843432,-1.12066,0.105431,25.71,-1.22134,0.000159132,3.17215e-05,-9.59244e-05,0.000164233,-2.20458e-05,2.33251e-05,0.000170881,3.27998e-05,-3.06285e-05,0.000125465,-9.3799e-05,0.000118779,
-8.20445,4.67424,11.1443,9.73616,-0.819699,11.9665,-8.33001,5.77985,20.8942,7.10598,60,14.5498,0,0,0,0,0,0,0,0,0,0,0,0,-0.0033445,0.698748,-1.45225,-0.0276917,0.758903,-1.44036,-0.00739722,0.738336,-1.50059,-0.0237512,0.717309,-1.48584,-0.152519,0.783734,-1.24962,0.149326,0.744001,-1.22278,-0.158855,0.843425,-1.12069,0.105444,25.71,-1.2213,-9.76364e-05,-2.75619e-05,6.95901e-05,-0.00013902,4.11729e-05,-1.9835e-05,-0.000115023,2.9916e-05,2.8677e-05,-0.000162894,4.30223e-05,-6.34716e-05,
-8.20469,4.67407,11.1453,9.7361,-0.819401,11.9663,-8.33084,5.77981,20.8951,7.10565,60,14.5494,0,0,0,0,0,0,0,0,0,0,0,0,-0.00334824,0.698748,-1.45224,-0.0276948,0.758904,-1.44036,-0.00739989,0.738338,-1.50059,-0.0237548,0.717311,-1.48584,-0.152525,0.783731,-1.2496,0.149325,0.744006,-1.22279,-0.158869,0.843428,-1.12068,0.105438,25.71,-1.22131,-6.28752e-06,8.67789e-06,4.71684e-05,-6.68735e-07,7.9497e-06,6.47261e-05,1.25145e-05,0.00010978,-4.95438e-05,-3.41541e-05,2.62313e-05,-7.8233e-05,
-8.20556,4.67377,11.1462,9.73535,-0.819674,11.9649,-8.33141,5.77888,20.8959,7.10518,60,14.5476,0,0,0,0,0,0,0,0,0,0,0,0,-0.00334609,0.698749,-1.45224,-0.0276926,0.758904,-1.44035,-0.00739758,0.738339,-1.50059,-0.0237526,0.71731,-1.48584,-0.152533,0.783728,-1.24959,0.149319,0.744,-1.22281,-0.158872,0.843413,-1.12067,0.105437,25.71,-1.22134,0.000210177,4.96068e-05,-4.077e-05,0.000216195,-2.93125e-05,0.000116467,0.000221239,0.00012318,-0.000136669,0.000162359,-2.88717e-05,8.78356e-05,
-8.20497,4.67396,11.1457,9.73554,-0.820001,11.9651,-8.33096,5.77904,20.8955,7.10572,60,14.5486,0,0,0,0,0,0,0,0,0,0,0,0,-0.00334355,0.69875,-1.45225,-0.0276899,0.758904,-1.44035,-0.00739456,0.738342,-1.50059,-0.0237513,0.71731,-1.48584,-0.152526,0.783731,-1.2496,0.149319,0.743995,-1.2228,-0.158867,0.843416,-1.12067,0.105442,25.71,-1.22132,-5.12142e-05,-1.83067e-06,6.31192e-06,-4.55626e-05,2.73861e-05,2.53407e-05,-1.87307e-05,3.46471e-05,1.89041e-05,-6.57211e-05,6.29966e-06,-8.38775e-06,
-8.20404,4.67384,11.1454,9.73627,-0.819903,11.9662,-8.33089,5.77975,20.8953,7.10611,60,14.5493,0,0,0,0,0,0,0,0,0,0,0,0,-0.00334723,0.698749,-1.45224,-0.0276934,0.758905,-1.44035,-0.00739729,0.738341,-1.50059,-0.023755,0.71731,-1.48584,-0.152516,0.783727,-1.2496,0.149325,0.743998,-1.22279,-0.158871,0.843427,-1.12067,0.105442,25.71,-1.22131,-0.000182229,-4.22635e-05,4.31706e-05,-0.000176938,4.36935e-05,-8.85982e-05,-0.000132977,-3.77759e-05,0.000110874,-0.000180686,-4.52404e-06,-1.49529e-05,
-8.20465,4.67415,11.1458,9.73603,-0.81991,11.9664,-8.33052,5.77927,20.8941,7.10607,60,14.5479,0,0,0,0,0,0,0,0,0,0,0,0,-0.00334937,0.698748,-1.45224,-0.0276955,0.758905,-1.44035,-0.00739845,0.73834,-1.50059,-0.0237572,0.717309,-1.48584,-0.152525,0.783732,-1.24959,0.149323,0.743998,-1.22278,-0.158862,0.843417,-1.12069,0.105444,25.71,-1.22133,-1.2622e-05,-1.08081e-05,-4.01049e-05,-6.6958e-06,-3.39051e-06,-2.5008e-05,2.77344e-05,-3.09132e-05,4.62573e-05,-1.90278e-05,-7.90848e-05,6.88427e-05,
-8.20513,4.674,11.1467,9.73569,-0.819739,11.9652,-8.33155,5.77897,20.8954,7.10555,60,14.5473,0,0,0,0,0,0,0,0,0,0,0,0,-0.00334769,0.698748,-1.45225,-0.0276937,0.758905,-1.44035,-0.00739606,0.73834,-1.50059,-0.0237557,0.717307,-1.48584,-0.152529,0.783731,-1.24958,0.149322,0.743999,-1.2228,-0.158875,0.843414,-1.12067,0.105439,25.71,-1.22134,0.000116757,1.8538e-05,-6.53562e-05,0.000123446,-3.2537e-05,5.85249e-05,0.000151052,4.02466e-05,-1.28031e-05,0.000105453,-7.07159e-05,0.000106453,
-8.20452,4.67407,11.1455,9.736,-0.819714,11.9657,-8.33197,5.77966,20.8959,7.10557,60,14.549,0,0,0,0,0,0,0,0,0,0,0,0,-0.0033461,0.698748,-1.45225,-0.0276919,0.758904,-1.44035,-0.00739366,0.738342,-1.50059,-0.0237541,0.717307,-1.48584,-0.15252,0.783731,-1.2496,0.149327,0.744001,-1.22279,-0.158882,0.843428,-1.12066,0.105439,25.71,-1.22131,-2.3306e-05,-1.51871e-05,4.28542e-05,3.60618e-05,8.86e-06,4.93572e-05,7.78548e-05,6.61539e-05,-3.55918e-05,3.085e-05,1.43233e-05,2.98379e-06,
-8.20412,4.67406,11.1453,9.73623,-0.819808,11.9656,-8.33103,5.77921,20.8956,7.10633,60,14.5492,0,0,0,0,0,0,0,0,0,0,0,0,-0.00334839,0.698748,-1.45224,-0.0276941,0.758905,-1.44035,-0.00739479,0.738343,-1.50059,-0.0237563,0.717308,-1.48584,-0.152518,0.78373,-1.2496,0.149324,0.744001,-1.2228,-0.158871,0.84342,-1.12067,0.105446,25.71,-1.22131,-0.000169003,-4.25503e-05,8.38267e-05,-0.000162242,5.12955e-05,9.72698e-07,-0.000106624,3.42228e-05,2.1704e-05,-0.000154728,6.44312e-05,-8.83974e-05,
-8.20437,4.67424,11.1451,9.73589,-0.819973,11.9654,-8.33106,5.7791,20.8949,7.10612,60,14.549,0,0,0,0,0,0,0,0,0,0,0,0,-0.00335033,0.698747,-1.45224,-0.0276959,0.758906,-1.44035,-0.00739564,0.738343,-1.50059,-0.0237581,0.717309,-1.48584,-0.152521,0.783732,-1.2496,0.14932,0.743997,-1.2228,-0.158869,0.843417,-1.12068,0.105443,25.71,-1.22131,-2.78586e-05,-3.5347e-05,1.57883e-05,-2.16924e-05,9.39571e-06,1.40637e-05,1.82622e-05,3.72253e-06,3.27931e-05,-2.88109e-05,-2.72368e-05,5.98548e-06,
-8.20486,4.67431,11.1466,9.73571,-0.819583,11.9653,-8.33183,5.77927,20.8956,7.10577,60,14.5473,0,0,0,0,0,0,0,0,0,0,0,0,-0.00334933,0.698747,-1.45224,-0.0276948,0.758905,-1.44035,-0.00739375,0.738342,-1.50059,-0.0237572,0.717307,-1.48584,-0.152527,0.783734,-1.24958,0.14932,0.744003,-1.2228,-0.158879,0.843419,-1.12067,0.10544,25.71,-1.22134,8.19859e-05,-5.97798e-06,-6.86759e-05,8.81152e-05,-2.86599e-05,1.01347e-06,0.000122432,-3.09374e-05,5.46245e-05,7.63888e-05,-0.000108746,0.00010305,
-8.20444,4.67435,11.1453,9.73599,-0.819776,11.9663,-8.33169,5.77985,20.8949,7.1059,60,14.5488,0,0,0,0,0,0,0,0,0,0,0,0,-0.00334778,0.698747,-1.45225,-0.0276931,0.758905,-1.44035,-0.00739127,0.738341,-1.50059,-0.0237559,0.717305,-1.48584,-0.152519,0.783734,-1.2496,0.149325,0.744,-1.22278,-0.158876,0.843428,-1.12068,0.105441,25.71,-1.22131,1.30395e-05,-1.89952e-05,-4.00043e-05,1.86611e-05,4.31595e-06,-5.14639e-05,1.45734e-05,-5.60423e-05,7.90619e-05,-3.2638e-05,-6.44193e-05,4.1837e-05,
-8.20416,4.67446,11.1458,9.73634,-0.819562,11.9666,-8.33147,5.77976,20.8949,7.10625,60,14.5488,0,0,0,0,0,0,0,0,0,0,0,0,-0.00334947,0.698746,-1.45225,-0.0276947,0.758906,-1.44035,-0.00739211,0.738341,-1.50058,-0.0237574,0.717304,-1.48584,-0.152519,0.783735,-1.2496,0.149327,0.744005,-1.22278,-0.158875,0.843427,-1.12068,0.105444,25.71,-1.22131,-0.0001295,-3.15292e-05,8.65511e-06,-0.000123844,3.93835e-05,-6.68193e-05,-7.78774e-05,-2.96853e-05,7.76879e-05,-0.00012545,-1.40952e-05,-2.59547e-05,
-8.2047,4.67436,11.1454,9.73573,-0.819609,11.9655,-8.33203,5.77919,20.8955,7.10578,60,14.5491,0,0,0,0,0,0,0,0,0,0,0,0,-0.00334943,0.698746,-1.45225,-0.0276945,0.758906,-1.44035,-0.00739109,0.738341,-1.50058,-0.0237575,0.717304,-1.48584,-0.152524,0.783735,-1.2496,0.149321,0.744004,-1.2228,-0.15888,0.843419,-1.12067,0.10544,25.71,-1.22131,7.16197e-05,1.24202e-05,-2.17361e-07,7.75665e-05,1.62712e-06,4.31347e-05,0.000104387,6.75125e-05,-3.16149e-05,5.7452e-05,-1.08562e-05,1.84169e-05,
-8.2049,4.67463,11.1457,9.73568,-0.819821,11.9659,-8.33178,5.77912,20.8948,7.10598,60,14.5485,0,0,0,0,0,0,0,0,0,0,0,0,-0.00334778,0.698746,-1.45225,-0.0276927,0.758906,-1.44035,-0.00738882,0.738343,-1.50059,-0.0237562,0.717304,-1.48584,-0.152527,0.783739,-1.2496,0.149321,0.744,-1.22279,-0.158874,0.843419,-1.12068,0.105444,25.71,-1.22132,3.91969e-05,1.72775e-06,-1.43792e-05,4.48143e-05,6.80316e-07,3.88512e-05,7.00319e-05,3.94508e-05,7.96489e-06,2.3481e-05,-1.18643e-05,1.32895e-05,
-8.20486,4.67476,11.1466,9.73592,-0.819848,11.966,-8.33185,5.77917,20.895,7.10625,60,14.5475,0,0,0,0,0,0,0,0,0,0,0,0,-0.0033481,0.698746,-1.45225,-0.0276929,0.758906,-1.44035,-0.00738845,0.738343,-1.50058,-0.0237568,0.717303,-1.48584,-0.152528,0.783741,-1.24958,0.149323,0.744,-1.22279,-0.158877,0.843419,-1.12067,0.105447,25.71,-1.22133,-3.03233e-05,-1.1329e-05,-1.18733e-05,-2.47117e-05,1.37583e-05,-1.85702e-05,3.67357e-06,7.69723e-06,4.02894e-05,-4.33701e-05,-2.32679e-05,3.10565e-05,
-8.20469,4.67478,11.1462,9.7362,-0.820135,11.9664,-8.33181,5.77918,20.8946,7.10639,60,14.5482,0,0,0,0,0,0,0,0,0,0,0,0,-0.00334872,0.698745,-1.45225,-0.0276935,0.758907,-1.44035,-0.00738844,0.738343,-1.50058,-0.0237576,0.717303,-1.48584,-0.152526,0.783741,-1.24959,0.149327,0.743996,-1.22278,-0.158876,0.84342,-1.12068,0.105448,25.71,-1.22132,-4.97041e-05,-1.48259e-05,3.01073e-05,-4.39418e-05,3.60244e-05,-2.00905e-05,-1.1886e-05,3.07546e-05,2.17771e-05,-5.94946e-05,2.36842e-05,-3.29652e-05,
-8.20429,4.67443,11.1445,9.73605,-0.820304,11.9656,-8.33131,5.77837,20.8944,7.10657,60,14.5501,0,0,0,0,0,0,0,0,0,0,0,0,-0.0033503,0.698745,-1.45224,-0.0276949,0.758908,-1.44035,-0.00738917,0.738345,-1.50058,-0.0237594,0.717304,-1.48584,-0.152521,0.783735,-1.24961,0.149323,0.743994,-1.22279,-0.158868,0.843408,-1.12069,0.105449,25.71,-1.22129,-7.35585e-05,-1.18423e-05,8.53691e-05,-6.70498e-05,3.25345e-05,3.50022e-05,-3.23618e-05,9.72208e-05,-1.97365e-05,-8.01899e-05,9.12722e-05,-7.92901e-05,
-8.20527,4.67424,11.1471,9.73561,-0.820243,11.965,-8.33266,5.7781,20.8958,7.10605,60,14.5472,0,0,0,0,0,0,0,0,0,0,0,0,-0.00334981,0.698745,-1.45224,-0.0276943,0.758908,-1.44035,-0.00738777,0.738347,-1.50059,-0.0237591,0.717306,-1.48584,-0.152534,0.783732,-1.24957,0.14932,0.743994,-1.2228,-0.158887,0.843406,-1.12066,0.105444,25.71,-1.22134,0.000107626,2.25412e-05,4.55849e-06,0.000114482,-2.0393e-06,8.10319e-05,0.000141408,9.06276e-05,-5.63878e-05,9.48644e-05,-7.40597e-06,2.45293e-05,
-8.20495,4.67463,11.1458,9.73586,-0.820243,11.9657,-8.3328,5.77891,20.895,7.10591,60,14.5484,0,0,0,0,0,0,0,0,0,0,0,0,-0.00334776,0.698746,-1.45224,-0.0276921,0.758908,-1.44035,-0.00738524,0.738348,-1.50059,-0.0237572,0.717305,-1.48584,-0.152526,0.783738,-1.24959,0.149327,0.743993,-1.22279,-0.158886,0.843419,-1.12068,0.105444,25.71,-1.22132,0.000128523,-2.06077e-05,-3.15764e-05,0.000134539,-2.81657e-05,4.987e-05,0.000166328,-4.75085e-06,3.43448e-05,0.000119873,-6.62915e-05,5.04382e-05,
-8.20402,4.67473,11.1452,9.73637,-0.820206,11.9662,-8.33164,5.77883,20.8942,7.10686,60,14.5488,0,0,0,0,0,0,0,0,0,0,0,0,-0.00335072,0.698744,-1.45224,-0.0276949,0.758908,-1.44035,-0.0073869,0.738347,-1.50058,-0.0237601,0.717305,-1.48584,-0.152519,0.783738,-1.2496,0.149326,0.743997,-1.22278,-0.158874,0.843415,-1.12069,0.105452,25.71,-1.22131,-0.000164304,-6.46587e-05,7.23625e-05,-0.000158723,4.52066e-05,-6.1689e-05,-0.000110986,-6.30517e-05,0.000142247,-0.000158773,-1.12567e-05,-5.95579e-06,
-8.20417,4.67476,11.1445,9.73608,-0.820068,11.9661,-8.33194,5.7789,20.894,7.10646,60,14.5497,0,0,0,0,0,0,0,0,0,0,0,0,-0.00335256,0.698743,-1.45224,-0.0276967,0.758909,-1.44035,-0.00738782,0.738346,-1.50058,-0.023762,0.717304,-1.48584,-0.152519,0.783738,-1.24961,0.149323,0.743999,-1.22278,-0.158877,0.843417,-1.12069,0.105446,25.71,-1.22129,-9.59693e-07,-3.16364e-05,-9.77867e-06,4.58927e-06,4.3487e-06,6.53317e-06,3.55983e-05,-2.5792e-06,5.45946e-05,-1.0898e-05,-4.27562e-05,5.86624e-05,
-8.20557,4.67471,11.1476,9.73593,-0.8198,11.9662,-8.33322,5.77882,20.8952,7.10597,60,14.5463,0,0,0,0,0,0,0,0,0,0,0,0,-0.00334927,0.698744,-1.45224,-0.0276946,0.758908,-1.44035,-0.00738536,0.738346,-1.50058,-0.0237603,0.717303,-1.48584,-0.152536,0.783739,-1.24956,0.149327,0.744002,-1.22278,-0.158894,0.843417,-1.12067,0.105443,25.71,-1.22135,0.000198308,3.22621e-05,-8.72057e-05,0.000171099,-3.06351e-05,5.09658e-05,0.000190641,3.43509e-05,-4.92108e-05,0.000144965,-9.50183e-05,0.000129234,
-8.20543,4.67505,11.1471,9.73583,-0.819616,11.9662,-8.33352,5.77919,20.8958,7.10603,60,14.5471,0,0,0,0,0,0,0,0,0,0,0,0,-0.00334655,0.698744,-1.45224,-0.0276904,0.758907,-1.44035,-0.00738052,0.738347,-1.50058,-0.0237566,0.7173,-1.48583,-0.152532,0.783745,-1.24957,0.149329,0.744005,-1.22278,-0.158897,0.843423,-1.12066,0.105445,25.71,-1.22134,0.000155428,-8.73766e-06,-7.87978e-05,0.000160965,-2.88676e-05,-1.10805e-06,8.64945e-05,1.02233e-05,-5.88778e-07,4.0144e-05,-5.52904e-05,1.61344e-05,
-8.20369,4.67487,11.1445,9.73689,-0.82015,11.9663,-8.33214,5.77922,20.895,7.10717,60,14.5503,0,0,0,0,0,0,0,0,0,0,0,0,-0.00334918,0.698743,-1.45224,-0.0276939,0.758909,-1.44035,-0.00738342,0.738348,-1.50058,-0.0237605,0.717302,-1.48583,-0.152514,0.783739,-1.24961,0.149334,0.743999,-1.22278,-0.158883,0.843425,-1.12067,0.105454,25.71,-1.22129,-0.000256535,-5.7443e-05,0.000196079,-0.000271586,8.02231e-05,-5.85764e-06,-0.000229689,4.53485e-05,3.98161e-05,-0.000278747,0.000133515,-0.000171176,
-8.20418,4.67474,11.1445,9.73624,-0.820251,11.9657,-8.33188,5.77817,20.8942,7.10704,60,14.5494,0,0,0,0,0,0,0,0,0,0,0,0,-0.00335473,0.698742,-1.45224,-0.0276984,0.75891,-1.44035,-0.00738716,0.738349,-1.50058,-0.0237653,0.717304,-1.48584,-0.152523,0.783737,-1.24961,0.149323,0.743997,-1.22279,-0.158876,0.843409,-1.12069,0.105452,25.71,-1.2213,-4.32105e-05,-1.54801e-05,0.00010416,-3.70714e-05,2.06556e-05,8.13116e-05,-1.85774e-05,0.00010043,-2.42415e-05,-6.57753e-05,5.29366e-05,-4.57719e-05,
-8.20534,4.6749,11.1463,9.73567,-0.820125,11.9654,-8.33304,5.77812,20.8946,7.10629,60,14.5471,0,0,0,0,0,0,0,0,0,0,0,0,-0.00335207,0.698742,-1.45224,-0.0276956,0.758909,-1.44035,-0.00738436,0.738351,-1.50058,-0.0237633,0.717304,-1.48584,-0.152535,0.783741,-1.24958,0.149322,0.743997,-1.22279,-0.158889,0.843409,-1.12068,0.105447,25.71,-1.22134,0.000223666,2.72675e-05,-5.31646e-05,0.000229436,-5.20232e-05,0.000121643,0.000227183,7.39877e-05,-6.07787e-05,0.000182172,-0.000102703,0.000154175,
-8.20503,4.67504,11.1464,9.73588,-0.820037,11.9655,-8.33316,5.77849,20.8952,7.10653,60,14.5473,0,0,0,0,0,0,0,0,0,0,0,0,-0.00334834,0.698743,-1.45224,-0.0276917,0.758908,-1.44035,-0.00738042,0.738351,-1.50058,-0.0237603,0.717301,-1.48583,-0.152529,0.783744,-1.24958,0.149326,0.743998,-1.22279,-0.158891,0.843414,-1.12067,0.10545,25.71,-1.22134,5.57418e-05,3.04334e-06,-4.28724e-05,6.10428e-05,-1.59331e-05,1.58299e-06,7.54866e-05,-5.59109e-06,1.44438e-05,2.92412e-05,-7.31048e-05,7.82898e-05,
-8.20427,4.67525,11.145,9.73621,-0.820546,11.966,-8.33186,5.77831,20.8939,7.10729,60,14.5488,0,0,0,0,0,0,0,0,0,0,0,0,-0.00334985,0.698742,-1.45224,-0.0276932,0.758909,-1.44035,-0.00738139,0.738351,-1.50058,-0.0237621,0.717301,-1.48583,-0.152522,0.783746,-1.2496,0.149325,0.743991,-1.22278,-0.158873,0.843411,-1.12069,0.105457,25.71,-1.22131,-0.000148593,-3.97009e-05,5.99738e-05,-0.00014384,4.89788e-05,-5.23984e-05,-0.000113525,-1.65203e-05,7.25648e-05,-0.000161298,1.82704e-05,-5.80577e-05,
-8.20452,4.67508,11.1455,9.73618,-0.820358,11.9664,-8.3325,5.77838,20.8943,7.10696,60,14.5489,0,0,0,0,0,0,0,0,0,0,0,0,-0.00335252,0.698742,-1.45224,-0.0276957,0.75891,-1.44035,-0.00738334,0.738351,-1.50058,-0.023765,0.717301,-1.48583,-0.152526,0.783743,-1.24959,0.149325,0.743995,-1.22278,-0.158883,0.843414,-1.12069,0.105452,25.71,-1.22131,-1.73376e-05,-6.44317e-06,-2.17373e-05,-1.20568e-05,1.75497e-05,-3.0624e-05,1.21712e-05,3.44727e-05,-9.23515e-06,-3.48072e-05,-4.11913e-06,1.06343e-06,
-8.20523,4.67487,11.1461,9.7356,-0.820206,11.9657,-8.33322,5.77787,20.895,7.10649,60,14.548,0,0,0,0,0,0,0,0,0,0,0,0,-0.00334972,0.698742,-1.45224,-0.0276928,0.75891,-1.44035,-0.00737992,0.738353,-1.50058,-0.0237627,0.7173,-1.48583,-0.152532,0.783741,-1.24959,0.149322,0.743996,-1.22279,-0.158889,0.843406,-1.12067,0.105449,25.71,-1.22132,0.000135781,3.88288e-05,-9.52081e-05,0.000141393,-2.38408e-05,2.44206e-05,0.000161487,5.38937e-05,-5.71293e-05,0.000115549,-5.5347e-05,9.15551e-05,
-8.20513,4.67514,11.1463,9.73577,-0.820376,11.9658,-8.33324,5.77816,20.895,7.1066,60,14.5478,0,0,0,0,0,0,0,0,0,0,0,0,-0.00334818,0.698743,-1.45224,-0.0276912,0.758909,-1.44035,-0.00737798,0.738353,-1.50058,-0.0237614,0.717299,-1.48583,-0.15253,0.783746,-1.24958,0.149325,0.743994,-1.22279,-0.158889,0.843411,-1.12067,0.105451,25.71,-1.22133,7.90445e-05,1.54231e-05,-5.73299e-05,8.46093e-05,2.04797e-06,1.90617e-05,0.000110808,1.80757e-05,-7.8699e-06,6.43454e-05,-4.49896e-05,6.25235e-05,
-8.20441,4.67544,11.1457,9.73614,-0.820314,11.9662,-8.33246,5.77843,20.8945,7.10726,60,14.5484,0,0,0,0,0,0,0,0,0,0,0,0,-0.00334957,0.698742,-1.45224,-0.0276924,0.75891,-1.44035,-0.00737845,0.738353,-1.50058,-0.0237629,0.717298,-1.48583,-0.152524,0.783749,-1.24959,0.149325,0.743996,-1.22278,-0.15888,0.843414,-1.12068,0.105457,25.71,-1.22132,-0.000132719,-4.21582e-05,-1.54952e-06,-0.000127219,3.06452e-05,-7.36021e-05,-8.35725e-05,-4.63477e-05,7.48223e-05,-0.00013088,-2.78589e-05,2.79553e-06,
-8.20425,4.67541,11.145,9.73618,-0.820483,11.9664,-8.33214,5.7783,20.8937,7.10733,60,14.5493,0,0,0,0,0,0,0,0,0,0,0,0,-0.00335244,0.698741,-1.45224,-0.0276952,0.75891,-1.44035,-0.00738027,0.738352,-1.50058,-0.0237657,0.717298,-1.48583,-0.152523,0.783748,-1.2496,0.149324,0.743993,-1.22278,-0.158875,0.843412,-1.12069,0.105456,25.71,-1.2213,-9.12419e-05,-2.14924e-05,-1.09505e-06,-8.53988e-05,2.23336e-05,-2.37689e-05,-4.32219e-05,-7.93435e-06,5.61734e-05,-9.05974e-05,-1.17816e-05,-1.65348e-05,
-8.20526,4.67537,11.1479,9.73602,-0.820193,11.9659,-8.33354,5.77822,20.8952,7.10667,60,14.5459,0,0,0,0,0,0,0,0,0,0,0,0,-0.00335176,0.698741,-1.45224,-0.0276944,0.75891,-1.44035,-0.0073787,0.738353,-1.50058,-0.0237646,0.717297,-1.48583,-0.152535,0.783749,-1.24956,0.149327,0.743997,-1.22278,-0.158894,0.843412,-1.12067,0.105451,25.71,-1.22136,0.00012536,2.52895e-05,-8.8318e-05,0.000132111,-2.89304e-05,5.22982e-05,0.000163598,3.39839e-05,-6.57487e-05,0.000145952,-8.9606e-05,0.000127426,
-8.20474,4.67546,11.1456,9.73608,-0.820564,11.9658,-8.33312,5.7781,20.8944,7.10702,60,14.5482,0,0,0,0,0,0,0,0,0,0,0,0,-0.00334849,0.698742,-1.45224,-0.0276909,0.75891,-1.44035,-0.00737442,0.738353,-1.50058,-0.023762,0.717295,-1.48583,-0.152526,0.78375,-1.2496,0.149329,0.74399,-1.22278,-0.158885,0.843411,-1.12068,0.105456,25.71,-1.22131,-1.79963e-05,-5.24133e-06,2.91076e-06,-1.12356e-05,3.07637e-08,5.61698e-05,3.37273e-05,3.81431e-05,-3.41932e-06,-1.33957e-05,1.75855e-05,7.27506e-05,
-8.20406,4.67564,11.1451,9.73668,-0.820411,11.9666,-8.33278,5.77849,20.8946,7.10769,60,14.5497,0,0,0,0,0,0,0,0,0,0,0,0,-0.00335095,0.698741,-1.45224,-0.0276933,0.75891,-1.44035,-0.00737602,0.738354,-1.50058,-0.0237651,0.717297,-1.48583,-0.152522,0.783751,-1.2496,0.149331,0.743995,-1.22277,-0.158886,0.843419,-1.12068,0.10546,25.71,-1.2213,-0.000250869,-6.55161e-05,0.000180708,-0.000243949,6.98924e-05,6.46299e-06,-0.000183584,6.21015e-05,-2.30512e-05,-0.000232046,0.000143725,-0.000160604,
-8.20483,4.67529,11.1463,9.73624,-0.820204,11.9658,-8.33384,5.77811,20.8953,7.10702,60,14.5483,0,0,0,0,0,0,0,0,0,0,0,0,-0.00335371,0.698741,-1.45224,-0.0276959,0.758911,-1.44034,-0.00737735,0.738356,-1.50058,-0.0237668,0.717299,-1.48583,-0.152532,0.783746,-1.24958,0.149328,0.743998,-1.22278,-0.1589,0.843415,-1.12067,0.105453,25.71,-1.22132,3.69565e-05,5.55923e-06,2.14779e-05,4.43519e-05,-1.37919e-05,0.000101856,8.50445e-05,8.42104e-05,-5.83758e-05,3.7974e-05,2.10086e-05,-1.77178e-05,
-8.20486,4.67546,11.1459,9.73601,-0.820469,11.9654,-8.33362,5.77775,20.8949,7.1071,60,14.548,0,0,0,0,0,0,0,0,0,0,0,0,-0.0033516,0.698741,-1.45224,-0.0276936,0.75891,-1.44034,-0.00737436,0.738358,-1.50058,-0.0237647,0.717299,-1.48583,-0.15253,0.783749,-1.24959,0.149326,0.743992,-1.22279,-0.158893,0.843408,-1.12068,0.105456,25.71,-1.22132,4.15073e-05,-1.66939e-05,8.79037e-06,4.86622e-05,-1.87463e-05,7.97776e-05,8.52314e-05,3.19422e-05,-2.64573e-05,3.86854e-05,-3.95234e-05,5.81568e-05,
-8.20451,4.67594,11.1464,9.73658,-0.820482,11.9662,-8.33316,5.77822,20.8941,7.10765,60,14.5473,0,0,0,0,0,0,0,0,0,0,0,0,-0.00335261,0.69874,-1.45224,-0.0276945,0.75891,-1.44034,-0.00737454,0.738358,-1.50058,-0.0237658,0.717298,-1.48583,-0.152528,0.783756,-1.24958,0.149332,0.743993,-1.22277,-0.158888,0.843415,-1.12069,0.105462,25.71,-1.22134,-0.000103325,-4.86162e-05,5.63811e-05,-9.72559e-05,4.85729e-06,1.01759e-05,-5.48471e-05,-2.59479e-05,6.54382e-05,-0.000101888,-2.20566e-05,6.79254e-06,
-8.20419,4.67555,11.1452,9.73635,-0.820391,11.9652,-8.33338,5.7778,20.8947,7.10748,60,14.5488,0,0,0,0,0,0,0,0,0,0,0,0,-0.00335466,0.698739,-1.45224,-0.0276965,0.75891,-1.44034,-0.00737557,0.738357,-1.50058,-0.0237679,0.717297,-1.48583,-0.152523,0.783749,-1.2496,0.149327,0.743994,-1.22279,-0.158891,0.843408,-1.12068,0.105458,25.71,-1.22131,-6.34623e-05,-3.01865e-05,3.4395e-05,-5.72036e-05,-8.7169e-06,3.90449e-05,4.95159e-06,2.45321e-05,2.21094e-05,-4.19119e-05,-1.60379e-05,9.13369e-06,
-8.2048,4.67547,11.147,9.73625,-0.820559,11.9655,-8.33395,5.77766,20.8951,7.10735,60,14.5468,0,0,0,0,0,0,0,0,0,0,0,0,-0.0033544,0.698739,-1.45224,-0.027696,0.75891,-1.44034,-0.00737432,0.738358,-1.50058,-0.0237677,0.717297,-1.48583,-0.152531,0.783748,-1.24957,0.149328,0.743991,-1.22278,-0.158899,0.843408,-1.12067,0.105458,25.71,-1.22134,4.42205e-05,6.95009e-07,-2.44869e-05,5.0765e-05,-5.76369e-06,6.12154e-05,8.1915e-05,5.15521e-05,-2.53315e-05,3.52029e-05,-3.13933e-05,4.41315e-05,
-8.2042,4.67545,11.1444,9.73605,-0.820659,11.965,-8.33324,5.77755,20.8945,7.10745,60,14.5495,0,0,0,0,0,0,0,0,0,0,0,0,-0.00335375,0.698739,-1.45224,-0.0276953,0.75891,-1.44034,-0.00737307,0.738358,-1.50058,-0.0237672,0.717296,-1.48583,-0.15252,0.783747,-1.24961,0.149324,0.743989,-1.22279,-0.158886,0.843404,-1.12068,0.105459,25.71,-1.22129,3.1594e-05,-1.46966e-05,-8.53778e-06,-5.95681e-06,-6.73894e-06,-1.1547e-05,2.7494e-05,-1.34034e-05,2.36882e-05,-1.90429e-05,-4.26267e-05,1.05164e-05,
-8.20417,4.67565,11.1459,9.73617,-0.820506,11.9657,-8.33317,5.77772,20.8945,7.10773,60,14.5481,0,0,0,0,0,0,0,0,0,0,0,0,-0.00335578,0.698738,-1.45224,-0.0276972,0.758911,-1.44034,-0.00737415,0.738358,-1.50058,-0.0237693,0.717296,-1.48583,-0.152524,0.78375,-1.24959,0.149323,0.743993,-1.22278,-0.158887,0.843407,-1.12068,0.10546,25.71,-1.22132,-6.86705e-05,-7.95512e-06,-2.32919e-05,-6.3211e-05,1.98748e-05,-5.26786e-05,-2.74772e-05,-2.0442e-05,7.21962e-05,-7.45456e-05,-6.63491e-05,5.01196e-05,
-8.20448,4.67599,11.1454,9.73572,-0.820386,11.9656,-8.3333,5.77797,20.8941,7.10733,60,14.5483,0,0,0,0,0,0,0,0,0,0,0,0,-0.00335483,0.698738,-1.45224,-0.0276961,0.75891,-1.44034,-0.00737247,0.738357,-1.50058,-0.0237686,0.717293,-1.48583,-0.152525,0.783756,-1.2496,0.149319,0.743994,-1.22279,-0.158884,0.843408,-1.12068,0.105457,25.71,-1.22131,7.22674e-05,-5.16454e-06,-0.000138463,7.73107e-05,-1.99186e-05,-6.90998e-05,0.000105772,-8.42744e-05,6.60845e-05,6.02232e-05,-0.000168992,0.000151376,
-8.20495,4.6764,11.1474,9.73617,-0.820405,11.9674,-8.33357,5.77852,20.8937,7.10739,60,14.5466,0,0,0,0,0,0,0,0,0,0,0,0,-0.00335353,0.698738,-1.45224,-0.0276947,0.75891,-1.44034,-0.00737076,0.738355,-1.50058,-0.0237677,0.71729,-1.48583,-0.152533,0.783764,-1.24957,0.149328,0.743994,-1.22276,-0.158888,0.843417,-1.12069,0.105459,25.71,-1.22134,5.87087e-05,2.75808e-06,-0.000175155,6.18498e-05,-8.16836e-06,-0.000100687,9.45442e-05,-7.38982e-05,4.73e-05,4.87138e-05,-0.000148464,0.000121001,
-8.20476,4.67639,11.1462,9.73616,-0.820029,11.9671,-8.33381,5.77862,20.8943,7.10726,60,14.5485,0,0,0,0,0,0,0,0,0,0,0,0,-0.00335267,0.698738,-1.45225,-0.0276938,0.75891,-1.44034,-0.00736892,0.738354,-1.50058,-0.0237668,0.717288,-1.48582,-0.152529,0.783764,-1.24959,0.149328,0.744,-1.22276,-0.158891,0.843419,-1.12068,0.105457,25.71,-1.2213,3.8432e-05,5.21165e-06,-0.000115445,4.35079e-05,-1.18966e-05,-7.6688e-05,7.66209e-05,-4.11667e-05,6.99138e-06,2.98344e-05,-9.26823e-05,4.30344e-05,
-8.20503,4.67599,11.1471,9.73604,-0.820362,11.966,-8.33409,5.77768,20.8956,7.10743,60,14.548,0,0,0,0,0,0,0,0,0,0,0,0,-0.0033525,0.698739,-1.45225,-0.0276935,0.758911,-1.44034,-0.0073679,0.738356,-1.50058,-0.0237668,0.717288,-1.48582,-0.152535,0.783758,-1.24957,0.149326,0.743996,-1.22278,-0.158896,0.843408,-1.12066,0.105459,25.71,-1.22132,3.5078e-06,4.22587e-05,-1.46064e-05,9.83861e-06,4.15066e-05,5.98219e-05,4.4462e-05,0.000143266,-0.000133139,-3.06045e-06,6.38424e-05,-7.30065e-05,
-8.20473,4.67608,11.1461,9.73627,-0.820683,11.9661,-8.33408,5.77788,20.8952,7.10766,60,14.5489,0,0,0,0,0,0,0,0,0,0,0,0,-0.00335244,0.698739,-1.45225,-0.0276933,0.758911,-1.44034,-0.00736699,0.738359,-1.50058,-0.0237669,0.71729,-1.48583,-0.152531,0.783759,-1.24959,0.149329,0.743991,-1.22278,-0.158896,0.843414,-1.12067,0.105462,25.71,-1.2213,-4.41352e-05,5.98043e-07,8.33582e-05,-3.72911e-05,3.41045e-05,9.04657e-05,-9.27564e-07,0.000117537,-7.71206e-05,-4.85277e-05,8.57542e-05,-8.80723e-05,
-8.20424,4.6762,11.146,9.73668,-0.820511,11.9664,-8.33377,5.77802,20.8946,7.10805,60,14.5486,0,0,0,0,0,0,0,0,0,0,0,0,-0.00335564,0.698739,-1.45224,-0.0276963,0.758912,-1.44034,-0.00736899,0.73836,-1.50058,-0.02377,0.717292,-1.48583,-0.152527,0.78376,-1.24959,0.149332,0.743994,-1.22277,-0.158894,0.843416,-1.12068,0.105464,25.71,-1.22131,-0.000116146,-4.1146e-05,7.9491e-05,-0.000109632,9.13053e-06,5.82306e-05,-6.86016e-05,3.33088e-05,1.60938e-05,-0.000116376,3.56692e-05,-2.34686e-05,
-8.20458,4.67602,11.147,9.73643,-0.820585,11.9653,-8.33405,5.77738,20.8948,7.10796,60,14.5467,0,0,0,0,0,0,0,0,0,0,0,0,-0.00335654,0.698738,-1.45224,-0.0276971,0.758912,-1.44034,-0.00736918,0.738361,-1.50058,-0.023771,0.717291,-1.48583,-0.152531,0.783756,-1.24957,0.149328,0.743992,-1.22279,-0.158896,0.843405,-1.12067,0.105464,25.71,-1.22134,-3.10364e-05,-2.23455e-05,5.08995e-05,-2.44224e-05,-2.53913e-05,0.000103667,3.50223e-05,2.65982e-05,7.85971e-06,-1.14378e-05,-4.03588e-05,7.12513e-05,
-8.2043,4.67599,11.1452,9.73613,-0.820854,11.9649,-8.33386,5.77713,20.8944,7.10796,60,14.5484,0,0,0,0,0,0,0,0,0,0,0,0,-0.00335587,0.698738,-1.45224,-0.0276963,0.758911,-1.44034,-0.00736778,0.738362,-1.50058,-0.0237706,0.717291,-1.48583,-0.152525,0.783755,-1.2496,0.149324,0.743986,-1.22279,-0.158892,0.843401,-1.12068,0.105465,25.71,-1.22131,-1.07815e-05,-3.02617e-05,7.80425e-05,-3.87644e-06,-1.75077e-05,8.39934e-05,2.58911e-05,3.22641e-05,2.34963e-05,-2.08548e-05,-1.32271e-05,2.11651e-05,
-8.20385,4.67588,11.1448,9.73613,-0.820679,11.9647,-8.33359,5.77714,20.8947,7.10819,60,14.549,0,0,0,0,0,0,0,0,0,0,0,0,-0.00335715,0.698737,-1.45224,-0.0276975,0.758911,-1.44034,-0.00736835,0.738362,-1.50058,-0.023772,0.717291,-1.48583,-0.15252,0.783753,-1.24961,0.149321,0.74399,-1.2228,-0.158889,0.843402,-1.12068,0.105465,25.71,-1.2213,-9.26775e-05,-1.51185e-05,7.04345e-05,-8.6518e-05,7.83226e-06,4.23809e-05,-4.97353e-05,3.56162e-05,1.43674e-05,-9.68984e-05,4.95483e-07,2.8969e-05,
-8.2043,4.67607,11.1461,9.73604,-0.820694,11.9659,-8.33415,5.77775,20.8941,7.10777,60,14.5475,0,0,0,0,0,0,0,0,0,0,0,0,-0.0033575,0.698737,-1.45224,-0.0276977,0.758911,-1.44034,-0.00736755,0.738362,-1.50058,-0.0237723,0.717289,-1.48582,-0.152526,0.783756,-1.24959,0.149322,0.743989,-1.22278,-0.158895,0.84341,-1.12068,0.105461,25.71,-1.22132,3.4523e-05,4.27282e-07,-0.000112012,3.98387e-05,-8.0792e-06,-5.72812e-05,8.85945e-05,-7.46548e-05,8.88183e-05,4.30629e-05,-0.000151321,0.000140515,
-8.20452,4.67648,11.1474,9.73637,-0.820065,11.9668,-8.33493,5.77864,20.8948,7.10755,60,14.5464,0,0,0,0,0,0,0,0,0,0,0,0,-0.00335573,0.698737,-1.45225,-0.0276958,0.75891,-1.44034,-0.00736526,0.738359,-1.50058,-0.023771,0.717285,-1.48582,-0.152527,0.783764,-1.24957,0.149331,0.744,-1.22276,-0.158907,0.843423,-1.12067,0.105458,25.71,-1.22134,5.76377e-05,-3.24767e-06,-0.000170969,6.24039e-05,-1.47656e-05,-8.62624e-05,9.13293e-05,-0.000108362,7.43587e-05,4.57167e-05,-0.000189182,0.000180875,
-8.2044,4.67635,11.1475,9.73632,-0.820247,11.9656,-8.3344,5.77769,20.8954,7.10809,60,14.5464,0,0,0,0,0,0,0,0,0,0,0,0,-0.00335567,0.698737,-1.45225,-0.0276956,0.75891,-1.44034,-0.00736449,0.738358,-1.50057,-0.0237712,0.717282,-1.48582,-0.152528,0.783761,-1.24957,0.149327,0.743997,-1.22278,-0.158899,0.843407,-1.12066,0.105465,25.71,-1.22134,-5.19336e-05,-4.24828e-06,-4.05377e-05,-4.71114e-05,1.97719e-05,-4.64101e-05,-1.87732e-05,-4.33206e-06,1.10844e-05,-6.57256e-05,-2.66544e-05,-4.53982e-06,
-8.20402,4.67673,11.1468,9.73691,-0.820752,11.9664,-8.33384,5.77792,20.8947,7.10869,60,14.5475,0,0,0,0,0,0,0,0,0,0,0,0,-0.00335799,0.698737,-1.45225,-0.0276979,0.758912,-1.44034,-0.00736614,0.73836,-1.50058,-0.0237739,0.717283,-1.48582,-0.152526,0.783768,-1.24958,0.149333,0.74399,-1.22277,-0.158893,0.843415,-1.12067,0.105471,25.71,-1.22132,-0.000150351,-1.45592e-05,9.00355e-05,-0.000144966,6.31091e-05,-1.64039e-05,-0.000116577,9.06245e-05,-7.49947e-06,-0.000165136,0.000103458,-0.000127244,
-8.20398,4.67617,11.1461,9.73669,-0.820736,11.9652,-8.33412,5.77721,20.8955,7.10854,60,14.5485,0,0,0,0,0,0,0,0,0,0,0,0,-0.0033607,0.698737,-1.45224,-0.0277004,0.758913,-1.44034,-0.00736815,0.738362,-1.50058,-0.0237769,0.717286,-1.48582,-0.152525,0.783758,-1.24959,0.149329,0.743991,-1.22279,-0.158898,0.843406,-1.12066,0.105468,25.71,-1.22131,-4.15823e-05,1.06633e-05,0.000104083,-3.55331e-05,4.41362e-05,8.8605e-05,-1.40184e-05,0.000151667,-7.56263e-05,-6.20272e-05,0.000109164,-0.000109553,
-8.2043,4.67562,11.1462,9.73628,-0.820892,11.9648,-8.33493,5.77694,20.8962,7.10808,60,14.5483,0,0,0,0,0,0,0,0,0,0,0,0,-0.00335969,0.698737,-1.45224,-0.0276993,0.758913,-1.44034,-0.00736676,0.738365,-1.50058,-0.0237763,0.717288,-1.48582,-0.152526,0.783749,-1.24958,0.149326,0.743988,-1.22279,-0.158908,0.843404,-1.12065,0.105463,25.71,-1.22131,9.06474e-05,2.9485e-05,6.61053e-05,9.71475e-05,1.20138e-05,0.000115494,0.000110448,0.000145505,-0.000109067,6.36454e-05,5.69185e-05,-3.7744e-05,
-8.2045,4.67625,11.1469,9.73629,-0.821072,11.9657,-8.33418,5.77688,20.8942,7.10856,60,14.5461,0,0,0,0,0,0,0,0,0,0,0,0,-0.00335835,0.698737,-1.45224,-0.0276979,0.758913,-1.44034,-0.007365,0.738366,-1.50058,-0.0237755,0.717287,-1.48582,-0.152531,0.783759,-1.24957,0.149326,0.743984,-1.22278,-0.158895,0.843399,-1.12068,0.105471,25.71,-1.22135,5.55487e-06,-2.29778e-05,3.11343e-05,1.04974e-05,-9.34451e-06,-1.95236e-05,2.80185e-05,-3.7005e-05,9.77273e-05,-1.83574e-05,-7.57029e-05,7.85603e-05,
-8.20425,4.67695,11.1474,9.73685,-0.82085,11.9668,-8.33414,5.77772,20.8933,7.10879,60,14.5458,0,0,0,0,0,0,0,0,0,0,0,0,-0.0033593,0.698736,-1.45224,-0.027699,0.758913,-1.44034,-0.00736569,0.738364,-1.50057,-0.0237772,0.717285,-1.48582,-0.152529,0.78377,-1.24956,0.149333,0.743988,-1.22276,-0.158896,0.84341,-1.12069,0.105471,25.71,-1.22135,-7.50088e-05,-7.42981e-05,3.2974e-06,-6.40144e-05,-6.27772e-06,-9.01904e-05,-4.30031e-05,-0.000124966,0.00018887,-8.94384e-05,-0.000121647,6.77489e-05,
-8.20444,4.67642,11.1466,9.73644,-0.820922,11.9652,-8.33456,5.7766,20.8944,7.10858,60,14.5469,0,0,0,0,0,0,0,0,0,0,0,0,-0.00336005,0.698735,-1.45224,-0.0276994,0.758913,-1.44034,-0.00736563,0.738363,-1.50057,-0.0237781,0.717284,-1.48582,-0.152531,0.78376,-1.24957,0.149328,0.743987,-1.22279,-0.158902,0.843394,-1.12067,0.105469,25.71,-1.22133,2.8131e-05,-2.56075e-05,8.31486e-05,3.3965e-05,7.80467e-06,5.76952e-05,5.38409e-05,7.00827e-05,-6.06983e-06,6.80777e-06,2.32183e-05,-3.08231e-05,
-8.20449,4.6762,11.1461,9.73645,-0.821422,11.9655,-8.33473,5.77635,20.8943,7.10857,60,14.5479,0,0,0,0,0,0,0,0,0,0,0,0,-0.00335893,0.698735,-1.45224,-0.027698,0.758914,-1.44034,-0.00736382,0.738366,-1.50057,-0.0237773,0.717286,-1.48582,-0.152531,0.783757,-1.24958,0.149329,0.74398,-1.22278,-0.158903,0.843394,-1.12068,0.10547,25.71,-1.22132,3.54818e-05,1.24685e-07,0.000107924,4.17072e-05,3.54365e-05,8.09697e-05,6.59847e-05,0.000146134,-8.04132e-05,1.83533e-05,0.000117343,-0.000115581,
-8.20432,4.6764,11.1446,9.73609,-0.821455,11.9654,-8.33413,5.77601,20.8936,7.10869,60,14.5493,0,0,0,0,0,0,0,0,0,0,0,0,-0.00335881,0.698735,-1.45224,-0.0276979,0.758914,-1.44034,-0.00736307,0.738368,-1.50058,-0.0237776,0.717287,-1.48583,-0.152528,0.783759,-1.24961,0.149322,0.74398,-1.22278,-0.158892,0.843388,-1.12069,0.105471,25.71,-1.22129,4.1904e-06,-3.12291e-05,8.39544e-05,1.00458e-05,3.55471e-05,3.4071e-05,4.22066e-05,6.55579e-05,-2.53007e-05,-5.32527e-06,4.87026e-05,-6.41796e-05,
-8.20503,4.67669,11.1468,9.73606,-0.821081,11.9658,-8.33479,5.77641,20.894,7.10836,60,14.5471,0,0,0,0,0,0,0,0,0,0,0,0,-0.00335783,0.698734,-1.45224,-0.0276975,0.758915,-1.44034,-0.00736221,0.738369,-1.50058,-0.0237771,0.717287,-1.48583,-0.152537,0.783764,-1.24957,0.149323,0.743986,-1.22278,-0.158902,0.843395,-1.12068,0.105468,25.71,-1.22133,0.000108218,-2.04045e-05,-5.54046e-05,4.85575e-05,4.38859e-06,4.02822e-07,8.07304e-05,1.2929e-05,4.06348e-05,6.95499e-05,-6.94502e-05,5.67588e-05,
-8.20517,4.677,11.1479,9.73629,-0.820648,11.9669,-8.33624,5.77781,20.8946,7.10783,60,14.5463,0,0,0,0,0,0,0,0,0,0,0,0,-0.00335574,0.698734,-1.45224,-0.0276946,0.758914,-1.44034,-0.00735864,0.738367,-1.50057,-0.0237748,0.717285,-1.48582,-0.152537,0.783769,-1.24955,0.149333,0.743993,-1.22276,-0.158922,0.843415,-1.12067,0.105462,25.71,-1.22134,0.000146372,-3.0933e-05,-0.000128174,0.000151693,-2.6674e-05,-5.74274e-05,0.000189308,-0.000116829,7.44023e-05,0.000143218,-0.000159269,0.000135477,
-8.20432,4.67739,11.1454,9.73664,-0.821106,11.9673,-8.3341,5.777,20.8924,7.10904,60,14.5484,0,0,0,0,0,0,0,0,0,0,0,0,-0.00335645,0.698733,-1.45224,-0.0276952,0.758914,-1.44034,-0.007358,0.738365,-1.50057,-0.0237753,0.717283,-1.48582,-0.15253,0.783775,-1.2496,0.149331,0.743987,-1.22275,-0.158889,0.8434,-1.12071,0.105476,25.71,-1.22131,-0.000149021,-6.30066e-05,6.14794e-05,-0.000143203,5.32066e-05,-8.13358e-05,-9.02699e-05,-4.51743e-05,0.000101538,-0.000138514,7.52105e-06,-5.87545e-05,
-8.20455,4.67703,11.1456,9.73634,-0.820891,11.966,-8.33497,5.77658,20.894,7.1086,60,14.5492,0,0,0,0,0,0,0,0,0,0,0,0,-0.00335939,0.698732,-1.45224,-0.027698,0.758916,-1.44034,-0.00735984,0.738366,-1.50057,-0.0237781,0.717285,-1.48582,-0.152533,0.783768,-1.24959,0.149327,0.743991,-1.22277,-0.158903,0.843397,-1.12068,0.105469,25.71,-1.2213,8.61036e-06,-1.20084e-05,9.83964e-05,1.58233e-05,1.60982e-05,6.85488e-05,5.31154e-05,0.000114023,-8.21598e-05,5.31782e-06,9.88008e-05,-0.000140583,
-8.20533,4.67658,11.1466,9.73542,-0.820771,11.9645,-8.33617,5.77601,20.8958,7.10794,60,14.548,0,0,0,0,0,0,0,0,0,0,0,0,-0.00335715,0.698732,-1.45224,-0.0276949,0.758915,-1.44034,-0.00735621,0.738369,-1.50057,-0.0237753,0.717286,-1.48583,-0.15254,0.783761,-1.24957,0.149318,0.743991,-1.2228,-0.158917,0.84339,-1.12065,0.105465,25.71,-1.22132,0.000212767,2.62382e-05,-1.98287e-05,0.000203383,-3.07252e-05,0.000138732,0.000235356,0.000128255,-0.000141702,0.000188731,1.8245e-05,1.22375e-05,
-8.20427,4.6773,11.1459,9.73649,-0.821042,11.9668,-8.33535,5.77759,20.8939,7.10874,60,14.5485,0,0,0,0,0,0,0,0,0,0,0,0,-0.00335512,0.698732,-1.45224,-0.0276934,0.758915,-1.44034,-0.00735387,0.738369,-1.50057,-0.023774,0.717285,-1.48583,-0.152527,0.783772,-1.24958,0.149331,0.743988,-1.22276,-0.158907,0.843414,-1.12068,0.105473,25.71,-1.22131,-0.000116844,-6.43662e-05,2.36086e-05,-0.000111055,2.15003e-05,-6.35907e-05,-5.77984e-05,-8.81968e-05,0.000121654,-0.000105559,-4.06743e-05,-1.48138e-05,
-8.20411,4.67772,11.1469,9.73691,-0.820751,11.9674,-8.3347,5.77752,20.8929,7.10922,60,14.5468,0,0,0,0,0,0,0,0,0,0,0,0,-0.00336,0.69873,-1.45224,-0.0276982,0.758916,-1.44034,-0.00735742,0.738366,-1.50057,-0.0237785,0.717283,-1.48582,-0.152529,0.783777,-1.24957,0.149333,0.743994,-1.22275,-0.1589,0.843408,-1.12069,0.105476,25.71,-1.22134,-0.000150973,-8.1451e-05,-1.50671e-05,-0.000145902,1.94604e-05,-0.000116172,-9.63582e-05,-0.000138464,0.000177857,-0.000143522,-9.64404e-05,4.98365e-05,
-8.20485,4.67749,11.1463,9.73629,-0.82088,11.9664,-8.3353,5.77677,20.8933,7.10858,60,14.5475,0,0,0,0,0,0,0,0,0,0,0,0,-0.00335953,0.698729,-1.45224,-0.0276976,0.758915,-1.44034,-0.00735616,0.738365,-1.50057,-0.0237782,0.717281,-1.48582,-0.152536,0.783774,-1.24958,0.149329,0.74399,-1.22277,-0.158904,0.843398,-1.12069,0.105471,25.71,-1.22132,0.000110718,5.27022e-06,-2.8269e-05,0.000116807,-2.71308e-05,5.88359e-05,0.000140998,4.01078e-05,-4.87398e-05,9.50811e-05,-5.5555e-05,5.89112e-05,
-8.20492,4.67668,11.1465,9.73578,-0.820756,11.9641,-8.33639,5.776,20.8961,7.10822,60,14.5481,0,0,0,0,0,0,0,0,0,0,0,0,-0.00335701,0.69873,-1.45224,-0.027695,0.758915,-1.44034,-0.00735313,0.738367,-1.50057,-0.023776,0.717282,-1.48582,-0.152534,0.783761,-1.24957,0.149323,0.743992,-1.2228,-0.15892,0.84339,-1.12064,0.105468,25.71,-1.22131,0.000142792,4.13441e-05,3.38179e-05,0.000150113,-1.00562e-05,0.000175844,0.000172731,0.000182738,-0.000161361,0.000126414,5.8755e-05,-2.35723e-05,
-8.20437,4.67705,11.1461,9.73638,-0.821274,11.966,-8.33578,5.77678,20.8948,7.10912,60,14.5481,0,0,0,0,0,0,0,0,0,0,0,0,-0.00335609,0.69873,-1.45224,-0.0276939,0.758915,-1.44033,-0.0073514,0.73837,-1.50057,-0.0237758,0.717284,-1.48582,-0.152528,0.783767,-1.24958,0.149329,0.743984,-1.22277,-0.158912,0.843404,-1.12067,0.105477,25.71,-1.22132,-7.94328e-05,-1.48332e-05,9.49857e-05,-7.3315e-05,4.1818e-05,-5.55921e-06,-3.32052e-05,6.47075e-05,-1.63001e-05,-0.00014876,4.9094e-05,-8.44549e-05,
-8.20349,4.67782,11.145,9.73684,-0.821287,11.9669,-8.33389,5.77692,20.8921,7.10988,60,14.5487,0,0,0,0,0,0,0,0,0,0,0,0,-0.00336107,0.698728,-1.45223,-0.0276988,0.758916,-1.44034,-0.00735582,0.738368,-1.50057,-0.0237794,0.717283,-1.48583,-0.152521,0.783777,-1.2496,0.149329,0.743984,-1.22276,-0.158885,0.8434,-1.12071,0.105484,25.71,-1.2213,-0.000238871,-9.03666e-05,2.83249e-05,-0.000234124,2.97799e-05,-0.000110642,-0.000148452,-0.000120464,0.000162557,-0.000278754,-4.66559e-05,-2.16839e-05,
-8.20451,4.67739,11.1468,9.73623,-0.820569,11.9661,-8.33578,5.77693,20.8942,7.10869,60,14.5473,0,0,0,0,0,0,0,0,0,0,0,0,-0.00336254,0.698727,-1.45224,-0.0277001,0.758916,-1.44034,-0.00735601,0.738367,-1.50057,-0.0237819,0.717281,-1.48582,-0.152533,0.783771,-1.24957,0.149325,0.743996,-1.22277,-0.158912,0.843401,-1.12067,0.105469,25.71,-1.22132,0.000109877,1.06357e-05,-0.000115903,0.000115521,-4.15968e-05,4.26519e-06,0.000134545,-1.96521e-05,7.5825e-06,8.91554e-05,-0.000147385,0.000161137,
-8.20529,4.67734,11.1483,9.736,-0.820712,11.966,-8.33681,5.77681,20.8952,7.10829,60,14.5456,0,0,0,0,0,0,0,0,0,0,0,0,-0.00335681,0.698728,-1.45224,-0.0276943,0.758915,-1.44034,-0.0073499,0.738367,-1.50057,-0.0237767,0.717278,-1.48582,-0.152539,0.783772,-1.24955,0.149329,0.743992,-1.22277,-0.158923,0.843401,-1.12066,0.105469,25.71,-1.22135,0.000200516,3.98489e-05,-0.000138205,0.000206349,-4.4634e-05,3.65588e-05,0.000222402,3.44548e-05,-4.95589e-05,0.000176919,-0.000108693,0.000135357,
-8.20412,4.67757,11.1465,9.73681,-0.820761,11.9668,-8.33622,5.77748,20.8948,7.10901,60,14.5482,0,0,0,0,0,0,0,0,0,0,0,0,-0.0033565,0.698728,-1.45224,-0.0276939,0.758915,-1.44034,-0.00734904,0.738368,-1.50057,-0.0237767,0.717277,-1.48582,-0.152525,0.783774,-1.24958,0.149336,0.743993,-1.22276,-0.158919,0.843413,-1.12066,0.105475,25.71,-1.22131,-0.000118575,-2.58813e-05,4.80904e-05,-0.000113398,4.12358e-05,-5.05658e-05,-8.01095e-05,1.08005e-05,4.12181e-05,-0.000128018,2.15679e-05,-5.79273e-05,
-8.20314,4.67758,11.1451,9.73718,-0.820852,11.9664,-8.3348,5.77691,20.8943,7.11005,60,14.5495,0,0,0,0,0,0,0,0,0,0,0,0,-0.00336251,0.698727,-1.45224,-0.0276998,0.758917,-1.44034,-0.00735409,0.738368,-1.50057,-0.0237827,0.717279,-1.48582,-0.152519,0.783772,-1.24959,0.149332,0.743994,-1.22277,-0.158903,0.843404,-1.12067,0.105483,25.71,-1.22129,-0.000323769,-6.06162e-05,0.000206608,-0.000318285,8.31938e-05,-4.90554e-05,-0.000279413,4.8655e-05,4.70868e-05,-0.000328686,0.000137807,-0.000185832,
-8.20471,4.67746,11.1471,9.73628,-0.820967,11.9655,-8.33587,5.7762,20.8945,7.10918,60,14.5465,0,0,0,0,0,0,0,0,0,0,0,0,-0.00336401,0.698727,-1.45223,-0.0277011,0.758917,-1.44034,-0.00735508,0.73837,-1.50057,-0.0237849,0.717281,-1.48582,-0.152537,0.783772,-1.24956,0.149326,0.74399,-1.22278,-0.158913,0.843395,-1.12067,0.105476,25.71,-1.22134,0.000147129,1.3776e-05,5.98456e-06,0.000152514,-2.6336e-05,0.000100535,0.000151557,9.97967e-05,-8.15799e-05,0.000105964,-3.76029e-05,7.02608e-05,
-8.20515,4.67754,11.1461,9.73596,-0.821059,11.9658,-8.33642,5.77639,20.8939,7.10858,60,14.5472,0,0,0,0,0,0,0,0,0,0,0,0,-0.00335927,0.698727,-1.45223,-0.0276963,0.758916,-1.44033,-0.00735041,0.738372,-1.50057,-0.023781,0.717279,-1.48582,-0.152537,0.783774,-1.24958,0.149329,0.743986,-1.22277,-0.158915,0.843398,-1.12068,0.105472,25.71,-1.22132,0.000288741,1.97335e-05,-6.58671e-05,0.000293912,-7.63722e-05,0.000107589,0.000285281,4.64744e-05,-6.57913e-05,0.000240408,-0.00013174,0.000144699,
-8.20442,4.67751,11.1463,9.73627,-0.820917,11.9659,-8.33599,5.77635,20.8943,7.1092,60,14.5476,0,0,0,0,0,0,0,0,0,0,0,0,-0.00335771,0.698727,-1.45223,-0.0276946,0.758916,-1.44033,-0.00734861,0.738372,-1.50057,-0.0237802,0.717277,-1.48582,-0.152529,0.783773,-1.24958,0.149328,0.74399,-1.22277,-0.158912,0.843397,-1.12067,0.105477,25.71,-1.22132,-1.86358e-05,-1.61447e-05,-1.54966e-05,-1.39861e-05,9.23615e-06,-1.66638e-05,-8.60921e-07,4.83344e-06,5.56526e-05,-4.7678e-05,-4.39201e-05,4.15106e-05,
-8.20441,4.67779,11.1465,9.73664,-0.821172,11.9673,-8.33577,5.7767,20.8932,7.10952,60,14.5472,0,0,0,0,0,0,0,0,0,0,0,0,-0.00335901,0.698727,-1.45223,-0.0276959,0.758916,-1.44033,-0.00734948,0.738372,-1.50057,-0.023782,0.717276,-1.48582,-0.152532,0.783777,-1.24957,0.149332,0.743986,-1.22275,-0.15891,0.843403,-1.12069,0.10548,25.71,-1.22133,-6.80113e-05,-1.79377e-05,1.07208e-05,-6.36608e-05,2.27423e-05,-6.08134e-05,-4.66369e-05,-1.02986e-05,6.01724e-05,-9.34721e-05,-4.48723e-05,2.78783e-05,
-8.20457,4.6776,11.1468,9.73644,-0.820962,11.9663,-8.33615,5.77626,20.8941,7.10941,60,14.5471,0,0,0,0,0,0,0,0,0,0,0,0,-0.00335979,0.698727,-1.45224,-0.0276966,0.758917,-1.44034,-0.00734991,0.738372,-1.50057,-0.0237833,0.717276,-1.48582,-0.152534,0.783774,-1.24957,0.14933,0.74399,-1.22277,-0.158916,0.843395,-1.12067,0.105478,25.71,-1.22133,-8.68125e-06,9.38721e-08,-6.48936e-06,-3.94306e-06,1.0417e-05,3.44236e-06,9.74936e-06,1.98157e-05,5.33495e-07,-3.67728e-05,-2.9762e-05,3.25566e-05,
-8.20452,4.67754,11.1464,9.73635,-0.821148,11.9658,-8.33614,5.77596,20.8945,7.1095,60,14.5476,0,0,0,0,0,0,0,0,0,0,0,0,-0.00335913,0.698727,-1.45223,-0.0276958,0.758917,-1.44033,-0.00734877,0.738374,-1.50057,-0.0237833,0.717276,-1.48582,-0.152532,0.783774,-1.24957,0.149329,0.743987,-1.22277,-0.158915,0.843393,-1.12067,0.10548,25.71,-1.22132,-1.05816e-05,9.09066e-06,3.30998e-05,-4.85268e-06,1.69975e-05,3.37703e-05,1.2726e-05,7.91376e-05,-2.53542e-05,-3.44043e-05,3.41128e-05,-4.24198e-05,
-8.2042,4.67762,11.146,9.73657,-0.821224,11.9662,-8.33592,5.77621,20.8943,7.10972,60,14.5481,0,0,0,0,0,0,0,0,0,0,0,0,-0.00335997,0.698727,-1.45223,-0.0276965,0.758918,-1.44033,-0.00734913,0.738375,-1.50057,-0.0237845,0.717276,-1.48582,-0.152529,0.783775,-1.24958,0.149331,0.743987,-1.22277,-0.158912,0.843398,-1.12067,0.105481,25.71,-1.22131,-6.12721e-05,-8.40754e-06,5.52277e-05,-5.59118e-05,2.72453e-05,1.35167e-05,-3.11519e-05,5.33996e-05,-4.02262e-06,-7.83509e-05,2.38546e-05,-4.08299e-05,
-8.20453,4.67758,11.1476,9.7368,-0.821067,11.9667,-8.33666,5.77655,20.8945,7.10957,60,14.5461,0,0,0,0,0,0,0,0,0,0,0,0,-0.00336085,0.698727,-1.45223,-0.0276973,0.758918,-1.44033,-0.00734936,0.738375,-1.50057,-0.0237857,0.717276,-1.48582,-0.152534,0.783774,-1.24955,0.149336,0.743989,-1.22276,-0.158924,0.843404,-1.12067,0.105479,25.71,-1.22134,2.15599e-06,-3.34623e-06,-6.20786e-06,7.74579e-06,-5.79573e-06,7.12701e-06,3.14074e-05,-3.68718e-06,2.5054e-05,-1.52779e-05,-5.632e-05,4.82414e-05,
-8.20465,4.67786,11.147,9.73672,-0.821185,11.9667,-8.33638,5.77624,20.8937,7.10959,60,14.5463,0,0,0,0,0,0,0,0,0,0,0,0,-0.00336004,0.698727,-1.45223,-0.0276964,0.758918,-1.44033,-0.00734807,0.738375,-1.50057,-0.0237852,0.717275,-1.48582,-0.152534,0.783778,-1.24956,0.149336,0.743987,-1.22276,-0.158917,0.843398,-1.12068,0.105481,25.71,-1.22134,5.27372e-05,-1.35814e-05,-2.92882e-05,5.80637e-05,-1.57374e-05,1.49395e-05,8.02441e-05,-3.21447e-06,2.69916e-05,3.36957e-05,-7.6009e-05,5.10497e-05,
-8.20416,4.67751,11.1456,9.73641,-0.82128,11.965,-8.33606,5.7754,20.8946,7.10985,60,14.5482,0,0,0,0,0,0,0,0,0,0,0,0,-0.00336076,0.698726,-1.45223,-0.027697,0.758918,-1.44033,-0.00734814,0.738376,-1.50057,-0.0237865,0.717275,-1.48582,-0.152529,0.783772,-1.24958,0.149327,0.743986,-1.22279,-0.158913,0.843385,-1.12067,0.105482,25.71,-1.22131,-5.51764e-05,-1.33075e-05,0.000106557,-4.91431e-05,2.70881e-05,6.7689e-05,-2.2501e-05,8.3139e-05,-1.8356e-05,-5.9634e-05,6.69993e-05,-6.70741e-05,
-8.20452,4.6777,11.1468,9.73669,-0.821578,11.9664,-8.3365,5.77587,20.894,7.10988,60,14.5466,0,0,0,0,0,0,0,0,0,0,0,0,-0.00336132,0.698726,-1.45223,-0.0276974,0.758918,-1.44033,-0.00734797,0.738378,-1.50057,-0.0237871,0.717276,-1.48582,-0.152535,0.783775,-1.24956,0.149333,0.743981,-1.22276,-0.15892,0.843396,-1.12068,0.105483,25.71,-1.22134,-1.11894e-05,-9.44133e-06,8.28101e-05,-4.91933e-06,1.73544e-05,4.43651e-05,2.45092e-05,7.9018e-05,-2.09647e-05,-2.26924e-05,3.84957e-05,-1.49615e-05,
-8.20435,4.6779,11.1463,9.73674,-0.821375,11.9666,-8.3364,5.77602,20.8933,7.10986,60,14.5471,0,0,0,0,0,0,0,0,0,0,0,0,-0.00336137,0.698726,-1.45223,-0.0276973,0.758918,-1.44033,-0.00734709,0.738378,-1.50057,-0.0237873,0.717275,-1.48582,-0.152532,0.783778,-1.24957,0.149334,0.743984,-1.22276,-0.158917,0.843396,-1.12069,0.105483,25.71,-1.22132,-6.77683e-06,-2.55059e-05,-2.29052e-05,-1.04107e-06,9.70435e-07,-1.60159e-05,3.34013e-05,-3.20393e-05,5.34908e-05,-1.34055e-05,-5.93824e-05,5.7132e-05,
-8.2045,4.67785,11.1463,9.7367,-0.821241,11.9667,-8.33678,5.77592,20.8935,7.10969,60,14.5475,0,0,0,0,0,0,0,0,0,0,0,0,-0.00336139,0.698725,-1.45223,-0.0276972,0.758919,-1.44033,-0.00734624,0.738378,-1.50057,-0.0237875,0.717275,-1.48582,-0.152533,0.783777,-1.24957,0.149335,0.743987,-1.22275,-0.158922,0.843396,-1.12068,0.10548,25.71,-1.22132,3.11577e-05,-2.61842e-06,-6.59174e-06,3.74949e-05,-3.56997e-06,3.15077e-05,7.10235e-05,3.89088e-05,4.4988e-06,2.39842e-05,-1.30812e-05,9.3469e-06,
-8.20464,4.67775,11.1458,9.73636,-0.821313,11.966,-8.33687,5.77551,20.8939,7.10961,60,14.5479,0,0,0,0,0,0,0,0,0,0,0,0,-0.00336032,0.698725,-1.45223,-0.027696,0.758919,-1.44033,-0.0073445,0.738379,-1.50057,-0.0237866,0.717275,-1.48582,-0.152534,0.783775,-1.24958,0.14933,0.743986,-1.22276,-0.158921,0.84339,-1.12068,0.10548,25.71,-1.22131,6.46856e-05,3.52949e-07,2.92454e-06,7.14078e-05,3.64987e-06,5.29724e-05,0.000103413,6.40405e-05,-5.63647e-05,5.68265e-05,-6.67938e-06,1.67947e-05,
-8.20468,4.67777,11.1462,9.73598,-0.821234,11.9654,-8.33698,5.77531,20.8943,7.10967,60,14.5476,0,0,0,0,0,0,0,0,0,0,0,0,-0.00335949,0.698725,-1.45223,-0.027695,0.758919,-1.44033,-0.00734265,0.73838,-1.50057,-0.0237859,0.717274,-1.48582,-0.152535,0.783776,-1.24957,0.149323,0.743987,-1.22278,-0.158923,0.843386,-1.12067,0.105481,25.71,-1.22131,1.29722e-05,-2.89663e-06,-1.96822e-05,8.34908e-06,1.06448e-06,6.85648e-07,4.5916e-05,1.35505e-05,3.15926e-05,-8.79521e-07,-4.12551e-05,3.42993e-05,
-8.20448,4.67832,11.1474,9.73669,-0.821203,11.9667,-8.3372,5.77646,20.8941,7.1099,60,14.5462,0,0,0,0,0,0,0,0,0,0,0,0,-0.0033598,0.698725,-1.45223,-0.0276952,0.758919,-1.44033,-0.00734232,0.73838,-1.50057,-0.0237862,0.717273,-1.48582,-0.152533,0.783785,-1.24955,0.149335,0.743988,-1.22275,-0.158928,0.843405,-1.12067,0.105484,25.71,-1.22134,-4.24965e-05,-3.19743e-05,-2.65137e-05,-3.71429e-05,1.70388e-05,-5.01245e-05,6.26497e-06,-6.22521e-05,8.78787e-05,-4.0527e-05,-7.89451e-05,4.91661e-05,
-8.20393,4.67838,11.1465,9.73699,-0.821331,11.9668,-8.33632,5.7762,20.8933,7.11041,60,14.547,0,0,0,0,0,0,0,0,0,0,0,0,-0.00336265,0.698724,-1.45223,-0.027698,0.758919,-1.44033,-0.00734385,0.738378,-1.50056,-0.0237889,0.717272,-1.48582,-0.152528,0.783784,-1.24957,0.149335,0.743987,-1.22276,-0.158915,0.843398,-1.12068,0.105488,25.71,-1.22133,-0.000130355,-4.01675e-05,1.08346e-05,-0.000124875,3.37911e-05,-8.12012e-05,-7.71402e-05,-6.84086e-05,9.29097e-05,-0.000124491,-4.39773e-05,1.16909e-05,
-8.20415,4.67809,11.1467,9.73695,-0.821262,11.9662,-8.33709,5.77597,20.8942,7.11003,60,14.5473,0,0,0,0,0,0,0,0,0,0,0,0,-0.00336424,0.698724,-1.45223,-0.0276994,0.75892,-1.44033,-0.00734445,0.738378,-1.50056,-0.0237905,0.717272,-1.48582,-0.15253,0.78378,-1.24956,0.149336,0.743988,-1.22276,-0.158927,0.843397,-1.12067,0.105483,25.71,-1.22132,9.62028e-06,-2.81724e-06,3.47502e-05,1.62866e-05,1.43344e-05,6.47024e-05,5.07164e-05,7.95508e-05,-3.37057e-05,3.84736e-06,3.14232e-05,-2.50632e-05,
-8.20445,4.67776,11.146,9.73633,-0.821514,11.9653,-8.33699,5.77509,20.8944,7.10991,60,14.5477,0,0,0,0,0,0,0,0,0,0,0,0,-0.00336276,0.698724,-1.45223,-0.0276978,0.75892,-1.44033,-0.00734232,0.73838,-1.50056,-0.0237891,0.717272,-1.48582,-0.152532,0.783775,-1.24958,0.149329,0.743983,-1.22278,-0.158921,0.843384,-1.12067,0.105484,25.71,-1.22131,9.36702e-05,2.96431e-05,-7.09589e-06,0.000100301,4.78557e-06,9.98468e-05,0.00012924,0.0001145,-8.87702e-05,8.24992e-05,3.19124e-05,-3.44017e-06,
-8.20454,4.6782,11.1466,9.73634,-0.821652,11.966,-8.33674,5.7754,20.8935,7.11018,60,14.5468,0,0,0,0,0,0,0,0,0,0,0,0,-0.00336183,0.698724,-1.45223,-0.0276968,0.75892,-1.44033,-0.00734052,0.738381,-1.50056,-0.0237885,0.717272,-1.48582,-0.152535,0.783782,-1.24957,0.149328,0.743981,-1.22277,-0.158917,0.843388,-1.12068,0.105487,25.71,-1.22133,6.35651e-06,-1.19592e-06,-1.34817e-05,1.19932e-05,9.50712e-06,3.51957e-06,3.37505e-05,-4.76513e-06,5.14377e-05,-1.32615e-05,-5.0239e-05,5.02846e-05,
-8.20431,4.67856,11.1469,9.73682,-0.821536,11.9673,-8.33693,5.77611,20.8928,7.11018,60,14.5469,0,0,0,0,0,0,0,0,0,0,0,0,-0.00336254,0.698723,-1.45223,-0.0276974,0.75892,-1.44033,-0.00734027,0.73838,-1.50056,-0.0237892,0.71727,-1.48582,-0.152533,0.783788,-1.24956,0.149335,0.743983,-1.22274,-0.158921,0.843398,-1.12069,0.105486,25.71,-1.22132,-3.67287e-05,-2.78517e-05,-6.37881e-05,-3.12326e-05,6.25249e-06,-7.25083e-05,1.00842e-05,-6.3648e-05,0.000107165,-3.67586e-05,-8.14299e-05,7.56764e-05,
-8.20443,4.67818,11.1461,9.73618,-0.821326,11.9656,-8.33709,5.77514,20.894,7.11002,60,14.5479,0,0,0,0,0,0,0,0,0,0,0,0,-0.00336282,0.698723,-1.45223,-0.0276975,0.758921,-1.44033,-0.00733956,0.738379,-1.50056,-0.0237895,0.717269,-1.48581,-0.152534,0.783781,-1.24958,0.149325,0.743987,-1.22277,-0.158921,0.843382,-1.12067,0.105484,25.71,-1.22131,3.00878e-05,5.75125e-06,-2.51148e-05,3.66326e-05,3.85861e-06,1.48449e-05,7.49698e-05,2.66962e-05,3.7243e-06,2.84081e-05,-1.75829e-05,3.3864e-05,
-8.20453,4.67825,11.147,9.73626,-0.821627,11.966,-8.3375,5.77544,20.8942,7.11001,60,14.5471,0,0,0,0,0,0,0,0,0,0,0,0,-0.00336171,0.698723,-1.45223,-0.0276963,0.758921,-1.44033,-0.00733808,0.73838,-1.50056,-0.0237885,0.717269,-1.48581,-0.152534,0.783783,-1.24956,0.149328,0.743982,-1.22277,-0.158926,0.84339,-1.12067,0.105485,25.71,-1.22132,2.01375e-05,5.23641e-06,-3.90662e-05,7.30199e-05,1.28263e-05,5.59811e-05,0.000108807,6.94597e-05,-4.41084e-05,4.032e-05,2.88534e-06,2.5545e-05,
-8.20417,4.67878,11.1463,9.73673,-0.821562,11.9671,-8.33683,5.77598,20.8929,7.11038,60,14.5475,0,0,0,0,0,0,0,0,0,0,0,0,-0.0033623,0.698723,-1.45223,-0.0276968,0.758921,-1.44033,-0.00733724,0.73838,-1.50056,-0.023789,0.717268,-1.48581,-0.152531,0.783791,-1.24958,0.149333,0.743984,-1.22275,-0.158916,0.843397,-1.12069,0.105489,25.71,-1.22131,-6.69932e-05,-3.99302e-05,-2.79576e-05,-6.11596e-05,2.00311e-05,-3.84272e-05,-1.3858e-05,-4.72519e-05,7.84552e-05,-6.09164e-05,-4.85958e-05,3.72664e-05,
-8.20426,4.67851,11.1462,9.73641,-0.821315,11.9663,-8.33713,5.77561,20.8936,7.11014,60,14.5479,0,0,0,0,0,0,0,0,0,0,0,0,-0.00336363,0.698723,-1.45224,-0.027698,0.758921,-1.44033,-0.00733749,0.738379,-1.50056,-0.0237902,0.717267,-1.48581,-0.152532,0.783786,-1.24958,0.149328,0.743988,-1.22276,-0.15892,0.84339,-1.12068,0.105485,25.71,-1.2213,1.09872e-05,-3.65377e-06,-4.16179e-05,1.7276e-05,1.8609e-07,3.97027e-06,5.6861e-05,9.92442e-07,1.13969e-05,1.04572e-05,-4.85562e-05,4.44962e-05,
-8.20499,4.67853,11.1488,9.73646,-0.821322,11.9663,-8.33816,5.77568,20.8947,7.10995,60,14.5452,0,0,0,0,0,0,0,0,0,0,0,0,-0.00336177,0.698723,-1.45224,-0.027696,0.758921,-1.44033,-0.00733477,0.73838,-1.50056,-0.0237885,0.717266,-1.48581,-0.152541,0.783788,-1.24953,0.149333,0.743988,-1.22276,-0.158935,0.843394,-1.12066,0.105485,25.71,-1.22135,8.85336e-05,2.72726e-05,-7.8586e-05,9.49946e-05,-1.14779e-05,5.51067e-05,0.000129384,5.00656e-05,-2.56166e-05,8.33098e-05,-5.32217e-05,6.74373e-05,
-8.20404,4.67877,11.1461,9.73701,-0.82159,11.967,-8.33752,5.77617,20.8936,7.1104,60,14.5481,0,0,0,0,0,0,0,0,0,0,0,0,-0.00336144,0.698723,-1.45224,-0.0276955,0.758921,-1.44033,-0.00733348,0.738381,-1.50056,-0.0237882,0.717266,-1.48581,-0.152528,0.783791,-1.24958,0.149339,0.743984,-1.22275,-0.158926,0.843402,-1.12068,0.10549,25.71,-1.2213,-9.9819e-05,-2.77278e-05,4.70033e-05,-9.35779e-05,3.60223e-05,1.16807e-05,-4.55597e-05,7.89743e-06,3.3437e-05,-9.31714e-05,3.03114e-05,-4.04797e-05,
-8.20356,4.67856,11.1461,9.73725,-0.821614,11.9665,-8.33666,5.77534,20.8935,7.11116,60,14.5482,0,0,0,0,0,0,0,0,0,0,0,0,-0.00336557,0.698722,-1.45224,-0.0276995,0.758922,-1.44033,-0.00733654,0.738382,-1.50056,-0.0237921,0.717268,-1.48581,-0.152528,0.783786,-1.24957,0.149335,0.743985,-1.22276,-0.158917,0.84339,-1.12068,0.105496,25.71,-1.2213,-0.000262301,-3.97571e-05,0.00015939,-0.000255799,6.30052e-05,3.41407e-05,-0.000202958,8.10393e-05,-4.63095e-06,-0.000251377,0.000117004,-0.000145444,
-8.20453,4.67848,11.1471,9.73667,-0.821476,11.9658,-8.33814,5.77536,20.8944,7.11023,60,14.5469,0,0,0,0,0,0,0,0,0,0,0,0,-0.00336623,0.698722,-1.45223,-0.0277,0.758922,-1.44033,-0.00733631,0.738384,-1.50056,-0.0237928,0.717269,-1.48582,-0.152537,0.783786,-1.24956,0.149333,0.743986,-1.22276,-0.158936,0.843393,-1.12067,0.105486,25.71,-1.22132,9.85454e-05,7.3583e-06,2.13355e-05,0.000105429,-3.26988e-05,0.000137502,0.000132278,0.000109405,-9.23508e-05,8.58744e-05,1.00979e-05,2.45285e-05,
-8.20459,4.67845,11.1479,9.73683,-0.821508,11.9659,-8.33863,5.77547,20.8948,7.11026,60,14.5458,0,0,0,0,0,0,0,0,0,0,0,0,-0.00336345,0.698722,-1.45223,-0.0276971,0.758922,-1.44033,-0.00733286,0.738385,-1.50056,-0.0237903,0.717268,-1.48581,-0.152536,0.783785,-1.24954,0.149338,0.743985,-1.22276,-0.158942,0.843395,-1.12066,0.105488,25.71,-1.22134,5.45607e-05,-5.2654e-06,3.13684e-06,6.10254e-05,-1.9018e-05,0.000102506,8.97793e-05,4.52138e-05,-1.91771e-05,4.35773e-05,-4.35348e-05,4.8883e-05,
-8.2033,4.67859,11.1449,9.73692,-0.821807,11.9654,-8.33698,5.77505,20.8934,7.11114,60,14.5485,0,0,0,0,0,0,0,0,0,0,0,0,-0.00336575,0.698721,-1.45223,-0.0276993,0.758922,-1.44033,-0.0073342,0.738385,-1.50056,-0.0237928,0.717268,-1.48581,-0.152521,0.783785,-1.24959,0.149331,0.743981,-1.22277,-0.158919,0.843386,-1.12068,0.105496,25.71,-1.2213,-0.000186157,-7.23545e-05,0.000131261,-0.000180518,2.68837e-05,2.93757e-06,-0.00014513,-1.81547e-05,0.000108343,-0.000193188,3.14282e-05,-4.21982e-05,
-8.2035,4.67891,11.1456,9.73696,-0.822045,11.9666,-8.33649,5.77509,20.8919,7.1113,60,14.5475,0,0,0,0,0,0,0,0,0,0,0,0,-0.00336866,0.69872,-1.45223,-0.0277024,0.758922,-1.44033,-0.00733681,0.738385,-1.50056,-0.0237963,0.717268,-1.48581,-0.152528,0.78379,-1.24958,0.149331,0.743977,-1.22275,-0.158911,0.843387,-1.12071,0.105497,25.71,-1.22131,-0.000182607,-4.05996e-05,6.17066e-05,-9.17978e-05,1.39673e-05,-2.37362e-06,-6.79697e-05,-4.1999e-06,5.00947e-05,-0.000114771,-1.57784e-05,2.06979e-05,
-8.20518,4.67859,11.1482,9.73602,-0.821405,11.9652,-8.33875,5.77474,20.8943,7.11,60,14.5449,0,0,0,0,0,0,0,0,0,0,0,0,-0.0033662,0.698721,-1.45223,-0.0276995,0.758922,-1.44032,-0.00733369,0.738385,-1.50056,-0.0237941,0.717266,-1.48581,-0.152545,0.783787,-1.24954,0.149326,0.743986,-1.22277,-0.158941,0.843381,-1.12066,0.105484,25.71,-1.22135,0.000264549,4.31444e-05,-0.000148877,0.000269945,-5.78763e-05,6.93021e-05,0.000273236,2.64478e-05,-5.24819e-05,0.000228841,-0.000155068,0.000204574,
-8.20503,4.67871,11.1475,9.73606,-0.822034,11.9655,-8.33829,5.77454,20.894,7.11035,60,14.5456,0,0,0,0,0,0,0,0,0,0,0,0,-0.00336033,0.698722,-1.45223,-0.0276935,0.758921,-1.44032,-0.00732756,0.738386,-1.50056,-0.0237889,0.717263,-1.48581,-0.15254,0.78379,-1.24955,0.149329,0.743974,-1.22277,-0.158929,0.843379,-1.12067,0.105493,25.71,-1.22134,0.000124084,3.27397e-05,-7.60945e-05,0.000129488,-5.71297e-06,1.47996e-08,0.000149348,3.80905e-05,-3.6485e-05,0.000103386,-6.81934e-05,5.92013e-05,
-8.20309,4.679,11.1458,9.7373,-0.821916,11.9668,-8.33707,5.77563,20.8936,7.11147,60,14.5489,0,0,0,0,0,0,0,0,0,0,0,0,-0.00336371,0.698721,-1.45223,-0.0276968,0.758922,-1.44033,-0.00733015,0.738386,-1.50056,-0.0237924,0.717264,-1.48581,-0.152519,0.783793,-1.24958,0.149337,0.743981,-1.22275,-0.15892,0.843397,-1.12067,0.105499,25.71,-1.22129,-0.000332625,-4.59387e-05,6.88103e-05,-0.000327904,0.000106383,-0.000151639,-0.000278231,-3.07564e-05,0.000108197,-0.000327406,8.64699e-05,-0.000149103,
-8.20355,4.67859,11.1473,9.73728,-0.821533,11.9668,-8.33846,5.77572,20.8946,7.11078,60,14.5474,0,0,0,0,0,0,0,0,0,0,0,0,-0.00336945,0.69872,-1.45223,-0.0277024,0.758924,-1.44033,-0.00733468,0.738386,-1.50056,-0.0237981,0.717265,-1.48581,-0.152528,0.783785,-1.24955,0.149336,0.743988,-1.22275,-0.158943,0.843399,-1.12066,0.105488,25.71,-1.22131,-0.000120347,-1.01142e-05,4.51379e-06,-0.000114931,4.71408e-05,-7.95774e-05,2.12986e-05,1.08551e-05,2.16053e-05,-2.552e-05,-2.98484e-05,1.94083e-05,
-8.20464,4.67876,11.147,9.73626,-0.821707,11.966,-8.33803,5.77467,20.8935,7.11061,60,14.546,0,0,0,0,0,0,0,0,0,0,0,0,-0.00336586,0.698721,-1.45224,-0.0276987,0.758923,-1.44033,-0.00733062,0.738386,-1.50056,-0.023795,0.717263,-1.48581,-0.152537,0.78379,-1.24957,0.149328,0.743982,-1.22276,-0.158927,0.84338,-1.12068,0.105492,25.71,-1.22133,0.000162234,1.94877e-05,-0.000103122,0.000167292,-3.86244e-05,3.37063e-05,0.000176444,3.77441e-06,9.37529e-06,0.000131379,-0.000129745,0.000132948,
-8.20453,4.67956,11.1478,9.73692,-0.821821,11.967,-8.33766,5.77533,20.8927,7.11108,60,14.5452,0,0,0,0,0,0,0,0,0,0,0,0,-0.00336468,0.698721,-1.45224,-0.0276974,0.758923,-1.44033,-0.00732914,0.738386,-1.50056,-0.0237943,0.717261,-1.48581,-0.152538,0.783803,-1.24955,0.149337,0.74398,-1.22275,-0.158923,0.843392,-1.12069,0.105498,25.71,-1.22135,-1.01758e-05,-2.2611e-05,1.1425e-05,-5.51775e-06,-1.09502e-05,9.58934e-06,9.70623e-06,-1.79947e-05,3.81589e-05,-1.65686e-05,-7.53329e-05,7.86774e-05,
-8.20422,4.6793,11.1465,9.7368,-0.821692,11.9662,-8.33779,5.77503,20.8935,7.11114,60,14.5472,0,0,0,0,0,0,0,0,0,0,0,0,-0.00336554,0.69872,-1.45224,-0.0276982,0.758923,-1.44033,-0.00732953,0.738386,-1.50056,-0.0237957,0.71726,-1.48581,-0.152534,0.783798,-1.24957,0.149334,0.743983,-1.22276,-0.158926,0.843387,-1.12068,0.105496,25.71,-1.22131,-4.46172e-05,-1.9217e-05,4.66487e-05,-3.8954e-05,7.89875e-06,3.48669e-05,-1.54077e-05,3.95682e-05,-1.46363e-05,-6.26847e-05,2.00112e-05,-3.72645e-05,
-8.20455,4.67882,11.1467,9.73665,-0.821989,11.9662,-8.33846,5.7746,20.8939,7.11089,60,14.5474,0,0,0,0,0,0,0,0,0,0,0,0,-0.00336554,0.69872,-1.45223,-0.0276981,0.758924,-1.44033,-0.00732889,0.738389,-1.50056,-0.023796,0.717262,-1.48581,-0.152538,0.78379,-1.24956,0.149333,0.743979,-1.22276,-0.158936,0.843385,-1.12067,0.105493,25.71,-1.22131,2.99351e-05,1.14259e-05,7.70074e-05,3.66023e-05,1.39346e-05,8.67206e-05,6.02476e-05,0.000141106,-0.00010349,1.28669e-05,8.80889e-05,-6.92286e-05,
-8.20452,4.67899,11.1462,9.73658,-0.822233,11.9664,-8.33803,5.77429,20.893,7.11112,60,14.5476,0,0,0,0,0,0,0,0,0,0,0,0,-0.00336483,0.698721,-1.45223,-0.0276972,0.758924,-1.44032,-0.00732751,0.738391,-1.50056,-0.0237956,0.717263,-1.48581,-0.152538,0.783793,-1.24957,0.149332,0.743975,-1.22275,-0.158927,0.84338,-1.12069,0.105497,25.71,-1.22131,3.38777e-06,-7.46659e-07,5.15519e-05,9.58141e-06,1.97861e-05,3.99052e-05,3.81598e-05,6.86872e-05,-3.52157e-05,-8.70365e-06,2.88825e-05,-2.85267e-05,
-8.2043,4.67898,11.1467,9.73649,-0.821743,11.9658,-8.33855,5.77455,20.8941,7.11106,60,14.5473,0,0,0,0,0,0,0,0,0,0,0,0,-0.00336552,0.69872,-1.45223,-0.0276978,0.758924,-1.44032,-0.00732746,0.738391,-1.50056,-0.0237964,0.717263,-1.48581,-0.152535,0.783792,-1.24956,0.149329,0.743983,-1.22276,-0.158938,0.843383,-1.12067,0.105494,25.71,-1.22131,-2.33991e-05,-2.28845e-05,1.6669e-05,-1.73512e-05,4.06534e-06,1.54201e-05,-5.09357e-06,-1.10815e-06,2.85055e-05,-5.1906e-05,-1.86252e-05,3.41833e-05,
-8.20447,4.67924,11.1474,9.73668,-0.821889,11.9667,-8.33878,5.77499,20.8933,7.11098,60,14.546,0,0,0,0,0,0,0,0,0,0,0,0,-0.00336518,0.69872,-1.45223,-0.0276973,0.758924,-1.44032,-0.00732635,0.738391,-1.50056,-0.0237963,0.717261,-1.48581,-0.152537,0.783796,-1.24955,0.149334,0.74398,-1.22275,-0.158939,0.84339,-1.12068,0.105495,25.71,-1.22133,2.74822e-05,-3.23762e-05,-4.29995e-05,3.31508e-05,-1.13378e-05,-1.71304e-05,6.99608e-05,-4.42577e-05,8.12017e-05,2.375e-05,-8.24339e-05,0.00010209,
-8.20401,4.6794,11.1467,9.73691,-0.821839,11.9666,-8.33811,5.77486,20.8928,7.11145,60,14.5466,0,0,0,0,0,0,0,0,0,0,0,0,-0.00336625,0.698719,-1.45223,-0.0276983,0.758924,-1.44032,-0.00732662,0.738389,-1.50056,-0.0237977,0.717259,-1.48581,-0.152532,0.783798,-1.24957,0.149334,0.743981,-1.22275,-0.15893,0.843385,-1.12068,0.105499,25.71,-1.22132,-8.54293e-05,-4.65066e-05,8.3547e-07,-8.34891e-05,9.79865e-06,-2.48031e-05,-4.30496e-05,-5.65666e-05,9.59691e-05,-8.97631e-05,-6.09323e-05,2.32741e-05,
-8.20408,4.67931,11.147,9.73692,-0.821914,11.9661,-8.33836,5.77466,20.8934,7.11138,60,14.5465,0,0,0,0,0,0,0,0,0,0,0,0,-0.00336796,0.698718,-1.45223,-0.0276999,0.758924,-1.44032,-0.0073271,0.738389,-1.50056,-0.0237992,0.717259,-1.48581,-0.152533,0.783796,-1.24956,0.149335,0.74398,-1.22276,-0.158933,0.843384,-1.12068,0.105498,25.71,-1.22133,-1.30853e-05,-2.61864e-06,9.58455e-06,-6.96291e-06,1.20234e-05,5.68266e-05,2.76073e-05,3.54065e-05,-1.36782e-05,-1.93787e-05,4.84199e-06,-1.53434e-05,
-8.20447,4.67934,11.1478,9.73679,-0.821899,11.9658,-8.33877,5.77447,20.894,7.1113,60,14.5455,0,0,0,0,0,0,0,0,0,0,0,0,-0.00336726,0.698718,-1.45223,-0.027699,0.758924,-1.44032,-0.00732572,0.738391,-1.50056,-0.0237986,0.717259,-1.48581,-0.152538,0.783797,-1.24954,0.149335,0.74398,-1.22276,-0.158937,0.843383,-1.12067,0.105499,25.71,-1.22134,5.07758e-05,1.36421e-05,-1.17521e-05,5.71764e-05,2.91162e-06,7.05267e-05,8.9419e-05,7.90712e-05,-4.36522e-05,4.2472e-05,-1.4314e-07,1.3193e-05,
-8.2042,4.67965,11.1465,9.73702,-0.822466,11.9667,-8.3379,5.77437,20.8925,7.11172,60,14.5469,0,0,0,0,0,0,0,0,0,0,0,0,-0.00336709,0.698718,-1.45223,-0.0276987,0.758924,-1.44032,-0.00732467,0.738392,-1.50056,-0.0237985,0.717259,-1.48581,-0.152536,0.783803,-1.24957,0.149337,0.743971,-1.22275,-0.158923,0.843382,-1.1207,0.105504,25.71,-1.22132,-5.53271e-05,-1.10168e-05,5.06363e-05,-4.92562e-05,2.21095e-05,1.07721e-05,-8.55927e-06,5.55418e-05,-2.81488e-05,-5.59753e-05,4.3038e-05,-5.4261e-05,
-8.20439,4.67929,11.1479,9.73713,-0.821895,11.9662,-8.33939,5.77451,20.8946,7.1113,60,14.5465,0,0,0,0,0,0,0,0,0,0,0,0,-0.00336862,0.698718,-1.45223,-0.0277001,0.758925,-1.44032,-0.00732516,0.738394,-1.50056,-0.0238,0.717261,-1.48581,-0.152539,0.783796,-1.24954,0.149339,0.743982,-1.22275,-0.158949,0.843387,-1.12066,0.105497,25.71,-1.22133,1.02702e-05,6.28343e-06,4.18295e-05,1.70632e-05,1.94517e-05,5.65623e-05,5.76731e-05,0.000102716,-6.5137e-05,1.05425e-05,5.30639e-05,-5.61617e-05,
-8.20449,4.67902,11.1466,9.73656,-0.822291,11.9653,-8.33937,5.77381,20.8943,7.11114,60,14.5474,0,0,0,0,0,0,0,0,0,0,0,0,-0.00336647,0.698718,-1.45223,-0.0276978,0.758925,-1.44032,-0.00732204,0.738396,-1.50056,-0.0237979,0.717261,-1.48581,-0.152537,0.783792,-1.24957,0.149332,0.743974,-1.22277,-0.158944,0.843377,-1.12067,0.105497,25.71,-1.22131,6.86451e-05,-2.50335e-06,1.16946e-05,7.55857e-05,6.54297e-06,9.88654e-05,0.000117969,9.0873e-05,-5.16825e-05,7.0679e-05,2.29779e-05,-1.33926e-05,
-8.20375,4.67931,11.1464,9.73707,-0.822096,11.9662,-8.33897,5.77458,20.8939,7.11165,60,14.5477,0,0,0,0,0,0,0,0,0,0,0,0,-0.00336758,0.698718,-1.45223,-0.0276988,0.758925,-1.44032,-0.00732221,0.738396,-1.50056,-0.0237989,0.717262,-1.48581,-0.15253,0.783795,-1.24957,0.149336,0.743979,-1.22275,-0.158941,0.843388,-1.12067,0.105501,25.71,-1.22131,-0.000117681,-4.53398e-05,5.56902e-05,-0.000111539,2.72443e-05,-1.27219e-05,-6.2604e-05,-1.67483e-05,6.03198e-05,-0.00010991,5.99397e-06,-3.23682e-05,
-8.20391,4.67981,11.147,9.73705,-0.821996,11.9668,-8.33849,5.7747,20.8923,7.11182,60,14.5459,0,0,0,0,0,0,0,0,0,0,0,0,-0.00337017,0.698716,-1.45223,-0.0277013,0.758925,-1.44032,-0.00732369,0.738394,-1.50056,-0.0238015,0.71726,-1.48581,-0.152534,0.783802,-1.24956,0.149334,0.743979,-1.22274,-0.158933,0.843385,-1.12069,0.105503,25.71,-1.22133,-8.34218e-05,-6.11009e-05,-1.65295e-05,-7.76746e-05,-1.48209e-05,-7.59707e-05,-4.8657e-06,-0.000123818,0.000155868,-5.12325e-05,-0.000144134,0.000103681,
-8.20442,4.68004,11.1481,9.73705,-0.821399,11.9669,-8.33972,5.77526,20.8935,7.11128,60,14.5453,0,0,0,0,0,0,0,0,0,0,0,0,-0.00336956,0.698715,-1.45223,-0.0277005,0.758924,-1.44032,-0.00732217,0.738392,-1.50055,-0.023801,0.717256,-1.48581,-0.152539,0.783807,-1.24954,0.149339,0.743989,-1.22274,-0.158951,0.843395,-1.12067,0.105497,25.71,-1.22134,8.32082e-05,-1.40257e-05,-6.30401e-05,8.87948e-05,-4.36595e-05,-4.13946e-06,0.000114557,-5.35047e-05,6.5477e-05,6.90371e-05,-0.000130294,0.000131216,
-8.20427,4.67953,11.1475,9.73671,-0.821786,11.9652,-8.33952,5.77414,20.8946,7.11149,60,14.5459,0,0,0,0,0,0,0,0,0,0,0,0,-0.00336807,0.698715,-1.45223,-0.027699,0.758924,-1.44032,-0.00732013,0.738392,-1.50055,-0.0237997,0.717255,-1.4858,-0.152536,0.783798,-1.24955,0.149333,0.743982,-1.22277,-0.158946,0.843378,-1.12065,0.105501,25.71,-1.22133,4.16975e-05,6.05395e-07,1.40904e-05,4.80739e-05,1.94565e-06,5.28663e-05,7.44397e-05,5.1594e-05,-4.73773e-05,2.74798e-05,7.4789e-07,1.42173e-05,
-8.20375,4.68003,11.1464,9.73744,-0.82241,11.9666,-8.33865,5.77452,20.8931,7.11221,60,14.5472,0,0,0,0,0,0,0,0,0,0,0,0,-0.00336951,0.698715,-1.45223,-0.0277003,0.758925,-1.44032,-0.00732085,0.738394,-1.50056,-0.0238015,0.717257,-1.48581,-0.152532,0.783806,-1.24956,0.149341,0.743973,-1.22274,-0.158935,0.843388,-1.12068,0.105508,25.71,-1.22132,-0.00012739,-1.6897e-05,0.000175987,-0.000121638,6.72734e-05,4.08323e-05,-9.2112e-05,0.000114366,-2.47916e-05,-0.000140817,0.000141741,-0.000181237,
-8.20394,4.67997,11.1472,9.73736,-0.8223,11.9663,-8.33851,5.77391,20.8931,7.11234,60,14.5464,0,0,0,0,0,0,0,0,0,0,0,0,-0.00337271,0.698714,-1.45223,-0.0277033,0.758926,-1.44032,-0.00732331,0.738396,-1.50056,-0.0238049,0.717259,-1.48581,-0.152537,0.783804,-1.24955,0.149338,0.743976,-1.22275,-0.158934,0.843378,-1.12068,0.105508,25.71,-1.22133,-7.54739e-05,-2.20585e-05,6.69012e-05,-7.01526e-05,3.5175e-05,2.89804e-05,-4.60301e-05,7.12754e-05,-1.59339e-05,-9.34063e-05,5.74285e-05,-8.06396e-05,
-8.20459,4.67952,11.1466,9.7364,-0.822212,11.965,-8.33972,5.77353,20.8945,7.11141,60,14.5473,0,0,0,0,0,0,0,0,0,0,0,0,-0.00336985,0.698715,-1.45223,-0.0277003,0.758926,-1.44032,-0.00732,0.738398,-1.50056,-0.0238028,0.717259,-1.48581,-0.15254,0.783798,-1.24956,0.149329,0.743976,-1.22277,-0.158947,0.843374,-1.12066,0.105499,25.71,-1.22131,0.000167314,3.09273e-05,-2.48385e-05,0.000173324,-2.17047e-05,0.000105466,0.000184962,0.000100746,-0.000115204,0.000138548,-1.75922e-05,3.04221e-05,
-8.20432,4.6799,11.1474,9.73697,-0.822413,11.9663,-8.33981,5.77407,20.8939,7.11159,60,14.5467,0,0,0,0,0,0,0,0,0,0,0,0,-0.0033677,0.698715,-1.45223,-0.0276981,0.758925,-1.44032,-0.00731773,0.7384,-1.50056,-0.0238011,0.717259,-1.48581,-0.152537,0.783803,-1.24955,0.149338,0.743973,-1.22275,-0.158947,0.843384,-1.12067,0.105503,25.71,-1.22132,4.25313e-06,-2.96151e-05,-3.58852e-05,9.50805e-06,7.33334e-06,2.25023e-05,0.000131609,6.65645e-05,-4.284e-05,8.56229e-05,-4.09912e-05,4.47817e-05,
-8.20424,4.68034,11.1474,9.73702,-0.822208,11.9673,-8.3389,5.77427,20.8922,7.11223,60,14.5459,0,0,0,0,0,0,0,0,0,0,0,0,-0.00336921,0.698714,-1.45223,-0.0276995,0.758926,-1.44032,-0.00731817,0.738398,-1.50056,-0.0238027,0.717257,-1.48581,-0.15254,0.783809,-1.24955,0.149335,0.743977,-1.22273,-0.158936,0.843381,-1.12069,0.105508,25.71,-1.22134,-0.00010472,-6.18837e-05,-3.98496e-05,-0.000100672,1.55668e-05,-0.000113319,-6.8403e-05,-0.000137779,0.000152566,-0.000115296,-0.000120374,6.30197e-05,
-8.20414,4.6802,11.1469,9.73693,-0.822029,11.9666,-8.33958,5.77413,20.8931,7.11189,60,14.5471,0,0,0,0,0,0,0,0,0,0,0,0,-0.0033704,0.698713,-1.45223,-0.0277006,0.758926,-1.44032,-0.00731855,0.738396,-1.50055,-0.0238043,0.717255,-1.48581,-0.152537,0.783806,-1.24956,0.149334,0.74398,-1.22275,-0.158946,0.84338,-1.12068,0.105503,25.71,-1.22131,-2.30424e-06,-3.91584e-05,-2.94202e-06,2.75993e-06,-2.5695e-06,-4.51606e-05,4.74377e-05,-1.84273e-06,4.3143e-05,6.33619e-07,-5.26285e-05,2.7936e-05,
-8.20449,4.68019,11.1466,9.73682,-0.822311,11.9668,-8.33929,5.77373,20.8925,7.11198,60,14.5468,0,0,0,0,0,0,0,0,0,0,0,0,-0.00336956,0.698713,-1.45223,-0.0276997,0.758926,-1.44032,-0.00731706,0.738397,-1.50055,-0.0238036,0.717255,-1.48581,-0.15254,0.783807,-1.24956,0.149335,0.743975,-1.22274,-0.158938,0.843376,-1.12069,0.105506,25.71,-1.22132,6.61374e-05,-1.33916e-06,9.41719e-06,6.72206e-05,4.95383e-06,5.38007e-05,9.05941e-05,7.48432e-05,-4.57774e-05,4.40399e-05,3.03225e-06,1.84583e-05,
-8.20453,4.68017,11.1467,9.73653,-0.821935,11.9659,-8.33989,5.77377,20.8938,7.11174,60,14.5472,0,0,0,0,0,0,0,0,0,0,0,0,-0.00336825,0.698713,-1.45223,-0.0276982,0.758926,-1.44032,-0.00731535,0.738398,-1.50055,-0.0238029,0.717254,-1.48581,-0.15254,0.783807,-1.24956,0.149331,0.743981,-1.22276,-0.158947,0.843377,-1.12067,0.105503,25.71,-1.22131,6.26756e-05,5.60856e-06,-3.23703e-06,6.86835e-05,-6.47076e-06,5.36863e-05,9.29404e-05,6.19918e-05,-5.64065e-05,4.61026e-05,-1.0061e-05,1.83506e-05,
-8.20463,4.68048,11.1474,9.73675,-0.822275,11.9669,-8.33962,5.77401,20.8928,7.11205,60,14.5462,0,0,0,0,0,0,0,0,0,0,0,0,-0.00336729,0.698712,-1.45223,-0.0276971,0.758926,-1.44032,-0.00731367,0.738399,-1.50055,-0.0238022,0.717254,-1.48581,-0.152543,0.783812,-1.24955,0.149335,0.743975,-1.22274,-0.158942,0.843381,-1.12068,0.105507,25.71,-1.22133,-1.07e-05,-1.4667e-05,-1.88814e-05,-5.19113e-06,7.07692e-06,-1.37173e-05,2.8567e-05,-5.32684e-06,2.74736e-05,-1.82406e-05,-3.67813e-05,1.0927e-05,
-8.20436,4.68074,11.1479,9.73714,-0.822071,11.967,-8.33959,5.7742,20.8929,7.11234,60,14.5459,0,0,0,0,0,0,0,0,0,0,0,0,-0.00336875,0.698712,-1.45223,-0.0276985,0.758926,-1.44032,-0.00731422,0.738398,-1.50055,-0.0238037,0.717253,-1.48581,-0.152541,0.783815,-1.24954,0.149339,0.743979,-1.22274,-0.158944,0.843383,-1.12068,0.10551,25.71,-1.22134,-7.54531e-05,-3.36404e-05,-1.42579e-05,-6.9627e-05,9.20696e-06,-2.71016e-05,-3.11552e-05,-1.94786e-05,6.35987e-05,-7.83728e-05,-3.55699e-05,-1.48494e-06,
-8.20402,4.6803,11.1467,9.73713,-0.822028,11.9664,-8.34003,5.77414,20.8938,7.11214,60,14.5476,0,0,0,0,0,0,0,0,0,0,0,0,-0.00336979,0.698711,-1.45223,-0.0276994,0.758926,-1.44032,-0.00731447,0.738398,-1.50055,-0.0238048,0.717253,-1.48581,-0.152535,0.783807,-1.24956,0.149338,0.743981,-1.22275,-0.158951,0.843384,-1.12067,0.105506,25.71,-1.22131,-4.79993e-05,-1.32572e-05,5.21582e-05,-4.16615e-05,1.32544e-05,3.67059e-05,-1.62185e-06,5.10596e-05,-7.94803e-06,-4.90594e-05,2.38506e-05,-5.10745e-05,
-8.20413,4.6801,11.1471,9.73692,-0.822049,11.966,-8.34013,5.77373,20.8942,7.1122,60,14.5468,0,0,0,0,0,0,0,0,0,0,0,0,-0.00337039,0.698711,-1.45223,-0.0276999,0.758926,-1.44032,-0.00731413,0.7384,-1.50055,-0.0238054,0.717254,-1.48581,-0.152537,0.783804,-1.24955,0.149335,0.74398,-1.22275,-0.158952,0.843378,-1.12066,0.105507,25.71,-1.22132,-1.10389e-05,-9.42338e-06,4.87231e-05,-4.36329e-06,2.47535e-06,4.97467e-05,2.99081e-05,6.07216e-05,-2.43975e-05,-1.73068e-05,2.85785e-05,-1.55792e-05,
-8.20401,4.68055,11.1462,9.73675,-0.822396,11.9661,-8.3392,5.77361,20.8925,7.11252,60,14.5467,0,0,0,0,0,0,0,0,0,0,0,0,-0.00337051,0.698711,-1.45223,-0.0276998,0.758926,-1.44032,-0.00731337,0.7384,-1.50055,-0.0238058,0.717253,-1.48581,-0.152535,0.783811,-1.24957,0.149331,0.743974,-1.22275,-0.158935,0.843374,-1.12069,0.105512,25.71,-1.22132,-3.61218e-05,-3.46282e-05,4.21782e-06,-3.05597e-05,-1.35799e-07,2.54093e-06,-6.84775e-07,-3.90492e-05,8.25513e-05,-4.75298e-05,-7.0986e-05,5.04662e-05,
-8.20401,4.6809,11.1467,9.73664,-0.822333,11.9662,-8.33884,5.77358,20.8921,7.11263,60,14.5464,0,0,0,0,0,0,0,0,0,0,0,0,-0.00337136,0.69871,-1.45223,-0.0277007,0.758926,-1.44032,-0.00731369,0.738399,-1.50055,-0.0238069,0.717251,-1.4858,-0.152537,0.783817,-1.24956,0.149329,0.743974,-1.22275,-0.158929,0.843372,-1.12069,0.105513,25.71,-1.22132,-5.7462e-05,-3.06616e-05,-5.69291e-05,-1.59617e-05,-1.75658e-05,-2.39735e-05,1.27563e-05,-5.00543e-05,6.53517e-05,-3.3488e-05,-0.000108669,8.71699e-05,
-8.20468,4.68088,11.148,9.73663,-0.822132,11.9667,-8.33999,5.77402,20.893,7.11205,60,14.5453,0,0,0,0,0,0,0,0,0,0,0,0,-0.00337037,0.69871,-1.45223,-0.0276995,0.758926,-1.44032,-0.00731204,0.738398,-1.50055,-0.0238057,0.717249,-1.4858,-0.152544,0.783817,-1.24954,0.149333,0.743977,-1.22274,-0.158945,0.84338,-1.12068,0.105507,25.71,-1.22134,0.000103447,1.30957e-05,-0.000117418,0.000109189,-2.56386e-05,-2.61067e-05,0.000137311,-1.36917e-05,-2.97955e-06,0.000106046,-0.000119208,0.000125217,
-8.20429,4.68065,11.1474,9.73693,-0.822158,11.9667,-8.34042,5.77413,20.8936,7.11197,60,14.5469,0,0,0,0,0,0,0,0,0,0,0,0,-0.00336799,0.698711,-1.45223,-0.0276969,0.758925,-1.44032,-0.00730882,0.738399,-1.50055,-0.0238038,0.717247,-1.4858,-0.152537,0.783814,-1.24955,0.149338,0.743977,-1.22274,-0.15895,0.843383,-1.12067,0.105506,25.71,-1.22131,-1.90739e-05,2.04348e-05,-5.98922e-05,-1.29828e-05,4.52723e-07,-1.47645e-05,0.000108851,1.90823e-05,-3.79466e-05,6.24688e-05,-5.02951e-05,4.10696e-05,
-8.20395,4.68049,11.147,9.73713,-0.822248,11.9669,-8.34017,5.7739,20.8939,7.11245,60,14.5477,0,0,0,0,0,0,0,0,0,0,0,0,-0.00336963,0.698711,-1.45223,-0.0276985,0.758927,-1.44032,-0.00730913,0.7384,-1.50055,-0.0238053,0.717248,-1.4858,-0.152535,0.783811,-1.24956,0.149338,0.743978,-1.22274,-0.15895,0.843382,-1.12066,0.105509,25.71,-1.2213,-0.000111355,-5.16541e-07,2.64952e-05,-0.000104782,5.90856e-05,-7.05651e-06,-5.47064e-05,8.02107e-05,-4.1895e-05,-0.000102557,7.18898e-05,-0.000111215,
-8.20433,4.68084,11.1477,9.73708,-0.82236,11.967,-8.33993,5.7737,20.8931,7.11262,60,14.5462,0,0,0,0,0,0,0,0,0,0,0,0,-0.00337125,0.698711,-1.45223,-0.0277,0.758927,-1.44032,-0.00730968,0.738401,-1.50055,-0.0238069,0.717249,-1.4858,-0.152542,0.783817,-1.24955,0.149337,0.743976,-1.22274,-0.158945,0.843379,-1.12068,0.105513,25.71,-1.22133,-4.07553e-05,-9.66188e-06,-3.35138e-06,-3.41206e-05,1.62331e-05,1.85559e-05,5.06643e-06,3.84721e-05,-2.13203e-05,-4.18535e-05,3.94489e-06,-4.90603e-06,
-8.20421,4.68073,11.1478,9.73703,-0.821814,11.9662,-8.34098,5.77415,20.8945,7.11224,60,14.5465,0,0,0,0,0,0,0,0,0,0,0,0,-0.00337129,0.698711,-1.45223,-0.0276999,0.758927,-1.44032,-0.007309,0.738402,-1.50055,-0.023807,0.717248,-1.4858,-0.152538,0.783814,-1.24954,0.149338,0.743984,-1.22275,-0.158962,0.843387,-1.12065,0.105507,25.71,-1.22132,1.56416e-05,-2.41259e-05,-1.22399e-05,2.22144e-05,-2.07826e-05,6.62147e-05,5.49423e-05,1.5252e-05,1.18133e-05,8.72806e-06,-5.32406e-05,4.94271e-05,
-8.20385,4.68065,11.1476,9.73723,-0.822096,11.966,-8.34047,5.77389,20.894,7.11278,60,14.5458,0,0,0,0,0,0,0,0,0,0,0,0,-0.00337165,0.69871,-1.45223,-0.0277001,0.758927,-1.44032,-0.00730832,0.738402,-1.50055,-0.0238075,0.717248,-1.4858,-0.152535,0.783812,-1.24955,0.149339,0.743979,-1.22275,-0.158954,0.843382,-1.12066,0.105514,25.71,-1.22133,-8.08397e-05,-3.33904e-05,6.47876e-05,-7.45745e-05,3.48598e-06,5.00255e-05,-3.79901e-05,1.36371e-05,5.03651e-05,-8.48011e-05,-9.72581e-06,1.08495e-05,
-8.2034,4.68093,11.146,9.7373,-0.822509,11.9664,-8.33931,5.77365,20.892,7.11324,60,14.5468,0,0,0,0,0,0,0,0,0,0,0,0,-0.00337439,0.698709,-1.45223,-0.0277027,0.758927,-1.44032,-0.00731024,0.738402,-1.50055,-0.0238104,0.717247,-1.4858,-0.15253,0.783816,-1.24957,0.149336,0.743972,-1.22274,-0.158936,0.843377,-1.12069,0.105518,25.71,-1.22131,-0.000125381,-4.37213e-05,7.05294e-05,-0.000119427,1.06002e-05,3.54341e-06,-8.93531e-05,-2.41938e-05,0.000106821,-0.000136628,-2.18986e-05,1.53966e-05,
-8.20389,4.68091,11.1476,9.73727,-0.822386,11.9663,-8.33981,5.77337,20.8926,7.1131,60,14.5453,0,0,0,0,0,0,0,0,0,0,0,0,-0.00337583,0.698708,-1.45223,-0.027704,0.758927,-1.44031,-0.00731114,0.738402,-1.50055,-0.0238121,0.717247,-1.4858,-0.152538,0.783816,-1.24954,0.149337,0.743974,-1.22274,-0.158944,0.843373,-1.12068,0.105516,25.71,-1.22134,-3.22257e-05,-2.48171e-06,2.34812e-05,-2.64856e-05,-5.39737e-06,3.92238e-05,-6.16716e-06,3.74792e-05,1.37192e-05,-5.27377e-05,-3.92076e-05,5.30061e-05,
-8.20448,4.6807,11.147,9.73658,-0.822531,11.9653,-8.3404,5.77278,20.8931,7.11254,60,14.5459,0,0,0,0,0,0,0,0,0,0,0,0,-0.00337308,0.698709,-1.45223,-0.0277012,0.758926,-1.44031,-0.00730798,0.738403,-1.50055,-0.0238099,0.717246,-1.4858,-0.152542,0.783814,-1.24956,0.149331,0.74397,-1.22276,-0.158947,0.843365,-1.12068,0.105512,25.71,-1.22133,0.000146504,4.42222e-05,-4.5605e-05,0.000152592,-2.80526e-05,0.00010437,0.000168016,9.96667e-05,-7.41324e-05,0.000121998,-3.34819e-05,5.79307e-05,
-8.2042,4.68076,11.1468,9.73661,-0.822872,11.9657,-8.34004,5.77265,20.8931,7.11286,60,14.5466,0,0,0,0,0,0,0,0,0,0,0,0,-0.00337153,0.698709,-1.45223,-0.0276995,0.758926,-1.44031,-0.00730579,0.738405,-1.50055,-0.0238087,0.717246,-1.4858,-0.152539,0.783815,-1.24956,0.14933,0.743966,-1.22275,-0.158942,0.843364,-1.12068,0.105516,25.71,-1.22131,4.87277e-06,2.12365e-05,-3.74688e-05,1.05029e-05,3.10198e-05,7.11177e-06,4.24524e-05,7.05529e-05,-2.84174e-05,-4.4583e-06,1.05781e-05,-5.73734e-06,
-8.20423,4.68107,11.1482,9.73694,-0.822658,11.9668,-8.34041,5.77339,20.8932,7.11294,60,14.5458,0,0,0,0,0,0,0,0,0,0,0,0,-0.0033726,0.698709,-1.45223,-0.0277004,0.758927,-1.44031,-0.00730591,0.738405,-1.50055,-0.0238098,0.717246,-1.4858,-0.152542,0.78382,-1.24954,0.149334,0.743971,-1.22274,-0.15895,0.843375,-1.12068,0.105515,25.71,-1.22133,-4.84445e-05,-8.78833e-06,-9.25835e-05,-4.31117e-05,3.2691e-05,-0.000103642,6.35234e-07,-2.5457e-05,3.31319e-05,-4.63282e-05,-4.23238e-05,-9.33461e-07,
-8.20426,4.68123,11.1486,9.73734,-0.822622,11.9674,-8.34055,5.77366,20.8928,7.11302,60,14.5454,0,0,0,0,0,0,0,0,0,0,0,0,-0.00337324,0.698709,-1.45223,-0.027701,0.758928,-1.44031,-0.00730541,0.738404,-1.50055,-0.0238104,0.717244,-1.4858,-0.152542,0.783823,-1.24953,0.149341,0.743971,-1.22273,-0.158951,0.843379,-1.12068,0.105516,25.71,-1.22134,-3.82739e-05,-4.82796e-06,-8.71064e-05,-3.25995e-05,2.11845e-05,-6.28301e-05,1.1018e-05,-3.56466e-05,4.04672e-05,-3.6068e-05,-3.83513e-05,7.83387e-06,
-8.204,4.68106,11.1478,9.73715,-0.82258,11.9661,-8.3403,5.77298,20.8935,7.11315,60,14.5463,0,0,0,0,0,0,0,0,0,0,0,0,-0.00337413,0.698709,-1.45223,-0.0277018,0.758928,-1.44032,-0.00730535,0.738404,-1.50055,-0.023811,0.717244,-1.4858,-0.152539,0.783819,-1.24955,0.149336,0.743973,-1.22275,-0.158947,0.843368,-1.12067,0.105518,25.71,-1.22132,-5.21379e-05,-1.23254e-05,5.05735e-07,-4.57163e-05,2.37511e-05,5.96267e-06,4.74492e-06,1.90796e-05,-2.13286e-06,-4.27384e-05,1.52986e-05,-5.35351e-05,
-8.20393,4.68081,11.1476,9.73709,-0.822745,11.9656,-8.34087,5.77301,20.8941,7.11299,60,14.5466,0,0,0,0,0,0,0,0,0,0,0,0,-0.00337471,0.698709,-1.45223,-0.0277022,0.758929,-1.44031,-0.00730475,0.738406,-1.50055,-0.0238115,0.717245,-1.4858,-0.152537,0.783815,-1.24955,0.149336,0.74397,-1.22276,-0.158956,0.843372,-1.12066,0.105515,25.71,-1.22132,-1.62857e-05,-2.51358e-06,5.78377e-05,-8.85772e-06,2.4637e-05,8.42671e-05,3.99207e-05,8.56896e-05,-2.75979e-05,-6.02423e-06,5.87199e-05,-5.05365e-05,
-8.20379,4.68113,11.1474,9.73737,-0.822659,11.9666,-8.34082,5.77352,20.893,7.11313,60,14.5462,0,0,0,0,0,0,0,0,0,0,0,0,-0.00337522,0.698708,-1.45223,-0.0277025,0.758929,-1.44031,-0.00730385,0.738407,-1.50055,-0.0238117,0.717246,-1.4858,-0.152536,0.783819,-1.24955,0.14934,0.743971,-1.22274,-0.158955,0.84338,-1.12068,0.105517,25.71,-1.22132,-4.19571e-05,-4.36241e-05,2.67286e-05,-3.53071e-05,6.97927e-07,1.05049e-05,1.6091e-05,-1.99018e-05,6.65712e-05,-3.11548e-05,-1.85498e-05,1.37154e-05,
-8.20373,4.68106,11.1469,9.7371,-0.822519,11.966,-8.34081,5.77318,20.8929,7.11303,60,14.5465,0,0,0,0,0,0,0,0,0,0,0,0,-0.0033761,0.698707,-1.45223,-0.0277033,0.758929,-1.44031,-0.0073036,0.738406,-1.50055,-0.0238124,0.717244,-1.4858,-0.152535,0.783817,-1.24956,0.149335,0.743974,-1.22275,-0.158954,0.843372,-1.12068,0.105515,25.71,-1.22132,-4.62681e-06,-3.38872e-05,1.34039e-05,1.821e-06,-8.72337e-06,1.91584e-05,4.40809e-05,-3.65588e-05,8.06258e-05,-2.82373e-06,-6.37628e-05,3.62225e-05,
-8.20402,4.68118,11.1478,9.73716,-0.822298,11.9664,-8.34155,5.77362,20.8934,7.1128,60,14.5457,0,0,0,0,0,0,0,0,0,0,0,0,-0.00337542,0.698707,-1.45223,-0.0277025,0.758928,-1.44031,-0.00730217,0.738406,-1.50055,-0.0238118,0.717243,-1.4858,-0.152538,0.783819,-1.24954,0.149338,0.743977,-1.22274,-0.158964,0.843381,-1.12067,0.105513,25.71,-1.22133,5.37073e-05,-1.17663e-05,-9.84769e-06,6.00339e-05,-1.64415e-05,4.35233e-05,9.36484e-05,-7.76265e-06,2.7363e-05,4.74133e-05,-6.76061e-05,6.26592e-05,
-8.20405,4.68159,11.1478,9.73734,-0.822367,11.9669,-8.34122,5.77362,20.8926,7.11313,60,14.5453,0,0,0,0,0,0,0,0,0,0,0,0,-0.00337471,0.698706,-1.45223,-0.0277016,0.758928,-1.44031,-0.00730068,0.738405,-1.50055,-0.0238113,0.717242,-1.4858,-0.152539,0.783825,-1.24954,0.149341,0.743976,-1.22273,-0.158959,0.84338,-1.12068,0.105518,25.71,-1.22134,-1.12283e-05,-3.28781e-05,8.14085e-06,-5.79755e-06,2.88651e-06,-9.23146e-06,2.48851e-05,-1.50891e-05,6.70732e-05,-2.16675e-05,-5.26265e-05,4.39322e-05,
-8.20379,4.6813,11.1483,9.7375,-0.821985,11.9662,-8.34202,5.77359,20.8945,7.11313,60,14.546,0,0,0,0,0,0,0,0,0,0,0,0,-0.00337594,0.698706,-1.45223,-0.0277027,0.758928,-1.44031,-0.00730122,0.738406,-1.50055,-0.0238131,0.717242,-1.4858,-0.152537,0.78382,-1.24953,0.149341,0.743984,-1.22274,-0.158975,0.843382,-1.12065,0.105515,25.71,-1.22133,-5.95612e-05,-2.43055e-05,7.1839e-05,-5.38935e-05,1.77777e-05,8.99501e-06,-3.03526e-05,7.43871e-05,-1.09615e-06,-6.61358e-05,4.83709e-05,-6.81076e-05,
-8.2036,4.68103,11.1464,9.73714,-0.822775,11.9655,-8.34105,5.77265,20.8935,7.11355,60,14.5472,0,0,0,0,0,0,0,0,0,0,0,0,-0.00337645,0.698706,-1.45223,-0.0277032,0.758929,-1.44031,-0.00730128,0.738407,-1.50055,-0.023814,0.717244,-1.4858,-0.152533,0.783815,-1.24956,0.149335,0.743971,-1.22275,-0.158957,0.843367,-1.12067,0.105521,25.71,-1.22131,-2.62602e-05,-1.04749e-05,0.000105419,-2.06835e-05,4.20018e-05,4.92217e-05,-2.24622e-06,0.00010565,-2.73451e-05,-8.16851e-05,9.7857e-05,-9.63365e-05,
-8.20353,4.68126,11.1472,9.73717,-0.822532,11.9657,-8.34106,5.7729,20.8936,7.11361,60,14.5462,0,0,0,0,0,0,0,0,0,0,0,0,-0.00337846,0.698705,-1.45222,-0.027705,0.75893,-1.44031,-0.00730285,0.738409,-1.50055,-0.0238165,0.717245,-1.4858,-0.152534,0.783818,-1.24955,0.149334,0.743975,-1.22275,-0.158959,0.843371,-1.12066,0.10552,25.71,-1.22132,-3.31055e-05,-3.01718e-05,6.88993e-05,-2.83573e-05,1.76679e-05,-2.43458e-05,-2.10398e-05,1.53985e-05,5.78871e-05,-6.78748e-05,-6.78576e-06,-5.67984e-06,
-8.20385,4.68163,11.1468,9.73709,-0.822969,11.9671,-8.34052,5.7731,20.8914,7.11355,60,14.5459,0,0,0,0,0,0,0,0,0,0,0,0,-0.00337755,0.698705,-1.45222,-0.027704,0.75893,-1.44031,-0.00730179,0.738408,-1.50055,-0.0238164,0.717242,-1.4858,-0.152537,0.783825,-1.24956,0.149335,0.743967,-1.22273,-0.158946,0.843372,-1.1207,0.105521,25.71,-1.22132,5.55838e-05,-2.27615e-05,-7.81041e-05,5.94037e-05,1.41639e-06,-7.93892e-05,6.11033e-05,-7.25295e-05,0.000104155,1.54423e-05,-0.000136524,0.000112549,
-8.20445,4.68154,11.1486,9.73707,-0.822262,11.967,-8.34184,5.77326,20.8931,7.11306,60,14.5448,0,0,0,0,0,0,0,0,0,0,0,0,-0.00337596,0.698705,-1.45223,-0.0277024,0.75893,-1.44031,-0.00730014,0.738407,-1.50054,-0.0238157,0.71724,-1.4858,-0.152544,0.783824,-1.24953,0.149339,0.743979,-1.22273,-0.158966,0.843376,-1.12067,0.105515,25.71,-1.22134,0.000143239,2.71716e-05,-0.000104742,0.000147104,-1.91159e-05,-2.02484e-05,0.000143819,-7.68398e-07,2.19791e-05,9.85249e-05,-0.000131925,0.000106753,
-8.20492,4.68149,11.1481,9.73679,-0.822823,11.9669,-8.34194,5.7726,20.8928,7.11295,60,14.5451,0,0,0,0,0,0,0,0,0,0,0,0,-0.00337249,0.698705,-1.45223,-0.0276988,0.75893,-1.44031,-0.00729666,0.738408,-1.50055,-0.023813,0.717238,-1.48579,-0.152548,0.783824,-1.24954,0.149339,0.743969,-1.22273,-0.158963,0.843367,-1.12068,0.105517,25.71,-1.22134,0.000190529,3.48909e-05,-6.07107e-05,0.000195302,-1.84586e-06,1.64551e-05,0.000194513,7.75474e-05,-4.96729e-05,0.000148334,-3.84608e-05,3.75504e-05,
-8.20403,4.68156,11.1469,9.73724,-0.822704,11.9668,-8.34141,5.7727,20.8933,7.11366,60,14.5474,0,0,0,0,0,0,0,0,0,0,0,0,-0.00337256,0.698706,-1.45223,-0.0276988,0.75893,-1.44031,-0.00729641,0.73841,-1.50055,-0.0238137,0.717239,-1.4858,-0.152539,0.783825,-1.24955,0.149339,0.743974,-1.22273,-0.15896,0.843371,-1.12067,0.105522,25.71,-1.2213,-0.000101872,-3.26646e-07,0.000104983,-9.70292e-05,7.35218e-05,-1.52415e-05,-8.01341e-05,0.000115244,-2.63241e-05,-0.000128175,0.000106959,-0.000141706,
-8.20372,4.68133,11.1464,9.73745,-0.822799,11.9671,-8.34162,5.77296,20.8931,7.11367,60,14.548,0,0,0,0,0,0,0,0,0,0,0,0,-0.00337539,0.698705,-1.45222,-0.0277015,0.758932,-1.44031,-0.00729881,0.738413,-1.50055,-0.0238173,0.717242,-1.4858,-0.152536,0.78382,-1.24956,0.149341,0.743973,-1.22273,-0.158966,0.843378,-1.12067,0.10552,25.71,-1.22129,-0.000102324,-1.97019e-05,9.75839e-05,-9.70956e-05,5.94638e-05,3.19303e-05,-4.14088e-05,7.35122e-05,-2.73524e-05,-8.90533e-05,7.163e-05,-7.21199e-05,
-8.20429,4.6814,11.147,9.73693,-0.82249,11.9666,-8.34173,5.77251,20.8929,7.11353,60,14.5464,0,0,0,0,0,0,0,0,0,0,0,0,-0.00337553,0.698705,-1.45222,-0.0277016,0.758932,-1.44031,-0.00729843,0.738414,-1.50055,-0.0238176,0.717242,-1.4858,-0.152543,0.783821,-1.24955,0.149335,0.743977,-1.22274,-0.158965,0.843369,-1.12068,0.10552,25.71,-1.22132,4.57157e-05,-1.2467e-05,-3.70101e-06,5.11892e-05,-1.77763e-05,5.18216e-05,6.34876e-05,3.10459e-05,8.05088e-06,1.71048e-05,-4.68745e-05,7.57193e-05,
-8.20438,4.68143,11.1474,9.73657,-0.822335,11.9658,-8.34216,5.77258,20.8935,7.11334,60,14.5454,0,0,0,0,0,0,0,0,0,0,0,0,-0.00337334,0.698705,-1.45222,-0.027699,0.758931,-1.44031,-0.00729572,0.738413,-1.50055,-0.023816,0.717239,-1.4858,-0.152542,0.783821,-1.24955,0.149331,0.743979,-1.22275,-0.158969,0.843368,-1.12066,0.105518,25.71,-1.22133,9.40057e-05,-2.16437e-05,-3.83343e-05,7.32937e-05,-4.45288e-05,2.16026e-05,8.16158e-05,-3.87826e-05,7.46163e-05,3.64446e-05,-0.000136937,0.000164692,
-8.20386,4.68182,11.1478,9.73717,-0.822444,11.9669,-8.34185,5.77334,20.893,7.11378,60,14.545,0,0,0,0,0,0,0,0,0,0,0,0,-0.00337321,0.698704,-1.45223,-0.027699,0.758931,-1.44031,-0.00729547,0.738412,-1.50054,-0.0238166,0.717237,-1.48579,-0.152536,0.783827,-1.24954,0.149339,0.743978,-1.22273,-0.158967,0.84338,-1.12067,0.105523,25.71,-1.22134,-7.20909e-05,-4.8841e-05,-1.90027e-05,-6.75656e-05,1.25589e-06,-5.91239e-05,-4.64043e-05,-9.14981e-05,0.000138199,-9.27622e-05,-0.000102902,8.78901e-05,
-8.20335,4.6817,11.1484,9.73779,-0.822218,11.967,-8.34203,5.77362,20.8937,7.1141,60,14.5448,0,0,0,0,0,0,0,0,0,0,0,0,-0.00337645,0.698703,-1.45222,-0.0277022,0.758932,-1.44031,-0.00729843,0.73841,-1.50054,-0.0238207,0.717235,-1.48579,-0.152532,0.783824,-1.24953,0.149345,0.743983,-1.22273,-0.158974,0.843383,-1.12065,0.105523,25.71,-1.22134,-0.000154544,-4.71218e-05,1.86281e-05,-0.000150493,3.70214e-05,-8.42935e-05,-0.000104146,-4.60341e-05,0.00011947,-0.000150988,-4.32843e-05,3.45288e-06,
-8.20347,4.6815,11.1474,9.73781,-0.822775,11.9672,-8.34149,5.77296,20.8925,7.11424,60,14.5452,0,0,0,0,0,0,0,0,0,0,0,0,-0.00337833,0.698703,-1.45222,-0.0277037,0.758932,-1.44031,-0.00729922,0.73841,-1.50054,-0.0238221,0.717235,-1.48579,-0.152533,0.783821,-1.24954,0.149346,0.743973,-1.22273,-0.158963,0.843374,-1.12068,0.105526,25.71,-1.22134,-4.186e-05,2.62182e-06,7.23088e-05,-4.86343e-05,2.99612e-05,-2.89954e-06,-3.32176e-05,3.75311e-05,4.14466e-05,-8.02203e-05,1.73714e-05,-4.12186e-05,
-8.20364,4.6816,11.1469,9.7378,-0.822679,11.9669,-8.34161,5.7727,20.8929,7.11409,60,14.5462,0,0,0,0,0,0,0,0,0,0,0,0,-0.00337864,0.698703,-1.45222,-0.0277042,0.758933,-1.44031,-0.00729958,0.738412,-1.50054,-0.0238235,0.717237,-1.48579,-0.152536,0.783823,-1.24955,0.149347,0.743976,-1.22273,-0.158965,0.843374,-1.12067,0.105524,25.71,-1.22132,7.3191e-08,1.87025e-05,0.000101874,5.4526e-06,3.60564e-05,8.0682e-05,7.35996e-06,0.000143108,-9.36027e-05,-2.2523e-06,8.66975e-05,-6.51812e-05,
-8.20433,4.68104,11.1466,9.73696,-0.82266,11.9659,-8.34263,5.77196,20.894,7.1135,60,14.5467,0,0,0,0,0,0,0,0,0,0,0,0,-0.00337581,0.698704,-1.45222,-0.0277012,0.758933,-1.44031,-0.00729669,0.738417,-1.50054,-0.0238217,0.717238,-1.4858,-0.152541,0.783815,-1.24955,0.149339,0.743976,-1.22275,-0.158977,0.843366,-1.12066,0.105518,25.71,-1.22131,0.000168925,5.23156e-05,5.21931e-05,0.000174824,-6.01475e-06,0.000131835,0.000168855,0.000191999,-0.000142584,0.000122345,5.9313e-05,-1.96171e-05,
-8.20447,4.68138,11.1461,9.73635,-0.823263,11.9657,-8.34146,5.77114,20.8921,7.114,60,14.5463,0,0,0,0,0,0,0,0,0,0,0,0,-0.00337293,0.698704,-1.45222,-0.0276982,0.758933,-1.44031,-0.00729375,0.738419,-1.50054,-0.0238198,0.717238,-1.48579,-0.152544,0.78382,-1.24956,0.149328,0.743965,-1.22275,-0.158955,0.843351,-1.12069,0.105526,25.71,-1.22132,5.23069e-05,-3.54929e-06,9.46908e-06,5.70172e-05,8.55106e-07,3.7146e-05,6.11474e-05,5.48001e-05,2.55454e-05,1.48607e-05,-2.29963e-05,2.28824e-05,
-8.20411,4.68207,11.1463,9.73693,-0.823103,11.9676,-8.34145,5.77255,20.8911,7.1142,60,14.5463,0,0,0,0,0,0,0,0,0,0,0,0,-0.00337374,0.698704,-1.45222,-0.0276986,0.758934,-1.44031,-0.00729411,0.738419,-1.50054,-0.0238209,0.717237,-1.48579,-0.152541,0.783832,-1.24956,0.149335,0.743969,-1.22272,-0.158958,0.843372,-1.1207,0.105526,25.71,-1.22131,-4.88655e-05,-3.40243e-05,-6.85947e-06,-5.28538e-05,2.73183e-05,-9.56138e-05,-3.50693e-05,-0.000101424,0.000152877,-8.14113e-05,-0.000116994,7.3001e-05,
-8.20423,4.68193,11.1471,9.73683,-0.82269,11.9679,-8.34182,5.77257,20.8913,7.11394,60,14.5458,0,0,0,0,0,0,0,0,0,0,0,0,-0.00337416,0.698703,-1.45222,-0.0276993,0.758934,-1.44031,-0.00729403,0.738416,-1.50054,-0.0238218,0.717234,-1.48579,-0.152542,0.783829,-1.24955,0.149334,0.743976,-1.22272,-0.158962,0.843368,-1.12069,0.105522,25.71,-1.22132,4.67763e-06,-1.42048e-05,-0.000180536,9.0896e-06,-9.10284e-07,-0.000128477,4.10127e-05,-0.000139084,0.000147598,-4.767e-06,-0.000185238,0.000164553,
-8.20499,4.6818,11.1492,9.73659,-0.82274,11.9671,-8.3427,5.77205,20.8928,7.11363,60,14.5439,0,0,0,0,0,0,0,0,0,0,0,0,-0.00337208,0.698704,-1.45223,-0.0276971,0.758934,-1.44031,-0.0072912,0.738415,-1.50054,-0.0238199,0.717231,-1.48579,-0.152551,0.783829,-1.24952,0.149335,0.743975,-1.22273,-0.158973,0.843361,-1.12067,0.105521,25.71,-1.22135,0.000111722,4.13923e-05,-0.000169074,0.000117147,1.84694e-06,-3.91787e-05,0.000149863,-5.5724e-06,1.06266e-05,0.000103857,-0.000101198,0.000102594,
-8.20393,4.68196,11.1471,9.7373,-0.823233,11.9672,-8.34202,5.77229,20.8926,7.1143,60,14.5463,0,0,0,0,0,0,0,0,0,0,0,0,-0.00337144,0.698705,-1.45223,-0.0276963,0.758934,-1.44031,-0.00728935,0.738416,-1.50054,-0.0238192,0.71723,-1.48579,-0.152537,0.783831,-1.24955,0.149342,0.743968,-1.22273,-0.158964,0.843368,-1.12067,0.105529,25.71,-1.22131,-0.000129814,-6.15363e-07,4.27421e-05,-0.000123357,7.22316e-05,-2.23148e-05,-6.57889e-05,5.0856e-05,-8.44116e-06,-0.000114171,9.02761e-05,-3.20819e-05,
-8.20357,4.68197,11.1473,9.73765,-0.823212,11.9675,-8.3416,5.77227,20.8924,7.11478,60,14.5464,0,0,0,0,0,0,0,0,0,0,0,0,-0.00337487,0.698704,-1.45223,-0.0276997,0.758936,-1.44031,-0.00729221,0.738417,-1.50054,-0.023823,0.717233,-1.48579,-0.152537,0.783831,-1.24955,0.149343,0.74397,-1.22272,-0.158961,0.843369,-1.12068,0.105532,25.71,-1.22131,-0.000268238,-1.05385e-05,0.000103721,-0.000204685,7.56002e-05,2.44247e-05,-0.000137394,7.58656e-05,-2.44643e-05,-0.000186361,0.000136672,-0.000142828,
-8.20421,4.68168,11.1486,9.73752,-0.822967,11.9667,-8.34295,5.77219,20.8936,7.114,60,14.5452,0,0,0,0,0,0,0,0,0,0,0,0,-0.00337672,0.698704,-1.45222,-0.0277013,0.758937,-1.44031,-0.00729215,0.738418,-1.50054,-0.0238235,0.717234,-1.48579,-0.152544,0.783826,-1.24952,0.149345,0.743974,-1.22273,-0.15898,0.84337,-1.12066,0.105524,25.71,-1.22133,2.41357e-05,9.09943e-06,1.03037e-05,3.19871e-05,4.72036e-06,0.000113899,8.66543e-05,0.00010816,-6.82052e-05,7.40985e-05,3.92409e-05,-6.18693e-06,
-8.20406,4.68154,11.147,9.73736,-0.823287,11.9663,-8.3428,5.77181,20.8929,7.11413,60,14.5462,0,0,0,0,0,0,0,0,0,0,0,0,-0.0033748,0.698705,-1.45222,-0.0276992,0.758936,-1.44031,-0.00728872,0.738421,-1.50054,-0.0238215,0.717235,-1.48579,-0.15254,0.783823,-1.24955,0.149344,0.743967,-1.22274,-0.158974,0.843365,-1.12067,0.105527,25.71,-1.22132,-1.89511e-06,-4.2203e-06,6.00801e-05,6.5166e-06,-5.81139e-07,0.000135989,6.37904e-05,8.16233e-05,-2.91878e-05,1.67969e-05,5.35438e-05,-1.67262e-05,
-8.20366,4.68163,11.148,9.7377,-0.823022,11.9662,-8.34311,5.77216,20.8935,7.1144,60,14.5451,0,0,0,0,0,0,0,0,0,0,0,0,-0.00337695,0.698704,-1.45222,-0.0277012,0.758936,-1.44031,-0.00728943,0.738422,-1.50054,-0.0238232,0.717236,-1.48579,-0.152537,0.783823,-1.24953,0.149346,0.743973,-1.22274,-0.158983,0.84337,-1.12066,0.105527,25.71,-1.22134,-0.00010486,-5.2583e-05,9.42315e-05,-9.7177e-05,1.16296e-05,8.41683e-05,-3.77553e-05,1.65224e-06,5.71358e-05,-8.53098e-05,2.06029e-05,-8.75526e-06,
-8.20342,4.68189,11.1458,9.7373,-0.823546,11.966,-8.34165,5.77141,20.891,7.11482,60,14.5461,0,0,0,0,0,0,0,0,0,0,0,0,-0.00337863,0.698703,-1.45222,-0.0277027,0.758936,-1.44031,-0.00728979,0.738421,-1.50054,-0.0238245,0.717236,-1.48579,-0.152534,0.783827,-1.24957,0.149337,0.743963,-1.22274,-0.158957,0.843355,-1.1207,0.105534,25.71,-1.22132,-9.63332e-05,-5.61502e-05,7.84014e-05,-8.95815e-05,-7.91454e-06,3.99611e-05,-3.60176e-05,-4.83965e-05,0.0001234,-8.29548e-05,-3.17819e-05,3.84525e-05,
-8.20385,4.68198,11.1475,9.73723,-0.823128,11.9662,-8.34265,5.77181,20.8922,7.11437,60,14.5451,0,0,0,0,0,0,0,0,0,0,0,0,-0.00338002,0.698702,-1.45222,-0.027704,0.758936,-1.44031,-0.00729004,0.73842,-1.50054,-0.0238257,0.717235,-1.48579,-0.15254,0.783829,-1.24954,0.149338,0.74397,-1.22274,-0.158972,0.843362,-1.12068,0.105527,25.71,-1.22133,4.08934e-05,-6.52119e-06,-3.77198e-05,4.76513e-05,-2.3067e-05,3.26081e-05,8.98991e-05,-1.33861e-05,5.36622e-05,4.38014e-05,-8.0355e-05,6.55313e-05,
-8.20422,4.6819,11.1482,9.73699,-0.823169,11.9659,-8.34324,5.77173,20.8928,7.11401,60,14.5443,0,0,0,0,0,0,0,0,0,0,0,0,-0.00337762,0.698702,-1.45222,-0.0277015,0.758936,-1.44031,-0.00728681,0.73842,-1.50054,-0.0238233,0.717233,-1.48579,-0.152542,0.783828,-1.24953,0.149338,0.743968,-1.22274,-0.158978,0.84336,-1.12067,0.105526,25.71,-1.22134,0.000131895,1.9665e-05,-0.000134077,0.000138261,-3.19392e-05,3.58955e-06,0.000180688,-1.50891e-05,1.25777e-05,0.000134978,-0.000108965,0.000122001,
-8.20381,4.68227,11.1482,9.7378,-0.823469,11.9675,-8.34275,5.77234,20.8919,7.11457,60,14.545,0,0,0,0,0,0,0,0,0,0,0,0,-0.00337703,0.698702,-1.45222,-0.0277008,0.758936,-1.44031,-0.00728536,0.73842,-1.50054,-0.0238228,0.717232,-1.48579,-0.152538,0.783834,-1.24953,0.149348,0.743965,-1.22272,-0.158972,0.843371,-1.12068,0.105531,25.71,-1.22133,-4.29346e-05,-1.2197e-05,-6.73862e-05,-7.76861e-05,4.84717e-05,-6.99646e-05,-2.33385e-05,-3.14912e-05,7.27325e-05,-7.08191e-05,-1.64998e-05,-1.03934e-05,
-8.20366,4.68235,11.1483,9.73785,-0.823295,11.9669,-8.3425,5.77173,20.8925,7.11483,60,14.5451,0,0,0,0,0,0,0,0,0,0,0,0,-0.00337976,0.698702,-1.45222,-0.0277034,0.758937,-1.44031,-0.00728672,0.73842,-1.50054,-0.0238253,0.717232,-1.48579,-0.15254,0.783835,-1.24953,0.149346,0.743969,-1.22273,-0.15897,0.843361,-1.12067,0.105534,25.71,-1.22133,-0.000114152,-2.4681e-05,1.21785e-05,-0.000107955,4.35068e-05,-2.73797e-05,-5.60533e-05,4.55394e-05,-2.83689e-05,-6.78994e-05,5.73e-05,-6.90827e-05,
-8.20409,4.68206,11.1476,9.73734,-0.823528,11.9659,-8.34317,5.77138,20.8931,7.11452,60,14.5459,0,0,0,0,0,0,0,0,0,0,0,0,-0.00337959,0.698702,-1.45222,-0.027703,0.758938,-1.44031,-0.0072852,0.738421,-1.50054,-0.0238251,0.717233,-1.48579,-0.152544,0.78383,-1.24954,0.149341,0.743965,-1.22274,-0.158977,0.843359,-1.12066,0.105531,25.71,-1.22132,4.27363e-05,1.00151e-05,4.27301e-05,4.9831e-05,1.51319e-05,9.372e-05,8.86871e-05,0.000124282,-0.000113534,3.64854e-05,9.19795e-05,-6.85181e-05,
-8.20407,4.68222,11.1482,9.73783,-0.823611,11.967,-8.3434,5.77178,20.8926,7.11463,60,14.5454,0,0,0,0,0,0,0,0,0,0,0,0,-0.00337903,0.698702,-1.45222,-0.0277023,0.758938,-1.4403,-0.00728382,0.738424,-1.50054,-0.0238243,0.717235,-1.48579,-0.152544,0.783833,-1.24953,0.149349,0.743964,-1.22272,-0.158981,0.843368,-1.12067,0.105533,25.71,-1.22133,5.7025e-06,-3.93622e-06,4.911e-05,1.2549e-05,1.1053e-05,8.33059e-05,5.48391e-05,8.99849e-05,-4.32767e-05,7.17087e-06,5.32046e-05,-4.56794e-05,
-8.2039,4.68224,11.1481,9.73772,-0.823405,11.9663,-8.34352,5.77144,20.893,7.11473,60,14.5453,0,0,0,0,0,0,0,0,0,0,0,0,-0.00337981,0.698701,-1.45222,-0.027703,0.758938,-1.4403,-0.00728354,0.738425,-1.50054,-0.023825,0.717236,-1.48579,-0.152543,0.783832,-1.24953,0.149346,0.743968,-1.22273,-0.158984,0.843361,-1.12067,0.105533,25.71,-1.22133,-3.68499e-05,-4.42339e-05,8.60196e-05,-3.02148e-05,8.73219e-06,2.38647e-05,1.08619e-05,2.78705e-05,1.81148e-05,-3.62334e-05,2.33052e-05,-1.50216e-05,
-8.20358,4.68228,11.1458,9.73729,-0.823775,11.9658,-8.34254,5.77091,20.8917,7.11499,60,14.5471,0,0,0,0,0,0,0,0,0,0,0,0,-0.00338046,0.6987,-1.45222,-0.0277035,0.758938,-1.4403,-0.00728328,0.738426,-1.50054,-0.0238258,0.717236,-1.48579,-0.152538,0.783831,-1.24956,0.149337,0.743961,-1.22274,-0.158966,0.843352,-1.12069,0.105536,25.71,-1.2213,-5.01568e-05,-4.84922e-05,0.000121289,-4.35954e-05,-3.7768e-06,3.75255e-05,-7.63816e-06,1.12208e-05,2.9597e-05,-5.49271e-05,8.13649e-06,-2.11791e-05,
-8.20398,4.6826,11.1477,9.73726,-0.823478,11.9663,-8.34304,5.7713,20.8918,7.11488,60,14.5452,0,0,0,0,0,0,0,0,0,0,0,0,-0.00338131,0.698699,-1.45222,-0.0277042,0.758938,-1.4403,-0.00728343,0.738425,-1.50054,-0.0238267,0.717236,-1.48579,-0.152544,0.783836,-1.24953,0.149337,0.743966,-1.22273,-0.158974,0.843358,-1.12068,0.105535,25.71,-1.22133,4.13765e-06,-3.53526e-05,1.18475e-05,1.02534e-05,-1.19029e-05,-1.26633e-06,4.04019e-05,-2.86139e-05,5.60818e-05,-5.91908e-06,-6.71702e-05,7.60614e-05,
-8.20418,4.68278,11.1476,9.73715,-0.823385,11.9668,-8.34357,5.7717,20.8916,7.11448,60,14.5453,0,0,0,0,0,0,0,0,0,0,0,0,-0.00337927,0.698698,-1.45222,-0.0277021,0.758938,-1.4403,-0.00728068,0.738424,-1.50054,-0.0238249,0.717233,-1.48579,-0.152544,0.783839,-1.24954,0.149339,0.743966,-1.22273,-0.158979,0.843362,-1.12069,0.105531,25.71,-1.22133,8.47011e-05,-2.6411e-05,-9.92113e-05,9.02218e-05,-3.17202e-05,-3.99161e-05,0.000120027,-7.59894e-05,7.84482e-05,7.40791e-05,-0.00013728,0.000125314,
-8.20395,4.68285,11.1471,9.73736,-0.82325,11.9672,-8.34338,5.77176,20.8916,7.11471,60,14.5461,0,0,0,0,0,0,0,0,0,0,0,0,-0.00337872,0.698698,-1.45222,-0.0277014,0.758937,-1.4403,-0.00727932,0.738423,-1.50053,-0.0238246,0.717231,-1.48579,-0.152541,0.78384,-1.24954,0.149342,0.743969,-1.22272,-0.158976,0.843363,-1.12069,0.105533,25.71,-1.22131,-2.08958e-06,-1.92635e-05,-3.03648e-05,3.18296e-06,-1.61422e-06,-3.91963e-05,3.73027e-05,-2.80317e-05,5.98617e-05,-9.6488e-06,-6.41758e-05,2.55536e-05,
-8.20419,4.68291,11.1479,9.73737,-0.823117,11.9672,-8.34377,5.77178,20.8923,7.11466,60,14.5456,0,0,0,0,0,0,0,0,0,0,0,0,-0.00337884,0.698698,-1.45222,-0.0277014,0.758938,-1.4403,-0.00727866,0.738423,-1.50053,-0.0238249,0.71723,-1.48579,-0.152545,0.783841,-1.24953,0.149342,0.743972,-1.22272,-0.158982,0.843365,-1.12067,0.105533,25.71,-1.22132,2.13274e-05,-5.90698e-06,-2.83679e-05,2.6639e-05,2.12734e-06,-1.71222e-05,5.533e-05,1.75284e-05,-1.52746e-05,8.20373e-06,-3.56454e-05,9.3198e-06,
-8.20437,4.683,11.1483,9.73728,-0.823188,11.9668,-8.34386,5.77153,20.8928,7.11477,60,14.5454,0,0,0,0,0,0,0,0,0,0,0,0,-0.00337807,0.698698,-1.45222,-0.0277005,0.758938,-1.4403,-0.00727723,0.738424,-1.50054,-0.0238244,0.71723,-1.48579,-0.152548,0.783843,-1.24952,0.149341,0.743971,-1.22273,-0.158983,0.843362,-1.12067,0.105535,25.71,-1.22133,8.34435e-06,6.11965e-06,-6.07565e-06,1.38475e-05,1.08558e-05,1.28751e-05,3.99089e-05,5.12988e-05,-3.22236e-05,-7.22269e-06,-7.68898e-06,-3.30304e-05,
-8.20393,4.68302,11.1476,9.73739,-0.823491,11.9665,-8.34336,5.77136,20.8925,7.11512,60,14.5461,0,0,0,0,0,0,0,0,0,0,0,0,-0.00337869,0.698697,-1.45222,-0.027701,0.758938,-1.4403,-0.00727729,0.738425,-1.50054,-0.0238253,0.71723,-1.48579,-0.152543,0.783843,-1.24954,0.149341,0.743966,-1.22273,-0.158976,0.84336,-1.12067,0.105539,25.71,-1.22132,-6.27406e-05,-2.01508e-05,3.30421e-05,-5.72009e-05,3.06467e-05,6.15437e-06,-2.93997e-05,4.90266e-05,1.94137e-06,-7.69747e-05,3.33298e-05,-4.55047e-05,
-8.20371,4.683,11.1478,9.73781,-0.823342,11.9671,-8.34357,5.77176,20.8925,7.11525,60,14.5458,0,0,0,0,0,0,0,0,0,0,0,0,-0.00338113,0.698697,-1.45222,-0.0277034,0.758939,-1.4403,-0.00727887,0.738425,-1.50054,-0.0238281,0.71723,-1.48579,-0.152541,0.783841,-1.24953,0.149346,0.743969,-1.22272,-0.158981,0.843367,-1.12067,0.105538,25.71,-1.22132,-6.78073e-05,-2.4648e-05,5.34131e-05,-6.19902e-05,3.44892e-06,7.09843e-06,-3.50479e-05,2.81448e-05,1.35948e-05,-8.21137e-05,8.09967e-06,-1.53877e-05,
-8.20384,4.68276,11.1477,9.73729,-0.823149,11.9659,-8.34386,5.77123,20.8933,7.11503,60,14.5456,0,0,0,0,0,0,0,0,0,0,0,0,-0.00338132,0.698696,-1.45222,-0.0277034,0.758939,-1.4403,-0.00727856,0.738426,-1.50054,-0.0238286,0.71723,-1.48579,-0.152542,0.783837,-1.24953,0.149339,0.743972,-1.22274,-0.158984,0.843358,-1.12066,0.105536,25.71,-1.22132,2.18395e-05,-2.66312e-05,-7.20875e-06,2.76973e-05,-2.24671e-05,4.20511e-05,4.71949e-05,2.01404e-05,-5.24383e-06,5.90209e-07,-5.21554e-05,4.85395e-05,
-8.20387,4.6829,11.147,9.73693,-0.823732,11.9657,-8.34299,5.77061,20.8921,7.11533,60,14.5455,0,0,0,0,0,0,0,0,0,0,0,0,-0.00338046,0.698696,-1.45222,-0.0277025,0.758938,-1.4403,-0.00727725,0.738426,-1.50054,-0.0238282,0.717229,-1.48579,-0.152541,0.783839,-1.24954,0.149333,0.743961,-1.22275,-0.158967,0.843347,-1.12068,0.105541,25.71,-1.22132,1.54982e-05,-1.60231e-05,1.06554e-05,2.09912e-05,-1.55199e-05,8.089e-06,3.71057e-05,1.04995e-05,2.39568e-05,-9.36692e-06,-5.35507e-05,4.49587e-05,
-8.20384,4.68364,11.1488,9.7378,-0.8233,11.9679,-8.34364,5.77231,20.8918,7.11531,60,14.5441,0,0,0,0,0,0,0,0,0,0,0,0,-0.00338123,0.698695,-1.45222,-0.0277031,0.758938,-1.4403,-0.00727743,0.738425,-1.50053,-0.0238296,0.717226,-1.48579,-0.152543,0.783851,-1.24952,0.149347,0.743969,-1.22271,-0.15898,0.843374,-1.12068,0.105539,25.71,-1.22135,-2.50597e-05,-4.19057e-05,-6.75532e-05,-2.02769e-05,-3.04165e-06,-8.94883e-05,1.69111e-05,-8.52142e-05,8.28982e-05,-2.91979e-05,-0.000134885,9.12264e-05,
-8.20394,4.68334,11.148,9.73761,-0.823253,11.9675,-8.34377,5.77171,20.8918,7.11515,60,14.5451,0,0,0,0,0,0,0,0,0,0,0,0,-0.00338106,0.698695,-1.45222,-0.0277027,0.758938,-1.44031,-0.00727656,0.738424,-1.50053,-0.0238295,0.717224,-1.48579,-0.152543,0.783846,-1.24953,0.149346,0.743969,-1.22272,-0.15898,0.843363,-1.12068,0.105537,25.71,-1.22133,2.86105e-05,-2.61808e-05,-8.78496e-05,4.14997e-05,-8.78072e-06,-1.9689e-05,6.65878e-05,-2.73508e-05,2.23386e-05,2.05596e-05,-0.000101127,7.48907e-05,
-8.20434,4.68306,11.1482,9.73716,-0.823266,11.9661,-8.34416,5.77077,20.8932,7.1151,60,14.5453,0,0,0,0,0,0,0,0,0,0,0,0,-0.00337988,0.698695,-1.45222,-0.0277016,0.758938,-1.4403,-0.00727495,0.738425,-1.50053,-0.0238289,0.717224,-1.48579,-0.152548,0.783842,-1.24953,0.149339,0.743969,-1.22274,-0.158985,0.843352,-1.12066,0.105537,25.71,-1.22133,5.67821e-05,1.92854e-05,2.97464e-05,6.26507e-05,3.20128e-06,8.4946e-05,8.19053e-05,0.000133414,-9.47684e-05,3.49951e-05,4.44168e-05,-6.14113e-05,
-8.20381,4.68327,11.1468,9.73744,-0.823692,11.9669,-8.34365,5.77113,20.8923,7.11549,60,14.5469,0,0,0,0,0,0,0,0,0,0,0,0,-0.00337947,0.698695,-1.45222,-0.027701,0.758938,-1.4403,-0.00727395,0.738428,-1.50054,-0.0238289,0.717225,-1.48579,-0.152541,0.783845,-1.24955,0.149342,0.743963,-1.22272,-0.158977,0.84336,-1.12068,0.105542,25.71,-1.2213,-6.04001e-05,-1.653e-05,8.5417e-05,-5.44855e-05,2.94655e-05,4.24132e-05,-2.57478e-05,8.9609e-05,-3.82833e-05,-7.37026e-05,6.73977e-05,-0.000100091,
-8.20398,4.68335,11.1486,9.73759,-0.823051,11.9671,-8.34443,5.77161,20.8932,7.11539,60,14.5452,0,0,0,0,0,0,0,0,0,0,0,0,-0.00338165,0.698694,-1.45222,-0.0277031,0.758939,-1.4403,-0.00727531,0.738428,-1.50054,-0.0238312,0.717226,-1.48579,-0.152546,0.783845,-1.24952,0.149343,0.743974,-1.22272,-0.158992,0.843367,-1.12066,0.105538,25.71,-1.22133,-3.66275e-05,-3.44577e-05,2.16619e-05,-3.09322e-05,4.13729e-06,-1.73722e-05,-1.55509e-06,2.69931e-06,1.26404e-05,-4.81827e-05,-3.30068e-05,8.10911e-07,
-8.20386,4.68313,11.1477,9.73734,-0.823286,11.9664,-8.34439,5.77125,20.8929,7.11529,60,14.5454,0,0,0,0,0,0,0,0,0,0,0,0,-0.0033809,0.698694,-1.45222,-0.0277022,0.758938,-1.4403,-0.00727404,0.738428,-1.50053,-0.0238308,0.717224,-1.48579,-0.152541,0.783841,-1.24953,0.149341,0.743969,-1.22273,-0.158989,0.843359,-1.12066,0.105538,25.71,-1.22132,3.11268e-05,-2.55084e-05,-1.83202e-05,3.65884e-05,-1.59171e-05,1.95064e-05,6.11327e-05,-1.88795e-05,4.56358e-05,1.47699e-05,-8.44478e-05,7.56482e-05,
-8.20348,4.68355,11.1478,9.73785,-0.823188,11.9674,-8.34406,5.77182,20.8922,7.1157,60,14.5452,0,0,0,0,0,0,0,0,0,0,0,0,-0.003382,0.698693,-1.45222,-0.0277032,0.758938,-1.4403,-0.00727447,0.738427,-1.50053,-0.0238322,0.717223,-1.48579,-0.152538,0.783847,-1.24953,0.149347,0.743971,-1.22271,-0.158986,0.843369,-1.12067,0.105542,25.71,-1.22133,-7.87633e-05,-5.81184e-05,3.58767e-05,-7.34626e-05,6.3327e-06,-1.31538e-05,-4.77532e-05,-3.74604e-05,9.11571e-05,-9.46326e-05,-5.65341e-05,1.90533e-05,
-8.2038,4.68384,11.1474,9.73753,-0.823412,11.967,-8.34317,5.77101,20.8911,7.11597,60,14.5447,0,0,0,0,0,0,0,0,0,0,0,0,-0.00338333,0.698692,-1.45222,-0.0277044,0.758938,-1.4403,-0.00727524,0.738427,-1.50053,-0.0238339,0.717222,-1.48579,-0.152544,0.783852,-1.24954,0.149341,0.743967,-1.22272,-0.158969,0.843353,-1.12069,0.105546,25.71,-1.22134,-1.86408e-05,-3.91793e-05,3.22596e-05,-1.35294e-05,-7.40272e-06,1.42858e-05,2.97194e-06,-2.48887e-05,4.3531e-05,-4.35859e-05,-6.40818e-05,4.11617e-05,
-8.20418,4.68357,11.1474,9.73727,-0.823168,11.9666,-8.34443,5.77124,20.8927,7.11528,60,14.5459,0,0,0,0,0,0,0,0,0,0,0,0,-0.00338181,0.698692,-1.45222,-0.0277033,0.758938,-1.4403,-0.0072739,0.738427,-1.50053,-0.0238334,0.717221,-1.48579,-0.152546,0.783848,-1.24954,0.149341,0.743971,-1.22273,-0.158988,0.843361,-1.12067,0.105537,25.71,-1.22131,0.000127613,1.8641e-05,-1.06002e-05,0.000114027,-2.03441e-05,7.60036e-05,0.000122278,7.71996e-05,-6.39787e-05,7.63917e-05,-2.24242e-05,2.99874e-05,
-8.20429,4.68311,11.1467,9.73672,-0.823454,11.966,-8.34448,5.77046,20.893,7.11515,60,14.5467,0,0,0,0,0,0,0,0,0,0,0,0,-0.00337923,0.698693,-1.45222,-0.0277001,0.758938,-1.4403,-0.00727046,0.73843,-1.50053,-0.0238309,0.717221,-1.48579,-0.152545,0.783842,-1.24955,0.149335,0.743966,-1.22274,-0.158984,0.843351,-1.12067,0.105538,25.71,-1.2213,0.000135018,5.31393e-05,-4.39777e-05,0.000141111,-8.94396e-07,7.65156e-05,0.00016002,0.000136336,-0.000126511,0.000113521,1.50598e-05,1.5351e-05,
-8.20412,4.68372,11.1483,9.73738,-0.823311,11.9681,-8.34464,5.77172,20.8924,7.11551,60,14.5455,0,0,0,0,0,0,0,0,0,0,0,0,-0.00337887,0.698693,-1.45222,-0.0276996,0.758938,-1.4403,-0.00726932,0.738431,-1.50053,-0.0238309,0.717221,-1.48579,-0.152546,0.783852,-1.24953,0.149343,0.74397,-1.2227,-0.15899,0.84337,-1.12067,0.10554,25.71,-1.22132,-5.05376e-05,-7.25669e-06,-8.24167e-05,-4.5741e-05,3.08554e-05,-9.39046e-05,-1.32101e-05,-3.88784e-05,4.13025e-05,-6.00009e-05,-7.06429e-05,2.07031e-05,
-8.20391,4.68381,11.1484,9.73745,-0.823082,11.9675,-8.34438,5.77151,20.8923,7.11573,60,14.545,0,0,0,0,0,0,0,0,0,0,0,0,-0.00338017,0.698693,-1.45222,-0.0277009,0.758938,-1.4403,-0.00726992,0.738429,-1.50053,-0.0238324,0.717219,-1.48578,-0.152544,0.783852,-1.24953,0.149342,0.743973,-1.22271,-0.158987,0.843363,-1.12067,0.105543,25.71,-1.22133,-7.52222e-05,-2.50035e-05,-9.03672e-05,-7.02981e-05,5.26671e-06,-8.71571e-05,-3.59753e-05,-0.00010901,0.000109519,-8.26382e-05,-0.00012759,6.68828e-05,
-8.20386,4.6839,11.1482,9.7377,-0.823273,11.9676,-8.34443,5.77151,20.8922,7.11586,60,14.545,0,0,0,0,0,0,0,0,0,0,0,0,-0.00338141,0.698692,-1.45222,-0.027702,0.758939,-1.4403,-0.0072704,0.738429,-1.50053,-0.0238338,0.717218,-1.48578,-0.152544,0.783854,-1.24953,0.149346,0.743971,-1.22271,-0.158988,0.843365,-1.12067,0.105544,25.71,-1.22133,-5.41341e-05,-1.54561e-05,1.54285e-05,-4.87618e-05,2.03875e-05,1.02797e-05,-1.86467e-05,4.8933e-06,4.41262e-05,-6.54849e-05,-2.53853e-05,1.91342e-05,
-8.20386,4.68363,11.1484,9.73774,-0.823203,11.9669,-8.34468,5.77109,20.8931,7.1159,60,14.5449,0,0,0,0,0,0,0,0,0,0,0,0,-0.00338226,0.698692,-1.45222,-0.0277027,0.758939,-1.4403,-0.00727052,0.73843,-1.50053,-0.0238349,0.717218,-1.48578,-0.152544,0.783849,-1.24952,0.149347,0.743972,-1.22272,-0.158992,0.843361,-1.12066,0.105544,25.71,-1.22133,-1.86021e-05,8.80346e-06,4.075e-05,-1.24188e-05,4.62766e-06,6.59241e-05,1.40093e-05,9.15605e-05,-3.77021e-05,-3.30628e-05,2.91045e-05,-3.34983e-05,
-8.20376,4.68353,11.1475,9.73774,-0.823628,11.9666,-8.34454,5.77082,20.8926,7.11603,60,14.5455,0,0,0,0,0,0,0,0,0,0,0,0,-0.00338242,0.698692,-1.45222,-0.0277027,0.758939,-1.4403,-0.00727002,0.738432,-1.50053,-0.0238354,0.717219,-1.48578,-0.152542,0.783848,-1.24954,0.149346,0.743965,-1.22272,-0.158989,0.843359,-1.12067,0.105546,25.71,-1.22132,-2.79092e-05,7.72765e-07,8.67079e-05,-2.14142e-05,1.38553e-05,0.000112601,4.25203e-06,0.000107716,-5.79631e-05,-4.29614e-05,6.72394e-05,-3.28744e-05,
-8.20347,4.68355,11.146,9.73759,-0.8238,11.9666,-8.34375,5.77039,20.8915,7.11629,60,14.5468,0,0,0,0,0,0,0,0,0,0,0,0,-0.00338335,0.698692,-1.45222,-0.0277035,0.75894,-1.4403,-0.00727038,0.738434,-1.50053,-0.0238366,0.71722,-1.48578,-0.152539,0.783848,-1.24956,0.149342,0.743962,-1.22272,-0.158975,0.843352,-1.12069,0.105549,25.71,-1.2213,-5.70146e-05,-5.07435e-06,8.58558e-05,-5.07012e-05,9.69436e-06,9.96465e-05,-2.41378e-05,9.16856e-05,-3.90689e-05,-7.13758e-05,5.32665e-05,-4.27666e-05,
-8.20459,4.68366,11.1482,9.73692,-0.823673,11.9663,-8.34454,5.77003,20.8918,7.11579,60,14.5441,0,0,0,0,0,0,0,0,0,0,0,0,-0.00338276,0.698692,-1.45222,-0.0277028,0.758939,-1.4403,-0.00726917,0.738435,-1.50053,-0.0238364,0.71722,-1.48578,-0.152554,0.783851,-1.24952,0.149335,0.743963,-1.22273,-0.158984,0.843346,-1.12068,0.105544,25.71,-1.22134,0.000129525,2.76142e-05,-6.80781e-05,0.000135771,-3.97595e-05,9.04414e-05,0.000154624,4.0665e-05,-3.856e-05,0.000108988,-8.19272e-05,0.000129391,
-8.20486,4.68363,11.1496,9.73688,-0.823403,11.9662,-8.3461,5.77066,20.8935,7.1152,60,14.5433,0,0,0,0,0,0,0,0,0,0,0,0,-0.00337917,0.698693,-1.45222,-0.0276991,0.758938,-1.4403,-0.00726515,0.738435,-1.50053,-0.0238331,0.717217,-1.48578,-0.152553,0.783851,-1.2495,0.14934,0.743966,-1.22273,-0.159007,0.843356,-1.12065,0.105539,25.71,-1.22135,0.000203431,2.92883e-05,-0.000144644,0.000209547,-5.45958e-05,1.23759e-05,0.000232439,-1.1639e-05,-3.77496e-06,0.000187184,-0.000150327,0.000167879,
-8.20318,4.68404,11.1483,9.73831,-0.823951,11.9679,-8.34428,5.77121,20.8918,7.1168,60,14.5448,0,0,0,0,0,0,0,0,0,0,0,0,-0.00338106,0.698693,-1.45222,-0.0277009,0.758939,-1.4403,-0.00726574,0.738434,-1.50053,-0.0238349,0.717216,-1.48578,-0.152537,0.783856,-1.24952,0.149352,0.74396,-1.2227,-0.158986,0.843364,-1.12068,0.105555,25.71,-1.22133,-0.000296773,-6.19348e-05,6.74843e-05,-0.000291545,8.40231e-05,-0.000123644,-0.00022873,-7.42982e-05,0.000142853,-0.00027706,3.10537e-05,-9.52156e-05,
-8.20287,4.68359,11.1476,9.73829,-0.823817,11.9668,-8.34426,5.77058,20.8924,7.1168,60,14.5459,0,0,0,0,0,0,0,0,0,0,0,0,-0.00338818,0.698691,-1.45222,-0.0277079,0.758941,-1.4403,-0.00727144,0.738434,-1.50053,-0.0238416,0.717217,-1.48578,-0.152536,0.783847,-1.24953,0.149347,0.743964,-1.22272,-0.158989,0.843354,-1.12067,0.10555,25.71,-1.22131,-0.000186606,-2.75926e-05,0.00010577,-0.000180426,6.73479e-05,-5.0904e-06,-0.000129864,3.64628e-05,2.0623e-05,-0.000178312,7.80722e-05,-0.000119347,
-8.20396,4.68331,11.1481,9.73736,-0.824073,11.9652,-8.3447,5.76944,20.8929,7.11622,60,14.5444,0,0,0,0,0,0,0,0,0,0,0,0,-0.00338714,0.698692,-1.45222,-0.0277067,0.758941,-1.4403,-0.00727017,0.738436,-1.50053,-0.0238411,0.717218,-1.48578,-0.152546,0.783844,-1.24953,0.149339,0.743958,-1.22275,-0.158988,0.843338,-1.12066,0.105548,25.71,-1.22134,0.000149641,3.37756e-05,-2.96425e-06,0.000102556,-5.86027e-06,0.000151655,0.000162525,0.000138496,-0.000104524,0.000115919,3.0526e-05,8.26252e-06,
-8.20427,4.68389,11.1481,9.73735,-0.82428,11.9663,-8.3448,5.77003,20.8917,7.11608,60,14.544,0,0,0,0,0,0,0,0,0,0,0,0,-0.00338405,0.698692,-1.45222,-0.0277035,0.758941,-1.4403,-0.00726587,0.738438,-1.50053,-0.0238378,0.717218,-1.48578,-0.152549,0.783854,-1.24953,0.149343,0.743953,-1.22272,-0.158985,0.843348,-1.12068,0.105549,25.71,-1.22134,0.000159878,1.08059e-05,-2.54017e-05,0.000166887,-2.22607e-05,8.2554e-05,0.00019429,4.2531e-05,-1.91938e-05,0.00014863,-6.1026e-05,8.60443e-05,
-8.20368,4.68406,11.1475,9.73764,-0.823965,11.9668,-8.34462,5.7704,20.8915,7.11634,60,14.5452,0,0,0,0,0,0,0,0,0,0,0,0,-0.0033838,0.698692,-1.45222,-0.0277031,0.75894,-1.4403,-0.00726461,0.738437,-1.50053,-0.0238375,0.717216,-1.48578,-0.152542,0.783856,-1.24954,0.149344,0.743959,-1.22272,-0.158984,0.843353,-1.12068,0.10555,25.71,-1.22132,-3.15702e-05,-2.74512e-05,-2.22563e-05,-2.50811e-05,8.73913e-06,-2.52431e-05,2.24546e-05,-3.17152e-05,6.40327e-05,-2.45434e-05,-5.20034e-05,4.25958e-05,
-8.20412,4.6839,11.1487,9.73752,-0.823974,11.9669,-8.34527,5.77024,20.892,7.11611,60,14.5445,0,0,0,0,0,0,0,0,0,0,0,0,-0.0033842,0.698692,-1.45222,-0.0277034,0.758941,-1.4403,-0.00726382,0.738437,-1.50053,-0.0238377,0.717216,-1.48578,-0.152549,0.783854,-1.24952,0.149343,0.74396,-1.22272,-0.158994,0.843351,-1.12068,0.105547,25.71,-1.22133,2.24359e-05,4.94044e-06,-3.26406e-05,2.88879e-05,5.74634e-06,8.05131e-06,7.81787e-05,6.8551e-06,-1.04536e-05,3.14195e-05,-2.80227e-05,1.08993e-05,
-8.20437,4.68413,11.1501,9.73775,-0.824062,11.9673,-8.34583,5.77036,20.8922,7.11611,60,14.5431,0,0,0,0,0,0,0,0,0,0,0,0,-0.00338304,0.698692,-1.45222,-0.0277022,0.758941,-1.4403,-0.00726179,0.738437,-1.50053,-0.0238365,0.717215,-1.48578,-0.152554,0.783858,-1.24949,0.14935,0.743958,-1.22271,-0.159001,0.843353,-1.12067,0.105549,25.71,-1.22136,-5.17985e-06,9.77446e-06,-6.57863e-05,6.99807e-05,2.75287e-06,2.07817e-05,0.000118536,1.49302e-05,-3.01873e-05,7.17702e-05,-1.985e-05,2.46734e-05,
-8.2036,4.6843,11.1471,9.738,-0.824213,11.9674,-8.3449,5.77022,20.8913,7.11659,60,14.5465,0,0,0,0,0,0,0,0,0,0,0,0,-0.00338402,0.698692,-1.45222,-0.0277029,0.758941,-1.4403,-0.00726138,0.738438,-1.50053,-0.0238371,0.717216,-1.48578,-0.152543,0.78386,-1.24954,0.149349,0.743957,-1.22271,-0.158988,0.843352,-1.12069,0.105553,25.71,-1.2213,-0.000106534,-4.63044e-05,8.50084e-05,-9.94382e-05,3.83117e-05,1.78787e-06,-3.97382e-05,2.94856e-05,1.65967e-05,-8.81083e-05,7.76322e-05,-0.000134497,
-8.20367,4.68365,11.1486,9.73783,-0.823666,11.9657,-8.34619,5.7699,20.8939,7.1163,60,14.5456,0,0,0,0,0,0,0,0,0,0,0,0,-0.00338743,0.698691,-1.45222,-0.0277061,0.758943,-1.44029,-0.00726314,0.73844,-1.50053,-0.02384,0.717219,-1.48578,-0.152546,0.783848,-1.24951,0.149345,0.743967,-1.22273,-0.159011,0.843351,-1.12064,0.105547,25.71,-1.22132,-2.17378e-05,-1.91463e-05,8.80331e-05,-1.39578e-05,1.04873e-05,0.000115085,3.74022e-05,0.000118445,-6.87733e-05,-1.05731e-05,9.46353e-05,-9.93843e-05,
-8.20377,4.68401,11.1484,9.73788,-0.824185,11.9665,-8.34593,5.77026,20.8923,7.11645,60,14.5444,0,0,0,0,0,0,0,0,0,0,0,0,-0.00338592,0.698691,-1.45222,-0.0277045,0.758942,-1.44029,-0.00726054,0.738442,-1.50053,-0.0238384,0.717219,-1.48578,-0.152546,0.783853,-1.24952,0.149348,0.743957,-1.22272,-0.159004,0.843355,-1.12067,0.105552,25.71,-1.22134,-7.11146e-06,-4.275e-05,4.06525e-05,-4.60183e-08,-5.79323e-06,6.37303e-05,4.62288e-05,-1.72487e-05,3.36065e-05,-7.60146e-07,-3.49279e-05,4.28098e-05,
-8.20285,4.68442,11.1468,9.7382,-0.823768,11.9669,-8.34511,5.77071,20.8914,7.11687,60,14.546,0,0,0,0,0,0,0,0,0,0,0,0,-0.00338804,0.698689,-1.45222,-0.0277065,0.758942,-1.44029,-0.00726172,0.73844,-1.50053,-0.0238404,0.717218,-1.48578,-0.152534,0.783858,-1.24954,0.149348,0.743965,-1.22271,-0.158993,0.843359,-1.12068,0.105554,25.71,-1.22131,-0.000145247,-8.77329e-05,5.89699e-05,-0.000139306,-5.99923e-06,-3.80344e-05,-9.36953e-05,-0.000104588,0.0001688,-0.000141,-7.00926e-05,1.43826e-05,
-8.20363,4.68419,11.1482,9.73763,-0.8236,11.9663,-8.34584,5.77022,20.8921,7.11639,60,14.5443,0,0,0,0,0,0,0,0,0,0,0,0,-0.00338928,0.698688,-1.45221,-0.0277076,0.758942,-1.44029,-0.0072621,0.738439,-1.50053,-0.0238418,0.717217,-1.48578,-0.152545,0.783854,-1.24952,0.149342,0.743967,-1.22272,-0.159002,0.843351,-1.12067,0.105548,25.71,-1.22134,6.73138e-05,-2.88771e-05,-3.73684e-05,7.31974e-05,-3.75382e-05,1.07688e-05,9.58453e-05,-3.00409e-05,4.38447e-05,5.01378e-05,-0.000104041,0.000112143,
-8.20418,4.68455,11.1489,9.73771,-0.823674,11.9671,-8.34652,5.77074,20.892,7.11609,60,14.5434,0,0,0,0,0,0,0,0,0,0,0,0,-0.0033855,0.698688,-1.45222,-0.0277037,0.758941,-1.44029,-0.00725798,0.738438,-1.50053,-0.0238386,0.717214,-1.48578,-0.152548,0.783861,-1.24951,0.14935,0.743964,-1.22271,-0.159009,0.843361,-1.12067,0.105548,25.71,-1.22135,0.000157188,-6.42819e-06,-7.55245e-05,0.000162126,-3.85252e-05,2.96043e-05,0.00017176,-5.44547e-06,9.43083e-06,0.000126488,-0.00013009,0.000127649,
-8.20346,4.68452,11.1476,9.73797,-0.823599,11.967,-8.34571,5.77043,20.8922,7.11681,60,14.5455,0,0,0,0,0,0,0,0,0,0,0,0,-0.0033854,0.698688,-1.45222,-0.0277035,0.758941,-1.44029,-0.00725774,0.738438,-1.50053,-0.0238395,0.717212,-1.48578,-0.152541,0.78386,-1.24953,0.149349,0.743967,-1.22271,-0.159,0.843356,-1.12067,0.105554,25.71,-1.22132,-7.85228e-05,-1.59731e-05,4.31627e-05,-7.41185e-05,2.59987e-05,-3.21485e-05,-7.89743e-05,3.76987e-05,2.11788e-06,-0.000126843,3.71451e-05,-6.5537e-05,
-8.20344,4.68458,11.1479,9.73821,-0.823761,11.9674,-8.34574,5.77045,20.8922,7.11703,60,14.5455,0,0,0,0,0,0,0,0,0,0,0,0,-0.00338753,0.698687,-1.45222,-0.0277056,0.758942,-1.44029,-0.00725926,0.73844,-1.50053,-0.0238417,0.717214,-1.48578,-0.152544,0.783861,-1.24952,0.14935,0.743966,-1.2227,-0.159003,0.84336,-1.12067,0.105555,25.71,-1.22132,-0.000122576,-8.55394e-06,0.000105419,-0.000117922,6.25268e-05,-1.33668e-06,-0.00010585,0.000110648,-3.537e-05,-0.000153703,9.1351e-05,-9.79556e-05,
-8.20403,4.68436,11.1479,9.7375,-0.823849,11.9662,-8.34597,5.76954,20.8925,7.11676,60,14.545,0,0,0,0,0,0,0,0,0,0,0,0,-0.0033875,0.698687,-1.45221,-0.0277054,0.758943,-1.44029,-0.00725905,0.738442,-1.50053,-0.0238427,0.717215,-1.48578,-0.15255,0.783858,-1.24952,0.149342,0.743964,-1.22272,-0.159002,0.843346,-1.12067,0.105553,25.71,-1.22132,6.66094e-05,2.19912e-05,1.13851e-05,7.13778e-05,4.96027e-06,4.23083e-05,6.74142e-05,0.000105033,-6.72203e-05,2.11011e-05,2.02865e-05,-3.44116e-06,
-8.20404,4.68459,11.1483,9.73769,-0.824106,11.9669,-8.34607,5.76988,20.8922,7.11686,60,14.5446,0,0,0,0,0,0,0,0,0,0,0,0,-0.00338607,0.698688,-1.45221,-0.027704,0.758943,-1.44029,-0.00725771,0.738444,-1.50053,-0.0238421,0.717215,-1.48578,-0.15255,0.783862,-1.24952,0.149346,0.743959,-1.22271,-0.159003,0.843352,-1.12067,0.105555,25.71,-1.22133,1.95353e-05,-3.56235e-06,2.77101e-05,5.2875e-05,3.52818e-06,2.26332e-05,5.05568e-05,5.86869e-05,-2.05847e-05,4.19775e-06,-1.88442e-05,-3.9767e-06,
-8.20359,4.68482,11.1469,9.73781,-0.82438,11.9674,-8.3448,5.76959,20.8904,7.11739,60,14.5456,0,0,0,0,0,0,0,0,0,0,0,0,-0.0033868,0.698687,-1.45221,-0.0277045,0.758943,-1.44029,-0.00725816,0.738444,-1.50053,-0.0238436,0.717214,-1.48578,-0.152545,0.783865,-1.24954,0.149345,0.743955,-1.2227,-0.158983,0.843345,-1.1207,0.105561,25.71,-1.22131,-6.70871e-05,-3.81845e-05,1.13545e-05,-6.29145e-05,2.40739e-05,-6.50506e-05,-5.34138e-05,-2.35215e-05,8.25553e-05,-0.000100214,-5.00184e-05,1.57101e-05,
-8.20393,4.68446,11.1474,9.73736,-0.823959,11.9668,-8.34579,5.76949,20.8918,7.11681,60,14.5458,0,0,0,0,0,0,0,0,0,0,0,0,-0.00338747,0.698687,-1.45221,-0.0277051,0.758943,-1.44029,-0.00725856,0.738444,-1.50053,-0.0238449,0.717213,-1.48578,-0.152548,0.783859,-1.24953,0.149339,0.743962,-1.22271,-0.158998,0.843345,-1.12068,0.105552,25.71,-1.22131,5.63589e-05,7.2167e-06,-4.3739e-05,6.1093e-05,-3.00993e-06,-1.44687e-05,6.64742e-05,3.56432e-05,-1.27085e-05,2.05167e-05,-7.53436e-05,6.3881e-05,
-8.20472,4.6844,11.1492,9.73695,-0.824026,11.9666,-8.34648,5.76924,20.8922,7.11654,60,14.5435,0,0,0,0,0,0,0,0,0,0,0,0,-0.00338382,0.698688,-1.45222,-0.0277014,0.758943,-1.44029,-0.00725469,0.738445,-1.50053,-0.023842,0.71721,-1.48578,-0.152557,0.78386,-1.24951,0.149338,0.74396,-1.22272,-0.159005,0.84334,-1.12067,0.105553,25.71,-1.22135,0.000152317,3.64744e-05,-0.000128558,0.000157587,-3.54218e-05,-2.63464e-06,0.00016777,1.27526e-05,-5.30849e-06,0.000122229,-0.000122503,0.000121444,
-8.20397,4.68498,11.1496,9.73809,-0.823887,11.9679,-8.34645,5.77062,20.8923,7.11684,60,14.5435,0,0,0,0,0,0,0,0,0,0,0,0,-0.00338294,0.698688,-1.45222,-0.0277008,0.758943,-1.44029,-0.0072536,0.738443,-1.50053,-0.0238421,0.717208,-1.48577,-0.152548,0.783868,-1.2495,0.149352,0.743964,-1.2227,-0.15901,0.843361,-1.12066,0.105555,25.71,-1.22135,-7.40069e-05,-4.27692e-05,-4.18532e-05,-0.000131163,2.8044e-05,-0.000109004,-9.38519e-05,-8.29258e-05,0.000112464,-1.97503e-05,-0.000121719,6.02792e-05,
-8.20304,4.68497,11.1478,9.73837,-0.824162,11.9679,-8.34499,5.77002,20.8908,7.1179,60,14.5449,0,0,0,0,0,0,0,0,0,0,0,0,-0.00338671,0.698687,-1.45222,-0.0277041,0.758944,-1.4403,-0.00725617,0.738442,-1.50052,-0.0238453,0.717207,-1.48577,-0.15254,0.783866,-1.24953,0.149351,0.74396,-1.2227,-0.158989,0.84335,-1.12069,0.105565,25.71,-1.22132,-0.00026564,-6.53446e-05,8.16564e-05,-0.000260466,5.35837e-05,-0.000110184,-0.000211429,-7.16252e-05,0.000144772,-0.0002599,1.44621e-05,-8.19011e-05,
-8.20377,4.68473,11.1479,9.73782,-0.824206,11.9664,-8.34555,5.7691,20.8916,7.11744,60,14.5448,0,0,0,0,0,0,0,0,0,0,0,0,-0.00339017,0.698686,-1.45222,-0.0277074,0.758945,-1.4403,-0.00725859,0.738443,-1.50052,-0.0238489,0.717209,-1.48578,-0.152549,0.783863,-1.24952,0.149345,0.743959,-1.22272,-0.158994,0.843339,-1.12068,0.10556,25.71,-1.22133,4.12791e-05,1.68616e-05,6.49283e-05,4.83255e-05,-5.03932e-06,0.000130441,7.39377e-05,0.000138199,-8.64447e-05,2.69026e-05,6.39089e-05,-3.39409e-05,
-8.20451,4.6844,11.15,9.73765,-0.823996,11.966,-8.34763,5.76941,20.8941,7.11665,60,14.5431,0,0,0,0,0,0,0,0,0,0,0,0,-0.00338635,0.698687,-1.45222,-0.0277034,0.758944,-1.44029,-0.00725414,0.738447,-1.50053,-0.0238454,0.71721,-1.48578,-0.152555,0.783859,-1.24949,0.149349,0.743961,-1.22273,-0.159024,0.843349,-1.12064,0.105552,25.71,-1.22136,0.000181771,3.60238e-05,-3.72165e-06,0.000189465,-3.37577e-05,0.000153214,0.000216302,0.000148079,-0.000139207,0.000170157,2.43066e-05,1.69873e-05,
-8.20393,4.68466,11.1482,9.73789,-0.82432,11.9667,-8.34686,5.76962,20.8925,7.11709,60,14.5445,0,0,0,0,0,0,0,0,0,0,0,0,-0.00338452,0.698687,-1.45222,-0.0277015,0.758944,-1.44029,-0.00725152,0.738448,-1.50053,-0.0238436,0.71721,-1.48578,-0.152546,0.783862,-1.24952,0.149352,0.743956,-1.22271,-0.159011,0.843351,-1.12066,0.105559,25.71,-1.22133,2.34648e-05,-1.86899e-05,4.85861e-05,3.03649e-05,2.04217e-06,2.85052e-05,7.69243e-05,3.0121e-05,2.30526e-05,2.94505e-05,2.62562e-05,-3.52667e-05,
-8.2028,4.68465,11.1476,9.73817,-0.824234,11.9661,-8.3459,5.76939,20.8926,7.11788,60,14.5455,0,0,0,0,0,0,0,0,0,0,0,0,-0.00338887,0.698686,-1.45221,-0.0277057,0.758945,-1.44029,-0.00725456,0.738448,-1.50053,-0.0238477,0.717211,-1.48578,-0.152536,0.783859,-1.24953,0.149347,0.74396,-1.22273,-0.159002,0.843345,-1.12066,0.105563,25.71,-1.22132,-0.000218006,-8.05517e-05,0.000110896,-0.000211697,5.38774e-05,-3.4205e-05,-0.000156802,-2.87788e-05,0.000114405,-0.000205289,4.37732e-05,-8.74957e-05,
-8.20336,4.68491,11.1482,9.73821,-0.824327,11.9677,-8.34638,5.77005,20.8913,7.1175,60,14.5442,0,0,0,0,0,0,0,0,0,0,0,0,-0.00339115,0.698685,-1.45221,-0.0277078,0.758945,-1.44029,-0.00725573,0.738447,-1.50052,-0.0238498,0.71721,-1.48578,-0.152544,0.783863,-1.24952,0.14935,0.743958,-1.2227,-0.159007,0.843356,-1.12068,0.105559,25.71,-1.22134,-1.83596e-05,-5.19342e-05,1.41426e-05,-1.27133e-05,4.67241e-06,-3.8357e-05,2.71617e-05,-5.91766e-05,8.66866e-05,-1.97412e-05,-9.97726e-05,7.66358e-05,
-8.2038,4.68494,11.1487,9.73762,-0.823709,11.9663,-8.34674,5.76947,20.892,7.11717,60,14.5434,0,0,0,0,0,0,0,0,0,0,0,0,-0.00339003,0.698684,-1.45221,-0.0277066,0.758945,-1.44029,-0.00725394,0.738446,-1.50052,-0.0238489,0.717208,-1.48578,-0.152548,0.783864,-1.24951,0.149344,0.743967,-1.22272,-0.159009,0.843343,-1.12067,0.105557,25.71,-1.22135,0.000103837,-3.33014e-05,-9.09724e-05,0.000109456,-6.10186e-05,5.52604e-06,0.000137891,-8.39185e-05,8.53653e-05,9.23177e-05,-0.000159364,0.000164459,
-8.20369,4.68522,11.1473,9.73753,-0.824339,11.9669,-8.34622,5.76939,20.8911,7.11739,60,14.5451,0,0,0,0,0,0,0,0,0,0,0,0,-0.00338759,0.698684,-1.45221,-0.027704,0.758944,-1.44029,-0.00725071,0.738445,-1.50052,-0.0238468,0.717206,-1.48577,-0.152545,0.783869,-1.24953,0.149342,0.743956,-1.22271,-0.158999,0.843343,-1.12068,0.10556,25.71,-1.22132,1.76699e-05,-3.31809e-05,-1.30559e-06,2.3285e-05,3.86412e-06,1.4532e-06,5.41598e-05,-8.99643e-06,3.62939e-05,7.24691e-06,-4.4348e-05,1.41679e-05,
-8.20393,4.68561,11.1487,9.73788,-0.824157,11.9678,-8.34636,5.7697,20.8911,7.11757,60,14.5441,0,0,0,0,0,0,0,0,0,0,0,0,-0.00338861,0.698683,-1.45221,-0.0277049,0.758945,-1.44029,-0.00725088,0.738445,-1.50052,-0.0238479,0.717206,-1.48577,-0.152551,0.783875,-1.24951,0.149347,0.743961,-1.2227,-0.159002,0.843349,-1.12068,0.105562,25.71,-1.22134,-1.08156e-05,-1.49031e-05,-3.23558e-06,-5.42892e-06,3.60352e-05,-5.14068e-05,2.89056e-05,5.55924e-06,3.29878e-05,-1.83542e-05,-1.274e-05,-2.07327e-05,
-8.20429,4.68541,11.1485,9.73774,-0.82427,11.9678,-8.34699,5.76947,20.8914,7.11724,60,14.5448,0,0,0,0,0,0,0,0,0,0,0,0,-0.00338746,0.698683,-1.45221,-0.0277037,0.758945,-1.44029,-0.00724892,0.738446,-1.50052,-0.023847,0.717205,-1.48577,-0.152555,0.783873,-1.24951,0.149348,0.743959,-1.2227,-0.15901,0.843347,-1.12068,0.105559,25.71,-1.22132,6.57992e-05,1.29962e-05,-3.04087e-05,7.17957e-05,1.59481e-05,1.02301e-05,0.00010482,6.42224e-05,-5.87159e-05,5.75657e-05,9.59847e-06,-1.79159e-05,
-8.20407,4.68499,11.1486,9.7377,-0.824166,11.9666,-8.34754,5.76907,20.893,7.11728,60,14.5452,0,0,0,0,0,0,0,0,0,0,0,0,-0.00338662,0.698683,-1.45221,-0.0277028,0.758946,-1.44029,-0.00724739,0.738447,-1.50052,-0.0238463,0.717206,-1.48578,-0.152551,0.783865,-1.24951,0.149347,0.743962,-1.22272,-0.159019,0.843343,-1.12065,0.105559,25.71,-1.22132,1.13112e-05,3.49498e-06,5.916e-05,3.04625e-05,3.76632e-05,7.01683e-05,6.82231e-05,0.00011511,-8.01463e-05,2.0356e-05,8.31784e-05,-9.71548e-05,
-8.20379,4.6852,11.1471,9.73773,-0.824761,11.967,-8.34663,5.76888,20.8914,7.1177,60,14.5462,0,0,0,0,0,0,0,0,0,0,0,0,-0.00338702,0.698683,-1.45221,-0.027703,0.758947,-1.44029,-0.00724675,0.73845,-1.50052,-0.0238466,0.717209,-1.48578,-0.152548,0.783868,-1.24953,0.149346,0.743952,-1.22271,-0.159004,0.843341,-1.12068,0.105565,25.71,-1.2213,-5.14433e-05,-2.00683e-05,0.000104442,-4.48116e-05,4.85986e-05,4.47108e-05,-8.49658e-07,7.74568e-05,-3.73906e-05,-4.89158e-05,0.000101731,-9.67334e-05,
-8.20376,4.68552,11.1476,9.73773,-0.824319,11.9672,-8.34656,5.7691,20.8911,7.11776,60,14.5455,0,0,0,0,0,0,0,0,0,0,0,0,-0.00338913,0.698682,-1.45221,-0.0277049,0.758947,-1.44029,-0.00724779,0.73845,-1.50052,-0.0238487,0.717209,-1.48578,-0.15255,0.783873,-1.24953,0.149344,0.743959,-1.2227,-0.159003,0.843343,-1.12068,0.105564,25.71,-1.22132,-4.12431e-05,-3.58382e-05,3.87489e-05,-3.49299e-05,-5.5917e-06,-3.11134e-06,6.44568e-06,-1.31158e-05,5.7341e-05,-4.07334e-05,-3.32919e-05,6.58876e-06,
-8.20417,4.68532,11.1489,9.73749,-0.824132,11.9669,-8.34769,5.76934,20.8919,7.11716,60,14.544,0,0,0,0,0,0,0,0,0,0,0,0,-0.00338787,0.698682,-1.45221,-0.0277035,0.758947,-1.44029,-0.00724562,0.738449,-1.50052,-0.0238471,0.717207,-1.48578,-0.152552,0.783869,-1.24951,0.149344,0.743961,-1.22271,-0.159018,0.843345,-1.12067,0.105558,25.71,-1.22134,9.94755e-05,-1.30773e-05,-7.09348e-05,0.000105916,-3.96761e-05,1.32773e-05,0.000141343,-5.59251e-05,4.27196e-05,9.77465e-05,-0.000134117,0.000131407,
-8.20412,4.68558,11.149,9.73754,-0.824259,11.9668,-8.34744,5.76931,20.8917,7.11738,60,14.5434,0,0,0,0,0,0,0,0,0,0,0,0,-0.0033863,0.698682,-1.45221,-0.0277019,0.758946,-1.44029,-0.00724328,0.738448,-1.50052,-0.0238459,0.717204,-1.48577,-0.152551,0.783873,-1.24951,0.149346,0.743959,-1.22271,-0.159012,0.843343,-1.12067,0.105563,25.71,-1.22135,5.87615e-05,-3.48635e-05,-6.13332e-05,6.51812e-05,-2.12852e-05,7.37226e-07,0.000105323,-7.41645e-05,6.7941e-05,5.95179e-05,-0.000125628,9.92522e-05,
-8.20315,4.68591,11.1473,9.73827,-0.824478,11.9679,-8.34644,5.76971,20.8903,7.11808,60,14.5455,0,0,0,0,0,0,0,0,0,0,0,0,-0.00338833,0.698681,-1.45221,-0.0277038,0.758946,-1.44029,-0.00724421,0.738447,-1.50052,-0.0238478,0.717203,-1.48577,-0.152541,0.783877,-1.24953,0.149352,0.743956,-1.22269,-0.159,0.84335,-1.12069,0.105568,25.71,-1.22131,-0.000161755,-5.79925e-05,5.77063e-05,-0.000155986,3.55267e-05,-4.08487e-05,-0.000106461,-4.22925e-05,0.000111096,-0.000154094,-1.26283e-05,-1.77287e-05,
-8.20364,4.68557,11.1496,9.73827,-0.823877,11.9671,-8.34768,5.76945,20.8926,7.1178,60,14.5437,0,0,0,0,0,0,0,0,0,0,0,0,-0.00339144,0.69868,-1.45221,-0.0277068,0.758947,-1.44029,-0.0072462,0.738447,-1.50052,-0.0238508,0.717204,-1.48577,-0.15255,0.783872,-1.24949,0.149352,0.743968,-1.22271,-0.159022,0.843348,-1.12065,0.105563,25.71,-1.22134,-4.35544e-05,-3.94282e-06,3.30453e-05,-3.7162e-05,2.07001e-05,4.41413e-05,1.24879e-06,7.40463e-05,-3.32597e-05,-4.6141e-05,3.3268e-05,-1.08894e-05,
-8.20412,4.68526,11.1478,9.7373,-0.824605,11.9657,-8.34756,5.76836,20.8923,7.11746,60,14.5452,0,0,0,0,0,0,0,0,0,0,0,0,-0.00338848,0.698681,-1.45221,-0.0277037,0.758947,-1.44029,-0.00724257,0.73845,-1.50052,-0.0238482,0.717204,-1.48577,-0.152551,0.783868,-1.24953,0.149342,0.743954,-1.22273,-0.159012,0.843332,-1.12066,0.105563,25.71,-1.22132,0.000129382,2.13671e-05,1.47678e-05,0.000136231,-7.7112e-06,0.000111311,0.000160947,0.000115592,-0.000113404,0.000114417,3.20675e-05,-3.13062e-05,
-8.2031,4.6856,11.1481,9.73824,-0.824432,11.967,-8.34721,5.76943,20.8922,7.1182,60,14.5453,0,0,0,0,0,0,0,0,0,0,0,0,-0.00339004,0.69868,-1.45221,-0.0277051,0.758947,-1.44029,-0.00724318,0.738452,-1.50052,-0.0238499,0.717206,-1.48578,-0.152541,0.783872,-1.24952,0.14935,0.743958,-1.22271,-0.159013,0.843351,-1.12066,0.105568,25.71,-1.22132,-0.0001396,-3.38881e-05,7.91001e-05,-0.000133836,3.56146e-05,-1.48512e-05,-9.65798e-05,4.89822e-06,4.20856e-05,-0.000144439,3.57173e-05,-4.49588e-05,
-8.20321,4.68594,11.1477,9.73811,-0.824494,11.9678,-8.34659,5.76934,20.8904,7.11832,60,14.545,0,0,0,0,0,0,0,0,0,0,0,0,-0.00339201,0.69868,-1.45221,-0.0277072,0.758948,-1.44029,-0.00724468,0.738451,-1.50052,-0.0238523,0.717205,-1.48578,-0.152544,0.783877,-1.24953,0.149347,0.743957,-1.22269,-0.159002,0.843346,-1.12069,0.10557,25.71,-1.22132,-0.000122064,-4.75773e-05,-2.04455e-06,-7.62567e-05,1.13979e-05,-7.95003e-05,-4.31712e-05,-7.44596e-05,0.000110292,-8.99313e-05,-7.42533e-05,5.03563e-05,
-8.20414,4.68569,11.1491,9.73752,-0.82412,11.9667,-8.34774,5.76886,20.8918,7.11762,60,14.5437,0,0,0,0,0,0,0,0,0,0,0,0,-0.00339128,0.698679,-1.45221,-0.0277061,0.758947,-1.44029,-0.00724313,0.73845,-1.50052,-0.0238517,0.717202,-1.48577,-0.152554,0.783874,-1.2495,0.149343,0.743962,-1.22271,-0.159016,0.843339,-1.12067,0.105563,25.71,-1.22134,0.000147621,2.11113e-05,-0.000113877,0.000153099,-4.82895e-05,4.17483e-05,0.000166589,7.48836e-06,-9.55794e-06,0.000121085,-0.000114901,0.000127864,
-8.20399,4.68575,11.1486,9.73751,-0.824391,11.9666,-8.34774,5.76885,20.8921,7.11778,60,14.5442,0,0,0,0,0,0,0,0,0,0,0,0,-0.00338791,0.69868,-1.45221,-0.0277026,0.758947,-1.44029,-0.00723934,0.738451,-1.50052,-0.0238488,0.717201,-1.48577,-0.15255,0.783876,-1.24951,0.149345,0.743958,-1.22271,-0.159014,0.84334,-1.12066,0.105566,25.71,-1.22133,5.32497e-05,1.42462e-05,-5.30712e-05,5.87319e-05,-6.07082e-06,9.35498e-06,8.09374e-05,3.02125e-05,-1.35534e-05,3.43809e-05,-5.58763e-05,6.40637e-05,
-8.2033,4.68606,11.1471,9.73806,-0.824571,11.968,-8.34682,5.76935,20.8906,7.11834,60,14.546,0,0,0,0,0,0,0,0,0,0,0,0,-0.00338892,0.698679,-1.45221,-0.027704,0.758947,-1.44029,-0.00724018,0.738451,-1.50052,-0.0238505,0.717201,-1.48577,-0.152543,0.78388,-1.24954,0.149348,0.743956,-1.22269,-0.159003,0.843348,-1.12069,0.10557,25.71,-1.2213,-0.000126547,-2.76684e-05,2.66461e-05,-0.000132682,4.15866e-05,-6.65581e-05,-9.72912e-05,-9.36134e-06,5.27108e-05,-0.000144817,9.37553e-06,-3.15972e-05,
-8.20405,4.68578,11.1499,9.73789,-0.824191,11.9674,-8.34804,5.76896,20.892,7.11794,60,14.5433,0,0,0,0,0,0,0,0,0,0,0,0,-0.00339126,0.698679,-1.45221,-0.0277058,0.758948,-1.44029,-0.00724127,0.738451,-1.50052,-0.0238526,0.7172,-1.48577,-0.152555,0.783876,-1.24949,0.149348,0.743962,-1.2227,-0.159022,0.843342,-1.12066,0.105565,25.71,-1.22135,4.3392e-05,1.99852e-05,-5.91822e-05,4.92741e-05,1.33514e-06,6.4044e-07,7.21135e-05,3.63162e-05,-3.48727e-06,2.60823e-05,-5.85584e-05,7.48098e-05,
-8.20395,4.68588,11.1488,9.73776,-0.824293,11.9666,-8.34818,5.76889,20.8924,7.11793,60,14.5442,0,0,0,0,0,0,0,0,0,0,0,0,-0.00338855,0.69868,-1.45221,-0.0277029,0.758947,-1.44029,-0.00723805,0.738452,-1.50052,-0.0238503,0.717199,-1.48577,-0.15255,0.783877,-1.24951,0.149348,0.74396,-1.22271,-0.159021,0.843342,-1.12066,0.105567,25.71,-1.22133,3.59262e-05,1.88754e-07,-2.1822e-05,4.1859e-05,-1.03543e-05,5.86526e-05,6.55289e-05,5.5704e-05,-4.27361e-05,1.892e-05,-1.56645e-05,3.66939e-05,
-8.20314,4.68601,11.1481,9.73827,-0.824725,11.9668,-8.34695,5.76863,20.8916,7.11883,60,14.5447,0,0,0,0,0,0,0,0,0,0,0,0,-0.00339117,0.698679,-1.45221,-0.0277054,0.758948,-1.44029,-0.00723985,0.738453,-1.50052,-0.0238525,0.7172,-1.48577,-0.152544,0.783878,-1.24952,0.14935,0.743954,-1.22271,-0.159006,0.843339,-1.12067,0.105576,25.71,-1.22133,-0.000184592,-3.6031e-05,0.00014395,-0.0001786,4.64664e-05,1.68338e-05,-0.000142669,5.07809e-05,1.87239e-05,-0.000185313,7.67686e-05,-9.74273e-05,
-8.20296,4.68607,11.1476,9.73823,-0.824633,11.9668,-8.34701,5.76881,20.8915,7.11883,60,14.5453,0,0,0,0,0,0,0,0,0,0,0,0,-0.00339414,0.698678,-1.45221,-0.0277083,0.758949,-1.44029,-0.00724213,0.738454,-1.50052,-0.0238563,0.717201,-1.48577,-0.152542,0.783878,-1.24952,0.149347,0.743956,-1.22271,-0.159008,0.843342,-1.12067,0.105573,25.71,-1.22131,-0.000133691,-4.65783e-05,0.000111602,-0.000127961,3.17794e-05,6.06571e-06,-9.74194e-05,2.59253e-05,2.90214e-05,-0.000145256,4.00773e-05,-5.75028e-05,
-8.20373,4.68567,11.1483,9.7375,-0.824633,11.9663,-8.34789,5.76834,20.8917,7.11807,60,14.5442,0,0,0,0,0,0,0,0,0,0,0,0,-0.00339351,0.698678,-1.45221,-0.027707,0.758948,-1.44029,-0.00724032,0.738455,-1.50052,-0.0238556,0.7172,-1.48577,-0.152549,0.783873,-1.24952,0.149342,0.743954,-1.22272,-0.159016,0.843335,-1.12067,0.105567,25.71,-1.22133,0.000120782,1.03664e-05,-6.62175e-05,0.000150643,-2.82695e-05,4.86973e-05,0.00016702,3.26549e-05,-3.03247e-05,0.000121668,-8.49589e-05,0.000114051,
-8.20425,4.68604,11.1494,9.73747,-0.824642,11.9668,-8.34794,5.76834,20.8913,7.11815,60,14.5426,0,0,0,0,0,0,0,0,0,0,0,0,-0.00339018,0.698679,-1.45221,-0.0277041,0.758948,-1.44029,-0.00723713,0.738455,-1.50052,-0.0238532,0.717198,-1.48577,-0.152555,0.78388,-1.2495,0.149344,0.743953,-1.22271,-0.159014,0.843333,-1.12068,0.10557,25.71,-1.22136,0.000119643,1.52264e-05,-9.41267e-05,0.000124803,-3.11235e-05,-4.85973e-06,0.00014421,-1.58863e-05,1.8545e-05,9.88422e-05,-0.000125066,0.00014407,
-8.20354,4.68637,11.1491,9.73814,-0.824797,11.9676,-8.3477,5.76889,20.8911,7.11863,60,14.5437,0,0,0,0,0,0,0,0,0,0,0,0,-0.0033904,0.698678,-1.45221,-0.0277042,0.758948,-1.44029,-0.00723661,0.738454,-1.50052,-0.0238537,0.717196,-1.48577,-0.152548,0.783884,-1.2495,0.149351,0.743953,-1.2227,-0.159014,0.843342,-1.12068,0.105574,25.71,-1.22134,-9.63998e-05,-3.0567e-05,-1.49759e-05,-9.13673e-05,4.38117e-05,-7.6722e-05,-5.32895e-05,-4.38688e-05,8.93229e-05,-0.000100749,-4.21268e-05,3.20814e-06,
-8.20328,4.68633,11.1476,9.73818,-0.825002,11.9675,-8.34688,5.76821,20.8904,7.11904,60,14.5454,0,0,0,0,0,0,0,0,0,0,0,0,-0.00339347,0.698678,-1.45221,-0.0277071,0.758949,-1.44029,-0.00723862,0.738454,-1.50052,-0.0238567,0.717197,-1.48577,-0.152547,0.783883,-1.24953,0.149348,0.743951,-1.2227,-0.159002,0.843332,-1.12069,0.105577,25.71,-1.22131,-0.000123106,-2.16942e-05,7.61121e-05,-0.000117266,6.13361e-05,-3.07233e-05,-7.21392e-05,5.55796e-05,-2.06808e-06,-0.000120451,7.34517e-05,-8.85979e-05,
-8.20417,4.68596,11.149,9.73752,-0.824901,11.9663,-8.34804,5.76768,20.8919,7.11834,60,14.5443,0,0,0,0,0,0,0,0,0,0,0,0,-0.00339339,0.698678,-1.45221,-0.0277069,0.75895,-1.44029,-0.00723761,0.738456,-1.50052,-0.0238567,0.717198,-1.48577,-0.152557,0.783878,-1.2495,0.149342,0.743952,-1.22272,-0.159016,0.843326,-1.12067,0.105571,25.71,-1.22133,0.000121472,3.43098e-05,-3.42224e-05,0.000128709,5.16387e-06,0.000103341,0.00016159,0.000122449,-0.000127612,0.00011509,2.14943e-05,-9.5308e-06,
-8.20404,4.68597,11.1495,9.73776,-0.824825,11.9667,-8.3489,5.76842,20.8926,7.11815,60,14.544,0,0,0,0,0,0,0,0,0,0,0,0,-0.00338999,0.698679,-1.45221,-0.0277034,0.758949,-1.44029,-0.00723328,0.738458,-1.50052,-0.0238533,0.717198,-1.48577,-0.152553,0.783878,-1.2495,0.149349,0.743952,-1.22271,-0.159029,0.843339,-1.12065,0.105569,25.71,-1.22133,6.77166e-05,1.08546e-05,-4.85898e-05,7.46969e-05,-7.58152e-06,3.7864e-05,0.000121239,3.32617e-05,-2.51216e-05,7.44234e-05,-2.87107e-05,1.10045e-05,
-8.20323,4.68649,11.1478,9.73822,-0.824936,11.9679,-8.3476,5.76877,20.8905,7.11887,60,14.5453,0,0,0,0,0,0,0,0,0,0,0,0,-0.00339127,0.698678,-1.45221,-0.0277045,0.75895,-1.44029,-0.00723342,0.738457,-1.50052,-0.0238543,0.717197,-1.48577,-0.152544,0.783885,-1.24953,0.149351,0.743952,-1.22269,-0.15901,0.843342,-1.12069,0.105577,25.71,-1.22131,-0.000147056,-7.03929e-05,1.32937e-05,-0.000140568,3.47987e-05,-7.66059e-05,-7.60202e-05,-8.42125e-05,0.000114928,-0.000124031,-2.32297e-05,-2.32579e-05,
-8.20351,4.68631,11.1491,9.73803,-0.824476,11.9671,-8.34839,5.76854,20.8916,7.11856,60,14.5441,0,0,0,0,0,0,0,0,0,0,0,0,-0.00339434,0.698677,-1.45221,-0.0277075,0.75895,-1.44029,-0.00723511,0.738456,-1.50052,-0.023857,0.717197,-1.48577,-0.15255,0.783881,-1.2495,0.149347,0.74396,-1.2227,-0.159023,0.843337,-1.12067,0.105571,25.71,-1.22133,-2.56807e-05,-4.15425e-05,-1.09246e-05,-1.89087e-05,-8.50641e-06,-9.05861e-06,3.0908e-05,-3.31069e-05,7.95563e-05,-1.56114e-05,-5.9892e-05,3.59089e-05,
-8.20425,4.68665,11.1491,9.73773,-0.824968,11.9673,-8.34826,5.7682,20.8904,7.11849,60,14.5431,0,0,0,0,0,0,0,0,0,0,0,0,-0.00339183,0.698677,-1.45221,-0.0277048,0.758949,-1.44029,-0.00723118,0.738456,-1.50052,-0.0238541,0.717195,-1.48577,-0.152557,0.783888,-1.2495,0.149348,0.743949,-1.2227,-0.159015,0.843333,-1.12069,0.105575,25.71,-1.22135,0.000121154,-6.22285e-06,-4.24065e-05,0.000127948,-2.7643e-05,7.2407e-05,0.000125146,1.60021e-05,4.64826e-06,7.88508e-05,-5.16347e-05,7.20508e-05,
-8.20356,4.68669,11.1488,9.73809,-0.82461,11.9665,-8.34859,5.76837,20.8918,7.1187,60,14.5443,0,0,0,0,0,0,0,0,0,0,0,0,-0.00339204,0.698676,-1.45221,-0.0277049,0.758949,-1.44028,-0.00723059,0.738456,-1.50052,-0.0238545,0.717195,-1.48577,-0.152549,0.783887,-1.24951,0.14935,0.743957,-1.22271,-0.159023,0.843337,-1.12066,0.105575,25.71,-1.22133,-5.88839e-05,-3.67792e-05,6.62208e-05,-5.17552e-05,1.75349e-05,6.07993e-05,-3.9055e-06,4.59376e-05,6.25886e-06,-5.12171e-05,3.32277e-05,-3.45366e-05,
-8.20332,4.68646,11.1479,9.73808,-0.825023,11.9666,-8.34833,5.76812,20.8915,7.11889,60,14.5452,0,0,0,0,0,0,0,0,0,0,0,0,-0.00339357,0.698675,-1.45221,-0.0277062,0.75895,-1.44028,-0.0072308,0.738458,-1.50052,-0.0238556,0.717196,-1.48577,-0.152547,0.783883,-1.24952,0.149348,0.74395,-1.22271,-0.159019,0.843335,-1.12067,0.105577,25.71,-1.22131,-8.31585e-05,-2.47404e-05,9.4311e-05,-7.62823e-05,4.14751e-05,5.84221e-05,-2.01035e-05,8.15491e-05,-2.46195e-05,-6.82918e-05,7.86053e-05,-7.02203e-05,
-8.20334,4.68648,11.1484,9.73808,-0.824921,11.9668,-8.34835,5.76809,20.8913,7.11897,60,14.5448,0,0,0,0,0,0,0,0,0,0,0,0,-0.00339498,0.698675,-1.45221,-0.0277075,0.75895,-1.44028,-0.00723137,0.738459,-1.50052,-0.0238572,0.717197,-1.48577,-0.152548,0.783883,-1.24951,0.149347,0.743952,-1.22271,-0.15902,0.843334,-1.12067,0.105577,25.71,-1.22132,-6.70965e-05,-2.34037e-05,4.15863e-05,-6.04712e-05,1.2307e-05,2.09724e-05,-1.71824e-05,2.95997e-05,2.11978e-05,-6.46415e-05,1.74613e-05,-3.73773e-05,
-8.20381,4.68673,11.1497,9.73802,-0.824905,11.967,-8.34879,5.76824,20.8913,7.11879,60,14.5431,0,0,0,0,0,0,0,0,0,0,0,0,-0.0033949,0.698674,-1.45221,-0.0277073,0.75895,-1.44028,-0.00723037,0.738459,-1.50052,-0.0238572,0.717196,-1.48577,-0.152554,0.783887,-1.24949,0.149349,0.743952,-1.2227,-0.159025,0.843335,-1.12067,0.105576,25.71,-1.22135,2.96694e-05,-9.24976e-06,-4.20051e-05,3.56978e-05,-4.18778e-06,-3.01251e-06,7.03449e-05,-2.76613e-05,3.33759e-05,2.37952e-05,-7.84222e-05,5.66047e-05,
-8.20337,4.68695,11.1483,9.73819,-0.824922,11.9672,-8.34839,5.76836,20.8908,7.11898,60,14.5447,0,0,0,0,0,0,0,0,0,0,0,0,-0.00339458,0.698674,-1.45221,-0.0277069,0.75895,-1.44028,-0.00722921,0.738458,-1.50051,-0.023857,0.717195,-1.48577,-0.152548,0.78389,-1.24952,0.149351,0.743952,-1.2227,-0.159018,0.843337,-1.12068,0.105578,25.71,-1.22132,-3.28859e-05,-3.62283e-05,1.06249e-05,-2.73408e-05,5.53041e-06,-1.55534e-05,8.90042e-06,-2.10572e-05,2.74093e-05,-3.79991e-05,-2.68164e-05,4.86939e-06,
-8.20348,4.68689,11.1491,9.73851,-0.824844,11.9677,-8.34878,5.76845,20.8912,7.11899,60,14.5443,0,0,0,0,0,0,0,0,0,0,0,0,-0.00339615,0.698673,-1.45221,-0.0277083,0.758951,-1.44028,-0.00722989,0.738459,-1.50051,-0.0238587,0.717195,-1.48577,-0.152551,0.783889,-1.2495,0.149355,0.743954,-1.22269,-0.159026,0.843341,-1.12067,0.105577,25.71,-1.22133,-4.33607e-05,-1.44735e-05,3.97131e-05,-3.71842e-05,2.30242e-05,3.11394e-05,-4.28384e-06,5.58238e-05,-3.58972e-05,-1.53687e-05,9.50891e-06,-3.03475e-05,
-8.20407,4.68679,11.1493,9.73795,-0.824837,11.9667,-8.34907,5.76768,20.8915,7.11885,60,14.5436,0,0,0,0,0,0,0,0,0,0,0,0,-0.00339527,0.698673,-1.45221,-0.0277073,0.758951,-1.44028,-0.00722846,0.73846,-1.50051,-0.023858,0.717195,-1.48577,-0.152558,0.783888,-1.2495,0.149349,0.743953,-1.2227,-0.159027,0.843328,-1.12067,0.105577,25.71,-1.22134,9.00134e-05,4.57514e-06,2.31214e-05,9.59754e-05,-2.53127e-05,5.93685e-05,0.000117513,6.7304e-05,-6.56781e-05,7.12746e-05,-9.91053e-06,1.81976e-05,
-8.20361,4.68677,11.1487,9.73826,-0.824919,11.9668,-8.34944,5.76811,20.892,7.11891,60,14.5449,0,0,0,0,0,0,0,0,0,0,0,0,-0.003394,0.698674,-1.45221,-0.0277059,0.758951,-1.44028,-0.00722664,0.738462,-1.50052,-0.0238572,0.717196,-1.48577,-0.15255,0.783887,-1.2495,0.149354,0.743952,-1.2227,-0.159034,0.843338,-1.12066,0.105577,25.71,-1.22132,4.32792e-06,-1.95587e-05,7.572e-05,1.02087e-05,3.3477e-06,6.9553e-05,3.32012e-05,8.54523e-05,-2.71412e-05,-1.4308e-05,3.80953e-05,-5.74872e-05,
-8.20327,4.68684,11.1485,9.73849,-0.824864,11.9671,-8.34899,5.76808,20.8914,7.1194,60,14.5444,0,0,0,0,0,0,0,0,0,0,0,0,-0.00339614,0.698673,-1.45221,-0.0277079,0.758951,-1.44028,-0.00722794,0.738463,-1.50052,-0.0238597,0.717197,-1.48577,-0.152549,0.783887,-1.2495,0.149353,0.743954,-1.2227,-0.159029,0.843337,-1.12067,0.105581,25.71,-1.22133,-9.60858e-05,-5.44485e-05,8.98726e-05,-9.07058e-05,1.39451e-05,1.87014e-05,-6.4089e-05,9.17055e-06,3.56504e-05,-0.000111702,1.47538e-05,-2.49858e-05,
-8.20309,4.68695,11.1476,9.7384,-0.824807,11.9673,-8.34897,5.76827,20.8909,7.11924,60,14.5453,0,0,0,0,0,0,0,0,0,0,0,0,-0.00339708,0.698672,-1.45221,-0.0277089,0.758951,-1.44028,-0.00722854,0.738463,-1.50051,-0.0238611,0.717196,-1.48577,-0.152545,0.783888,-1.24952,0.149353,0.743955,-1.22269,-0.159028,0.84334,-1.12068,0.105578,25.71,-1.22131,-4.52485e-05,-4.70242e-05,3.98746e-05,-1.91224e-05,-4.00164e-06,2.38316e-05,-5.1686e-06,-2.56102e-06,5.18191e-05,-5.15189e-05,-5.35265e-05,3.48215e-05,
-8.20365,4.68682,11.1481,9.73807,-0.824468,11.9673,-8.34957,5.76822,20.8912,7.11884,60,14.5445,0,0,0,0,0,0,0,0,0,0,0,0,-0.00339619,0.698671,-1.45221,-0.0277078,0.758951,-1.44028,-0.00722733,0.738463,-1.50051,-0.0238608,0.717194,-1.48577,-0.152551,0.783886,-1.24951,0.149351,0.743959,-1.22269,-0.159035,0.84334,-1.12067,0.105574,25.71,-1.22132,0.00011103,-5.99755e-06,-2.33812e-05,0.000115952,-3.84383e-05,5.09674e-05,0.000114675,1.1438e-05,2.06334e-06,6.91216e-05,-0.000114093,0.000107788,
-8.2043,4.68735,11.1491,9.73778,-0.824483,11.9674,-8.34956,5.76801,20.8908,7.11885,60,14.5429,0,0,0,0,0,0,0,0,0,0,0,0,-0.00339302,0.698672,-1.45221,-0.0277045,0.75895,-1.44028,-0.00722468,0.738463,-1.50051,-0.023859,0.717192,-1.48577,-0.152559,0.783896,-1.2495,0.149349,0.743958,-1.22269,-0.159031,0.843336,-1.12068,0.105577,25.71,-1.22135,0.000129882,4.45835e-06,-7.70361e-05,0.000134361,-4.64569e-05,2.35692e-05,0.00015229,8.24041e-06,1.68126e-05,0.000107142,-0.000140973,0.000139558,
-8.20377,4.68725,11.1483,9.7377,-0.82438,11.9667,-8.34942,5.76801,20.8918,7.11912,60,14.5444,0,0,0,0,0,0,0,0,0,0,0,0,-0.00339214,0.698671,-1.45221,-0.0277036,0.758949,-1.44028,-0.00722344,0.738463,-1.50051,-0.0238587,0.717189,-1.48576,-0.152552,0.783894,-1.24951,0.149346,0.74396,-1.2227,-0.159031,0.843335,-1.12066,0.105579,25.71,-1.22132,-4.41367e-07,-1.45837e-05,-1.09689e-05,3.25396e-06,-1.19622e-05,-2.79411e-05,-2.64666e-06,-3.94082e-06,2.11387e-05,-4.92159e-05,-7.26987e-05,3.06633e-05,
-8.20325,4.68731,11.1469,9.73791,-0.825088,11.9677,-8.34795,5.76772,20.8899,7.11985,60,14.5456,0,0,0,0,0,0,0,0,0,0,0,0,-0.00339396,0.698671,-1.45221,-0.0277053,0.75895,-1.44028,-0.00722516,0.738463,-1.50051,-0.0238614,0.717189,-1.48577,-0.152547,0.783895,-1.24954,0.149345,0.743949,-1.22269,-0.159009,0.843331,-1.1207,0.105586,25.71,-1.2213,-0.00011693,-1.88288e-05,2.44121e-05,-0.000113186,3.59825e-05,-8.33455e-05,-0.000109824,1.85952e-05,3.82912e-05,-0.000156955,-1.38139e-05,-2.33966e-05,
-8.20422,4.68726,11.1495,9.73737,-0.824851,11.9669,-8.34869,5.76722,20.891,7.11945,60,14.5428,0,0,0,0,0,0,0,0,0,0,0,0,-0.00339537,0.698671,-1.45221,-0.0277067,0.758951,-1.44028,-0.00722647,0.738463,-1.50051,-0.0238639,0.717187,-1.48576,-0.152561,0.783895,-1.24949,0.149339,0.743953,-1.2227,-0.159019,0.843322,-1.12068,0.105582,25.71,-1.22135,9.58814e-05,3.36581e-05,-0.000134843,9.99313e-05,-5.56748e-06,-3.29239e-05,9.4467e-05,1.859e-05,-3.27988e-05,4.89108e-05,-0.000127753,0.000134471,
-8.20429,4.68724,11.1501,9.73767,-0.825013,11.9675,-8.34954,5.76783,20.8917,7.11918,60,14.5428,0,0,0,0,0,0,0,0,0,0,0,0,-0.00339148,0.698673,-1.45221,-0.0277027,0.75895,-1.44028,-0.00722253,0.738463,-1.50051,-0.0238609,0.717185,-1.48576,-0.152558,0.783896,-1.24949,0.149348,0.74395,-1.22269,-0.159029,0.843333,-1.12066,0.10558,25.71,-1.22134,9.60856e-05,5.48082e-05,-0.000145609,0.000100689,-4.41862e-06,-5.13542e-05,0.000111619,1.43139e-05,-2.23162e-05,6.61674e-05,-0.000110208,9.80814e-05,
-8.20333,4.68718,11.1492,9.73841,-0.824831,11.9678,-8.34919,5.76824,20.8921,7.11975,60,14.5443,0,0,0,0,0,0,0,0,0,0,0,0,-0.00339247,0.698673,-1.45221,-0.0277036,0.758951,-1.44028,-0.00722292,0.738464,-1.50051,-0.0238621,0.717184,-1.48576,-0.152547,0.783895,-1.2495,0.149355,0.743955,-1.22269,-0.159029,0.843341,-1.12066,0.105584,25.71,-1.22132,-0.000133751,8.10786e-06,-1.81773e-05,-0.000128522,6.1483e-05,-7.7081e-05,-9.12506e-05,2.07032e-05,1.33868e-05,-0.000139163,2.1853e-05,-6.79923e-05,
-8.20323,4.687,11.1486,9.73843,-0.825045,11.9676,-8.34898,5.76784,20.8916,7.1199,60,14.5447,0,0,0,0,0,0,0,0,0,0,0,0,-0.00339585,0.698673,-1.45221,-0.0277068,0.758952,-1.44028,-0.00722534,0.738465,-1.50051,-0.0238655,0.717185,-1.48576,-0.152548,0.783891,-1.24951,0.149353,0.743952,-1.22269,-0.159027,0.843336,-1.12067,0.105584,25.71,-1.22132,-0.000114176,-6.53713e-06,5.28736e-05,-0.000108237,4.76245e-05,1.77259e-05,-7.08569e-05,5.94867e-05,-8.6418e-06,-0.000118316,6.0151e-05,-6.85909e-05,
-8.20366,4.68691,11.1498,9.73829,-0.82469,11.967,-8.34999,5.76779,20.8925,7.11953,60,14.543,0,0,0,0,0,0,0,0,0,0,0,0,-0.0033963,0.698673,-1.45221,-0.0277072,0.758952,-1.44028,-0.00722501,0.738466,-1.50051,-0.0238661,0.717186,-1.48576,-0.152553,0.783889,-1.24949,0.149354,0.743957,-1.2227,-0.159041,0.843337,-1.12065,0.10558,25.71,-1.22134,3.79615e-05,5.03725e-07,2.80301e-05,4.48147e-05,-1.76375e-05,9.45796e-05,7.14669e-05,7.29453e-05,-2.19503e-05,2.52525e-05,-2.30522e-05,5.4566e-05,
-8.20346,4.68726,11.1469,9.73807,-0.825104,11.9673,-8.34878,5.76751,20.8903,7.11977,60,14.5452,0,0,0,0,0,0,0,0,0,0,0,0,-0.00339538,0.698672,-1.45221,-0.0277061,0.758952,-1.44028,-0.00722347,0.738467,-1.50051,-0.0238654,0.717185,-1.48576,-0.152548,0.783895,-1.24954,0.14935,0.743949,-1.22269,-0.159018,0.843331,-1.12069,0.105585,25.71,-1.2213,5.87491e-05,-3.18094e-05,4.019e-05,1.63318e-05,-1.92488e-05,8.44243e-05,4.61108e-05,3.29571e-05,1.1091e-05,-6.61429e-07,-2.10297e-05,3.03897e-05,
-8.20389,4.68746,11.1504,9.73819,-0.824651,11.9672,-8.34976,5.76769,20.8914,7.11975,60,14.5416,0,0,0,0,0,0,0,0,0,0,0,0,-0.00339645,0.698672,-1.45221,-0.0277071,0.758951,-1.44028,-0.00722363,0.738467,-1.50051,-0.0238666,0.717184,-1.48576,-0.152558,0.783898,-1.24948,0.149352,0.743957,-1.22269,-0.159036,0.843335,-1.12067,0.105584,25.71,-1.22137,-1.82753e-05,-7.35643e-06,3.25383e-06,5.03853e-05,-2.9311e-05,6.98811e-05,7.7773e-05,1.81434e-05,1.37365e-05,3.15678e-05,-6.90079e-05,9.27997e-05,
-8.20395,4.68715,11.1491,9.73799,-0.824968,11.9663,-8.35018,5.76734,20.8922,7.11957,60,14.5431,0,0,0,0,0,0,0,0,0,0,0,0,-0.00339403,0.698672,-1.45221,-0.0277044,0.758951,-1.44028,-0.00722057,0.738468,-1.50051,-0.0238645,0.717183,-1.48576,-0.152555,0.783893,-1.2495,0.149351,0.743951,-1.22271,-0.159041,0.84333,-1.12065,0.105583,25.71,-1.22134,8.41878e-05,-5.65441e-06,2.39549e-05,2.39602e-05,-1.0659e-05,8.1259e-05,6.01663e-05,4.6756e-05,-1.05896e-05,1.34139e-05,-1.42927e-05,2.08417e-05,
-8.20283,4.68728,11.1475,9.73849,-0.825637,11.967,-8.34851,5.76703,20.8904,7.12061,60,14.5449,0,0,0,0,0,0,0,0,0,0,0,0,-0.00339692,0.698672,-1.45221,-0.0277072,0.758952,-1.44028,-0.00722237,0.738469,-1.50051,-0.0238673,0.717185,-1.48576,-0.152545,0.783894,-1.24952,0.149351,0.743942,-1.22269,-0.159017,0.843326,-1.12069,0.105593,25.71,-1.22131,-0.000210643,-3.79728e-05,0.000125682,-0.000203874,7.29426e-05,1.14654e-05,-0.000151021,4.96228e-05,2.12884e-05,-0.000199527,0.000113735,-0.000114015,
-8.20345,4.68735,11.1489,9.73828,-0.825295,11.9672,-8.34931,5.7671,20.8907,7.12013,60,14.5435,0,0,0,0,0,0,0,0,0,0,0,0,-0.00340023,0.698671,-1.45221,-0.0277104,0.758953,-1.44028,-0.0072245,0.73847,-1.50051,-0.0238704,0.717186,-1.48576,-0.152554,0.783895,-1.2495,0.149349,0.743948,-1.22269,-0.159029,0.843327,-1.12068,0.105586,25.71,-1.22133,8.83425e-07,-1.2292e-06,4.69229e-07,7.28724e-06,9.75409e-06,1.32443e-05,5.00103e-05,2.64669e-05,-5.55661e-06,3.09248e-06,-1.35125e-05,5.12633e-06,
-8.20399,4.6872,11.1489,9.73787,-0.825302,11.9668,-8.35013,5.76699,20.8911,7.11947,60,14.5436,0,0,0,0,0,0,0,0,0,0,0,0,-0.00339686,0.698672,-1.45221,-0.0277075,0.758952,-1.44028,-0.00722093,0.73847,-1.50051,-0.0238676,0.717185,-1.48576,-0.152556,0.783894,-1.24951,0.149349,0.743946,-1.2227,-0.159036,0.843326,-1.12068,0.105582,25.71,-1.22133,0.000163038,3.38637e-05,-0.00012438,0.000192955,-3.26328e-05,7.88464e-05,0.000230946,3.57354e-05,-5.44867e-05,0.000185583,-8.21129e-05,0.000120411,
-8.20377,4.68729,11.1489,9.73775,-0.82512,11.9663,-8.35005,5.76693,20.8917,7.11969,60,14.5437,0,0,0,0,0,0,0,0,0,0,0,0,-0.00339523,0.698672,-1.45221,-0.0277052,0.758952,-1.44028,-0.00721762,0.738471,-1.50051,-0.0238653,0.717183,-1.48576,-0.152554,0.783896,-1.24951,0.149346,0.74395,-1.2227,-0.159034,0.843325,-1.12066,0.105585,25.71,-1.22133,4.29897e-05,1.69107e-05,-7.83101e-05,5.02577e-05,6.90965e-06,3.14811e-05,0.00010142,1.50743e-05,-1.76924e-05,5.45436e-05,-3.09616e-05,5.88217e-05,
-8.20343,4.68779,11.1499,9.73876,-0.825086,11.9687,-8.35037,5.76837,20.891,7.11999,60,14.5432,0,0,0,0,0,0,0,0,0,0,0,0,-0.0033964,0.698672,-1.45221,-0.0277062,0.758952,-1.44028,-0.00721742,0.73847,-1.50051,-0.0238661,0.717183,-1.48576,-0.152553,0.783903,-1.24949,0.14936,0.743952,-1.22267,-0.159043,0.843349,-1.12067,0.105586,25.71,-1.22134,-0.00011386,-2.48771e-05,-3.34359e-05,-0.000107691,2.96345e-05,-7.22059e-05,-4.418e-05,-6.10148e-05,0.000103838,-9.16283e-05,-4.00413e-05,-5.98874e-06,
-8.20308,4.68763,11.1497,9.73874,-0.824645,11.9677,-8.35023,5.76789,20.8916,7.1202,60,14.5435,0,0,0,0,0,0,0,0,0,0,0,0,-0.00339887,0.698671,-1.45221,-0.0277085,0.758953,-1.44028,-0.00721865,0.738469,-1.50051,-0.0238681,0.717182,-1.48576,-0.152549,0.783899,-1.24949,0.149356,0.74396,-1.22269,-0.159043,0.843338,-1.12066,0.105587,25.71,-1.22133,-0.0001401,-4.35977e-05,-3.25365e-05,-0.000133806,1.19797e-05,-7.30453e-05,-7.02717e-05,-7.45909e-05,0.000113458,-0.000117848,-4.79162e-05,-1.23383e-05,
-8.20326,4.68756,11.1487,9.73855,-0.825398,11.9669,-8.34985,5.76706,20.8911,7.12033,60,14.5439,0,0,0,0,0,0,0,0,0,0,0,0,-0.00340033,0.69867,-1.45221,-0.0277098,0.758954,-1.44028,-0.0072187,0.73847,-1.50051,-0.0238694,0.717183,-1.48576,-0.152551,0.783898,-1.2495,0.149354,0.743947,-1.22269,-0.159034,0.843328,-1.12067,0.105591,25.71,-1.22133,-3.20543e-05,-1.36853e-05,8.59533e-05,-2.46103e-05,2.2697e-05,8.7017e-05,1.83658e-05,8.73943e-05,-4.26835e-05,-2.94036e-05,6.73738e-05,-7.30073e-05,
-8.20336,4.68752,11.1486,9.73836,-0.825292,11.9663,-8.35015,5.76688,20.8914,7.12017,60,14.5438,0,0,0,0,0,0,0,0,0,0,0,0,-0.00340043,0.69867,-1.45221,-0.0277098,0.758954,-1.44027,-0.00721784,0.738472,-1.50051,-0.0238695,0.717184,-1.48576,-0.152552,0.783898,-1.24951,0.149352,0.743948,-1.2227,-0.159037,0.843327,-1.12067,0.105589,25.71,-1.22133,3.16957e-05,1.5753e-06,6.41146e-05,3.88457e-05,-3.99593e-06,0.000125278,7.47455e-05,9.29058e-05,-3.3419e-05,2.79282e-05,3.21555e-05,-2.78848e-06,
-8.20364,4.68744,11.1498,9.73827,-0.825292,11.9665,-8.35088,5.76705,20.8919,7.12001,60,14.5428,0,0,0,0,0,0,0,0,0,0,0,0,-0.00339941,0.69867,-1.45221,-0.0277086,0.758954,-1.44027,-0.00721594,0.738473,-1.50051,-0.0238686,0.717184,-1.48576,-0.152556,0.783896,-1.24949,0.149352,0.743948,-1.2227,-0.159048,0.84333,-1.12066,0.105587,25.71,-1.22134,3.51429e-05,-6.68536e-06,1.5198e-05,4.17822e-05,3.14913e-06,5.93603e-05,7.73257e-05,3.96981e-05,-4.72398e-06,3.07114e-05,-2.23257e-05,3.78747e-05,
-8.20309,4.68779,11.1486,9.73871,-0.825555,11.9674,-8.35016,5.76734,20.8904,7.12042,60,14.5437,0,0,0,0,0,0,0,0,0,0,0,0,-0.00339951,0.69867,-1.45221,-0.0277086,0.758954,-1.44027,-0.00721528,0.738473,-1.50051,-0.0238687,0.717184,-1.48576,-0.152548,0.783901,-1.24951,0.149357,0.743944,-1.22268,-0.159037,0.843333,-1.12068,0.105592,25.71,-1.22133,-5.96833e-05,-4.1007e-05,1.763e-05,-5.41149e-05,2.49821e-05,-6.46694e-06,-1.43984e-05,-3.18176e-05,9.05699e-05,-6.13938e-05,-2.76448e-05,1.39427e-05,
-8.20299,4.6874,11.1486,9.7383,-0.825111,11.9661,-8.35049,5.76677,20.8918,7.12029,60,14.5442,0,0,0,0,0,0,0,0,0,0,0,0,-0.00340166,0.698669,-1.45221,-0.0277106,0.758954,-1.44027,-0.00721652,0.738473,-1.50051,-0.023871,0.717183,-1.48576,-0.152548,0.783894,-1.24951,0.149349,0.743953,-1.22271,-0.159043,0.843323,-1.12066,0.105588,25.71,-1.22132,-2.98526e-05,-2.01356e-05,3.08075e-05,-2.41744e-05,9.58062e-06,1.24977e-05,6.60859e-06,1.20539e-05,4.62891e-05,-4.01933e-05,-1.12969e-05,-8.05233e-06,
-8.20355,4.6878,11.1491,9.7382,-0.825589,11.9672,-8.35046,5.76695,20.8905,7.12027,60,14.543,0,0,0,0,0,0,0,0,0,0,0,0,-0.0033999,0.698669,-1.45221,-0.0277087,0.758954,-1.44027,-0.0072141,0.738474,-1.50051,-0.0238697,0.717183,-1.48576,-0.152554,0.783901,-1.2495,0.149351,0.743944,-1.22269,-0.159039,0.843327,-1.12068,0.105591,25.71,-1.22134,5.46278e-05,-1.38389e-05,-1.75394e-05,5.98468e-05,6.87194e-06,2.16901e-06,8.00405e-05,4.04849e-07,4.48325e-05,3.37061e-05,-6.00891e-05,6.20782e-05,
-8.20316,4.68791,11.1491,9.73839,-0.824994,11.9671,-8.35067,5.76741,20.8914,7.1203,60,14.5436,0,0,0,0,0,0,0,0,0,0,0,0,-0.00339983,0.698668,-1.45221,-0.0277086,0.758954,-1.44027,-0.00721367,0.738473,-1.50051,-0.02387,0.717181,-1.48576,-0.152549,0.783903,-1.2495,0.149353,0.743955,-1.22269,-0.159044,0.843334,-1.12066,0.105589,25.71,-1.22133,-1.47729e-05,-2.31083e-05,-6.04192e-05,-1.0354e-05,1.12661e-06,-6.38521e-05,1.10153e-05,-5.63079e-05,7.29312e-05,-3.40684e-05,-8.46999e-05,5.49722e-05,
-8.20334,4.68797,11.1485,9.73807,-0.825551,11.9671,-8.34992,5.76669,20.8902,7.12056,60,14.5437,0,0,0,0,0,0,0,0,0,0,0,0,-0.00340008,0.698668,-1.45221,-0.0277087,0.758955,-1.44027,-0.0072133,0.738472,-1.50051,-0.0238707,0.71718,-1.48576,-0.152552,0.783903,-1.24951,0.149347,0.743945,-1.22269,-0.15903,0.843321,-1.12068,0.105593,25.71,-1.22133,-9.66469e-06,-1.93261e-05,-6.45181e-06,-5.29522e-06,2.1957e-05,-4.69776e-05,1.32495e-05,-8.42958e-06,6.75963e-05,-3.34255e-05,-4.92563e-05,2.14488e-05,
-8.2038,4.68828,11.1499,9.73802,-0.825422,11.9672,-8.35031,5.76672,20.8907,7.12049,60,14.5425,0,0,0,0,0,0,0,0,0,0,0,0,-0.00339993,0.698668,-1.45221,-0.0277085,0.758955,-1.44028,-0.00721274,0.738472,-1.50051,-0.0238711,0.717179,-1.48576,-0.152559,0.783909,-1.24949,0.149348,0.743948,-1.22269,-0.159035,0.843322,-1.12067,0.105593,25.71,-1.22135,4.32147e-05,5.39081e-06,-3.58561e-05,4.77652e-05,1.67684e-05,-4.77078e-05,6.16134e-05,1.74408e-05,2.30075e-05,1.50978e-05,-5.76371e-05,2.85514e-05,
-8.20358,4.68804,11.1489,9.73801,-0.825632,11.967,-8.35053,5.7667,20.8911,7.12039,60,14.544,0,0,0,0,0,0,0,0,0,0,0,0,-0.00339882,0.698668,-1.45221,-0.0277073,0.758955,-1.44028,-0.00721125,0.738473,-1.50051,-0.0238704,0.717178,-1.48576,-0.152554,0.783905,-1.2495,0.149349,0.743945,-1.2227,-0.159037,0.843323,-1.12067,0.105592,25.71,-1.22132,3.85616e-05,-4.45462e-06,-7.94514e-06,4.36638e-05,3.13024e-05,-2.34816e-05,6.50037e-05,3.68366e-05,-2.04866e-05,1.81783e-05,-1.18829e-05,-6.61954e-06,
-8.20369,4.68816,11.1503,9.7384,-0.825527,11.9678,-8.35068,5.76693,20.8911,7.1207,60,14.5426,0,0,0,0,0,0,0,0,0,0,0,0,-0.00339941,0.698668,-1.45221,-0.0277079,0.758956,-1.44028,-0.00721113,0.738474,-1.50051,-0.0238715,0.717178,-1.48576,-0.152558,0.783907,-1.24948,0.149353,0.743948,-1.22268,-0.159042,0.843327,-1.12067,0.105595,25.71,-1.22135,-3.9432e-05,-1.48271e-06,1.65052e-05,-3.02849e-05,3.32546e-05,-5.26417e-05,5.8915e-07,1.17614e-05,1.63959e-05,-4.69168e-05,8.71274e-06,-3.20549e-05,
-8.20327,4.68823,11.1491,9.73887,-0.825713,11.9683,-8.35075,5.76719,20.8905,7.12077,60,14.5439,0,0,0,0,0,0,0,0,0,0,0,0,-0.00340025,0.698667,-1.45221,-0.0277085,0.758957,-1.44028,-0.00721106,0.738474,-1.5005,-0.0238724,0.717178,-1.48576,-0.152552,0.783907,-1.2495,0.149361,0.743945,-1.22267,-0.159043,0.843332,-1.12068,0.105595,25.71,-1.22132,-5.28254e-05,-3.01297e-05,6.26615e-05,-4.72429e-05,3.9542e-05,-7.25129e-06,-1.34884e-05,2.31152e-05,3.68344e-05,-6.0783e-05,3.43353e-05,-3.46732e-05,
-8.2035,4.68805,11.1488,9.73862,-0.825592,11.9676,-8.35065,5.76636,20.8904,7.12081,60,14.544,0,0,0,0,0,0,0,0,0,0,0,0,-0.00340121,0.698667,-1.45221,-0.0277093,0.758958,-1.44028,-0.00721132,0.738475,-1.50051,-0.0238735,0.717179,-1.48576,-0.152556,0.783904,-1.2495,0.149356,0.743947,-1.22268,-0.159041,0.84332,-1.12068,0.105595,25.71,-1.22132,-1.42937e-05,-1.05646e-05,9.63547e-05,-7.72475e-06,1.63544e-05,0.000102558,2.19932e-05,0.000104376,-2.91256e-05,-2.50987e-05,6.19383e-05,-6.3141e-05,
-8.20391,4.68807,11.1483,9.73808,-0.82572,11.9668,-8.3511,5.766,20.8906,7.12044,60,14.5442,0,0,0,0,0,0,0,0,0,0,0,0,-0.00339964,0.698667,-1.45221,-0.0277076,0.758957,-1.44027,-0.00720913,0.738478,-1.50051,-0.0238723,0.717181,-1.48576,-0.152559,0.783904,-1.24951,0.149351,0.743944,-1.22269,-0.159044,0.843317,-1.12068,0.105592,25.71,-1.22132,9.96996e-05,-8.04309e-06,7.84569e-05,0.000106573,-1.70697e-05,0.00015687,0.000127979,0.000116278,-7.19969e-05,8.13549e-05,4.31243e-05,-6.86237e-06,
-8.20363,4.68787,11.1474,9.73748,-0.825474,11.9657,-8.35125,5.76583,20.8914,7.12039,60,14.5453,0,0,0,0,0,0,0,0,0,0,0,0,-0.00339791,0.698667,-1.4522,-0.0277058,0.758957,-1.44027,-0.00720673,0.73848,-1.50051,-0.0238708,0.717181,-1.48576,-0.152554,0.7839,-1.24952,0.149341,0.743948,-1.22271,-0.159046,0.843313,-1.12066,0.105591,25.71,-1.2213,4.99085e-05,-2.56328e-05,5.74103e-05,5.6694e-05,-1.23629e-05,7.92333e-05,8.54546e-05,2.7076e-05,-3.3657e-06,2.04881e-05,-9.58989e-06,1.91633e-05,
-8.20367,4.68839,11.1492,9.73783,-0.825619,11.9671,-8.35105,5.76649,20.8905,7.12074,60,14.5429,0,0,0,0,0,0,0,0,0,0,0,0,-0.00339797,0.698666,-1.4522,-0.0277057,0.758957,-1.44027,-0.00720609,0.738479,-1.50051,-0.023871,0.71718,-1.48576,-0.152557,0.783908,-1.24949,0.149345,0.743946,-1.22269,-0.159043,0.843323,-1.12068,0.105596,25.71,-1.22134,-3.65221e-05,-3.27847e-05,-1.97507e-05,-3.08587e-05,-5.96716e-08,-5.26002e-05,6.6079e-06,-6.62551e-05,0.000107422,-4.01345e-05,-8.50858e-05,8.0019e-05,
-8.20293,4.68884,11.1487,9.73873,-0.82546,11.9687,-8.35085,5.76763,20.8896,7.12099,60,14.5437,0,0,0,0,0,0,0,0,0,0,0,0,-0.00340019,0.698664,-1.45221,-0.0277078,0.758957,-1.44027,-0.00720715,0.738475,-1.5005,-0.0238732,0.717177,-1.48576,-0.152547,0.783914,-1.2495,0.149357,0.743949,-1.22267,-0.159042,0.843338,-1.12069,0.105596,25.71,-1.22132,-0.000113749,-6.35067e-05,-4.14267e-05,-0.000108814,2.01103e-05,-0.000148376,-6.43459e-05,-0.000149956,0.00016769,-0.000110987,-0.000126437,6.55234e-05,
-8.20312,4.68839,11.149,9.73853,-0.824979,11.9676,-8.35131,5.76706,20.8908,7.12072,60,14.5436,0,0,0,0,0,0,0,0,0,0,0,0,-0.0034017,0.698664,-1.45221,-0.0277092,0.758957,-1.44028,-0.00720783,0.738474,-1.5005,-0.0238747,0.717175,-1.48576,-0.15255,0.783907,-1.2495,0.149355,0.743958,-1.22268,-0.159049,0.843329,-1.12067,0.105592,25.71,-1.22132,-1.61867e-05,-5.01067e-06,-6.91323e-05,-1.07354e-05,4.57746e-06,-1.82929e-05,2.49247e-05,-2.08471e-05,5.08783e-05,-2.1729e-05,-6.68831e-05,4.52714e-05,
-8.20383,4.68849,11.1497,9.73818,-0.825335,11.9672,-8.35158,5.76656,20.8912,7.1206,60,14.5427,0,0,0,0,0,0,0,0,0,0,0,0,-0.00339961,0.698664,-1.45221,-0.027707,0.758957,-1.44027,-0.00720513,0.738475,-1.5005,-0.023873,0.717175,-1.48575,-0.152558,0.78391,-1.24949,0.149353,0.743951,-1.22269,-0.159049,0.843324,-1.12066,0.105594,25.71,-1.22134,9.79385e-05,3.53154e-05,-3.94677e-05,0.000104201,3.12929e-06,4.74743e-05,0.000123819,8.90778e-05,-8.09589e-05,7.73213e-05,-2.63667e-06,3.36518e-05,
-8.20327,4.68863,11.1487,9.73849,-0.825596,11.9674,-8.35107,5.76659,20.8909,7.12109,60,14.5443,0,0,0,0,0,0,0,0,0,0,0,0,-0.0033994,0.698664,-1.45221,-0.0277067,0.758958,-1.44027,-0.00720423,0.738477,-1.5005,-0.0238733,0.717175,-1.48576,-0.152552,0.783912,-1.2495,0.149355,0.743948,-1.22268,-0.159043,0.843326,-1.12067,0.105599,25.71,-1.22131,-7.85381e-05,-1.7795e-06,5.78817e-05,-7.27803e-05,3.38169e-05,1.27734e-05,-4.53511e-05,7.71045e-05,-3.18711e-05,-9.30676e-05,6.31083e-05,-9.07508e-05,
-8.20307,4.68841,11.1479,9.73837,-0.825565,11.9673,-8.351,5.76645,20.8908,7.12117,60,14.5452,0,0,0,0,0,0,0,0,0,0,0,0,-0.00340138,0.698664,-1.45221,-0.0277085,0.758958,-1.44027,-0.00720559,0.738478,-1.5005,-0.0238755,0.717176,-1.48576,-0.15255,0.783908,-1.24952,0.149351,0.743949,-1.22269,-0.159043,0.843325,-1.12067,0.105598,25.71,-1.2213,-8.55575e-05,-7.0912e-06,6.58533e-05,-8.00847e-05,3.47243e-05,2.04711e-05,-5.22793e-05,7.34747e-05,-7.75092e-06,-9.995e-05,4.70214e-05,-6.91135e-05,
-8.2038,4.68826,11.15,9.73786,-0.825435,11.9665,-8.35179,5.766,20.8918,7.12082,60,14.5426,0,0,0,0,0,0,0,0,0,0,0,0,-0.00340103,0.698664,-1.45221,-0.0277081,0.758959,-1.44027,-0.00720469,0.73848,-1.5005,-0.0238755,0.717176,-1.48576,-0.152559,0.783906,-1.24948,0.149346,0.74395,-1.2227,-0.159053,0.843317,-1.12065,0.105595,25.71,-1.22134,7.69189e-05,9.22259e-06,-6.38684e-05,8.26179e-05,-1.9513e-05,1.86968e-05,9.84967e-05,3.59795e-05,-1.72376e-05,5.24561e-05,-6.96774e-05,7.03215e-05,
-8.20337,4.68874,11.1501,9.73863,-0.825586,11.968,-8.35178,5.76712,20.8908,7.12115,60,14.5422,0,0,0,0,0,0,0,0,0,0,0,0,-0.00339971,0.698664,-1.45221,-0.0277066,0.758958,-1.44027,-0.00720289,0.738479,-1.5005,-0.0238747,0.717174,-1.48575,-0.152553,0.783913,-1.24948,0.149358,0.743948,-1.22268,-0.159054,0.843334,-1.12067,0.105599,25.71,-1.22135,-5.39796e-05,-2.60663e-05,-2.79124e-05,-4.90728e-05,2.39555e-06,-5.80458e-05,-2.31289e-05,-7.52051e-05,0.00010371,-6.97328e-05,-9.00237e-05,7.46723e-05,
-8.20267,4.68889,11.1484,9.73914,-0.825647,11.9686,-8.35062,5.76689,20.8893,7.12179,60,14.5437,0,0,0,0,0,0,0,0,0,0,0,0,-0.00340327,0.698663,-1.45221,-0.0277096,0.758959,-1.44028,-0.00720522,0.738478,-1.5005,-0.0238778,0.717173,-1.48575,-0.152547,0.783914,-1.24951,0.149361,0.743948,-1.22267,-0.159038,0.843329,-1.12069,0.105604,25.71,-1.22132,-0.00016119,-5.82082e-05,6.75293e-05,-0.000178845,3.2735e-05,-5.12662e-05,-0.000145911,-5.57104e-05,0.000122478,-0.000193371,-2.38724e-05,-1.73411e-05,
-8.20317,4.68845,11.1487,9.73844,-0.825718,11.9663,-8.3512,5.76536,20.8909,7.12139,60,14.5438,0,0,0,0,0,0,0,0,0,0,0,0,-0.00340485,0.698663,-1.4522,-0.0277116,0.758959,-1.44027,-0.00720649,0.738479,-1.5005,-0.0238803,0.717174,-1.48575,-0.152554,0.783907,-1.2495,0.149351,0.743947,-1.2227,-0.159044,0.843308,-1.12067,0.1056,25.71,-1.22132,-2.13984e-05,9.9445e-06,0.00010004,-1.53598e-05,1.2532e-05,9.30802e-05,7.85128e-05,0.000160865,-0.000110946,3.18167e-05,6.15453e-05,-2.74779e-05,
-8.20411,4.6882,11.1501,9.738,-0.825838,11.9662,-8.35265,5.76564,20.8921,7.12077,60,14.5422,0,0,0,0,0,0,0,0,0,0,0,0,-0.00340032,0.698664,-1.4522,-0.0277069,0.758959,-1.44027,-0.00720196,0.738483,-1.5005,-0.0238767,0.717175,-1.48575,-0.152562,0.783905,-1.24947,0.149352,0.743943,-1.2227,-0.159063,0.843317,-1.12065,0.105595,25.71,-1.22135,0.000178686,4.80146e-05,-1.75996e-05,0.000185236,-2.14897e-05,0.000143189,0.000193183,0.000150316,-0.000113603,0.000147117,5.45154e-06,3.96332e-05,
-8.20303,4.68873,11.1484,9.7385,-0.825856,11.9674,-8.35181,5.76631,20.8906,7.12141,60,14.5438,0,0,0,0,0,0,0,0,0,0,0,0,-0.00339979,0.698664,-1.4522,-0.0277063,0.758959,-1.44027,-0.00720053,0.738484,-1.5005,-0.0238761,0.717174,-1.48575,-0.152549,0.783912,-1.2495,0.149356,0.743944,-1.22268,-0.159052,0.843325,-1.12067,0.105602,25.71,-1.22132,-0.000133708,-5.43922e-05,5.62547e-05,-5.71834e-05,2.24623e-05,-2.09715e-05,-2.87809e-05,-2.10028e-05,7.39329e-05,-7.59133e-05,-1.49571e-05,6.49551e-06,
-8.20248,4.68904,11.1477,9.73902,-0.826143,11.9686,-8.35003,5.76606,20.8883,7.12244,60,14.5442,0,0,0,0,0,0,0,0,0,0,0,0,-0.00340432,0.698662,-1.4522,-0.0277107,0.75896,-1.44027,-0.00720463,0.738482,-1.5005,-0.0238812,0.717174,-1.48576,-0.152547,0.783915,-1.24951,0.149355,0.743941,-1.22266,-0.159029,0.843318,-1.12071,0.105611,25.71,-1.22132,-0.000279855,-8.30476e-05,8.68003e-05,-0.000275184,6.20311e-05,-0.000111829,-0.000236974,-7.84961e-05,0.00016003,-0.000284774,-5.19758e-06,-3.87491e-05,
-8.20391,4.68842,11.1494,9.73765,-0.825505,11.9659,-8.35223,5.76522,20.8913,7.12094,60,14.5429,0,0,0,0,0,0,0,0,0,0,0,0,-0.00340463,0.698662,-1.4522,-0.0277109,0.75896,-1.44027,-0.00720438,0.738482,-1.5005,-0.0238819,0.717173,-1.48575,-0.152561,0.783907,-1.24949,0.149343,0.74395,-1.22271,-0.159057,0.843306,-1.12066,0.105594,25.71,-1.22134,0.000215399,3.3957e-05,-9.37781e-05,0.000221435,-4.9442e-05,8.18816e-05,0.00023058,5.89803e-05,-4.43099e-05,0.000185604,-9.32523e-05,0.00011663,
-8.20447,4.68841,11.1502,9.73734,-0.825905,11.9665,-8.35286,5.76552,20.8918,7.12027,60,14.542,0,0,0,0,0,0,0,0,0,0,0,0,-0.00339713,0.698663,-1.4522,-0.0277033,0.758959,-1.44027,-0.00719599,0.738484,-1.5005,-0.0238759,0.717171,-1.48575,-0.152563,0.783908,-1.24948,0.149346,0.743942,-1.2227,-0.159062,0.843312,-1.12065,0.105593,25.71,-1.22135,0.000256151,5.00851e-05,-0.000119816,0.000262372,-3.26307e-05,-6.23552e-06,0.000167485,2.23635e-05,-3.62713e-05,0.000359564,-0.000102685,0.000165267,
-8.20282,4.68914,11.1493,9.73883,-0.82581,11.9684,-8.35165,5.76685,20.8903,7.1218,60,14.5434,0,0,0,0,0,0,0,0,0,0,0,0,-0.00339817,0.698663,-1.45221,-0.0277042,0.75896,-1.44027,-0.00719677,0.738483,-1.5005,-0.0238761,0.71717,-1.48575,-0.152546,0.783918,-1.24949,0.14936,0.743946,-1.22267,-0.159049,0.843332,-1.12067,0.105606,25.71,-1.22133,-0.000227205,-7.1824e-05,6.65399e-06,-0.000222218,6.04562e-05,-0.000174997,-0.000167818,-0.000127804,0.000189556,-0.000215711,-4.1615e-05,-4.82938e-05,
-8.20255,4.68916,11.1498,9.73952,-0.825552,11.969,-8.35181,5.7671,20.8903,7.12204,60,14.5429,0,0,0,0,0,0,0,0,0,0,0,0,-0.00340599,0.698661,-1.4522,-0.0277119,0.758962,-1.44028,-0.00720302,0.73848,-1.50049,-0.0238835,0.71717,-1.48575,-0.152548,0.783917,-1.24948,0.149366,0.743953,-1.22266,-0.159057,0.843335,-1.12067,0.105604,25.71,-1.22134,-0.000178564,-6.42927e-05,4.51829e-05,-0.00017314,5.86458e-05,-8.93486e-05,-0.000125923,-5.78427e-05,0.000110957,-0.000173825,-3.31176e-06,-3.33464e-05,
-8.20378,4.68879,11.15,9.73854,-0.825517,11.967,-8.35258,5.76565,20.8914,7.12162,60,14.5419,0,0,0,0,0,0,0,0,0,0,0,0,-0.00340496,0.69866,-1.4522,-0.0277108,0.758962,-1.44028,-0.00720129,0.738481,-1.5005,-0.0238836,0.71717,-1.48575,-0.152561,0.783912,-1.24947,0.149358,0.743952,-1.22269,-0.159062,0.843315,-1.12065,0.105602,25.71,-1.22135,0.000150991,2.40631e-05,5.49805e-05,0.000157652,-2.37167e-05,0.000129164,0.00017402,0.000133011,-9.91316e-05,7.64074e-05,6.26915e-06,1.01108e-05,
-8.20338,4.68863,11.148,9.73835,-0.825967,11.9663,-8.35269,5.76552,20.8916,7.12137,60,14.5445,0,0,0,0,0,0,0,0,0,0,0,0,-0.00340213,0.698661,-1.4522,-0.0277078,0.758961,-1.44027,-0.00719812,0.738484,-1.5005,-0.0238804,0.717171,-1.48575,-0.152552,0.783909,-1.24951,0.149356,0.743944,-1.2227,-0.159062,0.843317,-1.12065,0.105601,25.71,-1.22131,9.79005e-05,4.48396e-06,0.000132717,0.000104584,1.26378e-05,0.000176372,0.00012103,0.000187165,-0.0001036,7.34498e-05,0.000114892,-6.91531e-05,
-8.20307,4.68882,11.1484,9.73862,-0.825974,11.9673,-8.35211,5.76579,20.8906,7.12192,60,14.5439,0,0,0,0,0,0,0,0,0,0,0,0,-0.00340308,0.69866,-1.4522,-0.0277086,0.758962,-1.44027,-0.00719839,0.738487,-1.5005,-0.0238817,0.717173,-1.48576,-0.152552,0.783911,-1.2495,0.149355,0.743945,-1.22268,-0.159056,0.84332,-1.12067,0.105606,25.71,-1.22132,-7.07559e-05,-3.71047e-05,0.000116387,-6.49259e-05,3.38588e-05,3.92369e-05,-3.76252e-05,3.79998e-05,2.19458e-05,-8.52686e-05,3.93835e-05,-6.03424e-05,
-8.2034,4.68899,11.1491,9.73824,-0.825816,11.9672,-8.35235,5.76572,20.8903,7.12173,60,14.5427,0,0,0,0,0,0,0,0,0,0,0,0,-0.00340371,0.698659,-1.4522,-0.0277092,0.758962,-1.44027,-0.00719845,0.738486,-1.5005,-0.0238827,0.717172,-1.48575,-0.152556,0.783913,-1.24949,0.14935,0.743947,-1.22269,-0.159058,0.843316,-1.12067,0.105603,25.71,-1.22134,1.86416e-05,-3.17976e-05,-7.68552e-06,2.3621e-05,-4.54181e-06,-2.97504e-05,4.12399e-05,-6.3889e-05,9.01467e-05,-5.04093e-06,-0.00011235,0.000103596,
-8.20331,4.68922,11.1479,9.73815,-0.825991,11.9679,-8.35202,5.7658,20.8892,7.12168,60,14.5439,0,0,0,0,0,0,0,0,0,0,0,0,-0.00340246,0.698659,-1.4522,-0.0277078,0.758962,-1.44027,-0.00719679,0.738485,-1.50049,-0.023882,0.717169,-1.48575,-0.152552,0.783917,-1.24951,0.149351,0.743944,-1.22267,-0.15905,0.843316,-1.12069,0.105604,25.71,-1.22132,4.80467e-05,-2.93201e-05,-5.27281e-05,5.25005e-05,-8.33978e-06,-6.32601e-05,6.87196e-05,-5.85655e-05,9.75736e-05,2.27017e-05,-0.000112342,0.000108013,
-8.20342,4.68935,11.149,9.73819,-0.825655,11.9678,-8.35204,5.76568,20.8897,7.12186,60,14.543,0,0,0,0,0,0,0,0,0,0,0,0,-0.00340249,0.698658,-1.4522,-0.0277078,0.758962,-1.44027,-0.00719639,0.738484,-1.50049,-0.0238825,0.717168,-1.48575,-0.152556,0.783919,-1.24949,0.14935,0.74395,-1.22268,-0.159051,0.843314,-1.12068,0.105605,25.71,-1.22133,-1.0243e-05,-8.35863e-06,-5.51475e-05,-5.64804e-06,4.49585e-06,-6.71086e-05,1.45007e-05,-2.62885e-05,7.03406e-05,-3.19497e-05,-9.1432e-05,6.46544e-05,
-8.20407,4.68955,11.1495,9.73794,-0.82595,11.9679,-8.3524,5.76553,20.8896,7.12161,60,14.5426,0,0,0,0,0,0,0,0,0,0,0,0,-0.00340038,0.698659,-1.4522,-0.0277055,0.758962,-1.44027,-0.00719373,0.738484,-1.50049,-0.0238809,0.717166,-1.48575,-0.152563,0.783924,-1.24949,0.14935,0.743945,-1.22268,-0.159053,0.843312,-1.12068,0.105605,25.71,-1.22134,8.85011e-05,1.51393e-05,-8.07581e-05,9.36407e-05,2.41852e-06,-8.24257e-06,0.0001136,3.11052e-05,-8.71691e-06,6.73286e-05,-6.48203e-05,3.51333e-05,
-8.20358,4.68929,11.149,9.73812,-0.825955,11.9675,-8.35259,5.76549,20.8908,7.12176,60,14.544,0,0,0,0,0,0,0,0,0,0,0,0,-0.00339972,0.698659,-1.4522,-0.0277047,0.758963,-1.44027,-0.00719237,0.738485,-1.50049,-0.0238806,0.717166,-1.48575,-0.152556,0.783919,-1.24949,0.149352,0.743946,-1.22268,-0.159057,0.843313,-1.12066,0.105605,25.71,-1.22131,-1.78386e-05,1.62599e-05,-9.57831e-06,-1.20032e-05,4.40143e-05,-2.89349e-05,2.20547e-05,6.2905e-05,-3.08844e-05,-2.55567e-05,3.76663e-05,-2.44239e-05,
-8.20332,4.68923,11.1485,9.73827,-0.826223,11.9678,-8.35218,5.76543,20.8902,7.12202,60,14.5444,0,0,0,0,0,0,0,0,0,0,0,0,-0.00340076,0.698659,-1.4522,-0.0277057,0.758964,-1.44027,-0.00719259,0.738486,-1.50049,-0.0238816,0.717167,-1.48575,-0.152554,0.783918,-1.2495,0.149352,0.743943,-1.22268,-0.159051,0.843313,-1.12067,0.105608,25.71,-1.22131,-7.38692e-05,3.55821e-06,1.02721e-05,-6.76758e-05,5.83056e-05,-1.55535e-05,-2.42247e-05,6.40345e-05,-2.57228e-05,-7.22694e-05,5.16447e-05,-6.06557e-05,
-8.2034,4.68932,11.1494,9.73831,-0.825985,11.9679,-8.35248,5.76568,20.8904,7.12199,60,14.5434,0,0,0,0,0,0,0,0,0,0,0,0,-0.00340218,0.698659,-1.4522,-0.027707,0.758965,-1.44027,-0.00719296,0.738486,-1.50049,-0.023883,0.717167,-1.48575,-0.152556,0.783919,-1.24949,0.149352,0.743947,-1.22268,-0.159056,0.843316,-1.12067,0.105607,25.71,-1.22133,-4.89908e-05,-3.12445e-06,-4.38843e-05,-4.32938e-05,2.57505e-05,-4.73003e-05,1.43443e-07,-1.56105e-05,2.76385e-05,-4.67587e-05,-2.50722e-05,2.31359e-05,
-8.20343,4.68921,11.1495,9.73831,-0.825864,11.9677,-8.35316,5.76588,20.8907,7.12171,60,14.5432,0,0,0,0,0,0,0,0,0,0,0,0,-0.0034019,0.698659,-1.4522,-0.0277066,0.758965,-1.44028,-0.00719169,0.738486,-1.50049,-0.0238827,0.717166,-1.48575,-0.152555,0.783917,-1.24949,0.149354,0.743949,-1.22268,-0.159066,0.843319,-1.12066,0.105603,25.71,-1.22133,1.42205e-05,-7.10659e-06,-3.22528e-05,2.06763e-05,-5.46585e-06,1.17441e-05,6.2169e-05,-2.42864e-05,5.40159e-05,1.59538e-05,-6.41005e-05,7.4116e-05,
-8.20329,4.68941,11.1496,9.7386,-0.82605,11.968,-8.3527,5.76573,20.89,7.12218,60,14.5425,0,0,0,0,0,0,0,0,0,0,0,0,-0.00340225,0.698658,-1.4522,-0.0277068,0.758965,-1.44027,-0.00719099,0.738485,-1.50049,-0.0238832,0.717165,-1.48575,-0.152554,0.78392,-1.24948,0.149358,0.743946,-1.22267,-0.159058,0.843316,-1.12067,0.10561,25.71,-1.22134,-4.80495e-05,-2.24456e-05,8.94249e-06,-4.17787e-05,1.30027e-05,-4.31168e-06,2.52977e-06,-2.32047e-05,7.53037e-05,-6.0832e-05,-3.47971e-05,3.11956e-05,
-8.20302,4.68981,11.1485,9.73888,-0.826051,11.9685,-8.35227,5.76601,20.8891,7.12234,60,14.5436,0,0,0,0,0,0,0,0,0,0,0,0,-0.00340368,0.698658,-1.4522,-0.0277081,0.758965,-1.44027,-0.00719157,0.738485,-1.50049,-0.0238846,0.717164,-1.48575,-0.152552,0.783926,-1.2495,0.14936,0.743946,-1.22266,-0.159052,0.843322,-1.12069,0.105611,25.71,-1.22132,-8.75736e-05,-3.92651e-05,4.69322e-05,-8.14655e-05,1.42832e-05,1.62986e-05,-4.0548e-05,-2.34118e-06,3.40719e-05,-7.35064e-05,-1.37199e-06,-1.76971e-05,
-8.20382,4.6895,11.1489,9.73821,-0.826296,11.9671,-8.35251,5.76464,20.8894,7.12206,60,14.5427,0,0,0,0,0,0,0,0,0,0,0,0,-0.00340382,0.698658,-1.4522,-0.0277081,0.758965,-1.44027,-0.00719069,0.738487,-1.50049,-0.0238846,0.717165,-1.48575,-0.152562,0.783922,-1.24949,0.149353,0.743941,-1.22268,-0.159051,0.843302,-1.12069,0.10561,25.71,-1.22133,0.00010246,2.31955e-05,3.19315e-05,0.000109658,-1.51575e-05,0.000149279,0.000137147,0.000124595,-8.18043e-05,9.08943e-05,3.24709e-05,3.29349e-05,
-8.20426,4.68944,11.1491,9.73786,-0.82644,11.9667,-8.3532,5.76448,20.8901,7.12175,60,14.543,0,0,0,0,0,0,0,0,0,0,0,0,-0.0034009,0.698658,-1.4522,-0.027705,0.758964,-1.44027,-0.00718721,0.73849,-1.50049,-0.023882,0.717165,-1.48575,-0.152566,0.783922,-1.24949,0.149351,0.743937,-1.22269,-0.159059,0.843302,-1.12068,0.105608,25.71,-1.22133,0.000149438,4.51178e-05,5.25841e-06,0.000156803,-2.00273e-05,0.000159973,0.000185004,0.000151359,-0.000141417,0.000138595,4.24146e-05,2.4326e-05,
-8.20369,4.68927,11.1497,9.73822,-0.826312,11.9669,-8.3537,5.7649,20.8913,7.12197,60,14.5434,0,0,0,0,0,0,0,0,0,0,0,0,-0.00340009,0.698659,-1.4522,-0.0277041,0.758964,-1.44027,-0.00718536,0.738492,-1.50049,-0.0238811,0.717166,-1.48575,-0.152559,0.783919,-1.24948,0.149354,0.743941,-1.22269,-0.15907,0.84331,-1.12065,0.105609,25.71,-1.22132,-3.68765e-05,1.21927e-05,3.11989e-06,-2.96424e-05,2.51178e-05,3.10148e-05,2.29585e-05,8.13094e-05,-3.01088e-05,-2.47161e-05,3.92253e-05,-3.81285e-05,
-8.20301,4.68961,11.1499,9.73916,-0.826581,11.9687,-8.35296,5.76563,20.8896,7.12279,60,14.5426,0,0,0,0,0,0,0,0,0,0,0,0,-0.00340321,0.698658,-1.4522,-0.027707,0.758965,-1.44027,-0.00718753,0.738492,-1.50049,-0.0238845,0.717167,-1.48575,-0.152554,0.783923,-1.24947,0.149364,0.743938,-1.22266,-0.159063,0.84332,-1.12068,0.105616,25.71,-1.22134,-0.000211064,-5.32401e-05,2.87067e-05,-0.000204447,5.58554e-05,-8.53288e-05,-0.00015154,-6.14291e-05,0.000131482,-0.000199488,3.35579e-07,-3.50702e-05,
-8.20242,4.68939,11.1486,9.73899,-0.826114,11.967,-8.35312,5.76519,20.8904,7.12257,60,14.5441,0,0,0,0,0,0,0,0,0,0,0,0,-0.00340767,0.698657,-1.4522,-0.0277117,0.758966,-1.44027,-0.00719013,0.73849,-1.50049,-0.0238881,0.717166,-1.48575,-0.152546,0.783917,-1.2495,0.149359,0.743946,-1.22269,-0.159066,0.843311,-1.12066,0.105611,25.71,-1.22131,-0.000147048,-6.16414e-05,3.28269e-05,-8.81044e-05,-2.50144e-06,1.9647e-05,-3.57431e-05,-1.64792e-05,6.36295e-05,-8.28882e-05,-1.7085e-05,-7.57358e-06,
-8.2031,4.68944,11.149,9.73879,-0.826318,11.9673,-8.35332,5.76511,20.89,7.12235,60,14.5428,0,0,0,0,0,0,0,0,0,0,0,0,-0.00340791,0.698657,-1.4522,-0.0277115,0.758966,-1.44027,-0.00718932,0.738491,-1.50049,-0.0238879,0.717166,-1.48575,-0.152554,0.783919,-1.24949,0.149359,0.743942,-1.22268,-0.159065,0.843313,-1.12067,0.105611,25.71,-1.22133,5.47189e-05,6.48278e-07,3.36088e-05,6.23677e-05,-1.3412e-05,0.000109041,0.000101511,6.62746e-05,-2.95592e-05,5.50279e-05,-3.11096e-05,5.31168e-05,
-8.20343,4.68981,11.1492,9.73857,-0.826019,11.9674,-8.35352,5.76534,20.8898,7.12214,60,14.5424,0,0,0,0,0,0,0,0,0,0,0,0,-0.00340555,0.698657,-1.4522,-0.0277089,0.758965,-1.44027,-0.00718606,0.738492,-1.50049,-0.0238858,0.717165,-1.48575,-0.152556,0.783926,-1.24949,0.149358,0.743945,-1.22268,-0.159065,0.843316,-1.12068,0.10561,25.71,-1.22134,9.50559e-05,-2.46707e-06,-6.30856e-05,0.000101479,-5.43447e-05,8.02934e-05,0.00012741,8.95564e-07,5.92225e-08,8.17287e-05,-0.000109986,0.000126977,
-8.20359,4.69,11.1496,9.73846,-0.826285,11.9674,-8.3533,5.76494,20.8896,7.12239,60,14.542,0,0,0,0,0,0,0,0,0,0,0,0,-0.00340445,0.698656,-1.4522,-0.0277077,0.758964,-1.44026,-0.00718428,0.738492,-1.50049,-0.0238849,0.717163,-1.48575,-0.15256,0.783929,-1.24948,0.149356,0.743941,-1.22267,-0.159061,0.843309,-1.12068,0.105613,25.71,-1.22134,2.17602e-05,-4.61182e-06,-2.97875e-05,2.7597e-05,-4.02372e-06,2.85194e-05,5.44984e-05,1.54359e-05,2.02455e-05,8.06857e-06,-5.66579e-05,6.94814e-05,
-8.20339,4.6899,11.1499,9.73865,-0.826205,11.9671,-8.35374,5.76509,20.8907,7.12246,60,14.5425,0,0,0,0,0,0,0,0,0,0,0,0,-0.00340461,0.698656,-1.4522,-0.0277078,0.758964,-1.44026,-0.00718386,0.738492,-1.50049,-0.0238853,0.717163,-1.48575,-0.152558,0.783927,-1.24948,0.149358,0.743943,-1.22268,-0.15907,0.843313,-1.12066,0.105613,25.71,-1.22134,-3.0052e-05,-6.62493e-06,-1.16482e-06,-2.44135e-05,1.11862e-05,2.85763e-05,4.99982e-06,4.79963e-05,-2.0189e-05,-4.21823e-05,4.71221e-06,-2.38902e-05,
-8.20292,4.68954,11.1491,9.73904,-0.826326,11.9677,-8.35413,5.76545,20.8911,7.12247,60,14.5441,0,0,0,0,0,0,0,0,0,0,0,0,-0.00340578,0.698657,-1.4522,-0.0277088,0.758965,-1.44026,-0.0071842,0.738494,-1.50049,-0.0238867,0.717164,-1.48575,-0.152552,0.783921,-1.24949,0.149363,0.743942,-1.22267,-0.159078,0.843322,-1.12066,0.105611,25.71,-1.22131,-7.19124e-05,6.78153e-06,3.318e-05,-6.58669e-05,5.18333e-05,1.1914e-05,-2.9749e-05,8.28069e-05,-3.47259e-05,-7.76112e-05,6.31249e-05,-7.83311e-05,
-8.20295,4.68961,11.1494,9.73896,-0.826372,11.9675,-8.35349,5.76479,20.8904,7.1229,60,14.5429,0,0,0,0,0,0,0,0,0,0,0,0,-0.00340811,0.698656,-1.4522,-0.027711,0.758966,-1.44026,-0.00718558,0.738496,-1.50049,-0.0238892,0.717165,-1.48575,-0.152554,0.783921,-1.24948,0.14936,0.743942,-1.22267,-0.159068,0.843311,-1.12067,0.105616,25.71,-1.22133,-6.17099e-05,-1.89952e-05,1.96779e-05,-5.64307e-05,2.54772e-05,-1.35246e-06,-3.12025e-05,2.92829e-05,5.20573e-06,-7.83182e-05,1.33942e-06,-1.68085e-05,
-8.20313,4.68994,11.1486,9.73834,-0.826436,11.9665,-8.35295,5.7643,20.8899,7.12291,60,14.543,0,0,0,0,0,0,0,0,0,0,0,0,-0.00340818,0.698656,-1.4522,-0.027711,0.758966,-1.44026,-0.00718523,0.738496,-1.50049,-0.0238899,0.717164,-1.48575,-0.152555,0.783927,-1.2495,0.149351,0.743939,-1.22269,-0.159056,0.843301,-1.12068,0.105617,25.71,-1.22133,2.3094e-05,-1.51525e-05,8.12787e-06,2.84538e-05,-2.29269e-05,4.95354e-06,3.89728e-05,2.57579e-06,1.63838e-05,-7.30099e-06,-8.28123e-05,9.00213e-05,
-8.20323,4.69019,11.149,9.73858,-0.826443,11.9675,-8.35323,5.76509,20.8896,7.12279,60,14.5428,0,0,0,0,0,0,0,0,0,0,0,0,-0.00340769,0.698656,-1.4522,-0.0277104,0.758966,-1.44026,-0.00718454,0.738496,-1.50049,-0.0238898,0.717162,-1.48575,-0.152556,0.783932,-1.24949,0.149356,0.743939,-1.22267,-0.15906,0.843315,-1.12068,0.105616,25.71,-1.22133,4.08992e-05,-3.5975e-06,-2.84962e-05,4.61042e-05,-1.56428e-05,1.61092e-05,5.67567e-05,-1.4677e-05,1.6911e-05,1.0735e-05,-0.00010238,8.86933e-05,
-8.20348,4.69017,11.1487,9.73815,-0.826194,11.9675,-8.3534,5.76485,20.8896,7.12253,60,14.5432,0,0,0,0,0,0,0,0,0,0,0,0,-0.00340617,0.698656,-1.4522,-0.0277088,0.758965,-1.44026,-0.00718252,0.738495,-1.50049,-0.0238889,0.717159,-1.48574,-0.152558,0.783932,-1.2495,0.149351,0.743943,-1.22267,-0.15906,0.84331,-1.12068,0.105613,25.71,-1.22132,8.3081e-05,8.5266e-06,-0.00011219,8.80305e-05,-2.25416e-05,-2.45768e-05,0.00010371,-1.99647e-05,3.19457e-05,5.79868e-05,-0.000125768,0.000138188,
-8.20381,4.69006,11.1502,9.73812,-0.826347,11.9676,-8.35395,5.76469,20.8903,7.12247,60,14.5421,0,0,0,0,0,0,0,0,0,0,0,0,-0.00340439,0.698656,-1.4522,-0.0277069,0.758965,-1.44026,-0.00718029,0.738495,-1.50049,-0.0238876,0.717157,-1.48574,-0.152563,0.783931,-1.24948,0.149352,0.74394,-1.22267,-0.159068,0.843308,-1.12067,0.105613,25.71,-1.22134,6.95429e-05,2.22252e-05,-0.00012553,7.46647e-05,5.71982e-07,-3.69091e-05,9.39296e-05,1.10495e-05,-8.29509e-06,4.77734e-05,-8.90186e-05,9.33519e-05,
-8.20368,4.69052,11.1509,9.73858,-0.826484,11.9681,-8.35362,5.76496,20.89,7.12283,60,14.5414,0,0,0,0,0,0,0,0,0,0,0,0,-0.00340388,0.698657,-1.45221,-0.0277063,0.758965,-1.44027,-0.00717914,0.738495,-1.50049,-0.0238873,0.717156,-1.48574,-0.152563,0.783939,-1.24947,0.149358,0.743939,-1.22266,-0.159063,0.843312,-1.12067,0.105618,25.71,-1.22135,-3.96681e-05,2.60938e-06,-7.32103e-05,-3.48814e-05,2.8416e-05,-7.02931e-05,-2.6084e-06,-2.21664e-05,8.02132e-06,-9.25909e-06,-5.81506e-05,2.27972e-05,
-8.20307,4.69042,11.1503,9.73914,-0.826357,11.9683,-8.3538,5.7653,20.8906,7.12321,60,14.5427,0,0,0,0,0,0,0,0,0,0,0,0,-0.00340608,0.698656,-1.45221,-0.0277084,0.758966,-1.44027,-0.00718056,0.738495,-1.50049,-0.0238897,0.717155,-1.48574,-0.152557,0.783936,-1.24947,0.149363,0.743942,-1.22266,-0.15907,0.843319,-1.12066,0.105619,25.71,-1.22133,-0.000150532,-1.98296e-05,3.55334e-05,-0.000144871,5.50333e-05,-4.10784e-05,-0.000102604,3.62924e-05,8.4709e-06,-0.000150352,3.91351e-05,-6.78426e-05,
-8.20292,4.69018,11.1488,9.7391,-0.826865,11.9676,-8.35303,5.7643,20.8897,7.12352,60,14.5438,0,0,0,0,0,0,0,0,0,0,0,0,-0.00340888,0.698656,-1.4522,-0.027711,0.758967,-1.44027,-0.0071823,0.738497,-1.50049,-0.0238925,0.717158,-1.48574,-0.152556,0.783932,-1.2495,0.149361,0.743934,-1.22267,-0.159057,0.843306,-1.12068,0.105623,25.71,-1.22131,-0.000107675,-5.03641e-06,0.000111249,-0.000100808,5.07226e-05,9.97332e-05,-5.73073e-05,0.000138333,-7.68256e-05,-0.000105689,0.000128079,-0.000118626,
-8.20362,4.68987,11.15,9.73868,-0.826515,11.9668,-8.35445,5.76414,20.8911,7.12285,60,14.5426,0,0,0,0,0,0,0,0,0,0,0,0,-0.00340903,0.698656,-1.4522,-0.027711,0.758967,-1.44026,-0.00718154,0.7385,-1.50049,-0.0238927,0.71716,-1.48574,-0.152564,0.783927,-1.24947,0.149358,0.743939,-1.22268,-0.159077,0.843307,-1.12066,0.105616,25.71,-1.22133,9.1935e-05,2.77638e-05,5.53883e-05,9.98799e-05,-2.52207e-05,0.000170334,0.000131138,0.000151575,-0.00012114,8.43075e-05,5.29516e-05,-1.77033e-06,
-8.20338,4.68986,11.1491,9.73824,-0.826609,11.9659,-8.35426,5.76387,20.8912,7.12293,60,14.543,0,0,0,0,0,0,0,0,0,0,0,0,-0.00340646,0.698656,-1.4522,-0.0277083,0.758966,-1.44026,-0.0071781,0.738502,-1.5005,-0.0238902,0.71716,-1.48574,-0.152558,0.783926,-1.24949,0.149352,0.743936,-1.2227,-0.159072,0.843301,-1.12066,0.105618,25.71,-1.22132,3.06212e-05,-1.03559e-05,2.94957e-05,3.79161e-05,-2.62429e-05,0.000104223,7.83473e-05,3.48343e-05,-2.44027e-05,3.19679e-05,-3.1362e-05,4.16627e-05,
-8.20295,4.69062,11.151,9.73931,-0.826496,11.9683,-8.35424,5.76535,20.8901,7.1235,60,14.541,0,0,0,0,0,0,0,0,0,0,0,0,-0.00340868,0.698655,-1.4522,-0.0277104,0.758966,-1.44026,-0.00717915,0.738501,-1.50049,-0.0238923,0.717159,-1.48574,-0.152557,0.783937,-1.24946,0.149364,0.743939,-1.22266,-0.159077,0.843323,-1.12067,0.105622,25.71,-1.22136,-0.000159428,-8.39996e-05,2.32319e-05,-0.000153522,8.40871e-06,-7.2793e-05,-9.96556e-05,-0.000119744,0.000173858,-0.000146831,-9.39869e-05,4.99927e-05,
-8.20229,4.69046,11.1486,9.73925,-0.826282,11.9676,-8.35367,5.76501,20.8895,7.12357,60,14.5432,0,0,0,0,0,0,0,0,0,0,0,0,-0.00341188,0.698653,-1.4522,-0.0277131,0.758966,-1.44026,-0.00718089,0.738498,-1.50049,-0.0238948,0.717157,-1.48574,-0.152547,0.783933,-1.2495,0.149361,0.743942,-1.22267,-0.159068,0.843313,-1.12068,0.105621,25.71,-1.22132,-0.000117559,-6.77464e-05,4.43853e-05,-0.000130831,-1.37905e-05,-6.98135e-05,-8.05336e-05,-0.00013386,0.000159947,-0.000127713,-9.95944e-05,4.26146e-05,
-8.20265,4.69022,11.1486,9.73911,-0.826413,11.9675,-8.35415,5.76467,20.89,7.12331,60,14.5435,0,0,0,0,0,0,0,0,0,0,0,0,-0.00341293,0.698653,-1.4522,-0.0277144,0.758966,-1.44026,-0.00718137,0.738498,-1.50049,-0.0238963,0.717157,-1.48574,-0.152552,0.783929,-1.2495,0.14936,0.743941,-1.22267,-0.159074,0.843313,-1.12067,0.105618,25.71,-1.22131,-1.11e-05,2.69526e-06,6.97432e-05,-4.40865e-06,1.52467e-05,9.37061e-05,2.86476e-05,8.97454e-05,-5.35878e-05,-1.81441e-05,4.05425e-05,-2.14715e-05,
-8.20353,4.69022,11.1493,9.73816,-0.826321,11.9659,-8.3545,5.76374,20.8907,7.12295,60,14.5421,0,0,0,0,0,0,0,0,0,0,0,0,-0.0034102,0.698653,-1.4522,-0.0277115,0.758965,-1.44026,-0.00717804,0.7385,-1.50049,-0.0238939,0.717156,-1.48574,-0.152561,0.78393,-1.24949,0.149351,0.74394,-1.22269,-0.159073,0.843298,-1.12066,0.105618,25.71,-1.22134,0.000175523,2.93404e-05,-1.51974e-05,0.000182254,-4.96521e-05,0.000136306,0.000198153,8.3052e-05,-6.84038e-05,0.000152363,-4.65927e-05,6.63355e-05,
-8.20335,4.69104,11.1489,9.73847,-0.826682,11.9677,-8.35397,5.76461,20.8891,7.12328,60,14.5427,0,0,0,0,0,0,0,0,0,0,0,0,-0.0034076,0.698653,-1.4522,-0.0277088,0.758965,-1.44026,-0.00717494,0.738501,-1.50049,-0.0238918,0.717155,-1.48574,-0.152559,0.783944,-1.24949,0.149355,0.743934,-1.22266,-0.159064,0.843312,-1.12069,0.105622,25.71,-1.22133,1.45792e-05,-2.02861e-05,-3.8862e-05,1.98091e-05,-3.99701e-06,-3.15172e-05,4.6336e-05,-2.24285e-05,5.20082e-05,-1.34767e-08,-7.39053e-05,5.0934e-05,
-8.2029,4.69101,11.1494,9.73892,-0.82618,11.9686,-8.35397,5.76516,20.8895,7.12352,60,14.5432,0,0,0,0,0,0,0,0,0,0,0,0,-0.00340969,0.698652,-1.4522,-0.0277108,0.758965,-1.44026,-0.00717599,0.7385,-1.50049,-0.0238937,0.717154,-1.48574,-0.152555,0.783943,-1.24949,0.149358,0.743945,-1.22265,-0.159069,0.843319,-1.12068,0.105621,25.71,-1.22132,-8.99429e-05,-2.0233e-05,-9.52201e-05,-8.54987e-05,2.90569e-05,-0.000141221,-9.07086e-05,-9.11039e-05,0.00011131,-0.000138033,-8.72313e-05,2.09081e-05,
-8.20391,4.69064,11.1513,9.7385,-0.826244,11.9678,-8.35518,5.76452,20.8909,7.12301,60,14.5415,0,0,0,0,0,0,0,0,0,0,0,0,-0.00340903,0.698653,-1.4522,-0.0277104,0.758966,-1.44026,-0.00717521,0.738499,-1.50049,-0.0238939,0.717152,-1.48574,-0.152569,0.783938,-1.24946,0.149355,0.743943,-1.22267,-0.159085,0.843309,-1.12066,0.105617,25.71,-1.22135,9.75108e-05,2.61621e-05,-0.000118406,8.19774e-05,1.74949e-06,-3.07602e-05,0.000109204,2.11559e-05,-4.05758e-05,6.28208e-05,-6.65655e-05,4.2583e-05,
-8.20382,4.69073,11.1512,9.7388,-0.82647,11.9678,-8.35567,5.76465,20.8914,7.12302,60,14.5416,0,0,0,0,0,0,0,0,0,0,0,0,-0.00340692,0.698653,-1.45221,-0.0277078,0.758966,-1.44026,-0.00717215,0.738501,-1.50049,-0.0238918,0.717151,-1.48574,-0.152565,0.78394,-1.24946,0.149364,0.74394,-1.22266,-0.15909,0.843315,-1.12065,0.10562,25.71,-1.22135,9.31036e-05,1.19304e-05,-2.9625e-05,9.90446e-05,1.36943e-05,2.73831e-05,0.000123934,8.39958e-05,-6.5596e-05,7.69236e-05,7.16981e-06,-1.76541e-05,
-8.20264,4.69087,11.1504,9.73961,-0.826551,11.9676,-8.35446,5.76449,20.891,7.12423,60,14.5423,0,0,0,0,0,0,0,0,0,0,0,0,-0.0034099,0.698653,-1.4522,-0.0277107,0.758967,-1.44026,-0.00717421,0.738502,-1.50049,-0.0238949,0.717153,-1.48574,-0.152555,0.78394,-1.24946,0.149367,0.74394,-1.22267,-0.159078,0.843312,-1.12065,0.105631,25.71,-1.22134,-0.000244678,-6.10545e-05,0.000173573,-0.000238717,6.77777e-05,3.42075e-06,-0.000197596,5.99228e-05,3.68551e-05,-0.000246621,0.000132612,-0.00018102,
-8.20247,4.69076,11.1494,9.7395,-0.826949,11.9668,-8.35386,5.76385,20.8902,7.12448,60,14.5426,0,0,0,0,0,0,0,0,0,0,0,0,-0.00341485,0.698651,-1.4522,-0.0277155,0.758968,-1.44026,-0.00717828,0.738503,-1.50049,-0.0239,0.717156,-1.48574,-0.152555,0.783936,-1.24948,0.149363,0.743934,-1.22268,-0.15907,0.843303,-1.12067,0.105632,25.71,-1.22134,-0.00015333,-6.19692e-05,0.000203331,-0.000147065,2.78701e-05,7.69843e-05,-0.000118215,8.01267e-05,1.00273e-05,-0.000166267,0.000110466,-0.000141331,
-8.20298,4.69044,11.1486,9.73896,-0.827067,11.9666,-8.35459,5.76357,20.8898,7.12395,60,14.543,0,0,0,0,0,0,0,0,0,0,0,0,-0.00341481,0.698651,-1.4522,-0.0277153,0.758968,-1.44026,-0.00717764,0.738506,-1.50049,-0.0239009,0.717157,-1.48574,-0.152557,0.783931,-1.24949,0.149359,0.74393,-1.22268,-0.159076,0.8433,-1.12068,0.105626,25.71,-1.22133,0.000104793,-1.40202e-05,9.65546e-05,0.000111135,-2.677e-05,0.000152013,0.000123727,9.32347e-05,-2.25054e-05,1.20725e-05,3.73354e-05,-7.40768e-07,
-8.20351,4.69067,11.1492,9.73848,-0.827019,11.9665,-8.35456,5.76314,20.8893,7.12359,60,14.5418,0,0,0,0,0,0,0,0,0,0,0,0,-0.00341266,0.698651,-1.45219,-0.0277131,0.758968,-1.44025,-0.00717525,0.738507,-1.50049,-0.0238982,0.717156,-1.48574,-0.152563,0.783935,-1.24948,0.149355,0.74393,-1.22268,-0.159072,0.843292,-1.12069,0.105625,25.71,-1.22134,0.000168745,-9.10466e-06,2.92685e-06,0.000175159,-5.24361e-05,0.00013246,0.000186046,3.65138e-05,-2.48177e-05,0.000140872,-8.68444e-05,9.75784e-05,
-8.20365,4.69103,11.1491,9.7382,-0.827025,11.9671,-8.35467,5.76344,20.8889,7.12351,60,14.5423,0,0,0,0,0,0,0,0,0,0,0,0,-0.00340948,0.69865,-1.4522,-0.0277094,0.758967,-1.44025,-0.00717123,0.738506,-1.50049,-0.0238958,0.717154,-1.48574,-0.152564,0.783941,-1.24949,0.149351,0.743929,-1.22267,-0.159071,0.843295,-1.12069,0.105624,25.71,-1.22133,0.000122361,-2.71177e-05,-7.82429e-05,9.93164e-05,-2.37491e-05,-2.54179e-05,0.000120696,-5.46453e-05,6.21257e-05,7.4998e-05,-0.000118547,0.000107717,
-8.20359,4.6912,11.1507,9.73839,-0.826813,11.9675,-8.35506,5.76374,20.8898,7.12367,60,14.5414,0,0,0,0,0,0,0,0,0,0,0,0,-0.00340873,0.69865,-1.4522,-0.0277089,0.758967,-1.44026,-0.00717003,0.738505,-1.50049,-0.0238956,0.717152,-1.48574,-0.152565,0.783944,-1.24946,0.149353,0.743934,-1.22267,-0.159079,0.843298,-1.12067,0.105625,25.71,-1.22135,-8.93445e-06,-2.83577e-05,-8.33552e-05,-4.11737e-06,2.43247e-05,-0.000114152,3.37274e-05,-7.95884e-05,8.76942e-05,-1.30855e-05,-9.05989e-05,5.5808e-05,
-8.20316,4.69132,11.1494,9.73868,-0.826956,11.968,-8.35462,5.76398,20.8894,7.12398,60,14.5432,0,0,0,0,0,0,0,0,0,0,0,0,-0.00340932,0.698649,-1.4522,-0.0277097,0.758967,-1.44026,-0.00716994,0.738503,-1.50049,-0.0238965,0.71715,-1.48574,-0.152559,0.783945,-1.24948,0.149355,0.743933,-1.22266,-0.159073,0.843301,-1.12068,0.105628,25.71,-1.22132,-7.40211e-05,-4.06688e-05,-3.57052e-05,-9.87433e-05,5.48787e-05,-0.000145345,-4.80493e-05,-6.34113e-05,9.76928e-05,-9.58506e-05,-1.83628e-05,-3.33269e-05,
-8.20316,4.6914,11.1511,9.73919,-0.826753,11.9684,-8.35514,5.76429,20.8901,7.12406,60,14.5417,0,0,0,0,0,0,0,0,0,0,0,0,-0.00341229,0.698648,-1.4522,-0.0277122,0.758969,-1.44026,-0.00717131,0.738503,-1.50049,-0.0238989,0.717151,-1.48574,-0.152562,0.783946,-1.24945,0.149363,0.743938,-1.22266,-0.159083,0.843308,-1.12066,0.105628,25.71,-1.22135,-6.44897e-05,-2.93798e-05,3.93088e-06,-5.85257e-05,4.52157e-05,-8.32926e-05,-8.46955e-06,-1.44938e-05,4.1019e-05,-5.59378e-05,-6.90459e-06,-5.42279e-05,
-8.20327,4.69144,11.1508,9.73952,-0.826562,11.9686,-8.35583,5.76464,20.8903,7.12383,60,14.5421,0,0,0,0,0,0,0,0,0,0,0,0,-0.00341206,0.698648,-1.4522,-0.0277119,0.758969,-1.44026,-0.00716999,0.738503,-1.50049,-0.0238986,0.717151,-1.48574,-0.152562,0.783946,-1.24946,0.149371,0.743941,-1.22265,-0.159093,0.843316,-1.12066,0.105626,25.71,-1.22134,9.12199e-06,-1.66586e-05,3.98366e-05,1.55317e-05,6.24419e-06,2.70336e-05,6.0128e-05,4.76868e-05,-2.59944e-05,1.28177e-05,3.16718e-05,-6.5991e-05,
-8.20296,4.69117,11.1491,9.7393,-0.826713,11.9675,-8.35533,5.7638,20.8903,7.12405,60,14.5435,0,0,0,0,0,0,0,0,0,0,0,0,-0.00341237,0.698647,-1.4522,-0.0277121,0.758969,-1.44026,-0.00716943,0.738504,-1.50049,-0.0238988,0.717152,-1.48574,-0.152558,0.783941,-1.24948,0.149366,0.743939,-1.22267,-0.159084,0.843303,-1.12066,0.105629,25.71,-1.22132,-2.72136e-05,-3.81847e-05,0.000152408,-2.01959e-05,1.84472e-05,0.000110958,2.00425e-05,0.000102757,-6.98189e-05,-2.78105e-05,9.60215e-05,-0.000106735,
-8.20304,4.69105,11.1486,9.73864,-0.826547,11.966,-8.35563,5.76339,20.8911,7.1239,60,14.5438,0,0,0,0,0,0,0,0,0,0,0,0,-0.00341259,0.698647,-1.45219,-0.0277121,0.758969,-1.44026,-0.00716882,0.738507,-1.50049,-0.0238992,0.717154,-1.48574,-0.152558,0.783938,-1.24949,0.149355,0.743941,-1.22269,-0.159088,0.843299,-1.12065,0.105627,25.71,-1.22131,2.64173e-05,-3.27023e-05,0.000159066,3.37189e-05,-4.18922e-06,0.000140936,6.08945e-05,0.000107371,-5.47873e-05,1.34926e-05,6.86042e-05,-5.38441e-05,
-8.20335,4.69163,11.1496,9.73873,-0.827019,11.9678,-8.35539,5.76371,20.8892,7.12399,60,14.5423,0,0,0,0,0,0,0,0,0,0,0,0,-0.00341131,0.698646,-1.45219,-0.0277107,0.758969,-1.44026,-0.00716681,0.738508,-1.50049,-0.0238984,0.717154,-1.48574,-0.152563,0.783947,-1.24947,0.149358,0.743931,-1.22266,-0.159081,0.843303,-1.12068,0.10563,25.71,-1.22134,1.34805e-05,-5.27061e-05,1.25094e-05,1.88776e-05,-3.03997e-05,-2.43699e-05,9.54411e-05,-6.42396e-06,4.31127e-05,4.90028e-05,-5.87801e-05,4.85868e-05,
-8.20317,4.69199,11.1507,9.73922,-0.826026,11.9687,-8.35616,5.76502,20.8896,7.12395,60,14.5412,0,0,0,0,0,0,0,0,0,0,0,0,-0.00341183,0.698644,-1.45219,-0.0277111,0.758968,-1.44026,-0.00716683,0.738505,-1.50048,-0.0238992,0.71715,-1.48574,-0.152561,0.783951,-1.24945,0.149365,0.743949,-1.22265,-0.159097,0.84332,-1.12067,0.105626,25.71,-1.22135,-2.8065e-05,-7.64745e-05,-4.31868e-05,-2.36309e-05,-3.55782e-05,-9.07341e-05,-9.13766e-07,-0.000150723,0.000190657,-4.65552e-05,-0.000180603,0.000111609,
-8.20306,4.69173,11.1485,9.73886,-0.826905,11.9677,-8.35479,5.76331,20.8883,7.12444,60,14.5427,0,0,0,0,0,0,0,0,0,0,0,0,-0.00341194,0.698643,-1.45219,-0.0277112,0.758968,-1.44026,-0.00716649,0.738503,-1.50048,-0.0239,0.717148,-1.48574,-0.152559,0.783947,-1.24949,0.149358,0.743934,-1.22266,-0.159072,0.843292,-1.12069,0.105634,25.71,-1.22133,-2.23881e-05,-3.34022e-05,6.17911e-05,-2.88995e-05,1.76702e-05,5.72918e-06,-1.5651e-05,2.74073e-05,2.74933e-05,-6.27007e-05,1.72387e-06,4.04073e-05,
-8.20324,4.6919,11.1493,9.73886,-0.826752,11.9675,-8.35517,5.76339,20.8895,7.12434,60,14.543,0,0,0,0,0,0,0,0,0,0,0,0,-0.00341269,0.698643,-1.45219,-0.0277118,0.758969,-1.44026,-0.00716694,0.738505,-1.50048,-0.0239012,0.71715,-1.48574,-0.152563,0.78395,-1.24947,0.149358,0.743938,-1.22266,-0.15908,0.843297,-1.12067,0.105632,25.71,-1.22133,-3.22416e-05,2.52309e-06,0.000102593,-2.73015e-05,3.5326e-05,5.55055e-05,-2.16928e-05,0.000138951,-9.5057e-05,-2.07164e-05,8.61983e-05,-8.90161e-05,
-8.2037,4.69135,11.1494,9.73825,-0.826844,11.9668,-8.35616,5.76304,20.8908,7.12386,60,14.5432,0,0,0,0,0,0,0,0,0,0,0,0,-0.00341029,0.698644,-1.45219,-0.0277093,0.758969,-1.44026,-0.00716428,0.738508,-1.50048,-0.0238996,0.71715,-1.48574,-0.152566,0.783942,-1.24947,0.149353,0.743936,-1.22268,-0.159091,0.843294,-1.12065,0.105627,25.71,-1.22132,0.000115604,3.97478e-05,-1.52556e-05,0.000120969,1.38417e-05,4.14437e-05,0.000128616,0.000123869,-0.000107018,8.19546e-05,2.16422e-05,-1.71935e-05,
-8.20329,4.69187,11.1494,9.73848,-0.826964,11.9681,-8.35557,5.76358,20.8896,7.12431,60,14.543,0,0,0,0,0,0,0,0,0,0,0,0,-0.00340938,0.698644,-1.45219,-0.0277081,0.758969,-1.44026,-0.00716288,0.738509,-1.50049,-0.023899,0.71715,-1.48574,-0.152561,0.78395,-1.24948,0.149356,0.743934,-1.22266,-0.159082,0.843302,-1.12067,0.105633,25.71,-1.22132,-4.84431e-05,-1.66962e-05,-2.93943e-05,4.85186e-05,3.20786e-05,-7.36699e-05,1.92383e-05,1.08865e-05,2.93352e-05,-2.76462e-05,-3.0757e-05,5.44591e-07,
-8.20309,4.69199,11.1503,9.73895,-0.826767,11.9685,-8.35537,5.76386,20.8893,7.12461,60,14.542,0,0,0,0,0,0,0,0,0,0,0,0,-0.00341139,0.698643,-1.45219,-0.0277102,0.75897,-1.44026,-0.00716442,0.738508,-1.50048,-0.0239015,0.717149,-1.48574,-0.152561,0.783951,-1.24946,0.149359,0.743939,-1.22265,-0.159082,0.843302,-1.12067,0.105634,25.71,-1.22134,-0.000102357,-3.78176e-05,-4.06405e-05,-9.8499e-05,2.66592e-05,-0.000138737,-7.15799e-05,-0.00011053,0.000138096,-0.000118257,-0.000105222,5.59734e-05,
-8.20316,4.69186,11.1494,9.73861,-0.826648,11.9676,-8.35565,5.7636,20.8898,7.12434,60,14.5429,0,0,0,0,0,0,0,0,0,0,0,0,-0.00341179,0.698642,-1.45219,-0.0277105,0.75897,-1.44026,-0.00716424,0.738506,-1.50048,-0.0239023,0.717147,-1.48574,-0.15256,0.783949,-1.24948,0.149356,0.74394,-1.22267,-0.159084,0.843299,-1.12066,0.105631,25.71,-1.22132,1.46873e-05,-1.18873e-05,-2.56722e-05,1.97134e-05,-2.63532e-06,-2.85499e-05,4.13485e-05,-1.67192e-05,4.05649e-05,-5.18651e-06,-7.85231e-05,5.30713e-05,
-8.20348,4.69206,11.1501,9.73868,-0.827072,11.968,-8.35529,5.76326,20.8891,7.12458,60,14.5417,0,0,0,0,0,0,0,0,0,0,0,0,-0.00341121,0.698642,-1.45219,-0.0277098,0.75897,-1.44026,-0.00716308,0.738507,-1.50048,-0.0239021,0.717146,-1.48574,-0.152565,0.783953,-1.24946,0.149358,0.743933,-1.22266,-0.159076,0.843294,-1.12068,0.105636,25.71,-1.22134,2.70111e-05,-8.66485e-07,-1.87156e-05,3.24017e-05,1.24071e-05,9.84577e-06,5.53927e-05,2.88334e-05,1.32443e-05,8.50435e-06,-1.77719e-05,3.32443e-05,
-8.20325,4.69204,11.1494,9.73862,-0.826771,11.9676,-8.35566,5.76351,20.8898,7.12442,60,14.5429,0,0,0,0,0,0,0,0,0,0,0,0,-0.00341092,0.698642,-1.45219,-0.0277094,0.75897,-1.44026,-0.00716227,0.738507,-1.50048,-0.0239021,0.717145,-1.48574,-0.152561,0.783952,-1.24948,0.149357,0.743938,-1.22267,-0.159082,0.843298,-1.12067,0.105633,25.71,-1.22132,1.2461e-05,-1.56209e-05,-1.99679e-05,1.81054e-05,-3.61783e-06,1.39208e-06,4.35974e-05,1.04049e-05,9.19714e-06,-3.30961e-06,-4.26006e-05,2.50631e-05,
-8.20341,4.69198,11.1502,9.73884,-0.826789,11.9683,-8.35613,5.76381,20.89,7.12435,60,14.5424,0,0,0,0,0,0,0,0,0,0,0,0,-0.00341056,0.698642,-1.45219,-0.0277089,0.758971,-1.44026,-0.00716114,0.738508,-1.50048,-0.023902,0.717145,-1.48574,-0.152563,0.783951,-1.24946,0.149362,0.743938,-1.22265,-0.159089,0.843305,-1.12066,0.105632,25.71,-1.22133,1.66605e-05,8.54561e-06,-2.84229e-05,2.27822e-05,1.17682e-05,1.83967e-05,5.62849e-05,3.63401e-05,-3.0831e-05,9.38342e-06,-7.58468e-06,1.33021e-05,
-8.20329,4.69197,11.1502,9.73912,-0.826568,11.9687,-8.35668,5.76419,20.8903,7.12429,60,14.5426,0,0,0,0,0,0,0,0,0,0,0,0,-0.00341038,0.698642,-1.45219,-0.0277086,0.758971,-1.44026,-0.00716011,0.738508,-1.50048,-0.0239019,0.717144,-1.48574,-0.152561,0.78395,-1.24946,0.149366,0.743943,-1.22265,-0.159099,0.843312,-1.12066,0.10563,25.71,-1.22133,-6.66063e-06,-1.38395e-05,-5.32237e-06,-6.83484e-07,1.32133e-05,2.57186e-06,3.488e-05,7.28471e-06,1.20643e-06,-1.21318e-05,-1.98313e-05,-9.0327e-06,
-8.20297,4.69193,11.1484,9.73895,-0.826792,11.9682,-8.35592,5.76344,20.8892,7.12462,60,14.5438,0,0,0,0,0,0,0,0,0,0,0,0,-0.00341128,0.698642,-1.45219,-0.0277094,0.758971,-1.44026,-0.00716001,0.738509,-1.50048,-0.023903,0.717145,-1.48574,-0.152558,0.783949,-1.24949,0.149361,0.743939,-1.22265,-0.159086,0.8433,-1.12068,0.105634,25.71,-1.22131,-5.2209e-05,-3.11253e-05,6.92124e-05,-4.58191e-05,4.82381e-06,5.36738e-05,-1.45565e-05,3.96811e-05,2.77094e-05,-6.17705e-05,2.28714e-05,-2.20658e-05,
-8.2032,4.69204,11.1496,9.73894,-0.826536,11.9678,-8.35633,5.7635,20.8899,7.12454,60,14.5425,0,0,0,0,0,0,0,0,0,0,0,0,-0.00341199,0.698641,-1.45219,-0.02771,0.758971,-1.44026,-0.00716025,0.73851,-1.50048,-0.023904,0.717145,-1.48574,-0.152562,0.783951,-1.24947,0.149361,0.743943,-1.22266,-0.159094,0.843303,-1.12066,0.105633,25.71,-1.22133,-3.55537e-05,-6.60246e-06,6.79661e-05,-2.91295e-05,6.60992e-06,9.1283e-05,-5.99334e-06,5.85057e-05,-7.18446e-06,-1.52139e-05,-1.52072e-06,3.12741e-05,
-8.20347,4.69207,11.1488,9.73826,-0.826777,11.967,-8.3561,5.76292,20.8895,7.12453,60,14.5427,0,0,0,0,0,0,0,0,0,0,0,0,-0.0034107,0.698641,-1.45219,-0.0277084,0.758971,-1.44026,-0.00715823,0.738511,-1.50048,-0.023903,0.717144,-1.48574,-0.152563,0.783951,-1.24949,0.149352,0.743938,-1.22267,-0.159086,0.843292,-1.12067,0.105634,25.71,-1.22132,6.68259e-05,-1.25184e-05,2.24494e-06,4.69515e-05,-2.78432e-05,6.89118e-05,6.51375e-05,1.67647e-05,2.19278e-05,1.9069e-05,-6.04133e-05,8.62124e-05,
-8.20315,4.69226,11.1495,9.73868,-0.826849,11.9679,-8.35604,5.76349,20.8893,7.12479,60,14.5423,0,0,0,0,0,0,0,0,0,0,0,0,-0.00341083,0.698641,-1.45219,-0.0277086,0.758971,-1.44026,-0.00715804,0.738511,-1.50048,-0.0239036,0.717143,-1.48574,-0.15256,0.783955,-1.24947,0.149357,0.743937,-1.22266,-0.159086,0.843302,-1.12067,0.105637,25.71,-1.22133,-4.07631e-05,-6.50532e-06,-1.36755e-05,-3.54873e-05,7.79442e-06,-2.80383e-05,-1.15635e-05,-1.55442e-05,5.10265e-05,-5.77757e-05,-6.60659e-05,5.95206e-05,
-8.20324,4.69227,11.151,9.73898,-0.826773,11.9682,-8.35634,5.76359,20.8896,7.12485,60,14.5408,0,0,0,0,0,0,0,0,0,0,0,0,-0.00341196,0.698641,-1.45219,-0.0277096,0.758971,-1.44026,-0.00715835,0.73851,-1.50048,-0.0239051,0.717141,-1.48574,-0.152563,0.783955,-1.24945,0.149362,0.743939,-1.22266,-0.159092,0.843302,-1.12067,0.105637,25.71,-1.22136,-2.61288e-05,9.56895e-06,-9.39756e-05,-2.12177e-05,7.26293e-06,-4.49358e-05,7.86682e-06,-3.78243e-05,7.45715e-05,-3.85539e-05,-9.01449e-05,7.39664e-05,
-8.20297,4.6921,11.1499,9.73904,-0.827068,11.9677,-8.35617,5.76322,20.8898,7.12492,60,14.5421,0,0,0,0,0,0,0,0,0,0,0,0,-0.0034123,0.698641,-1.45219,-0.0277098,0.758971,-1.44026,-0.00715797,0.73851,-1.50048,-0.0239055,0.71714,-1.48573,-0.152558,0.783952,-1.24947,0.149363,0.743935,-1.22266,-0.159089,0.843297,-1.12066,0.105638,25.71,-1.22133,-4.56238e-05,1.09394e-05,-4.33493e-06,-3.97692e-05,3.09452e-05,4.75493e-06,-8.9896e-06,4.25927e-05,-1.17062e-05,-3.7722e-05,-2.01928e-05,7.2715e-07,
-8.20288,4.69208,11.1496,9.73936,-0.827336,11.9684,-8.35588,5.76304,20.8892,7.12526,60,14.5427,0,0,0,0,0,0,0,0,0,0,0,0,-0.00341371,0.698641,-1.45219,-0.0277111,0.758972,-1.44026,-0.00715869,0.738512,-1.50048,-0.0239072,0.717141,-1.48574,-0.152559,0.783952,-1.24947,0.149366,0.743931,-1.22265,-0.159085,0.843297,-1.12068,0.105641,25.71,-1.22133,-8.76053e-05,2.55014e-05,5.09811e-05,-8.15247e-05,5.17374e-05,3.64839e-05,-4.71692e-05,0.000115526,-4.89418e-05,-9.50674e-05,9.84032e-05,-0.000100019,
-8.20321,4.69178,11.1497,9.73903,-0.827074,11.9676,-8.35674,5.76278,20.8902,7.12483,60,14.5428,0,0,0,0,0,0,0,0,0,0,0,0,-0.00341411,0.698642,-1.45219,-0.0277114,0.758973,-1.44026,-0.0071583,0.738514,-1.50048,-0.0239078,0.717143,-1.48574,-0.152562,0.783948,-1.24947,0.149363,0.743935,-1.22266,-0.159097,0.843295,-1.12066,0.105635,25.71,-1.22132,4.44415e-05,3.56986e-05,3.54197e-06,5.09573e-05,9.03136e-06,9.14406e-05,7.89075e-05,0.000127913,-9.1124e-05,3.23869e-05,4.23637e-05,-2.66116e-05,
-8.20358,4.69186,11.1506,9.73885,-0.82709,11.9674,-8.35735,5.76274,20.8908,7.1246,60,14.5416,0,0,0,0,0,0,0,0,0,0,0,0,-0.00341164,0.698642,-1.45219,-0.0277088,0.758973,-1.44025,-0.00715499,0.738516,-1.50048,-0.0239061,0.717143,-1.48574,-0.152566,0.783949,-1.24945,0.149363,0.743935,-1.22266,-0.159104,0.843296,-1.12065,0.105635,25.71,-1.22134,6.09298e-05,1.91298e-05,-2.37984e-06,6.77453e-05,-3.14148e-06,7.26342e-05,9.78786e-05,0.000107093,-7.67324e-05,0.000111053,-6.56813e-08,3.67176e-05,
-8.20308,4.69231,11.1495,9.73942,-0.827204,11.9689,-8.35678,5.76355,20.8888,7.12505,60,14.5423,0,0,0,0,0,0,0,0,0,0,0,0,-0.00341172,0.698642,-1.45219,-0.0277088,0.758973,-1.44025,-0.00715451,0.738517,-1.50048,-0.0239058,0.717142,-1.48574,-0.15256,0.783956,-1.24947,0.14937,0.743932,-1.22264,-0.159096,0.843308,-1.12068,0.105639,25.71,-1.22133,-4.96108e-05,-3.94216e-05,1.50668e-05,-4.35521e-05,-3.65598e-06,4.94335e-06,-6.39126e-06,-3.28208e-05,8.29297e-05,-5.30687e-05,-3.97601e-05,2.23546e-05,
-8.20308,4.69238,11.1494,9.73927,-0.8272,11.9681,-8.35617,5.76261,20.8882,7.12542,60,14.5417,0,0,0,0,0,0,0,0,0,0,0,0,-0.00341499,0.698641,-1.45219,-0.0277119,0.758973,-1.44025,-0.00715668,0.738516,-1.50048,-0.0239092,0.717141,-1.48574,-0.152563,0.783956,-1.24947,0.149364,0.743933,-1.22265,-0.159088,0.843291,-1.12069,0.105642,25.71,-1.22134,-6.04077e-05,-3.01583e-05,7.37028e-05,-5.43093e-05,5.53584e-06,6.38262e-05,-2.26064e-05,2.74694e-06,7.28464e-05,-6.93994e-05,-1.43701e-05,5.17089e-05,
-8.20358,4.6921,11.1493,9.7386,-0.827227,11.9668,-8.35703,5.76206,20.8895,7.12489,60,14.5422,0,0,0,0,0,0,0,0,0,0,0,0,-0.00341365,0.698641,-1.45219,-0.0277104,0.758973,-1.44025,-0.00715473,0.738518,-1.50048,-0.0239082,0.717141,-1.48573,-0.152567,0.783953,-1.24947,0.149358,0.743931,-1.22267,-0.159097,0.843285,-1.12067,0.105638,25.71,-1.22133,0.000110903,2.06655e-05,2.32535e-05,0.000117925,-2.935e-05,0.000149956,0.000139208,0.0001204,-8.09799e-05,9.31633e-05,9.84389e-06,4.85402e-05,
-8.20337,4.69186,11.1481,9.73829,-0.827456,11.9666,-8.35682,5.76189,20.8896,7.12491,60,14.5436,0,0,0,0,0,0,0,0,0,0,0,0,-0.0034121,0.698642,-1.45219,-0.0277086,0.758972,-1.44025,-0.00715242,0.73852,-1.50048,-0.0239067,0.717142,-1.48573,-0.152562,0.783949,-1.2495,0.149353,0.743928,-1.22267,-0.159092,0.843284,-1.12067,0.105638,25.71,-1.2213,9.18351e-05,2.5626e-05,1.06089e-05,5.6277e-05,8.09335e-06,6.26748e-05,8.91038e-05,8.67118e-05,-5.61047e-05,4.25751e-05,1.26917e-05,1.34821e-05,
-8.20323,4.69246,11.1507,9.73896,-0.827432,11.9683,-8.35657,5.76279,20.8888,7.12542,60,14.5409,0,0,0,0,0,0,0,0,0,0,0,0,-0.00341309,0.698642,-1.45219,-0.0277096,0.758973,-1.44025,-0.00715254,0.73852,-1.50048,-0.0239078,0.717141,-1.48573,-0.152565,0.783959,-1.24945,0.14936,0.743929,-1.22265,-0.159091,0.843296,-1.12068,0.105643,25.71,-1.22135,-8.63266e-05,-3.0921e-06,-0.000109497,-8.06263e-05,1.91478e-05,-8.54823e-05,-3.3041e-05,-7.80393e-05,7.95735e-05,-7.96663e-05,-8.45089e-05,6.77716e-05,
-8.20294,4.69266,11.1503,9.73925,-0.827164,11.9685,-8.3569,5.7632,20.8891,7.12529,60,14.5417,0,0,0,0,0,0,0,0,0,0,0,0,-0.00341444,0.698641,-1.45219,-0.0277108,0.758973,-1.44025,-0.00715272,0.738517,-1.50048,-0.0239091,0.717137,-1.48573,-0.15256,0.783962,-1.24946,0.149365,0.743934,-1.22265,-0.159096,0.843301,-1.12067,0.105641,25.71,-1.22133,-5.45296e-05,-1.32582e-05,-0.000125726,-4.915e-05,8.23376e-06,-8.03529e-05,5.58675e-06,-6.56006e-05,6.90323e-05,-4.12521e-05,-9.07931e-05,8.95043e-05,
-8.20301,4.69222,11.1509,9.73928,-0.827019,11.9677,-8.35754,5.76288,20.8906,7.12517,60,14.5415,0,0,0,0,0,0,0,0,0,0,0,0,-0.0034153,0.698641,-1.45219,-0.0277116,0.758973,-1.44025,-0.00715221,0.738517,-1.50048,-0.0239096,0.717137,-1.48573,-0.152561,0.783955,-1.24945,0.149366,0.743937,-1.22266,-0.159106,0.843298,-1.12065,0.105639,25.71,-1.22134,-2.05415e-05,2.09269e-05,-5.44721e-05,-1.03883e-06,1.24744e-05,1.9057e-05,4.75058e-05,5.415e-05,-4.58525e-05,5.87605e-07,1.01869e-05,2.77133e-05,
-8.20296,4.69233,11.1495,9.73906,-0.82747,11.9673,-8.35685,5.76244,20.8897,7.12538,60,14.5424,0,0,0,0,0,0,0,0,0,0,0,0,-0.0034152,0.698642,-1.4522,-0.0277113,0.758974,-1.44025,-0.00715135,0.738518,-1.50048,-0.0239094,0.717137,-1.48573,-0.15256,0.783957,-1.24948,0.149363,0.743929,-1.22266,-0.159093,0.843292,-1.12067,0.105643,25.71,-1.22132,3.14049e-06,4.32709e-06,2.66182e-05,1.02955e-05,1.85105e-05,6.19516e-05,5.56552e-05,8.04008e-05,-4.94947e-05,8.33221e-06,3.66229e-05,-3.27463e-05,
-8.20279,4.6926,11.1499,9.73947,-0.827491,11.9681,-8.35664,5.76279,20.8891,7.1257,60,14.5421,0,0,0,0,0,0,0,0,0,0,0,0,-0.0034169,0.698641,-1.45219,-0.0277129,0.758974,-1.44025,-0.00715193,0.73852,-1.50048,-0.023911,0.717138,-1.48573,-0.152561,0.783961,-1.24947,0.149366,0.743929,-1.22265,-0.159092,0.843298,-1.12068,0.105645,25.71,-1.22133,-8.23482e-05,-1.60714e-05,2.026e-05,-7.55374e-05,1.89473e-05,4.55332e-05,-3.08453e-05,3.798e-05,1.14872e-05,-7.79301e-05,1.59069e-05,-3.08785e-05,
-8.20333,4.69259,11.1509,9.73903,-0.827298,11.967,-8.35721,5.76231,20.8898,7.12538,60,14.5407,0,0,0,0,0,0,0,0,0,0,0,0,-0.00341702,0.698641,-1.45219,-0.0277129,0.758974,-1.44025,-0.00715066,0.73852,-1.50048,-0.0239108,0.717137,-1.48573,-0.152567,0.783961,-1.24945,0.149362,0.743932,-1.22267,-0.159097,0.84329,-1.12067,0.105643,25.71,-1.22135,4.89235e-05,4.761e-06,-2.86978e-05,5.56908e-05,-3.06355e-05,7.50306e-05,0.000112857,2.21486e-05,-3.36866e-05,6.68109e-05,-5.43779e-05,8.4544e-05,
-8.20326,4.69246,11.1507,9.73911,-0.82761,11.9672,-8.35748,5.76239,20.8901,7.12545,60,14.5412,0,0,0,0,0,0,0,0,0,0,0,0,-0.00341531,0.698641,-1.4522,-0.027711,0.758974,-1.44025,-0.00714831,0.738521,-1.50048,-0.0239095,0.717137,-1.48573,-0.152564,0.783959,-1.24946,0.149364,0.743926,-1.22266,-0.159101,0.843293,-1.12066,0.105644,25.71,-1.22134,3.75088e-05,1.68545e-06,-1.11152e-05,-1.97378e-06,1.02442e-05,3.1143e-05,4.06426e-05,3.69997e-05,5.97655e-06,-6.37958e-06,-1.07014e-05,1.02724e-05,
-8.20258,4.69265,11.1504,9.73947,-0.827686,11.9673,-8.35695,5.76234,20.8896,7.12601,60,14.5415,0,0,0,0,0,0,0,0,0,0,0,0,-0.00341766,0.698641,-1.45219,-0.0277132,0.758974,-1.44025,-0.00714945,0.738521,-1.50048,-0.0239116,0.717137,-1.48573,-0.152559,0.78396,-1.24946,0.149364,0.743926,-1.22266,-0.159096,0.843291,-1.12067,0.105649,25.71,-1.22134,-0.000149206,-4.84355e-05,6.57687e-05,-0.000142839,3.95458e-05,-1.91837e-05,-9.00133e-05,9.16238e-06,5.74087e-05,-0.000137802,3.20636e-05,-4.88817e-05,
-8.20242,4.6927,11.1491,9.7394,-0.827883,11.9677,-8.35656,5.76223,20.8885,7.12611,60,14.5428,0,0,0,0,0,0,0,0,0,0,0,0,-0.00342037,0.69864,-1.45219,-0.0277158,0.758975,-1.44025,-0.00715096,0.738521,-1.50048,-0.0239135,0.717138,-1.48573,-0.152557,0.783961,-1.24948,0.149362,0.743923,-1.22265,-0.159089,0.843289,-1.12068,0.105649,25.71,-1.22132,-7.63364e-05,-4.59459e-05,4.68476e-05,-6.99888e-05,2.07958e-05,1.38418e-06,-2.34316e-05,5.30095e-06,6.19254e-05,-0.00012479,1.77664e-05,-4.57592e-05,
-8.20259,4.69251,11.1494,9.7391,-0.827455,11.9674,-8.35724,5.76222,20.8893,7.12558,60,14.5428,0,0,0,0,0,0,0,0,0,0,0,0,-0.00342062,0.69864,-1.45219,-0.0277158,0.758975,-1.44025,-0.00715022,0.738521,-1.50048,-0.0239142,0.717137,-1.48573,-0.152558,0.783958,-1.24948,0.14936,0.74393,-1.22266,-0.159098,0.84329,-1.12067,0.105643,25.71,-1.22131,1.12341e-05,-4.97653e-06,-4.06087e-05,5.21027e-05,-1.67958e-05,3.48998e-05,8.92466e-05,2.76744e-05,-4.46732e-06,4.31049e-05,-3.91226e-05,4.56407e-05,
-8.20372,4.69291,11.151,9.73889,-0.82737,11.9683,-8.35803,5.76258,20.8889,7.12515,60,14.5405,0,0,0,0,0,0,0,0,0,0,0,0,-0.00341712,0.69864,-1.45219,-0.0277123,0.758974,-1.44025,-0.00714608,0.738522,-1.50048,-0.023911,0.717135,-1.48573,-0.152571,0.783966,-1.24945,0.149363,0.74393,-1.22264,-0.159105,0.843295,-1.12068,0.105641,25.71,-1.22135,0.000169847,1.49173e-05,-0.00013336,0.000176241,-4.48033e-05,4.13989e-05,0.000206048,-1.36788e-05,9.13199e-06,0.000160367,-0.000139124,0.000127553,
-8.20343,4.6934,11.1506,9.73905,-0.827262,11.9681,-8.35768,5.76252,20.889,7.12555,60,14.5412,0,0,0,0,0,0,0,0,0,0,0,0,-0.00341514,0.69864,-1.4522,-0.0277102,0.758974,-1.44025,-0.00714329,0.738521,-1.50048,-0.0239092,0.717133,-1.48573,-0.152568,0.783974,-1.24946,0.149364,0.743932,-1.22265,-0.1591,0.843293,-1.12068,0.105646,25.71,-1.22134,-5.2298e-08,-1.47846e-05,-5.19977e-05,5.6124e-06,3.14992e-06,-2.22176e-05,4.34927e-05,-2.1326e-05,4.01946e-05,-3.27922e-06,-6.8142e-05,4.88161e-05,
-8.20307,4.69317,11.1513,9.73938,-0.827371,11.9675,-8.35798,5.76239,20.8904,7.12591,60,14.5415,0,0,0,0,0,0,0,0,0,0,0,0,-0.00341709,0.698639,-1.4522,-0.027712,0.758974,-1.44025,-0.00714422,0.738522,-1.50048,-0.0239111,0.717134,-1.48573,-0.152567,0.783969,-1.24944,0.149365,0.743932,-1.22266,-0.159109,0.843294,-1.12065,0.105648,25.71,-1.22134,-0.000111163,-2.23699e-05,8.35477e-05,-0.000104517,4.4427e-05,7.82091e-06,-6.09771e-05,7.21211e-05,-1.2836e-05,-0.000109227,8.24695e-05,-0.00011978,
-8.20256,4.69298,11.1491,9.73946,-0.827788,11.9675,-8.35739,5.76224,20.8894,7.12616,60,14.5433,0,0,0,0,0,0,0,0,0,0,0,0,-0.00341894,0.698639,-1.45219,-0.0277137,0.758975,-1.44025,-0.00714519,0.738523,-1.50048,-0.0239129,0.717135,-1.48573,-0.15256,0.783965,-1.24948,0.149364,0.743926,-1.22265,-0.1591,0.843293,-1.12067,0.105651,25.71,-1.22131,-0.000121276,-2.85937e-05,0.000145295,-0.000114692,4.71655e-05,4.64638e-05,-7.07644e-05,7.57227e-05,-7.25363e-06,-0.000119299,0.00011238,-0.000130015,
-8.20267,4.69282,11.1496,9.73917,-0.827677,11.9671,-8.35736,5.76178,20.8894,7.12608,60,14.5426,0,0,0,0,0,0,0,0,0,0,0,0,-0.00342124,0.698638,-1.45219,-0.0277159,0.758976,-1.44025,-0.00714652,0.738524,-1.50048,-0.0239153,0.717137,-1.48573,-0.152561,0.783961,-1.24947,0.149359,0.743927,-1.22266,-0.159098,0.843285,-1.12067,0.105649,25.71,-1.22132,-1.94032e-05,-1.656e-05,3.77624e-05,-1.30318e-05,9.0823e-06,3.32202e-05,1.885e-05,4.56428e-05,5.87607e-06,-2.82051e-05,5.26711e-06,-2.1033e-05,
-8.20325,4.69306,11.1511,9.73911,-0.827521,11.9676,-8.35826,5.76239,20.8895,7.12564,60,14.5405,0,0,0,0,0,0,0,0,0,0,0,0,-0.0034194,0.698638,-1.45219,-0.0277139,0.758975,-1.44024,-0.00714405,0.738524,-1.50048,-0.0239138,0.717135,-1.48573,-0.152567,0.783966,-1.24945,0.149364,0.743928,-1.22265,-0.159109,0.843294,-1.12067,0.105646,25.71,-1.22135,0.000109047,-3.79114e-06,-8.02439e-05,0.000114562,-3.25867e-05,2.43669e-05,0.000137614,-3.58547e-05,3.01312e-05,9.22289e-05,-0.000134043,0.000129574,
-8.20313,4.69351,11.1513,9.73944,-0.827448,11.9683,-8.35801,5.76261,20.889,7.126,60,14.5402,0,0,0,0,0,0,0,0,0,0,0,0,-0.00341812,0.698637,-1.45219,-0.0277125,0.758974,-1.44025,-0.00714212,0.738523,-1.50048,-0.0239128,0.717132,-1.48573,-0.152566,0.783973,-1.24944,0.149368,0.74393,-1.22264,-0.159105,0.843296,-1.12067,0.10565,25.71,-1.22136,-1.54072e-05,-2.7961e-05,-4.81295e-05,-1.03184e-05,-3.6879e-07,-5.23223e-05,1.88082e-05,-6.92654e-05,9.95328e-05,-2.75575e-05,-0.000100545,6.5509e-05,
-8.20276,4.69351,11.151,9.73969,-0.827538,11.9676,-8.35784,5.76221,20.8897,7.12639,60,14.541,0,0,0,0,0,0,0,0,0,0,0,0,-0.00341999,0.698636,-1.45219,-0.0277143,0.758975,-1.44025,-0.00714324,0.738523,-1.50047,-0.0239149,0.717132,-1.48573,-0.152564,0.783972,-1.24945,0.149369,0.74393,-1.22265,-0.159106,0.843291,-1.12066,0.105653,25.71,-1.22135,-9.75065e-05,-4.10116e-05,7.86837e-05,-9.16634e-05,3.66023e-05,1.55457e-05,-6.25555e-05,4.53581e-05,-1.60409e-06,-0.000110156,4.73692e-05,-6.54108e-05,
-8.20246,4.6929,11.1492,9.7393,-0.82772,11.9663,-8.35804,5.76153,20.8907,7.12628,60,14.5435,0,0,0,0,0,0,0,0,0,0,0,0,-0.00342148,0.698636,-1.45219,-0.0277158,0.758976,-1.44024,-0.00714408,0.738526,-1.50048,-0.0239169,0.717135,-1.48573,-0.152558,0.783961,-1.24947,0.149362,0.743927,-1.22267,-0.159109,0.843285,-1.12065,0.10565,25.71,-1.22131,-4.99279e-05,-1.7663e-05,0.000164494,-3.53028e-05,3.56234e-05,9.05866e-05,-1.1557e-05,0.000151442,-8.00374e-05,-5.96201e-05,0.000128158,-0.000150174,
-8.20283,4.69288,11.1503,9.73924,-0.827999,11.9668,-8.35805,5.76142,20.8901,7.12639,60,14.5417,0,0,0,0,0,0,0,0,0,0,0,0,-0.00342192,0.698636,-1.45219,-0.027716,0.758976,-1.44024,-0.00714399,0.738528,-1.50048,-0.0239175,0.717136,-1.48573,-0.152565,0.783961,-1.24945,0.149361,0.743923,-1.22266,-0.159108,0.843283,-1.12066,0.105652,25.71,-1.22134,-1.05535e-05,1.72984e-06,0.000120103,-4.7552e-06,4.07902e-05,5.41231e-05,1.62058e-05,0.000106381,-4.84262e-05,-3.12282e-05,6.36917e-05,-7.83808e-05,
-8.20249,4.69357,11.1499,9.73979,-0.827404,11.9689,-8.35843,5.76307,20.8889,7.1262,60,14.5419,0,0,0,0,0,0,0,0,0,0,0,0,-0.00342164,0.698635,-1.45219,-0.0277156,0.758976,-1.44024,-0.00714315,0.738527,-1.50048,-0.0239178,0.717135,-1.48573,-0.152558,0.783971,-1.24946,0.149372,0.743932,-1.22263,-0.159114,0.843307,-1.12067,0.105649,25.71,-1.22133,-1.1767e-06,-6.51332e-05,-3.35748e-05,2.89546e-06,-1.807e-05,-8.66605e-05,2.14382e-05,-0.000109169,0.000144087,-2.49917e-05,-0.000129753,9.21149e-05,
-8.20283,4.69334,11.1496,9.73919,-0.827176,11.9681,-8.35829,5.76218,20.8888,7.12605,60,14.5418,0,0,0,0,0,0,0,0,0,0,0,0,-0.00342143,0.698633,-1.45219,-0.0277153,0.758976,-1.44025,-0.00714254,0.738525,-1.50047,-0.0239182,0.717131,-1.48573,-0.152562,0.783966,-1.24947,0.149363,0.743936,-1.22264,-0.159109,0.84329,-1.12067,0.105648,25.71,-1.22133,7.64459e-05,-3.10124e-05,-5.15321e-05,8.09394e-05,-2.12444e-05,-4.27302e-05,8.64998e-05,-6.68723e-05,8.35405e-05,4.09705e-05,-0.000132293,0.000119809,
-8.20336,4.6936,11.1497,9.73872,-0.827124,11.9677,-8.3587,5.76205,20.8893,7.12583,60,14.5418,0,0,0,0,0,0,0,0,0,0,0,0,-0.00341849,0.698633,-1.45219,-0.0277123,0.758975,-1.44025,-0.00713963,0.738525,-1.50047,-0.0239162,0.717129,-1.48573,-0.152567,0.783971,-1.24947,0.149359,0.743936,-1.22265,-0.159113,0.84329,-1.12067,0.105647,25.71,-1.22133,0.000136742,-4.452e-06,-9.2101e-06,0.000140904,-1.89121e-05,2.22426e-05,0.000133447,3.28487e-05,4.26478e-06,8.76745e-05,-8.54362e-05,7.5712e-05,
-8.20357,4.69397,11.1506,9.7387,-0.827479,11.9679,-8.35811,5.76174,20.8888,7.12627,60,14.5406,0,0,0,0,0,0,0,0,0,0,0,0,-0.00341671,0.698633,-1.45219,-0.0277104,0.758975,-1.44025,-0.00713785,0.738525,-1.50047,-0.0239153,0.717128,-1.48573,-0.152572,0.783978,-1.24945,0.149358,0.74393,-1.22265,-0.159103,0.843284,-1.12068,0.105654,25.71,-1.22135,2.83842e-05,-1.16093e-05,2.14163e-06,3.24704e-05,1.3099e-05,-4.37537e-05,3.14762e-05,1.41969e-06,2.89931e-05,1.57309e-05,-6.03047e-05,5.44447e-05,
-8.20315,4.69434,11.15,9.73906,-0.827599,11.9685,-8.35764,5.7621,20.8884,7.12672,60,14.5418,0,0,0,0,0,0,0,0,0,0,0,0,-0.00341747,0.698633,-1.45219,-0.0277111,0.758976,-1.44025,-0.00713848,0.738525,-1.50047,-0.0239168,0.717127,-1.48573,-0.152568,0.783984,-1.24946,0.149361,0.743929,-1.22264,-0.159097,0.84329,-1.12068,0.105657,25.71,-1.22133,-7.76841e-05,-3.44434e-05,5.44114e-06,-7.43957e-05,4.57194e-05,-9.01401e-05,-6.688e-05,-7.16488e-06,5.00911e-05,-0.000114296,-2.76122e-05,-3.24463e-05,
-8.20325,4.69383,11.1502,9.7391,-0.827869,11.9683,-8.35786,5.76151,20.8888,7.12666,60,14.5421,0,0,0,0,0,0,0,0,0,0,0,0,-0.00341923,0.698633,-1.45219,-0.0277128,0.758977,-1.44025,-0.00713979,0.738526,-1.50047,-0.0239193,0.717128,-1.48573,-0.152569,0.783975,-1.24946,0.149362,0.743926,-1.22264,-0.1591,0.843283,-1.12068,0.105656,25.71,-1.22133,1.02676e-08,1.70076e-05,2.90685e-06,5.10092e-06,4.59091e-05,-4.79017e-06,1.90418e-05,8.30489e-05,-4.48284e-05,-2.8024e-05,3.69239e-05,-5.05924e-05,
-8.20366,4.69341,11.151,9.73881,-0.827754,11.9675,-8.35891,5.76115,20.8904,7.12624,60,14.5416,0,0,0,0,0,0,0,0,0,0,0,0,-0.00341759,0.698633,-1.45219,-0.027711,0.758977,-1.44025,-0.00713772,0.738528,-1.50047,-0.0239182,0.717128,-1.48573,-0.152573,0.783969,-1.24944,0.149361,0.743928,-1.22266,-0.159115,0.84328,-1.12065,0.105652,25.71,-1.22134,9.66455e-05,3.42978e-05,-2.24005e-05,0.000102152,1.27653e-05,3.74896e-05,0.000120165,0.000128297,-0.000120762,7.32935e-05,2.42038e-05,-1.41901e-05,
-8.20323,4.6936,11.15,9.73923,-0.82806,11.9686,-8.35861,5.76169,20.8891,7.12649,60,14.5423,0,0,0,0,0,0,0,0,0,0,0,0,-0.00341652,0.698634,-1.45219,-0.0277098,0.758978,-1.44025,-0.00713611,0.73853,-1.50047,-0.0239174,0.717129,-1.48573,-0.152566,0.783972,-1.24946,0.149367,0.743923,-1.22264,-0.15911,0.843289,-1.12067,0.105655,25.71,-1.22132,-1.10841e-05,-4.69226e-06,2.32702e-05,-5.39183e-06,3.26626e-05,-1.72141e-05,2.78437e-05,3.66869e-05,1.05881e-05,-1.9472e-05,1.22809e-05,-2.6925e-05,
-8.20272,4.69366,11.1488,9.73899,-0.827675,11.9677,-8.35794,5.76133,20.8889,7.12677,60,14.5433,0,0,0,0,0,0,0,0,0,0,0,0,-0.00341887,0.698633,-1.45219,-0.0277121,0.758978,-1.44025,-0.00713747,0.73853,-1.50047,-0.0239198,0.717129,-1.48573,-0.152561,0.783971,-1.24948,0.149359,0.74393,-1.22265,-0.159101,0.84328,-1.12067,0.105656,25.71,-1.22131,-8.37068e-05,-3.79252e-05,4.69831e-05,-7.77367e-05,1.49673e-05,1.82453e-06,-3.79309e-05,-2.31943e-05,7.74304e-05,-8.48879e-05,-2.99713e-05,-2.67233e-06,
-8.2035,4.69396,11.1507,9.73882,-0.827585,11.9683,-8.35877,5.76177,20.8886,7.12635,60,14.5408,0,0,0,0,0,0,0,0,0,0,0,0,-0.00341864,0.698632,-1.45219,-0.0277117,0.758978,-1.44025,-0.00713639,0.738529,-1.50047,-0.0239197,0.717127,-1.48573,-0.152571,0.783976,-1.24945,0.14936,0.74393,-1.22264,-0.159111,0.843287,-1.12068,0.105652,25.71,-1.22135,7.72305e-05,-2.78774e-05,-5.36442e-05,8.33605e-05,-3.85948e-05,3.42201e-05,0.000115973,-5.48396e-05,7.25428e-05,7.00794e-05,-0.000123939,0.000134078,
-8.20337,4.69417,11.1514,9.73915,-0.827303,11.9684,-8.35928,5.76221,20.8892,7.12634,60,14.5401,0,0,0,0,0,0,0,0,0,0,0,0,-0.00341674,0.698632,-1.45219,-0.0277097,0.758977,-1.44025,-0.00713363,0.738527,-1.50047,-0.0239179,0.717124,-1.48572,-0.152568,0.78398,-1.24944,0.149367,0.743934,-1.22264,-0.159119,0.843293,-1.12066,0.105653,25.71,-1.22136,2.92507e-05,-3.18602e-05,-6.62263e-05,3.52794e-05,-3.19664e-05,-7.18727e-06,7.55129e-05,-6.98604e-05,9.07877e-05,2.98142e-05,-0.000125603,0.000126656,
-8.20276,4.69424,11.1497,9.73942,-0.827683,11.9683,-8.35827,5.76176,20.8884,7.12701,60,14.542,0,0,0,0,0,0,0,0,0,0,0,0,-0.00341822,0.698631,-1.45219,-0.027711,0.758977,-1.44025,-0.00713398,0.738527,-1.50047,-0.0239192,0.717123,-1.48572,-0.152562,0.78398,-1.24947,0.149366,0.743929,-1.22264,-0.159104,0.843287,-1.12068,0.10566,25.71,-1.22133,-0.000128329,-3.84331e-05,7.43481e-05,-0.000121562,3.46945e-05,1.09461e-05,-7.1138e-05,2.07933e-05,5.20637e-05,-0.000119139,4.79856e-05,-7.67729e-05,
-8.20258,4.69408,11.1492,9.73935,-0.828,11.9678,-8.35767,5.76107,20.8884,7.12735,60,14.5427,0,0,0,0,0,0,0,0,0,0,0,0,-0.003421,0.698631,-1.45219,-0.0277137,0.758978,-1.44025,-0.00713576,0.738528,-1.50047,-0.0239218,0.717125,-1.48573,-0.152562,0.783978,-1.24947,0.149362,0.743925,-1.22265,-0.159096,0.843278,-1.12068,0.105663,25.71,-1.22132,-0.000145521,-2.98921e-06,0.000102331,-0.000138661,5.07584e-05,5.02444e-05,-9.13792e-05,0.000118383,-4.9952e-05,-0.000139454,0.000116666,-0.000102726,
-8.20357,4.69377,11.1507,9.73868,-0.827837,11.9669,-8.35926,5.7609,20.8899,7.12641,60,14.5415,0,0,0,0,0,0,0,0,0,0,0,0,-0.00342041,0.698631,-1.45219,-0.0277129,0.758978,-1.44024,-0.00713419,0.738531,-1.50047,-0.0239213,0.717126,-1.48573,-0.152573,0.783973,-1.24945,0.149357,0.743926,-1.22266,-0.159116,0.843277,-1.12066,0.105653,25.71,-1.22134,0.000132447,4.35832e-05,-3.32094e-05,0.000140104,-1.26399e-05,0.000111773,0.000177026,0.000114094,-0.000133489,0.000130543,1.40431e-05,1.97558e-05,
-8.20345,4.69409,11.1517,9.73904,-0.828091,11.9678,-8.35928,5.76139,20.8895,7.1267,60,14.5401,0,0,0,0,0,0,0,0,0,0,0,0,-0.00341695,0.698632,-1.45219,-0.0277093,0.758978,-1.44024,-0.00712949,0.738532,-1.50047,-0.0239177,0.717125,-1.48573,-0.152571,0.783979,-1.24943,0.149364,0.743922,-1.22265,-0.159115,0.843284,-1.12066,0.105659,25.71,-1.22136,2.97089e-06,-1.37574e-06,-7.19344e-05,9.65717e-06,1.23674e-05,-2.03319e-05,6.54384e-05,-2.91856e-05,3.007e-05,1.84696e-05,-6.55601e-05,7.12472e-05,
-8.20248,4.69459,11.1496,9.73961,-0.828209,11.9688,-8.35802,5.76178,20.8877,7.12733,60,14.5423,0,0,0,0,0,0,0,0,0,0,0,0,-0.00341891,0.698631,-1.45219,-0.0277112,0.758978,-1.44024,-0.00713043,0.738531,-1.50047,-0.0239193,0.717124,-1.48573,-0.15256,0.783986,-1.24947,0.149368,0.743921,-1.22263,-0.159098,0.843288,-1.12069,0.105664,25.71,-1.22132,-0.000201217,-7.44769e-05,5.97203e-06,-0.000195104,3.39937e-05,-0.000100414,-0.00012511,-0.000106361,0.000139711,-0.000173,-8.36573e-06,-2.90298e-05,
-8.20241,4.69443,11.1502,9.73992,-0.827977,11.9688,-8.35822,5.76153,20.888,7.12745,60,14.5423,0,0,0,0,0,0,0,0,0,0,0,0,-0.00342436,0.69863,-1.45219,-0.0277165,0.758979,-1.44025,-0.00713398,0.73853,-1.50047,-0.023924,0.717125,-1.48573,-0.152563,0.783982,-1.24946,0.149369,0.743926,-1.22263,-0.159104,0.843285,-1.12069,0.105662,25.71,-1.22132,-0.000170553,-3.07427e-05,3.87041e-05,-0.000163297,4.1721e-05,-2.18158e-06,-9.75008e-05,2.29063e-05,1.84585e-05,-0.000145615,3.57314e-05,-4.46627e-05,
-8.20366,4.69382,11.1502,9.73851,-0.827975,11.9663,-8.35962,5.76029,20.8896,7.12633,60,14.5419,0,0,0,0,0,0,0,0,0,0,0,0,-0.00342213,0.69863,-1.45219,-0.027714,0.758979,-1.44024,-0.00713054,0.738532,-1.50047,-0.0239216,0.717125,-1.48573,-0.152574,0.783974,-1.24946,0.149355,0.743924,-1.22267,-0.159117,0.843267,-1.12066,0.105654,25.71,-1.22133,0.000217247,4.998e-05,-6.04686e-05,0.000225566,-4.32018e-05,0.00019527,0.000268208,0.000126246,-0.000130344,0.000222131,-7.89696e-07,6.08113e-05,
-8.20318,4.69425,11.15,9.73902,-0.827983,11.9679,-8.35981,5.76153,20.8892,7.12651,60,14.5425,0,0,0,0,0,0,0,0,0,0,0,0,-0.00341843,0.698631,-1.45219,-0.0277102,0.758978,-1.44024,-0.00712571,0.738534,-1.50047,-0.0239177,0.717125,-1.48573,-0.152566,0.783981,-1.24946,0.149364,0.743924,-1.22264,-0.15912,0.843289,-1.12067,0.105656,25.71,-1.22132,2.85116e-05,-4.48329e-06,-3.23842e-05,3.63539e-05,-1.12702e-05,6.78631e-05,9.31305e-05,2.19632e-05,-8.62844e-06,4.64659e-05,-2.89595e-05,2.87375e-05,
-8.20259,4.69458,11.151,9.73961,-0.827678,11.9685,-8.35928,5.76192,20.8887,7.12716,60,14.5411,0,0,0,0,0,0,0,0,0,0,0,0,-0.00342122,0.69863,-1.45219,-0.0277128,0.758979,-1.44024,-0.00712695,0.738532,-1.50047,-0.0239195,0.717124,-1.48572,-0.152563,0.783984,-1.24945,0.149367,0.74393,-1.22263,-0.159116,0.843291,-1.12067,0.105662,25.71,-1.22134,-0.000149514,-5.82259e-05,-5.13524e-05,-0.000143481,1.46906e-05,-7.96695e-05,-7.86205e-05,-0.000124608,0.000156703,-0.000137628,-8.32809e-05,5.27523e-05,
-8.20269,4.69485,11.1507,9.73967,-0.827669,11.9689,-8.35937,5.76213,20.8882,7.12705,60,14.5412,0,0,0,0,0,0,0,0,0,0,0,0,-0.00342303,0.698629,-1.45219,-0.0277145,0.758979,-1.44024,-0.00712769,0.73853,-1.50047,-0.0239215,0.717122,-1.48572,-0.152565,0.783989,-1.24945,0.149369,0.74393,-1.22263,-0.159117,0.843294,-1.12068,0.10566,25.71,-1.22134,-7.12076e-05,-5.14581e-05,-4.20072e-05,-6.50061e-05,-6.28288e-06,-5.95621e-05,-1.5564e-05,-9.37099e-05,0.000107298,-6.24545e-05,-9.99061e-05,7.62295e-05,
-8.20289,4.69453,11.1497,9.73907,-0.827848,11.9673,-8.35888,5.76077,20.8885,7.12711,60,14.5421,0,0,0,0,0,0,0,0,0,0,0,0,-0.0034234,0.698629,-1.45219,-0.0277148,0.758978,-1.44024,-0.00712708,0.73853,-1.50047,-0.0239219,0.717121,-1.48572,-0.152566,0.783984,-1.24947,0.14936,0.743926,-1.22265,-0.159105,0.843273,-1.12068,0.105662,25.71,-1.22132,2.46685e-05,5.91113e-06,-8.71378e-06,3.16105e-05,-1.43555e-05,7.65465e-05,6.42112e-05,7.57529e-05,-6.19421e-05,1.74664e-05,-9.93759e-06,2.01813e-05,
-8.20325,4.6946,11.1509,9.73908,-0.82799,11.9674,-8.35965,5.76113,20.8892,7.12689,60,14.5411,0,0,0,0,0,0,0,0,0,0,0,0,-0.00342221,0.698629,-1.45219,-0.0277134,0.758978,-1.44024,-0.00712517,0.738533,-1.50047,-0.0239207,0.717121,-1.48572,-0.152571,0.783986,-1.24945,0.149363,0.743924,-1.22265,-0.159116,0.843283,-1.12067,0.10566,25.71,-1.22134,6.70058e-05,2.66616e-05,-1.58389e-05,7.35898e-05,-4.0616e-06,9.31126e-05,0.000101621,8.73534e-05,-7.59162e-05,5.55675e-05,-6.07075e-06,3.09227e-05,
-8.203,4.69461,11.1515,9.7394,-0.828076,11.9677,-8.35968,5.76122,20.8894,7.12697,60,14.5408,0,0,0,0,0,0,0,0,0,0,0,0,-0.00342137,0.69863,-1.45219,-0.0277124,0.758978,-1.44024,-0.00712336,0.738533,-1.50047,-0.0239201,0.71712,-1.48572,-0.152568,0.783986,-1.24944,0.149367,0.743923,-1.22264,-0.159117,0.843284,-1.12066,0.105662,25.71,-1.22134,-3.58543e-05,6.43402e-06,-6.19395e-05,-3.0147e-05,1.04943e-05,-4.18778e-06,8.29175e-06,3.32949e-05,-1.54398e-05,2.82226e-05,-4.04448e-05,5.51362e-05,
-8.2027,4.69461,11.1515,9.73974,-0.828167,11.9681,-8.35953,5.76128,20.8892,7.1275,60,14.5409,0,0,0,0,0,0,0,0,0,0,0,0,-0.00342315,0.69863,-1.45219,-0.0277141,0.758979,-1.44024,-0.00712432,0.738534,-1.50047,-0.0239221,0.71712,-1.48572,-0.152566,0.783986,-1.24944,0.149369,0.743922,-1.22264,-0.159118,0.843285,-1.12066,0.105666,25.71,-1.22134,-0.000128259,-1.76303e-05,1.03712e-05,-0.000122544,3.65697e-05,-1.82285e-05,-8.14886e-05,1.37366e-05,3.84879e-05,-0.000128821,1.66562e-05,-5.05915e-05,
-8.20217,4.6944,11.1506,9.74031,-0.827859,11.9686,-8.36027,5.76199,20.8899,7.12735,60,14.5425,0,0,0,0,0,0,0,0,0,0,0,0,-0.00342573,0.698629,-1.45219,-0.0277166,0.75898,-1.44024,-0.007126,0.738535,-1.50047,-0.0239247,0.717121,-1.48572,-0.152559,0.783982,-1.24945,0.149378,0.743928,-1.22263,-0.159132,0.8433,-1.12065,0.105661,25.71,-1.22132,-9.83696e-05,-2.15723e-05,6.30244e-05,-9.20952e-05,2.69395e-05,2.87891e-05,-5.84779e-05,6.70525e-05,-1.18282e-05,-0.00010607,4.59554e-05,-6.59164e-05,
-8.20266,4.6942,11.1502,9.73955,-0.827961,11.967,-8.35956,5.76048,20.8892,7.12752,60,14.5413,0,0,0,0,0,0,0,0,0,0,0,0,-0.00342659,0.698629,-1.45219,-0.0277173,0.75898,-1.44024,-0.0071262,0.738536,-1.50047,-0.0239259,0.717121,-1.48572,-0.152565,0.783978,-1.24946,0.149366,0.743925,-1.22265,-0.159117,0.843275,-1.12067,0.105665,25.71,-1.22133,1.76972e-05,-6.88672e-06,4.92913e-05,2.40078e-05,-2.53157e-05,0.000128502,3.74131e-05,8.57606e-05,-3.23038e-05,-8.921e-06,5.89057e-06,3.77151e-05,
-8.20294,4.69458,11.1506,9.7394,-0.827854,11.9672,-8.36022,5.76108,20.8896,7.12723,60,14.541,0,0,0,0,0,0,0,0,0,0,0,0,-0.00342537,0.698629,-1.45219,-0.027716,0.758979,-1.44024,-0.00712489,0.738538,-1.50047,-0.0239254,0.717121,-1.48572,-0.152568,0.783985,-1.24945,0.149366,0.743926,-1.22265,-0.159127,0.843287,-1.12066,0.105662,25.71,-1.22134,8.63478e-05,1.34135e-06,3.77262e-05,9.18146e-05,-3.61951e-05,0.00010759,8.56301e-05,6.53928e-05,-3.09373e-05,4.00182e-05,-4.77173e-05,7.04702e-05,
-8.20275,4.69465,11.1516,9.73983,-0.827713,11.9679,-8.36038,5.76149,20.8895,7.12756,60,14.5396,0,0,0,0,0,0,0,0,0,0,0,0,-0.00342464,0.698629,-1.45219,-0.0277151,0.758978,-1.44023,-0.00712406,0.738538,-1.50047,-0.0239257,0.717119,-1.48572,-0.152566,0.783986,-1.24943,0.149372,0.743928,-1.22264,-0.159131,0.843292,-1.12066,0.105665,25.71,-1.22136,-2.70062e-05,-1.91987e-05,1.23214e-05,-2.2609e-05,-1.93102e-05,1.53312e-05,-2.09907e-05,-2.33629e-05,8.53145e-05,-6.70752e-05,-8.34122e-05,7.0326e-05,
-8.20252,4.69501,11.1501,9.73988,-0.828216,11.968,-8.35908,5.76077,20.8878,7.12824,60,14.5405,0,0,0,0,0,0,0,0,0,0,0,0,-0.00342625,0.698628,-1.45219,-0.0277166,0.758978,-1.44023,-0.00712557,0.738538,-1.50047,-0.0239282,0.717118,-1.48572,-0.152566,0.783991,-1.24946,0.14937,0.74392,-1.22263,-0.159111,0.84328,-1.12069,0.105673,25.71,-1.22134,-0.000104023,-3.97859e-05,8.03921e-05,-9.97849e-05,2.47314e-05,-1.14916e-05,-0.000100422,2.49464e-05,7.53314e-05,-0.00014746,-6.56012e-06,-7.79445e-06,
-8.2021,4.69433,11.1499,9.7397,-0.827886,11.9668,-8.36016,5.76065,20.8902,7.12779,60,14.5421,0,0,0,0,0,0,0,0,0,0,0,0,-0.00342769,0.698628,-1.45219,-0.027718,0.758979,-1.44023,-0.00712708,0.738539,-1.50047,-0.0239305,0.717118,-1.48572,-0.152559,0.783979,-1.24946,0.149367,0.743927,-1.22265,-0.159131,0.843282,-1.12065,0.105664,25.71,-1.22132,-7.98039e-05,-5.78689e-06,8.2838e-05,-1.64869e-05,1.5658e-05,6.32593e-05,-2.46586e-05,0.000128279,-6.50882e-05,-7.1566e-05,4.08737e-05,-3.24721e-05,
-8.20333,4.69436,11.1509,9.73902,-0.828604,11.9669,-8.35959,5.75959,20.8887,7.12794,60,14.5395,0,0,0,0,0,0,0,0,0,0,0,0,-0.00342616,0.698628,-1.45219,-0.0277164,0.758979,-1.44023,-0.00712525,0.738542,-1.50047,-0.0239297,0.717119,-1.48572,-0.152575,0.783982,-1.24944,0.14936,0.743914,-1.22265,-0.159116,0.843264,-1.12068,0.10567,25.71,-1.22136,0.000111789,3.88226e-05,6.57033e-06,0.000116442,8.52261e-06,5.4005e-05,9.03443e-05,8.42466e-05,-4.11788e-05,4.41072e-05,-3.33592e-05,3.85706e-05,
-8.2026,4.69488,11.1499,9.73946,-0.828409,11.9679,-8.35951,5.76066,20.8884,7.12802,60,14.5415,0,0,0,0,0,0,0,0,0,0,0,0,-0.00342501,0.698629,-1.45219,-0.0277152,0.758979,-1.44023,-0.00712453,0.738542,-1.50047,-0.0239299,0.717117,-1.48572,-0.152564,0.78399,-1.24946,0.149365,0.743917,-1.22264,-0.159116,0.843281,-1.12068,0.105669,25.71,-1.22132,-2.24034e-05,-1.43167e-05,-4.23873e-05,-1.88419e-05,1.91174e-05,-7.57045e-05,-1.67924e-05,-3.52164e-05,8.10866e-05,-6.30104e-05,-7.80738e-05,4.0085e-05,
-8.20304,4.6948,11.1506,9.73923,-0.828506,11.9683,-8.35926,5.76011,20.8879,7.12807,60,14.5407,0,0,0,0,0,0,0,0,0,0,0,0,-0.00342591,0.698628,-1.45219,-0.027716,0.75898,-1.44024,-0.00712508,0.738542,-1.50047,-0.0239314,0.717116,-1.48572,-0.152572,0.783989,-1.24945,0.149361,0.743917,-1.22263,-0.159111,0.84327,-1.12069,0.10567,25.71,-1.22134,2.01067e-05,6.13121e-06,-9.37696e-05,2.4012e-05,2.31865e-05,-7.64195e-05,3.7059e-05,-2.05756e-05,4.43745e-05,-9.08125e-06,-7.83386e-05,4.77198e-05,
-8.20378,4.69503,11.1534,9.73938,-0.828025,11.9683,-8.36094,5.7607,20.8899,7.12757,60,14.5385,0,0,0,0,0,0,0,0,0,0,0,0,-0.00342376,0.698629,-1.45219,-0.0277137,0.75898,-1.44024,-0.00712258,0.738542,-1.50047,-0.0239299,0.717114,-1.48572,-0.15258,0.783994,-1.24941,0.149369,0.743925,-1.22263,-0.159136,0.843282,-1.12065,0.105665,25.71,-1.22138,0.000120711,3.11987e-05,-0.000129119,0.000125575,4.49538e-06,-3.21628e-05,0.00014159,2.59631e-05,-2.517e-05,9.54206e-05,-8.28196e-05,8.09993e-05,
-8.20321,4.69484,11.1525,9.74001,-0.828364,11.9686,-8.36103,5.76083,20.89,7.12793,60,14.5396,0,0,0,0,0,0,0,0,0,0,0,0,-0.00342255,0.698629,-1.45219,-0.0277124,0.75898,-1.44024,-0.00712081,0.738542,-1.50047,-0.0239289,0.717113,-1.48571,-0.152573,0.783989,-1.24942,0.149378,0.74392,-1.22263,-0.159139,0.843286,-1.12065,0.105669,25.71,-1.22136,-3.76659e-05,-2.18411e-05,4.66567e-05,-3.22066e-05,4.14449e-05,-2.85816e-05,5.61581e-06,2.99707e-05,-7.67955e-06,-4.21229e-05,4.29523e-05,-8.12243e-05,
-8.20195,4.69479,11.1501,9.74066,-0.828332,11.9682,-8.36006,5.76068,20.8897,7.12882,60,14.5423,0,0,0,0,0,0,0,0,0,0,0,0,-0.00342725,0.698628,-1.45219,-0.027717,0.758982,-1.44024,-0.00712436,0.738544,-1.50047,-0.0239335,0.717117,-1.48572,-0.15256,0.783986,-1.24945,0.14938,0.743924,-1.22263,-0.159131,0.843286,-1.12066,0.105675,25.71,-1.22132,-0.000261806,-7.14649e-05,0.000276996,-0.000255096,9.46813e-05,3.59317e-05,-0.000205611,9.62574e-05,7.56586e-06,-0.000255384,0.000211879,-0.000256498,
-8.20212,4.69435,11.148,9.73967,-0.82856,11.9668,-8.35965,5.75954,20.8889,7.1285,60,14.5435,0,0,0,0,0,0,0,0,0,0,0,0,-0.00343075,0.698627,-1.45218,-0.0277204,0.758983,-1.44023,-0.00712685,0.738546,-1.50047,-0.0239371,0.71712,-1.48572,-0.152561,0.783977,-1.24949,0.149364,0.743918,-1.22265,-0.15912,0.843268,-1.12067,0.105671,25.71,-1.2213,-1.92888e-05,-4.68516e-05,0.000220654,-1.22478e-05,1.00708e-05,0.00013916,1.68438e-05,0.000113758,-5.13969e-05,-3.07704e-05,0.000108323,-9.71691e-05,
-8.20341,4.69458,11.1504,9.73861,-0.828216,11.9663,-8.36074,5.75949,20.8891,7.12764,60,14.54,0,0,0,0,0,0,0,0,0,0,0,0,-0.00342742,0.698626,-1.45218,-0.0277169,0.758982,-1.44023,-0.00712304,0.738548,-1.50047,-0.0239342,0.71712,-1.48572,-0.152574,0.783982,-1.24945,0.149355,0.743921,-1.22266,-0.15913,0.843265,-1.12067,0.105665,25.71,-1.22135,0.000248907,-1.05909e-05,-4.40698e-05,0.000255222,-9.23896e-05,9.10611e-05,0.000267728,-2.19892e-05,2.58979e-05,0.000223185,-0.000153701,0.000212009,
-8.20362,4.69565,11.1495,9.73862,-0.828592,11.9686,-8.36006,5.76039,20.8859,7.12756,60,14.5402,0,0,0,0,0,0,0,0,0,0,0,0,-0.00342268,0.698626,-1.45218,-0.027712,0.75898,-1.44023,-0.00711794,0.738545,-1.50047,-0.0239299,0.717115,-1.48572,-0.152573,0.784,-1.24947,0.14936,0.743912,-1.22262,-0.159112,0.843275,-1.12072,0.105668,25.71,-1.22134,0.0002353,-5.50427e-05,-0.000175259,0.000240237,-9.32278e-05,-6.81943e-05,0.000260552,-0.000206765,0.000197666,0.000216273,-0.000308831,0.000278983,
-8.20321,4.69594,11.1511,9.73897,-0.827938,11.9687,-8.3597,5.7604,20.8869,7.12819,60,14.5398,0,0,0,0,0,0,0,0,0,0,0,0,-0.00342294,0.698625,-1.45219,-0.0277122,0.75898,-1.44024,-0.00711728,0.73854,-1.50046,-0.0239302,0.71711,-1.48571,-0.152574,0.784004,-1.24944,0.149359,0.743926,-1.22263,-0.159112,0.84327,-1.12069,0.105672,25.71,-1.22135,-5.9909e-05,-4.13335e-05,-0.000168056,-5.51335e-05,-1.54067e-06,-0.000173284,-1.03732e-05,-0.000186497,0.000194279,-5.63062e-05,-0.000195437,0.000128299,
-8.20357,4.69531,11.1528,9.73901,-0.827905,11.9678,-8.36194,5.76071,20.8907,7.12748,60,14.5401,0,0,0,0,0,0,0,0,0,0,0,0,-0.00342219,0.698625,-1.45219,-0.0277114,0.75898,-1.44024,-0.00711545,0.738539,-1.50046,-0.0239293,0.717108,-1.48571,-0.152577,0.783995,-1.24941,0.149363,0.743929,-1.22264,-0.159148,0.84328,-1.12063,0.105663,25.71,-1.22135,5.54151e-05,2.89547e-05,-0.000103389,6.11984e-05,4.34596e-05,-6.17581e-05,0.000111619,2.91535e-05,-5.16329e-05,6.4343e-05,1.99664e-05,-6.51969e-05,
-8.20241,4.69524,11.1493,9.73969,-0.828602,11.9693,-8.36017,5.76074,20.8888,7.12855,60,14.544,0,0,0,0,0,0,0,0,0,0,0,0,-0.00342258,0.698625,-1.45219,-0.0277116,0.758982,-1.44024,-0.00711494,0.738541,-1.50046,-0.02393,0.71711,-1.48572,-0.152561,0.783993,-1.24948,0.14937,0.743919,-1.22262,-0.159122,0.843284,-1.12067,0.105675,25.71,-1.22129,-0.000151195,-5.9163e-06,6.09827e-05,-0.000144624,0.000112224,-6.36108e-05,-0.000155132,7.13323e-05,-8.91249e-06,-0.000204948,0.000167345,-0.000260281,
-8.20176,4.69557,11.1507,9.74042,-0.827987,11.9695,-8.36036,5.76128,20.8891,7.1288,60,14.5428,0,0,0,0,0,0,0,0,0,0,0,0,-0.00342844,0.698624,-1.45219,-0.0277181,0.758984,-1.44024,-0.00711935,0.738542,-1.50046,-0.0239353,0.717113,-1.48572,-0.15256,0.783997,-1.24945,0.149375,0.743932,-1.22261,-0.15913,0.843293,-1.12066,0.105674,25.71,-1.22131,-0.000359493,-4.28305e-05,9.66509e-05,-0.000227966,7.99095e-05,-5.05344e-05,-0.000161671,3.57328e-05,8.16546e-06,-0.000210349,0.000103651,-0.00016032,
-8.20347,4.69539,11.1514,9.73935,-0.827864,11.9681,-8.36167,5.76053,20.8894,7.12768,60,14.5404,0,0,0,0,0,0,0,0,0,0,0,0,-0.00342758,0.698624,-1.45219,-0.0277163,0.758984,-1.44024,-0.00711659,0.738543,-1.50046,-0.0239335,0.717113,-1.48572,-0.152576,0.783995,-1.24944,0.149368,0.74393,-1.22263,-0.159141,0.843281,-1.12066,0.105666,25.71,-1.22134,0.000209063,1.1541e-05,-5.2564e-05,0.000216573,-5.74872e-05,0.000135898,0.000248015,6.33264e-05,-4.55146e-05,0.000202607,-7.07553e-05,0.000135846,
-8.20324,4.69571,11.15,9.73926,-0.828199,11.9678,-8.36095,5.76021,20.8883,7.12808,60,14.5412,0,0,0,0,0,0,0,0,0,0,0,0,-0.0034236,0.698624,-1.45219,-0.0277122,0.758983,-1.44024,-0.0071119,0.738544,-1.50046,-0.0239298,0.717111,-1.48572,-0.152572,0.784,-1.24946,0.149367,0.743923,-1.22264,-0.159127,0.843276,-1.12068,0.105673,25.71,-1.22133,6.11072e-05,-2.0982e-05,5.52659e-05,6.81018e-05,-3.78964e-05,0.000132684,9.95954e-05,4.64002e-05,1.39193e-05,5.34581e-05,-3.12576e-05,5.79395e-05,
-8.20253,4.6955,11.1496,9.73928,-0.828068,11.9671,-8.36096,5.76025,20.8891,7.12833,60,14.5423,0,0,0,0,0,0,0,0,0,0,0,0,-0.00342536,0.698623,-1.45219,-0.0277138,0.758982,-1.44023,-0.00711272,0.738545,-1.50046,-0.0239316,0.717112,-1.48572,-0.152565,0.783995,-1.24946,0.149362,0.743927,-1.22265,-0.159131,0.843277,-1.12066,0.105672,25.71,-1.22131,-9.28215e-05,-4.31485e-05,9.27334e-05,-8.63004e-05,7.72804e-06,7.06669e-05,-4.71165e-05,1.82801e-05,4.648e-05,-9.44906e-05,1.58126e-05,-2.53363e-05,
-8.20298,4.69558,11.1511,9.73936,-0.828562,11.9681,-8.36092,5.76008,20.8882,7.12847,60,14.5402,0,0,0,0,0,0,0,0,0,0,0,0,-0.00342624,0.698622,-1.45219,-0.0277146,0.758983,-1.44023,-0.00711283,0.738545,-1.50046,-0.0239325,0.717112,-1.48572,-0.152572,0.783996,-1.24944,0.149364,0.743918,-1.22263,-0.159129,0.843274,-1.12068,0.105675,25.71,-1.22135,-2.86961e-05,-1.79423e-05,1.04145e-05,-2.27076e-05,6.55195e-06,1.49549e-05,1.41729e-05,7.31578e-06,3.61469e-05,-3.28138e-05,-2.10341e-05,3.57469e-05,
-8.20271,4.69596,11.1502,9.73971,-0.828575,11.969,-8.36055,5.76037,20.887,7.12857,60,14.5411,0,0,0,0,0,0,0,0,0,0,0,0,-0.00342684,0.698622,-1.45219,-0.027715,0.758983,-1.44023,-0.00711247,0.738544,-1.50046,-0.0239333,0.71711,-1.48571,-0.152568,0.784003,-1.24946,0.14937,0.743918,-1.22262,-0.159122,0.843277,-1.1207,0.105676,25.71,-1.22133,-3.5566e-05,-2.09381e-05,-5.46933e-05,-2.9986e-05,2.03599e-06,-4.85561e-05,4.19923e-06,-3.65666e-05,5.18555e-05,-4.24883e-05,-7.02985e-05,6.50342e-05,
-8.20286,4.69556,11.1507,9.73957,-0.828207,11.9681,-8.36132,5.76006,20.8887,7.12832,60,14.5412,0,0,0,0,0,0,0,0,0,0,0,0,-0.00342733,0.698622,-1.45219,-0.0277154,0.758983,-1.44023,-0.00711225,0.738544,-1.50046,-0.0239339,0.717109,-1.48571,-0.15257,0.783997,-1.24945,0.149369,0.743925,-1.22263,-0.159135,0.843274,-1.12067,0.105672,25.71,-1.22133,2.35148e-05,2.61124e-05,-2.88289e-05,2.97687e-05,1.5798e-05,3.53019e-05,6.10288e-05,6.97655e-05,-5.29035e-05,1.4692e-05,-1.87937e-05,2.35322e-05,
-8.20347,4.69554,11.1514,9.73922,-0.828685,11.9677,-8.36135,5.75943,20.8888,7.12832,60,14.5402,0,0,0,0,0,0,0,0,0,0,0,0,-0.00342523,0.698623,-1.45219,-0.0277132,0.758983,-1.44023,-0.00710943,0.738546,-1.50046,-0.023932,0.717109,-1.48571,-0.152577,0.783998,-1.24944,0.149365,0.743916,-1.22264,-0.159131,0.843266,-1.12067,0.105675,25.71,-1.22135,7.08647e-05,4.67517e-05,-2.00413e-05,7.71073e-05,1.02531e-05,6.76333e-05,0.000106223,9.98235e-05,-0.000100733,5.94102e-05,1.44301e-05,-6.65576e-06,
-8.20271,4.69581,11.1509,9.73953,-0.82877,11.9679,-8.36122,5.75986,20.8887,7.12862,60,14.5412,0,0,0,0,0,0,0,0,0,0,0,0,-0.00342595,0.698623,-1.45219,-0.0277131,0.758983,-1.44023,-0.00710879,0.738548,-1.50046,-0.0239322,0.71711,-1.48571,-0.152569,0.784001,-1.24944,0.149368,0.743916,-1.22263,-0.159131,0.843274,-1.12067,0.105678,25.71,-1.22133,-0.000113195,-8.20392e-06,9.00845e-06,-4.31393e-05,3.15378e-05,1.06328e-05,-6.69991e-06,4.37762e-05,-2.54648e-05,-5.37927e-05,2.00908e-05,-1.90964e-05,
-8.20253,4.69595,11.1492,9.73937,-0.829376,11.9679,-8.35933,5.75879,20.8865,7.12941,60,14.5421,0,0,0,0,0,0,0,0,0,0,0,0,-0.00342862,0.698623,-1.45219,-0.0277163,0.758984,-1.44023,-0.00711086,0.738548,-1.50046,-0.0239355,0.71711,-1.48572,-0.152569,0.784003,-1.24947,0.14936,0.743906,-1.22264,-0.159101,0.843255,-1.12071,0.105687,25.71,-1.22131,-0.000136894,-1.58898e-05,4.60748e-05,-0.000130865,4.08155e-05,-2.51306e-05,-8.31472e-05,2.84745e-05,4.03053e-05,-0.000130708,2.86502e-05,-2.81014e-05,
-8.20338,4.69553,11.1531,9.73927,-0.828515,11.9671,-8.36225,5.75961,20.8901,7.1282,60,14.5393,0,0,0,0,0,0,0,0,0,0,0,0,-0.00342887,0.698623,-1.45219,-0.0277164,0.758985,-1.44023,-0.00711011,0.738549,-1.50046,-0.0239357,0.71711,-1.48571,-0.152578,0.783997,-1.24941,0.149365,0.74392,-1.22265,-0.159146,0.84327,-1.12064,0.105671,25.71,-1.22136,0.000137018,4.17689e-05,-0.000127854,0.000143955,-3.24219e-05,4.65386e-05,0.000182772,4.85458e-05,-5.9723e-05,0.000137151,-8.99264e-05,0.000110245,
-8.20267,4.69557,11.1511,9.7397,-0.828874,11.9681,-8.36195,5.76016,20.8891,7.12814,60,14.5411,0,0,0,0,0,0,0,0,0,0,0,0,-0.00342536,0.698624,-1.45219,-0.0277128,0.758984,-1.44023,-0.00710544,0.738549,-1.50046,-0.023932,0.717108,-1.48571,-0.152565,0.783998,-1.24945,0.149372,0.743913,-1.22263,-0.15914,0.843279,-1.12066,0.105673,25.71,-1.22133,-2.3775e-05,-9.01299e-06,-9.03477e-05,-1.69682e-05,2.44145e-06,-2.6911e-05,4.37398e-05,-2.97517e-05,3.34718e-05,0.000110638,-8.11513e-05,8.28332e-05,
-8.20188,4.69619,11.1518,9.74062,-0.828793,11.969,-8.36046,5.7602,20.8878,7.12973,60,14.54,0,0,0,0,0,0,0,0,0,0,0,0,-0.00342999,0.698623,-1.45219,-0.0277173,0.758985,-1.44023,-0.00710871,0.738548,-1.50046,-0.0239361,0.717108,-1.48571,-0.152564,0.784006,-1.24943,0.149376,0.743918,-1.22262,-0.159124,0.843277,-1.12068,0.105687,25.71,-1.22135,-0.000348491,-7.42367e-05,8.48569e-05,-0.000342312,7.21136e-05,-9.85443e-05,-0.000270512,-7.35011e-05,0.000167293,-0.00031909,3.36263e-05,-8.95643e-05,
-8.20244,4.6961,11.1509,9.7402,-0.828653,11.968,-8.36137,5.75993,20.8883,7.129,60,14.5408,0,0,0,0,0,0,0,0,0,0,0,0,-0.00343342,0.698621,-1.45219,-0.0277206,0.758985,-1.44023,-0.00711087,0.738547,-1.50046,-0.0239393,0.717108,-1.48571,-0.152569,0.784004,-1.24944,0.149374,0.743919,-1.22263,-0.159135,0.843275,-1.12067,0.105679,25.71,-1.22134,-7.83859e-06,-2.17215e-05,7.02288e-05,-5.39882e-07,-1.53109e-05,9.63614e-05,4.18459e-05,6.27177e-05,-2.17878e-05,-5.02956e-06,1.36771e-05,-2.12127e-05,
-8.20313,4.69536,11.1518,9.73948,-0.828348,11.9659,-8.36312,5.7592,20.8912,7.12827,60,14.5403,0,0,0,0,0,0,0,0,0,0,0,0,-0.00343011,0.698622,-1.45219,-0.0277171,0.758985,-1.44023,-0.00710655,0.738551,-1.50046,-0.0239361,0.71711,-1.48571,-0.152574,0.783992,-1.24942,0.149369,0.743923,-1.22266,-0.159158,0.843269,-1.12063,0.105673,25.71,-1.22135,0.000159128,2.02306e-05,7.73671e-05,0.000167473,-3.70036e-05,0.000212615,0.000197419,0.000185527,-0.000157115,0.000150832,6.19688e-05,-2.00374e-05,
-8.20198,4.69583,11.1499,9.74023,-0.828857,11.9677,-8.36197,5.76015,20.889,7.12915,60,14.5417,0,0,0,0,0,0,0,0,0,0,0,0,-0.00342917,0.698622,-1.45218,-0.027716,0.758984,-1.44022,-0.00710472,0.738554,-1.50046,-0.0239352,0.717111,-1.48571,-0.15256,0.783999,-1.24945,0.149376,0.743915,-1.22263,-0.159143,0.843284,-1.12066,0.105682,25.71,-1.22132,-0.00014067,-6.71487e-05,0.000153889,-0.000134197,2.32563e-05,2.83689e-05,-9.1546e-05,3.85125e-06,5.86604e-05,-0.00013936,5.06904e-05,-6.74983e-05,
-8.20166,4.69606,11.149,9.73993,-0.828556,11.9681,-8.36047,5.75968,20.8875,7.12981,60,14.5422,0,0,0,0,0,0,0,0,0,0,0,0,-0.00343453,0.698619,-1.45218,-0.0277212,0.758985,-1.44023,-0.00710801,0.738552,-1.50046,-0.0239392,0.717111,-1.48572,-0.152559,0.784,-1.24947,0.149365,0.743921,-1.22263,-0.159123,0.843271,-1.12068,0.105686,25.71,-1.22131,-0.000154512,-7.75564e-05,7.77693e-05,-0.000149527,1.44045e-05,-8.70844e-05,-0.000264535,-0.000100194,0.0001988,-0.000312853,-4.93785e-05,-1.66253e-05,
-8.20293,4.69626,11.151,9.73933,-0.828504,11.9677,-8.36191,5.75972,20.8876,7.1287,60,14.5399,0,0,0,0,0,0,0,0,0,0,0,0,-0.00343382,0.698619,-1.45218,-0.0277204,0.758985,-1.44023,-0.00710814,0.73855,-1.50046,-0.0239405,0.717108,-1.48571,-0.152574,0.784005,-1.24944,0.149363,0.74392,-1.22263,-0.159139,0.843271,-1.12068,0.105675,25.71,-1.22135,0.000169516,5.72488e-06,-9.72427e-05,0.00017418,-4.72711e-05,1.44543e-05,0.000174551,-5.50367e-05,6.87349e-05,0.000129877,-0.000184158,0.000186814,
-8.2033,4.69611,11.1525,9.73924,-0.828,11.9675,-8.3634,5.76004,20.89,7.12825,60,14.539,0,0,0,0,0,0,0,0,0,0,0,0,-0.00342842,0.698619,-1.45219,-0.0277149,0.758984,-1.44023,-0.00710269,0.73855,-1.50046,-0.023936,0.717104,-1.48571,-0.152575,0.784003,-1.24942,0.149367,0.743928,-1.22264,-0.15916,0.843277,-1.12064,0.105672,25.71,-1.22136,0.000186761,1.6047e-05,-0.000142859,0.000191304,-4.18773e-05,-1.53729e-05,0.000193379,-1.43315e-05,1.55959e-05,0.000148498,-0.000168606,0.000177727,
-8.20241,4.69664,11.1518,9.74023,-0.828865,11.969,-8.36152,5.76004,20.888,7.12971,60,14.5394,0,0,0,0,0,0,0,0,0,0,0,0,-0.00342861,0.698619,-1.45219,-0.027715,0.758984,-1.44023,-0.00710254,0.738549,-1.50046,-0.0239368,0.717103,-1.48571,-0.152568,0.784012,-1.24943,0.149375,0.743916,-1.22261,-0.159134,0.843277,-1.12067,0.105689,25.71,-1.22136,-0.000188895,-3.34908e-05,3.8208e-05,-0.000185428,8.15696e-05,-0.000144654,-0.000165141,-2.29857e-05,9.02335e-05,-0.000213121,-1.11446e-05,-6.19156e-05,
-8.20148,4.69692,11.1496,9.74092,-0.828942,11.9699,-8.36037,5.76021,20.8866,7.13038,60,14.5426,0,0,0,0,0,0,0,0,0,0,0,0,-0.00343419,0.698618,-1.45218,-0.0277206,0.758986,-1.44023,-0.00710768,0.738549,-1.50046,-0.0239428,0.717104,-1.48571,-0.15256,0.784015,-1.24946,0.149379,0.743917,-1.2226,-0.159122,0.843281,-1.1207,0.105692,25.71,-1.22131,-0.00033217,-6.26229e-05,0.000157525,-0.000328537,0.000111644,-0.000135216,-0.00031011,2.38006e-05,8.82601e-05,-0.000359262,0.000121029,-0.000216567,
-8.20373,4.69523,11.1507,9.73925,-0.828558,11.9663,-8.36224,5.75813,20.8902,7.129,60,14.5413,0,0,0,0,0,0,0,0,0,0,0,0,-0.00343316,0.698619,-1.45218,-0.0277217,0.758987,-1.44023,-0.00710877,0.738551,-1.50046,-0.0239447,0.717106,-1.48571,-0.152583,0.783989,-1.24944,0.14936,0.743923,-1.22266,-0.159146,0.84325,-1.12064,0.105676,25.71,-1.22133,0.000371976,0.000102607,3.38037e-05,0.000156919,1.3096e-05,0.000134531,0.000144802,0.000213913,-0.000199555,9.87521e-05,6.61371e-05,-3.34535e-05,
-8.20437,4.6955,11.1508,9.7381,-0.829207,11.9664,-8.36318,5.75813,20.8897,7.12823,60,14.5404,0,0,0,0,0,0,0,0,0,0,0,0,-0.0034261,0.69862,-1.45218,-0.0277123,0.758986,-1.44023,-0.00709875,0.738558,-1.50046,-0.0239358,0.717106,-1.48571,-0.152584,0.783996,-1.24944,0.149357,0.743908,-1.22265,-0.159148,0.843255,-1.12065,0.105676,25.71,-1.22134,0.000494909,0.000105474,-6.40414e-05,0.000501122,-5.83496e-05,0.000144905,0.000334035,0.000163455,-0.000132091,0.000288621,-4.28958e-05,9.55111e-05,
-8.20232,4.69692,11.1521,9.74035,-0.828823,11.9697,-8.36198,5.76051,20.8878,7.12988,60,14.5394,0,0,0,0,0,0,0,0,0,0,0,0,-0.00342634,0.69862,-1.45218,-0.0277124,0.758986,-1.44023,-0.0070997,0.738556,-1.50046,-0.0239377,0.717104,-1.48571,-0.152566,0.784016,-1.24942,0.149378,0.743918,-1.2226,-0.159142,0.843288,-1.12067,0.105689,25.71,-1.22136,-0.00028059,-9.42151e-05,2.37206e-05,-0.000277036,6.07785e-05,-0.000228294,-0.000239013,-0.000200351,0.000288412,-0.000286628,-0.000111844,3.72924e-05,
-8.20191,4.69707,11.1494,9.74036,-0.829059,11.9699,-8.36047,5.75972,20.8854,7.13039,60,14.5415,0,0,0,0,0,0,0,0,0,0,0,0,-0.00343311,0.698617,-1.45218,-0.0277191,0.758987,-1.44023,-0.00710549,0.738552,-1.50045,-0.0239438,0.717102,-1.48571,-0.152564,0.784016,-1.24947,0.149373,0.743915,-1.2226,-0.159118,0.843271,-1.12071,0.105693,25.71,-1.22132,-0.000204379,-8.98155e-05,3.55655e-05,-0.000200425,5.11745e-05,-0.000133478,-0.000166477,-0.000121824,0.000263466,-0.000284984,-8.15895e-05,-1.11883e-05,
-8.20293,4.69601,11.151,9.73947,-0.828376,11.9671,-8.36272,5.75873,20.8895,7.12915,60,14.5411,0,0,0,0,0,0,0,0,0,0,0,0,-0.00343333,0.698617,-1.45218,-0.0277192,0.758988,-1.44023,-0.00710532,0.738552,-1.50045,-0.0239452,0.717102,-1.48571,-0.152575,0.784,-1.24944,0.149365,0.743926,-1.22264,-0.159152,0.843261,-1.12065,0.105678,25.71,-1.22133,0.00011694,4.74998e-05,1.80336e-05,0.000123566,-9.4933e-06,0.000155217,0.000129586,0.000172605,-0.000132451,8.33396e-05,3.47861e-05,1.37418e-05,
-8.20354,4.69606,11.1502,9.73884,-0.829096,11.9673,-8.36283,5.75837,20.8886,7.12893,60,14.541,0,0,0,0,0,0,0,0,0,0,0,0,-0.00342714,0.698619,-1.45218,-0.0277129,0.758987,-1.44023,-0.00709892,0.738557,-1.50046,-0.0239397,0.717103,-1.48571,-0.152578,0.784002,-1.24945,0.149362,0.743912,-1.22264,-0.159145,0.843258,-1.12067,0.105681,25.71,-1.22133,0.000183682,3.57317e-05,1.24265e-06,0.000190027,-2.00638e-05,0.000117881,0.000201853,0.00014482,-0.000109049,0.000155619,3.60205e-06,2.9927e-05,
-8.20244,4.69693,11.1508,9.73987,-0.828696,11.969,-8.36224,5.75961,20.888,7.1297,60,14.5412,0,0,0,0,0,0,0,0,0,0,0,0,-0.00342878,0.698618,-1.45218,-0.0277144,0.758987,-1.44023,-0.00709892,0.738557,-1.50046,-0.0239405,0.717102,-1.48571,-0.152568,0.784015,-1.24944,0.14937,0.743921,-1.22261,-0.159142,0.843276,-1.12067,0.105687,25.71,-1.22132,-0.000162906,-6.4551e-05,1.68665e-06,-0.000158055,3.70442e-05,-0.000126817,-9.88203e-05,-4.47191e-05,9.26147e-05,-0.000145763,-4.36499e-05,1.64812e-05,
-8.20268,4.69696,11.1513,9.73995,-0.82897,11.9695,-8.36178,5.75942,20.8865,7.12996,60,14.5396,0,0,0,0,0,0,0,0,0,0,0,0,-0.00343139,0.698617,-1.45218,-0.0277169,0.758988,-1.44023,-0.00710159,0.738554,-1.50045,-0.0239444,0.7171,-1.48571,-0.152573,0.784015,-1.24943,0.149371,0.743916,-1.22261,-0.159135,0.843268,-1.12069,0.105689,25.71,-1.22135,-9.18977e-05,-5.49612e-05,-2.4206e-05,-8.7429e-05,1.70119e-05,-0.000116352,-5.23512e-05,-0.000106997,0.000149229,-9.92221e-05,-0.000105843,8.96848e-05,
-8.20336,4.6968,11.1513,9.73938,-0.828807,11.9679,-8.36239,5.75856,20.8877,7.1295,60,14.5397,0,0,0,0,0,0,0,0,0,0,0,0,-0.00343052,0.698617,-1.45218,-0.0277159,0.758988,-1.44023,-0.00710009,0.738554,-1.50045,-0.0239438,0.717099,-1.48571,-0.15258,0.784013,-1.24943,0.149367,0.743918,-1.22263,-0.15914,0.843257,-1.12068,0.105686,25.71,-1.22135,0.000108856,2.3997e-05,-2.57424e-05,0.000114999,-2.00954e-05,7.54452e-05,0.00013705,6.86614e-05,-3.60662e-05,9.10949e-05,-3.51865e-05,3.99107e-05,
-8.20296,4.69639,11.1503,9.73951,-0.829262,11.9678,-8.36273,5.75857,20.8885,7.12944,60,14.5418,0,0,0,0,0,0,0,0,0,0,0,0,-0.00342831,0.698617,-1.45218,-0.0277136,0.758988,-1.44023,-0.00709714,0.738557,-1.50046,-0.0239419,0.7171,-1.48571,-0.152572,0.784007,-1.24945,0.14937,0.743911,-1.22263,-0.159145,0.843262,-1.12067,0.105685,25.71,-1.22131,3.9086e-05,2.82737e-05,2.70728e-05,4.63495e-05,2.92883e-05,0.000107659,8.2818e-05,0.000148224,-0.000115,3.53234e-05,8.39206e-05,-8.87503e-05,
-8.20281,4.69652,11.1508,9.73983,-0.829082,11.9686,-8.36273,5.75902,20.8883,7.12967,60,14.5413,0,0,0,0,0,0,0,0,0,0,0,0,-0.00342919,0.698618,-1.45218,-0.0277143,0.758988,-1.44023,-0.00709688,0.738559,-1.50046,-0.0239426,0.717101,-1.48571,-0.152572,0.784009,-1.24944,0.149372,0.743915,-1.22262,-0.159146,0.84327,-1.12067,0.105687,25.71,-1.22132,-4.98314e-05,6.85873e-06,1.60455e-05,-4.28981e-05,3.90048e-05,2.98918e-05,6.31607e-06,5.61295e-05,-4.32315e-05,-4.11859e-05,4.19298e-05,-6.63453e-05,
-8.20306,4.69665,11.1522,9.73987,-0.828863,11.9686,-8.36325,5.75919,20.8886,7.12959,60,14.5394,0,0,0,0,0,0,0,0,0,0,0,0,-0.00342971,0.698617,-1.45218,-0.0277147,0.758989,-1.44023,-0.00709645,0.738559,-1.50046,-0.023943,0.717101,-1.48571,-0.152577,0.784011,-1.24942,0.149374,0.743918,-1.22262,-0.159155,0.843271,-1.12066,0.105686,25.71,-1.22135,-1.70574e-05,-1.47271e-05,-4.07416e-05,-1.06784e-05,-3.4803e-06,-3.43937e-06,3.61019e-05,-4.04413e-05,3.18386e-05,-1.04171e-05,-7.05491e-05,5.7433e-05,
-8.20251,4.69676,11.1504,9.73966,-0.828996,11.9675,-8.36246,5.75862,20.8883,7.12994,60,14.541,0,0,0,0,0,0,0,0,0,0,0,0,-0.00343027,0.698617,-1.45218,-0.0277151,0.758989,-1.44023,-0.0070959,0.738558,-1.50046,-0.0239434,0.7171,-1.48571,-0.152569,0.784012,-1.24945,0.149368,0.743916,-1.22264,-0.159141,0.84326,-1.12067,0.10569,25.71,-1.22133,-8.28209e-05,-3.25355e-05,2.45759e-05,-7.60448e-05,7.22191e-06,6.69885e-06,-2.79502e-05,-1.05565e-05,4.50442e-05,-7.52096e-05,-1.62159e-05,2.75013e-06,
-8.20254,4.69679,11.152,9.73999,-0.829121,11.9678,-8.36273,5.75884,20.8886,7.13015,60,14.5394,0,0,0,0,0,0,0,0,0,0,0,0,-0.00343283,0.698616,-1.45218,-0.0277176,0.758989,-1.44023,-0.00709729,0.738559,-1.50045,-0.0239458,0.7171,-1.48571,-0.152572,0.784011,-1.24942,0.149371,0.743914,-1.22263,-0.159148,0.843265,-1.12066,0.105691,25.71,-1.22136,-8.69717e-05,-3.50659e-05,5.08473e-05,-8.05214e-05,9.99653e-06,2.96297e-05,-3.2668e-05,8.12394e-06,3.43887e-05,-7.97324e-05,3.11212e-06,-1.6922e-05,
-8.20225,4.69682,11.1504,9.74008,-0.829281,11.9682,-8.36256,5.75897,20.8875,7.13007,60,14.5409,0,0,0,0,0,0,0,0,0,0,0,0,-0.00343355,0.698615,-1.45218,-0.0277181,0.758989,-1.44023,-0.00709691,0.738558,-1.50045,-0.0239464,0.717099,-1.48571,-0.152566,0.784011,-1.24945,0.149373,0.743911,-1.22262,-0.159143,0.843266,-1.12068,0.10569,25.71,-1.22133,-4.05057e-05,-3.01531e-05,1.35142e-05,-3.41644e-05,2.46568e-06,1.76758e-05,1.21664e-05,-8.54921e-06,5.665e-05,-3.46862e-05,-2.42398e-05,8.3782e-06,
-8.20255,4.69678,11.152,9.74017,-0.828971,11.968,-8.36314,5.75887,20.8885,7.13001,60,14.5394,0,0,0,0,0,0,0,0,0,0,0,0,-0.00343453,0.698615,-1.45218,-0.027719,0.758989,-1.44023,-0.0070968,0.738558,-1.50045,-0.0239473,0.717099,-1.48571,-0.152572,0.78401,-1.24942,0.149375,0.743917,-1.22262,-0.159153,0.843266,-1.12066,0.105689,25.71,-1.22136,1.64984e-06,-1.34892e-05,1.24979e-05,8.40937e-06,-1.03534e-06,5.39424e-05,4.94392e-05,3.0739e-05,-2.2913e-05,2.6267e-06,-1.3157e-05,2.32216e-05,
-8.20252,4.69671,11.1497,9.73943,-0.829258,11.9672,-8.36298,5.75836,20.8881,7.12965,60,14.5416,0,0,0,0,0,0,0,0,0,0,0,0,-0.00343231,0.698615,-1.45218,-0.0277172,0.758989,-1.44023,-0.00709438,0.738559,-1.50045,-0.0239457,0.717099,-1.48571,-0.152568,0.78401,-1.24946,0.149367,0.743911,-1.22264,-0.159145,0.843258,-1.12067,0.105687,25.71,-1.22131,5.55764e-05,-3.14461e-06,-1.28633e-05,0.000131915,-1.87201e-05,8.07323e-05,0.000163924,4.20532e-05,-4.14142e-05,0.000117433,-2.74998e-05,3.3112e-05,
-8.20253,4.6969,11.1509,9.73979,-0.829022,11.968,-8.36325,5.75875,20.8886,7.12998,60,14.541,0,0,0,0,0,0,0,0,0,0,0,0,-0.00343249,0.698615,-1.45218,-0.0277168,0.758989,-1.44022,-0.00709317,0.738561,-1.50045,-0.0239456,0.717099,-1.48571,-0.152571,0.784012,-1.24944,0.149369,0.743917,-1.22262,-0.159152,0.843267,-1.12066,0.105689,25.71,-1.22133,-4.71185e-05,-1.62364e-05,3.39569e-05,-4.19668e-05,2.65484e-05,2.93069e-05,-4.67839e-06,6.42737e-05,-1.02217e-05,-5.19666e-05,2.65205e-05,-1.37281e-05,
-8.20278,4.69729,11.1512,9.73987,-0.829061,11.969,-8.36319,5.75912,20.8874,7.12996,60,14.5402,0,0,0,0,0,0,0,0,0,0,0,0,-0.00343266,0.698614,-1.45218,-0.0277167,0.758989,-1.44022,-0.00709234,0.73856,-1.50045,-0.0239458,0.717098,-1.48571,-0.152574,0.784019,-1.24943,0.149372,0.743916,-1.22261,-0.159149,0.843271,-1.12068,0.10569,25.71,-1.22134,2.86611e-06,-1.93531e-05,-5.70654e-05,8.27689e-06,-2.36578e-06,-5.69548e-05,4.08199e-05,-4.47877e-05,5.98456e-05,-5.55529e-06,-8.71691e-05,4.53016e-05,
-8.20279,4.69749,11.1513,9.73993,-0.828819,11.9689,-8.36321,5.75912,20.8875,7.13005,60,14.5402,0,0,0,0,0,0,0,0,0,0,0,0,-0.0034328,0.698614,-1.45218,-0.0277168,0.758989,-1.44023,-0.00709186,0.738559,-1.50045,-0.0239461,0.717096,-1.48571,-0.152575,0.784022,-1.24943,0.149373,0.74392,-1.22261,-0.15915,0.843269,-1.12068,0.105691,25.71,-1.22134,-8.00741e-06,-2.12102e-05,-3.48609e-05,-2.93311e-06,-1.92871e-06,-2.41896e-05,2.54957e-05,-4.66737e-05,7.61024e-05,-2.08196e-05,-9.72424e-05,4.32307e-05,
-8.20278,4.69696,11.1513,9.73952,-0.828687,11.9674,-8.36393,5.75859,20.8894,7.12979,60,14.5408,0,0,0,0,0,0,0,0,0,0,0,0,-0.00343226,0.698614,-1.45218,-0.0277161,0.758989,-1.44023,-0.00709068,0.73856,-1.50045,-0.0239459,0.717096,-1.48571,-0.152573,0.784013,-1.24943,0.149367,0.743922,-1.22264,-0.15916,0.843263,-1.12064,0.105687,25.71,-1.22133,3.69743e-05,4.22696e-06,-4.99501e-06,4.30888e-05,-5.0642e-06,2.27929e-05,6.58155e-05,5.73989e-05,-2.14066e-05,1.90606e-05,-3.85742e-06,-4.00911e-06,
-8.20239,4.69711,11.1502,9.7396,-0.829417,11.9677,-8.3629,5.7582,20.8881,7.13017,60,14.5414,0,0,0,0,0,0,0,0,0,0,0,0,-0.00343215,0.698614,-1.45218,-0.0277159,0.75899,-1.44022,-0.00708983,0.738562,-1.50045,-0.0239457,0.717096,-1.48571,-0.152569,0.784015,-1.24945,0.149366,0.74391,-1.22263,-0.159144,0.843258,-1.12067,0.105693,25.71,-1.22132,-7.93698e-05,-1.96864e-05,3.7493e-05,-7.41996e-05,3.24821e-05,-4.52038e-06,-4.63094e-05,8.20547e-05,-2.53891e-05,-8.92049e-06,4.25704e-05,-1.64189e-05,
-8.20216,4.69753,11.1505,9.74001,-0.829311,11.9689,-8.36235,5.7588,20.8869,7.13074,60,14.541,0,0,0,0,0,0,0,0,0,0,0,0,-0.00343412,0.698613,-1.45218,-0.0277178,0.75899,-1.44023,-0.00709133,0.738561,-1.50045,-0.0239484,0.717096,-1.48571,-0.152568,0.784022,-1.24945,0.14937,0.743913,-1.22261,-0.159137,0.843265,-1.12069,0.105697,25.71,-1.22133,-0.000148856,-3.68216e-05,1.23865e-05,-0.000144314,2.93e-05,-8.13835e-05,-0.000116047,-4.35536e-05,9.88453e-05,-0.000163119,-4.87827e-05,-6.63283e-06,
-8.20314,4.69733,11.1521,9.73938,-0.828838,11.9681,-8.36378,5.75864,20.8883,7.12986,60,14.5393,0,0,0,0,0,0,0,0,0,0,0,0,-0.00343377,0.698613,-1.45218,-0.0277173,0.75899,-1.44023,-0.00709039,0.73856,-1.50045,-0.0239486,0.717093,-1.4857,-0.152578,0.784019,-1.24942,0.149366,0.74392,-1.22263,-0.159155,0.843262,-1.12066,0.105688,25.71,-1.22135,0.000147032,2.11446e-05,-0.000142572,0.00015199,-3.0701e-05,4.1075e-06,0.000164828,-1.80857e-05,-3.51101e-06,0.000119578,-0.000138688,0.000146718,
-8.20306,4.69729,11.1523,9.73973,-0.829002,11.9684,-8.36419,5.75888,20.8888,7.12996,60,14.5394,0,0,0,0,0,0,0,0,0,0,0,0,-0.00343023,0.698613,-1.45219,-0.0277136,0.75899,-1.44023,-0.00708644,0.73856,-1.50045,-0.0239456,0.717091,-1.4857,-0.152575,0.784019,-1.24942,0.149374,0.743917,-1.22262,-0.159161,0.843268,-1.12065,0.105691,25.71,-1.22135,5.59615e-05,2.25423e-05,-5.85272e-05,6.13702e-05,-7.47107e-06,1.31212e-05,8.32327e-05,2.98396e-05,-2.88045e-05,3.68826e-05,-4.49979e-05,3.32939e-05,
-8.20217,4.69755,11.1504,9.74033,-0.829378,11.9698,-8.36298,5.75897,20.8867,7.13076,60,14.5412,0,0,0,0,0,0,0,0,0,0,0,0,-0.00343256,0.698613,-1.45219,-0.0277147,0.75899,-1.44023,-0.00708749,0.738561,-1.50045,-0.0239475,0.717091,-1.4857,-0.152567,0.784023,-1.24945,0.149379,0.743912,-1.22259,-0.159145,0.84327,-1.12069,0.105698,25.71,-1.22132,-0.000181349,-1.98349e-05,6.71711e-05,-0.000136837,5.37798e-05,-2.47538e-05,-0.000124684,3.49484e-05,5.09277e-05,-0.000172818,6.34755e-05,-7.74542e-05,
-8.20244,4.69743,11.1518,9.74025,-0.829002,11.9681,-8.36332,5.75814,20.8884,7.13092,60,14.54,0,0,0,0,0,0,0,0,0,0,0,0,-0.00343583,0.698612,-1.45218,-0.027719,0.758991,-1.44023,-0.00709059,0.738562,-1.50045,-0.0239516,0.717093,-1.4857,-0.152575,0.78402,-1.24942,0.149373,0.74392,-1.22262,-0.159154,0.843258,-1.12066,0.105697,25.71,-1.22134,-0.000145219,-1.77568e-05,0.000105868,-0.000139087,4.06458e-05,6.48019e-05,-0.000112357,0.000106487,-3.33933e-05,-0.000160366,7.72015e-05,-7.5791e-05,
-8.20296,4.69715,11.1507,9.7397,-0.829475,11.9675,-8.36406,5.75788,20.8886,7.13035,60,14.5408,0,0,0,0,0,0,0,0,0,0,0,0,-0.00343418,0.698613,-1.45218,-0.027717,0.758991,-1.44022,-0.00708814,0.738566,-1.50045,-0.0239503,0.717094,-1.48571,-0.152577,0.784016,-1.24944,0.14937,0.74391,-1.22263,-0.15916,0.843258,-1.12066,0.105694,25.71,-1.22133,9.28714e-05,2.06307e-05,8.83058e-05,7.56914e-05,8.13607e-07,0.000130546,9.39307e-05,0.000141531,-9.85838e-05,4.70974e-05,6.02438e-05,-3.47076e-05,
-8.20274,4.69707,11.1516,9.74,-0.829293,11.9676,-8.36429,5.75811,20.8889,7.1306,60,14.5398,0,0,0,0,0,0,0,0,0,0,0,0,-0.0034337,0.698613,-1.45218,-0.0277166,0.758991,-1.44022,-0.00708748,0.738567,-1.50045,-0.0239504,0.717095,-1.48571,-0.152575,0.784014,-1.24942,0.149374,0.743914,-1.22263,-0.159165,0.843262,-1.12065,0.105696,25.71,-1.22135,-1.21168e-05,4.09024e-06,7.68755e-05,-5.32481e-06,6.4345e-06,0.000102044,2.07177e-05,6.64952e-05,-2.09898e-05,-4.04979e-05,2.61074e-05,-1.97496e-05,
-8.20247,4.69771,11.151,9.74038,-0.829895,11.969,-8.36305,5.75802,20.8862,7.13121,60,14.5394,0,0,0,0,0,0,0,0,0,0,0,0,-0.00343528,0.698612,-1.45218,-0.0277181,0.758992,-1.44022,-0.00708817,0.738567,-1.50045,-0.0239521,0.717095,-1.48571,-0.152574,0.784024,-1.24943,0.149377,0.743903,-1.2226,-0.159145,0.843258,-1.1207,0.105703,25.71,-1.22135,-0.000107838,-5.45351e-05,7.1113e-05,-0.000102527,2.46302e-05,-1.83767e-05,-6.95376e-05,-3.90042e-05,0.00012244,-0.000116565,-2.98442e-05,-2.3817e-06,
-8.20258,4.69777,11.1514,9.74032,-0.829418,11.9683,-8.36349,5.75784,20.8872,7.13102,60,14.5395,0,0,0,0,0,0,0,0,0,0,0,0,-0.00343705,0.698611,-1.45218,-0.0277197,0.758992,-1.44022,-0.00708929,0.738567,-1.50045,-0.023954,0.717094,-1.48571,-0.152576,0.784024,-1.24942,0.149376,0.743912,-1.22262,-0.159153,0.843255,-1.12068,0.1057,25.71,-1.22135,-3.12233e-05,-3.4795e-05,3.90165e-05,-2.53566e-05,-2.77419e-06,3.35645e-05,1.93427e-06,2.6573e-05,1.74242e-05,-4.46489e-05,-1.109e-05,7.56197e-06,
-8.20317,4.69701,11.1519,9.7397,-0.829478,11.9668,-8.365,5.7573,20.8895,7.13033,60,14.5396,0,0,0,0,0,0,0,0,0,0,0,0,-0.0034344,0.698611,-1.45218,-0.0277169,0.758992,-1.44022,-0.00708588,0.738569,-1.50045,-0.0239518,0.717095,-1.48571,-0.15258,0.784012,-1.24941,0.149372,0.74391,-1.22264,-0.159173,0.843251,-1.12065,0.105693,25.71,-1.22135,0.000121451,2.87369e-05,4.02943e-05,0.000128801,-1.15737e-05,0.000124014,0.000155362,0.000130636,-0.000112753,0.00010884,3.63257e-05,-2.61333e-05,
-8.20268,4.69704,11.1502,9.73978,-0.829816,11.9675,-8.36461,5.75745,20.8884,7.13072,60,14.5412,0,0,0,0,0,0,0,0,0,0,0,0,-0.00343321,0.698612,-1.45218,-0.0277156,0.758992,-1.44022,-0.00708414,0.738571,-1.50045,-0.0239508,0.717096,-1.48571,-0.152572,0.784012,-1.24944,0.149372,0.743904,-1.22263,-0.159166,0.843254,-1.12066,0.105698,25.71,-1.22132,3.94701e-05,-1.10243e-05,6.19571e-05,4.60307e-05,1.72615e-05,7.31154e-05,8.30038e-05,8.31966e-05,1.33957e-05,-4.03473e-05,5.31708e-05,-8.08073e-05,
-8.20181,4.6975,11.1508,9.74047,-0.829345,11.9686,-8.36406,5.75836,20.8878,7.13118,60,14.5407,0,0,0,0,0,0,0,0,0,0,0,0,-0.00343716,0.69861,-1.45217,-0.0277195,0.758993,-1.44022,-0.0070868,0.73857,-1.50045,-0.0239545,0.717096,-1.48571,-0.152565,0.784017,-1.24943,0.149376,0.743915,-1.22261,-0.159163,0.843265,-1.12067,0.105699,25.71,-1.22133,-0.000162514,-7.78957e-05,2.74222e-05,-0.000157265,3.71546e-05,-9.5771e-05,-0.000111321,-0.000106683,0.000151339,-0.00015913,-5.00266e-05,1.64728e-05,
-8.20218,4.69771,11.1505,9.74007,-0.828934,11.9687,-8.36434,5.75863,20.8874,7.13069,60,14.5405,0,0,0,0,0,0,0,0,0,0,0,0,-0.00343819,0.698609,-1.45217,-0.0277204,0.758993,-1.44022,-0.00708697,0.738568,-1.50045,-0.0239557,0.717093,-1.48571,-0.152568,0.784021,-1.24944,0.149373,0.74392,-1.22261,-0.159164,0.843267,-1.12067,0.105694,25.71,-1.22133,4.13981e-05,-4.29963e-05,-8.02706e-05,4.63087e-05,-3.54448e-05,-6.00661e-05,7.29645e-05,-0.000117344,0.000133278,2.70718e-05,-0.000174518,0.00013618,
-8.20291,4.69797,11.151,9.73944,-0.829059,11.968,-8.36406,5.75789,20.8872,7.13061,60,14.5393,0,0,0,0,0,0,0,0,0,0,0,0,-0.00343568,0.698608,-1.45218,-0.0277178,0.758992,-1.44022,-0.00708403,0.738566,-1.50045,-0.0239537,0.717089,-1.4857,-0.152576,0.784026,-1.24943,0.149367,0.743917,-1.22262,-0.159154,0.843254,-1.12068,0.105697,25.71,-1.22135,0.000146824,-8.58645e-06,-0.000115157,0.000151687,-3.68358e-05,-5.03578e-06,0.000161817,-4.31184e-05,3.20729e-05,0.000116511,-0.000165411,0.000173262,
-8.20317,4.69828,11.1523,9.73953,-0.828999,11.9683,-8.36463,5.75828,20.8881,7.13058,60,14.5388,0,0,0,0,0,0,0,0,0,0,0,0,-0.00343343,0.698609,-1.45218,-0.0277154,0.758991,-1.44022,-0.00708155,0.738566,-1.50045,-0.023952,0.717087,-1.4857,-0.15258,0.784032,-1.24941,0.149369,0.743918,-1.22262,-0.159163,0.843262,-1.12066,0.105697,25.71,-1.22136,9.33961e-05,6.27643e-06,-8.73492e-05,9.82657e-05,-1.6599e-05,-4.87515e-05,0.000109209,-3.15778e-06,1.06535e-05,6.31594e-05,-9.26179e-05,7.62002e-05,
-8.20245,4.69843,11.1514,9.7404,-0.829304,11.9695,-8.36412,5.75878,20.8877,7.13124,60,14.5405,0,0,0,0,0,0,0,0,0,0,0,0,-0.00343398,0.698608,-1.45218,-0.0277159,0.758992,-1.44022,-0.00708143,0.738566,-1.50044,-0.023953,0.717087,-1.4857,-0.152572,0.784034,-1.24943,0.149379,0.743915,-1.2226,-0.159159,0.843272,-1.12067,0.105702,25.71,-1.22133,-0.000123587,-1.87078e-05,1.9852e-05,-0.000118897,6.45382e-05,-7.05966e-05,-8.87416e-05,2.91382e-05,-2.31848e-06,-0.000136597,5.66675e-05,-0.000107989,
-8.20238,4.69768,11.1515,9.74013,-0.829098,11.9681,-8.36453,5.75784,20.8892,7.13124,60,14.5408,0,0,0,0,0,0,0,0,0,0,0,0,-0.00343661,0.698608,-1.45218,-0.0277184,0.758993,-1.44022,-0.00708342,0.738567,-1.50045,-0.0239559,0.717088,-1.4857,-0.152573,0.784021,-1.24942,0.149373,0.74392,-1.22262,-0.159167,0.843258,-1.12064,0.1057,25.71,-1.22133,-9.79304e-05,8.685e-06,5.82015e-05,-9.24508e-05,5.29766e-05,-1.16316e-05,-6.56248e-05,0.000114095,-5.7683e-05,-0.000113731,0.000102617,-0.000128189,
-8.20267,4.69775,11.1514,9.73989,-0.829801,11.9679,-8.36434,5.75738,20.8884,7.13127,60,14.5402,0,0,0,0,0,0,0,0,0,0,0,0,-0.00343625,0.698608,-1.45218,-0.0277179,0.758994,-1.44022,-0.00708255,0.73857,-1.50045,-0.023956,0.71709,-1.4857,-0.152575,0.784022,-1.24942,0.149371,0.743908,-1.22262,-0.159161,0.843252,-1.12066,0.105703,25.71,-1.22134,1.14622e-05,-6.78709e-06,4.95498e-05,1.71107e-05,3.26826e-05,2.85572e-05,3.52404e-05,9.91311e-05,-4.41925e-05,-1.19698e-05,4.65299e-05,-5.59961e-05,
-8.2022,4.69815,11.1501,9.74021,-0.829662,11.9689,-8.36391,5.75805,20.8868,7.13142,60,14.5411,0,0,0,0,0,0,0,0,0,0,0,0,-0.00343704,0.698608,-1.45218,-0.0277186,0.758994,-1.44022,-0.0070827,0.73857,-1.50045,-0.0239573,0.71709,-1.4857,-0.152569,0.784027,-1.24944,0.149375,0.74391,-1.22261,-0.159154,0.843261,-1.12068,0.105703,25.71,-1.22132,-3.65183e-05,-5.02446e-05,3.05924e-05,-3.13893e-05,5.40521e-06,-2.25921e-06,-8.38954e-06,-3.25437e-05,8.80045e-05,-5.50787e-05,-2.90591e-05,1.58019e-05,
-8.20268,4.69807,11.1514,9.74,-0.829314,11.9687,-8.36446,5.75782,20.8872,7.13105,60,14.5395,0,0,0,0,0,0,0,0,0,0,0,0,-0.00343727,0.698607,-1.45217,-0.0277187,0.758994,-1.44022,-0.00708253,0.73857,-1.50044,-0.0239576,0.717088,-1.4857,-0.152577,0.784026,-1.24942,0.149373,0.743916,-1.22261,-0.159163,0.843256,-1.12068,0.105699,25.71,-1.22135,1.34251e-05,-2.72015e-05,-3.99457e-06,1.88823e-05,-1.16521e-05,-5.2451e-07,3.98579e-05,-3.51376e-05,5.12379e-05,5.21734e-05,-0.000105214,0.000106589,
-8.20325,4.69809,11.152,9.73987,-0.82912,11.9688,-8.36582,5.75818,20.8882,7.13059,60,14.5392,0,0,0,0,0,0,0,0,0,0,0,0,-0.00343337,0.698607,-1.45218,-0.0277147,0.758993,-1.44022,-0.00707818,0.73857,-1.50044,-0.0239545,0.717086,-1.4857,-0.15258,0.784027,-1.24941,0.149377,0.743918,-1.22261,-0.15918,0.843265,-1.12066,0.105695,25.71,-1.22135,0.000141164,1.56373e-06,-3.8993e-05,0.000146872,-2.6492e-05,6.89043e-05,0.000161764,3.57077e-05,-2.03926e-05,0.000116087,-7.91676e-05,9.38345e-05,
-8.20278,4.69833,11.151,9.74025,-0.829516,11.9692,-8.36466,5.75772,20.8871,7.13146,60,14.5399,0,0,0,0,0,0,0,0,0,0,0,0,-0.00343293,0.698607,-1.45218,-0.0277142,0.758993,-1.44022,-0.00707714,0.738571,-1.50044,-0.0239545,0.717086,-1.4857,-0.152576,0.784031,-1.24943,0.149379,0.743912,-1.2226,-0.159163,0.843258,-1.12068,0.105706,25.71,-1.22134,-8.35301e-05,-2.4178e-05,9.32922e-05,-7.79965e-05,3.06039e-05,7.94756e-06,-5.06883e-05,4.79415e-05,1.41304e-05,-9.81269e-05,4.11383e-05,-7.17716e-05,
-8.20259,4.69853,11.1493,9.74008,-0.829711,11.9689,-8.36392,5.75737,20.886,7.13184,60,14.5416,0,0,0,0,0,0,0,0,0,0,0,0,-0.00343575,0.698606,-1.45217,-0.0277168,0.758994,-1.44022,-0.00707926,0.738572,-1.50044,-0.0239568,0.717087,-1.4857,-0.152576,0.784033,-1.24945,0.149374,0.743909,-1.2226,-0.159152,0.843253,-1.1207,0.105709,25.71,-1.22131,-8.0309e-05,-2.79465e-05,0.000132234,-7.40448e-05,3.20013e-05,8.09836e-05,-4.9766e-05,7.62283e-05,-1.33891e-05,-0.000175848,0.000104445,-0.000113485,
-8.20321,4.69791,11.1502,9.73937,-0.829614,11.9675,-8.36502,5.75656,20.8879,7.13106,60,14.5414,0,0,0,0,0,0,0,0,0,0,0,0,-0.0034353,0.698606,-1.45217,-0.0277163,0.758995,-1.44022,-0.00707833,0.738575,-1.50045,-0.0239575,0.717089,-1.4857,-0.152582,0.784024,-1.24944,0.149366,0.74391,-1.22262,-0.159166,0.843244,-1.12067,0.1057,25.71,-1.22132,0.000115659,3.38608e-05,1.42578e-05,0.00012255,-1.04707e-05,0.000143199,0.000140549,0.00016228,-0.000151374,9.39718e-05,4.5353e-05,-1.05656e-05,
-8.20367,4.69814,11.1516,9.73916,-0.829818,11.968,-8.36535,5.75677,20.8876,7.13099,60,14.5395,0,0,0,0,0,0,0,0,0,0,0,0,-0.00343148,0.698607,-1.45217,-0.0277123,0.758994,-1.44022,-0.00707391,0.738577,-1.50045,-0.023954,0.717089,-1.4857,-0.152586,0.784029,-1.24942,0.149366,0.743906,-1.22262,-0.159168,0.843246,-1.12067,0.105703,25.71,-1.22135,0.000106787,2.52651e-05,-9.47405e-05,0.000112835,-1.9066e-05,4.00737e-05,0.000143922,2.86346e-05,-1.77134e-05,9.82408e-05,-7.25518e-05,8.71975e-05,
-8.20259,4.69858,11.1511,9.73992,-0.829719,11.9692,-8.36469,5.75778,20.8868,7.13158,60,14.5402,0,0,0,0,0,0,0,0,0,0,0,0,-0.00343238,0.698607,-1.45217,-0.0277131,0.758994,-1.44022,-0.00707375,0.738575,-1.50045,-0.0239549,0.717086,-1.4857,-0.152574,0.784035,-1.24943,0.149373,0.743909,-1.2226,-0.159161,0.843258,-1.12068,0.105707,25.71,-1.22133,-0.000141081,-4.3572e-05,-7.99845e-05,-0.000135562,1.139e-05,-0.000125533,-8.06511e-05,-0.0001497,0.000148714,-0.000127618,-0.000122712,7.11687e-05,
-8.20216,4.69854,11.1521,9.74051,-0.829417,11.9696,-8.36489,5.75817,20.8874,7.13181,60,14.5395,0,0,0,0,0,0,0,0,0,0,0,0,-0.00343611,0.698606,-1.45218,-0.0277167,0.758995,-1.44022,-0.00707627,0.738573,-1.50044,-0.0239582,0.717084,-1.4857,-0.152572,0.784033,-1.24941,0.149378,0.743916,-1.2226,-0.159169,0.843263,-1.12067,0.105706,25.71,-1.22134,-0.000218168,-5.39185e-05,-5.61283e-05,-0.000212576,4.68798e-05,-0.000148152,-0.000147273,-0.000129546,0.00013972,-0.000194407,-7.82632e-05,3.45271e-05,
-8.20263,4.69845,11.1521,9.74037,-0.829393,11.9691,-8.36549,5.75792,20.8878,7.13136,60,14.5393,0,0,0,0,0,0,0,0,0,0,0,0,-0.0034373,0.698606,-1.45218,-0.0277178,0.758995,-1.44022,-0.00707617,0.738572,-1.50044,-0.0239591,0.717083,-1.4857,-0.152575,0.784032,-1.24941,0.149381,0.743915,-1.2226,-0.159174,0.843262,-1.12066,0.105703,25.71,-1.22135,2.83659e-05,-4.73338e-06,-7.39159e-05,3.55183e-05,-3.99086e-06,1.45847e-05,8.48913e-05,1.57626e-05,-6.6544e-06,3.83204e-05,-5.32698e-05,4.50975e-05,
-8.20258,4.69821,11.152,9.74044,-0.829389,11.9681,-8.36572,5.75751,20.8888,7.13145,60,14.5394,0,0,0,0,0,0,0,0,0,0,0,0,-0.0034367,0.698606,-1.45218,-0.027717,0.758995,-1.44022,-0.00707447,0.738573,-1.50044,-0.0239584,0.717083,-1.4857,-0.152574,0.784029,-1.24941,0.149382,0.743915,-1.22261,-0.159177,0.843258,-1.12065,0.105705,25.71,-1.22135,3.62646e-06,1.63993e-05,4.69479e-05,1.11172e-05,-4.277e-06,0.000127962,5.5176e-05,0.00011514,-8.75923e-05,8.31839e-06,4.96357e-05,-2.50626e-05,
-8.2023,4.69849,11.1503,9.7403,-0.829776,11.9679,-8.3647,5.75707,20.8877,7.13204,60,14.5406,0,0,0,0,0,0,0,0,0,0,0,0,-0.00343755,0.698606,-1.45218,-0.0277177,0.758995,-1.44022,-0.00707424,0.738576,-1.50045,-0.0239594,0.717085,-1.4857,-0.152572,0.784033,-1.24944,0.149377,0.743908,-1.22262,-0.15916,0.843253,-1.12067,0.105712,25.71,-1.22133,-7.56068e-05,-7.19772e-06,0.000126304,-6.81311e-05,1.187e-05,0.000102543,-2.4997e-05,0.000118723,-5.14576e-05,-8.90562e-05,9.26964e-05,-7.22266e-05,
-8.20228,4.69816,11.1507,9.73987,-0.829576,11.9671,-8.36493,5.75681,20.8887,7.13195,60,14.5407,0,0,0,0,0,0,0,0,0,0,0,0,-0.00343958,0.698606,-1.45217,-0.0277196,0.758995,-1.44022,-0.00707522,0.738578,-1.50045,-0.0239609,0.717086,-1.4857,-0.152572,0.784026,-1.24943,0.149369,0.743912,-1.22263,-0.159166,0.843249,-1.12065,0.105708,25.71,-1.22132,-6.19006e-06,-1.15252e-05,2.09239e-05,9.22154e-07,-1.41924e-05,6.86292e-05,-5.05341e-05,8.61208e-05,-3.89424e-05,-9.78477e-05,4.84512e-05,-3.01326e-05,
-8.20258,4.69823,11.1511,9.73975,-0.829728,11.9678,-8.36577,5.75747,20.8881,7.13137,60,14.5398,0,0,0,0,0,0,0,0,0,0,0,0,-0.00343861,0.698606,-1.45217,-0.0277182,0.758995,-1.44021,-0.00707318,0.738578,-1.50045,-0.02396,0.717085,-1.4857,-0.152574,0.784028,-1.24943,0.14937,0.743908,-1.22262,-0.159175,0.843259,-1.12066,0.105703,25.71,-1.22134,9.13071e-05,6.84537e-06,-7.29591e-05,7.8142e-05,-2.04263e-05,1.43441e-05,0.000114337,-3.83255e-05,3.70626e-05,6.86721e-05,-0.000122888,0.000131798,
-8.20231,4.69872,11.1517,9.74001,-0.829695,11.9685,-8.36498,5.75746,20.8869,7.13186,60,14.5388,0,0,0,0,0,0,0,0,0,0,0,0,-0.00343823,0.698605,-1.45218,-0.027718,0.758994,-1.44021,-0.00707208,0.738576,-1.50044,-0.0239599,0.717082,-1.4857,-0.152572,0.784036,-1.24942,0.149372,0.743909,-1.22261,-0.159162,0.843254,-1.12068,0.105709,25.71,-1.22135,-4.20044e-05,-3.77582e-05,-0.000138136,-3.69069e-05,-8.42144e-06,-9.31795e-05,5.10888e-06,-0.000137642,0.000145813,-4.06723e-05,-0.00017832,0.000144049,
-8.20216,4.69887,11.152,9.74035,-0.829381,11.969,-8.36547,5.75807,20.8875,7.13177,60,14.5391,0,0,0,0,0,0,0,0,0,0,0,0,-0.00343952,0.698605,-1.45218,-0.0277192,0.758994,-1.44022,-0.00707246,0.738574,-1.50044,-0.0239611,0.717079,-1.48569,-0.152571,0.784038,-1.24942,0.149377,0.743915,-1.2226,-0.159172,0.843264,-1.12066,0.105706,25.71,-1.22134,-3.45547e-05,-2.06402e-05,-8.64691e-05,-2.93791e-05,8.37338e-06,-0.000103626,-9.70814e-06,-8.91464e-05,0.000117984,-5.62061e-05,-0.000132397,9.25768e-05,
-8.20235,4.69862,11.1522,9.74039,-0.829399,11.9686,-8.36587,5.75781,20.8884,7.13166,60,14.5393,0,0,0,0,0,0,0,0,0,0,0,0,-0.00343943,0.698605,-1.45218,-0.027719,0.758995,-1.44022,-0.00707162,0.738573,-1.50044,-0.0239612,0.717077,-1.48569,-0.152573,0.784035,-1.24941,0.14938,0.743915,-1.22261,-0.159177,0.843262,-1.12065,0.105706,25.71,-1.22134,1.94858e-05,1.23238e-05,-6.11395e-05,2.53112e-05,2.19502e-05,1.18181e-05,5.8341e-05,3.81858e-05,-3.16543e-05,1.18343e-05,-3.10645e-05,1.20958e-05,
-8.20259,4.69869,11.1525,9.74046,-0.829758,11.9684,-8.36568,5.75723,20.8883,7.13203,60,14.5388,0,0,0,0,0,0,0,0,0,0,0,0,-0.00343917,0.698605,-1.45218,-0.0277186,0.758995,-1.44022,-0.00707053,0.738576,-1.50044,-0.0239613,0.717078,-1.48569,-0.152578,0.784037,-1.24941,0.14938,0.743909,-1.22261,-0.159174,0.843256,-1.12066,0.105711,25.71,-1.22135,-1.83424e-05,1.42577e-05,4.41396e-05,-1.24355e-05,2.79733e-05,5.61729e-05,1.33265e-05,0.000117722,-7.4934e-05,-3.38526e-05,6.34061e-05,-6.6488e-05,
-8.20209,4.69859,11.1507,9.74039,-0.829719,11.968,-8.36557,5.75718,20.8885,7.13212,60,14.5411,0,0,0,0,0,0,0,0,0,0,0,0,-0.00343979,0.698605,-1.45218,-0.0277191,0.758996,-1.44022,-0.00707085,0.738578,-1.50044,-0.0239624,0.71708,-1.48569,-0.15257,0.784034,-1.24944,0.149378,0.743911,-1.22261,-0.159173,0.843257,-1.12065,0.10571,25.71,-1.22131,-5.73092e-05,-1.11485e-05,9.25538e-05,-5.14359e-05,3.30867e-05,5.90609e-05,-3.5017e-05,0.000114939,-4.03665e-05,-8.26761e-05,8.95056e-05,-9.9518e-05,
-8.20231,4.69837,11.151,9.7401,-0.829871,11.9677,-8.36555,5.75677,20.8882,7.13212,60,14.5402,0,0,0,0,0,0,0,0,0,0,0,0,-0.00344116,0.698605,-1.45218,-0.0277203,0.758997,-1.44021,-0.00707138,0.73858,-1.50044,-0.023964,0.717081,-1.4857,-0.152574,0.78403,-1.24943,0.149372,0.743908,-1.22262,-0.159172,0.84325,-1.12066,0.10571,25.71,-1.22133,-3.88017e-06,-6.90102e-06,5.81633e-05,2.01493e-06,7.29347e-06,7.00223e-05,2.09156e-05,7.0927e-05,-2.36979e-05,-2.59088e-05,2.58124e-05,-1.37466e-05,
-8.20258,4.69861,11.1517,9.73989,-0.82991,11.9679,-8.36572,5.75678,20.8877,7.13197,60,14.5393,0,0,0,0,0,0,0,0,0,0,0,0,-0.00344012,0.698605,-1.45218,-0.0277192,0.758996,-1.44021,-0.00707044,0.73858,-1.50044,-0.0239637,0.717081,-1.4857,-0.152577,0.784034,-1.24942,0.149371,0.743906,-1.22262,-0.159172,0.843249,-1.12067,0.10571,25.71,-1.22134,4.98886e-05,-1.08705e-05,-5.19582e-05,5.47931e-05,-2.86335e-05,2.1935e-05,8.34458e-05,3.3075e-06,3.9846e-05,3.76512e-05,-7.65634e-05,0.000100177,
-8.20267,4.69911,11.1527,9.74034,-0.829933,11.9692,-8.36567,5.75731,20.8867,7.13224,60,14.5376,0,0,0,0,0,0,0,0,0,0,0,0,-0.00343969,0.698605,-1.45218,-0.0277187,0.758996,-1.44021,-0.00706912,0.738579,-1.50044,-0.0239635,0.717078,-1.48569,-0.152579,0.784042,-1.2494,0.149379,0.743906,-1.22259,-0.159172,0.843255,-1.12068,0.105713,25.71,-1.22137,1.51352e-06,-3.138e-05,-4.97433e-05,6.05397e-06,-9.77533e-06,-6.84836e-05,2.5259e-05,-8.8101e-05,0.000115969,-2.05173e-05,-0.000131273,0.000129263,
-8.20215,4.69883,11.1511,9.74035,-0.829554,11.9682,-8.36602,5.75719,20.8879,7.13213,60,14.5401,0,0,0,0,0,0,0,0,0,0,0,0,-0.00344026,0.698604,-1.45218,-0.0277191,0.758996,-1.44022,-0.00706913,0.738578,-1.50044,-0.0239645,0.717076,-1.48569,-0.152571,0.784037,-1.24943,0.149378,0.743914,-1.22261,-0.159179,0.843255,-1.12066,0.105709,25.71,-1.22132,-2.94878e-05,-1.6834e-05,3.34305e-05,-2.41991e-05,1.32069e-05,-5.32367e-06,-1.33372e-06,2.7608e-05,3.25609e-05,-4.81779e-05,-9.82737e-06,-1.23788e-05,
-8.20238,4.69851,11.151,9.74024,-0.830181,11.9684,-8.36578,5.75649,20.8873,7.13231,60,14.5399,0,0,0,0,0,0,0,0,0,0,0,0,-0.00344057,0.698604,-1.45218,-0.0277194,0.758997,-1.44021,-0.00706895,0.73858,-1.50044,-0.0239651,0.717077,-1.48569,-0.152575,0.784032,-1.24943,0.149376,0.743903,-1.22261,-0.159174,0.843246,-1.12067,0.105713,25.71,-1.22133,-1.62713e-05,1.20607e-05,8.62931e-05,-3.74239e-07,3.95723e-05,6.24799e-05,2.15414e-05,0.000119088,-4.20932e-05,-2.57449e-05,7.73704e-05,-6.46575e-05,
-8.2026,4.69878,11.1514,9.73994,-0.829783,11.9678,-8.36611,5.75648,20.888,7.13216,60,14.5396,0,0,0,0,0,0,0,0,0,0,0,0,-0.00344011,0.698604,-1.45218,-0.0277188,0.758997,-1.44021,-0.00706797,0.738582,-1.50044,-0.0239651,0.717078,-1.48569,-0.152577,0.784037,-1.24942,0.149372,0.74391,-1.22262,-0.159177,0.843247,-1.12066,0.105711,25.71,-1.22134,4.39875e-05,1.26852e-06,1.184e-05,4.96682e-05,3.2074e-06,3.665e-05,6.70743e-05,7.18294e-05,-1.03432e-05,2.07805e-05,2.80408e-06,-5.72443e-06,
-8.20248,4.69905,11.1509,9.74009,-0.830101,11.9687,-8.36573,5.75686,20.8869,7.13236,60,14.5398,0,0,0,0,0,0,0,0,0,0,0,0,-0.00343932,0.698604,-1.45218,-0.0277179,0.758997,-1.44021,-0.00706663,0.738582,-1.50044,-0.0239647,0.717077,-1.48569,-0.152575,0.784041,-1.24943,0.149375,0.743905,-1.2226,-0.15917,0.843252,-1.12068,0.105714,25.71,-1.22133,-3.53696e-06,-1.44406e-05,-1.04661e-05,1.5452e-06,1.24341e-05,-7.09102e-06,2.69275e-05,-7.89342e-06,2.88146e-05,-1.97652e-05,-5.23503e-05,4.83053e-05,
-8.20277,4.69924,11.152,9.7401,-0.829968,11.9689,-8.36579,5.7567,20.8868,7.13241,60,14.5387,0,0,0,0,0,0,0,0,0,0,0,0,-0.00343992,0.698604,-1.45218,-0.0277184,0.758997,-1.44021,-0.00706653,0.738582,-1.50044,-0.0239656,0.717076,-1.48569,-0.152581,0.784044,-1.24941,0.149375,0.743907,-1.2226,-0.159171,0.843249,-1.12068,0.105714,25.71,-1.22135,1.13521e-05,-8.80464e-06,-5.97904e-05,1.66454e-05,9.07762e-06,-2.45083e-05,4.38024e-05,-1.88908e-05,5.52243e-05,-2.7882e-06,-6.83717e-05,5.4191e-05,
-8.20283,4.69915,11.151,9.73992,-0.83006,11.9687,-8.36604,5.75659,20.8869,7.13217,60,14.5401,0,0,0,0,0,0,0,0,0,0,0,0,-0.0034389,0.698604,-1.45218,-0.0277172,0.758997,-1.44021,-0.00706495,0.738582,-1.50044,-0.0239649,0.717075,-1.48569,-0.15258,0.784043,-1.24943,0.149374,0.743905,-1.2226,-0.159173,0.843248,-1.12068,0.105712,25.71,-1.22132,5.82911e-05,6.36903e-06,-2.85238e-05,6.39886e-05,-2.74664e-06,2.32847e-05,9.25037e-05,2.76753e-05,-2.68418e-05,4.61838e-05,-2.6524e-05,3.85642e-05,
-8.20291,4.69889,11.1521,9.73996,-0.829887,11.9684,-8.36672,5.75651,20.8883,7.13214,60,14.5395,0,0,0,0,0,0,0,0,0,0,0,0,-0.00343838,0.698604,-1.45218,-0.0277166,0.758998,-1.44021,-0.00706357,0.738583,-1.50044,-0.0239645,0.717075,-1.48569,-0.152582,0.784039,-1.24941,0.149374,0.743909,-1.22261,-0.159184,0.843249,-1.12066,0.105711,25.71,-1.22134,2.28749e-05,2.12411e-05,-9.5108e-06,2.95414e-05,1.9076e-05,2.01233e-05,6.60604e-05,7.1513e-05,-5.02805e-05,1.93606e-05,8.09963e-06,-9.31674e-07,
-8.20265,4.69913,11.1523,9.74018,-0.830217,11.9684,-8.36626,5.75648,20.8877,7.13261,60,14.5389,0,0,0,0,0,0,0,0,0,0,0,0,-0.0034385,0.698604,-1.45218,-0.0277166,0.758998,-1.44021,-0.0070627,0.738584,-1.50044,-0.0239646,0.717075,-1.48569,-0.152579,0.784043,-1.24941,0.149376,0.743904,-1.22261,-0.159177,0.843247,-1.12066,0.105717,25.71,-1.22135,-7.78068e-05,-1.99951e-05,-1.44706e-07,-7.15182e-05,3.03624e-05,-1.68624e-05,-2.50229e-05,3.01132e-06,1.69081e-05,-7.2329e-05,1.07641e-05,-8.4948e-06,
-8.20194,4.69944,11.1512,9.7406,-0.830297,11.9687,-8.36551,5.75666,20.8867,7.13307,60,14.5399,0,0,0,0,0,0,0,0,0,0,0,0,-0.00344221,0.698603,-1.45218,-0.0277201,0.758999,-1.44021,-0.00706499,0.738584,-1.50044,-0.023967,0.717075,-1.48569,-0.152572,0.784046,-1.24943,0.149378,0.743903,-1.2226,-0.159167,0.843249,-1.12068,0.105721,25.71,-1.22133,-0.000150223,-5.72457e-05,6.82837e-05,-0.000143826,2.38823e-05,-1.96239e-05,-9.16968e-05,-2.41401e-05,9.66093e-05,-0.000161313,1.39552e-05,-4.13103e-05,
-8.20222,4.69913,11.1522,9.74055,-0.830138,11.9683,-8.36618,5.75647,20.8874,7.13287,60,14.5389,0,0,0,0,0,0,0,0,0,0,0,0,-0.00344375,0.698603,-1.45218,-0.0277216,0.758999,-1.44021,-0.00706574,0.738584,-1.50044,-0.0239695,0.717075,-1.48569,-0.152577,0.784041,-1.24941,0.149378,0.743906,-1.22261,-0.159178,0.843247,-1.12067,0.105718,25.71,-1.22135,-7.10468e-05,-1.86173e-05,2.94126e-05,-6.41192e-05,1.06838e-05,4.59409e-05,-1.59428e-05,2.26278e-05,2.66976e-05,-6.30869e-05,1.02814e-05,1.28741e-05,
-8.2026,4.69902,11.1515,9.74039,-0.830271,11.9684,-8.36691,5.75656,20.8874,7.1323,60,14.5394,0,0,0,0,0,0,0,0,0,0,0,0,-0.00344201,0.698603,-1.45218,-0.0277197,0.758999,-1.44021,-0.00706299,0.738585,-1.50044,-0.0239677,0.717075,-1.48569,-0.152577,0.78404,-1.24942,0.149381,0.743902,-1.2226,-0.159185,0.843251,-1.12067,0.105713,25.71,-1.22134,0.00011274,1.18057e-05,-1.53562e-05,0.000120362,-2.61954e-05,0.000110754,0.000159521,6.63677e-05,-6.27525e-05,0.000112967,-2.20256e-05,5.02935e-05,
-8.20253,4.69897,11.1517,9.74004,-0.830075,11.9673,-8.36683,5.75583,20.8882,7.13256,60,14.5392,0,0,0,0,0,0,0,0,0,0,0,0,-0.00344114,0.698603,-1.45218,-0.0277187,0.758999,-1.44021,-0.00706088,0.738586,-1.50044,-0.0239667,0.717075,-1.48569,-0.152578,0.784038,-1.24942,0.149373,0.743906,-1.22262,-0.159184,0.843239,-1.12065,0.105716,25.71,-1.22134,6.98973e-06,-1.49367e-05,4.6894e-05,1.4187e-05,9.63308e-07,7.42158e-05,5.26824e-05,4.97808e-05,-1.32252e-05,5.61549e-06,2.07248e-05,-6.22805e-06,
-8.2022,4.6992,11.1508,9.74004,-0.8304,11.9676,-8.3666,5.75618,20.8877,7.13268,60,14.5403,0,0,0,0,0,0,0,0,0,0,0,0,-0.00344131,0.698602,-1.45218,-0.0277187,0.758999,-1.44021,-0.00706037,0.738587,-1.50044,-0.0239669,0.717075,-1.48569,-0.152573,0.784041,-1.24943,0.149372,0.743901,-1.22262,-0.15918,0.843245,-1.12066,0.105718,25.71,-1.22132,-3.07538e-05,-2.9452e-05,6.8738e-05,-2.43436e-05,2.47662e-05,2.06159e-05,1.959e-05,2.35803e-05,1.99554e-05,-2.77867e-05,1.05069e-05,-2.65867e-05,
-8.20193,4.69936,11.1522,9.74049,-0.82989,11.9684,-8.36688,5.75695,20.8878,7.13282,60,14.5389,0,0,0,0,0,0,0,0,0,0,0,0,-0.00344385,0.698601,-1.45217,-0.0277211,0.758999,-1.44021,-0.00706158,0.738585,-1.50044,-0.0239692,0.717075,-1.48569,-0.152572,0.784043,-1.24941,0.149377,0.74391,-1.2226,-0.159187,0.843255,-1.12066,0.105717,25.71,-1.22135,-7.96618e-05,-5.52209e-05,-4.01564e-05,-7.42758e-05,4.64695e-06,-6.87706e-05,-2.78154e-05,-8.84396e-05,0.000122979,-7.43616e-05,-9.96043e-05,7.47318e-05,
-8.20195,4.69945,11.152,9.74049,-0.829861,11.9687,-8.36692,5.75708,20.8875,7.13274,60,14.5388,0,0,0,0,0,0,0,0,0,0,0,0,-0.00344436,0.6986,-1.45218,-0.0277215,0.758999,-1.44021,-0.00706114,0.738583,-1.50043,-0.0239698,0.717072,-1.48569,-0.152571,0.784044,-1.24941,0.149378,0.743911,-1.2226,-0.159186,0.843255,-1.12066,0.105716,25.71,-1.22134,-1.68689e-05,-3.63803e-05,-6.98013e-05,-1.1855e-05,-2.5782e-06,-9.60464e-05,2.37494e-05,-9.31157e-05,0.000106731,-2.25189e-05,-0.000122831,9.845e-05,
-8.202,4.69969,11.1514,9.74054,-0.830054,11.9689,-8.36633,5.75676,20.8867,7.13298,60,14.5392,0,0,0,0,0,0,0,0,0,0,0,0,-0.00344472,0.6986,-1.45218,-0.0277218,0.758999,-1.44021,-0.00706078,0.738582,-1.50043,-0.0239704,0.71707,-1.48569,-0.152572,0.784048,-1.24942,0.149379,0.743908,-1.2226,-0.159175,0.84325,-1.12067,0.10572,25.71,-1.22134,-3.03021e-06,-1.21985e-05,-1.52323e-05,1.9722e-06,1.19615e-05,-3.38078e-05,2.58726e-05,-7.78256e-06,3.97217e-05,-2.10432e-05,-4.26422e-05,1.78423e-05,
-8.20264,4.69971,11.1519,9.74006,-0.829937,11.968,-8.36687,5.75625,20.8876,7.1327,60,14.539,0,0,0,0,0,0,0,0,0,0,0,0,-0.00344391,0.6986,-1.45218,-0.0277208,0.759,-1.44021,-0.0070595,0.738583,-1.50043,-0.0239701,0.71707,-1.48569,-0.15258,0.784049,-1.24942,0.149374,0.74391,-1.22261,-0.159182,0.843244,-1.12066,0.105717,25.71,-1.22134,9.76282e-05,1.94e-05,-3.93399e-07,0.000103152,5.22338e-06,5.3109e-05,0.000114571,8.57391e-05,-5.80495e-05,6.80083e-05,-4.82008e-06,2.3923e-05,
-8.20272,4.69951,11.1518,9.73993,-0.83018,11.9679,-8.36724,5.75615,20.8881,7.13262,60,14.5395,0,0,0,0,0,0,0,0,0,0,0,0,-0.00344165,0.6986,-1.45218,-0.0277185,0.759,-1.44021,-0.00705698,0.738585,-1.50044,-0.0239684,0.71707,-1.48569,-0.15258,0.784046,-1.24942,0.149374,0.743906,-1.22261,-0.159186,0.843245,-1.12065,0.105717,25.71,-1.22133,9.74267e-05,1.90617e-05,2.02023e-05,0.000102947,8.01954e-06,3.35312e-05,0.000115966,0.000102439,-8.03711e-05,6.95243e-05,1.93609e-05,-1.47518e-05,
-8.20226,4.69975,11.1508,9.74017,-0.830549,11.9688,-8.36621,5.75612,20.8867,7.13323,60,14.5404,0,0,0,0,0,0,0,0,0,0,0,0,-0.00344189,0.6986,-1.45218,-0.0277186,0.759,-1.44021,-0.00705666,0.738586,-1.50044,-0.0239691,0.717071,-1.48569,-0.152576,0.78405,-1.24943,0.149374,0.743901,-1.2226,-0.159171,0.843244,-1.12068,0.105724,25.71,-1.22132,-7.22666e-05,-1.28965e-05,3.75457e-05,-6.74151e-05,4.75577e-05,-4.29833e-05,-4.18719e-05,2.63438e-05,1.22805e-05,-8.95739e-05,2.33745e-05,-4.11711e-05,
-8.20272,4.69998,11.1526,9.74031,-0.830273,11.9694,-8.36691,5.75644,20.8868,7.13289,60,14.5387,0,0,0,0,0,0,0,0,0,0,0,0,-0.00344325,0.6986,-1.45218,-0.0277199,0.759001,-1.44021,-0.00705739,0.738586,-1.50043,-0.0239706,0.71707,-1.48569,-0.152583,0.784054,-1.2494,0.149377,0.743906,-1.22259,-0.159182,0.843249,-1.12067,0.105719,25.71,-1.22135,2.06171e-05,-3.67814e-06,-5.16144e-05,2.54326e-05,1.87249e-05,-5.09802e-05,4.75963e-05,1.0779e-06,3.25946e-05,4.22809e-05,-6.30121e-05,5.76722e-05,
-8.20302,4.69963,11.1523,9.74004,-0.830109,11.9688,-8.36787,5.75631,20.8876,7.13244,60,14.539,0,0,0,0,0,0,0,0,0,0,0,0,-0.00344119,0.6986,-1.45218,-0.0277177,0.759001,-1.44021,-0.0070549,0.738586,-1.50043,-0.0239691,0.717069,-1.48569,-0.152583,0.784048,-1.24941,0.149378,0.743907,-1.2226,-0.159194,0.843247,-1.12066,0.105715,25.71,-1.22134,0.000147082,7.56789e-06,-6.44859e-05,0.000153006,-2.45098e-05,1.91917e-05,0.000172266,1.71611e-05,-2.87605e-05,0.000126565,-8.25154e-05,9.60993e-05,
-8.20287,4.69999,11.1517,9.74029,-0.830608,11.969,-8.36665,5.75566,20.8863,7.13336,60,14.5391,0,0,0,0,0,0,0,0,0,0,0,0,-0.00344021,0.6986,-1.45218,-0.0277168,0.759001,-1.44021,-0.00705336,0.738588,-1.50044,-0.0239687,0.717069,-1.48569,-0.152584,0.784054,-1.24942,0.149378,0.7439,-1.22259,-0.159175,0.843238,-1.12068,0.105727,25.71,-1.22134,-3.63254e-05,-2.54206e-05,9.82423e-05,-6.62874e-05,2.60139e-05,2.32222e-05,-3.41131e-05,5.85712e-05,1.02676e-05,-8.17475e-05,4.6853e-05,-4.84608e-05,
-8.20242,4.70012,11.151,9.74041,-0.830634,11.9686,-8.36659,5.75566,20.8864,7.13347,60,14.5402,0,0,0,0,0,0,0,0,0,0,0,0,-0.00344291,0.698599,-1.45218,-0.0277191,0.759002,-1.44021,-0.00705494,0.738589,-1.50044,-0.0239713,0.71707,-1.48569,-0.15258,0.784055,-1.24943,0.149377,0.7439,-1.2226,-0.159176,0.843239,-1.12068,0.105726,25.71,-1.22132,-7.61317e-05,-3.04435e-05,0.000109969,-6.97745e-05,2.12289e-05,6.21626e-05,-3.41386e-05,7.15755e-05,-1.41434e-05,-8.18784e-05,6.75205e-05,-8.00696e-05,
-8.20283,4.69953,11.1518,9.73997,-0.830351,11.9676,-8.36799,5.75553,20.8883,7.13283,60,14.5397,0,0,0,0,0,0,0,0,0,0,0,0,-0.00344263,0.698599,-1.45217,-0.0277187,0.759002,-1.44021,-0.00705376,0.738591,-1.50044,-0.0239711,0.717071,-1.48569,-0.152583,0.784045,-1.24941,0.149374,0.743904,-1.22261,-0.159196,0.84324,-1.12065,0.105719,25.71,-1.22133,7.68212e-05,5.61942e-06,3.79788e-05,8.41186e-05,-8.04639e-06,0.000112892,0.000119976,9.9369e-05,-9.15943e-05,7.35791e-05,2.47314e-05,8.21634e-06,
-8.20264,4.69988,11.1518,9.74001,-0.830829,11.9681,-8.36724,5.7554,20.8868,7.13323,60,14.5388,0,0,0,0,0,0,0,0,0,0,0,0,-0.00344118,0.698599,-1.45217,-0.027717,0.759001,-1.44021,-0.0070514,0.738592,-1.50044,-0.0239695,0.717071,-1.48569,-0.152581,0.784051,-1.24941,0.149375,0.743895,-1.2226,-0.159181,0.843236,-1.12068,0.105726,25.71,-1.22135,-3.09302e-05,-2.2941e-05,2.79063e-06,3.44465e-05,-9.06868e-06,5.17296e-05,7.73865e-05,6.43804e-06,-1.24248e-06,3.06429e-05,-3.25001e-05,2.26237e-05,
-8.20212,4.70035,11.152,9.74058,-0.830592,11.9688,-8.36684,5.75601,20.8864,7.13373,60,14.5388,0,0,0,0,0,0,0,0,0,0,0,0,-0.00344302,0.698598,-1.45217,-0.0277189,0.759002,-1.44021,-0.0070527,0.738591,-1.50044,-0.0239718,0.71707,-1.48569,-0.152577,0.784057,-1.24941,0.149379,0.7439,-1.2226,-0.159179,0.843244,-1.12068,0.105729,25.71,-1.22135,-0.000164891,-7.25019e-05,3.08522e-05,-0.00015904,1.4067e-05,-7.28179e-05,-9.17953e-05,-8.53342e-05,0.000139188,-0.000138716,-6.8145e-05,1.88498e-05,
-8.2023,4.7002,11.1515,9.74037,-0.830582,11.9686,-8.36708,5.75576,20.8864,7.13342,60,14.5395,0,0,0,0,0,0,0,0,0,0,0,0,-0.00344521,0.698597,-1.45217,-0.0277209,0.759002,-1.44021,-0.00705316,0.73859,-1.50043,-0.0239733,0.717069,-1.48569,-0.152578,0.784055,-1.24942,0.149377,0.7439,-1.2226,-0.159181,0.84324,-1.12068,0.105725,25.71,-1.22133,-1.07398e-05,-2.79527e-05,-3.4834e-05,-4.02957e-06,-7.38345e-06,-8.56449e-07,4.28925e-05,-1.24247e-05,3.49733e-05,-3.77284e-06,-3.52353e-05,2.3576e-05,
-8.20289,4.70012,11.1534,9.74051,-0.830323,11.9687,-8.36834,5.75598,20.8876,7.13306,60,14.5379,0,0,0,0,0,0,0,0,0,0,0,0,-0.00344402,0.698597,-1.45217,-0.0277196,0.759001,-1.44021,-0.00705093,0.738591,-1.50043,-0.023972,0.717068,-1.48569,-0.152585,0.784054,-1.24939,0.149383,0.743904,-1.22259,-0.159199,0.843246,-1.12066,0.105722,25.71,-1.22136,8.52738e-05,3.89449e-06,-3.97102e-05,9.23631e-05,-1.90501e-05,5.91236e-05,0.000134387,5.98915e-05,-4.44753e-05,8.78511e-05,-1.73093e-05,1.97412e-05,
-8.20235,4.70003,11.1509,9.74039,-0.830499,11.9682,-8.36781,5.75569,20.8872,7.13321,60,14.5405,0,0,0,0,0,0,0,0,0,0,0,0,-0.00344285,0.698597,-1.45217,-0.0277183,0.759001,-1.44021,-0.00704887,0.738592,-1.50044,-0.0239708,0.717068,-1.48569,-0.152576,0.784052,-1.24943,0.14938,0.743901,-1.2226,-0.159189,0.843242,-1.12067,0.105724,25.71,-1.22132,2.01503e-06,-1.29709e-05,1.345e-05,9.25982e-06,-5.76092e-06,7.23464e-05,5.60301e-05,5.04857e-05,-3.50491e-05,8.92918e-06,3.30348e-05,-5.31545e-05,
-8.20185,4.70012,11.1508,9.74048,-0.830549,11.9679,-8.36705,5.75527,20.8873,7.13394,60,14.5407,0,0,0,0,0,0,0,0,0,0,0,0,-0.00344572,0.698596,-1.45217,-0.027721,0.759002,-1.44021,-0.00705051,0.738593,-1.50044,-0.0239734,0.71707,-1.48569,-0.152575,0.784052,-1.24943,0.149374,0.743902,-1.22261,-0.159182,0.843236,-1.12067,0.10573,25.71,-1.22132,-0.000180441,-2.99533e-05,0.000123176,-0.000173607,4.2734e-05,3.55977e-05,-0.000123053,7.63858e-05,-3.29618e-06,-0.000171006,0.000102123,-9.80907e-05,
-8.20252,4.7004,11.1525,9.7403,-0.830446,11.968,-8.36795,5.75576,20.8873,7.13346,60,14.5384,0,0,0,0,0,0,0,0,0,0,0,0,-0.00344662,0.698596,-1.45217,-0.0277218,0.759002,-1.4402,-0.00705042,0.738594,-1.50044,-0.0239743,0.71707,-1.48569,-0.152582,0.784057,-1.2494,0.149376,0.743902,-1.2226,-0.159193,0.843244,-1.12066,0.105726,25.71,-1.22135,3.99108e-05,-1.52444e-05,-2.35029e-05,4.63407e-05,-2.4953e-05,4.27039e-05,8.23569e-05,-9.41367e-06,2.84563e-05,3.64148e-05,-7.29992e-05,8.49083e-05,
-8.20244,4.70056,11.1529,9.74064,-0.830023,11.969,-8.36874,5.75675,20.8876,7.13327,60,14.5382,0,0,0,0,0,0,0,0,0,0,0,0,-0.00344487,0.698595,-1.45217,-0.0277199,0.759001,-1.4402,-0.00704781,0.738592,-1.50043,-0.0239726,0.717066,-1.48569,-0.152579,0.784059,-1.2494,0.149384,0.743909,-1.22259,-0.159204,0.843258,-1.12066,0.105723,25.71,-1.22135,5.21649e-05,-2.5853e-05,-0.000106938,5.78733e-05,-3.00055e-05,-2.46899e-05,9.42874e-05,-7.79004e-05,9.65919e-05,1.05172e-05,-0.000140829,0.000110911,
-8.20192,4.70061,11.1512,9.74069,-0.830376,11.9689,-8.36728,5.75593,20.8862,7.13387,60,14.5394,0,0,0,0,0,0,0,0,0,0,0,0,-0.00344567,0.698595,-1.45217,-0.0277206,0.759001,-1.44021,-0.00704782,0.738591,-1.50043,-0.0239735,0.717065,-1.48569,-0.152574,0.784059,-1.24943,0.149381,0.743903,-1.22259,-0.159181,0.843243,-1.12068,0.105731,25.71,-1.22133,-9.35373e-05,-4.05443e-05,-3.31237e-06,-8.7895e-05,5.29888e-06,-4.56416e-05,-4.82467e-05,-4.56796e-05,7.6397e-05,-9.519e-05,-5.39503e-05,1.91212e-05,
-8.20206,4.70049,11.1517,9.74064,-0.830149,11.9683,-8.36802,5.75594,20.8878,7.13354,60,14.5398,0,0,0,0,0,0,0,0,0,0,0,0,-0.0034477,0.698594,-1.45217,-0.0277225,0.759001,-1.44021,-0.00704907,0.738592,-1.50043,-0.0239757,0.717066,-1.48569,-0.152577,0.784058,-1.24941,0.149379,0.743908,-1.2226,-0.159195,0.843247,-1.12066,0.105725,25.71,-1.22133,-3.02552e-05,4.02577e-06,4.89848e-05,-2.4364e-05,1.65654e-05,4.48753e-05,-1.2052e-06,8.07195e-05,-5.29108e-05,3.83218e-06,1.45544e-05,-2.04658e-05,
-8.20276,4.7001,11.153,9.74009,-0.830043,11.9675,-8.36921,5.75572,20.8894,7.13318,60,14.5384,0,0,0,0,0,0,0,0,0,0,0,0,-0.00344554,0.698595,-1.45217,-0.0277202,0.759001,-1.4402,-0.00704604,0.738594,-1.50043,-0.0239739,0.717065,-1.48569,-0.152584,0.784052,-1.24939,0.149376,0.743909,-1.22261,-0.15921,0.843245,-1.12063,0.105722,25.71,-1.22135,0.000123527,3.60381e-05,-3.03817e-05,0.00012928,-8.36502e-06,5.82677e-05,0.000119859,7.51262e-05,-8.42053e-05,7.34495e-05,-2.52689e-05,3.41793e-05,
-8.20155,4.70077,11.1508,9.7411,-0.830531,11.9698,-8.36771,5.75672,20.8864,7.13413,60,14.5404,0,0,0,0,0,0,0,0,0,0,0,0,-0.0034455,0.698595,-1.45217,-0.02772,0.759001,-1.4402,-0.00704592,0.738594,-1.50043,-0.0239747,0.717064,-1.48569,-0.152569,0.784062,-1.24943,0.149387,0.743902,-1.22257,-0.159189,0.843261,-1.12068,0.105732,25.71,-1.22131,-0.000165259,-5.33509e-05,5.42885e-05,-0.000160881,4.87068e-05,-8.25838e-05,-0.000138723,-4.82274e-05,0.000121911,-0.000186453,-2.73449e-05,-3.75603e-05,
-8.20205,4.70066,11.1526,9.74086,-0.82986,11.969,-8.3681,5.75604,20.8873,7.13403,60,14.5383,0,0,0,0,0,0,0,0,0,0,0,0,-0.00344981,0.698593,-1.45217,-0.0277243,0.759002,-1.44021,-0.00704977,0.738593,-1.50043,-0.0239796,0.717064,-1.48569,-0.152579,0.784059,-1.2494,0.149382,0.743914,-1.22259,-0.159198,0.843248,-1.12066,0.105728,25.71,-1.22135,-2.94308e-05,-2.19957e-05,2.68279e-06,-2.50717e-05,-8.83147e-07,-2.45387e-05,-2.32372e-05,-7.93724e-06,6.05313e-05,-6.93049e-05,-7.30943e-05,6.20989e-05,
-8.20288,4.70048,11.1528,9.74028,-0.830239,11.9679,-8.36905,5.75554,20.888,7.13343,60,14.5376,0,0,0,0,0,0,0,0,0,0,0,0,-0.00344617,0.698594,-1.45217,-0.0277205,0.759001,-1.44021,-0.00704755,0.738594,-1.50043,-0.0239775,0.717062,-1.48568,-0.152585,0.784058,-1.24939,0.14938,0.743905,-1.2226,-0.159207,0.843242,-1.12065,0.105725,25.71,-1.22136,0.000164774,3.41411e-05,1.10639e-05,0.00016939,-2.75569e-05,8.82752e-05,0.000221322,8.51112e-05,-5.39599e-05,0.000142457,-6.72004e-05,0.000107737,
-8.20219,4.70057,11.1523,9.74101,-0.830245,11.9689,-8.3688,5.75602,20.8882,7.13407,60,14.5386,0,0,0,0,0,0,0,0,0,0,0,0,-0.0034452,0.698594,-1.45217,-0.0277195,0.759001,-1.4402,-0.00704548,0.738596,-1.50043,-0.023977,0.717062,-1.48568,-0.152577,0.784059,-1.2494,0.149389,0.743906,-1.22259,-0.159207,0.843253,-1.12065,0.105731,25.71,-1.22135,-4.13122e-05,-9.48717e-06,0.000103686,-3.69914e-05,2.44505e-05,2.4473e-05,-4.11364e-05,8.86167e-05,-2.64245e-05,-8.84579e-05,4.42722e-05,-5.92979e-05,
-8.20159,4.70029,11.1501,9.74055,-0.830665,11.9674,-8.36741,5.75472,20.8873,7.1347,60,14.5404,0,0,0,0,0,0,0,0,0,0,0,0,-0.00344832,0.698593,-1.45217,-0.0277225,0.759002,-1.4402,-0.00704851,0.738598,-1.50043,-0.0239811,0.717064,-1.48569,-0.152572,0.784052,-1.24943,0.149375,0.743901,-1.22261,-0.159187,0.843231,-1.12066,0.105736,25.71,-1.22132,-0.000136352,-3.53394e-05,0.000167683,-0.000132394,5.2992e-05,2.3694e-05,-0.000135236,8.22325e-05,1.07426e-05,-0.000182991,7.93328e-05,-0.000104544,
-8.20243,4.70038,11.1522,9.74022,-0.830716,11.9679,-8.36806,5.75476,20.8873,7.13434,60,14.5379,0,0,0,0,0,0,0,0,0,0,0,0,-0.00344908,0.698593,-1.45217,-0.0277232,0.759003,-1.4402,-0.00704941,0.7386,-1.50043,-0.0239829,0.717064,-1.48569,-0.152583,0.784055,-1.2494,0.149373,0.743899,-1.2226,-0.159195,0.843233,-1.12066,0.105732,25.71,-1.22136,6.47401e-05,6.33936e-06,8.64275e-06,6.85394e-05,-1.01722e-05,3.25529e-06,5.40241e-05,4.37944e-05,1.7665e-05,8.0175e-06,-6.56253e-05,6.63609e-05,
-8.20233,4.70053,11.1516,9.7403,-0.830607,11.9688,-8.36833,5.75542,20.8867,7.13408,60,14.5386,0,0,0,0,0,0,0,0,0,0,0,0,-0.00344647,0.698593,-1.45217,-0.0277205,0.759002,-1.4402,-0.00704697,0.738599,-1.50043,-0.0239815,0.717061,-1.48568,-0.152578,0.784057,-1.24941,0.149378,0.7439,-1.22259,-0.159196,0.843241,-1.12067,0.10573,25.71,-1.22134,7.8228e-05,-9.76616e-07,-0.000103672,8.16732e-05,-1.50102e-05,-6.69583e-05,7.80774e-05,-5.98629e-05,9.37142e-05,3.26641e-05,-0.000155514,0.000134132,
-8.20234,4.70065,11.1511,9.74014,-0.830681,11.969,-8.36759,5.75488,20.8859,7.1344,60,14.5389,0,0,0,0,0,0,0,0,0,0,0,0,-0.00344632,0.698593,-1.45217,-0.0277203,0.759003,-1.44021,-0.00704662,0.738598,-1.50043,-0.023982,0.717059,-1.48568,-0.152579,0.784059,-1.24942,0.149374,0.7439,-1.22259,-0.159184,0.843231,-1.12068,0.105734,25.71,-1.22134,1.11668e-05,-3.95948e-06,-4.30378e-05,1.48861e-05,1.46462e-05,-8.56908e-05,9.0164e-06,-5.23233e-05,9.29059e-05,-3.70045e-05,-9.15486e-05,8.2956e-05,
-8.20266,4.70061,11.1522,9.73993,-0.830399,11.9686,-8.36868,5.75506,20.8876,7.134,60,14.5387,0,0,0,0,0,0,0,0,0,0,0,0,-0.00344519,0.698593,-1.45217,-0.0277191,0.759003,-1.44021,-0.00704522,0.738598,-1.50043,-0.0239819,0.717058,-1.48568,-0.152582,0.784059,-1.24941,0.149373,0.743905,-1.2226,-0.1592,0.843235,-1.12065,0.105728,25.71,-1.22134,9.5697e-05,2.07838e-05,-9.98237e-05,0.000100237,5.24325e-06,-5.27786e-05,0.000111187,1.30339e-05,-1.48705e-06,4.52044e-05,-7.15994e-05,7.17758e-05,
-8.20306,4.70093,11.1524,9.74022,-0.830709,11.9701,-8.36872,5.75551,20.8863,7.13391,60,14.5384,0,0,0,0,0,0,0,0,0,0,0,0,-0.00344314,0.698593,-1.45217,-0.0277169,0.759003,-1.44021,-0.00704277,0.738598,-1.50043,-0.02398,0.717056,-1.48568,-0.152587,0.784066,-1.2494,0.149381,0.7439,-1.22257,-0.159198,0.843244,-1.12068,0.10573,25.71,-1.22134,0.000102909,3.15132e-05,-0.000100432,0.000108087,1.38657e-05,-3.97936e-05,0.000132207,5.71486e-06,9.38067e-06,8.59766e-05,-4.95374e-05,3.0902e-05,
-8.20255,4.70117,11.1522,9.74053,-0.8304,11.9695,-8.36825,5.75525,20.8868,7.13447,60,14.539,0,0,0,0,0,0,0,0,0,0,0,0,-0.00344382,0.698593,-1.45217,-0.0277175,0.759004,-1.44021,-0.00704261,0.738598,-1.50043,-0.0239808,0.717056,-1.48568,-0.152583,0.784069,-1.24941,0.149381,0.743907,-1.22258,-0.159193,0.843239,-1.12067,0.105735,25.71,-1.22134,-7.36381e-05,-1.29697e-05,-8.68934e-06,-6.8133e-05,3.68485e-05,-3.98708e-05,-2.93103e-05,1.81701e-05,3.39243e-05,-7.65068e-05,1.09173e-05,-5.07938e-05,
-8.20254,4.70076,11.1522,9.74055,-0.830377,11.9689,-8.36925,5.75541,20.8883,7.13417,60,14.5396,0,0,0,0,0,0,0,0,0,0,0,0,-0.00344476,0.698593,-1.45217,-0.0277183,0.759005,-1.44021,-0.00704256,0.738599,-1.50043,-0.0239818,0.717057,-1.48568,-0.152582,0.784062,-1.2494,0.149382,0.743908,-1.22259,-0.15921,0.843246,-1.12064,0.10573,25.71,-1.22133,-1.94943e-05,2.7167e-06,7.11552e-05,-1.26591e-05,3.18236e-05,7.5962e-05,2.90741e-05,0.000108268,-7.41302e-05,-1.85581e-05,8.75499e-05,-9.40741e-05,
-8.20267,4.70092,11.1523,9.74063,-0.830882,11.969,-8.36858,5.75483,20.8868,7.13467,60,14.5382,0,0,0,0,0,0,0,0,0,0,0,0,-0.00344505,0.698593,-1.45217,-0.0277184,0.759005,-1.44021,-0.00704177,0.738602,-1.50043,-0.023982,0.717059,-1.48568,-0.152586,0.784064,-1.2494,0.149383,0.743899,-1.22259,-0.159198,0.843237,-1.12067,0.105738,25.71,-1.22135,-5.16412e-05,-2.40215e-05,0.000109346,-4.44436e-05,1.81652e-05,8.5712e-05,1.54837e-06,6.68074e-05,4.76997e-06,-4.5855e-05,5.75362e-05,-4.21855e-05,
-8.20218,4.70091,11.1525,9.74116,-0.830488,11.9693,-8.36947,5.75567,20.8877,7.13455,60,14.5387,0,0,0,0,0,0,0,0,0,0,0,0,-0.00344701,0.698592,-1.45217,-0.02772,0.759006,-1.44021,-0.00704249,0.738602,-1.50043,-0.0239835,0.717059,-1.48568,-0.15258,0.784062,-1.24939,0.14939,0.743906,-1.22258,-0.159216,0.843251,-1.12065,0.105733,25.71,-1.22134,-8.98829e-05,-4.89915e-05,0.0001119,-9.70777e-05,1.51123e-05,3.96926e-05,-5.1139e-05,4.75581e-06,4.46614e-05,-9.84844e-05,2.61852e-05,-3.95442e-05,
-8.202,4.70058,11.1506,9.7408,-0.830938,11.9683,-8.3686,5.75447,20.8863,7.13475,60,14.5395,0,0,0,0,0,0,0,0,0,0,0,0,-0.00344792,0.698592,-1.45217,-0.027721,0.759006,-1.4402,-0.00704255,0.738603,-1.50043,-0.0239846,0.71706,-1.48568,-0.152576,0.784056,-1.24943,0.149384,0.743898,-1.2226,-0.159198,0.843231,-1.12068,0.105738,25.71,-1.22133,-3.41447e-05,-3.24668e-05,0.000113541,-2.64676e-05,-5.85912e-06,0.000130113,2.19797e-05,5.71665e-05,8.80964e-06,-2.50491e-05,4.782e-05,-3.42479e-06,
-8.20251,4.70069,11.152,9.74036,-0.830747,11.9675,-8.36931,5.75427,20.8872,7.13448,60,14.538,0,0,0,0,0,0,0,0,0,0,0,0,-0.00344826,0.698591,-1.45216,-0.0277212,0.759006,-1.4402,-0.00704172,0.738604,-1.50043,-0.0239849,0.717061,-1.48568,-0.152583,0.784058,-1.2494,0.149378,0.743901,-1.22261,-0.159209,0.843229,-1.12066,0.105734,25.71,-1.22136,5.60703e-05,-1.06092e-05,6.08192e-05,6.35598e-05,-2.28096e-05,0.000137574,9.91478e-05,5.25639e-05,-7.95136e-06,5.30122e-05,-6.34864e-06,5.41892e-05,
-8.20228,4.70112,11.1509,9.74054,-0.831195,11.9689,-8.36887,5.75471,20.8855,7.1346,60,14.5389,0,0,0,0,0,0,0,0,0,0,0,0,-0.00344654,0.69859,-1.45216,-0.0277193,0.759005,-1.4402,-0.00703906,0.738605,-1.50043,-0.0239832,0.71706,-1.48568,-0.152579,0.784064,-1.24942,0.149382,0.743893,-1.22258,-0.159199,0.843235,-1.12069,0.105737,25.71,-1.22134,5.26741e-06,-3.70857e-05,-1.39384e-05,1.16466e-05,-2.81673e-06,2.04923e-06,5.57015e-05,-3.38931e-05,6.696e-05,8.90656e-06,-5.12628e-05,7.40651e-05,
-8.20243,4.70113,11.1524,9.7407,-0.830591,11.9693,-8.36921,5.75492,20.8864,7.13464,60,14.538,0,0,0,0,0,0,0,0,0,0,0,0,-0.00344785,0.69859,-1.45216,-0.0277205,0.759006,-1.4402,-0.00703939,0.738604,-1.50043,-0.0239844,0.717059,-1.48568,-0.152583,0.784065,-1.24939,0.149383,0.743904,-1.22258,-0.159208,0.843238,-1.12067,0.105735,25.71,-1.22135,-7.53341e-06,-1.16062e-05,-4.46727e-05,-1.2655e-06,1.15249e-05,-4.79822e-05,-4.13794e-05,-4.18973e-05,7.29692e-05,-4.4017e-05,-5.43789e-05,4.32252e-05,
-8.20261,4.70102,11.1525,9.74076,-0.830797,11.9691,-8.37016,5.755,20.8871,7.13424,60,14.5384,0,0,0,0,0,0,0,0,0,0,0,0,-0.0034467,0.69859,-1.45217,-0.0277192,0.759006,-1.4402,-0.00703721,0.738604,-1.50043,-0.0239832,0.717058,-1.48568,-0.152584,0.784063,-1.24939,0.149387,0.743901,-1.22258,-0.159219,0.843241,-1.12066,0.105732,25.71,-1.22135,6.41194e-05,8.85407e-06,-6.25433e-05,7.06886e-05,1.53034e-05,1.87945e-05,0.000113829,3.0725e-05,-3.31233e-05,6.69685e-05,-1.36953e-05,7.60739e-06,
-8.20197,4.70096,11.15,9.74045,-0.83087,11.9682,-8.369,5.7542,20.8868,7.13478,60,14.541,0,0,0,0,0,0,0,0,0,0,0,0,-0.00344701,0.69859,-1.45217,-0.0277194,0.759006,-1.4402,-0.0070364,0.738605,-1.50043,-0.0239834,0.717059,-1.48568,-0.152575,0.784061,-1.24944,0.149378,0.7439,-1.2226,-0.1592,0.843229,-1.12067,0.105738,25.71,-1.2213,-7.1881e-05,-1.93859e-05,5.21455e-05,-6.50042e-05,3.5679e-05,3.30392e-06,-1.79654e-05,6.70835e-05,-3.17498e-05,-6.56039e-05,5.68217e-05,-7.93976e-05,
-8.20217,4.70121,11.1514,9.7404,-0.830885,11.9685,-8.36908,5.75453,20.8867,7.13484,60,14.5395,0,0,0,0,0,0,0,0,0,0,0,0,-0.00344861,0.69859,-1.45216,-0.0277209,0.759007,-1.4402,-0.00703711,0.738606,-1.50043,-0.0239849,0.71706,-1.48568,-0.15258,0.784066,-1.24941,0.149376,0.743901,-1.22259,-0.159202,0.843234,-1.12067,0.105738,25.71,-1.22133,-4.96439e-05,-1.30792e-05,-6.64457e-06,-4.3532e-05,2.27109e-05,-1.73657e-05,-2.91536e-06,1.53002e-05,3.0063e-06,-4.98781e-05,-7.38756e-06,1.52673e-05,
-8.20306,4.70172,11.1539,9.74032,-0.830912,11.9691,-8.3695,5.75471,20.8862,7.13462,60,14.5361,0,0,0,0,0,0,0,0,0,0,0,0,-0.00344731,0.69859,-1.45217,-0.0277195,0.759007,-1.4402,-0.00703495,0.738605,-1.50043,-0.0239837,0.717057,-1.48568,-0.152592,0.784075,-1.24937,0.14938,0.743898,-1.22258,-0.159204,0.843234,-1.12068,0.105739,25.71,-1.22138,9.07071e-05,-1.0312e-05,-0.0001734,9.59911e-05,-3.3889e-05,-5.28928e-05,0.000130796,-9.42874e-05,7.77248e-05,8.56875e-05,-0.00017666,0.000182808,
-8.20232,4.70198,11.1521,9.74105,-0.830967,11.9702,-8.36929,5.75551,20.8854,7.13479,60,14.5387,0,0,0,0,0,0,0,0,0,0,0,0,-0.00344648,0.698589,-1.45217,-0.0277185,0.759006,-1.4402,-0.0070332,0.738603,-1.50042,-0.0239829,0.717054,-1.48568,-0.152581,0.784079,-1.24941,0.149391,0.743898,-1.22256,-0.159202,0.843247,-1.12069,0.10574,25.71,-1.22134,-3.56275e-05,-2.65728e-05,-7.6592e-05,-3.01442e-05,6.04907e-06,-5.09076e-05,1.48463e-05,-7.06942e-05,8.96744e-05,-3.20675e-05,-8.23611e-05,2.43831e-05,
-8.20201,4.7009,11.1525,9.74101,-0.83057,11.9683,-8.37017,5.75457,20.8884,7.13482,60,14.5394,0,0,0,0,0,0,0,0,0,0,0,0,-0.00344923,0.698589,-1.45217,-0.0277212,0.759007,-1.4402,-0.00703471,0.738604,-1.50042,-0.0239854,0.717055,-1.48568,-0.152579,0.78406,-1.24939,0.149386,0.743907,-1.22259,-0.159221,0.843236,-1.12064,0.105736,25.71,-1.22133,-9.23508e-05,1.16795e-05,5.32002e-05,-8.5199e-05,4.3715e-05,5.38798e-05,-3.61898e-05,0.000135543,-0.000100744,-8.42913e-05,0.000122209,-0.000113923,
-8.20239,4.70074,11.1512,9.74052,-0.831415,11.9681,-8.37005,5.75386,20.8873,7.13467,60,14.54,0,0,0,0,0,0,0,0,0,0,0,0,-0.00344819,0.69859,-1.45217,-0.0277199,0.759008,-1.4402,-0.00703272,0.738608,-1.50043,-0.0239844,0.717058,-1.48568,-0.152581,0.784059,-1.24942,0.149382,0.743892,-1.22259,-0.159213,0.843228,-1.12066,0.105738,25.71,-1.22132,4.75798e-05,3.12683e-05,7.75775e-05,5.48544e-05,2.38093e-05,0.000136045,9.05813e-05,0.000182133,-0.000111391,4.28915e-05,0.000109359,-8.96604e-05,
-8.20208,4.70166,11.152,9.74083,-0.83105,11.9684,-8.36924,5.75421,20.8866,7.13535,60,14.5387,0,0,0,0,0,0,0,0,0,0,0,0,-0.00344989,0.698589,-1.45217,-0.0277215,0.759008,-1.4402,-0.00703301,0.738609,-1.50043,-0.0239856,0.717059,-1.48568,-0.152581,0.784073,-1.2494,0.149383,0.743898,-1.22259,-0.159203,0.843232,-1.12067,0.105745,25.71,-1.22134,-8.61984e-05,-5.47429e-05,3.29783e-05,-8.0422e-05,6.362e-06,4.93199e-05,-6.27357e-05,2.84069e-05,3.23767e-05,-0.000109812,1.01523e-05,-6.51985e-06,
-8.20219,4.70191,11.1522,9.74099,-0.830991,11.9694,-8.36947,5.75498,20.8855,7.13519,60,14.5378,0,0,0,0,0,0,0,0,0,0,0,0,-0.0034507,0.698588,-1.45217,-0.0277222,0.759008,-1.4402,-0.00703363,0.738608,-1.50043,-0.0239872,0.717057,-1.48568,-0.152582,0.784076,-1.2494,0.149386,0.743898,-1.22257,-0.159206,0.843241,-1.12069,0.105742,25.71,-1.22135,-3.58013e-05,-5.39427e-05,-1.6018e-05,-3.0219e-05,-3.18692e-05,-2.83983e-05,9.39721e-07,-0.000107358,0.000155148,-4.51245e-05,-0.000148034,0.000120099,
-8.20268,4.70168,11.1523,9.74048,-0.830991,11.9684,-8.36966,5.75396,20.886,7.13499,60,14.5376,0,0,0,0,0,0,0,0,0,0,0,0,-0.00344984,0.698588,-1.45217,-0.0277212,0.759007,-1.4402,-0.00703197,0.738606,-1.50042,-0.0239866,0.717054,-1.48568,-0.152587,0.784073,-1.2494,0.149381,0.743897,-1.22259,-0.159205,0.843225,-1.12068,0.105742,25.71,-1.22136,7.87161e-05,-6.66574e-06,-3.08764e-05,8.50949e-05,-3.42847e-05,3.64319e-05,0.000108247,2.46791e-05,-3.70733e-06,6.2582e-05,-7.91414e-05,8.00076e-05,
-8.20256,4.70133,11.1527,9.74055,-0.831139,11.9679,-8.37055,5.75402,20.8876,7.13486,60,14.5383,0,0,0,0,0,0,0,0,0,0,0,0,-0.00344833,0.698588,-1.45217,-0.0277196,0.759007,-1.4402,-0.00702981,0.738608,-1.50042,-0.0239854,0.717054,-1.48568,-0.152585,0.784067,-1.24939,0.149382,0.743896,-1.2226,-0.15922,0.843229,-1.12065,0.10574,25.71,-1.22135,2.32327e-05,1.99907e-05,5.17714e-06,2.9537e-05,1.87005e-05,7.78405e-05,5.98144e-05,0.000100122,-7.12551e-05,1.29019e-05,3.57425e-05,-2.33324e-05,
-8.20203,4.70125,11.1529,9.74123,-0.831105,11.9685,-8.3707,5.75462,20.8882,7.13523,60,14.5384,0,0,0,0,0,0,0,0,0,0,0,0,-0.00344885,0.698588,-1.45217,-0.0277204,0.759008,-1.4402,-0.00702995,0.73861,-1.50043,-0.0239864,0.717055,-1.48568,-0.152579,0.784065,-1.24938,0.14939,0.743898,-1.22259,-0.159226,0.84324,-1.12064,0.105742,25.71,-1.22135,-7.59976e-05,-1.2463e-05,5.19707e-05,-0.000109577,5.57955e-05,-1.94302e-06,-6.59618e-05,5.367e-05,-1.33401e-05,-0.000114027,6.61051e-05,-9.73177e-05,
-8.20113,4.70151,11.1502,9.74106,-0.831388,11.9684,-8.3689,5.75403,20.8861,7.13591,60,14.5405,0,0,0,0,0,0,0,0,0,0,0,0,-0.00345313,0.698587,-1.45216,-0.0277241,0.759009,-1.4402,-0.00703279,0.73861,-1.50042,-0.0239903,0.717056,-1.48568,-0.152569,0.784068,-1.24943,0.149381,0.743894,-1.22259,-0.159198,0.843228,-1.12068,0.105749,25.71,-1.22131,-0.000189858,-6.92105e-05,8.31144e-05,-0.000184717,4.74738e-05,-6.43478e-05,-0.000145178,-2.03959e-05,9.64673e-05,-0.000193303,3.2577e-05,-7.38176e-05,
-8.20214,4.70186,11.1521,9.74082,-0.831014,11.9691,-8.36966,5.75443,20.8857,7.13532,60,14.538,0,0,0,0,0,0,0,0,0,0,0,0,-0.00345485,0.698586,-1.45216,-0.0277258,0.759009,-1.4402,-0.00703385,0.738609,-1.50042,-0.0239923,0.717055,-1.48568,-0.152582,0.784074,-1.2494,0.149382,0.743899,-1.22258,-0.159207,0.843235,-1.12068,0.105742,25.71,-1.22135,9.28625e-05,-1.59883e-05,-7.82279e-05,9.83966e-05,-3.91091e-05,2.14223e-05,0.000112252,-2.50527e-05,3.98479e-05,6.67587e-05,-0.000125255,0.000138136,
-8.20361,4.70207,11.1555,9.74039,-0.830548,11.9687,-8.37152,5.75455,20.8875,7.13449,60,14.5342,0,0,0,0,0,0,0,0,0,0,0,0,-0.00344923,0.698587,-1.45217,-0.02772,0.759007,-1.4402,-0.00702803,0.738609,-1.50042,-0.0239874,0.71705,-1.48567,-0.152599,0.78408,-1.24934,0.149385,0.743904,-1.22258,-0.15923,0.843236,-1.12065,0.105737,25.71,-1.22141,0.000292223,3.29963e-05,-0.000202527,0.00029742,-7.98587e-05,2.38983e-05,0.000301129,-4.15899e-05,-7.66685e-06,0.000257174,-0.000227282,0.00024077,
-8.20227,4.70221,11.1521,9.74154,-0.831062,11.969,-8.37091,5.75499,20.8867,7.13498,60,14.5385,0,0,0,0,0,0,0,0,0,0,0,0,-0.00344623,0.698587,-1.45217,-0.0277176,0.759007,-1.4402,-0.0070245,0.738609,-1.50042,-0.0239847,0.717048,-1.48567,-0.15258,0.784081,-1.2494,0.149397,0.743896,-1.22258,-0.15922,0.843245,-1.12066,0.105744,25.71,-1.22134,-6.65431e-05,-3.30951e-05,0.000114175,-0.000186845,-1.06304e-05,-1.99143e-05,9.9976e-05,3.18536e-06,-3.36768e-06,5.32653e-05,-3.24197e-05,-2.29948e-05,
-8.20082,4.70152,11.1498,9.74147,-0.831447,11.9683,-8.36879,5.75335,20.8869,7.13662,60,14.5418,0,0,0,0,0,0,0,0,0,0,0,0,-0.00345243,0.698586,-1.45217,-0.027723,0.759009,-1.4402,-0.00703105,0.738611,-1.50042,-0.0239925,0.717053,-1.48568,-0.152569,0.784067,-1.24943,0.149384,0.743895,-1.22259,-0.159199,0.843221,-1.12066,0.105755,25.71,-1.22129,-0.000443542,-4.60565e-05,0.000298128,-0.000437621,0.000152458,-1.24611e-05,-0.000316787,0.000166238,-4.40524e-05,-0.00036681,0.000266841,-0.000320023,
-8.20211,4.70161,11.151,9.74037,-0.831403,11.9684,-8.37011,5.7536,20.8865,7.13539,60,14.5401,0,0,0,0,0,0,0,0,0,0,0,0,-0.00345584,0.698586,-1.45216,-0.0277258,0.75901,-1.4402,-0.00703221,0.738614,-1.50043,-0.0239946,0.717056,-1.48568,-0.152584,0.78407,-1.24942,0.149376,0.743893,-1.22259,-0.159212,0.843228,-1.12067,0.105743,25.71,-1.22132,5.68962e-05,2.18081e-05,3.42212e-06,0.000153498,-1.32514e-05,0.000104295,0.000156842,0.000113848,-9.73781e-05,0.000110772,-4.00455e-06,9.87064e-06,
-8.20318,4.70157,11.1529,9.73985,-0.830892,11.9679,-8.37131,5.75363,20.8875,7.13463,60,14.5374,0,0,0,0,0,0,0,0,0,0,0,0,-0.00344906,0.698586,-1.45216,-0.0277215,0.759009,-1.44019,-0.00702799,0.738615,-1.50043,-0.0239901,0.717053,-1.48568,-0.152591,0.78407,-1.24939,0.149375,0.7439,-1.22259,-0.159225,0.843226,-1.12065,0.105737,25.71,-1.22136,0.000280304,3.32829e-05,-0.000204274,0.000348856,-9.62401e-05,4.68628e-05,0.000344743,-1.67022e-05,-7.43082e-06,0.000273671,-0.000246426,0.000279555,
-8.20274,4.70239,11.1525,9.74009,-0.830875,11.9693,-8.37055,5.75456,20.8861,7.13513,60,14.5373,0,0,0,0,0,0,0,0,0,0,0,0,-0.00344606,0.698586,-1.45217,-0.0277163,0.759007,-1.4402,-0.00702264,0.738612,-1.50042,-0.0239868,0.717047,-1.48567,-0.152585,0.784083,-1.2494,0.149378,0.7439,-1.22258,-0.159212,0.843236,-1.12067,0.105744,25.71,-1.22135,7.78756e-05,-3.4495e-05,-0.000181686,8.14805e-05,-3.98662e-05,-0.000136049,9.8156e-05,-0.000180184,0.000170595,5.27599e-05,-0.000253537,0.000198242,
-8.20187,4.70295,11.1524,9.74122,-0.830814,11.9711,-8.36968,5.75531,20.885,7.13601,60,14.5381,0,0,0,0,0,0,0,0,0,0,0,0,-0.0034493,0.698585,-1.45217,-0.0277195,0.759008,-1.4402,-0.00702517,0.738608,-1.50042,-0.0239903,0.717044,-1.48567,-0.152579,0.784091,-1.2494,0.149389,0.743903,-1.22255,-0.159205,0.843247,-1.12069,0.10575,25.71,-1.22134,-0.00019449,-7.28002e-05,-2.86643e-05,-0.000190896,3.73822e-05,-0.000184788,-0.000157276,-0.00013519,0.000191724,-0.000204279,-9.46184e-05,4.27811e-05,
-8.20241,4.70239,11.1518,9.74049,-0.830748,11.9695,-8.36962,5.75394,20.8858,7.13593,60,14.5388,0,0,0,0,0,0,0,0,0,0,0,0,-0.00345185,0.698584,-1.45217,-0.0277219,0.759009,-1.4402,-0.00702705,0.738607,-1.50042,-0.023993,0.717043,-1.48567,-0.152587,0.784083,-1.24941,0.149378,0.743904,-1.22258,-0.159203,0.843225,-1.12068,0.105749,25.71,-1.22133,-1.19057e-05,1.46938e-05,1.19467e-05,-6.46482e-06,6.51161e-06,-2.65016e-05,-5.30826e-05,3.62982e-05,5.17081e-06,-0.00010028,2.72239e-06,-4.03773e-05,
-8.20308,4.70194,11.152,9.73994,-0.831324,11.9676,-8.37074,5.75305,20.8877,7.13523,60,14.5391,0,0,0,0,0,0,0,0,0,0,0,0,-0.00344937,0.698585,-1.45217,-0.0277193,0.759009,-1.4402,-0.00702416,0.738611,-1.50042,-0.0239911,0.717045,-1.48567,-0.152591,0.784077,-1.24941,0.149376,0.743894,-1.2226,-0.159214,0.843219,-1.12065,0.105745,25.71,-1.22133,0.000198211,8.38689e-05,2.87557e-05,0.000205196,6.58698e-07,0.000202874,0.000217489,0.000268249,-0.000268007,0.000171122,0.000106292,-4.15734e-05,
-8.20266,4.70205,11.1518,9.74021,-0.831398,11.9684,-8.37044,5.75358,20.8873,7.1357,60,14.5393,0,0,0,0,0,0,0,0,0,0,0,0,-0.00344698,0.698587,-1.45217,-0.0277168,0.759009,-1.4402,-0.00702104,0.738616,-1.50043,-0.0239891,0.717047,-1.48567,-0.152586,0.784079,-1.24941,0.149378,0.743893,-1.22259,-0.159211,0.843229,-1.12066,0.10575,25.71,-1.22133,1.07156e-05,2.75192e-05,1.12322e-05,1.7861e-05,1.86841e-05,8.60721e-05,6.42371e-06,8.44728e-05,-4.2869e-05,-4.13427e-05,4.28471e-05,-6.96946e-05,
-8.202,4.70247,11.1526,9.74083,-0.83134,11.9695,-8.37016,5.75429,20.8864,7.13613,60,14.5386,0,0,0,0,0,0,0,0,0,0,0,0,-0.0034503,0.698586,-1.45217,-0.02772,0.75901,-1.4402,-0.00702285,0.738615,-1.50042,-0.0239919,0.717047,-1.48567,-0.152582,0.784084,-1.2494,0.149382,0.743895,-1.22257,-0.15921,0.843236,-1.12067,0.105752,25.71,-1.22134,-0.000157605,-5.20726e-05,-3.19869e-05,-0.000151562,1.98462e-05,-9.60152e-05,-9.07398e-05,-0.00010395,0.000138436,-0.000161145,-3.10774e-05,-6.08781e-06,
-8.20215,4.70266,11.1531,9.74112,-0.83127,11.9701,-8.37025,5.75446,20.8857,7.136,60,14.5375,0,0,0,0,0,0,0,0,0,0,0,0,-0.003452,0.698585,-1.45217,-0.0277216,0.75901,-1.4402,-0.00702361,0.738613,-1.50042,-0.0239935,0.717045,-1.48567,-0.152584,0.784087,-1.24939,0.149387,0.743896,-1.22256,-0.159211,0.843237,-1.12068,0.105751,25.71,-1.22135,-9.31232e-05,-4.12461e-05,-7.12777e-05,-8.65631e-05,-4.58396e-08,-6.95673e-05,-2.6838e-05,-0.000111492,0.000111843,-4.57274e-05,-0.000108277,8.69889e-05,
-8.20254,4.7024,11.1527,9.74073,-0.831176,11.9686,-8.37082,5.75367,20.8865,7.13569,60,14.5378,0,0,0,0,0,0,0,0,0,0,0,0,-0.00345197,0.698585,-1.45217,-0.0277214,0.759009,-1.4402,-0.0070221,0.738613,-1.50042,-0.0239929,0.717043,-1.48567,-0.152588,0.784084,-1.2494,0.149384,0.743896,-1.22258,-0.159216,0.843226,-1.12067,0.105748,25.71,-1.22135,4.924e-05,1.23554e-05,-1.34848e-05,5.69417e-05,-2.07349e-05,0.000114145,0.000106661,5.44439e-05,-1.84815e-05,6.0403e-05,-2.12454e-05,4.71449e-05,
-8.20247,4.70216,11.1527,9.74079,-0.831393,11.9681,-8.37128,5.75339,20.8874,7.13573,60,14.5382,0,0,0,0,0,0,0,0,0,0,0,0,-0.00345091,0.698585,-1.45217,-0.0277201,0.759009,-1.44019,-0.00701981,0.738615,-1.50042,-0.0239916,0.717044,-1.48567,-0.152586,0.78408,-1.24939,0.149386,0.743893,-1.22259,-0.159223,0.843226,-1.12065,0.10575,25.71,-1.22134,1.43471e-05,1.4172e-05,6.46337e-05,2.31686e-05,-3.84116e-06,0.000159139,7.63154e-05,0.000148847,-0.000107048,2.89348e-05,8.41704e-05,-4.31003e-05,
-8.20206,4.70213,11.1527,9.74087,-0.831507,11.9674,-8.37112,5.75319,20.8878,7.13612,60,14.5381,0,0,0,0,0,0,0,0,0,0,0,0,-0.00345195,0.698585,-1.45217,-0.027721,0.759009,-1.44019,-0.00701967,0.738617,-1.50042,-0.0239923,0.717046,-1.48567,-0.152583,0.784078,-1.24939,0.149383,0.743892,-1.2226,-0.159223,0.843223,-1.12065,0.105753,25.71,-1.22134,-0.000100712,-1.88868e-05,0.000108604,-9.23475e-05,3.14825e-05,0.00012446,-2.95471e-05,9.72991e-05,-1.84992e-05,-7.76702e-05,9.66255e-05,-8.69965e-05,
-8.20123,4.70244,11.1516,9.74115,-0.831738,11.968,-8.37022,5.75353,20.8864,7.13659,60,14.539,0,0,0,0,0,0,0,0,0,0,0,0,-0.00345577,0.698584,-1.45217,-0.0277247,0.75901,-1.44019,-0.00702171,0.738618,-1.50042,-0.0239955,0.717047,-1.48567,-0.152574,0.784081,-1.24941,0.149383,0.743888,-1.22259,-0.15921,0.843227,-1.12067,0.105757,25.71,-1.22133,-0.000178289,-6.93716e-05,6.03432e-05,-0.000171203,2.78847e-05,4.6618e-06,-0.000105656,-3.1677e-05,0.000111078,-0.000153434,1.67287e-05,-2.24891e-05,
-8.20148,4.70238,11.1525,9.74103,-0.831574,11.968,-8.37046,5.75355,20.8864,7.13641,60,14.5377,0,0,0,0,0,0,0,0,0,0,0,0,-0.0034583,0.698583,-1.45217,-0.0277271,0.75901,-1.44019,-0.00702305,0.738616,-1.50042,-0.0239977,0.717046,-1.48567,-0.152578,0.78408,-1.24939,0.149381,0.743891,-1.22259,-0.159213,0.843225,-1.12067,0.105754,25.71,-1.22135,-6.76743e-05,-4.05474e-05,-2.63831e-05,-6.10499e-05,3.51113e-06,-1.44128e-05,-5.85669e-06,-7.73422e-05,0.000102746,-5.21985e-05,-8.28156e-05,7.71404e-05,
-8.20215,4.70278,11.1527,9.74082,-0.831624,11.9689,-8.37074,5.75374,20.8853,7.13598,60,14.5371,0,0,0,0,0,0,0,0,0,0,0,0,-0.00345675,0.698583,-1.45217,-0.0277254,0.75901,-1.44019,-0.00702041,0.738615,-1.50042,-0.023996,0.717043,-1.48567,-0.152584,0.784088,-1.2494,0.149383,0.743888,-1.22257,-0.159212,0.843227,-1.12069,0.105752,25.71,-1.22135,0.000105307,-9.71933e-06,-0.000126667,0.000111866,-2.90897e-05,-1.06118e-05,0.000153623,-7.02128e-05,6.164e-05,0.000107979,-0.000145404,0.000161077,
-8.20258,4.70284,11.154,9.74073,-0.831404,11.9683,-8.3713,5.75339,20.8866,7.13589,60,14.5364,0,0,0,0,0,0,0,0,0,0,0,0,-0.00345487,0.698583,-1.45217,-0.0277234,0.759009,-1.44019,-0.00701752,0.738614,-1.50042,-0.0239941,0.717041,-1.48567,-0.15259,0.78409,-1.24937,0.149383,0.743893,-1.22258,-0.15922,0.843222,-1.12066,0.105752,25.71,-1.22137,8.60137e-05,2.28802e-05,-7.94603e-05,9.26809e-05,-5.41014e-07,2.34794e-05,0.000134221,5.73499e-06,-1.69405e-05,8.78031e-05,-6.1888e-05,5.11432e-05,
-8.20197,4.70275,11.152,9.74081,-0.831768,11.9683,-8.37096,5.75326,20.8868,7.13624,60,14.5394,0,0,0,0,0,0,0,0,0,0,0,0,-0.0034541,0.698583,-1.45217,-0.0277225,0.75901,-1.44019,-0.00701565,0.738616,-1.50042,-0.0239932,0.717042,-1.48567,-0.152582,0.784088,-1.24941,0.149382,0.743888,-1.22259,-0.159215,0.843222,-1.12066,0.105755,25.71,-1.22132,-5.67008e-05,2.73509e-06,4.25112e-05,-5.02316e-05,4.48288e-05,-1.98872e-06,2.16946e-06,8.09742e-05,-3.79741e-05,-4.58081e-05,8.15949e-05,-0.000113042,
-8.20144,4.70268,11.1512,9.74115,-0.831723,11.9689,-8.37075,5.75359,20.8866,7.13652,60,14.541,0,0,0,0,0,0,0,0,0,0,0,0,-0.0034567,0.698583,-1.45217,-0.0277249,0.759011,-1.44019,-0.00701711,0.738617,-1.50042,-0.0239955,0.717044,-1.48567,-0.152578,0.784086,-1.24942,0.149383,0.743891,-1.22257,-0.159215,0.84323,-1.12067,0.105756,25.71,-1.22129,-0.000171026,-1.82755e-05,9.45121e-05,-0.00016431,8.33182e-05,7.11522e-06,-0.000104723,8.44291e-05,-3.82826e-05,-0.000153503,0.000131741,-0.000163546,
-8.20233,4.70286,11.1529,9.74076,-0.831527,11.969,-8.37128,5.75342,20.8862,7.13614,60,14.5383,0,0,0,0,0,0,0,0,0,0,0,0,-0.00345758,0.698583,-1.45217,-0.0277257,0.759012,-1.44019,-0.00701678,0.738618,-1.50042,-0.0239962,0.717045,-1.48567,-0.15259,0.784089,-1.24939,0.14938,0.743893,-1.22257,-0.159219,0.843226,-1.12067,0.105753,25.71,-1.22134,4.3811e-05,-6.4644e-06,-4.65194e-05,5.04195e-05,-9.31093e-06,2.20264e-05,9.39588e-05,2.53613e-06,-1.64278e-05,4.75519e-05,-6.1316e-05,6.81963e-05,
-8.20294,4.70308,11.1546,9.74037,-0.831069,11.9682,-8.37239,5.75355,20.8874,7.13565,60,14.5363,0,0,0,0,0,0,0,0,0,0,0,0,-0.00345426,0.698583,-1.45217,-0.0277222,0.759011,-1.44019,-0.00701264,0.738617,-1.50042,-0.023993,0.717041,-1.48567,-0.152595,0.784093,-1.24937,0.149379,0.743899,-1.22259,-0.159233,0.843225,-1.12065,0.10575,25.71,-1.22137,0.000155536,-9.19452e-06,-0.000125132,0.000161763,-6.3467e-05,7.15517e-06,0.00019314,-6.34451e-05,5.38496e-05,0.000147849,-0.000155877,0.000163867,
-8.20157,4.70296,11.152,9.74098,-0.831544,11.9682,-8.37109,5.75367,20.8868,7.13662,60,14.5392,0,0,0,0,0,0,0,0,0,0,0,0,-0.00345383,0.698582,-1.45217,-0.0277217,0.75901,-1.44019,-0.00701177,0.738616,-1.50042,-0.0239933,0.717039,-1.48567,-0.152576,0.784089,-1.24941,0.149382,0.743892,-1.22259,-0.159217,0.843227,-1.12066,0.105759,25.71,-1.22132,-0.000123328,-5.68727e-05,4.85017e-05,-0.00019412,3.43966e-05,-3.98283e-05,-0.000143622,-4.89968e-05,0.000109334,-0.000191725,6.19288e-06,-3.55387e-05,
-8.20098,4.70315,11.1518,9.7415,-0.831551,11.9694,-8.37071,5.75407,20.8857,7.13694,60,14.5394,0,0,0,0,0,0,0,0,0,0,0,0,-0.00346048,0.69858,-1.45217,-0.0277282,0.759012,-1.44019,-0.00701651,0.738615,-1.50042,-0.0239991,0.717041,-1.48567,-0.152574,0.78409,-1.24941,0.149386,0.743894,-1.22257,-0.159215,0.843234,-1.12067,0.105759,25.71,-1.22132,-0.000185216,-7.3115e-05,8.98074e-05,-0.000179372,3.70347e-05,-5.77518e-05,-0.000137005,-2.48982e-05,9.13208e-05,-0.000184876,2.15379e-05,-5.13889e-05,
-8.20228,4.70314,11.1535,9.7406,-0.831566,11.968,-8.37107,5.75281,20.8858,7.13647,60,14.5364,0,0,0,0,0,0,0,0,0,0,0,0,-0.00346052,0.698579,-1.45217,-0.0277281,0.759012,-1.44019,-0.00701598,0.738615,-1.50042,-0.0239993,0.71704,-1.48567,-0.15259,0.784091,-1.24938,0.149377,0.743891,-1.22259,-0.159214,0.843211,-1.12067,0.105757,25.71,-1.22137,0.00012293,-1.19887e-06,-6.61268e-05,0.000128549,-3.7818e-05,5.74724e-05,0.000144289,2.61146e-06,5.2636e-06,9.90613e-05,-0.000104463,0.000109453,
-8.20262,4.70355,11.1535,9.74068,-0.831869,11.9685,-8.37144,5.75314,20.8858,7.13631,60,14.5368,0,0,0,0,0,0,0,0,0,0,0,0,-0.00345609,0.69858,-1.45217,-0.0277236,0.759011,-1.44019,-0.00701126,0.738616,-1.50042,-0.0239956,0.717037,-1.48567,-0.152591,0.7841,-1.24938,0.149383,0.743885,-1.22258,-0.159215,0.84322,-1.12068,0.105758,25.71,-1.22136,0.000138442,2.63602e-05,-3.13622e-05,0.000143956,-2.01857e-05,5.11632e-05,0.000158427,5.94603e-05,-5.15039e-05,0.000112737,-4.7055e-05,7.08512e-05,
-8.20203,4.7034,11.1523,9.741,-0.831841,11.9688,-8.3712,5.75314,20.8861,7.13666,60,14.539,0,0,0,0,0,0,0,0,0,0,0,0,-0.00345607,0.69858,-1.45217,-0.0277233,0.759011,-1.44019,-0.0070105,0.738617,-1.50042,-0.0239956,0.717038,-1.48567,-0.152585,0.784096,-1.2494,0.149385,0.743887,-1.22258,-0.159214,0.843222,-1.12067,0.105761,25.71,-1.22132,-4.78251e-05,5.05964e-06,6.07766e-05,-3.3885e-05,3.85121e-05,2.23047e-05,-1.59769e-06,9.79711e-05,-6.09819e-05,-4.91946e-05,6.5316e-05,-8.57011e-05,
-8.20186,4.70264,11.1523,9.74094,-0.831731,11.9683,-8.37232,5.75306,20.8878,7.13636,60,14.5403,0,0,0,0,0,0,0,0,0,0,0,0,-0.00345709,0.69858,-1.45217,-0.0277243,0.759012,-1.44019,-0.00701081,0.73862,-1.50042,-0.023997,0.71704,-1.48567,-0.152583,0.784083,-1.2494,0.149383,0.743891,-1.22258,-0.159235,0.843224,-1.12064,0.105754,25.71,-1.22131,-4.85866e-05,2.17108e-05,7.90644e-05,-4.18312e-05,6.34678e-05,4.73696e-05,-5.84658e-06,0.0001482,-8.85095e-05,-5.37233e-05,0.000126409,-0.000135598,
-8.20254,4.70304,11.1536,9.74076,-0.83186,11.9688,-8.37225,5.75281,20.8868,7.13646,60,14.5375,0,0,0,0,0,0,0,0,0,0,0,0,-0.0034563,0.69858,-1.45217,-0.0277234,0.759013,-1.44019,-0.00700923,0.738622,-1.50042,-0.0239964,0.717042,-1.48567,-0.152592,0.78409,-1.24938,0.149382,0.743888,-1.22257,-0.15923,0.843219,-1.12066,0.105758,25.71,-1.22135,4.11953e-05,-3.03604e-07,8.86156e-06,4.74267e-05,4.31118e-06,1.81908e-05,7.67636e-05,4.00275e-05,-1.23397e-05,2.97717e-05,-8.04144e-06,4.96498e-06,
-8.20178,4.70374,11.1526,9.7412,-0.831484,11.9694,-8.37178,5.75372,20.8858,7.1368,60,14.5383,0,0,0,0,0,0,0,0,0,0,0,0,-0.00345688,0.698579,-1.45217,-0.0277239,0.759012,-1.44019,-0.00700914,0.738621,-1.50042,-0.0239973,0.71704,-1.48567,-0.152582,0.7841,-1.2494,0.149387,0.743894,-1.22257,-0.159225,0.843231,-1.12067,0.10576,25.71,-1.22134,-8.1933e-05,-7.05965e-05,1.85199e-05,-7.69709e-05,-1.40465e-05,-7.0585e-05,-4.96364e-05,-0.000107638,0.000148748,-9.6162e-05,-8.86815e-05,7.05302e-05,
-8.2017,4.70359,11.1519,9.74093,-0.831674,11.9686,-8.37103,5.75284,20.8852,7.13713,60,14.5384,0,0,0,0,0,0,0,0,0,0,0,0,-0.00345943,0.698578,-1.45217,-0.0277263,0.759012,-1.44019,-0.00701097,0.738619,-1.50042,-0.0240001,0.717038,-1.48567,-0.152583,0.784096,-1.2494,0.14938,0.743891,-1.22258,-0.159213,0.843215,-1.12068,0.105763,25.71,-1.22133,-7.87976e-05,-5.74478e-05,5.62268e-05,-7.33357e-05,-2.23418e-06,8.62814e-06,-5.00529e-05,-2.99193e-05,9.30679e-05,-9.68673e-05,-4.4602e-05,4.45028e-05,
-8.20258,4.70362,11.154,9.74065,-0.831647,11.968,-8.3721,5.75261,20.8864,7.13674,60,14.5362,0,0,0,0,0,0,0,0,0,0,0,0,-0.00345876,0.698577,-1.45217,-0.0277256,0.759012,-1.44019,-0.00701,0.738619,-1.50042,-0.0239999,0.717038,-1.48567,-0.152594,0.784098,-1.24937,0.14938,0.74389,-1.22259,-0.159227,0.843214,-1.12066,0.105761,25.71,-1.22137,0.00010011,-5.68182e-06,3.49902e-05,0.000105662,-3.38127e-05,8.29119e-05,0.000112608,6.89581e-05,-1.90965e-05,6.66741e-05,-4.17581e-05,5.82089e-05,
-8.20246,4.70357,11.154,9.7412,-0.831747,11.9692,-8.37274,5.75337,20.8868,7.13677,60,14.5368,0,0,0,0,0,0,0,0,0,0,0,0,-0.00345603,0.698577,-1.45217,-0.0277227,0.759011,-1.44019,-0.00700687,0.738621,-1.50042,-0.0239979,0.717037,-1.48567,-0.15259,0.784097,-1.24937,0.149392,0.743889,-1.22256,-0.159238,0.843229,-1.12066,0.105761,25.71,-1.22136,6.02311e-05,-4.64614e-06,2.50519e-05,6.59953e-05,-6.35439e-06,1.22801e-05,2.13006e-05,4.92738e-05,-1.52771e-05,-2.59811e-05,1.84076e-05,-3.92223e-05,
-8.20141,4.70352,11.1521,9.74157,-0.831912,11.9685,-8.37174,5.75268,20.8866,7.13749,60,14.5391,0,0,0,0,0,0,0,0,0,0,0,0,-0.00345904,0.698577,-1.45216,-0.0277256,0.759013,-1.44019,-0.00700908,0.738622,-1.50042,-0.0240011,0.717039,-1.48567,-0.15258,0.784094,-1.24939,0.14939,0.743888,-1.22258,-0.159226,0.843219,-1.12066,0.105767,25.71,-1.22133,-0.000174805,-4.81908e-05,0.00017919,-0.000169326,6.58353e-05,2.31471e-06,-0.00013747,9.5049e-05,-1.75152e-05,-0.000186341,0.000144586,-0.000180981,
-8.20178,4.70347,11.1522,9.74141,-0.832335,11.9686,-8.37158,5.75225,20.8857,7.13752,60,14.5385,0,0,0,0,0,0,0,0,0,0,0,0,-0.00346137,0.698576,-1.45216,-0.0277278,0.759014,-1.44019,-0.00701087,0.738624,-1.50042,-0.0240038,0.717041,-1.48567,-0.152586,0.784093,-1.24939,0.149387,0.743881,-1.22257,-0.159222,0.843213,-1.12068,0.105767,25.71,-1.22134,-6.14839e-05,-3.0923e-05,0.00016024,-5.53619e-05,4.66896e-05,7.77365e-05,-3.56998e-05,0.000116702,-5.8816e-05,-8.3757e-05,0.000105799,-0.000110775,
-8.20254,4.70352,11.1522,9.74059,-0.831797,11.9679,-8.3726,5.75215,20.8864,7.13669,60,14.5384,0,0,0,0,0,0,0,0,0,0,0,0,-0.00345901,0.698576,-1.45216,-0.0277253,0.759013,-1.44018,-0.00700812,0.738626,-1.50042,-0.0240022,0.717041,-1.48567,-0.152592,0.784094,-1.24939,0.149381,0.743888,-1.22258,-0.159233,0.843213,-1.12067,0.105759,25.71,-1.22134,0.000169558,-4.39503e-06,-5.56134e-06,0.000175589,-4.16873e-05,0.000104557,0.000182621,7.14176e-05,-6.32498e-05,0.00013689,-4.9889e-05,5.86888e-05,
-8.20256,4.7034,11.152,9.74038,-0.831808,11.9681,-8.37294,5.75233,20.8865,7.13652,60,14.5386,0,0,0,0,0,0,0,0,0,0,0,0,-0.00345653,0.698576,-1.45216,-0.0277227,0.759012,-1.44018,-0.00700543,0.738627,-1.50042,-0.0240001,0.71704,-1.48567,-0.15259,0.784092,-1.2494,0.149379,0.743888,-1.22258,-0.159236,0.843215,-1.12066,0.105758,25.71,-1.22133,0.000159905,3.75936e-06,-2.65297e-05,0.000165519,-2.61356e-05,4.25473e-05,0.000176963,1.91568e-05,-2.68683e-06,0.00013137,-8.95782e-05,9.8791e-05,
-8.20194,4.70391,11.1521,9.74069,-0.831728,11.9691,-8.372,5.75278,20.8854,7.13723,60,14.5383,0,0,0,0,0,0,0,0,0,0,0,0,-0.00345629,0.698575,-1.45216,-0.0277224,0.759012,-1.44018,-0.00700454,0.738625,-1.50042,-0.0240004,0.717038,-1.48567,-0.152584,0.784099,-1.2494,0.149379,0.74389,-1.22257,-0.159224,0.843218,-1.12068,0.105765,25.71,-1.22133,-7.34741e-05,-5.32774e-05,-5.67622e-05,-6.93192e-05,5.99068e-06,-0.000128193,-4.26413e-05,-0.000121625,0.000158843,-8.94354e-05,-0.00013218,8.71146e-05,
-8.20201,4.70448,11.1538,9.74117,-0.831333,11.97,-8.37243,5.75372,20.8856,7.13722,60,14.5368,0,0,0,0,0,0,0,0,0,0,0,0,-0.00345809,0.698574,-1.45216,-0.0277241,0.759013,-1.44019,-0.00700581,0.738622,-1.50041,-0.0240027,0.717034,-1.48567,-0.152588,0.784108,-1.24937,0.149386,0.743898,-1.22255,-0.159234,0.843231,-1.12067,0.105763,25.71,-1.22136,-9.64422e-05,-6.89794e-05,-8.4349e-05,-9.26137e-05,9.56636e-06,-0.000154636,-6.72958e-05,-0.000166112,0.000179012,-7.8485e-05,-0.000168988,0.000101883,
-8.20219,4.70426,11.1531,9.74113,-0.831321,11.9698,-8.37267,5.75329,20.886,7.13707,60,14.5378,0,0,0,0,0,0,0,0,0,0,0,0,-0.00345797,0.698573,-1.45216,-0.0277239,0.759012,-1.44019,-0.00700518,0.73862,-1.50041,-0.0240028,0.717032,-1.48567,-0.152588,0.784104,-1.24938,0.149389,0.743897,-1.22256,-0.159234,0.843226,-1.12067,0.105762,25.71,-1.22134,3.62052e-05,-1.92985e-05,-7.64455e-05,4.06899e-05,-1.11758e-05,-4.25095e-05,4.91908e-05,1.06746e-05,2.33565e-05,2.47003e-06,-4.89987e-05,8.13337e-06,
-8.20238,4.70427,11.1524,9.74131,-0.831763,11.97,-8.37235,5.75275,20.8855,7.13736,60,14.5384,0,0,0,0,0,0,0,0,0,0,0,0,-0.0034576,0.698573,-1.45216,-0.0277234,0.759013,-1.44019,-0.00700435,0.738623,-1.50041,-0.0240031,0.717033,-1.48567,-0.152591,0.784106,-1.24939,0.149392,0.743891,-1.22255,-0.159228,0.843222,-1.12068,0.105767,25.71,-1.22134,1.52974e-05,2.05953e-05,7.88501e-05,2.11899e-05,2.89116e-05,7.69475e-05,3.24898e-05,0.000158039,-0.000110241,-1.48846e-05,8.87345e-05,-0.000104273,
-8.20253,4.70391,11.1523,9.74111,-0.831318,11.9689,-8.37357,5.75276,20.8875,7.13691,60,14.5393,0,0,0,0,0,0,0,0,0,0,0,0,-0.00345677,0.698573,-1.45216,-0.0277225,0.759013,-1.44019,-0.00700321,0.738626,-1.50042,-0.024003,0.717035,-1.48567,-0.152592,0.7841,-1.24939,0.149391,0.743899,-1.22257,-0.159248,0.843227,-1.12065,0.10576,25.71,-1.22132,8.22204e-05,2.55257e-05,9.41336e-05,8.83891e-05,3.81388e-06,0.000158737,9.57352e-05,0.000199634,-0.000185985,4.87146e-05,0.000103986,-0.000103091,
-8.20255,4.70371,11.1515,9.74046,-0.831771,11.9682,-8.37294,5.75184,20.8868,7.13719,60,14.5394,0,0,0,0,0,0,0,0,0,0,0,0,-0.00345494,0.698574,-1.45216,-0.0277205,0.759013,-1.44018,-0.00700106,0.73863,-1.50042,-0.0240018,0.717037,-1.48567,-0.152592,0.784096,-1.2494,0.14938,0.74389,-1.22258,-0.159235,0.843212,-1.12066,0.105765,25.71,-1.22132,2.52704e-05,-3.55211e-06,7.48045e-05,3.11337e-05,4.33724e-06,9.61585e-05,4.21289e-05,0.000123474,-6.33811e-05,-4.49301e-06,4.18461e-05,-3.21013e-05,
-8.20203,4.704,11.1517,9.74064,-0.8318,11.9685,-8.37249,5.75232,20.8862,7.13757,60,14.5388,0,0,0,0,0,0,0,0,0,0,0,0,-0.00345586,0.698574,-1.45216,-0.0277213,0.759013,-1.44018,-0.00700166,0.738631,-1.50042,-0.0240032,0.717036,-1.48567,-0.152586,0.7841,-1.2494,0.149379,0.74389,-1.22257,-0.15923,0.843218,-1.12067,0.105768,25.71,-1.22133,-8.34399e-05,-3.74926e-05,2.74619e-05,-7.86809e-05,-1.32122e-06,-2.26227e-05,-6.31503e-05,-3.21871e-05,7.34981e-05,-0.000109723,-6.60934e-05,6.13649e-05,
-8.20217,4.70455,11.1525,9.74077,-0.831785,11.9697,-8.37215,5.75273,20.8847,7.13768,60,14.5372,0,0,0,0,0,0,0,0,0,0,0,0,-0.00345746,0.698572,-1.45216,-0.0277228,0.759013,-1.44018,-0.00700277,0.738629,-1.50041,-0.0240053,0.717034,-1.48567,-0.152589,0.784108,-1.24939,0.149381,0.743889,-1.22256,-0.159224,0.84322,-1.12069,0.105769,25.71,-1.22135,-4.34158e-05,-5.19952e-05,-8.11147e-05,-3.91626e-05,-1.90106e-05,-0.000103511,-2.03754e-05,-0.000141435,0.000161316,-6.59011e-05,-0.00019142,0.000184879,
-8.20234,4.70428,11.1538,9.74089,-0.831312,11.9692,-8.37327,5.75298,20.8864,7.13723,60,14.5366,0,0,0,0,0,0,0,0,0,0,0,0,-0.00345718,0.698572,-1.45216,-0.0277225,0.759012,-1.44019,-0.00700204,0.738626,-1.50041,-0.0240055,0.717029,-1.48566,-0.152589,0.784105,-1.24937,0.149386,0.743897,-1.22257,-0.159241,0.843224,-1.12066,0.105763,25.71,-1.22136,5.72897e-05,1.01026e-05,-0.000143631,6.23438e-05,-2.70557e-05,-3.686e-05,7.93244e-05,-6.5994e-05,6.20254e-05,3.38944e-05,-0.000165294,0.000151962,
-8.20215,4.70398,11.1531,9.74075,-0.831813,11.9682,-8.37274,5.75198,20.8868,7.13765,60,14.537,0,0,0,0,0,0,0,0,0,0,0,0,-0.00345614,0.698572,-1.45216,-0.0277213,0.759012,-1.44019,-0.00700043,0.738627,-1.50041,-0.0240049,0.717028,-1.48566,-0.152587,0.7841,-1.24938,0.149383,0.743889,-1.22258,-0.159232,0.843209,-1.12065,0.10577,25.71,-1.22135,-2.38558e-05,2.1122e-05,-2.67048e-05,-1.84012e-05,1.80883e-05,3.00964e-07,7.6223e-06,5.66754e-05,-2.54161e-05,-3.94462e-05,-2.86814e-05,2.85812e-05,
-8.20162,4.70429,11.1526,9.74134,-0.832038,11.9689,-8.3723,5.75256,20.8865,7.13813,60,14.5381,0,0,0,0,0,0,0,0,0,0,0,0,-0.0034581,0.698573,-1.45216,-0.0277232,0.759013,-1.44019,-0.00700176,0.738628,-1.50041,-0.024007,0.717029,-1.48566,-0.152582,0.784105,-1.24939,0.149389,0.743887,-1.22257,-0.159228,0.843222,-1.12066,0.105773,25.71,-1.22134,-0.00015001,2.8313e-06,5.90079e-05,-0.000144542,6.9365e-05,-8.61687e-06,-0.000111452,7.28397e-05,-2.42585e-05,-0.00015965,8.60689e-05,-0.000103201,
-8.20159,4.70404,11.152,9.74119,-0.831967,11.9689,-8.37226,5.75228,20.8863,7.13804,60,14.5389,0,0,0,0,0,0,0,0,0,0,0,0,-0.00346088,0.698572,-1.45216,-0.0277258,0.759014,-1.44019,-0.00700366,0.738629,-1.50041,-0.0240099,0.71703,-1.48567,-0.152582,0.784101,-1.2494,0.149385,0.743888,-1.22257,-0.159227,0.843217,-1.12066,0.105771,25.71,-1.22132,-6.81003e-05,1.00376e-05,-7.80491e-06,-6.19709e-05,2.98556e-05,4.18663e-06,-2.78127e-05,5.13073e-05,-1.35808e-05,-7.50842e-05,1.85461e-05,-5.23758e-05,
-8.20259,4.70401,11.154,9.74068,-0.831902,11.9684,-8.37322,5.75192,20.887,7.13752,60,14.5365,0,0,0,0,0,0,0,0,0,0,0,0,-0.00345961,0.698573,-1.45216,-0.0277244,0.759014,-1.44019,-0.00700167,0.73863,-1.50041,-0.0240089,0.71703,-1.48567,-0.152594,0.784101,-1.24937,0.149382,0.743889,-1.22258,-0.159238,0.843212,-1.12065,0.105767,25.71,-1.22136,0.000128238,3.95006e-05,-8.71597e-05,0.000134536,-1.74931e-05,4.37975e-05,0.000159489,5.17885e-05,-6.13232e-05,0.000113996,-6.17644e-05,0.000101934,
-8.20224,4.70444,11.153,9.74097,-0.832267,11.9692,-8.37277,5.75229,20.8856,7.13781,60,14.5372,0,0,0,0,0,0,0,0,0,0,0,0,-0.00345679,0.698573,-1.45216,-0.0277215,0.759014,-1.44019,-0.00699797,0.73863,-1.50041,-0.0240063,0.717027,-1.48566,-0.152589,0.784108,-1.24938,0.149387,0.743882,-1.22256,-0.159229,0.843217,-1.12067,0.105772,25.71,-1.22135,-1.27812e-05,-1.06551e-05,-4.06981e-05,-6.97576e-06,1.39611e-05,-2.31462e-05,3.43719e-05,-3.97534e-05,7.70967e-05,-1.23582e-05,-7.48709e-05,4.5402e-05,
-8.20194,4.70456,11.1542,9.74161,-0.83181,11.9698,-8.37312,5.75276,20.8861,7.13808,60,14.5367,0,0,0,0,0,0,0,0,0,0,0,0,-0.00345862,0.698573,-1.45216,-0.0277232,0.759014,-1.44019,-0.006999,0.73863,-1.50041,-0.0240085,0.717027,-1.48566,-0.152589,0.784109,-1.24936,0.149393,0.743891,-1.22255,-0.15924,0.843225,-1.12066,0.105772,25.71,-1.22136,-0.00016702,-3.1107e-05,9.2047e-06,-0.000160912,3.22101e-05,-3.23843e-05,-0.000107063,-4.00972e-05,9.02976e-05,-0.00012318,3.19202e-06,-7.42201e-06,
-8.20232,4.7044,11.1545,9.74172,-0.832217,11.9693,-8.37363,5.75211,20.8863,7.13805,60,14.536,0,0,0,0,0,0,0,0,0,0,0,0,-0.0034601,0.698572,-1.45216,-0.0277245,0.759015,-1.44019,-0.00699919,0.73863,-1.50041,-0.0240094,0.717028,-1.48566,-0.152594,0.784106,-1.24935,0.149397,0.743885,-1.22256,-0.159246,0.843216,-1.12066,0.105773,25.71,-1.22137,-3.16791e-05,-2.42911e-05,7.63444e-05,-2.32569e-05,2.76079e-05,9.60734e-05,2.45416e-05,8.73414e-05,-4.13153e-05,-2.31767e-05,7.00876e-05,-6.20549e-05,
-8.20148,4.70373,11.1511,9.74141,-0.832197,11.9675,-8.37362,5.75142,20.8873,7.13799,60,14.5403,0,0,0,0,0,0,0,0,0,0,0,0,-0.00346083,0.698572,-1.45216,-0.0277253,0.759016,-1.44018,-0.00699893,0.738634,-1.50041,-0.0240101,0.717031,-1.48567,-0.15258,0.784094,-1.24941,0.149389,0.743886,-1.22259,-0.159247,0.843209,-1.12065,0.10577,25.71,-1.2213,-5.68988e-05,-2.10132e-05,0.000192297,-6.66577e-05,3.99854e-05,0.000181189,-1.81892e-05,0.000174116,-7.48376e-05,-6.6794e-05,0.000196443,-0.000180031,
-8.2015,4.70371,11.1514,9.74129,-0.832312,11.9683,-8.37348,5.75155,20.8861,7.13811,60,14.539,0,0,0,0,0,0,0,0,0,0,0,0,-0.0034628,0.698571,-1.45216,-0.0277269,0.759016,-1.44018,-0.00699947,0.738637,-1.50041,-0.0240117,0.717034,-1.48567,-0.152582,0.784092,-1.2494,0.149387,0.743883,-1.22257,-0.159244,0.843212,-1.12067,0.105771,25.71,-1.22133,-3.13642e-05,-3.36725e-05,0.000140815,-2.38772e-05,1.76394e-06,0.000103841,1.86502e-05,6.87146e-05,1.08382e-05,-2.87257e-05,6.30015e-05,-2.7957e-05,
-8.20202,4.70429,11.153,9.74097,-0.831563,11.9686,-8.37428,5.75231,20.8863,7.13765,60,14.5369,0,0,0,0,0,0,0,0,0,0,0,0,-0.00346175,0.69857,-1.45216,-0.0277257,0.759016,-1.44018,-0.00699804,0.738636,-1.50041,-0.0240111,0.717032,-1.48567,-0.152587,0.784102,-1.24938,0.149385,0.743895,-1.22257,-0.159255,0.84322,-1.12066,0.105766,25.71,-1.22136,9.53797e-05,-4.8094e-05,-7.88998e-05,0.000100704,-5.90724e-05,-6.71613e-06,0.000115928,-0.000120668,0.000150372,7.04816e-05,-0.000179372,0.000174201,
-8.20208,4.70491,11.1527,9.74107,-0.831811,11.9697,-8.37354,5.75255,20.8845,7.13788,60,14.5363,0,0,0,0,0,0,0,0,0,0,0,0,-0.00346003,0.698569,-1.45216,-0.0277239,0.759015,-1.44018,-0.00699534,0.738632,-1.50041,-0.0240093,0.717027,-1.48566,-0.152587,0.784112,-1.24938,0.149388,0.74389,-1.22255,-0.15924,0.84322,-1.12069,0.105771,25.71,-1.22136,5.11309e-05,-4.89123e-05,-9.49407e-05,5.55977e-05,-4.10911e-05,-8.20993e-05,8.19531e-05,-0.000167215,0.000185006,3.68692e-05,-0.000215745,0.000193213,
-8.20165,4.70488,11.1516,9.74103,-0.831512,11.9692,-8.37345,5.75249,20.8854,7.13795,60,14.5386,0,0,0,0,0,0,0,0,0,0,0,0,-0.00346073,0.698569,-1.45216,-0.0277245,0.759015,-1.44018,-0.00699539,0.73863,-1.50041,-0.0240103,0.717024,-1.48566,-0.152582,0.784111,-1.2494,0.149385,0.743897,-1.22256,-0.15924,0.843219,-1.12067,0.10577,25.71,-1.22132,-1.60526e-05,-1.85244e-05,-3.99584e-05,-1.10524e-05,2.06423e-05,-7.49095e-05,1.19703e-05,-4.29878e-05,8.61898e-05,-3.46535e-05,-6.54679e-05,3.44901e-05,
-8.20238,4.70467,11.1518,9.74056,-0.832192,11.9692,-8.37316,5.75149,20.885,7.13788,60,14.5387,0,0,0,0,0,0,0,0,0,0,0,0,-0.00345987,0.698569,-1.45216,-0.0277235,0.759015,-1.44018,-0.00699401,0.738631,-1.50041,-0.0240097,0.717025,-1.48566,-0.152592,0.78411,-1.2494,0.14938,0.743885,-1.22256,-0.159231,0.843207,-1.12068,0.105772,25.71,-1.22132,8.0108e-05,4.47809e-05,-5.25824e-05,8.53668e-05,2.63287e-05,1.25411e-05,0.000101498,0.000112225,-9.48555e-05,6.89826e-05,7.06009e-06,-2.42769e-05,
-8.20294,4.70488,11.1539,9.74053,-0.831844,11.969,-8.37413,5.75178,20.8865,7.13769,60,14.5371,0,0,0,0,0,0,0,0,0,0,0,0,-0.00345791,0.69857,-1.45216,-0.0277215,0.759016,-1.44018,-0.00699174,0.738633,-1.50041,-0.0240085,0.717024,-1.48566,-0.152599,0.784115,-1.24937,0.149382,0.743892,-1.22256,-0.159245,0.843213,-1.12066,0.10577,25.71,-1.22135,0.00011975,6.68688e-05,-0.000120336,0.000124961,1.62574e-05,4.59876e-06,0.000137229,9.35258e-05,-0.000102322,9.08249e-05,-3.3404e-05,3.81979e-05,
-8.20213,4.70481,11.1526,9.74091,-0.832211,11.9695,-8.37371,5.75207,20.8862,7.13808,60,14.539,0,0,0,0,0,0,0,0,0,0,0,0,-0.00345649,0.698571,-1.45216,-0.0277199,0.759016,-1.44018,-0.00698961,0.738634,-1.50041,-0.0240075,0.717024,-1.48566,-0.152588,0.784113,-1.24939,0.149386,0.743886,-1.22256,-0.15924,0.843218,-1.12066,0.105774,25.71,-1.22131,-7.18806e-05,8.07754e-06,-7.08762e-05,-6.67378e-05,5.00911e-05,-6.79759e-05,-3.06145e-05,2.72728e-05,-7.72511e-06,-7.7851e-05,-2.1761e-06,-4.77591e-05,
-8.2023,4.70496,11.1545,9.74133,-0.832219,11.97,-8.37347,5.75192,20.8859,7.13862,60,14.5365,0,0,0,0,0,0,0,0,0,0,0,0,-0.00345991,0.698571,-1.45216,-0.0277228,0.759018,-1.44019,-0.00699174,0.738634,-1.50041,-0.0240104,0.717024,-1.48566,-0.152596,0.784116,-1.24936,0.149388,0.743888,-1.22255,-0.159239,0.843215,-1.12067,0.105779,25.71,-1.22136,-0.000124756,-1.1248e-05,-2.16665e-05,-0.000155894,5.78579e-05,-8.18899e-05,-0.00011306,-5.02117e-06,4.96282e-05,-0.000160631,6.84788e-06,-3.33595e-05,
-8.20227,4.70508,11.1538,9.7416,-0.83236,11.9702,-8.3739,5.75228,20.8853,7.13834,60,14.5368,0,0,0,0,0,0,0,0,0,0,0,0,-0.00346059,0.698571,-1.45217,-0.0277238,0.759018,-1.44019,-0.00699198,0.738634,-1.50041,-0.0240117,0.717023,-1.48566,-0.152593,0.784118,-1.24937,0.149396,0.743884,-1.22255,-0.159244,0.843221,-1.12067,0.105776,25.71,-1.22135,-1.84191e-06,-1.12782e-05,-1.80766e-05,3.96697e-06,-1.61557e-06,9.02115e-06,3.71677e-05,-1.17922e-05,1.64039e-05,-9.41045e-06,-4.03626e-05,4.34552e-05,
-8.2021,4.70435,11.1532,9.74152,-0.83235,11.9687,-8.37419,5.75122,20.8863,7.13838,60,14.5375,0,0,0,0,0,0,0,0,0,0,0,0,-0.00346116,0.698571,-1.45216,-0.0277242,0.759018,-1.44018,-0.00699164,0.738636,-1.50041,-0.0240123,0.717024,-1.48566,-0.152591,0.784105,-1.24938,0.149394,0.743885,-1.22257,-0.159249,0.843207,-1.12066,0.105776,25.71,-1.22134,-9.3999e-06,1.15967e-05,0.000106302,-1.60581e-06,7.48921e-06,0.000160089,3.34623e-05,0.000142198,-5.90118e-05,-1.37307e-05,7.60332e-05,-2.82127e-05,
-8.20197,4.70426,11.1521,9.74121,-0.832621,11.9679,-8.37409,5.75078,20.8862,7.13846,60,14.5382,0,0,0,0,0,0,0,0,0,0,0,0,-0.00346104,0.698571,-1.45216,-0.027724,0.759018,-1.44018,-0.00699064,0.738639,-1.50041,-0.0240123,0.717026,-1.48566,-0.152588,0.784103,-1.24939,0.149389,0.74388,-1.22258,-0.159246,0.843203,-1.12066,0.105777,25.71,-1.22133,-1.6277e-05,-1.0548e-05,0.000141337,-8.43496e-06,-2.31854e-06,0.000183383,2.71843e-05,0.000147432,-6.35894e-05,-2.00574e-05,0.000107078,-4.73864e-05,
-8.20207,4.70452,11.1532,9.74116,-0.832731,11.968,-8.37389,5.75068,20.8857,7.13873,60,14.5364,0,0,0,0,0,0,0,0,0,0,0,0,-0.003462,0.698571,-1.45216,-0.0277248,0.759018,-1.44018,-0.00699063,0.738641,-1.50041,-0.0240133,0.717027,-1.48566,-0.152592,0.784107,-1.24937,0.149386,0.743877,-1.22258,-0.159243,0.8432,-1.12067,0.105781,25.71,-1.22136,-4.58682e-05,-2.8245e-05,8.25615e-05,-3.86014e-05,-1.30762e-05,8.40909e-05,6.1004e-07,2.77673e-05,2.2146e-05,-4.60321e-05,-4.79094e-06,4.23386e-05,
-8.20185,4.7049,11.1522,9.7409,-0.832753,11.968,-8.37337,5.75082,20.8847,7.13879,60,14.5373,0,0,0,0,0,0,0,0,0,0,0,0,-0.0034626,0.69857,-1.45216,-0.0277252,0.759018,-1.44018,-0.00699042,0.73864,-1.50041,-0.0240139,0.717026,-1.48566,-0.152588,0.784112,-1.24939,0.149381,0.743876,-1.22258,-0.159233,0.843199,-1.12068,0.105782,25.71,-1.22134,-3.24347e-05,-4.92097e-05,-2.03112e-06,-2.64903e-05,-3.08044e-05,-1.4888e-05,1.55671e-05,-7.4102e-05,0.000104115,-3.08045e-05,-9.87129e-05,7.82152e-05,
-8.20172,4.70467,11.1538,9.74118,-0.832338,11.9685,-8.3746,5.75165,20.8862,7.13837,60,14.5365,0,0,0,0,0,0,0,0,0,0,0,0,-0.00346358,0.698569,-1.45216,-0.027726,0.759018,-1.44018,-0.00699004,0.738638,-1.50041,-0.0240146,0.717023,-1.48566,-0.152586,0.784108,-1.24937,0.149387,0.743884,-1.22257,-0.159254,0.843212,-1.12066,0.105774,25.71,-1.22135,-8.05942e-06,-1.70941e-05,-8.67124e-05,1.99064e-05,-1.5331e-05,-3.52308e-05,6.88344e-05,-7.56033e-05,7.13655e-05,2.24963e-05,-0.000112077,0.000106936,
-8.20178,4.70479,11.1543,9.74147,-0.832365,11.9692,-8.37467,5.75181,20.8862,7.13849,60,14.536,0,0,0,0,0,0,0,0,0,0,0,0,-0.00346294,0.698569,-1.45216,-0.0277253,0.759018,-1.44018,-0.00698823,0.738637,-1.50041,-0.0240138,0.717021,-1.48566,-0.152587,0.78411,-1.24936,0.149392,0.743884,-1.22256,-0.159254,0.843214,-1.12066,0.105777,25.71,-1.22136,-2.34709e-05,-1.62774e-05,-9.80382e-05,-1.73882e-05,1.18837e-05,-8.69655e-05,3.5539e-05,-6.73676e-05,5.20984e-05,-1.11846e-05,-7.83448e-05,4.79506e-05,
-8.20138,4.70528,11.1526,9.74166,-0.832591,11.9695,-8.37346,5.75164,20.8848,7.13905,60,14.5377,0,0,0,0,0,0,0,0,0,0,0,0,-0.00346451,0.698569,-1.45216,-0.0277268,0.759018,-1.44018,-0.00698879,0.738636,-1.50041,-0.0240152,0.71702,-1.48566,-0.152583,0.784118,-1.24939,0.149391,0.743881,-1.22255,-0.159235,0.843211,-1.12068,0.105783,25.71,-1.22134,-0.000117016,-3.28703e-05,-1.92413e-06,-0.00011113,4.46454e-05,-4.76313e-05,-6.00068e-05,-3.5792e-05,5.03364e-05,-0.00010766,1.78195e-06,-5.75923e-05,
-8.20168,4.70521,11.1529,9.74168,-0.832308,11.9693,-8.37381,5.75153,20.8856,7.13897,60,14.5379,0,0,0,0,0,0,0,0,0,0,0,0,-0.00346654,0.698568,-1.45216,-0.0277287,0.759019,-1.44018,-0.00698985,0.738637,-1.5004,-0.0240171,0.717021,-1.48566,-0.152588,0.784117,-1.24938,0.149391,0.743887,-1.22256,-0.159242,0.843212,-1.12067,0.10578,25.71,-1.22133,-9.30856e-06,-3.11686e-06,3.18732e-05,-7.51266e-05,3.20622e-05,3.26396e-06,-3.30577e-05,7.54176e-05,-4.0594e-05,-8.0761e-05,6.24203e-05,-5.34313e-05,
-8.20282,4.70503,11.155,9.74112,-0.832159,11.9684,-8.37574,5.7514,20.8874,7.13806,60,14.5359,0,0,0,0,0,0,0,0,0,0,0,0,-0.003464,0.698569,-1.45216,-0.027726,0.759019,-1.44018,-0.00698653,0.738639,-1.50041,-0.0240148,0.717022,-1.48566,-0.152601,0.784116,-1.24935,0.149391,0.743888,-1.22257,-0.159267,0.843213,-1.12064,0.105773,25.71,-1.22137,0.000208499,3.84115e-05,-4.0598e-05,0.000215436,-2.63811e-05,0.000132093,0.000242684,0.000134298,-0.000142184,0.000196856,-1.77075e-06,1.41776e-05,
-8.20166,4.70505,11.1515,9.74134,-0.832758,11.9689,-8.3744,5.75121,20.8856,7.13904,60,14.5395,0,0,0,0,0,0,0,0,0,0,0,0,-0.00346182,0.698569,-1.45216,-0.0277237,0.759019,-1.44018,-0.00698351,0.738641,-1.50041,-0.0240133,0.717022,-1.48566,-0.152585,0.784114,-1.2494,0.14939,0.743878,-1.22256,-0.159246,0.84321,-1.12067,0.105783,25.71,-1.22131,-8.61193e-05,-3.2317e-05,0.000113673,-7.97719e-05,3.25955e-05,1.96584e-05,-3.61265e-05,5.18098e-05,3.22158e-05,-0.000163534,9.69097e-05,-0.000126958,
-8.20081,4.70511,11.1519,9.74175,-0.832292,11.9687,-8.37388,5.75132,20.8859,7.13958,60,14.5393,0,0,0,0,0,0,0,0,0,0,0,0,-0.00346653,0.698567,-1.45216,-0.0277283,0.75902,-1.44018,-0.00698722,0.738642,-1.50041,-0.0240173,0.717024,-1.48566,-0.15258,0.784113,-1.24939,0.149387,0.743889,-1.22256,-0.159246,0.843212,-1.12066,0.105786,25.71,-1.22131,-0.000308433,-6.78251e-05,0.000157372,-0.000302267,6.83585e-05,-2.3821e-05,-0.000252861,2.44812e-05,8.34802e-05,-0.00030154,9.95762e-05,-8.99781e-05,
-8.20237,4.70533,11.1539,9.74088,-0.832282,11.9688,-8.37515,5.75133,20.8855,7.13848,60,14.536,0,0,0,0,0,0,0,0,0,0,0,0,-0.00346648,0.698566,-1.45216,-0.0277281,0.75902,-1.44018,-0.0069863,0.738641,-1.50041,-0.0240175,0.717023,-1.48566,-0.152597,0.784117,-1.24936,0.149383,0.743886,-1.22256,-0.159257,0.843209,-1.12067,0.105777,25.71,-1.22136,0.000161224,-2.08713e-05,-9.64087e-05,0.000166972,-6.52185e-05,3.46308e-05,0.000184653,-5.24163e-05,6.60017e-05,0.000139571,-0.000163992,0.000178082,
-8.20188,4.70537,11.1532,9.74099,-0.832023,11.9685,-8.37536,5.75161,20.8862,7.13849,60,14.5369,0,0,0,0,0,0,0,0,0,0,0,0,-0.00346296,0.698566,-1.45216,-0.0277245,0.759018,-1.44018,-0.00698235,0.738639,-1.5004,-0.0240145,0.717018,-1.48566,-0.152587,0.784118,-1.24938,0.149386,0.74389,-1.22257,-0.159259,0.843212,-1.12065,0.105777,25.71,-1.22134,6.03858e-05,-2.58236e-05,-5.35331e-05,6.55935e-05,-2.99016e-05,-4.23559e-05,8.62686e-05,-7.14533e-05,0.00011098,4.07664e-05,-0.000144544,0.000141007,
-8.20127,4.70566,11.1522,9.74146,-0.832572,11.9695,-8.37388,5.75151,20.8844,7.13936,60,14.5376,0,0,0,0,0,0,0,0,0,0,0,0,-0.00346475,0.698565,-1.45216,-0.0277261,0.759019,-1.44018,-0.00698345,0.738638,-1.5004,-0.0240166,0.717017,-1.48565,-0.152582,0.784121,-1.24939,0.149388,0.743882,-1.22255,-0.159238,0.84321,-1.12068,0.105786,25.71,-1.22133,-0.000134644,-4.80759e-05,4.59846e-05,-0.000129874,4.78126e-05,-7.60238e-05,-0.000102101,-4.83537e-05,0.00012162,-0.000149512,-3.95296e-05,8.14776e-06,
-8.20146,4.70572,11.153,9.74142,-0.832161,11.9693,-8.37419,5.75152,20.8853,7.13931,60,14.5375,0,0,0,0,0,0,0,0,0,0,0,0,-0.00346697,0.698565,-1.45216,-0.0277283,0.759019,-1.44018,-0.0069852,0.738638,-1.5004,-0.0240192,0.717017,-1.48566,-0.152587,0.784123,-1.24938,0.149386,0.74389,-1.22256,-0.159245,0.84321,-1.12067,0.105784,25.71,-1.22134,-8.81651e-05,-1.14411e-05,1.18932e-05,-8.37729e-05,2.76424e-05,-6.91572e-05,-6.70137e-05,-3.60004e-06,4.8272e-05,-0.000113887,-2.90081e-05,-4.5503e-07,
-8.20258,4.70541,11.1538,9.74071,-0.832456,11.9689,-8.37522,5.75086,20.8861,7.13857,60,14.5368,0,0,0,0,0,0,0,0,0,0,0,0,-0.00346451,0.698565,-1.45216,-0.0277257,0.759019,-1.44018,-0.00698185,0.738639,-1.5004,-0.0240169,0.717016,-1.48565,-0.152598,0.784119,-1.24937,0.149383,0.743883,-1.22256,-0.159254,0.843203,-1.12066,0.105779,25.71,-1.22135,0.000186312,4.55142e-05,-0.000101779,0.000191549,-1.52449e-05,1.79665e-05,0.00018868,9.54096e-05,-0.000117184,0.000142923,-4.53234e-05,5.80583e-05,
-8.20217,4.70555,11.1539,9.74097,-0.832486,11.969,-8.3755,5.7512,20.8865,7.13885,60,14.537,0,0,0,0,0,0,0,0,0,0,0,0,-0.00346166,0.698566,-1.45216,-0.0277229,0.759019,-1.44018,-0.00697962,0.738641,-1.5004,-0.0240153,0.717015,-1.48565,-0.152592,0.784122,-1.24936,0.149388,0.743884,-1.22256,-0.159258,0.84321,-1.12065,0.105783,25.71,-1.22135,-5.77032e-06,8.21975e-06,-1.33949e-05,0.000114404,1.81944e-05,2.09576e-06,0.00012458,7.25482e-05,-4.66672e-05,2.21878e-05,-1.35965e-07,-2.62121e-05,
-8.20142,4.70558,11.1528,9.74172,-0.832599,11.9698,-8.37473,5.75154,20.8858,7.13949,60,14.5382,0,0,0,0,0,0,0,0,0,0,0,0,-0.00346373,0.698566,-1.45216,-0.0277247,0.759021,-1.44018,-0.00698081,0.738642,-1.5004,-0.0240177,0.717016,-1.48566,-0.152585,0.784121,-1.24938,0.149394,0.743884,-1.22255,-0.159252,0.843215,-1.12066,0.105787,25.71,-1.22133,-0.000161392,-4.17681e-05,9.5122e-05,-0.000156401,5.75358e-05,-5.57457e-05,-0.000125577,9.61691e-06,4.66444e-05,-0.000173502,5.26082e-05,-9.39961e-05,
-8.20208,4.7056,11.1549,9.74177,-0.832301,11.9697,-8.37553,5.75138,20.8863,7.13933,60,14.5357,0,0,0,0,0,0,0,0,0,0,0,0,-0.00346631,0.698565,-1.45216,-0.0277272,0.759022,-1.44018,-0.00698274,0.738642,-1.5004,-0.0240206,0.717017,-1.48566,-0.152596,0.784121,-1.24934,0.149395,0.743889,-1.22255,-0.159265,0.843214,-1.12065,0.105784,25.71,-1.22137,-2.30061e-05,-1.78696e-05,5.5814e-05,-1.78371e-05,1.51612e-05,1.53725e-05,1.64465e-08,4.77093e-05,2.47625e-05,-4.69695e-05,-4.90959e-06,-2.31684e-05,
-8.202,4.7054,11.1529,9.74135,-0.832433,11.9686,-8.37573,5.7509,20.8863,7.13906,60,14.5373,0,0,0,0,0,0,0,0,0,0,0,0,-0.00346459,0.698565,-1.45216,-0.0277254,0.759021,-1.44018,-0.00698071,0.738643,-1.5004,-0.0240196,0.717016,-1.48566,-0.15259,0.784117,-1.24938,0.149392,0.743886,-1.22257,-0.159265,0.843207,-1.12065,0.105782,25.71,-1.22134,6.26713e-05,-3.10393e-05,0.000103514,6.82696e-05,-2.00925e-05,8.53414e-05,7.77812e-05,6.44283e-05,9.22602e-07,3.10247e-05,1.82443e-06,1.32052e-06,
-8.20135,4.70524,11.1523,9.74156,-0.832632,11.9682,-8.37505,5.75049,20.8863,7.13971,60,14.5379,0,0,0,0,0,0,0,0,0,0,0,0,-0.00346555,0.698564,-1.45216,-0.0277262,0.759021,-1.44018,-0.00698131,0.738645,-1.5004,-0.024021,0.717018,-1.48566,-0.152584,0.784113,-1.24938,0.149391,0.743883,-1.22257,-0.159257,0.843202,-1.12065,0.105789,25.71,-1.22133,-0.000108425,-4.2167e-05,0.000207759,-0.000102228,2.71028e-05,9.29436e-05,-8.54602e-05,0.000118204,-1.28327e-05,-0.000132924,0.000100412,-9.77012e-05,
-8.20134,4.70553,11.1518,9.74148,-0.832845,11.9687,-8.37462,5.75054,20.8848,7.13983,60,14.5376,0,0,0,0,0,0,0,0,0,0,0,0,-0.00346753,0.698563,-1.45215,-0.0277281,0.759022,-1.44018,-0.00698286,0.738646,-1.5004,-0.0240235,0.717019,-1.48566,-0.152584,0.784117,-1.24939,0.149388,0.743879,-1.22256,-0.15925,0.843202,-1.12068,0.105789,25.71,-1.22134,-6.70404e-05,-6.14901e-05,0.000149509,-6.18948e-05,5.20148e-06,3.89153e-05,-4.9826e-05,2.20856e-05,8.95712e-05,-9.67071e-05,3.8054e-06,-1.20351e-05,
-8.20193,4.70561,11.1523,9.74105,-0.83252,11.9691,-8.37523,5.75074,20.8847,7.13927,60,14.537,0,0,0,0,0,0,0,0,0,0,0,0,-0.00346686,0.698562,-1.45215,-0.0277273,0.759021,-1.44018,-0.00698196,0.738646,-1.5004,-0.0240236,0.717017,-1.48566,-0.15259,0.784119,-1.24938,0.149385,0.743884,-1.22256,-0.159256,0.843203,-1.12068,0.105783,25.71,-1.22134,0.00010713,-1.50725e-05,-2.64224e-05,0.000111834,-3.77862e-05,-1.5359e-06,0.000114093,-4.32632e-05,5.20524e-05,6.88058e-05,-0.000133305,0.000150515,
-8.20246,4.70573,11.1531,9.7407,-0.832301,11.9692,-8.37592,5.75081,20.8853,7.1389,60,14.5364,0,0,0,0,0,0,0,0,0,0,0,0,-0.00346322,0.698563,-1.45215,-0.0277236,0.759021,-1.44018,-0.00697763,0.738645,-1.5004,-0.0240204,0.717013,-1.48565,-0.152595,0.784122,-1.24937,0.149384,0.743887,-1.22255,-0.159263,0.843204,-1.12067,0.105781,25.71,-1.22135,0.000171375,1.05657e-05,-0.000108157,0.000175773,-2.04389e-05,-5.08981e-05,0.000160916,-3.19419e-05,3.95724e-05,0.00011583,-0.000148729,0.000147551,
-8.20251,4.70611,11.1539,9.74106,-0.832741,11.9699,-8.37516,5.75061,20.8847,7.13956,60,14.5359,0,0,0,0,0,0,0,0,0,0,0,0,-0.00346128,0.698563,-1.45216,-0.0277217,0.759021,-1.44018,-0.00697597,0.738644,-1.5004,-0.0240197,0.717011,-1.48565,-0.152598,0.784129,-1.24936,0.149388,0.743881,-1.22255,-0.159252,0.8432,-1.12068,0.105789,25.71,-1.22136,1.10037e-05,6.39062e-06,-8.25263e-05,-2.5895e-05,3.9327e-05,-0.000100206,-5.60311e-06,-2.40422e-05,3.8955e-05,-5.23058e-05,-4.12771e-05,9.27514e-06,
-8.2017,4.706,11.1528,9.74155,-0.832604,11.9698,-8.37555,5.75107,20.8858,7.13968,60,14.5384,0,0,0,0,0,0,0,0,0,0,0,0,-0.00346367,0.698563,-1.45216,-0.0277238,0.759022,-1.44018,-0.00697756,0.738645,-1.5004,-0.0240223,0.717012,-1.48565,-0.152588,0.784126,-1.24938,0.149392,0.743886,-1.22255,-0.159262,0.843211,-1.12066,0.105787,25.71,-1.22132,-0.000116732,-1.52936e-05,5.28826e-05,-0.00011161,8.03971e-05,-5.19103e-05,-7.88377e-05,4.74771e-05,4.1629e-06,-0.000127114,7.08115e-05,-0.000122082,
-8.20198,4.70566,11.1525,9.74118,-0.832861,11.9692,-8.37509,5.75008,20.8854,7.13986,60,14.5381,0,0,0,0,0,0,0,0,0,0,0,0,-0.00346519,0.698563,-1.45216,-0.0277252,0.759024,-1.44018,-0.00697822,0.738646,-1.5004,-0.0240239,0.717014,-1.48565,-0.152593,0.784121,-1.24938,0.149387,0.743882,-1.22256,-0.159252,0.843196,-1.12067,0.10579,25.71,-1.22133,-1.68164e-05,1.85182e-05,3.08703e-05,-1.08682e-05,4.10684e-05,3.84151e-05,2.07219e-05,0.000117978,-4.78382e-05,-5.15853e-05,8.92058e-05,-0.000109838,
-8.20228,4.7057,11.1534,9.74087,-0.832833,11.9686,-8.37569,5.75005,20.8861,7.13953,60,14.5371,0,0,0,0,0,0,0,0,0,0,0,0,-0.00346451,0.698563,-1.45216,-0.0277245,0.759024,-1.44018,-0.00697697,0.738648,-1.5004,-0.0240235,0.717014,-1.48566,-0.152595,0.784122,-1.24937,0.149384,0.743882,-1.22257,-0.15926,0.843196,-1.12065,0.105787,25.71,-1.22134,6.30139e-05,1.99672e-05,-8.38479e-07,6.90878e-05,1.33819e-05,2.47801e-05,9.59187e-05,6.57925e-05,-2.68894e-05,4.9622e-05,-1.02939e-05,3.51462e-05,
-8.20197,4.70594,11.1544,9.74157,-0.832649,11.9698,-8.3763,5.7512,20.8861,7.13957,60,14.5361,0,0,0,0,0,0,0,0,0,0,0,0,-0.00346362,0.698563,-1.45216,-0.0277234,0.759024,-1.44018,-0.00697523,0.738648,-1.5004,-0.0240228,0.717013,-1.48565,-0.152591,0.784125,-1.24935,0.149396,0.743885,-1.22255,-0.159271,0.843214,-1.12065,0.105787,25.71,-1.22136,-2.36807e-05,-3.24915e-05,-2.29653e-05,-1.77376e-05,6.06215e-06,-5.10821e-05,2.45205e-05,-5.3295e-05,6.71217e-05,-2.1924e-05,-6.29906e-05,7.25571e-05,
-8.20121,4.70616,11.1516,9.74195,-0.832859,11.9703,-8.37494,5.75111,20.884,7.14008,60,14.5382,0,0,0,0,0,0,0,0,0,0,0,0,-0.00346577,0.698562,-1.45216,-0.0277259,0.759024,-1.44018,-0.00697652,0.738647,-1.5004,-0.0240243,0.717012,-1.48565,-0.152582,0.784127,-1.2494,0.149397,0.743882,-1.22254,-0.15925,0.843211,-1.12069,0.105792,25.71,-1.22132,-0.000132196,-5.51721e-05,9.35953e-05,-0.000128642,2.95659e-05,-2.91009e-05,-8.19916e-05,-6.69904e-05,0.000118231,-0.000118229,-2.89317e-05,3.01014e-06,
-8.20144,4.70571,11.1523,9.74137,-0.832514,11.9685,-8.37544,5.75017,20.8857,7.13971,60,14.5379,0,0,0,0,0,0,0,0,0,0,0,0,-0.00346788,0.698561,-1.45215,-0.0277275,0.759025,-1.44018,-0.00697748,0.738647,-1.5004,-0.0240268,0.717012,-1.48565,-0.152587,0.784119,-1.24938,0.149387,0.743888,-1.22257,-0.159259,0.843197,-1.12066,0.105787,25.71,-1.22133,-7.33527e-05,-1.17691e-05,7.43932e-05,-6.68454e-05,1.52702e-05,8.79917e-05,-3.14639e-05,6.72541e-05,-4.31358e-05,1.47943e-05,1.32334e-05,2.58183e-05,
-8.20272,4.70586,11.153,9.74051,-0.832828,11.9684,-8.37636,5.74992,20.8854,7.13915,60,14.5365,0,0,0,0,0,0,0,0,0,0,0,0,-0.00346414,0.698561,-1.45215,-0.0277236,0.759024,-1.44018,-0.00697317,0.738649,-1.5004,-0.0240235,0.717012,-1.48565,-0.152599,0.784123,-1.24937,0.149382,0.743881,-1.22257,-0.159264,0.843195,-1.12066,0.105784,25.71,-1.22135,0.00022695,3.49882e-05,-4.80813e-05,0.000233653,-4.51331e-05,0.000137461,0.000252251,9.08873e-05,-7.99801e-05,0.000206846,-5.71601e-05,0.000121055,
-8.20203,4.70615,11.1528,9.74095,-0.832712,11.9693,-8.37603,5.75066,20.885,7.13977,60,14.5371,0,0,0,0,0,0,0,0,0,0,0,0,-0.0034621,0.698561,-1.45216,-0.0277214,0.759023,-1.44018,-0.00697043,0.738649,-1.5004,-0.0240219,0.71701,-1.48565,-0.15259,0.784127,-1.24938,0.149387,0.743883,-1.22255,-0.159261,0.843204,-1.12067,0.10579,25.71,-1.22134,-1.6494e-05,-1.93052e-05,-3.18608e-05,-1.09912e-05,-6.2769e-07,-5.0189e-05,2.56105e-05,-7.87519e-05,0.000112095,-6.88703e-05,-6.81689e-05,3.75066e-05,
-8.20157,4.70657,11.1537,9.74191,-0.832602,11.9709,-8.37595,5.75146,20.8845,7.14012,60,14.5365,0,0,0,0,0,0,0,0,0,0,0,0,-0.00346452,0.698561,-1.45216,-0.0277237,0.759024,-1.44018,-0.00697194,0.738647,-1.50039,-0.024024,0.717009,-1.48565,-0.152588,0.784134,-1.24936,0.149398,0.743887,-1.22253,-0.159265,0.843217,-1.12067,0.105792,25.71,-1.22135,-0.000180922,-4.63301e-05,-1.7255e-06,-0.000175902,4.83881e-05,-0.000117048,-0.000125253,-8.17651e-05,0.000148707,-0.000172492,-4.21977e-05,1.36719e-05,
-8.20198,4.70607,11.1548,9.74147,-0.832588,11.9688,-8.37641,5.75008,20.8864,7.13989,60,14.5357,0,0,0,0,0,0,0,0,0,0,0,0,-0.00346663,0.69856,-1.45216,-0.0277257,0.759025,-1.44018,-0.00697298,0.738647,-1.50039,-0.0240261,0.717009,-1.48565,-0.152594,0.784125,-1.24934,0.149391,0.743888,-1.22256,-0.159271,0.843195,-1.12064,0.10579,25.71,-1.22137,-2.75137e-05,5.15159e-06,-2.01791e-05,-2.13013e-05,2.84304e-05,5.62643e-06,1.67669e-05,6.86505e-05,-3.20974e-05,1.65365e-07,2.74911e-05,-2.9685e-05,
-8.20171,4.70588,11.1521,9.74134,-0.8334,11.9683,-8.37577,5.7496,20.8856,7.14021,60,14.5382,0,0,0,0,0,0,0,0,0,0,0,0,-0.00346585,0.698561,-1.45215,-0.027725,0.759026,-1.44018,-0.00697148,0.73865,-1.5004,-0.0240257,0.717011,-1.48565,-0.152588,0.784122,-1.24939,0.149389,0.743874,-1.22257,-0.159259,0.843191,-1.12066,0.105794,25.71,-1.22132,-7.13976e-06,-8.76342e-06,0.000139439,-5.68739e-05,4.22544e-05,7.90649e-05,-2.03994e-05,0.000129424,-5.30413e-05,-6.85454e-05,0.000130206,-0.000123423,
-8.20144,4.7064,11.1529,9.74209,-0.833372,11.9704,-8.37541,5.75047,20.8841,7.14057,60,14.5372,0,0,0,0,0,0,0,0,0,0,0,0,-0.003469,0.69856,-1.45215,-0.0277278,0.759027,-1.44018,-0.00697339,0.738652,-1.5004,-0.0240287,0.717013,-1.48565,-0.152588,0.78413,-1.24937,0.149399,0.743876,-1.22253,-0.159255,0.843206,-1.12068,0.105798,25.71,-1.22134,-8.67998e-05,-2.84267e-05,6.47585e-05,-8.03749e-05,3.31255e-05,5.08448e-06,-3.99533e-05,2.66767e-05,1.66834e-05,-8.74258e-05,4.29218e-05,-4.53496e-05,
-8.20231,4.70596,11.1534,9.74139,-0.832835,11.9694,-8.377,5.7501,20.8852,7.13951,60,14.5367,0,0,0,0,0,0,0,0,0,0,0,0,-0.0034679,0.69856,-1.45215,-0.0277266,0.759027,-1.44018,-0.00697146,0.738652,-1.5004,-0.0240277,0.717012,-1.48565,-0.152597,0.784123,-1.24936,0.149394,0.743883,-1.22255,-0.159275,0.8432,-1.12067,0.105786,25.71,-1.22135,0.000172183,2.4021e-05,-7.13121e-05,0.000178857,-3.28566e-05,8.94473e-05,0.000204993,4.10622e-05,-2.07842e-05,0.000159383,-8.00944e-05,0.000120992,
-8.2025,4.70584,11.1531,9.74089,-0.832968,11.9684,-8.3771,5.74935,20.8858,7.13958,60,14.5369,0,0,0,0,0,0,0,0,0,0,0,0,-0.00346353,0.698561,-1.45215,-0.027722,0.759026,-1.44017,-0.00696644,0.738654,-1.5004,-0.0240236,0.717011,-1.48565,-0.152597,0.784122,-1.24937,0.149388,0.74388,-1.22256,-0.159274,0.843189,-1.12066,0.105789,25.71,-1.22134,0.00011372,1.76026e-05,-2.56696e-06,0.000120567,-2.67919e-05,0.000116865,0.000149595,8.57442e-05,-6.64734e-05,0.000103454,-1.61177e-05,5.43239e-05,
-8.20168,4.70666,11.1527,9.74167,-0.833142,11.97,-8.37624,5.75034,20.8842,7.14041,60,14.5374,0,0,0,0,0,0,0,0,0,0,0,0,-0.0034647,0.69856,-1.45215,-0.0277231,0.759026,-1.44017,-0.00696667,0.738654,-1.5004,-0.0240249,0.717011,-1.48565,-0.15259,0.784134,-1.24937,0.149394,0.743879,-1.22254,-0.159265,0.843205,-1.12068,0.105797,25.71,-1.22134,-0.00015792,-6.54395e-05,6.85944e-05,-0.000152114,4.02729e-05,-3.21404e-05,-0.000106711,-3.0489e-05,0.000113938,-0.000154393,1.33059e-06,-3.99887e-05,
-8.20174,4.70644,11.1534,9.74156,-0.832796,11.9691,-8.37618,5.74989,20.8851,7.1406,60,14.5366,0,0,0,0,0,0,0,0,0,0,0,0,-0.00346825,0.698559,-1.45215,-0.0277258,0.759027,-1.44017,-0.00696873,0.738653,-1.50039,-0.0240276,0.717011,-1.48565,-0.152593,0.78413,-1.24936,0.149389,0.743886,-1.22256,-0.159266,0.843195,-1.12066,0.105797,25.71,-1.22135,-7.51954e-05,-4.14344e-05,2.00955e-05,-0.000188218,2.69158e-05,-5.40448e-05,-0.000140865,-6.28015e-05,0.000110574,-0.000188592,-2.91487e-05,-6.53451e-06,
-8.20219,4.70648,11.1545,9.74154,-0.833146,11.9692,-8.37715,5.75007,20.8855,7.14014,60,14.5354,0,0,0,0,0,0,0,0,0,0,0,0,-0.00346781,0.698559,-1.45215,-0.027726,0.759027,-1.44017,-0.00696784,0.738653,-1.50039,-0.0240278,0.71701,-1.48565,-0.152597,0.784131,-1.24934,0.149395,0.743878,-1.22255,-0.159278,0.8432,-1.12066,0.105794,25.71,-1.22137,6.86729e-05,-1.05858e-05,6.43075e-06,7.50178e-05,-2.42349e-06,3.6781e-05,8.86791e-05,2.67752e-05,-1.08407e-05,4.2019e-05,-3.36764e-05,3.67049e-05,
-8.20134,4.70653,11.1529,9.74191,-0.833255,11.9688,-8.37633,5.74985,20.8852,7.14067,60,14.5371,0,0,0,0,0,0,0,0,0,0,0,0,-0.00346812,0.698558,-1.45215,-0.0277261,0.759027,-1.44017,-0.0069674,0.738654,-1.50039,-0.0240284,0.71701,-1.48565,-0.152586,0.784131,-1.24937,0.149397,0.743878,-1.22256,-0.159266,0.843197,-1.12066,0.1058,25.71,-1.22134,-9.33321e-05,-3.86057e-05,7.9787e-05,-8.72725e-05,3.67574e-05,2.49964e-05,-4.53871e-05,2.84631e-05,2.75363e-05,-9.3241e-05,4.62635e-05,-6.64704e-05,
-8.20157,4.70654,11.1532,9.742,-0.833515,11.9695,-8.37619,5.74968,20.8845,7.14075,60,14.5367,0,0,0,0,0,0,0,0,0,0,0,0,-0.00347047,0.698558,-1.45215,-0.0277284,0.759028,-1.44017,-0.00696877,0.738655,-1.50039,-0.0240308,0.717011,-1.48565,-0.152591,0.784131,-1.24936,0.149398,0.743874,-1.22254,-0.159263,0.843196,-1.12067,0.1058,25.71,-1.22135,-4.1632e-05,-1.09049e-05,5.99871e-05,-3.53306e-05,3.25339e-05,4.40511e-05,-3.65417e-07,6.78173e-05,-1.92151e-05,-4.80844e-05,5.03008e-05,-5.62796e-05,
-8.20201,4.70642,11.1526,9.74139,-0.83332,11.9687,-8.37672,5.74929,20.8848,7.14022,60,14.5374,0,0,0,0,0,0,0,0,0,0,0,0,-0.00346947,0.698558,-1.45215,-0.0277272,0.759028,-1.44017,-0.00696717,0.738656,-1.50039,-0.02403,0.717011,-1.48565,-0.152594,0.784129,-1.24937,0.149392,0.743876,-1.22256,-0.159268,0.84319,-1.12067,0.105795,25.71,-1.22134,0.00010896,3.93921e-06,-1.15666e-05,0.000115613,-1.4194e-05,9.04178e-05,0.000139903,7.44124e-05,-6.14967e-05,9.38736e-05,-8.04224e-06,3.22207e-05,
-8.20244,4.70641,11.1537,9.74103,-0.833274,11.9687,-8.37739,5.74924,20.8856,7.14003,60,14.5367,0,0,0,0,0,0,0,0,0,0,0,0,-0.00346674,0.698558,-1.45215,-0.0277244,0.759027,-1.44017,-0.00696378,0.738657,-1.5004,-0.0240276,0.717011,-1.48565,-0.152599,0.784129,-1.24936,0.149388,0.743877,-1.22256,-0.159277,0.84319,-1.12066,0.105793,25.71,-1.22135,0.000104703,7.13451e-06,-5.45812e-05,0.000110828,-1.16925e-05,4.16562e-05,0.000138791,4.29298e-05,-5.02388e-05,9.23957e-05,-4.12253e-05,5.49004e-05,
-8.20169,4.70693,11.1524,9.74156,-0.83339,11.9701,-8.37656,5.75,20.884,7.14054,60,14.5379,0,0,0,0,0,0,0,0,0,0,0,0,-0.00346633,0.698558,-1.45215,-0.0277238,0.759027,-1.44017,-0.00696251,0.738657,-1.50039,-0.0240273,0.717009,-1.48565,-0.15259,0.784137,-1.24938,0.149394,0.743875,-1.22253,-0.159264,0.843201,-1.12068,0.105799,25.71,-1.22133,-7.67426e-05,-3.96622e-05,-3.23005e-05,-7.12664e-05,2.50523e-05,-8.37618e-05,-2.96171e-05,-6.39183e-05,0.000101682,-7.66526e-05,-6.57715e-05,2.33656e-05,
-8.20162,4.70699,11.1526,9.74139,-0.832836,11.9696,-8.37655,5.74988,20.8845,7.14048,60,14.5378,0,0,0,0,0,0,0,0,0,0,0,0,-0.00346932,0.698556,-1.45215,-0.0277267,0.759028,-1.44017,-0.00696444,0.738655,-1.50039,-0.0240303,0.717008,-1.48565,-0.152592,0.784137,-1.24938,0.149387,0.743885,-1.22254,-0.159266,0.843197,-1.12067,0.105796,25.71,-1.22133,-8.57168e-05,-4.8124e-05,-1.91585e-05,-8.01767e-05,-1.14456e-06,-8.08493e-05,-3.96927e-05,-6.47421e-05,5.26331e-05,-2.41739e-05,-9.3932e-05,5.11241e-05,
-8.20264,4.70701,11.1544,9.74081,-0.832982,11.9691,-8.3773,5.7495,20.885,7.14014,60,14.5355,0,0,0,0,0,0,0,0,0,0,0,0,-0.00346705,0.698556,-1.45215,-0.0277243,0.759027,-1.44017,-0.00696133,0.738654,-1.50039,-0.0240282,0.717005,-1.48565,-0.152603,0.784139,-1.24935,0.149385,0.743881,-1.22255,-0.159272,0.843191,-1.12066,0.105796,25.71,-1.22136,0.000133765,1.88844e-05,-0.000125823,0.000139696,-4.05894e-05,9.13028e-06,0.000165068,-1.03908e-05,-2.4561e-05,0.000119383,-0.000121175,0.000142528,
-8.20181,4.70737,11.1535,9.74163,-0.833201,11.9699,-8.37689,5.75026,20.8846,7.14064,60,14.5369,0,0,0,0,0,0,0,0,0,0,0,0,-0.00346587,0.698556,-1.45215,-0.027723,0.759027,-1.44017,-0.00695936,0.738654,-1.50039,-0.0240272,0.717003,-1.48565,-0.152591,0.784144,-1.24936,0.149396,0.743878,-1.22254,-0.159267,0.843204,-1.12067,0.105801,25.71,-1.22134,-6.43302e-05,-2.10586e-05,-4.12773e-05,-5.84065e-05,1.67316e-05,-2.59314e-05,-1.75629e-05,-2.79472e-05,5.57368e-05,-6.4595e-05,-3.88235e-05,-4.36428e-06,
-8.20152,4.70722,11.1538,9.7421,-0.832851,11.9702,-8.37721,5.75046,20.8854,7.14084,60,14.5371,0,0,0,0,0,0,0,0,0,0,0,0,-0.00346866,0.698556,-1.45215,-0.0277257,0.759028,-1.44017,-0.0069612,0.738654,-1.50039,-0.0240299,0.717004,-1.48565,-0.152591,0.784141,-1.24936,0.1494,0.743886,-1.22253,-0.159276,0.843209,-1.12066,0.1058,25.71,-1.22134,-0.000142137,-2.68543e-05,4.43487e-05,-0.000136053,3.8072e-05,-1.07498e-05,-8.89102e-05,2.56763e-05,1.28557e-05,-0.000136696,3.51194e-05,-7.84185e-05,
-8.20199,4.70702,11.1533,9.74156,-0.833104,11.9691,-8.37722,5.74945,20.8854,7.14069,60,14.5371,0,0,0,0,0,0,0,0,0,0,0,0,-0.00346919,0.698556,-1.45215,-0.0277261,0.759028,-1.44017,-0.00696082,0.738656,-1.50039,-0.0240305,0.717005,-1.48565,-0.152596,0.784138,-1.24937,0.149394,0.74388,-1.22255,-0.159272,0.843194,-1.12066,0.1058,25.71,-1.22134,1.98697e-05,3.50928e-07,5.1708e-05,2.66134e-05,-6.19197e-06,8.43583e-05,5.709e-05,0.000116085,-0.000106067,1.01454e-05,5.60759e-05,-2.84317e-05,
-8.20189,4.70707,11.1524,9.74138,-0.83335,11.9689,-8.37694,5.74919,20.8849,7.14077,60,14.5379,0,0,0,0,0,0,0,0,0,0,0,0,-0.00346862,0.698556,-1.45215,-0.0277254,0.759028,-1.44017,-0.00695956,0.738658,-1.50039,-0.0240302,0.717006,-1.48565,-0.152594,0.784139,-1.24938,0.149391,0.743876,-1.22255,-0.159266,0.843192,-1.12067,0.105802,25.71,-1.22133,1.13602e-05,-8.6387e-06,6.31621e-05,1.79783e-05,-1.35401e-05,9.75229e-05,4.49819e-05,0.000102679,-6.64157e-05,-1.81093e-06,2.31232e-05,-4.15175e-05,
-8.20189,4.70693,11.1538,9.74145,-0.83308,11.9687,-8.37774,5.7495,20.886,7.14066,60,14.5366,0,0,0,0,0,0,0,0,0,0,0,0,-0.00346881,0.698555,-1.45215,-0.0277255,0.759028,-1.44017,-0.00695912,0.73866,-1.50039,-0.0240306,0.717006,-1.48565,-0.152594,0.784136,-1.24935,0.149392,0.743881,-1.22255,-0.159281,0.843197,-1.12065,0.105799,25.71,-1.22135,-1.55211e-05,-9.97377e-06,-1.15547e-06,-9.02502e-06,-6.99077e-06,5.98845e-05,2.14593e-05,4.62597e-05,-5.19047e-06,-2.52308e-05,-1.94018e-05,3.67983e-05,
-8.20185,4.70731,11.1544,9.74184,-0.833135,11.9698,-8.37772,5.75003,20.8851,7.14092,60,14.5355,0,0,0,0,0,0,0,0,0,0,0,0,-0.00346887,0.698555,-1.45215,-0.0277254,0.759027,-1.44017,-0.00695838,0.738659,-1.50039,-0.0240308,0.717004,-1.48565,-0.152595,0.784142,-1.24934,0.149398,0.743879,-1.22254,-0.159281,0.843204,-1.12066,0.105802,25.71,-1.22137,-5.84571e-05,-3.30835e-05,-2.13791e-05,-5.27344e-05,-7.64661e-06,-2.52959e-05,-1.87653e-05,-4.31181e-05,8.87704e-05,-6.53433e-05,-7.81984e-05,5.78057e-05,
-8.20117,4.7074,11.1523,9.74185,-0.833375,11.9693,-8.3764,5.74938,20.884,7.14149,60,14.5373,0,0,0,0,0,0,0,0,0,0,0,0,-0.00347152,0.698554,-1.45215,-0.0277279,0.759028,-1.44017,-0.0069602,0.738658,-1.50039,-0.0240336,0.717003,-1.48565,-0.152587,0.784142,-1.24938,0.149393,0.743876,-1.22255,-0.159261,0.843191,-1.12068,0.105808,25.71,-1.22133,-0.000137464,-5.26369e-05,5.66555e-05,-0.000132113,1.14479e-05,-4.30257e-05,-9.95846e-05,-3.95259e-05,8.5612e-05,-0.000146707,-3.41753e-05,-1.56874e-05,
-8.20168,4.70729,11.1532,9.74172,-0.833387,11.9692,-8.37698,5.74921,20.8845,7.14117,60,14.5368,0,0,0,0,0,0,0,0,0,0,0,0,-0.00347316,0.698553,-1.45215,-0.0277294,0.759028,-1.44017,-0.00696117,0.738659,-1.50039,-0.0240356,0.717003,-1.48565,-0.152594,0.784141,-1.24936,0.149393,0.743875,-1.22255,-0.159269,0.843192,-1.12067,0.105804,25.71,-1.22134,2.07351e-05,8.83254e-06,1.22511e-05,2.67709e-05,-5.7533e-06,8.31454e-05,4.58178e-05,8.62404e-05,-6.80493e-05,-9.58369e-07,2.80035e-06,-4.06529e-06,
-8.20242,4.70705,11.1534,9.741,-0.833167,11.9684,-8.37828,5.74904,20.8859,7.14038,60,14.5367,0,0,0,0,0,0,0,0,0,0,0,0,-0.00346955,0.698554,-1.45215,-0.0277257,0.759027,-1.44017,-0.00695641,0.738661,-1.50039,-0.024032,0.717002,-1.48565,-0.152599,0.784138,-1.24936,0.149389,0.743878,-1.22256,-0.159284,0.843191,-1.12065,0.105797,25.71,-1.22134,0.000204555,3.89255e-05,-7.06878e-05,0.000210943,-3.90186e-05,9.55498e-05,0.000208478,8.19688e-05,-0.000115657,0.000162792,-5.35383e-05,7.56423e-05,
-8.20217,4.70719,11.154,9.74137,-0.833369,11.9691,-8.37787,5.74925,20.8856,7.14096,60,14.5362,0,0,0,0,0,0,0,0,0,0,0,0,-0.00346703,0.698555,-1.45215,-0.0277232,0.759027,-1.44017,-0.00695407,0.738662,-1.50039,-0.0240306,0.717001,-1.48565,-0.152597,0.78414,-1.24935,0.149392,0.743875,-1.22255,-0.159279,0.843194,-1.12066,0.105804,25.71,-1.22135,1.30283e-05,4.73425e-06,-2.3687e-05,-4.12238e-05,2.20563e-05,-3.7988e-05,-8.03382e-06,-1.50754e-05,3.49041e-05,-5.4938e-05,-4.03769e-05,1.39996e-05,
-8.20122,4.70778,11.1533,9.74195,-0.833354,11.9698,-8.37704,5.74972,20.8844,7.14154,60,14.537,0,0,0,0,0,0,0,0,0,0,0,0,-0.00347073,0.698554,-1.45215,-0.0277266,0.759027,-1.44017,-0.00695558,0.738661,-1.50039,-0.0240328,0.717001,-1.48565,-0.152589,0.784148,-1.24936,0.149395,0.743876,-1.22254,-0.159269,0.843199,-1.12067,0.105808,25.71,-1.22134,-0.000199845,-6.18065e-05,2.30641e-05,-0.000195036,3.70835e-05,-0.000116025,-0.000147011,-9.21101e-05,0.000131262,-0.000194577,-3.84736e-05,-3.42658e-05,
-8.20112,4.70751,11.1537,9.74201,-0.833073,11.9697,-8.37736,5.74979,20.8852,7.14153,60,14.5368,0,0,0,0,0,0,0,0,0,0,0,0,-0.00347322,0.698553,-1.45215,-0.027729,0.759028,-1.44017,-0.00695848,0.73866,-1.50039,-0.0240367,0.717,-1.48565,-0.152588,0.784143,-1.24936,0.149395,0.743882,-1.22254,-0.159277,0.8432,-1.12066,0.105806,25.71,-1.22134,-0.000142575,-2.87257e-05,-4.96703e-07,-0.000137282,3.54741e-05,-7.84791e-05,-9.83238e-05,-4.23712e-05,9.13926e-05,-0.000145699,-4.33695e-05,1.68565e-05,
-8.20217,4.70747,11.1545,9.74135,-0.833286,11.9689,-8.37777,5.74898,20.8853,7.1411,60,14.5352,0,0,0,0,0,0,0,0,0,0,0,0,-0.00347204,0.698553,-1.45215,-0.0277277,0.759028,-1.44017,-0.00695652,0.73866,-1.50039,-0.0240358,0.716999,-1.48564,-0.1526,0.784144,-1.24935,0.149391,0.743877,-1.22255,-0.159276,0.843188,-1.12066,0.105805,25.71,-1.22137,0.000110495,1.68263e-05,-5.63016e-05,0.000116335,-2.92615e-05,4.49347e-05,0.000136476,4.91171e-05,-5.60274e-05,9.07741e-05,-5.66485e-05,8.21135e-05,
-8.20177,4.70775,11.1535,9.74168,-0.833495,11.9691,-8.37753,5.74921,20.885,7.14139,60,14.5363,0,0,0,0,0,0,0,0,0,0,0,0,-0.00347058,0.698553,-1.45215,-0.0277261,0.759028,-1.44017,-0.00695448,0.738661,-1.50039,-0.0240348,0.716998,-1.48564,-0.152594,0.784149,-1.24936,0.149395,0.743873,-1.22255,-0.159273,0.843194,-1.12066,0.105808,25.71,-1.22135,-1.19158e-05,-6.78621e-06,4.11256e-05,-6.10938e-06,8.81794e-06,3.32119e-05,2.28032e-05,4.98228e-05,-2.9646e-05,-2.40244e-05,1.19698e-05,-1.34964e-06,
-8.20154,4.70752,11.1534,9.74155,-0.833462,11.9685,-8.37747,5.7488,20.8856,7.14157,60,14.5369,0,0,0,0,0,0,0,0,0,0,0,0,-0.00347227,0.698553,-1.45215,-0.0277277,0.759028,-1.44017,-0.00695527,0.738662,-1.50039,-0.0240366,0.716999,-1.48565,-0.152593,0.784144,-1.24936,0.14939,0.743875,-1.22256,-0.159273,0.843187,-1.12065,0.105809,25.71,-1.22134,-5.87797e-05,-2.04271e-05,4.42646e-05,-5.25911e-05,2.47504e-05,1.62821e-05,-1.59526e-05,5.69874e-05,-1.32798e-05,-6.32626e-05,3.61183e-05,-4.08407e-05,
-8.2018,4.7076,11.1537,9.74161,-0.833653,11.9694,-8.37792,5.74915,20.8851,7.14134,60,14.5368,0,0,0,0,0,0,0,0,0,0,0,0,-0.00347233,0.698553,-1.45215,-0.0277277,0.759029,-1.44017,-0.00695467,0.738663,-1.50039,-0.0240368,0.716999,-1.48565,-0.152596,0.784145,-1.24936,0.149393,0.743872,-1.22254,-0.159279,0.843195,-1.12066,0.105806,25.71,-1.22134,1.47421e-05,-1.0489e-05,-1.04724e-05,2.32086e-05,2.35354e-05,1.96621e-05,5.75245e-05,5.41247e-05,-1.67807e-05,1.06771e-05,7.31214e-06,-3.34036e-06,
-8.20181,4.70766,11.1542,9.74177,-0.83335,11.9697,-8.37816,5.74935,20.8851,7.14134,60,14.536,0,0,0,0,0,0,0,0,0,0,0,0,-0.00347221,0.698553,-1.45215,-0.0277274,0.759029,-1.44017,-0.00695359,0.738663,-1.50039,-0.0240367,0.716998,-1.48565,-0.152596,0.784146,-1.24935,0.149396,0.743877,-1.22254,-0.159283,0.843196,-1.12066,0.105806,25.71,-1.22135,3.28624e-06,-1.56524e-05,-5.74226e-05,9.43127e-06,6.06131e-07,-5.32107e-06,4.71077e-05,-3.68024e-05,4.2879e-05,6.83487e-07,-7.80277e-05,4.52313e-05,
-8.20167,4.70779,11.1536,9.74176,-0.833262,11.9697,-8.37822,5.7494,20.885,7.14137,60,14.5367,0,0,0,0,0,0,0,0,0,0,0,0,-0.00347217,0.698552,-1.45215,-0.0277272,0.759029,-1.44017,-0.00695265,0.738663,-1.50039,-0.0240367,0.716997,-1.48564,-0.152594,0.784148,-1.24936,0.149396,0.743879,-1.22254,-0.159283,0.843197,-1.12066,0.105806,25.71,-1.22134,-1.199e-05,-2.12744e-05,-1.35008e-05,-6.10965e-06,3.48156e-06,-9.4768e-06,3.05359e-05,-1.7337e-05,4.58497e-05,-1.63545e-05,-3.4997e-05,3.92815e-05,
-8.20174,4.70781,11.1538,9.74175,-0.833356,11.9693,-8.37818,5.74899,20.885,7.14153,60,14.5363,0,0,0,0,0,0,0,0,0,0,0,0,-0.00347273,0.698551,-1.45215,-0.0277277,0.759029,-1.44017,-0.00695225,0.738663,-1.50039,-0.0240375,0.716997,-1.48564,-0.152596,0.784147,-1.24936,0.149395,0.743877,-1.22254,-0.159282,0.843191,-1.12066,0.105808,25.71,-1.22135,-1.26367e-05,-2.76495e-05,5.26821e-05,-6.34853e-06,6.53134e-07,4.76227e-05,2.56346e-05,3.47509e-05,1.03223e-05,-2.14718e-05,1.3782e-05,-5.6622e-06,
-8.20167,4.708,11.152,9.74149,-0.833595,11.9694,-8.37766,5.74883,20.8838,7.14158,60,14.538,0,0,0,0,0,0,0,0,0,0,0,0,-0.00347273,0.698551,-1.45215,-0.0277276,0.759029,-1.44017,-0.00695172,0.738664,-1.50039,-0.0240376,0.716997,-1.48564,-0.152594,0.78415,-1.24939,0.149391,0.743873,-1.22254,-0.159272,0.843189,-1.12068,0.105809,25.71,-1.22132,7.76671e-06,-2.57772e-05,6.50914e-05,1.40394e-05,7.40893e-06,5.48243e-05,4.20662e-05,4.42425e-05,8.57138e-06,-4.59745e-06,-3.38827e-07,-2.40418e-05,
-8.20213,4.70793,11.1536,9.7412,-0.833476,11.9689,-8.37792,5.74836,20.8845,7.14143,60,14.5362,0,0,0,0,0,0,0,0,0,0,0,0,-0.00347258,0.698551,-1.45215,-0.0277273,0.759029,-1.44016,-0.00695086,0.738665,-1.50039,-0.0240375,0.716997,-1.48564,-0.152601,0.78415,-1.24936,0.149387,0.743875,-1.22255,-0.159274,0.843182,-1.12067,0.105809,25.71,-1.22135,5.35134e-05,1.39331e-05,-2.43312e-05,5.95296e-05,-1.0121e-05,5.32227e-05,8.42819e-05,4.67958e-05,-2.44142e-05,7.55801e-05,-5.41116e-05,7.09446e-05,
-8.20245,4.70815,11.1541,9.74127,-0.833535,11.9697,-8.37871,5.74904,20.8844,7.14114,60,14.536,0,0,0,0,0,0,0,0,0,0,0,0,-0.00346978,0.698551,-1.45215,-0.0277244,0.759028,-1.44016,-0.00694744,0.738665,-1.50039,-0.0240353,0.716995,-1.48564,-0.152602,0.784154,-1.24935,0.149393,0.743873,-1.22253,-0.159284,0.843193,-1.12067,0.105806,25.71,-1.22135,0.000111474,1.29591e-05,-0.000102941,0.000117195,-2.69467e-05,2.33637e-05,0.000145446,-3.83258e-07,1.19036e-05,9.94095e-05,-9.15862e-05,8.51553e-05,
-8.20193,4.70824,11.1537,9.74147,-0.833737,11.9696,-8.3778,5.74846,20.8842,7.14187,60,14.5365,0,0,0,0,0,0,0,0,0,0,0,0,-0.00347031,0.698551,-1.45215,-0.0277247,0.759029,-1.44016,-0.00694683,0.738665,-1.50039,-0.0240358,0.716994,-1.48564,-0.152599,0.784155,-1.24936,0.149391,0.743871,-1.22254,-0.159271,0.843182,-1.12068,0.105814,25.71,-1.22134,-9.09473e-05,-7.2958e-06,-3.05967e-05,-8.48083e-05,4.11841e-05,-4.96009e-05,-3.84978e-05,2.2549e-06,4.76302e-05,-8.56519e-05,-8.52853e-06,-7.51075e-06,
-8.2019,4.70816,11.1552,9.74194,-0.833428,11.9696,-8.37903,5.74913,20.8858,7.14167,60,14.5358,0,0,0,0,0,0,0,0,0,0,0,0,-0.00347243,0.698551,-1.45215,-0.0277267,0.75903,-1.44017,-0.00694782,0.738666,-1.50039,-0.0240378,0.716994,-1.48564,-0.1526,0.784154,-1.24933,0.149398,0.743877,-1.22254,-0.159294,0.843196,-1.12065,0.105809,25.71,-1.22135,-6.79098e-05,-6.15714e-06,-8.73871e-06,-6.10721e-05,2.41388e-05,8.13124e-06,-1.29072e-05,5.31382e-05,-2.59831e-05,-6.05024e-05,3.76569e-05,-3.60953e-05,
-8.2014,4.70807,11.1531,9.74208,-0.833959,11.9695,-8.37801,5.74857,20.8844,7.14204,60,14.5372,0,0,0,0,0,0,0,0,0,0,0,0,-0.00347344,0.698551,-1.45215,-0.0277276,0.75903,-1.44016,-0.00694761,0.738667,-1.50039,-0.0240383,0.716995,-1.48564,-0.152592,0.784152,-1.24937,0.149399,0.743868,-1.22254,-0.159276,0.843188,-1.12067,0.105816,25.71,-1.22133,-9.70942e-05,-1.41647e-05,6.08282e-05,-9.00627e-05,3.63277e-05,3.58411e-05,-3.78568e-05,6.1711e-05,3.16211e-06,-5.30676e-05,4.80764e-05,-5.1473e-05,
-8.20139,4.70799,11.1532,9.74183,-0.833573,11.9687,-8.37827,5.74843,20.8852,7.14203,60,14.5373,0,0,0,0,0,0,0,0,0,0,0,0,-0.00347569,0.69855,-1.45215,-0.0277297,0.759031,-1.44016,-0.00694887,0.738668,-1.50039,-0.0240407,0.716996,-1.48564,-0.152594,0.78415,-1.24936,0.149393,0.743875,-1.22255,-0.159282,0.843186,-1.12066,0.105813,25.71,-1.22133,-7.68881e-05,-1.13208e-05,8.69906e-05,-6.95414e-05,7.85884e-06,8.50352e-05,-2.48856e-05,6.83169e-05,-3.48549e-05,-7.23372e-05,4.25938e-05,-2.90097e-05,
-8.20181,4.70806,11.1536,9.74154,-0.833671,11.9689,-8.37879,5.74858,20.8849,7.14162,60,14.5363,0,0,0,0,0,0,0,0,0,0,0,0,-0.00347458,0.69855,-1.45215,-0.0277284,0.75903,-1.44016,-0.00694681,0.738669,-1.50039,-0.0240396,0.716996,-1.48564,-0.152596,0.784151,-1.24936,0.149393,0.743872,-1.22254,-0.159285,0.843189,-1.12067,0.10581,25.71,-1.22134,7.60252e-05,-7.80127e-06,-4.32501e-05,8.29663e-05,-3.0613e-05,6.54417e-05,0.000119301,1.50938e-05,-1.13031e-06,7.33659e-05,-6.49191e-05,0.000105122,
-8.20173,4.70826,11.1538,9.74143,-0.833644,11.9687,-8.37847,5.74848,20.8845,7.14185,60,14.5359,0,0,0,0,0,0,0,0,0,0,0,0,-0.00347369,0.69855,-1.45215,-0.0277274,0.759029,-1.44016,-0.006945,0.738668,-1.50039,-0.0240387,0.716994,-1.48564,-0.152596,0.784154,-1.24936,0.14939,0.743872,-1.22255,-0.15928,0.843184,-1.12067,0.105813,25.71,-1.22135,5.12097e-06,-2.63853e-05,-6.15329e-05,1.12135e-05,-2.4065e-05,9.35876e-06,5.03511e-05,-6.1012e-05,6.50175e-05,4.44947e-06,-0.000102762,9.00057e-05,
-8.20171,4.70857,11.1551,9.74185,-0.833623,11.9694,-8.37877,5.74896,20.8848,7.14204,60,14.5347,0,0,0,0,0,0,0,0,0,0,0,0,-0.0034744,0.698549,-1.45215,-0.027728,0.759029,-1.44016,-0.00694474,0.738667,-1.50039,-0.0240394,0.716992,-1.48564,-0.152598,0.784159,-1.24933,0.149395,0.743873,-1.22254,-0.159286,0.843192,-1.12066,0.105815,25.71,-1.22137,-4.92927e-05,-2.57699e-05,-4.99647e-05,-4.35226e-05,6.42026e-06,-3.84474e-05,-1.8777e-06,-6.28952e-05,7.34555e-05,-4.86759e-05,-9.07042e-05,7.09861e-05,
-8.20155,4.70879,11.1545,9.74232,-0.833663,11.9704,-8.3786,5.7493,20.8841,7.14218,60,14.5356,0,0,0,0,0,0,0,0,0,0,0,0,-0.00347535,0.698549,-1.45215,-0.0277289,0.75903,-1.44016,-0.00694483,0.738666,-1.50039,-0.0240404,0.716991,-1.48564,-0.152596,0.784163,-1.24935,0.149403,0.743872,-1.22252,-0.159283,0.843198,-1.12068,0.105816,25.71,-1.22136,-5.88385e-05,-2.13363e-05,-1.84096e-05,-5.29334e-05,1.17932e-05,-4.64837e-05,-9.35908e-06,-3.12114e-05,4.92363e-05,-5.66731e-05,-4.05555e-05,-4.11567e-06,
-8.20146,4.70819,11.1546,9.74241,-0.833558,11.969,-8.37941,5.74859,20.886,7.14204,60,14.5364,0,0,0,0,0,0,0,0,0,0,0,0,-0.003477,0.698548,-1.45215,-0.0277304,0.75903,-1.44016,-0.00694535,0.738668,-1.50039,-0.024042,0.716992,-1.48564,-0.152595,0.784152,-1.24934,0.149403,0.743875,-1.22254,-0.159297,0.843191,-1.12064,0.105813,25.71,-1.22134,-4.23533e-05,1.21365e-05,7.11772e-05,-3.55096e-05,2.79981e-05,0.00010365,3.51948e-05,0.000141883,-0.000107716,-1.23621e-05,0.00010302,-9.0055e-05,
-8.20156,4.708,11.1528,9.74195,-0.833963,11.9688,-8.3792,5.74804,20.8855,7.14207,60,14.5379,0,0,0,0,0,0,0,0,0,0,0,0,-0.00347611,0.698549,-1.45215,-0.0277293,0.759031,-1.44016,-0.00694367,0.738672,-1.50039,-0.0240414,0.716995,-1.48564,-0.152595,0.784149,-1.24937,0.149398,0.743868,-1.22254,-0.159292,0.843186,-1.12066,0.105814,25.71,-1.22132,1.29336e-05,1.70593e-06,0.000121855,2.01639e-05,2.23726e-05,0.000130367,4.7315e-05,0.000172867,-0.000115774,-1.85126e-07,0.000113057,-0.000104776,
-8.20155,4.7081,11.154,9.74184,-0.833421,11.9683,-8.37953,5.74819,20.8865,7.14218,60,14.5366,0,0,0,0,0,0,0,0,0,0,0,0,-0.00347667,0.698549,-1.45215,-0.0277297,0.759031,-1.44016,-0.00694367,0.738674,-1.50039,-0.024042,0.716996,-1.48564,-0.152596,0.78415,-1.24935,0.149395,0.743878,-1.22255,-0.159299,0.843189,-1.12064,0.105814,25.71,-1.22134,-6.82988e-06,-2.6366e-05,5.85762e-05,-7.78698e-07,-7.09283e-06,8.106e-05,-1.43511e-05,0.000102413,-3.72498e-05,-6.1461e-05,6.40847e-06,-1.36899e-05,
-8.2014,4.7087,11.1534,9.74179,-0.833823,11.9691,-8.37885,5.74857,20.8842,7.14237,60,14.5359,0,0,0,0,0,0,0,0,0,0,0,0,-0.00347659,0.698548,-1.45215,-0.0277295,0.75903,-1.44016,-0.00694292,0.738673,-1.50039,-0.0240424,0.716994,-1.48564,-0.152594,0.784159,-1.24936,0.149393,0.743869,-1.22254,-0.159285,0.84319,-1.12067,0.105818,25.71,-1.22135,-4.78819e-05,-6.99103e-05,3.67745e-06,-4.3274e-05,-2.45999e-05,-4.06597e-05,8.64408e-06,-0.000104969,0.000130205,-3.70998e-05,-0.000130186,0.000125385,
-8.20114,4.70883,11.1531,9.74167,-0.833551,11.969,-8.37818,5.74842,20.8837,7.14266,60,14.536,0,0,0,0,0,0,0,0,0,0,0,0,-0.00347816,0.698546,-1.45215,-0.027731,0.75903,-1.44016,-0.00694418,0.73867,-1.50039,-0.0240446,0.716991,-1.48564,-0.152591,0.78416,-1.24937,0.149389,0.743874,-1.22254,-0.159276,0.843183,-1.12068,0.10582,25.71,-1.22134,-6.62046e-05,-5.86121e-05,-4.16518e-05,-6.22469e-05,-2.49551e-05,-9.66963e-05,-4.66998e-05,-0.000137967,0.000170223,-9.22873e-05,-0.000156265,0.000131488,
-8.20188,4.70891,11.1547,9.74184,-0.83345,11.9702,-8.37955,5.74909,20.8842,7.14203,60,14.5349,0,0,0,0,0,0,0,0,0,0,0,0,-0.00347736,0.698546,-1.45215,-0.0277302,0.75903,-1.44016,-0.00694309,0.738669,-1.50038,-0.0240445,0.716987,-1.48564,-0.1526,0.784162,-1.24934,0.149397,0.743875,-1.22252,-0.159296,0.843197,-1.12067,0.105812,25.71,-1.22136,0.000107555,5.06733e-06,-9.19842e-05,0.000112088,-2.19011e-05,-3.69733e-05,0.000118303,-2.53755e-05,3.9534e-05,7.30525e-05,-0.000137318,0.000121536,
-8.20211,4.7087,11.1548,9.74176,-0.833667,11.9694,-8.37946,5.74817,20.8848,7.14223,60,14.5348,0,0,0,0,0,0,0,0,0,0,0,0,-0.00347476,0.698546,-1.45215,-0.0277275,0.759029,-1.44016,-0.00694025,0.738669,-1.50038,-0.0240426,0.716986,-1.48563,-0.152602,0.78416,-1.24934,0.149397,0.743872,-1.22253,-0.159292,0.843183,-1.12066,0.105817,25.71,-1.22137,7.29476e-05,3.52233e-05,-3.38989e-05,7.75769e-05,1.92941e-05,1.05574e-05,8.70472e-05,6.36674e-05,-3.83155e-05,4.03742e-05,-2.4249e-05,2.48505e-05,
-8.20149,4.70878,11.1531,9.7421,-0.833967,11.9696,-8.3791,5.74822,20.8849,7.14264,60,14.5375,0,0,0,0,0,0,0,0,0,0,0,0,-0.00347518,0.698547,-1.45215,-0.0277278,0.75903,-1.44016,-0.00694027,0.738672,-1.50039,-0.0240436,0.716987,-1.48564,-0.152595,0.784161,-1.24936,0.1494,0.743869,-1.22253,-0.159289,0.843188,-1.12066,0.10582,25.71,-1.22132,-7.92875e-05,4.51392e-06,0.000112035,-7.37947e-05,7.29572e-05,3.60416e-05,-5.58137e-05,0.000147149,-0.000103578,-0.00010426,0.000136172,-0.000154514,
-8.20177,4.70853,11.1535,9.74169,-0.833997,11.9689,-8.37894,5.74751,20.8852,7.14271,60,14.5371,0,0,0,0,0,0,0,0,0,0,0,0,-0.00347693,0.698547,-1.45215,-0.0277294,0.759032,-1.44016,-0.00694147,0.738675,-1.50039,-0.0240458,0.71699,-1.48564,-0.1526,0.784157,-1.24936,0.149392,0.743869,-1.22254,-0.159286,0.843178,-1.12066,0.105821,25.71,-1.22133,-1.35971e-05,2.20749e-05,5.50315e-05,-7.99793e-06,4.47591e-05,5.11813e-05,9.34657e-06,0.000135746,-0.000101457,-3.82253e-05,8.11965e-05,-8.60772e-05,
-8.20226,4.7086,11.1539,9.74134,-0.834017,11.9691,-8.37959,5.7477,20.885,7.14229,60,14.5364,0,0,0,0,0,0,0,0,0,0,0,0,-0.00347564,0.698547,-1.45215,-0.027728,0.759032,-1.44016,-0.00693986,0.738676,-1.50039,-0.0240451,0.71699,-1.48564,-0.152605,0.784159,-1.24935,0.14939,0.743867,-1.22254,-0.159293,0.843182,-1.12066,0.105817,25.71,-1.22134,0.000106392,1.75215e-05,-1.94314e-05,0.000111767,-1.49021e-05,4.4255e-05,0.000123498,6.12626e-05,-4.8225e-05,7.73768e-05,-4.16463e-05,5.2256e-05,
-8.20187,4.70881,11.1542,9.74158,-0.833929,11.9694,-8.37936,5.74797,20.8846,7.14259,60,14.5357,0,0,0,0,0,0,0,0,0,0,0,0,-0.00347455,0.698547,-1.45215,-0.0277268,0.759031,-1.44016,-0.00693824,0.738676,-1.50039,-0.0240444,0.716988,-1.48564,-0.152599,0.784161,-1.24935,0.149393,0.743869,-1.22253,-0.15929,0.843183,-1.12067,0.10582,25.71,-1.22135,-4.01861e-06,-2.88226e-05,-5.40882e-05,9.47063e-07,-6.9606e-06,-3.76284e-05,2.83288e-05,-6.71113e-05,9.11998e-05,-1.75473e-05,-0.000106519,8.67816e-05,
-8.20159,4.70924,11.1545,9.74239,-0.833829,11.9711,-8.37947,5.74898,20.8836,7.14279,60,14.5354,0,0,0,0,0,0,0,0,0,0,0,0,-0.00347598,0.698546,-1.45215,-0.0277284,0.759032,-1.44016,-0.00693896,0.738674,-1.50039,-0.0240463,0.716986,-1.48564,-0.152598,0.784168,-1.24934,0.149404,0.743871,-1.2225,-0.159294,0.843199,-1.12068,0.105821,25.71,-1.22136,-7.98168e-05,-3.79235e-05,-2.50485e-05,-7.08021e-05,1.55265e-05,-7.23593e-05,-3.36441e-05,-7.25878e-05,0.000126194,-8.0622e-05,-8.83728e-05,6.7634e-05,
-8.20188,4.70898,11.1541,9.74203,-0.833689,11.9696,-8.37961,5.74783,20.8843,7.14267,60,14.5358,0,0,0,0,0,0,0,0,0,0,0,0,-0.003477,0.698546,-1.45215,-0.027729,0.759032,-1.44016,-0.00693885,0.738674,-1.50038,-0.0240471,0.716985,-1.48564,-0.152601,0.784163,-1.24935,0.1494,0.743873,-1.22253,-0.159294,0.843181,-1.12067,0.10582,25.71,-1.22135,2.79866e-05,-6.82876e-07,1.55392e-05,3.48222e-05,-5.19486e-06,7.34472e-05,6.41667e-05,6.92796e-05,-2.18485e-05,1.72664e-05,-2.26099e-06,-8.65693e-06,
-8.20197,4.70857,11.1536,9.74156,-0.833826,11.9681,-8.38029,5.74736,20.8859,7.14243,60,14.5365,0,0,0,0,0,0,0,0,0,0,0,0,-0.00347541,0.698546,-1.45215,-0.0277273,0.759031,-1.44016,-0.00693691,0.738676,-1.50039,-0.024046,0.716986,-1.48564,-0.152601,0.784157,-1.24935,0.149394,0.743871,-1.22255,-0.159303,0.843178,-1.12065,0.105818,25.71,-1.22134,5.90037e-05,2.13439e-05,8.56907e-05,6.66965e-05,6.23812e-06,0.000152604,0.000109121,0.000171034,-0.000119305,6.18641e-05,8.57806e-05,-3.95697e-05,
-8.20192,4.70889,11.1545,9.74182,-0.834126,11.9686,-8.38001,5.7475,20.8856,7.14291,60,14.5353,0,0,0,0,0,0,0,0,0,0,0,0,-0.00347525,0.698546,-1.45215,-0.027727,0.759032,-1.44015,-0.00693571,0.73868,-1.50039,-0.0240458,0.716988,-1.48564,-0.152602,0.784162,-1.24934,0.149396,0.743866,-1.22254,-0.159299,0.843182,-1.12065,0.105825,25.71,-1.22136,-3.12878e-05,-1.08829e-05,0.00010571,-2.45068e-05,2.6111e-05,7.28258e-05,1.36943e-05,9.46543e-05,-5.27708e-05,-3.35629e-05,7.3647e-05,-4.79216e-05,
-8.20081,4.70902,11.1526,9.74232,-0.834073,11.9693,-8.37942,5.74822,20.8844,7.14329,60,14.5375,0,0,0,0,0,0,0,0,0,0,0,0,-0.00347816,0.698545,-1.45215,-0.0277298,0.759032,-1.44015,-0.00693755,0.738679,-1.50039,-0.0240486,0.716989,-1.48564,-0.152588,0.784162,-1.24937,0.149399,0.743868,-1.22253,-0.159294,0.843191,-1.12067,0.105825,25.71,-1.22132,-0.000181523,-6.2866e-05,9.08034e-05,-0.000175521,3.32528e-05,-3.45067e-05,-0.000126479,-5.27398e-05,0.000124829,-0.000174526,1.27899e-05,-4.16304e-05,
-8.20123,4.70895,11.1547,9.74234,-0.83384,11.9695,-8.37982,5.74803,20.8849,7.14318,60,14.535,0,0,0,0,0,0,0,0,0,0,0,0,-0.00348083,0.698544,-1.45215,-0.0277323,0.759033,-1.44016,-0.00693928,0.738679,-1.50039,-0.0240512,0.716988,-1.48564,-0.152596,0.78416,-1.24933,0.1494,0.743872,-1.22253,-0.1593,0.843187,-1.12066,0.105823,25.71,-1.22137,-6.52161e-05,-4.03321e-05,-5.71779e-06,-5.94374e-05,1.16579e-05,-3.03787e-05,-1.91202e-05,-4.74866e-05,7.18921e-05,-6.56496e-05,-7.17473e-05,5.67101e-05,
-8.20157,4.70911,11.1541,9.74206,-0.833841,11.9691,-8.38023,5.748,20.8848,7.14279,60,14.5353,0,0,0,0,0,0,0,0,0,0,0,0,-0.00347877,0.698544,-1.45215,-0.0277301,0.759032,-1.44015,-0.0069364,0.738678,-1.50038,-0.0240495,0.716986,-1.48564,-0.152596,0.784163,-1.24935,0.1494,0.743871,-1.22253,-0.159302,0.843187,-1.12066,0.105821,25.71,-1.22136,6.75997e-05,-1.34086e-05,-5.40012e-05,7.33099e-05,-2.33404e-05,2.39679e-05,0.000100019,-6.49874e-06,3.29054e-05,5.37443e-05,-8.29333e-05,7.7848e-05,
-8.20153,4.70908,11.1551,9.74245,-0.833509,11.9695,-8.38109,5.7485,20.8859,7.14281,60,14.5349,0,0,0,0,0,0,0,0,0,0,0,0,-0.00347851,0.698543,-1.45215,-0.0277297,0.759032,-1.44015,-0.0069355,0.738678,-1.50038,-0.0240494,0.716985,-1.48564,-0.152598,0.784162,-1.24932,0.149406,0.743878,-1.22253,-0.159318,0.843197,-1.12064,0.105819,25.71,-1.22137,-1.20749e-05,-2.36499e-05,4.53514e-05,-6.36756e-06,1.15993e-05,1.89437e-05,2.81674e-05,2.07858e-05,2.24499e-05,-1.88956e-05,-4.65964e-06,1.30725e-05,
-8.20119,4.70926,11.1527,9.74217,-0.834115,11.9693,-8.37946,5.74753,20.8841,7.14347,60,14.5368,0,0,0,0,0,0,0,0,0,0,0,0,-0.00347914,0.698543,-1.45215,-0.0277303,0.759032,-1.44015,-0.00693549,0.738679,-1.50038,-0.0240503,0.716985,-1.48564,-0.152594,0.784165,-1.24937,0.149398,0.743868,-1.22253,-0.15929,0.84318,-1.12067,0.105829,25.71,-1.22133,-7.51547e-05,-3.92413e-05,0.000103383,-6.97766e-05,3.95117e-05,-1.84198e-05,-4.37864e-05,3.32093e-05,3.02901e-05,-9.14374e-05,4.39673e-05,-8.58074e-05,
-8.20131,4.70908,11.1527,9.74192,-0.833852,11.9692,-8.38005,5.74766,20.8847,7.14312,60,14.5374,0,0,0,0,0,0,0,0,0,0,0,0,-0.00348092,0.698542,-1.45214,-0.0277319,0.759033,-1.44015,-0.00693674,0.73868,-1.50038,-0.0240526,0.716986,-1.48564,-0.152595,0.784162,-1.24937,0.149394,0.743873,-1.22253,-0.1593,0.843184,-1.12066,0.105822,25.71,-1.22132,1.60713e-05,-5.49254e-06,6.00205e-05,2.15645e-05,1.05846e-05,1.49636e-05,3.48751e-05,6.16332e-05,-7.05316e-06,-1.19225e-05,3.02254e-06,-2.20828e-06,
-8.20208,4.70904,11.1537,9.74135,-0.833822,11.9694,-8.38063,5.74755,20.8847,7.14264,60,14.5359,0,0,0,0,0,0,0,0,0,0,0,0,-0.00347799,0.698542,-1.45214,-0.0277289,0.759033,-1.44015,-0.00693352,0.73868,-1.50038,-0.0240503,0.716985,-1.48564,-0.152602,0.784162,-1.24935,0.149391,0.743872,-1.22253,-0.159304,0.843181,-1.12066,0.105819,25.71,-1.22134,0.000165097,2.15146e-05,-0.000111407,0.000170225,-2.32533e-05,-2.00911e-05,0.000177257,-3.12629e-07,-4.43634e-06,0.00013205,-0.000131176,0.00012034,
-8.202,4.70962,11.1544,9.74168,-0.833848,11.9703,-8.38035,5.74804,20.8839,7.14299,60,14.535,0,0,0,0,0,0,0,0,0,0,0,0,-0.00347567,0.698542,-1.45215,-0.0277265,0.759032,-1.44016,-0.0069309,0.738679,-1.50038,-0.0240487,0.716981,-1.48563,-0.152602,0.784172,-1.24934,0.149396,0.743872,-1.22252,-0.1593,0.843187,-1.12067,0.105824,25.71,-1.22136,2.8395e-05,-9.19274e-06,-0.000107639,3.26177e-05,3.30832e-06,-0.000111684,4.82681e-05,-9.1643e-05,9.82794e-05,2.64754e-06,-0.000156604,0.000119891,
-8.20148,4.7097,11.1544,9.74207,-0.833582,11.9704,-8.38034,5.74836,20.8844,7.14327,60,14.5356,0,0,0,0,0,0,0,0,0,0,0,0,-0.00347701,0.698542,-1.45215,-0.0277274,0.759033,-1.44016,-0.00693147,0.738677,-1.50038,-0.02405,0.716979,-1.48563,-0.152597,0.784172,-1.24934,0.149399,0.743877,-1.22252,-0.159303,0.843191,-1.12066,0.105825,25.71,-1.22135,-8.88163e-05,-2.88306e-05,-5.97554e-05,-8.99892e-05,1.92299e-05,-0.000119657,-6.52462e-05,-9.57841e-05,0.000116855,-0.000112004,-8.63232e-05,4.18768e-05,
-8.20161,4.70975,11.1534,9.74206,-0.834073,11.9704,-8.3797,5.74771,20.8834,7.14352,60,14.5363,0,0,0,0,0,0,0,0,0,0,0,0,-0.00347818,0.698542,-1.45215,-0.0277288,0.759034,-1.44016,-0.00693234,0.738677,-1.50038,-0.0240519,0.716979,-1.48563,-0.1526,0.784173,-1.24936,0.149398,0.74387,-1.22251,-0.159291,0.843183,-1.12068,0.105829,25.71,-1.22134,-4.91726e-05,-3.33225e-06,1.76595e-05,-4.40204e-05,4.27262e-05,-2.30328e-06,-2.05909e-05,5.48063e-05,7.18096e-06,-6.76435e-05,2.71197e-05,-5.07722e-05,
-8.20201,4.70943,11.1542,9.74202,-0.833945,11.9699,-8.3807,5.74745,20.8848,7.14315,60,14.5362,0,0,0,0,0,0,0,0,0,0,0,0,-0.00347821,0.698542,-1.45215,-0.0277287,0.759034,-1.44016,-0.00693186,0.73868,-1.50038,-0.0240524,0.71698,-1.48563,-0.152604,0.784169,-1.24934,0.149401,0.743872,-1.22252,-0.159306,0.843183,-1.12066,0.105824,25.71,-1.22134,5.82136e-05,3.32127e-05,2.2768e-05,6.43334e-05,2.10579e-05,9.29271e-05,8.00786e-05,0.000165331,-0.000122848,3.33284e-05,5.7706e-05,-4.18258e-05,
-8.20234,4.70904,11.154,9.74137,-0.834137,11.9684,-8.38104,5.74654,20.8856,7.14298,60,14.536,0,0,0,0,0,0,0,0,0,0,0,0,-0.00347552,0.698543,-1.45215,-0.0277259,0.759034,-1.44015,-0.00692868,0.738683,-1.50038,-0.0240502,0.716981,-1.48563,-0.152606,0.784163,-1.24935,0.149393,0.743868,-1.22254,-0.159308,0.84317,-1.12065,0.105824,25.71,-1.22134,0.000108509,4.10929e-05,2.68482e-05,0.000115078,-1.31624e-06,0.000128831,0.000135647,0.000155259,-0.000120374,8.88754e-05,4.60282e-05,-4.32817e-06,
-8.20174,4.7097,11.1534,9.74192,-0.834595,11.9698,-8.37995,5.74708,20.8836,7.14392,60,14.5361,0,0,0,0,0,0,0,0,0,0,0,0,-0.00347574,0.698543,-1.45215,-0.027726,0.759035,-1.44015,-0.00692815,0.738685,-1.50038,-0.0240512,0.716982,-1.48564,-0.152601,0.784173,-1.24936,0.149397,0.743861,-1.22252,-0.159292,0.843179,-1.12068,0.105834,25.71,-1.22134,-0.000108063,-2.71355e-05,7.92554e-05,-0.000102166,3.59725e-05,1.91039e-05,-6.40102e-05,2.94175e-05,6.13762e-05,-0.000151268,1.89805e-05,-3.1813e-05,
-8.20138,4.70961,11.1543,9.74239,-0.83394,11.9698,-8.38038,5.74768,20.8846,7.14386,60,14.5358,0,0,0,0,0,0,0,0,0,0,0,0,-0.00348003,0.698542,-1.45214,-0.0277294,0.759035,-1.44015,-0.0069307,0.738684,-1.50038,-0.0240541,0.716982,-1.48564,-0.152598,0.78417,-1.24934,0.1494,0.743873,-1.22252,-0.159305,0.843186,-1.12066,0.105829,25.71,-1.22135,-8.66539e-05,-5.55967e-05,1.50435e-05,-0.000202816,2.46052e-05,-5.84856e-05,-0.000153561,-8.26058e-05,0.000124251,-0.000200755,-4.9933e-05,4.24061e-06,
-8.20171,4.70944,11.1538,9.74199,-0.834317,11.9697,-8.38081,5.74737,20.884,7.14332,60,14.5357,0,0,0,0,0,0,0,0,0,0,0,0,-0.00347968,0.698542,-1.45215,-0.0277297,0.759035,-1.44015,-0.00692972,0.738683,-1.50038,-0.0240542,0.71698,-1.48563,-0.1526,0.784167,-1.24935,0.149399,0.743866,-1.22252,-0.159305,0.843181,-1.12067,0.105826,25.71,-1.22134,6.86276e-05,-9.17029e-06,-6.69694e-05,7.53282e-05,-1.1379e-05,4.44474e-05,0.000111027,-9.59289e-06,7.13366e-06,6.47304e-05,-6.62502e-05,9.46063e-05,
-8.20184,4.70954,11.1547,9.74205,-0.834148,11.9694,-8.38098,5.74708,20.8844,7.14345,60,14.5346,0,0,0,0,0,0,0,0,0,0,0,0,-0.00347866,0.698542,-1.45215,-0.0277285,0.759035,-1.44015,-0.00692789,0.738684,-1.50038,-0.0240534,0.716979,-1.48563,-0.152602,0.784169,-1.24933,0.149401,0.743868,-1.22253,-0.159307,0.843177,-1.12066,0.105828,25.71,-1.22136,2.92922e-05,-6.0506e-06,-2.37307e-05,3.60948e-05,-7.95116e-06,5.00763e-05,7.8102e-05,2.15423e-05,6.28483e-06,3.16807e-05,-4.3332e-05,7.17094e-05,
-8.20137,4.70964,11.1532,9.74209,-0.834283,11.9693,-8.38076,5.74719,20.8843,7.14358,60,14.5366,0,0,0,0,0,0,0,0,0,0,0,0,-0.00347865,0.698541,-1.45215,-0.0277284,0.759035,-1.44015,-0.00692682,0.738684,-1.50038,-0.0240533,0.716979,-1.48563,-0.152596,0.784171,-1.24936,0.1494,0.743866,-1.22253,-0.159304,0.84318,-1.12067,0.105829,25.71,-1.22133,-4.81657e-05,-2.21005e-05,3.46158e-05,-4.14299e-05,1.14324e-05,3.44562e-05,6.01666e-06,3.50431e-05,8.459e-06,-4.12646e-05,1.58325e-05,-3.15482e-05,
-8.20134,4.7094,11.1541,9.74196,-0.83414,11.9686,-8.38091,5.74692,20.8852,7.1437,60,14.5358,0,0,0,0,0,0,0,0,0,0,0,0,-0.00348008,0.698541,-1.45215,-0.0277297,0.759035,-1.44015,-0.00692725,0.738685,-1.50038,-0.0240545,0.71698,-1.48563,-0.152597,0.784167,-1.24934,0.149395,0.74387,-1.22254,-0.159307,0.843176,-1.12065,0.10583,25.71,-1.22135,-6.15038e-05,-3.5514e-06,5.9291e-07,-5.46836e-05,2.44581e-05,3.72176e-05,-6.52137e-06,3.97907e-05,9.27944e-06,-5.38449e-05,1.94398e-05,8.22903e-06,
-8.20165,4.70997,11.1548,9.74203,-0.83455,11.9694,-8.38057,5.74712,20.884,7.14392,60,14.5344,0,0,0,0,0,0,0,0,0,0,0,0,-0.00348031,0.698541,-1.45215,-0.0277298,0.759036,-1.44015,-0.00692641,0.738685,-1.50038,-0.0240547,0.716979,-1.48563,-0.152602,0.784176,-1.24933,0.149397,0.743862,-1.22253,-0.1593,0.843178,-1.12067,0.105834,25.71,-1.22137,-3.34427e-05,-2.42613e-05,-4.14017e-05,-2.72355e-05,1.52716e-05,-1.11526e-05,1.8242e-05,-2.81125e-05,4.91505e-05,-2.83538e-05,-6.31031e-05,3.7182e-05,
-8.20116,4.70976,11.1551,9.7424,-0.834198,11.9691,-8.38127,5.74752,20.8854,7.14381,60,14.535,0,0,0,0,0,0,0,0,0,0,0,0,-0.00348173,0.69854,-1.45215,-0.0277311,0.759036,-1.44015,-0.00692671,0.738684,-1.50038,-0.024056,0.716977,-1.48563,-0.152595,0.784172,-1.24933,0.149402,0.743869,-1.22253,-0.159314,0.843184,-1.12064,0.10583,25.71,-1.22136,-6.45983e-05,-3.08237e-05,-3.75959e-05,-5.85968e-05,2.62558e-05,-3.79761e-05,-9.65071e-06,-3.52368e-05,4.792e-05,-5.66949e-05,-4.46469e-05,2.14049e-05,
-8.20095,4.70963,11.1533,9.74249,-0.834599,11.9696,-8.38077,5.74727,20.8842,7.14395,60,14.5366,0,0,0,0,0,0,0,0,0,0,0,0,-0.00348273,0.69854,-1.45215,-0.0277319,0.759036,-1.44015,-0.00692652,0.738685,-1.50038,-0.0240568,0.716978,-1.48563,-0.152592,0.784169,-1.24936,0.149403,0.743863,-1.22252,-0.159304,0.843181,-1.12067,0.105832,25.71,-1.22133,-5.35892e-05,-2.45096e-05,5.35237e-05,-4.67529e-05,3.63462e-05,1.74682e-05,2.57248e-06,3.97852e-05,1.81512e-06,-4.52574e-05,4.04067e-05,-6.32046e-05,
-8.20161,4.70962,11.1552,9.74216,-0.834377,11.969,-8.3812,5.74666,20.8848,7.14412,60,14.5345,0,0,0,0,0,0,0,0,0,0,0,0,-0.00348377,0.69854,-1.45215,-0.0277328,0.759037,-1.44015,-0.00692638,0.738686,-1.50038,-0.0240579,0.716978,-1.48563,-0.152603,0.784169,-1.24932,0.149399,0.743867,-1.22253,-0.15931,0.843171,-1.12065,0.105834,25.71,-1.22137,5.11553e-05,1.20671e-06,-1.85104e-05,5.74086e-05,6.06235e-06,5.64707e-05,8.96351e-05,4.4812e-05,-1.54612e-05,-5.48233e-05,1.49578e-05,-1.86107e-05,
-8.20191,4.71002,11.155,9.74214,-0.834552,11.9695,-8.38178,5.74714,20.8844,7.14351,60,14.5347,0,0,0,0,0,0,0,0,0,0,0,0,-0.00348194,0.69854,-1.45215,-0.0277309,0.759037,-1.44015,-0.0069241,0.738686,-1.50038,-0.0240561,0.716978,-1.48563,-0.152604,0.784176,-1.24933,0.149403,0.743863,-1.22252,-0.159316,0.84318,-1.12066,0.105829,25.71,-1.22136,0.000144998,-6.53267e-06,-2.73957e-05,0.000151253,-1.64727e-05,4.49315e-05,0.000176268,1.92879e-05,8.45224e-06,0.000130339,-5.46631e-05,4.30268e-05,
-8.20114,4.70986,11.1541,9.74234,-0.834319,11.9689,-8.38126,5.74678,20.8849,7.14414,60,14.5359,0,0,0,0,0,0,0,0,0,0,0,0,-0.00348219,0.698539,-1.45215,-0.027731,0.759037,-1.44015,-0.00692334,0.738687,-1.50038,-0.0240565,0.716978,-1.48563,-0.152596,0.784172,-1.24934,0.149401,0.743868,-1.22253,-0.159311,0.843174,-1.12065,0.105835,25.71,-1.22134,-7.98267e-05,-3.76048e-05,7.3234e-05,-7.35639e-05,2.59599e-05,4.93232e-06,-3.54531e-05,2.9759e-05,3.73337e-05,-8.30602e-05,4.89469e-05,-5.61943e-05,
-8.20107,4.70995,11.153,9.74231,-0.834834,11.9697,-8.38084,5.74678,20.8834,7.14424,60,14.5367,0,0,0,0,0,0,0,0,0,0,0,0,-0.00348398,0.698538,-1.45214,-0.0277326,0.759038,-1.44015,-0.00692425,0.738687,-1.50038,-0.0240585,0.716979,-1.48563,-0.152596,0.784173,-1.24936,0.149399,0.74386,-1.22252,-0.159304,0.843175,-1.12068,0.105835,25.71,-1.22133,-5.97663e-05,-4.31797e-05,8.76141e-05,-5.39109e-05,3.55938e-05,-2.72214e-06,-2.14532e-05,2.78683e-05,3.45457e-05,-6.9012e-05,3.31239e-05,-4.96201e-05,
