tau_cal_0,tau_cal_1,tau_cal_2,tau_cal_3,tau_cal_4,tau_cal_5,tau_cal_6,tau_cal_7,tau_cal_8,tau_cal_9,tau_cal_10,tau_cal_11,tau_est_0,tau_est_1,tau_est_2,tau_est_3,tau_est_4,tau_est_5,tau_est_6,tau_est_7,tau_est_8,tau_est_9,tau_est_10,tau_est_11,joint_pos_0,joint_pos_1,joint_pos_2,joint_pos_3,joint_pos_4,joint_pos_5,joint_pos_6,joint_pos_7,joint_pos_8,joint_pos_9,joint_pos_10,joint_pos_11,joint_pos_target_0,joint_pos_target_1,joint_pos_target_2,joint_pos_target_3,joint_pos_target_4,joint_pos_target_5,joint_pos_target_6,joint_pos_target_7,joint_pos_target_8,joint_pos_target_9,joint_pos_target_10,joint_pos_target_11,joint_vel_0,joint_vel_1,joint_vel_2,joint_vel_3,joint_vel_4,joint_vel_5,joint_vel_6,joint_vel_7,joint_vel_8,joint_vel_9,joint_vel_10,joint_vel_11,
-4.70029,-2.81242,14.8068,1.50588,-4.7487,11.899,-5.52382,2.35115,24.9167,3.8539,13.9084,15.5814,0,0,0,0,0,0,0,0,0,0,0,0,0.00463941,0.722879,-1.48955,-0.00237226,0.723706,-1.48954,0.00297224,0.728242,-1.52327,-0.00233154,0.730121,-1.5225,-0.0806845,0.674072,-1.22133,0.0250969,0.639879,-1.27427,-0.0972717,0.77226,-1.07069,0.0678751,0.98448,-1.23974,0.00543772,0.0931162,-0.145853,0.00358193,0.100517,-0.157535,0.00756812,0.0507558,-0.065434,0.00542555,0.0591688,-0.0791247,
-3.53958,2.57501,14.1246,3.87286,-3.12298,11.9317,-5.16956,5.32692,22.9381,8.07388,20.4862,17.1376,0,0,0,0,0,0,0,0,0,0,0,0,0.00201065,0.72326,-1.48864,-0.00503547,0.725631,-1.49093,0.000868137,0.728133,-1.52139,-0.00447585,0.731871,-1.5235,-0.0755394,0.766092,-1.22942,0.0521708,0.671695,-1.27435,-0.104045,0.821271,-1.10203,0.131389,1.10882,-1.21307,-0.527763,-0.159464,0.353926,-0.528377,0.11384,-0.0533474,-0.436831,-0.148597,0.337956,-0.437334,0.17886,-0.170193,
-1.28466,3.36702,10.7311,5.41941,-5.01829,9.6886,-5.13899,2.35418,20.0755,9.30961,20.5271,23.8865,0,0,0,0,0,0,0,0,0,0,0,0,-0.0169749,0.716945,-1.47306,-0.0240776,0.729604,-1.48961,-0.0138474,0.725118,-1.512,-0.0168254,0.744819,-1.53508,-0.0613318,0.771304,-1.27179,0.0533551,0.643798,-1.31143,-0.121697,0.769543,-1.14521,0.141102,1.14372,-1.10774,-0.839975,-0.274376,0.903838,-0.844081,0.217429,0.29663,-0.576519,0.0648523,0.260297,-0.453543,1.02713,-1.02092,
-1.86361,4.44617,10.0644,4.11307,-3.64315,5.6515,-7.70232,0.714679,20.1269,6.15456,20.8608,22.4366,0,0,0,0,0,0,0,0,0,0,0,0,-0.0289544,0.712272,-1.45122,-0.0360982,0.733824,-1.47518,-0.0181626,0.731854,-1.51191,-0.0165631,0.770019,-1.5527,-0.0658296,0.790208,-1.26303,0.0357619,0.670001,-1.36699,-0.152236,0.753675,-1.14688,0.101541,1.17026,-1.14874,-0.119653,-0.116121,0.763008,-0.116922,0.0966499,0.797402,0.238765,0.353069,-0.134423,0.248111,0.838077,-0.583308,
-1.29643,7.11815,8.19894,4.31352,-2.3298,6.16662,-8.52341,2.75549,19.4981,5.24124,20.0974,23.9363,0,0,0,0,0,0,0,0,0,0,0,0,-0.0298497,0.710779,-1.4404,-0.0369222,0.735467,-1.46256,-0.0126642,0.737108,-1.51405,-0.0108745,0.782855,-1.56078,-0.0578201,0.837698,-1.2869,0.0371977,0.697207,-1.34581,-0.161094,0.794116,-1.16006,0.0912915,1.1691,-1.12935,-0.175959,-0.100087,0.649653,-0.172312,0.163991,0.679235,0.261635,0.276334,-0.0764889,0.274825,0.833329,-0.552928,
-0.389061,6.59747,8.23955,5.42467,-3.3807,7.57457,-8.93227,2.69915,19.0897,4.74947,18.9631,25.9331,0,0,0,0,0,0,0,0,0,0,0,0,-0.0367075,0.709216,-1.42864,-0.0437173,0.741445,-1.4522,-0.00887894,0.741812,-1.51455,-0.00672314,0.802126,-1.57469,-0.0518704,0.829022,-1.27622,0.0469064,0.68869,-1.31228,-0.166716,0.796024,-1.16774,0.0846959,1.16929,-1.10773,-0.323565,-0.00591283,0.381709,-0.320272,0.348466,0.322232,0.182707,0.205436,-0.0403972,0.202598,0.895271,-0.667931,
-0.55499,6.14388,9.87334,5.7277,-3.79348,8.34406,-10.0334,2.6452,19.3616,3.40529,18.4852,26.123,0,0,0,0,0,0,0,0,0,0,0,0,-0.0420247,0.710977,-1.42499,-0.0489211,0.750175,-1.44803,-0.00282405,0.745971,-1.516,-0.000146094,0.820879,-1.58848,-0.0555685,0.826327,-1.24551,0.0519525,0.691474,-1.29553,-0.175745,0.798344,-1.16452,0.0719362,1.17666,-1.11728,-0.138124,0.145733,-0.00521326,-0.130656,0.410827,0.115828,0.380188,0.171134,-0.0813286,0.406717,0.787593,-0.552032,
-0.501381,5.94177,11.1315,6.17127,-4.37304,9.05415,-10.5602,2.77293,19.4073,2.92371,18.0276,26.3017,0,0,0,0,0,0,0,0,0,0,0,0,-0.043731,0.714295,-1.42718,-0.0504649,0.757838,-1.44727,0.00477228,0.748405,-1.51706,0.00796517,0.833995,-1.59727,-0.0556887,0.827235,-1.22586,0.0591336,0.689451,-1.28272,-0.177209,0.801553,-1.16437,0.0719,1.17949,-1.12225,-0.113669,0.196292,-0.15854,-0.104258,0.444901,-0.00979041,0.40087,0.109259,-0.0257552,0.431057,0.708768,-0.467566,
-0.205438,5.59497,11.3988,6.64781,-5.45111,9.71071,-10.7261,2.30152,18.7199,2.82036,17.0564,26.9315,0,0,0,0,0,0,0,0,0,0,0,0,-0.0471889,0.718586,-1.43049,-0.0537136,0.768011,-1.44833,0.0123943,0.750194,-1.51638,0.0163018,0.849231,-1.60701,-0.0554915,0.825059,-1.22409,0.0628297,0.680592,-1.27215,-0.174931,0.793697,-1.17551,0.0761318,1.17635,-1.12018,-0.182698,0.189855,-0.124556,-0.173039,0.467686,-0.056186,0.307806,0.0663143,0.0744608,0.342029,0.679943,-0.416534,
-0.139598,4.99716,11.6578,6.65441,-6.09958,9.65982,-11.0817,1.6181,17.8118,2.22285,16.2291,26.3937,0,0,0,0,0,0,0,0,0,0,0,0,-0.050626,0.722617,-1.43276,-0.0569185,0.777779,-1.44898,0.0192458,0.751161,-1.51362,0.0239306,0.863026,-1.61441,-0.0559355,0.817915,-1.2214,0.0615918,0.67717,-1.27329,-0.173855,0.781191,-1.18864,0.0736212,1.17231,-1.13623,-0.110851,0.177608,-0.0886811,-0.0991627,0.411708,0.00857806,0.335355,0.0244219,0.16566,0.371005,0.568297,-0.250387,
0.0254597,4.60011,11.5368,6.60397,-6.55651,9.54296,-11.2001,1.17249,16.7656,1.86706,15.439,25.7501,0,0,0,0,0,0,0,0,0,0,0,0,-0.0520406,0.725258,-1.43381,-0.0581377,0.783916,-1.44841,0.0246385,0.751134,-1.5102,0.0298919,0.871248,-1.61723,-0.053735,0.812679,-1.22433,0.0600838,0.673838,-1.27454,-0.170919,0.77187,-1.20363,0.0728065,1.16389,-1.14992,-0.0862905,0.151295,-0.0407445,-0.0740241,0.365263,0.0518337,0.323221,-0.0233064,0.254712,0.358725,0.477494,-0.128059,
0.322446,4.06961,11.0269,6.52353,-7.11547,9.55212,-11.1767,0.533754,15.1907,1.56446,14.4117,24.9074,0,0,0,0,0,0,0,0,0,0,0,0,-0.0540241,0.72805,-1.43372,-0.0598588,0.791315,-1.44681,0.0310156,0.749857,-1.50315,0.0370405,0.880467,-1.61845,-0.0503809,0.804777,-1.23298,0.0568211,0.66975,-1.27254,-0.16557,0.757496,-1.22445,0.0729721,1.15177,-1.16557,-0.0887772,0.109331,0.0370705,-0.0771878,0.312296,0.0876453,0.265098,-0.0826349,0.367627,0.299475,0.370968,0.00201459,
0.519847,3.41166,10.5876,6.25918,-7.50753,9.43677,-11.1996,-0.228166,13.7031,1.13862,13.4441,23.7507,0,0,0,0,0,0,0,0,0,0,0,0,-0.0555871,0.730162,-1.43237,-0.0611757,0.79752,-1.4445,0.0364962,0.747599,-1.4942,0.0432399,0.88733,-1.61692,-0.0472511,0.794453,-1.23939,0.051787,0.667415,-1.27211,-0.160951,0.74062,-1.24215,0.0708941,1.13832,-1.18424,-0.0446332,0.0904373,0.0701354,-0.0336233,0.255855,0.119029,0.247264,-0.113247,0.42679,0.278077,0.262149,0.124732,
0.693437,2.8502,10.2772,6.0301,-7.82044,9.38572,-11.1751,-0.836621,12.592,0.855309,12.5621,22.7714,0,0,0,0,0,0,0,0,0,0,0,0,-0.05608,0.731718,-1.431,-0.0614802,0.80175,-1.44228,0.0407467,0.745434,-1.48627,0.0480065,0.891276,-1.6139,-0.0439285,0.785631,-1.24362,0.0479496,0.665084,-1.27082,-0.15685,0.727053,-1.25426,0.0698199,1.12434,-1.19854,-0.0182557,0.0836734,0.0760084,-0.0083362,0.220936,0.119685,0.223522,-0.126752,0.449178,0.250494,0.186619,0.195866,
0.837826,2.24693,10.0533,5.82122,-8.16882,9.57594,-11.0704,-1.48297,11.4539,0.699951,11.7536,21.7381,0,0,0,0,0,0,0,0,0,0,0,0,-0.0563475,0.733505,-1.42944,-0.0615542,0.806256,-1.44001,0.0450894,0.742498,-1.47627,0.0528826,0.894439,-1.60893,-0.0413124,0.776361,-1.24623,0.0442834,0.662546,-1.26532,-0.151813,0.712069,-1.26491,0.0705342,1.11086,-1.21201,-0.0079247,0.080132,0.0620484,-0.000116052,0.192572,0.0853699,0.175135,-0.138649,0.455891,0.197008,0.108696,0.247114,
0.910986,1.76704,9.94456,5.6141,-8.38352,9.78671,-10.9529,-2.04514,10.5845,0.620889,11.0978,20.8067,0,0,0,0,0,0,0,0,0,0,0,0,-0.0563919,0.735294,-1.42834,-0.0614544,0.810208,-1.43859,0.0483977,0.739489,-1.46647,0.0566056,0.896083,-1.60317,-0.0396763,0.769493,-1.24728,0.0409125,0.661972,-1.26032,-0.14739,0.698971,-1.27109,0.0716584,1.09905,-1.223,0.00608608,0.0828523,0.0372875,0.0116937,0.167695,0.0485699,0.134277,-0.133352,0.431257,0.150557,0.0475027,0.272746,
0.942877,1.49894,9.93801,5.48055,-8.47535,9.91978,-10.8697,-2.36969,10.1436,0.606628,10.5951,20.2137,0,0,0,0,0,0,0,0,0,0,0,0,-0.0562136,0.736654,-1.42789,-0.061201,0.812747,-1.43802,0.0502954,0.737489,-1.45988,0.0587272,0.896564,-1.59878,-0.0386876,0.766048,-1.24707,0.0389294,0.662417,-1.25749,-0.144635,0.691392,-1.27273,0.072764,1.08959,-1.22937,0.0153099,0.0856292,0.0198197,0.0193628,0.150681,0.0259701,0.108004,-0.120479,0.398093,0.120287,0.0153432,0.275958,
0.915872,1.13583,9.98368,5.32221,-8.60417,10.1824,-10.7403,-2.79415,9.65302,0.661005,10.2338,19.5476,0,0,0,0,0,0,0,0,0,0,0,0,-0.0557383,0.738718,-1.42773,-0.0606568,0.816029,-1.4378,0.0523884,0.734867,-1.45106,0.0610429,0.896424,-1.59226,-0.0385289,0.761514,-1.24622,0.0367148,0.662718,-1.25269,-0.141158,0.68159,-1.27324,0.0749638,1.08195,-1.23504,0.0222884,0.0857868,-0.00294545,0.0241661,0.125163,-0.00403433,0.069276,-0.098988,0.339603,0.0761051,-0.0215838,0.264989,
0.890768,0.958712,10.0029,5.20588,-8.62661,10.3526,-10.6118,-3.0683,9.38765,0.769345,9.96792,19.1075,0,0,0,0,0,0,0,0,0,0,0,0,-0.055253,0.740564,-1.4279,-0.0601529,0.818508,-1.43809,0.0534838,0.733003,-1.44433,0.0622364,0.895729,-1.58673,-0.0385214,0.760016,-1.24611,0.0350375,0.664195,-1.24999,-0.138588,0.675369,-1.27175,0.0771618,1.07598,-1.23769,0.0214309,0.0808647,-0.010889,0.0215185,0.101355,-0.0186101,0.034838,-0.0738556,0.278533,0.0374927,-0.0391976,0.239142,
0.860976,0.920502,10.0472,5.14339,-8.56742,10.4371,-10.5328,-3.16274,9.33888,0.865053,9.80093,18.8682,0,0,0,0,0,0,0,0,0,0,0,0,-0.0549159,0.741815,-1.4281,-0.0598243,0.819969,-1.43842,0.0538522,0.73201,-1.44031,0.0626234,0.895043,-1.58312,-0.0387225,0.760432,-1.24552,0.0342078,0.666257,-1.24881,-0.137262,0.673116,-1.26893,0.0787448,1.07204,-1.23858,0.0215682,0.0752421,-0.014047,0.0206363,0.0823968,-0.0219537,0.0156704,-0.0555921,0.232467,0.015728,-0.0479657,0.217617,
0.809216,0.847695,10.1001,5.06607,-8.49429,10.5254,-10.43,-3.299,9.34293,1.00016,9.73958,18.6301,0,0,0,0,0,0,0,0,0,0,0,0,-0.0544341,0.743363,-1.42845,-0.0593767,0.821463,-1.43891,0.0539388,0.73108,-1.43596,0.0626738,0.893881,-1.57871,-0.039174,0.760426,-1.24492,0.0332302,0.66842,-1.24768,-0.135828,0.670309,-1.26493,0.0806531,1.06956,-1.23872,0.0218863,0.0660082,-0.017094,0.0198599,0.0559335,-0.0214859,-0.00525993,-0.0315439,0.169242,-0.00822002,-0.0562402,0.185902,
0.762,0.912837,10.1435,5.0213,-8.32541,10.5705,-10.3274,-3.29963,9.50325,1.16811,9.75866,18.5229,0,0,0,0,0,0,0,0,0,0,0,0,-0.0539928,0.74469,-1.42881,-0.0589912,0.822398,-1.43934,0.0535814,0.730683,-1.43299,0.0622221,0.892628,-1.57507,-0.0396997,0.762647,-1.2445,0.0326713,0.671803,-1.24727,-0.134816,0.670448,-1.25946,0.0827026,1.06859,-1.23727,0.0175431,0.0544094,-0.0163427,0.0146424,0.0310512,-0.017747,-0.0250747,-0.00966225,0.108967,-0.0303141,-0.0586386,0.149979,
0.716961,1.02161,10.2206,5.00515,-8.15772,10.5841,-10.2525,-3.23496,9.70512,1.31579,9.83595,18.5046,0,0,0,0,0,0,0,0,0,0,0,0,-0.0537152,0.745569,-1.4291,-0.0587709,0.82276,-1.43961,0.0529997,0.73067,-1.4315,0.0615314,0.891572,-1.57267,-0.0403309,0.765245,-1.24338,0.0324963,0.674721,-1.24726,-0.134335,0.67196,-1.25461,0.0843622,1.0689,-1.23538,0.013946,0.044068,-0.016691,0.0105786,0.0113103,-0.0132486,-0.0370746,0.00427157,0.0640966,-0.0437056,-0.0601902,0.122139,
0.667219,1.14696,10.3204,4.99128,-7.95908,10.5518,-10.1689,-3.16312,9.98024,1.48279,9.98346,18.5105,0,0,0,0,0,0,0,0,0,0,0,0,-0.0534509,0.746386,-1.42949,-0.0585846,0.822734,-1.43982,0.0520651,0.730922,-1.43069,0.060436,0.890227,-1.57035,-0.041058,0.768026,-1.24197,0.0323362,0.677743,-1.24801,-0.133983,0.673846,-1.24913,0.0860433,1.07021,-1.23318,0.0104665,0.0314573,-0.0182104,0.00680639,-0.0112251,-0.00615906,-0.0463149,0.0173997,0.0150191,-0.0541052,-0.0612592,0.0908351,
0.621089,1.3584,10.4153,4.99962,-7.7124,10.4881,-10.0921,-3.00804,10.3557,1.66287,10.1749,18.6227,0,0,0,0,0,0,0,0,0,0,0,0,-0.0532788,0.746931,-1.42988,-0.0584949,0.822248,-1.43985,0.0509544,0.731467,-1.43093,0.0591451,0.888923,-1.56876,-0.0418739,0.772101,-1.24064,0.0324245,0.681258,-1.24915,-0.133897,0.677511,-1.24285,0.0878098,1.07248,-1.22977,0.0044948,0.0188402,-0.0177013,0.000692498,-0.0305503,0.001664,-0.0543626,0.0294201,-0.0303903,-0.0627676,-0.0575346,0.0574449,
0.575233,1.57415,10.5183,5.02371,-7.50322,10.4382,-10.0427,-2.83092,10.6848,1.80538,10.3813,18.7711,0,0,0,0,0,0,0,0,0,0,0,0,-0.0532445,0.747153,-1.43017,-0.0585214,0.821644,-1.43978,0.0500488,0.732,-1.43168,0.058103,0.888031,-1.56805,-0.042785,0.776023,-1.23905,0.0327245,0.684151,-1.24995,-0.134003,0.681419,-1.23782,0.0892559,1.07542,-1.22652,2.73922e-05,0.01,-0.0181545,-0.00376428,-0.0428153,0.00653434,-0.0583081,0.0355955,-0.0590829,-0.0668917,-0.0545385,0.0348019,
0.532621,1.82701,10.6481,5.0563,-7.23116,10.3231,-9.97961,-2.63239,11.1662,1.98032,10.6488,18.9831,0,0,0,0,0,0,0,0,0,0,0,0,-0.053314,0.74724,-1.43062,-0.05868,0.820414,-1.43953,0.0486174,0.732955,-1.4336,0.0564661,0.886797,-1.56762,-0.0437522,0.780426,-1.23715,0.0330401,0.687491,-1.25174,-0.134327,0.686181,-1.23124,0.0907621,1.07921,-1.22245,-0.00488681,-0.00131452,-0.0193391,-0.00850478,-0.0578974,0.0142067,-0.0598954,0.0435097,-0.096848,-0.068396,-0.0481462,0.00361546,
0.493213,2.11735,10.7801,5.10677,-6.96628,10.2246,-9.92814,-2.38083,11.6399,2.14526,10.9392,19.2419,0,0,0,0,0,0,0,0,0,0,0,0,-0.0534866,0.747092,-1.43106,-0.0589293,0.819007,-1.43915,0.047293,0.733955,-1.43606,0.0549588,0.885807,-1.56785,-0.0447951,0.785304,-1.2352,0.0335604,0.690639,-1.25312,-0.134741,0.691816,-1.22526,0.0922388,1.08364,-1.21814,-0.0110384,-0.0113934,-0.0204665,-0.0144249,-0.0683094,0.0185883,-0.0609007,0.045933,-0.122271,-0.0689904,-0.0425569,-0.0213939,
0.46277,2.3887,10.9098,5.15115,-6.75762,10.1347,-9.90402,-2.15339,12.0247,2.26575,11.2189,19.4752,0,0,0,0,0,0,0,0,0,0,0,0,-0.0537806,0.746736,-1.43153,-0.0591864,0.817856,-1.43883,0.0463307,0.734692,-1.43815,0.0538706,0.885158,-1.56833,-0.04574,0.789672,-1.23332,0.0340331,0.693138,-1.25441,-0.135234,0.696709,-1.22045,0.0933826,1.08818,-1.21449,-0.0149355,-0.0197897,-0.0212636,-0.0175114,-0.0740756,0.021636,-0.0596715,0.0467721,-0.137101,-0.0673415,-0.0381024,-0.0372388,
0.418816,2.63731,11.0347,5.20286,-6.50835,10.0305,-9.87024,-1.92472,12.489,2.39096,11.5262,19.7529,0,0,0,0,0,0,0,0,0,0,0,0,-0.0540274,0.746369,-1.4319,-0.0595867,0.816137,-1.4383,0.0450818,0.735709,-1.44137,0.0524606,0.884369,-1.56936,-0.0468245,0.793693,-1.23143,0.0345297,0.695787,-1.25575,-0.135744,0.701874,-1.21534,0.0943908,1.09312,-1.21059,-0.0164797,-0.0250662,-0.0228595,-0.019237,-0.0806633,0.0261919,-0.0546728,0.0464011,-0.153228,-0.0616671,-0.0326472,-0.0552181,
0.400975,2.91443,11.1298,5.26692,-6.2849,9.91181,-9.84368,-1.68052,12.9558,2.51363,11.8203,20.0912,0,0,0,0,0,0,0,0,0,0,0,0,-0.0544499,0.74574,-1.43237,-0.0600655,0.814332,-1.43767,0.0439136,0.736736,-1.44488,0.0511492,0.883772,-1.5708,-0.047717,0.797945,-1.23015,0.0350788,0.698002,-1.25725,-0.136375,0.707358,-1.21044,0.0953875,1.09815,-1.20602,-0.0223015,-0.0313767,-0.0192965,-0.0247167,-0.0823747,0.0304025,-0.0525061,0.0470812,-0.164169,-0.0585632,-0.0216173,-0.0744947,
0.38971,3.19077,11.2465,5.33322,-6.05042,9.77989,-9.83236,-1.41116,13.44,2.60833,12.1061,20.3833,0,0,0,0,0,0,0,0,0,0,0,0,-0.055017,0.744912,-1.43282,-0.0606847,0.812338,-1.4369,0.0427392,0.73782,-1.44888,0.0498427,0.883438,-1.57225,-0.0485322,0.80201,-1.22847,0.0356335,0.70025,-1.25885,-0.137162,0.713245,-1.20566,0.0960096,1.10316,-1.20222,-0.0240305,-0.0366314,-0.0185875,-0.025982,-0.0832491,0.0336436,-0.0452445,0.0432805,-0.167837,-0.0502938,-0.0155064,-0.084587,
0.366603,3.3965,11.3238,5.38589,-5.89301,9.72383,-9.82701,-1.21013,13.7604,2.67757,12.3968,20.6664,0,0,0,0,0,0,0,0,0,0,0,0,-0.0554055,0.7443,-1.43312,-0.0611015,0.81101,-1.43635,0.0420638,0.738471,-1.45155,0.0490925,0.883138,-1.57418,-0.0493754,0.805074,-1.22736,0.0361467,0.701816,-1.25932,-0.137633,0.71746,-1.20249,0.0966427,1.10827,-1.19906,-0.0254156,-0.0392229,-0.0178248,-0.0270851,-0.0819301,0.0341026,-0.0409551,0.0396493,-0.166171,-0.0453169,-0.01042,-0.0918018,
0.366937,3.60121,11.3921,5.44432,-5.73486,9.61665,-9.82878,-1.01615,14.1256,2.73454,12.6562,20.969,0,0,0,0,0,0,0,0,0,0,0,0,-0.0559842,0.74341,-1.43348,-0.0617126,0.809253,-1.43559,0.0412351,0.739301,-1.45516,0.0481796,0.883005,-1.57629,-0.0499789,0.807861,-1.22645,0.0365762,0.703039,-1.26049,-0.138332,0.72175,-1.19944,0.0969525,1.11308,-1.1957,-0.0266504,-0.0410404,-0.0142572,-0.0279555,-0.0777662,0.0360515,-0.0344674,0.0369816,-0.162402,-0.0378413,-0.00154881,-0.0988594,
0.369852,3.78661,11.4482,5.49922,-5.59564,9.52296,-9.84121,-0.824221,14.4505,2.76786,12.8946,21.2454,0,0,0,0,0,0,0,0,0,0,0,0,-0.0565628,0.742493,-1.43377,-0.0623153,0.807597,-1.43478,0.0405762,0.740053,-1.45863,0.047458,0.883043,-1.57849,-0.0504985,0.810291,-1.22569,0.0369869,0.704042,-1.26138,-0.139023,0.725867,-1.19694,0.0970545,1.11761,-1.19289,-0.0264085,-0.0419791,-0.0115677,-0.0273443,-0.0726447,0.0368925,-0.0267191,0.0319827,-0.153428,-0.0291288,0.0048409,-0.100904,
0.374546,3.91278,11.4853,5.54082,-5.50975,9.46659,-9.85271,-0.687959,14.6689,2.78353,13.0986,21.4589,0,0,0,0,0,0,0,0,0,0,0,0,-0.0570328,0.741732,-1.43396,-0.0627992,0.806336,-1.43413,0.0401581,0.740565,-1.46128,0.047004,0.883158,-1.58029,-0.0508835,0.811821,-1.2252,0.0372653,0.704477,-1.26176,-0.139511,0.728725,-1.19555,0.0970433,1.12154,-1.19081,-0.0264258,-0.0420895,-0.00953644,-0.0271043,-0.0672496,0.0358723,-0.021167,0.0267534,-0.142745,-0.0228154,0.00901877,-0.100159,
0.39674,4.03474,11.5062,5.59077,-5.42867,9.38442,-9.86771,-0.556421,14.9004,2.79184,13.2651,21.6951,0,0,0,0,0,0,0,0,0,0,0,0,-0.0576169,0.740821,-1.43412,-0.0633952,0.804957,-1.43335,0.0397631,0.741107,-1.46426,0.0465837,0.883447,-1.58248,-0.051063,0.813164,-1.22495,0.0375848,0.704783,-1.26248,-0.140027,0.731565,-1.19423,0.0969481,1.12505,-1.18871,-0.0263839,-0.0406425,-0.00506038,-0.0268119,-0.0588086,0.0351508,-0.0151015,0.0230047,-0.129481,-0.0158525,0.0165719,-0.0994016,
0.41228,4.12178,11.5286,5.62848,-5.37542,9.32801,-9.89201,-0.447904,15.0649,2.77497,13.409,21.8809,0,0,0,0,0,0,0,0,0,0,0,0,-0.0581661,0.739952,-1.43421,-0.0639507,0.803758,-1.4326,0.0395246,0.741536,-1.46691,0.046338,0.88385,-1.5846,-0.0512596,0.813933,-1.22462,0.0377913,0.704755,-1.26278,-0.140513,0.733807,-1.19377,0.0966099,1.12813,-1.1874,-0.023577,-0.0384058,-0.00343869,-0.0237565,-0.0507241,0.0325822,-0.00729878,0.0165746,-0.112337,-0.00728891,0.0194255,-0.0927905,
0.424928,4.15497,11.5397,5.64804,-5.36341,9.30277,-9.90824,-0.398389,15.1301,2.75192,13.5232,21.987,0,0,0,0,0,0,0,0,0,0,0,0,-0.0585204,0.73935,-1.43427,-0.0643065,0.802996,-1.43211,0.0394588,0.741737,-1.46857,0.0462769,0.884151,-1.58601,-0.051334,0.813976,-1.22447,0.0378446,0.70436,-1.26277,-0.140749,0.734756,-1.19414,0.0962663,1.13052,-1.18683,-0.0215807,-0.0367688,-0.00283753,-0.0216184,-0.0447799,0.0293614,-0.00232913,0.0104968,-0.0976356,-0.00182092,0.0196167,-0.0858207,
0.45228,4.1994,11.5224,5.67466,-5.35586,9.264,-9.92836,-0.345765,15.1936,2.7228,13.5935,22.1283,0,0,0,0,0,0,0,0,0,0,0,0,-0.0589815,0.738574,-1.43428,-0.064767,0.802123,-1.43151,0.0394619,0.741903,-1.47049,0.0462992,0.884624,-1.58781,-0.051272,0.814079,-1.22478,0.0378963,0.70386,-1.2629,-0.141004,0.735755,-1.19479,0.0958834,1.13237,-1.18602,-0.0205509,-0.0339338,0.00129251,-0.0204894,-0.0353599,0.025945,0.00197415,0.00554619,-0.0792169,0.0031474,0.0235017,-0.079067,
0.471978,4.20926,11.5104,5.68996,-5.36595,9.24026,-9.95518,-0.318503,15.2104,2.67459,13.6448,22.2199,0,0,0,0,0,0,0,0,0,0,0,0,-0.0593926,0.737866,-1.43423,-0.0651755,0.801446,-1.43099,0.0395752,0.74195,-1.472,0.0464448,0.885147,-1.58943,-0.0512265,0.813639,-1.22493,0.0378672,0.703209,-1.26283,-0.141226,0.736157,-1.19586,0.095318,1.13384,-1.1859,-0.016611,-0.0303579,0.00301454,-0.016443,-0.0269717,0.0220558,0.00809137,-0.000104289,-0.0602827,0.00977171,0.0240712,-0.0687133,
0.489008,4.19402,11.4925,5.69479,-5.39458,9.23325,-9.97497,-0.322262,15.1821,2.62912,13.6751,22.2691,0,0,0,0,0,0,0,0,0,0,0,0,-0.0596574,0.73735,-1.43417,-0.0654367,0.801026,-1.43063,0.0397659,0.741895,-1.47292,0.046669,0.885568,-1.59057,-0.0511072,0.812923,-1.22519,0.0377692,0.702439,-1.26263,-0.141297,0.735919,-1.19719,0.094822,1.1348,-1.18608,-0.0136344,-0.0272567,0.00408867,-0.0134294,-0.0201666,0.0180206,0.0120148,-0.00465687,-0.0447545,0.0140314,0.0237626,-0.0597317,
0.509525,4.18035,11.4572,5.70049,-5.431,9.23556,-9.9957,-0.329335,15.1286,2.5801,13.677,22.3213,0,0,0,0,0,0,0,0,0,0,0,0,-0.0599282,0.736796,-1.43406,-0.0657033,0.800684,-1.4303,0.0400649,0.741739,-1.47369,0.0470167,0.886096,-1.59176,-0.0509466,0.812216,-1.2257,0.037664,0.701646,-1.26229,-0.141308,0.735531,-1.19881,0.0943541,1.13538,-1.18626,-0.011297,-0.0234558,0.00654035,-0.0111195,-0.0117204,0.0130073,0.0146888,-0.00880586,-0.0271222,0.0170556,0.0243789,-0.0502216,
0.524176,4.13362,11.4242,5.69547,-5.48873,9.24642,-10.0185,-0.370319,15.0346,2.521,13.6606,22.3386,0,0,0,0,0,0,0,0,0,0,0,0,-0.0601349,0.736328,-1.4339,-0.0659065,0.800518,-1.43007,0.0404251,0.741498,-1.47409,0.047432,0.886624,-1.59274,-0.0507887,0.811006,-1.22613,0.0374669,0.700617,-1.2619,-0.141278,0.734461,-1.20081,0.0937845,1.13559,-1.18686,-0.00737168,-0.019175,0.00780294,-0.00722648,-0.00422918,0.00831275,0.018059,-0.0121758,-0.0110926,0.020645,0.0237178,-0.0397853,
0.537759,4.07627,11.3918,5.68451,-5.54808,9.2553,-10.0325,-0.4281,14.9352,2.47305,13.6324,22.3281,0,0,0,0,0,0,0,0,0,0,0,0,-0.0602275,0.736049,-1.43377,-0.0659971,0.800496,-1.42997,0.0407321,0.741282,-1.47417,0.0477813,0.886994,-1.59331,-0.0505676,0.80976,-1.22658,0.0372424,0.699642,-1.26166,-0.14118,0.733143,-1.20262,0.09331,1.13543,-1.18756,-0.00470327,-0.0161158,0.00863429,-0.00460661,0.000805704,0.00493545,0.0198747,-0.0142153,-0.000322885,0.022564,0.0229833,-0.0324154,
0.550575,4.02027,11.3425,5.67294,-5.62048,9.28752,-10.0504,-0.485548,14.7901,2.4163,13.5794,22.3145,0,0,0,0,0,0,0,0,0,0,0,0,-0.0603051,0.735715,-1.43354,-0.0660739,0.800607,-1.42992,0.0412225,0.740904,-1.47398,0.0483377,0.887531,-1.59396,-0.0503495,0.808506,-1.22724,0.0370151,0.698608,-1.26106,-0.140997,0.731647,-1.20497,0.0928557,1.13497,-1.18839,-0.00219674,-0.0121983,0.0101456,-0.00221871,0.00766758,-0.000395132,0.0206237,-0.017174,0.0146939,0.0234112,0.0216216,-0.0224345,
0.557387,3.94574,11.3001,5.65293,-5.6946,9.31813,-10.0684,-0.564363,14.6389,2.35683,13.5193,22.2743,0,0,0,0,0,0,0,0,0,0,0,0,-0.060313,0.735492,-1.43331,-0.0660836,0.800838,-1.42998,0.0416915,0.740504,-1.47351,0.048868,0.887983,-1.59434,-0.0501404,0.807024,-1.22778,0.0367324,0.697617,-1.26059,-0.140816,0.729778,-1.20718,0.0923433,1.13428,-1.18944,0.0015343,-0.00832742,0.010488,0.00141905,0.0126802,-0.0042338,0.0221965,-0.0186027,0.0255811,0.024958,0.0197555,-0.013432,
0.566573,3.8782,11.2625,5.63542,-5.75899,9.34102,-10.0785,-0.63761,14.5121,2.31356,13.4567,22.2316,0,0,0,0,0,0,0,0,0,0,0,0,-0.0602702,0.735382,-1.43314,-0.0660434,0.801071,-1.43007,0.0420492,0.740201,-1.47304,0.0492695,0.888289,-1.5945,-0.0498835,0.805748,-1.22829,0.0364989,0.69676,-1.26028,-0.140637,0.728125,-1.20897,0.0919605,1.13342,-1.19035,0.0034118,-0.00584693,0.0108736,0.00320666,0.0159098,-0.00693583,0.0223427,-0.0193125,0.0323895,0.0250568,0.0185456,-0.00782025,
0.570878,3.80942,11.216,5.6157,-5.83256,9.38915,-10.0896,-0.712075,14.3497,2.2672,13.3834,22.1788,0,0,0,0,0,0,0,0,0,0,0,0,-0.0601755,0.735288,-1.43289,-0.0659549,0.801468,-1.43027,0.0425301,0.739762,-1.47223,0.0498089,0.888673,-1.59459,-0.0496703,0.804474,-1.22889,0.0362656,0.695912,-1.25963,-0.140383,0.726302,-1.21104,0.0916306,1.13242,-1.19135,0.00502184,-0.00303611,0.0111028,0.0046758,0.0196136,-0.0109213,0.0213874,-0.0205408,0.0407878,0.0239956,0.0163418,-0.000819354,
0.571796,3.73119,11.1745,5.59183,-5.90543,9.43331,-10.1008,-0.798908,14.1875,2.22041,13.3071,22.1129,0,0,0,0,0,0,0,0,0,0,0,0,-0.0600409,0.735255,-1.43265,-0.0658296,0.801935,-1.43055,0.0429913,0.739308,-1.47125,0.0503255,0.889008,-1.59453,-0.049459,0.803091,-1.2294,0.036014,0.69512,-1.25913,-0.140134,0.724272,-1.21298,0.0912826,1.13131,-1.19245,0.00742662,-0.000150527,0.0109173,0.00695806,0.0222636,-0.0136383,0.0210109,-0.0204129,0.0463507,0.0234381,0.0142694,0.00531742,
0.573694,3.66457,11.1369,5.57067,-5.96548,9.46624,-10.109,-0.874538,14.055,2.1836,13.2322,22.0536,0,0,0,0,0,0,0,0,0,0,0,0,-0.0598912,0.735275,-1.43245,-0.0656894,0.802353,-1.43081,0.0433624,0.738951,-1.47039,0.0507387,0.889255,-1.5944,-0.0492356,0.801952,-1.22989,0.0358062,0.694486,-1.2588,-0.13993,0.722559,-1.21451,0.0910052,1.13017,-1.19336,0.00899321,0.00193417,0.0109374,0.00842461,0.0238387,-0.0151372,0.0203313,-0.0196212,0.0492248,0.0225874,0.0129984,0.00922229,
0.570996,3.59624,11.0974,5.54741,-6.03001,9.5165,-10.1173,-0.950131,13.9035,2.14673,13.1557,21.9847,0,0,0,0,0,0,0,0,0,0,0,0,-0.0596788,0.73534,-1.43222,-0.0654909,0.802891,-1.43116,0.043793,0.738523,-1.46927,0.0512161,0.889514,-1.59415,-0.0490453,0.80082,-1.23037,0.0356057,0.693876,-1.25825,-0.139689,0.720765,-1.21613,0.0907682,1.12897,-1.19433,0.0100712,0.0037353,0.010381,0.00938338,0.0248428,-0.0170742,0.0188031,-0.019314,0.0519308,0.0208291,0.0106753,0.0134736,
0.568287,3.52948,11.06,5.52484,-6.08826,9.56102,-10.1238,-1.02619,13.7646,2.11472,13.0801,21.9155,0,0,0,0,0,0,0,0,0,0,0,0,-0.0594485,0.735442,-1.43199,-0.0652772,0.803444,-1.43155,0.0441847,0.738113,-1.46812,0.0516494,0.889729,-1.59381,-0.0488439,0.799747,-1.23083,0.0354267,0.693378,-1.25784,-0.139457,0.719006,-1.2175,0.0905705,1.12777,-1.19524,0.010884,0.0053227,0.00999336,0.010085,0.0251754,-0.0180053,0.0170982,-0.0179767,0.0524165,0.0188697,0.00903268,0.0163049,
0.563614,3.4733,11.0236,5.50468,-6.12808,9.5948,-10.1258,-1.08841,13.6655,2.09379,13.0128,21.8637,0,0,0,0,0,0,0,0,0,0,0,0,-0.059206,0.735576,-1.43177,-0.0650536,0.803848,-1.43184,0.0444431,0.737843,-1.46729,0.0519345,0.889871,-1.59355,-0.0486781,0.798894,-1.23127,0.0352894,0.693057,-1.25752,-0.139271,0.717643,-1.21848,0.0904335,1.12668,-1.19591,0.0112169,0.00665771,0.00984241,0.0103127,0.0251225,-0.0181446,0.0156224,-0.0164087,0.0515541,0.0172022,0.0083722,0.0174172,
0.563533,3.42586,10.9984,5.49018,-6.17371,9.63031,-10.1321,-1.14359,13.5613,2.07161,12.9462,21.8055,0,0,0,0,0,0,0,0,0,0,0,0,-0.0590268,0.735691,-1.43161,-0.0648896,0.804396,-1.43224,0.044761,0.73751,-1.46618,0.0522839,0.890047,-1.59315,-0.0484967,0.798165,-1.23158,0.0351916,0.692758,-1.25727,-0.139118,0.716361,-1.21928,0.090323,1.12561,-1.19656,0.0113627,0.00743979,0.00943429,0.0103905,0.024465,-0.0180002,0.0136315,-0.014266,0.0494278,0.0149362,0.00727511,0.0185127,
0.556633,3.37814,10.9784,5.47277,-6.20957,9.67068,-10.1359,-1.19393,13.4626,2.05286,12.8884,21.7388,0,0,0,0,0,0,0,0,0,0,0,0,-0.0587728,0.735862,-1.43142,-0.0646578,0.804916,-1.43264,0.0450409,0.737211,-1.46512,0.052589,0.890179,-1.59273,-0.0483603,0.797483,-1.23176,0.0351131,0.692586,-1.25693,-0.138948,0.715171,-1.22003,0.0902388,1.12463,-1.19734,0.011678,0.00799344,0.00775906,0.0106368,0.02283,-0.0179637,0.0119946,-0.0133067,0.0472312,0.0130034,0.00469421,0.0202309,
0.550999,3.33125,10.955,5.45614,-6.24623,9.70852,-10.1363,-1.24767,13.3691,2.04062,12.8308,21.6799,0,0,0,0,0,0,0,0,0,0,0,0,-0.0585015,0.736058,-1.43125,-0.0644126,0.80544,-1.43306,0.0452948,0.736917,-1.46404,0.0528632,0.890273,-1.59224,-0.0482108,0.796832,-1.23202,0.0350345,0.692396,-1.25666,-0.138768,0.71395,-1.22067,0.0902173,1.12364,-1.19792,0.0109013,0.00822407,0.0069588,0.00977884,0.0209183,-0.0171089,0.00936328,-0.0112798,0.0432618,0.0100767,0.00334622,0.0201128,
0.548851,3.30534,10.9405,5.44669,-6.26199,9.72674,-10.1373,-1.27727,13.3185,2.03361,12.7836,21.639,0,0,0,0,0,0,0,0,0,0,0,0,-0.0583323,0.73619,-1.43114,-0.0642618,0.805762,-1.43332,0.0454298,0.736752,-1.46338,0.0530079,0.890322,-1.59192,-0.0480906,0.796492,-1.23218,0.0350025,0.692388,-1.25658,-0.138685,0.713282,-1.22095,0.0901946,1.12281,-1.19835,0.0105046,0.00817347,0.00635974,0.009344,0.0192402,-0.0160149,0.00795739,-0.00989093,0.0400476,0.00847852,0.00245033,0.0197893,
0.541921,3.282,10.9293,5.43628,-6.27329,9.75329,-10.1377,-1.30122,13.2701,2.02904,12.7452,21.5931,0,0,0,0,0,0,0,0,0,0,0,0,-0.0581075,0.736367,-1.43101,-0.064063,0.806154,-1.43366,0.045584,0.736554,-1.46255,0.0531704,0.890357,-1.59149,-0.0480064,0.796237,-1.23227,0.0349966,0.692509,-1.25642,-0.138584,0.712686,-1.22103,0.090223,1.12211,-1.19876,0.00992137,0.00787481,0.00507523,0.00872284,0.0165935,-0.0145606,0.00617811,-0.0083654,0.0354262,0.0064375,0.000836781,0.0193121,
0.536713,3.26317,10.9211,5.42906,-6.28134,9.77389,-10.1361,-1.32173,13.2361,2.03032,12.7122,21.5574,0,0,0,0,0,0,0,0,0,0,0,0,-0.0579027,0.736536,-1.43091,-0.063885,0.806489,-1.43396,0.0456939,0.736395,-1.46184,0.0532831,0.890367,-1.59109,-0.0479248,0.796054,-1.23232,0.0350137,0.692634,-1.25634,-0.138497,0.712205,-1.22097,0.0902998,1.1215,-1.19901,0.00878132,0.00748573,0.00417307,0.00754334,0.0140542,-0.0128862,0.00404706,-0.00634618,0.0300569,0.00406847,7.65163e-05,0.0177501,
0.532606,3.25568,10.9178,5.42577,-6.27987,9.78547,-10.1346,-1.32959,13.2226,2.03454,12.6874,21.5327,0,0,0,0,0,0,0,0,0,0,0,0,-0.0577546,0.736668,-1.43084,-0.0637595,0.806721,-1.43417,0.0457501,0.7363,-1.46134,0.0533379,0.890366,-1.59078,-0.0478735,0.796039,-1.23231,0.0350568,0.692838,-1.25633,-0.138452,0.712008,-1.22076,0.0903889,1.12104,-1.19917,0.00789217,0.00707775,0.00342635,0.00663289,0.0118663,-0.0112862,0.00253634,-0.00470539,0.0254783,0.00237633,-0.000444191,0.0163067,
0.526111,3.24604,10.9195,5.42108,-6.27882,9.79797,-10.1325,-1.33879,13.2099,2.03973,12.6693,21.5051,0,0,0,0,0,0,0,0,0,0,0,0,-0.0575915,0.736816,-1.43078,-0.0636243,0.806948,-1.4344,0.0457884,0.736214,-1.46084,0.0533701,0.890343,-1.59044,-0.0478508,0.795995,-1.23223,0.0350843,0.693013,-1.25632,-0.138412,0.71179,-1.22053,0.0904741,1.12065,-1.19934,0.00700339,0.00642297,0.00211049,0.00573388,0.00901345,-0.00944632,0.00108788,-0.0032979,0.0202811,0.00071911,-0.00158487,0.0149529,
0.522179,3.24628,10.9214,5.4202,-6.26965,9.80369,-10.1281,-1.33876,13.2126,2.05038,12.656,21.4865,0,0,0,0,0,0,0,0,0,0,0,0,-0.057454,0.736947,-1.43075,-0.0635149,0.807114,-1.43458,0.0457912,0.73616,-1.46046,0.0533627,0.890302,-1.59014,-0.0478213,0.79611,-1.23217,0.0351407,0.693279,-1.25638,-0.138374,0.711774,-1.22013,0.0906111,1.12036,-1.19938,0.00554345,0.00558342,0.00134251,0.0042613,0.00635412,-0.00749279,-0.000707996,-0.00180639,0.0150983,-0.00124803,-0.00209533,0.0129511,
0.518978,3.25321,10.926,5.42188,-6.25727,9.80466,-10.1252,-1.33079,13.2261,2.06059,12.6481,21.4788,0,0,0,0,0,0,0,0,0,0,0,0,-0.0573744,0.737032,-1.43073,-0.0634558,0.807199,-1.43469,0.0457695,0.736144,-1.46026,0.0533313,0.890268,-1.58994,-0.0478232,0.796306,-1.23207,0.035207,0.693542,-1.25646,-0.13837,0.711932,-1.2197,0.0907361,1.12018,-1.19934,0.00461148,0.00501148,0.000814189,0.00332854,0.00447343,-0.00594526,-0.00176616,-0.000627974,0.0112397,-0.00241804,-0.00227209,0.0113725,
0.513976,3.25901,10.9363,5.42285,-6.24163,9.80336,-10.1214,-1.32304,13.2468,2.07254,12.6468,21.468,0,0,0,0,0,0,0,0,0,0,0,0,-0.0572839,0.737133,-1.43072,-0.0633934,0.807266,-1.43479,0.0457187,0.736144,-1.46007,0.0532645,0.890211,-1.58972,-0.0478451,0.796495,-1.23188,0.0352659,0.69383,-1.25658,-0.138373,0.712103,-1.21917,0.0908598,1.12008,-1.19932,0.00375038,0.00427631,-0.000334014,0.00247938,0.00190976,-0.00403944,-0.0026928,0.000559743,0.00641077,-0.00348814,-0.00292021,0.00971358,
0.510914,3.27061,10.9475,5.42655,-6.22346,9.79866,-10.1158,-1.30962,13.2752,2.08812,12.6486,21.4644,0,0,0,0,0,0,0,0,0,0,0,0,-0.0572154,0.737218,-1.43074,-0.0633527,0.807281,-1.43486,0.0456463,0.736171,-1.45998,0.0531732,0.890143,-1.58953,-0.0478654,0.796769,-1.2317,0.0353408,0.694119,-1.25672,-0.138376,0.712399,-1.2186,0.0910183,1.12004,-1.19921,0.00242533,0.00343621,-0.001118,0.00116191,-0.000322544,-0.002353,-0.00392296,0.00157834,0.00205036,-0.00482546,-0.00319089,0.00776379,
0.508101,3.28505,10.959,5.43116,-6.20509,9.79306,-10.1111,-1.29328,13.3047,2.10256,12.6534,21.4656,0,0,0,0,0,0,0,0,0,0,0,0,-0.0571821,0.737273,-1.43077,-0.063342,0.807258,-1.43489,0.045567,0.736207,-1.45998,0.0530769,0.890084,-1.5894,-0.0479081,0.79707,-1.23153,0.0354107,0.694388,-1.25684,-0.13839,0.712748,-1.21808,0.0911623,1.12006,-1.19907,0.00142833,0.00274378,-0.00171734,0.000176349,-0.0020153,-0.00106071,-0.00474681,0.00222078,-0.00113554,-0.00571894,-0.0034033,0.00629865,
0.505238,3.2992,10.9747,5.43591,-6.18382,9.78236,-10.1057,-1.27666,13.3419,2.11799,12.6622,21.4665,0,0,0,0,0,0,0,0,0,0,0,0,-0.0571608,0.737324,-1.43082,-0.063348,0.80719,-1.4349,0.0454557,0.736264,-1.46005,0.0529433,0.890006,-1.58928,-0.0479588,0.79736,-1.23129,0.035472,0.694658,-1.25703,-0.138416,0.713123,-1.2175,0.0912945,1.12013,-1.19895,0.000636184,0.00201314,-0.0025235,-0.000592093,-0.00394371,0.000487173,-0.00526119,0.0028795,-0.00465185,-0.00630508,-0.003721,0.0048337,
0.50355,3.31846,10.9903,5.44252,-6.16012,9.77054,-10.0993,-1.25457,13.3836,2.1354,12.6731,21.4722,0,0,0,0,0,0,0,0,0,0,0,0,-0.0571582,0.737359,-1.43088,-0.0633721,0.807083,-1.43487,0.0453328,0.736332,-1.46018,0.0527969,0.889922,-1.58919,-0.0480123,0.797726,-1.23108,0.0355429,0.694943,-1.25721,-0.138439,0.713604,-1.2169,0.0914472,1.12025,-1.19877,-0.000385423,0.00123374,-0.00306871,-0.00159393,-0.00553321,0.00172284,-0.00592016,0.00326196,-0.00748392,-0.00700606,-0.00387519,0.00337745,
0.501595,3.33811,11.008,5.4493,-6.13581,9.75683,-10.0936,-1.23154,13.4281,2.15197,12.6866,21.4796,0,0,0,0,0,0,0,0,0,0,0,0,-0.0571752,0.737378,-1.43095,-0.0634154,0.806944,-1.43482,0.045199,0.736408,-1.46038,0.0526389,0.889834,-1.58913,-0.0480818,0.798086,-1.23083,0.0356068,0.695211,-1.2574,-0.138475,0.714104,-1.2163,0.0915832,1.1204,-1.19858,-0.00106036,0.0005735,-0.00365316,-0.00224173,-0.00692573,0.00285169,-0.00617837,0.00353837,-0.00993448,-0.00729147,-0.004024,0.00216155,
0.499156,3.3556,11.0224,5.45478,-6.11746,9.74655,-10.0894,-1.21175,13.4626,2.16501,12.6993,21.4883,0,0,0,0,0,0,0,0,0,0,0,0,-0.0571952,0.737384,-1.43102,-0.0634541,0.806825,-1.43476,0.0451,0.736465,-1.46055,0.052522,0.889769,-1.5891,-0.048157,0.798398,-1.23064,0.0356574,0.695405,-1.25753,-0.138501,0.714525,-1.21586,0.0917005,1.12056,-1.1984,-0.00149394,0.000143795,-0.00399692,-0.00265503,-0.00775242,0.0035378,-0.00629254,0.00366876,-0.011405,-0.00741402,-0.00405848,0.00135281,
0.498334,3.37446,11.0383,5.46171,-6.09463,9.73051,-10.0834,-1.19065,13.5068,2.18072,12.7136,21.4993,0,0,0,0,0,0,0,0,0,0,0,0,-0.0572357,0.73738,-1.43111,-0.0635198,0.806644,-1.43468,0.0449593,0.736548,-1.46082,0.0523566,0.889682,-1.58909,-0.0482271,0.798725,-1.23044,0.0357035,0.695619,-1.25773,-0.138537,0.714997,-1.21533,0.091817,1.12074,-1.19819,-0.0020834,-0.000366539,-0.00417013,-0.00322124,-0.00857097,0.00436246,-0.00644442,0.00388183,-0.0130323,-0.00755938,-0.00383072,0.0002291,
0.497601,3.39483,11.0567,5.46936,-6.07046,9.71327,-10.0776,-1.16621,13.5541,2.19643,12.7293,21.5108,0,0,0,0,0,0,0,0,0,0,0,0,-0.0572902,0.737365,-1.43121,-0.0636013,0.806429,-1.43456,0.0448067,0.736641,-1.46115,0.0521774,0.889591,-1.58909,-0.0483047,0.799068,-1.23021,0.0357522,0.695826,-1.25792,-0.13858,0.715532,-1.21481,0.0919269,1.12094,-1.19799,-0.00246819,-0.000850635,-0.00446614,-0.00357711,-0.0092543,0.00496685,-0.00632548,0.00377409,-0.0141362,-0.00742,-0.00378148,-0.000568969,
0.495856,3.41081,11.0696,5.47468,-6.05513,9.7036,-10.0732,-1.14795,13.5848,2.20801,12.7425,21.5217,0,0,0,0,0,0,0,0,0,0,0,0,-0.0573317,0.737349,-1.43128,-0.0636604,0.806278,-1.43448,0.0447065,0.736699,-1.46138,0.0520599,0.88953,-1.58911,-0.0483853,0.799335,-1.23005,0.0357829,0.695947,-1.25802,-0.138601,0.715917,-1.21448,0.0920211,1.12112,-1.19781,-0.00276493,-0.00114204,-0.00457131,-0.00385818,-0.00949623,0.00512495,-0.0063063,0.00357498,-0.0144725,-0.00737727,-0.00371401,-0.00101587,
0.495419,3.42725,11.0852,5.48113,-6.03521,9.68752,-10.068,-1.1287,13.624,2.22068,12.7566,21.5322,0,0,0,0,0,0,0,0,0,0,0,0,-0.0573947,0.73732,-1.43138,-0.0637471,0.806067,-1.43437,0.0445705,0.736775,-1.4617,0.0519008,0.889451,-1.58913,-0.0484586,0.799599,-1.22987,0.0358116,0.696094,-1.25819,-0.138634,0.716339,-1.21409,0.0921011,1.1213,-1.19765,-0.00286138,-0.00140753,-0.00459532,-0.00393172,-0.00967217,0.00539425,-0.00599487,0.00341266,-0.0147618,-0.0070283,-0.00350033,-0.00149141,
0.494599,3.44307,11.0994,5.48688,-6.01802,9.67356,-10.0634,-1.10979,13.659,2.23202,12.7694,21.5435,0,0,0,0,0,0,0,0,0,0,0,0,-0.0574569,0.737287,-1.43149,-0.0638326,0.805853,-1.43425,0.0444443,0.736847,-1.46203,0.0517524,0.889375,-1.58917,-0.0485365,0.799847,-1.22971,0.0358304,0.696193,-1.25833,-0.138668,0.716745,-1.21378,0.0921694,1.12146,-1.19748,-0.00289258,-0.00163804,-0.00456645,-0.00394132,-0.00965742,0.00544988,-0.00562097,0.0030736,-0.0145936,-0.00660646,-0.00331736,-0.00177992,
0.493496,3.45534,11.1103,5.49122,-6.00553,9.66349,-10.0595,-1.09547,13.6846,2.24092,12.78,21.5531,0,0,0,0,0,0,0,0,0,0,0,0,-0.0575089,0.737255,-1.43157,-0.0639033,0.805681,-1.43415,0.0443464,0.736898,-1.46229,0.0516372,0.889316,-1.5892,-0.0486094,0.800035,-1.22959,0.0358381,0.696252,-1.25841,-0.138688,0.717048,-1.21357,0.0922239,1.1216,-1.19734,-0.00292669,-0.00179668,-0.00446882,-0.00396156,-0.00948525,0.00531103,-0.00535366,0.00271024,-0.0141551,-0.0062937,-0.00314914,-0.00193821,
0.493281,3.46807,11.1217,5.49637,-5.99083,9.65083,-10.0551,-1.0802,13.7137,2.25033,12.7901,21.5628,0,0,0,0,0,0,0,0,0,0,0,0,-0.0575728,0.737215,-1.43166,-0.0639898,0.805476,-1.43403,0.044233,0.736953,-1.46259,0.0515038,0.889251,-1.58925,-0.048675,0.800223,-1.22948,0.0358477,0.696324,-1.25853,-0.138711,0.717373,-1.21334,0.0922731,1.12173,-1.19721,-0.00283795,-0.00189143,-0.0042,-0.0038589,-0.00911218,0.0051158,-0.0049499,0.00237158,-0.0134689,-0.00583165,-0.00280776,-0.00208528,
0.492308,3.4787,11.1322,5.5004,-5.97897,9.64052,-10.0516,-1.06683,13.7374,2.25786,12.7988,21.5713,0,0,0,0,0,0,0,0,0,0,0,0,-0.0576319,0.737172,-1.43175,-0.0640711,0.805281,-1.43393,0.0441309,0.737,-1.46287,0.051383,0.889192,-1.58929,-0.048745,0.800373,-1.22938,0.0358468,0.696356,-1.25861,-0.138735,0.717651,-1.21319,0.0923045,1.12183,-1.1971,-0.00256731,-0.00192228,-0.00401056,-0.00357419,-0.00864444,0.00475695,-0.00439903,0.00190501,-0.0124922,-0.00522158,-0.00259594,-0.00199458,
0.490905,3.48506,11.1389,5.50242,-5.9727,9.63423,-10.049,-1.05933,13.7509,2.26264,12.8048,21.5776,0,0,0,0,0,0,0,0,0,0,0,0,-0.0576708,0.737142,-1.43182,-0.0641261,0.805146,-1.43385,0.0440643,0.737027,-1.46307,0.0513037,0.889151,-1.58932,-0.0488046,0.800458,-1.22932,0.0358336,0.696346,-1.25865,-0.138745,0.717805,-1.21313,0.0923223,1.12191,-1.19702,-0.00237311,-0.00192179,-0.00381615,-0.00337247,-0.00822027,0.0044116,-0.00403103,0.00155243,-0.0116497,-0.00480869,-0.0024165,-0.00189979,
0.490341,3.49227,11.1462,5.50539,-5.96389,9.62591,-10.0459,-1.05012,13.767,2.26795,12.8099,21.5834,0,0,0,0,0,0,0,0,0,0,0,0,-0.0577196,0.7371,-1.4319,-0.0641968,0.804973,-1.43376,0.0439816,0.737055,-1.46331,0.0512046,0.889101,-1.58936,-0.0488564,0.800548,-1.22926,0.0358242,0.696349,-1.25872,-0.138759,0.717989,-1.21307,0.0923341,1.12196,-1.19695,-0.00208347,-0.00190563,-0.00346737,-0.00307529,-0.00757668,0.00391061,-0.00352889,0.00106334,-0.010367,-0.00424361,-0.00214724,-0.00172059,
0.489162,3.49801,11.1522,5.50745,-5.95718,9.6201,-10.0435,-1.04233,13.7788,2.27188,12.8135,21.5883,0,0,0,0,0,0,0,0,0,0,0,0,-0.0577609,0.737058,-1.43197,-0.0642598,0.804814,-1.43368,0.0439109,0.737072,-1.46352,0.0511189,0.889056,-1.5894,-0.04891,0.800612,-1.22922,0.035808,0.69633,-1.25875,-0.138772,0.718134,-1.21306,0.0923349,1.12198,-1.19689,-0.00172077,-0.00185889,-0.00314804,-0.00270611,-0.00688853,0.00332378,-0.00298464,0.000531071,-0.00896827,-0.00363728,-0.00193294,-0.00144741,
0.487766,3.50106,11.156,5.50837,-5.95347,9.6165,-10.0417,-1.03812,13.7852,2.2742,12.8152,21.5917,0,0,0,0,0,0,0,0,0,0,0,0,-0.0577884,0.737025,-1.43202,-0.0643051,0.804696,-1.43363,0.0438618,0.737077,-1.46367,0.0510586,0.889023,-1.58942,-0.0489551,0.800636,-1.22921,0.0357875,0.696294,-1.25876,-0.138778,0.718206,-1.21308,0.0923288,1.12198,-1.19685,-0.00140337,-0.00178776,-0.00286422,-0.00238557,-0.00628265,0.00280711,-0.00255365,0.00014052,-0.00781705,-0.00315696,-0.00172675,-0.00123107,
0.486571,3.5045,11.1593,5.50969,-5.94878,9.61297,-10.0397,-1.03316,13.7917,2.2767,12.816,21.5949,0,0,0,0,0,0,0,0,0,0,0,0,-0.0578151,0.736987,-1.43208,-0.0643533,0.804567,-1.43357,0.0438111,0.737075,-1.46382,0.0509953,0.888989,-1.58945,-0.0489945,0.800663,-1.2292,0.0357722,0.69627,-1.25878,-0.138782,0.718284,-1.21311,0.0923236,1.12197,-1.19682,-0.00104852,-0.00168281,-0.00243478,-0.00203048,-0.0055094,0.00218138,-0.00210156,-0.000255919,-0.00643881,-0.00264705,-0.00140528,-0.00101598,
0.484699,3.50565,11.1615,5.50995,-5.94657,9.6113,-10.0385,-1.0307,13.7935,2.27769,12.8153,21.5969,0,0,0,0,0,0,0,0,0,0,0,0,-0.0578328,0.736952,-1.43213,-0.0643926,0.804455,-1.43353,0.0437711,0.737065,-1.46395,0.050944,0.888961,-1.58946,-0.049035,0.800652,-1.22921,0.0357488,0.696217,-1.25877,-0.138786,0.718309,-1.21319,0.0923047,1.12194,-1.1968,-0.000597456,-0.00154583,-0.00207068,-0.00157874,-0.00475266,0.00154493,-0.00158134,-0.000647118,-0.00507096,-0.00207331,-0.00114837,-0.000725969,
0.482964,3.5049,11.1619,5.50927,-5.94668,9.6111,-10.0378,-1.03124,13.7919,2.27751,12.8132,21.5978,0,0,0,0,0,0,0,0,0,0,0,0,-0.0578394,0.736928,-1.43216,-0.0644149,0.804384,-1.43351,0.0437491,0.737052,-1.46402,0.0509144,0.888944,-1.58947,-0.0490655,0.800617,-1.22923,0.0357218,0.696157,-1.25876,-0.138787,0.71828,-1.21329,0.0922812,1.12189,-1.19679,-0.000288385,-0.0014405,-0.00179321,-0.0012707,-0.00420179,0.00108033,-0.00124187,-0.000901238,-0.00410674,-0.00169689,-0.000949575,-0.000534334,
0.481152,3.50465,11.1619,5.50908,-5.94563,9.61178,-10.0367,-1.03032,13.789,2.27765,12.8102,21.598,0,0,0,0,0,0,0,0,0,0,0,0,-0.0578415,0.736895,-1.4322,-0.0644406,0.804293,-1.4335,0.0437245,0.737025,-1.4641,0.0508796,0.888925,-1.58948,-0.0490915,0.800583,-1.22926,0.0357016,0.696106,-1.25873,-0.138783,0.718259,-1.21341,0.0922599,1.12182,-1.19679,7.03545e-05,-0.00132205,-0.00135601,-0.000916568,-0.00341123,0.000374088,-0.000859416,-0.00131056,-0.00265862,-0.00126238,-0.000691325,-0.000250904,
0.478678,3.50317,11.1608,5.50788,-5.94585,9.61387,-10.0365,-1.03132,13.7839,2.27648,12.8061,21.5977,0,0,0,0,0,0,0,0,0,0,0,0,-0.0578351,0.736867,-1.43222,-0.064456,0.804227,-1.43349,0.0437104,0.736993,-1.46415,0.0508572,0.888912,-1.58949,-0.0491195,0.800532,-1.22931,0.0356749,0.696052,-1.2587,-0.138782,0.718202,-1.21354,0.0922277,1.12174,-1.1968,0.00049343,-0.00117335,-0.0010104,-0.000496272,-0.00274585,-0.00018561,-0.000439362,-0.00157613,-0.00151444,-0.000801376,-0.000458484,3.70937e-08,
0.476908,3.50034,11.1592,5.5066,-5.94735,9.61575,-10.0364,-1.03394,13.778,2.27504,12.8015,21.5967,0,0,0,0,0,0,0,0,0,0,0,0,-0.0578247,0.73685,-1.43224,-0.0644615,0.804187,-1.4335,0.0437058,0.736966,-1.46416,0.050847,0.888907,-1.58948,-0.0491347,0.800466,-1.22935,0.0356527,0.695996,-1.25867,-0.138779,0.718124,-1.21366,0.0921984,1.12165,-1.19682,0.000759514,-0.00106809,-0.000764055,-0.000233184,-0.002285,-0.000573602,-0.000184878,-0.00173684,-0.000753345,-0.00051969,-0.000282396,0.000148116,
0.474689,3.49787,11.1565,5.50533,-5.94889,9.6195,-10.0363,-1.03602,13.77,2.27366,12.7959,21.5957,0,0,0,0,0,0,0,0,0,0,0,0,-0.0578049,0.736828,-1.43225,-0.0644635,0.804144,-1.43352,0.0437046,0.736926,-1.46417,0.0508389,0.888904,-1.58948,-0.0491489,0.800402,-1.22941,0.0356336,0.695941,-1.25863,-0.138772,0.71804,-1.2138,0.0921718,1.12156,-1.19683,0.0010107,-0.000951658,-0.000397297,1.16879e-05,-0.00166929,-0.00110568,4.38243e-05,-0.00194688,0.000247768,-0.000255072,-2.26149e-05,0.000289761,
0.471694,3.49451,11.1536,5.50336,-5.95055,9.62453,-10.0368,-1.03895,13.7599,2.27122,12.7898,21.5933,0,0,0,0,0,0,0,0,0,0,0,0,-0.0577763,0.736806,-1.43226,-0.064459,0.804111,-1.43355,0.0437095,0.736876,-1.46415,0.050837,0.888905,-1.58947,-0.0491656,0.800322,-1.22946,0.0356115,0.695891,-1.25857,-0.138768,0.717932,-1.21396,0.0921344,1.12145,-1.19686,0.00137738,-0.000824203,-0.000138267,0.000374232,-0.00113503,-0.00160082,0.000369854,-0.00217708,0.00120102,0.000100587,0.000110375,0.000542295,
0.468899,3.49106,11.1505,5.50141,-5.95249,9.62852,-10.0371,-1.0428,13.7514,2.26909,12.7837,21.5914,0,0,0,0,0,0,0,0,0,0,0,0,-0.0577427,0.73679,-1.43226,-0.0644475,0.804096,-1.43358,0.043717,0.73684,-1.46412,0.0508404,0.888908,-1.58946,-0.0491764,0.800246,-1.22952,0.0355938,0.695849,-1.25853,-0.138761,0.717824,-1.21409,0.092104,1.12135,-1.19688,0.00163398,-0.000712526,0.000115099,0.000626474,-0.000817928,-0.00187128,0.00054629,-0.00226924,0.00171431,0.000293994,0.000225594,0.000652981,
0.467174,3.48758,11.1467,5.49991,-5.95458,9.63338,-10.0377,-1.04578,13.7418,2.26687,12.7769,21.5894,0,0,0,0,0,0,0,0,0,0,0,0,-0.0577157,0.736779,-1.43225,-0.0644366,0.804083,-1.43363,0.0437305,0.73679,-1.46408,0.0508486,0.888917,-1.58945,-0.0491782,0.800173,-1.22958,0.0355797,0.695808,-1.25849,-0.138757,0.717718,-1.21421,0.0920752,1.12124,-1.19691,0.00173628,-0.000647805,0.000327002,0.000724408,-0.000398313,-0.00219469,0.000661884,-0.0023213,0.00229962,0.00043175,0.000466071,0.000681552,
0.464445,3.48386,11.1432,5.49796,-5.9565,9.63935,-10.0385,-1.04905,13.7312,2.26432,12.7702,21.5865,0,0,0,0,0,0,0,0,0,0,0,0,-0.0576754,0.736766,-1.43224,-0.0644187,0.804078,-1.43368,0.0437466,0.736738,-1.46402,0.0508598,0.888928,-1.58943,-0.0491828,0.800094,-1.22964,0.035567,0.695776,-1.25843,-0.138752,0.717603,-1.21435,0.0920441,1.12113,-1.19694,0.00192729,-0.00057472,0.000464829,0.000911801,-0.000104611,-0.0024875,0.000810777,-0.00244541,0.00282306,0.00059518,0.000523903,0.00082716,
0.461483,3.4801,11.139,5.4959,-5.95832,9.64579,-10.0394,-1.05258,13.7201,2.26175,12.763,21.5837,0,0,0,0,0,0,0,0,0,0,0,0,-0.0576272,0.736753,-1.43223,-0.064395,0.80408,-1.43374,0.0437673,0.736678,-1.46395,0.0508756,0.888942,-1.58941,-0.0491849,0.800015,-1.2297,0.0355566,0.69575,-1.25838,-0.138745,0.717479,-1.21447,0.0920157,1.12101,-1.19697,0.00206827,-0.00049888,0.000629727,0.00104866,0.000158078,-0.00270476,0.000903962,-0.00247186,0.00319484,0.000700031,0.000646104,0.000881734,
0.459638,3.47686,11.1358,5.49446,-5.95965,9.65,-10.0402,-1.05568,13.7124,2.25969,12.7568,21.5814,0,0,0,0,0,0,0,0,0,0,0,0,-0.0575936,0.736745,-1.43222,-0.0643777,0.804083,-1.43379,0.0437821,0.736639,-1.4639,0.0508871,0.888954,-1.58939,-0.0491829,0.799949,-1.22974,0.0355498,0.695733,-1.25835,-0.138743,0.717384,-1.21456,0.0919913,1.12091,-1.197,0.00214604,-0.000455197,0.000715057,0.00112434,0.000282629,-0.00279257,0.000954448,-0.00246123,0.00334964,0.000755552,0.000716833,0.000900555,
0.456949,3.47389,11.1321,5.49273,-5.96089,9.65621,-10.0411,-1.05823,13.703,2.25758,12.7502,21.5789,0,0,0,0,0,0,0,0,0,0,0,0,-0.0575457,0.736736,-1.4322,-0.0643523,0.804091,-1.43385,0.0438034,0.736585,-1.46382,0.050904,0.88897,-1.58937,-0.0491828,0.799887,-1.22979,0.0355446,0.695721,-1.2583,-0.138738,0.717283,-1.21465,0.09197,1.12081,-1.19702,0.00218749,-0.000422521,0.000785111,0.00116285,0.000397431,-0.00290566,0.000960464,-0.00247534,0.00351622,0.000765398,0.000757094,0.000929371,
0.454428,3.47104,11.1286,5.49126,-5.9615,9.66182,-10.0419,-1.0607,13.6947,2.25574,12.7438,21.5765,0,0,0,0,0,0,0,0,0,0,0,0,-0.0574976,0.736727,-1.43218,-0.0643268,0.804101,-1.43391,0.043824,0.736531,-1.46374,0.0509204,0.888988,-1.58935,-0.0491802,0.799827,-1.22984,0.0355437,0.695722,-1.25826,-0.138733,0.717186,-1.21473,0.0919526,1.12071,-1.19705,0.00220445,-0.00038667,0.000850691,0.00117738,0.000462916,-0.00293434,0.000941989,-0.00241116,0.00353552,0.000747259,0.000826991,0.000902257,
0.452433,3.46845,11.1259,5.49011,-5.96207,9.66612,-10.0427,-1.06291,13.6882,2.25423,12.7381,21.5745,0,0,0,0,0,0,0,0,0,0,0,0,-0.057458,0.73672,-1.43217,-0.0643057,0.80411,-1.43396,0.0438406,0.736489,-1.46368,0.0509335,0.889004,-1.58934,-0.0491767,0.799774,-1.22987,0.0355441,0.69572,-1.25824,-0.138731,0.717105,-1.21478,0.0919376,1.12063,-1.19707,0.00221156,-0.000357518,0.000883912,0.00118331,0.000475532,-0.00290227,0.000924571,-0.0023251,0.0034655,0.000727611,0.000881772,0.000864866,
0.449763,3.46651,11.123,5.4887,-5.96194,9.67175,-10.0436,-1.06432,13.6811,2.25262,12.7325,21.5722,0,0,0,0,0,0,0,0,0,0,0,0,-0.0574094,0.736712,-1.43215,-0.0642797,0.804119,-1.43403,0.0438606,0.736438,-1.46361,0.0509491,0.889023,-1.58932,-0.049177,0.799731,-1.22991,0.035544,0.695731,-1.2582,-0.138728,0.717029,-1.21484,0.0919229,1.12054,-1.19709,0.00219533,-0.000353877,0.000840765,0.00116641,0.000422567,-0.00287195,0.000883616,-0.00230534,0.00339465,0.000680871,0.000827658,0.000894062,
0.447541,3.46432,11.1203,5.48769,-5.96179,9.6764,-10.0442,-1.06599,13.6751,2.25157,12.7268,21.5705,0,0,0,0,0,0,0,0,0,0,0,0,-0.0573623,0.736705,-1.43213,-0.0642552,0.804128,-1.43409,0.0438786,0.736389,-1.46353,0.0509626,0.889042,-1.5893,-0.0491725,0.799684,-1.22994,0.0355479,0.695741,-1.25817,-0.138724,0.716953,-1.21487,0.0919143,1.12046,-1.19711,0.00210586,-0.000344867,0.000854958,0.00107558,0.000364011,-0.00276623,0.000773406,-0.00217684,0.0031854,0.000564067,0.000879383,0.000805634,
0.446004,3.46314,11.1184,5.48719,-5.96099,9.67938,-10.0447,-1.06666,13.6716,2.25095,12.7222,21.5691,0,0,0,0,0,0,0,0,0,0,0,0,-0.0573292,0.736699,-1.43212,-0.0642387,0.804134,-1.43413,0.0438902,0.736356,-1.46348,0.0509708,0.889056,-1.58929,-0.0491689,0.799657,-1.22996,0.0355538,0.695759,-1.25816,-0.138723,0.71691,-1.21489,0.0919094,1.12039,-1.19712,0.00204765,-0.000339112,0.000841579,0.00101716,0.000292174,-0.00265816,0.000704049,-0.00207688,0.00299446,0.000488305,0.000898203,0.000751248,
0.443418,3.46183,11.1167,5.48626,-5.9597,9.68399,-10.0453,-1.067,13.6669,2.25014,12.7174,21.567,0,0,0,0,0,0,0,0,0,0,0,0,-0.0572808,0.736691,-1.4321,-0.064215,0.804138,-1.4342,0.0439062,0.736307,-1.46342,0.0509814,0.889077,-1.58927,-0.049169,0.799625,-1.22997,0.035559,0.695784,-1.25814,-0.13872,0.716856,-1.21491,0.091903,1.12032,-1.19714,0.00198636,-0.000341636,0.000714449,0.00095694,0.000128357,-0.00251786,0.00062711,-0.00200863,0.00273253,0.000398454,0.000797277,0.000769447,
0.441385,3.4611,11.1152,5.48581,-5.95799,9.68762,-10.0456,-1.06697,13.6638,2.24996,12.7129,21.5656,0,0,0,0,0,0,0,0,0,0,0,0,-0.0572387,0.736684,-1.43208,-0.0641955,0.80414,-1.43425,0.0439183,0.736264,-1.46336,0.0509884,0.889094,-1.58925,-0.0491672,0.799604,-1.22998,0.035567,0.695812,-1.25813,-0.138717,0.716817,-1.21491,0.0919029,1.12026,-1.19715,0.00185056,-0.000353945,0.000645563,0.000821084,-1.92138e-05,-0.00235942,0.000483003,-0.00190157,0.00243643,0.000242974,0.000768589,0.000709275,
0.439966,3.46073,11.1144,5.4857,-5.95637,9.68984,-10.0458,-1.0666,13.6622,2.25001,12.7092,21.5645,0,0,0,0,0,0,0,0,0,0,0,0,-0.0572099,0.736678,-1.43207,-0.0641832,0.804138,-1.43429,0.0439251,0.736234,-1.46332,0.0509913,0.889106,-1.58924,-0.0491664,0.799591,-1.22999,0.0355753,0.695837,-1.25812,-0.138717,0.716796,-1.2149,0.0919041,1.1202,-1.19716,0.00176578,-0.000359863,0.000581473,0.000736964,-0.000142801,-0.00222134,0.000394843,-0.00181574,0.00219699,0.000145601,0.000738582,0.000674298,
0.437871,3.46062,11.1138,5.48538,-5.95392,9.69271,-10.0461,-1.06576,13.6609,2.25017,12.7055,21.5634,0,0,0,0,0,0,0,0,0,0,0,0,-0.0571722,0.73667,-1.43206,-0.0641681,0.804133,-1.43433,0.0439326,0.736196,-1.46328,0.0509931,0.889122,-1.58923,-0.0491691,0.799581,-1.22999,0.0355823,0.695872,-1.25811,-0.138716,0.716776,-1.21489,0.0919061,1.12015,-1.19716,0.00167221,-0.000362808,0.000459231,0.000644933,-0.000330847,-0.00202669,0.00029418,-0.00170481,0.00185699,3.07491e-05,0.000665097,0.000655159,
0.774425,1.85868,12.1654,5.19736,-7.45494,9.69887,-10.0787,-2.79423,13.046,2.20048,12.0472,21.9861,0,0,0,0,0,0,0,0,0,0,0,0,-0.057137,0.736662,-1.43205,-0.0641555,0.804124,-1.43437,0.0439374,0.73616,-1.46324,0.0509919,0.889136,-1.58922,-0.0430183,0.770447,-1.21086,0.0303545,0.668566,-1.25804,-0.139309,0.685317,-1.22603,0.0909974,1.10819,-1.18947,0.0015311,-0.000369677,0.000365733,0.000504597,-0.000508322,-0.00182657,0.000148883,-0.00157555,0.00150347,-0.000128157,0.000627541,0.000597996,
0.919452,2.19492,11.8438,5.03607,-7.24914,9.52545,-9.93131,-2.76488,12.4318,2.27584,11.7346,21.3427,0,0,0,0,0,0,0,0,0,0,0,0,-0.0571974,0.736393,-1.43191,-0.0642374,0.803908,-1.43436,0.0438485,0.735687,-1.46274,0.0508978,0.888747,-1.58884,-0.0407972,0.775217,-1.21641,0.0269766,0.671244,-1.26112,-0.137086,0.683548,-1.23615,0.0919047,1.10047,-1.20037,-0.0126826,-0.0433427,0.0228793,-0.0140334,-0.034477,0.00674351,-0.0145898,-0.0747349,0.0808148,-0.0148781,-0.0652755,0.0612336,
1.08523,2.22473,11.7827,4.88758,-7.03646,9.5286,-9.84882,-2.66505,11.728,2.20007,11.6666,20.5705,0,0,0,0,0,0,0,0,0,0,0,0,-0.0574853,0.73465,-1.43109,-0.0645532,0.802399,-1.43396,0.0434878,0.732695,-1.45959,0.0505249,0.885954,-1.58626,-0.0378913,0.772592,-1.21657,0.0241472,0.67215,-1.26053,-0.135842,0.679948,-1.24516,0.0902425,1.09389,-1.21121,-0.00550074,-0.100304,0.0421031,-0.00658765,-0.0925505,0.0271103,-0.0104149,-0.171628,0.175371,-0.0113492,-0.167212,0.152846,
1.24154,1.78671,11.2329,4.68125,-7.6591,9.33523,-9.97333,-3.1285,11.2717,1.81168,11.9572,20.0714,0,0,0,0,0,0,0,0,0,0,0,0,-0.0574218,0.732095,-1.42992,-0.0645113,0.799935,-1.43304,0.0433897,0.728601,-1.45554,0.0503987,0.881842,-1.58259,-0.034652,0.761457,-1.22523,0.0207742,0.657603,-1.26294,-0.137988,0.667127,-1.24939,0.083257,1.09455,-1.21655,0.00785372,-0.124944,0.0660007,0.0068769,-0.123046,0.0549283,-0.00177251,-0.183694,0.176258,-0.00325109,-0.187959,0.162198,
1.47188,2.05016,10.5586,4.59746,-7.41692,9.36676,-9.98133,-2.83612,11.3569,1.72514,12.2504,20.0712,0,0,0,0,0,0,0,0,0,0,0,0,-0.0573597,0.729984,-1.42866,-0.064468,0.797885,-1.43206,0.0432727,0.72576,-1.45291,0.0502581,0.878953,-1.58024,-0.0308292,0.763751,-1.2361,0.018853,0.659776,-1.26136,-0.138727,0.669686,-1.24532,0.0810712,1.09726,-1.2144,-0.00924008,-0.140358,0.0868407,-0.010767,-0.130224,0.0576582,-0.0208519,-0.180324,0.161864,-0.0221236,-0.177243,0.133362,
1.70827,1.95076,10.3658,4.58201,-7.41962,9.52862,-9.96328,-2.82909,11.3949,1.70341,12.6658,20.137,0,0,0,0,0,0,0,0,0,0,0,0,-0.0578686,0.726758,-1.42676,-0.0650188,0.795011,-1.43105,0.0425025,0.721837,-1.4497,0.0494639,0.875218,-1.57788,-0.0274137,0.758602,-1.23778,0.0176361,0.656861,-1.25756,-0.139554,0.666134,-1.24169,0.0794999,1.10143,-1.21116,-0.0241798,-0.145008,0.0750652,-0.0261767,-0.129881,0.0353617,-0.0362433,-0.170576,0.122606,-0.0374032,-0.163174,0.0862695,
1.85938,1.87566,10.5279,4.46961,-7.37658,9.53576,-10.023,-2.95841,11.6496,1.67002,13.0238,20.3854,0,0,0,0,0,0,0,0,0,0,0,0,-0.0582655,0.723442,-1.42539,-0.0654614,0.791917,-1.43039,0.0418284,0.718196,-1.44775,0.0487576,0.871625,-1.57653,-0.0246965,0.754214,-1.23368,0.015523,0.654569,-1.25685,-0.140903,0.661004,-1.23561,0.0785904,1.10496,-1.20567,-0.00951627,-0.133212,0.043359,-0.0112535,-0.129134,0.023483,-0.0198126,-0.136119,0.0472005,-0.0212483,-0.138486,0.0318381,
2.02769,1.65816,10.7069,4.40096,-7.66686,9.54009,-10.0593,-3.23705,11.7096,1.66347,13.2583,20.6268,0,0,0,0,0,0,0,0,0,0,0,0,-0.0584255,0.721322,-1.4248,-0.0656488,0.78985,-1.43007,0.0415315,0.716156,-1.44734,0.0484392,0.869554,-1.57634,-0.0219592,0.748076,-1.22989,0.0139233,0.647203,-1.25651,-0.141932,0.654125,-1.23433,0.0780888,1.10748,-1.20132,-0.0160347,-0.135778,0.0354198,-0.0178118,-0.129979,0.0158301,-0.0226938,-0.127038,0.0162553,-0.0238124,-0.125256,-0.0015939,
2.22441,1.71435,10.7001,4.35379,-7.70638,9.51676,-10.0571,-3.28093,11.8095,1.69598,13.6068,20.8688,0,0,0,0,0,0,0,0,0,0,0,0,-0.0589853,0.718129,-1.424,-0.0662491,0.786879,-1.42979,0.0409019,0.713265,-1.44719,0.0477939,0.866846,-1.57675,-0.0193448,0.745403,-1.22918,0.0120613,0.643201,-1.25667,-0.142761,0.650123,-1.23244,0.0778134,1.11109,-1.1975,-0.0321369,-0.155872,0.0396456,-0.0339736,-0.14248,0.0134284,-0.0322726,-0.139545,0.0045422,-0.0326579,-0.126008,-0.0273549,
2.46658,1.43928,10.8187,4.25101,-8.05471,9.42435,-10.1358,-3.58912,11.8376,1.59261,14.0136,21.0887,0,0,0,0,0,0,0,0,0,0,0,0,-0.0597227,0.714437,-1.42307,-0.0670235,0.7835,-1.42939,0.0402419,0.710014,-1.4472,0.0471318,0.863963,-1.57751,-0.015703,0.736152,-1.22606,0.00940337,0.632951,-1.25787,-0.144703,0.640861,-1.232,0.0754345,1.11533,-1.19435,-0.0330826,-0.178177,0.0441391,-0.0345701,-0.163972,0.0237704,-0.026292,-0.155852,-0.00412504,-0.0261537,-0.136974,-0.0388863,
2.76721,1.42051,10.6581,4.16509,-8.19751,9.30135,-10.1866,-3.65242,11.8692,1.51504,14.559,21.2246,0,0,0,0,0,0,0,0,0,0,0,0,-0.0606201,0.70974,-1.42183,-0.0679535,0.779211,-1.42864,0.0396152,0.705914,-1.44727,0.0465184,0.860454,-1.57829,-0.0114739,0.730189,-1.22761,0.00657548,0.62535,-1.25927,-0.146379,0.634764,-1.23142,0.073308,1.12124,-1.19269,-0.0466705,-0.215119,0.0626778,-0.0480007,-0.192597,0.0369277,-0.0312995,-0.189674,0.00632512,-0.0302666,-0.157015,-0.0440697,
3.07536,1.18113,10.506,4.08424,-8.54035,9.24061,-10.2631,-3.85707,11.8423,1.38834,15.0703,21.3769,0,0,0,0,0,0,0,0,0,0,0,0,-0.0614493,0.706063,-1.42069,-0.0688032,0.775949,-1.42796,0.0390853,0.70267,-1.4471,0.046011,0.857822,-1.57933,-0.00696714,0.721488,-1.22915,0.00399072,0.615355,-1.25963,-0.14841,0.627181,-1.23168,0.0704033,1.12755,-1.191,-0.0573366,-0.241994,0.0771703,-0.0585991,-0.212594,0.0459555,-0.035737,-0.214429,0.0151425,-0.0340071,-0.170922,-0.0503717,
3.36159,1.20014,9.98732,4.06053,-8.67062,9.08325,-10.3804,-3.73061,11.9446,1.2035,15.9384,21.3767,0,0,0,0,0,0,0,0,0,0,0,0,-0.0628328,0.70031,-1.41878,-0.0702119,0.770932,-1.42677,0.0382865,0.697581,-1.44669,0.0452617,0.853849,-1.58055,-0.0033932,0.715176,-1.23654,0.0019103,0.607248,-1.2612,-0.151355,0.623609,-1.22937,0.0663043,1.13892,-1.19228,-0.0672096,-0.278186,0.0954053,-0.0682227,-0.241459,0.0611279,-0.0362747,-0.245695,0.0213525,-0.0335706,-0.188888,-0.0594819,
3.72633,1.00581,9.54656,4.04897,-9.03351,8.95984,-10.5481,-3.70547,12.1868,0.993505,16.8891,21.6903,0,0,0,0,0,0,0,0,0,0,0,0,-0.0644085,0.693866,-1.41653,-0.0718062,0.76537,-1.42528,0.0375161,0.692011,-1.44641,0.0445641,0.849688,-1.5822,0.00135655,0.70457,-1.24223,-0.000194445,0.594664,-1.2619,-0.155201,0.618235,-1.22483,0.0617927,1.15217,-1.18848,-0.0794548,-0.303331,0.106985,-0.0802369,-0.258416,0.0694549,-0.0373618,-0.25616,0.00138443,-0.0334042,-0.183713,-0.0951822,
4.11552,0.537823,9.28286,3.97942,-9.71781,8.85919,-10.6803,-3.92241,12.3425,0.802188,17.71,22.084,0,0,0,0,0,0,0,0,0,0,0,0,-0.0659282,0.688264,-1.41458,-0.073338,0.760636,-1.42401,0.0368549,0.687402,-1.44668,0.0439851,0.84651,-1.58431,0.00657739,0.69005,-1.24505,-0.00332321,0.577286,-1.26246,-0.158333,0.609583,-1.22242,0.0576986,1.1642,-1.1837,-0.0928785,-0.319681,0.11008,-0.0935368,-0.2665,0.0689182,-0.0400446,-0.260116,-0.0228167,-0.0348706,-0.17236,-0.134495,
4.43072,0.904031,8.71306,4.01225,-9.5739,8.7608,-10.7556,-3.32368,12.7604,0.713883,18.7972,22.4187,0,0,0,0,0,0,0,0,0,0,0,0,-0.0682299,0.680869,-1.41211,-0.0756523,0.754565,-1.42252,0.0358996,0.681372,-1.44729,0.0431641,0.842684,-1.58767,0.00950781,0.688516,-1.25291,-0.00553354,0.573335,-1.26276,-0.160767,0.613708,-1.21548,0.0552043,1.17996,-1.18118,-0.112836,-0.35162,0.114243,-0.113249,-0.286363,0.0686443,-0.0444314,-0.289368,-0.0288651,-0.0375761,-0.179693,-0.163756,
4.81118,0.421105,8.80778,3.86535,-10.3218,8.5076,-10.8762,-3.48332,13.0178,0.505483,19.6399,23.165,0,0,0,0,0,0,0,0,0,0,0,0,-0.0706787,0.672954,-1.4097,-0.0781001,0.748088,-1.42092,0.0351446,0.674978,-1.4484,0.0425775,0.838839,-1.59176,0.0140934,0.671555,-1.24886,-0.0105124,0.552973,-1.26572,-0.163197,0.604533,-1.21223,0.051384,1.19181,-1.17202,-0.108158,-0.362213,0.102611,-0.107658,-0.297886,0.0756546,-0.0237033,-0.284478,-0.0765915,-0.0153628,-0.16453,-0.210288,
4.95614,0.228935,8.47705,3.64324,-10.951,8.16965,-10.9059,-3.31186,13.2269,0.324201,20.4457,23.4828,0,0,0,0,0,0,0,0,0,0,0,0,-0.0723406,0.667105,-1.40816,-0.0797475,0.743243,-1.41966,0.0349321,0.670473,-1.44996,0.042507,0.836293,-1.59542,0.015033,0.661881,-1.25336,-0.0162189,0.5364,-1.27057,-0.163703,0.603004,-1.21016,0.0482921,1.20401,-1.17008,-0.109522,-0.375451,0.0983136,-0.108479,-0.309322,0.0803665,-0.0137983,-0.290138,-0.100417,-0.00437807,-0.161126,-0.237897,
5.09592,1.18573,7.71278,3.67696,-10.3166,8.00501,-10.8914,-1.91858,13.9535,0.321212,21.7079,24.0903,0,0,0,0,0,0,0,0,0,0,0,0,-0.0751177,0.658384,-1.40587,-0.0825002,0.736178,-1.4179,0.0344613,0.663617,-1.45211,0.0422679,0.8326,-1.60098,0.0139567,0.669597,-1.2649,-0.0191968,0.540363,-1.27183,-0.164322,0.620482,-1.19905,0.0476379,1.22297,-1.16479,-0.143144,-0.413834,0.108081,-0.14202,-0.329641,0.0765635,-0.0303273,-0.330082,-0.0949437,-0.018807,-0.17264,-0.266826,
5.0908,1.48577,7.14485,3.47779,-10.0939,7.64125,-10.9691,-0.579086,14.7197,0.138407,23.1874,25.0281,0,0,0,0,0,0,0,0,0,0,0,0,-0.0782624,0.649202,-1.4037,-0.0856094,0.728843,-1.41622,0.0339835,0.656435,-1.45481,0.0420627,0.829005,-1.60746,0.0108492,0.665959,-1.27321,-0.0257718,0.53708,-1.27677,-0.165695,0.638214,-1.18829,0.044667,1.24703,-1.15464,-0.137935,-0.410265,0.0849046,-0.135798,-0.329478,0.0756886,-0.00956498,-0.307683,-0.163741,0.00351569,-0.142655,-0.328775,
5.06616,1.89667,6.71207,3.34501,-9.77672,7.3997,-11.0252,0.683986,15.8748,0.055721,24.6637,26.4234,0,0,0,0,0,0,0,0,0,0,0,0,-0.0806936,0.642056,-1.40247,-0.0879937,0.723101,-1.41494,0.0339866,0.651401,-1.45866,0.0423145,0.826986,-1.61416,0.00775168,0.666904,-1.28003,-0.030777,0.537756,-1.27999,-0.166597,0.6575,-1.17177,0.0435701,1.27349,-1.1366,-0.146664,-0.385489,0.0596712,-0.144068,-0.303459,0.0613037,-0.00500806,-0.253485,-0.255344,0.00969928,-0.0769037,-0.419367,
5.16713,2.75622,6.7213,3.55837,-9.05442,7.3448,-11.0353,1.88897,17.5202,0.192678,26.17,28.6672,0,0,0,0,0,0,0,0,0,0,0,0,-0.0843143,0.634053,-1.40155,-0.0915568,0.717025,-1.41399,0.0336988,0.646723,-1.46564,0.0423805,0.826469,-1.62492,0.0051194,0.675572,-1.27917,-0.0313081,0.546118,-1.28027,-0.167454,0.6766,-1.1496,0.0458051,1.30282,-1.10741,-0.180568,-0.343776,0.0255336,-0.177956,-0.251258,0.0266504,-0.0204296,-0.178716,-0.367146,-0.00314679,0.0212,-0.544798,
5.08922,3.4699,7.29598,3.73593,-8.27393,7.16728,-11.1519,2.861,19.0321,0.203732,27.7766,30.7343,0,0,0,0,0,0,0,0,0,0,0,0,-0.0882018,0.627089,-1.40168,-0.0953698,0.71198,-1.41366,0.0335372,0.643544,-1.47487,0.0426196,0.827707,-1.63779,0.000174707,0.682844,-1.26925,-0.0314908,0.556198,-1.28328,-0.168955,0.692578,-1.13194,0.0470651,1.33471,-1.08312,-0.166192,-0.293354,-0.033405,-0.16188,-0.213909,0.0106507,0.0107947,-0.119342,-0.456192,0.0296526,0.0788413,-0.606458,
5.04562,3.78967,8.13005,3.87169,-8.12614,6.92485,-11.1723,3.09592,20.0032,0.25484,29.0024,32.5074,0,0,0,0,0,0,0,0,0,0,0,0,-0.0910536,0.622162,-1.40267,-0.0981264,0.708375,-1.4135,0.0340035,0.641723,-1.48351,0.0434375,0.829444,-1.64892,-0.00342508,0.684543,-1.25526,-0.0316982,0.555975,-1.28753,-0.168468,0.695863,-1.12318,0.0492436,1.35972,-1.0622,-0.164398,-0.260896,-0.0591689,-0.158646,-0.186066,0.0095639,0.0264718,-0.0859494,-0.493269,0.0469033,0.118266,-0.633202,
5.03329,4.48889,8.50824,4.10293,-7.71573,6.50954,-11.1326,3.63844,20.8981,0.366986,29.9997,34.3677,0,0,0,0,0,0,0,0,0,0,0,0,-0.0949931,0.616624,-1.40371,-0.101928,0.704624,-1.41304,0.0344775,0.640059,-1.49428,0.044396,0.832578,-1.66302,-0.00824597,0.692026,-1.24922,-0.0319272,0.560294,-1.29444,-0.167486,0.704377,-1.11756,0.0520991,1.38193,-1.0425,-0.190688,-0.24859,-0.0306498,-0.183932,-0.161761,0.036272,0.0178488,-0.0734203,-0.476001,0.0412225,0.156263,-0.637573,
4.88855,5.11989,8.79303,4.21704,-7.01033,6.02587,-11.1906,4.41226,21.611,0.280462,31.0156,35.7859,0,0,0,0,0,0,0,0,0,0,0,0,-0.0991002,0.611244,-1.40415,-0.105861,0.701123,-1.41176,0.0351176,0.638312,-1.50418,0.0455744,0.83598,-1.67644,-0.014714,0.698331,-1.24437,-0.0334621,0.569729,-1.30167,-0.167315,0.716415,-1.11416,0.0523373,1.40367,-1.02976,-0.179865,-0.240109,-0.0125047,-0.170968,-0.157336,0.0779897,0.0412838,-0.0848287,-0.425719,0.0665473,0.150975,-0.582228,
4.8626,5.16427,9.03352,4.14635,-7.04233,5.60367,-11.1601,4.55837,21.8673,0.171692,31.673,37.0835,0,0,0,0,0,0,0,0,0,0,0,0,-0.102992,0.606106,-1.40422,-0.109536,0.697792,-1.40966,0.0361988,0.636302,-1.51281,0.0472318,0.839239,-1.68851,-0.0191879,0.694341,-1.2399,-0.0384976,0.566248,-1.30705,-0.165577,0.716889,-1.11772,0.0521682,1.419,-1.01789,-0.18428,-0.226413,0.0105358,-0.174008,-0.140064,0.105756,0.0454042,-0.0916999,-0.365778,0.0725863,0.155392,-0.530255,
5.24109,4.29078,10.0098,3.92016,-8.36619,5.45562,-10.9953,2.93874,21.5767,0.0890397,31.3539,38.0918,0,0,0,0,0,0,0,0,0,0,0,0,-0.106011,0.602573,-1.40391,-0.112385,0.695685,-1.40785,0.0368912,0.634758,-1.5182,0.0483705,0.841724,-1.69662,-0.0156609,0.675132,-1.22171,-0.0457834,0.54046,-1.30786,-0.162113,0.685636,-1.12801,0.0516132,1.41569,-1.00737,-0.197698,-0.218178,0.0293145,-0.186973,-0.124491,0.117463,0.0363872,-0.102133,-0.310371,0.0649537,0.156001,-0.488824,
5.50369,4.48777,10.1596,3.79441,-8.464,5.11055,-10.9214,2.72416,20.8124,-0.0297858,31.056,38.0697,0,0,0,0,0,0,0,0,0,0,0,0,-0.110951,0.596934,-1.40272,-0.117056,0.692425,-1.40464,0.0376453,0.631069,-1.52344,0.0498269,0.844375,-1.70645,-0.0160627,0.671913,-1.21753,-0.0529432,0.534462,-1.31066,-0.160112,0.674964,-1.14579,0.0508369,1.41005,-1.0164,-0.207149,-0.264708,0.0693449,-0.195072,-0.162894,0.155563,0.0325473,-0.225399,-0.111091,0.0620628,0.0407081,-0.311447,
5.58812,4.53465,9.80612,3.47327,-8.30226,4.73481,-10.8878,3.00288,19.7963,-0.310769,30.9571,37.3709,0,0,0,0,0,0,0,0,0,0,0,0,-0.115309,0.590492,-1.40081,-0.121124,0.688163,-1.40064,0.0385468,0.624602,-1.52361,0.051371,0.843649,-1.71101,-0.0184508,0.665129,-1.22182,-0.0623655,0.531799,-1.31317,-0.158226,0.670657,-1.16321,0.0476273,1.40434,-1.03243,-0.189756,-0.312446,0.101455,-0.175691,-0.216545,0.202617,0.047488,-0.34173,0.0675917,0.0762679,-0.0864971,-0.129973,
5.55762,3.65833,8.93847,2.8219,-8.84633,4.32417,-10.7352,3.10037,18.6352,-0.66379,30.7428,36.6778,0,0,0,0,0,0,0,0,0,0,0,0,-0.118219,0.585339,-1.39902,-0.123799,0.684482,-1.39715,0.0393772,0.618706,-1.52175,0.0526532,0.841729,-1.71224,-0.0218236,0.643697,-1.23567,-0.0767805,0.517811,-1.317,-0.154685,0.665569,-1.18194,0.0424106,1.39738,-1.04572,-0.186092,-0.326269,0.122088,-0.17154,-0.233125,0.223942,0.0449711,-0.38032,0.144165,0.0730529,-0.132493,-0.0518753,
5.6544,3.62754,8.10223,2.52007,-8.65213,4.13341,-10.4622,3.84151,18.1509,-0.659254,30.6696,37,0,0,0,0,0,0,0,0,0,0,0,0,-0.122748,0.578192,-1.39613,-0.128027,0.67951,-1.39237,0.0398235,0.610224,-1.518,0.0537142,0.838747,-1.71305,-0.0256651,0.636153,-1.24793,-0.0876133,0.516841,-1.31585,-0.150564,0.670432,-1.18674,0.0422596,1.39308,-1.04056,-0.228966,-0.319795,0.130998,-0.216227,-0.21433,0.200963,-0.00660269,-0.385495,0.182493,0.021276,-0.131997,-0.0357195,
5.54053,3.33209,8.28638,2.32636,-8.40401,4.04757,-10.3113,4.10471,18.0361,-0.716163,30.6786,37.4454,0,0,0,0,0,0,0,0,0,0,0,0,-0.127706,0.571658,-1.39388,-0.132705,0.675104,-1.38837,0.0396065,0.602123,-1.5143,0.0540831,0.835923,-1.71376,-0.0322626,0.625446,-1.24278,-0.0953725,0.517592,-1.31366,-0.147926,0.667995,-1.18536,0.0416374,1.39051,-1.03311,-0.211758,-0.271795,0.0642636,-0.198594,-0.188509,0.163533,-0.00215282,-0.350349,0.148151,0.0230194,-0.128114,-0.0262591,
5.29293,2.66967,8.83308,2.18032,-8.49048,3.92703,-10.1496,4.05259,17.7782,-0.686961,30.5041,37.7611,0,0,0,0,0,0,0,0,0,0,0,0,-0.131253,0.567246,-1.39343,-0.136006,0.671932,-1.38575,0.0397165,0.596194,-1.51207,0.0546158,0.833652,-1.71415,-0.0399857,0.610044,-1.23281,-0.100987,0.513406,-1.31347,-0.144805,0.66188,-1.18805,0.0427046,1.38514,-1.02771,-0.198711,-0.229683,0.00150185,-0.184926,-0.166156,0.128977,0.000650879,-0.319893,0.114931,0.0231605,-0.125302,-0.019068,
5.06766,2.13763,9.38904,2.13977,-8.39951,3.79024,-9.89055,4.34903,17.3095,-0.340833,30.1776,38.3634,0,0,0,0,0,0,0,0,0,0,0,0,-0.135829,0.562544,-1.3939,-0.140284,0.668524,-1.38333,0.0393998,0.58936,-1.50966,0.0547654,0.830892,-1.71445,-0.0492288,0.596243,-1.2234,-0.106588,0.512084,-1.31375,-0.141236,0.660713,-1.19417,0.0482675,1.37637,-1.01697,-0.221554,-0.206697,-0.0310934,-0.208383,-0.148872,0.0984076,-0.0323152,-0.308813,0.113356,-0.0120384,-0.128309,-0.00668926,
4.64321,1.05951,10.1939,2.00833,-8.28875,3.41573,-9.63851,4.58917,16.6187,-0.0941442,29.6349,38.9686,0,0,0,0,0,0,0,0,0,0,0,0,-0.140614,0.558204,-1.3948,-0.144772,0.665216,-1.3811,0.0386173,0.582736,-1.50724,0.05439,0.827897,-1.71421,-0.0614066,0.572668,-1.20977,-0.113121,0.510585,-1.31823,-0.137459,0.658763,-1.20433,0.0522682,1.36303,-1.00547,-0.208585,-0.191981,-0.0462929,-0.194553,-0.15704,0.112358,-0.0332154,-0.296495,0.109514,-0.0164012,-0.147182,0.0318163,
4.04822,-0.572014,10.9853,1.7609,-8.26825,2.77295,-9.29258,4.91766,15.5293,0.156963,28.7537,39.584,0,0,0,0,0,0,0,0,0,0,0,0,-0.143773,0.555184,-1.39554,-0.147699,0.662559,-1.37905,0.0381471,0.578082,-1.50551,0.0541608,0.825372,-1.71337,-0.0751212,0.53996,-1.19607,-0.120271,0.507832,-1.32768,-0.131703,0.660126,-1.22236,0.0564666,1.34391,-0.993183,-0.198084,-0.192971,-0.0381315,-0.183527,-0.175825,0.139721,-0.0357571,-0.294701,0.117162,-0.0219239,-0.170442,0.0705551,
3.2915,-1.8647,11.3814,1.38985,-7.51583,1.7589,-8.74854,6.15231,14.0852,0.706906,28.0793,40.172,0,0,0,0,0,0,0,0,0,0,0,0,-0.148239,0.5506,-1.39584,-0.151857,0.658181,-1.37545,0.0369661,0.571312,-1.5024,0.0532296,0.82099,-1.71103,-0.0936236,0.511044,-1.18883,-0.131488,0.515964,-1.34221,-0.123918,0.675081,-1.24516,0.0644881,1.3258,-0.979669,-0.209217,-0.226093,0.011688,-0.196038,-0.222617,0.185063,-0.0727858,-0.323643,0.167929,-0.0637728,-0.22886,0.140529,
2.23891,-3.81081,11.9395,0.792107,-6.39176,0.281004,-8.04804,7.7555,12.3302,1.35083,27.4413,41.0992,0,0,0,0,0,0,0,0,0,0,0,0,-0.153118,0.544898,-1.39493,-0.156448,0.652178,-1.37032,0.0348445,0.563573,-1.49822,0.0512335,0.814866,-1.70691,-0.117357,0.469554,-1.17747,-0.146725,0.529209,-1.36362,-0.114067,0.69676,-1.27289,0.0732544,1.30703,-0.958366,-0.197865,-0.242273,0.0562551,-0.187157,-0.270199,0.233679,-0.103327,-0.312876,0.167938,-0.101586,-0.270754,0.188568,
0.742201,-5.78857,12.633,-0.162065,-4.80328,-1.54121,-7.21982,10.1953,10.1134,2.19365,26.8015,42.7401,0,0,0,0,0,0,0,0,0,0,0,0,-0.156222,0.54106,-1.39381,-0.159244,0.647204,-1.36639,0.0329571,0.558905,-1.49586,0.0493277,0.81052,-1.70388,-0.147728,0.429868,-1.16354,-0.166482,0.553163,-1.3933,-0.10177,0.737455,-1.3111,0.0856745,1.29117,-0.92555,-0.200019,-0.237819,0.0850489,-0.171645,-0.268346,0.164046,-0.138308,-0.272815,0.129736,-0.141511,-0.266152,0.182016,
-0.956182,-8.05205,13.9078,-1.63565,0.807283,-3.97068,-6.03655,13.7354,8.03055,3.67046,25.801,46.4353,0,0,0,0,0,0,0,0,0,0,0,0,-0.160721,0.536294,-1.39123,-0.161979,0.63484,-1.36422,0.0293261,0.554482,-1.49459,0.045563,0.805716,-1.70079,-0.183309,0.385204,-1.13732,-0.193845,0.62507,-1.43631,-0.0850587,0.801331,-1.34877,0.10747,1.27105,-0.855937,-0.208115,-0.187566,0.151669,-0.0850759,-0.97793,0.0158025,-0.185173,-0.115442,-0.0279615,-0.193169,-0.150912,0.084908,
-4.22691,-9.55978,18.4264,-2.6539,4.50444,-3.66576,-3.1013,16.5783,0.0700137,6.07475,22.1759,51.9941,0,0,0,0,0,0,0,0,0,0,0,0,-0.165367,0.533352,-1.3869,-0.162532,0.612283,-1.38081,0.020792,0.56111,-1.50302,0.0409093,0.804922,-1.70072,-0.247312,0.35759,-1.05025,-0.210997,0.679214,-1.46088,-0.0558025,0.885075,-1.5067,0.146018,1.21001,-0.755832,-0.203664,-0.0779152,0.237354,-0.00849365,-0.59871,-1.9673,-0.808287,0.901655,-0.726767,-0.213643,0.0757129,-0.0667757,
-7.61901,-9.9573,22.1976,-2.66719,5.58972,0.59061,1.39776,14.2496,3.3619,6.65684,18.3513,54.8809,0,0,0,0,0,0,0,0,0,0,0,0,-0.167717,0.532865,-1.38197,-0.162014,0.610634,-1.43702,0.00464305,0.593614,-1.53809,0.038165,0.807475,-1.70184,-0.30589,0.352537,-0.976199,-0.207541,0.721879,-1.45388,-0.00836874,0.935061,-1.50026,0.158045,1.14585,-0.704186,0.0141495,0.0285524,0.319748,0.118687,0.384522,-4.04727,-1.53703,3.29451,-3.41713,-0.0461319,0.188449,-0.02651,
-8.18456,-12.3544,23.4065,-3.22594,4.81062,6.98578,5.05023,4.02253,7.9442,2.26835,18.8036,48.781,0,0,0,0,0,0,0,0,0,0,0,0,-0.160289,0.533569,-1.37325,-0.154563,0.624421,-1.53169,-0.0389048,0.695655,-1.62416,0.0442701,0.810459,-1.69837,-0.294104,0.308324,-0.944466,-0.201227,0.725929,-1.43124,0.0105754,0.893436,-1.50259,0.100129,1.15294,-0.8089,0.599801,-0.0247947,0.470826,0.479568,0.561665,-3.89626,-1.69369,4.98574,-3.35367,0.584643,0.0241185,0.372127,
-3.32788,-10.9624,14.0535,-0.821325,6.78956,3.81869,2.04182,4.1623,10.6279,-0.0305985,19.8216,40.1844,0,0,0,0,0,0,0,0,0,0,0,0,-0.148318,0.527949,-1.35824,-0.153049,0.621281,-1.57581,-0.0555196,0.777128,-1.65153,0.0580427,0.806607,-1.68535,-0.205581,0.314554,-1.09612,-0.184952,0.724203,-1.5069,-0.0104069,0.89899,-1.46555,0.0639342,1.15625,-0.94926,0.12976,-0.563179,0.967195,-0.678773,-0.820983,-0.0762774,0.319549,1.84736,-1.06422,0.257915,-0.430058,0.802009,
1.6781,-6.14316,8.13387,1.1409,3.77558,0.690564,-0.548585,3.53634,8.44545,-2.18159,23.3123,32.1329,0,0,0,0,0,0,0,0,0,0,0,0,-0.149548,0.516151,-1.33931,-0.16476,0.605165,-1.55757,-0.0445429,0.787915,-1.64314,0.0596598,0.798625,-1.67188,-0.123555,0.384247,-1.18288,-0.157681,0.654691,-1.53569,-0.0345247,0.849249,-1.47868,0.0208138,1.20945,-1.08189,-0.180695,-0.808427,1.2523,-0.546592,-0.764835,1.36648,0.799699,-0.118524,1.60074,0.0327676,-0.521512,0.84385,
4.49255,-1.67627,8.44611,-0.760548,-1.81483,1.82604,0.261692,4.61019,16.1115,-2.28653,25.7991,29.4057,0,0,0,0,0,0,0,0,0,0,0,0,-0.157589,0.496649,-1.31126,-0.16542,0.6041,-1.53705,-0.0439249,0.776232,-1.63115,0.0569655,0.785109,-1.65147,-0.0822665,0.449045,-1.15091,-0.162658,0.581639,-1.50124,-0.0384018,0.849544,-1.33656,0.0154494,1.2435,-1.11205,-0.254427,-0.685054,0.995521,0.663621,0.421462,0.383097,0.0306028,-0.420378,0.242928,0.0022835,-0.427338,0.69932,
7.96235,1.37109,5.90613,-0.513691,-1.90137,-0.218027,-0.950701,3.46333,21.9091,-2.80656,28.759,27.3352,0,0,0,0,0,0,0,0,0,0,0,0,-0.16417,0.483821,-1.29294,-0.150949,0.607222,-1.52191,-0.0436605,0.769006,-1.62876,0.0568295,0.778863,-1.64068,-0.0292562,0.495532,-1.18062,-0.15033,0.562046,-1.51678,-0.0625303,0.824616,-1.23012,0.0039407,1.29701,-1.14145,-0.394249,-0.528692,0.723169,0.398357,-0.424241,1.3342,-0.0633722,-0.294402,0.0423979,-0.0744185,-0.189777,0.326599,
11.4609,5.38909,4.60844,0.844994,-1.98329,0.0244157,-1.54561,0.643891,28.1118,-2.84672,31.3853,25.511,0,0,0,0,0,0,0,0,0,0,0,0,-0.175139,0.474142,-1.28139,-0.147027,0.595934,-1.49821,-0.0456597,0.764792,-1.62912,0.054745,0.778358,-1.63671,0.0191197,0.563282,-1.19466,-0.125822,0.539117,-1.48848,-0.0770219,0.769689,-1.11826,-0.000925922,1.35252,-1.17435,-0.56484,-0.353751,0.431622,0.233683,-0.830275,1.36206,-0.13041,-0.272419,-0.039233,-0.156496,0.140921,-0.216513,
12.5787,6.9894,5.74469,1.73429,-3.61051,3.73349,-1.71721,-4.62797,33.6394,-2.0252,27.7443,19.0419,0,0,0,0,0,0,0,0,0,0,0,0,-0.182942,0.47008,-1.27987,-0.141812,0.577564,-1.47969,-0.0495523,0.759016,-1.63138,0.0491187,0.788162,-1.63999,0.0422863,0.592769,-1.17568,-0.10229,0.4889,-1.40776,-0.086339,0.667659,-1.0207,0.00511469,1.3148,-1.29187,-0.139029,-0.175605,-0.0385418,0.319572,-0.920742,0.594717,-0.222588,-0.288481,-0.139113,-0.28729,0.887841,0.279323,
14.7496,6.9348,2.66803,4.56689,-4.19874,0.979342,-4.58471,-5.33084,39.3181,0.755126,21.5498,14.3635,0,0,0,0,0,0,0,0,0,0,0,0,-0.183088,0.470665,-1.29118,-0.131177,0.544382,-1.45375,-0.0558076,0.746841,-1.62988,0.0372268,0.821832,-1.64981,0.0850245,0.599835,-1.2486,-0.0342918,0.410564,-1.42071,-0.148552,0.626541,-0.912229,0.0279557,1.26484,-1.40024,-0.00248344,0.12328,-0.868819,0.554035,-2.29911,2.23477,-0.375438,-0.935006,0.406505,-0.920029,2.04773,-1.69826,
3.64975,6.07024,-2.93228,6.39719,1.11319,2.33884,-6.94421,-3.91679,38.3994,-1.67623,8.42238,5.94856,0,0,0,0,0,0,0,0,0,0,0,0,-0.152561,0.472352,-1.32129,-0.105796,0.495047,-1.40442,-0.0643674,0.72338,-1.61728,0.0236662,0.863956,-1.66447,0.00646024,0.57952,-1.38214,0.0484335,0.43746,-1.34219,-0.198338,0.607648,-0.912008,-0.0183241,1.0765,-1.56294,3.70648,-0.12802,-1.10462,1.51667,-3.11308,2.89,-0.308497,-1.78068,1.04154,-0.460534,2.37633,-0.973072,
-2.26433,5.77117,-2.19878,7.8042,-0.203999,9.10693,-5.0175,1.17209,29.4751,1.00855,-8.27362,-2.38931,0,0,0,0,0,0,0,0,0,0,0,0,-0.0846843,0.472843,-1.34361,-0.0784476,0.428071,-1.35203,-0.0777265,0.666326,-1.57941,0.0124885,0.91435,-1.67117,-0.0287357,0.588819,-1.39883,0.108361,0.355363,-1.17232,-0.19766,0.604553,-1.02681,-0.0153287,0.81123,-1.72162,3.88473,0.441817,-2.23588,1.79657,-2.75996,2.07355,-1.14823,-3.32338,2.44753,-1.84618,1.89237,-1.02782,
-5.2452,0.222,5.42156,17.7106,-11.3691,48.5629,-3.46559,13.5509,11.3146,-1.98248,-18.0514,-6.55692,0,0,0,0,0,0,0,0,0,0,0,0,-0.0185135,0.497588,-1.41655,-0.0965387,0.412893,-1.40947,-0.108047,0.583424,-1.51576,-0.0183589,0.937138,-1.67165,-0.0496156,0.540175,-1.34384,0.168305,0.209887,-0.561983,-0.198637,0.728878,-1.28912,-0.0709839,0.603035,-1.78717,2.5706,1.54206,-3.79361,-2.28668,0.148221,-5.20262,-1.10316,-4.03702,3.06904,-0.663196,-0.235798,0.542898,
-12.1807,-1.11312,10.3212,10.0737,-11.2122,43.202,-7.98258,10.8045,8.36456,-1.82673,-9.13574,6.9654,0,0,0,0,0,0,0,0,0,0,0,0,0.0301057,0.523893,-1.46912,-0.123805,0.406524,-1.48821,-0.115825,0.514084,-1.46575,-0.0215976,0.907116,-1.6542,-0.144591,0.516851,-1.28263,0.0472676,0.18339,-0.724794,-0.250293,0.629214,-1.30043,-0.0587011,0.665918,-1.51842,1.87078,0.527877,-0.169977,-0.483431,-0.771026,-3.23781,0.426793,-3.25262,1.9407,-0.155607,-3.00374,1.33885,
-13.8915,-0.43485,31.6008,2.87866,-3.88289,23.6678,-4.82325,8.19274,19.1733,6.50465,5.30676,14.5359,0,0,0,0,0,0,0,0,0,0,0,0,0.0496487,0.521754,-1.49362,-0.113902,0.38421,-1.52198,-0.100108,0.477197,-1.45664,-0.0452223,0.818544,-1.6143,-0.182413,0.502992,-0.933532,-0.0459427,0.286321,-1.09415,-0.181923,0.609579,-1.10857,0.0218946,0.788943,-1.32351,0.820426,-0.434246,-2.12223,0.6248,-1.0916,-0.365528,0.235221,-0.663086,-0.0790949,-2.04598,-5.04351,3.88739,
-7.1044,3.29039,23.6137,5.78538,1.30157,15.3637,-2.44667,13.4907,19.497,4.03653,0.887894,35.656,0,0,0,0,0,0,0,0,0,0,0,0,0.0564786,0.50569,-1.51253,-0.109528,0.360103,-1.5104,-0.0902613,0.460453,-1.46572,-0.067274,0.740762,-1.54184,-0.0830853,0.540004,-1.08223,-0.0162555,0.357277,-1.22374,-0.135093,0.684232,-1.11178,0.00740907,0.758765,-0.902513,-0.41572,-1.02044,0.142129,-0.476654,-1.05964,1.07326,-0.0138725,-0.860242,-0.081239,0.0516641,0.0743972,-1.31532,
-7.4866,1.26991,21.7348,2.76232,8.61317,2.73245,1.42686,14.5843,19.3803,5.49602,3.67787,40.0353,0,0,0,0,0,0,0,0,0,0,0,0,0.0417609,0.477978,-1.49179,-0.12414,0.333583,-1.47436,-0.0965299,0.441934,-1.46347,-0.0725292,0.741011,-1.55854,-0.0982723,0.467373,-1.08891,-0.0764748,0.452507,-1.41037,-0.0687784,0.684153,-1.10967,0.0231408,0.799894,-0.834352,-0.15653,-1.34777,1.12994,-0.102365,-1.50713,2.09988,0.0723419,-0.918004,0.209507,-0.170311,-0.319504,-0.546207,
-13.524,-2.09355,25.0369,-3.17293,13.649,-5.80559,3.98902,20.3613,11.2889,4.51745,7.81819,37.0427,0,0,0,0,0,0,0,0,0,0,0,0,0.0467996,0.452639,-1.47036,-0.114443,0.307446,-1.43729,-0.0897802,0.423286,-1.45695,-0.0652223,0.718296,-1.55188,-0.1876,0.378182,-1.00682,-0.14972,0.529715,-1.53411,-0.0047473,0.764679,-1.24806,0.0298443,0.827141,-0.873005,0.45965,-1.45573,1.22066,0.896506,-1.03578,1.28093,0.500212,-1.15256,0.533287,0.517242,-1.33217,0.787349,
-18.9334,-4.20454,24.6001,-4.17805,5.9483,4.90093,4.23079,25.4067,-14.5566,9.55322,6.22176,41.7076,0,0,0,0,0,0,0,0,0,0,0,0,0.0508881,0.420275,-1.4384,-0.0973136,0.334012,-1.47169,-0.0805403,0.410866,-1.44924,-0.0590621,0.692173,-1.53644,-0.298061,0.307804,-0.979171,-0.168527,0.526745,-1.41428,0.0044505,0.883772,-1.7134,0.114447,0.784896,-0.775588,-0.188234,-1.44098,1.75286,0.190052,3.3833,-4.64933,0.322693,0.438616,0.07489,-0.00743199,-0.815991,0.37143,
-18.2462,-1.63311,21.735,-3.6982,9.877,6.07254,6.07229,15.442,24.0509,14.8552,5.23562,43.4913,0,0,0,0,0,0,0,0,0,0,0,0,0.0427047,0.389471,-1.39406,-0.10352,0.418034,-1.57964,-0.0744577,0.485777,-1.54405,-0.0645748,0.681582,-1.53264,-0.296313,0.326641,-0.984116,-0.181762,0.672695,-1.4891,0.0429441,0.956099,-1.17957,0.197862,0.76196,-0.740509,-0.290749,-1.32546,2.16553,-0.440096,3.00318,-2.91435,0.279864,7.58231,-10.6789,-0.306298,-0.592597,0.202904,
-16.8887,1.97602,20.0643,-3.68493,11.8366,-1.5382,1.35366,7.55534,28.7381,13.6612,13.8669,39.3826,0,0,0,0,0,0,0,0,0,0,0,0,0.0404297,0.367388,-1.35871,-0.110609,0.451855,-1.59082,-0.0643358,0.621965,-1.72757,-0.0671947,0.666969,-1.52591,-0.266439,0.366005,-0.978856,-0.185521,0.717595,-1.61789,-0.00601036,0.930102,-1.25255,0.183898,0.899181,-0.806705,0.00797056,-1.49241,2.20699,-0.31653,2.02113,0.131162,1.34854,6.83066,-6.96597,0.108296,-0.796488,0.462496,
-7.58018,6.94385,9.79681,2.44851,0.280269,13.8074,-4.22048,6.1881,-9.80373,10.4407,32.8377,15.542,0,0,0,0,0,0,0,0,0,0,0,0,0.0384561,0.329516,-1.30795,-0.122063,0.516549,-1.602,-0.0236001,0.676437,-1.6276,-0.0607097,0.648945,-1.51549,-0.107349,0.410144,-1.11299,-0.0989647,0.626806,-1.36562,-0.0652571,0.798283,-1.72559,0.1358,1.23004,-1.23103,-0.319338,-1.82493,2.46864,-0.856801,4.20645,-2.14966,1.40316,0.373436,11.7717,0.267132,-0.637935,0.275206,
-1.79834,19.8617,6.8018,2.93338,-12.9346,-15.2388,-1.83698,-5.43788,41.2772,6.50509,29.6036,42.8978,0,0,0,0,0,0,0,0,0,0,0,0,0.012889,0.286687,-1.24817,-0.149962,0.598379,-1.60013,-0.0305369,0.706145,-1.57044,-0.0466325,0.671155,-1.53593,-0.0370688,0.612389,-1.10823,-0.0887369,0.39986,-1.84349,-0.0808886,0.702306,-0.865138,0.090171,1.28587,-0.780522,-0.69043,-1.41681,2.38715,0.315651,1.46624,4.94418,-0.678084,3.80125,-6.62764,0.74117,3.05886,-3.60123,
4.32898,13.9207,2.51752,2.39274,-15.834,-1.64495,-2.08178,2.85054,6.85939,-2.41125,32.5307,2.64973,0,0,0,0,0,0,0,0,0,0,0,0,0.00529817,0.27399,-1.2183,-0.129256,0.613366,-1.51242,-0.0329491,0.737954,-1.60336,-0.024505,0.721194,-1.56748,0.0721955,0.524941,-1.16561,-0.0435842,0.354759,-1.52162,-0.0595855,0.723985,-1.42553,-0.0540676,1.3445,-1.51764,-0.472458,-0.0861269,1.01384,1.6867,1.17135,3.03749,0.448563,-2.63187,7.78936,0.571131,1.27354,0.24415,
5.68406,7.31825,-4.77295,9.71812,-19.461,8.17918,-6.30962,-11.2558,48.1156,-5.1682,8.50186,5.66123,0,0,0,0,0,0,0,0,0,0,0,0,-0.0142163,0.305126,-1.23218,-0.107906,0.622437,-1.50161,-0.0318382,0.717869,-1.57823,-0.0145072,0.766999,-1.61117,0.0753263,0.510554,-1.32804,0.0929979,0.236725,-1.34241,-0.147863,0.521679,-0.714844,-0.0802835,1.0754,-1.54246,-0.552156,2.89474,-1.33101,0.968415,-1.27501,1.53763,-0.0521855,0.338475,-1.67817,1.12763,6.15293,-5.0191,
1.36356,12.209,-0.480458,12.1372,3.08485,-13.1869,-7.87923,-9.89963,58.4963,0.653201,-16.3743,-2.64154,0,0,0,0,0,0,0,0,0,0,0,0,-0.0140832,0.368628,-1.30015,-0.0835652,0.530909,-1.39955,-0.0461875,0.715071,-1.60239,-0.0076395,0.922675,-1.71459,0.0210274,0.663278,-1.33862,0.173649,0.410713,-1.58548,-0.221428,0.49578,-0.536744,-0.0233175,0.742616,-1.77386,0.412745,2.90674,-4.36197,1.46154,-7.05134,7.89472,-1.27925,-1.57191,0.304897,-1.10217,4.70627,-1.64935,
-1.91157,4.6872,12.9656,15.4341,-8.71849,40.6236,-2.00747,14.6348,21.4776,0.782783,-17.483,-8.75707,0,0,0,0,0,0,0,0,0,0,0,0,-0.00354819,0.422184,-1.38963,-0.088384,0.458555,-1.35923,-0.0750745,0.658877,-1.56963,-0.0363647,0.953906,-1.69062,-0.0243508,0.590958,-1.19129,0.158523,0.301139,-0.65508,-0.152559,0.815493,-1.1581,-0.05276,0.620772,-1.83287,0.558128,3.34208,-5.48591,-1.34853,0.0440813,-5.05428,-1.63941,-4.37883,3.08536,-1.22511,-0.610495,2.48786,
-9.28717,2.14343,5.68473,7.90478,1.62563,28.5652,-3.38686,20.2204,9.33327,0.425927,-2.93739,15.8305,0,0,0,0,0,0,0,0,0,0,0,0,0.0154079,0.476946,-1.44915,-0.0958079,0.433437,-1.43738,-0.0954101,0.548122,-1.49081,-0.0409873,0.892425,-1.64261,-0.125969,0.548205,-1.33694,0.0311736,0.411147,-0.930671,-0.15383,0.801212,-1.30116,-0.017798,0.748456,-1.34784,1.09923,1.29151,1.29815,-0.669672,-2.07388,-1.85596,0.126392,-4.58214,2.9262,0.617806,-3.62246,1.0187,
-9.84674,0.397041,30.8525,1.17809,8.69516,3.29641,2.25132,14.4747,19.2335,4.86109,8.58719,12.4881,0,0,0,0,0,0,0,0,0,0,0,0,0.0235441,0.48407,-1.41145,-0.095435,0.3846,-1.44454,-0.0915276,0.489753,-1.46409,-0.0382079,0.795557,-1.58738,-0.157405,0.477267,-0.866647,-0.0750908,0.491727,-1.37954,-0.0666878,0.747182,-1.11859,0.0244329,0.816425,-1.31372,-0.0766825,-0.560852,-2.36879,-0.0430283,-2.03867,0.743072,-0.643733,-0.229944,-0.617105,-1.02971,-5.4105,6.83432,
-6.83864,3.14751,30.0688,-2.74464,11.5324,-1.32895,2.76469,20.8921,18.3914,7.79062,5.33751,41.1192,0,0,0,0,0,0,0,0,0,0,0,0,0.0222827,0.469356,-1.42858,-0.0888108,0.354946,-1.42757,-0.0947082,0.494247,-1.47781,-0.0323626,0.762763,-1.57207,-0.105263,0.494471,-0.88489,-0.143405,0.53014,-1.44733,-0.0484253,0.856339,-1.14961,0.111135,0.82929,-0.827165,-0.128293,-1.28451,-0.441807,-0.187672,-1.37943,0.646217,-0.159367,-0.710553,-0.906676,0.0739859,-1.22072,-0.398862,
-13.5692,-0.254145,28.6224,-6.47521,9.25702,-2.24435,5.00294,28.8513,-5.91382,11.3624,6.77668,51.8788,0,0,0,0,0,0,0,0,0,0,0,0,0.0103884,0.435551,-1.41694,-0.0922197,0.360095,-1.44167,-0.103496,0.465838,-1.47469,-0.0401034,0.742546,-1.58534,-0.245093,0.390311,-0.889761,-0.204692,0.567408,-1.49732,-0.0186097,0.960464,-1.58105,0.161104,0.841629,-0.644759,-0.350701,-1.6248,0.993256,0.210339,1.56012,-2.17707,-0.243064,-1.19767,0.170315,-0.215256,-0.965175,-0.391045,
-20.9871,-0.689514,27.0066,-6.28499,11.1831,7.42538,5.67063,18.8289,17.7308,10.1483,9.75492,49.9656,0,0,0,0,0,0,0,0,0,0,0,0,0.0128208,0.398688,-1.38628,-0.0877728,0.423993,-1.53005,-0.101858,0.507312,-1.55432,-0.0375634,0.719063,-1.58864,-0.356112,0.35109,-0.885317,-0.206987,0.710182,-1.42691,0.00940635,1.0008,-1.28822,0.157011,0.873433,-0.680072,0.506067,-1.40244,1.45684,-0.197647,3.3144,-4.67291,0.32646,6.04572,-8.25393,0.402398,-0.919684,0.0142571,
-19.9713,-0.574378,23.2919,-2.39385,10.4625,8.87428,4.15688,10.259,15.9055,9.5132,17.5492,48.3119,0,0,0,0,0,0,0,0,0,0,0,0,0.0213473,0.375043,-1.35985,-0.100611,0.474781,-1.59335,-0.0941653,0.618239,-1.68055,-0.0302363,0.703886,-1.58706,-0.332959,0.323883,-0.923519,-0.177738,0.740837,-1.45162,-0.00179062,0.958433,-1.42334,0.152416,0.999577,-0.708146,0.352377,-1.62869,1.88375,-1.34407,3.03317,-2.87806,0.671799,6.14669,-4.69115,0.387407,-0.935391,0.0758927,
-11.0406,7.16409,8.60066,3.31936,1.82224,2.86684,-1.50703,-1.15941,-5.34172,5.72959,33.6596,33.0759,0,0,0,0,0,0,0,0,0,0,0,0,0.0231838,0.333443,-1.30964,-0.13595,0.532395,-1.6032,-0.0685567,0.710721,-1.64416,-0.023203,0.683774,-1.58616,-0.179075,0.412728,-1.13562,-0.109814,0.62711,-1.54192,-0.0593099,0.773292,-1.705,0.088934,1.2749,-0.984931,-0.0608091,-2.03885,2.5892,-1.36863,2.46334,1.34201,1.4659,3.34603,5.32137,0.318503,-0.834492,-0.0220347,
-8.20217,19.3665,7.56327,0.712745,-3.42086,-13.0483,-1.88903,6.20428,27.0239,8.12459,39.3516,42.2687,0,0,0,0,0,0,0,0,0,0,0,0,0.00701401,0.286889,-1.25187,-0.165014,0.587104,-1.55193,-0.058914,0.771541,-1.66607,-0.0306608,0.660391,-1.58141,-0.157437,0.593305,-1.09862,-0.152853,0.592288,-1.7725,-0.080127,0.95962,-1.20673,0.111394,1.35615,-0.812662,-0.612818,-1.82806,2.30783,-0.0319434,2.69526,2.44547,0.525319,3.01096,-4.69306,-0.226622,-0.788881,0.0326072,
-2.58662,17.1336,14.9437,-0.836967,-12.1611,8.99077,-2.5359,5.36511,12.3624,3.17089,50.8565,31.5678,0,0,0,0,0,0,0,0,0,0,0,0,-0.0054649,0.270056,-1.22428,-0.1463,0.645097,-1.53483,-0.0421228,0.805187,-1.69332,-0.0277946,0.654585,-1.58803,-0.0687574,0.580022,-0.951207,-0.130825,0.524199,-1.3834,-0.067857,0.89596,-1.43644,0.038485,1.58162,-1.01902,-0.650524,-0.0620944,0.200366,1.22771,4.00849,-1.76655,0.814923,-0.270995,4.70961,0.345079,0.0946694,-0.72573,
8.94838,17.6532,-0.365264,6.72556,-16.5365,-10.608,-2.26609,-11.1385,50.8973,0.394811,44.6888,24.1972,0,0,0,0,0,0,0,0,0,0,0,0,-0.0424839,0.290566,-1.21477,-0.143178,0.69219,-1.54226,-0.0425158,0.804715,-1.66992,-0.0297585,0.696692,-1.62495,0.0769917,0.64107,-1.20995,-0.0249275,0.369352,-1.70599,-0.0867164,0.626186,-0.760332,-0.0233496,1.61639,-1.20369,-1.72889,1.18143,1.68072,-0.161285,-0.886953,4.27416,-0.119959,0.959548,-2.31987,-0.0307799,4.28692,-2.74104,
9.34032,7.86085,-6.62364,13.7433,-13.3689,5.29794,-5.15701,-14.5105,70.4202,-3.97688,2.07018,0.0943632,0,0,0,0,0,0,0,0,0,0,0,0,-0.0559146,0.330617,-1.21698,-0.13354,0.641246,-1.4417,-0.0465375,0.821695,-1.7146,-0.0280121,0.834798,-1.70618,0.113992,0.564571,-1.35017,0.136827,0.337302,-1.33274,-0.151196,0.557029,-0.442804,-0.0759939,1.05881,-1.71937,0.00331495,3.64119,-1.87264,0.819583,-2.43491,1.8519,-0.43577,-0.0334995,-1.25708,0.973007,7.45489,-2.18687,
1.10624,5.96772,-2.53563,13.5229,-2.30231,13.5729,-7.19117,0.954699,60.2063,-0.842871,-19.0304,-0.566997,0,0,0,0,0,0,0,0,0,0,0,0,-0.0398804,0.400939,-1.26854,-0.109971,0.592475,-1.43616,-0.0547242,0.799425,-1.71455,-0.035596,0.938933,-1.76105,0.0278062,0.622289,-1.34461,0.194304,0.436041,-1.1776,-0.203074,0.747182,-0.611215,-0.0629599,0.71899,-1.7889,1.90292,4.51384,-4.39513,2.33613,-4.58298,1.72765,-0.704054,-2.78403,1.27247,-0.481559,5.04257,-2.57212,
-4.32824,-0.0326877,7.19019,18.7749,-1.46569,36.6383,-4.82352,25.5926,22.2436,2.35243,-9.56758,-9.26802,0,0,0,0,0,0,0,0,0,0,0,0,0.0117672,0.491078,-1.38861,-0.0566602,0.462052,-1.35763,-0.0821588,0.688146,-1.63804,-0.0599165,0.963027,-1.75506,-0.0191732,0.585639,-1.29672,0.216717,0.39271,-0.713238,-0.208443,0.994868,-1.20057,-0.0588931,0.730061,-1.90448,1.91019,3.80621,-5.69726,-2.71934,-1.70774,-3.19136,-1.54334,-6.34392,4.84675,-1.66992,-2.36039,2.79917,
-10.3983,-0.716157,0.679862,15.0663,-0.957177,25.8873,-6.61605,18.7838,15.1821,-1.92859,2.00935,11.508,0,0,0,0,0,0,0,0,0,0,0,0,0.0539996,0.556551,-1.4674,-0.110716,0.413496,-1.42228,-0.104904,0.549543,-1.52918,-0.061858,0.886608,-1.71325,-0.0963404,0.586653,-1.45596,0.138573,0.336893,-0.958685,-0.232211,0.802332,-1.2324,-0.0607144,0.87148,-1.51252,1.54878,1.72493,-0.135163,-0.985725,-2.368,-1.03869,-0.280619,-3.54938,3.04176,1.44835,-2.06648,-1.24784,
-5.84484,-2.87009,6.96925,9.12673,5.86156,10.3083,-3.26471,9.00993,18.4955,2.69032,7.5346,25.5015,0,0,0,0,0,0,0,0,0,0,0,0,0.0552962,0.578974,-1.44386,-0.118576,0.374942,-1.42471,-0.106488,0.514319,-1.50784,-0.0444807,0.853748,-1.73005,-0.0884149,0.56719,-1.30575,0.0399169,0.421326,-1.23481,-0.179788,0.642309,-1.16234,0.0127021,0.918718,-1.25569,-1.49766,1.61598,1.67129,-0.297912,-2.4076,0.363032,-0.557692,-1.43311,1.35189,0.330715,-2.8809,1.56797,
-7.38698,5.49496,23.5265,3.49393,11.2023,1.88035,-4.45353,19.9612,23.1135,0.919688,11.5953,28.8499,0,0,0,0,0,0,0,0,0,0,0,0,0.0306082,0.583408,-1.46362,-0.123256,0.324826,-1.4054,-0.108389,0.474951,-1.49439,-0.0448685,0.772686,-1.61007,-0.100346,0.646607,-1.04453,-0.0418106,0.473359,-1.36307,-0.168828,0.768401,-1.06671,-0.00443127,0.927259,-1.08061,0.134192,-1.46837,-1.27098,0.716786,-2.20582,1.19361,0.821379,-2.77929,1.09017,0.948623,-2.25,0.721341,
-6.23488,3.50359,27.7695,-0.248749,10.2033,6.40104,2.22708,26.5381,13.213,5.14478,12.2229,44.5115,0,0,0,0,0,0,0,0,0,0,0,0,0.030134,0.547647,-1.48485,-0.119012,0.293324,-1.40012,-0.0983447,0.419882,-1.4723,-0.0323057,0.731183,-1.60434,-0.0967405,0.568846,-0.982116,-0.116543,0.474937,-1.2909,-0.059138,0.846759,-1.22547,0.062489,0.915436,-0.794897,-0.540519,-1.70009,-0.318242,0.279656,-0.156048,-1.05014,-0.0514241,-2.22539,0.967812,0.0501272,-1.51931,0.0213194,
-12.6396,-1.69246,32.4311,-8.80607,8.19103,-7.86244,6.03866,26.5588,-7.29035,9.97249,14.7729,56.7792,0,0,0,0,0,0,0,0,0,0,0,0,0.0174976,0.517632,-1.48187,-0.0996562,0.309535,-1.42151,-0.10466,0.394736,-1.46286,-0.0355772,0.709855,-1.6086,-0.222929,0.447826,-0.889316,-0.214777,0.48932,-1.56828,-0.00332838,0.878147,-1.59484,0.145493,0.953301,-0.578273,-0.424627,-1.56138,0.424439,1.79959,1.23425,-0.559142,-0.338494,0.0209368,0.084828,-0.00990281,-1.00609,-0.296086,
-19.1899,-1.24544,33.0491,-6.03369,16.2418,11.1341,5.79337,21.1473,23.1897,9.27528,14.3468,56.1913,0,0,0,0,0,0,0,0,0,0,0,0,0.0146697,0.485931,-1.46325,-0.0946686,0.350077,-1.49633,-0.104719,0.468197,-1.57162,-0.0311284,0.691519,-1.61203,-0.330733,0.430296,-0.854672,-0.210021,0.730734,-1.3368,0.0157715,1.02637,-1.21427,0.148737,0.9364,-0.59106,0.140194,-1.31961,1.12747,-0.225981,3.41407,-6.29427,0.606255,6.94686,-9.42659,0.448945,-0.638814,-0.101606,
-17.7337,0.509141,23.3157,-2.01697,13.1489,13.9589,1.59168,11.168,8.10636,7.70433,25.8399,54.9718,0,0,0,0,0,0,0,0,0,0,0,0,0.0178118,0.45378,-1.42869,-0.112298,0.430444,-1.62449,-0.0826614,0.623549,-1.72508,-0.0198325,0.678236,-1.61266,-0.3067,0.419846,-0.990539,-0.178492,0.748143,-1.39037,-0.0242943,0.950193,-1.57708,0.130309,1.13344,-0.613542,-0.0832702,-1.72761,2.08703,-1.18085,3.14513,-2.88641,1.1771,4.9436,0.089121,0.402519,-0.584331,-0.0541432,
-9.28522,5.07524,7.90086,3.36909,4.34175,-0.29627,-0.354727,-3.69313,-8.70895,3.51906,40.2609,38.4817,0,0,0,0,0,0,0,0,0,0,0,0,0.0138052,0.422859,-1.38816,-0.131675,0.469094,-1.61612,-0.0641001,0.682352,-1.64077,-0.0149586,0.669168,-1.61383,-0.163118,0.465476,-1.22537,-0.0957427,0.602977,-1.60385,-0.0471446,0.718396,-1.75746,0.055408,1.38953,-0.915143,-0.32405,-1.98641,2.80695,-1.01294,2.19767,2.59093,0.936201,4.12768,6.10946,0.255347,-0.466266,-0.144526,
-7.3856,17.2814,10.0408,-1.35303,-4.02286,-11.5636,-0.911077,3.39272,32.8762,4.80904,43.0638,47.9463,0,0,0,0,0,0,0,0,0,0,0,0,-0.00605872,0.377997,-1.3253,-0.149043,0.530795,-1.54798,-0.0713624,0.777419,-1.71314,-0.022062,0.656416,-1.61045,-0.154787,0.648727,-1.12581,-0.15329,0.552945,-1.74601,-0.0663609,0.941441,-1.15564,0.0649732,1.43771,-0.741779,-0.57778,-1.73911,2.48195,0.814171,3.81171,1.79073,0.862664,4.09344,-5.9029,-0.0160808,-0.0672773,-0.450961,
-0.339422,13.4623,11.3012,1.22856,-9.65026,15.7025,-2.8878,15.2418,-6.90531,2.71991,53.8572,27.4587,0,0,0,0,0,0,0,0,0,0,0,0,-0.0266335,0.35445,-1.28038,-0.121572,0.639485,-1.57309,-0.0341383,0.789426,-1.66626,-0.0136672,0.662203,-1.62249,-0.0718607,0.601918,-1.06525,-0.0850369,0.582541,-1.31373,-0.0572339,0.977621,-1.70425,0.0477785,1.65187,-1.12862,-1.56224,0.107952,1.41657,0.567917,4.74061,-3.8333,1.17639,-3.55716,12.8428,0.479714,0.417875,-0.789035,
6.89481,15.3623,7.05436,4.49445,-18.8056,-2.99615,-0.177026,-13.5987,54.7544,-1.15793,43.2906,32.0908,0,0,0,0,0,0,0,0,0,0,0,0,-0.0596263,0.36308,-1.27045,-0.130224,0.689539,-1.6086,-0.0393706,0.807178,-1.68676,-0.0165187,0.690803,-1.64313,0.0272741,0.667472,-1.13524,-0.0421983,0.367767,-1.64736,-0.0471209,0.657524,-0.72932,-0.017605,1.59784,-1.07291,-1.5384,1.00308,1.01882,0.252336,0.805917,2.30452,-0.181268,3.90381,-5.58675,0.798678,4.79739,-1.94375,
12.8498,10.5006,-10.8243,13.1168,-13.055,-11.29,-8.18467,-14.2013,74.5737,-0.468974,19.3603,9.50039,0,0,0,0,0,0,0,0,0,0,0,0,-0.0782386,0.389915,-1.2448,-0.109507,0.641365,-1.4635,-0.0296344,0.853145,-1.72939,-0.00867178,0.840262,-1.72757,0.13255,0.612891,-1.43752,0.134556,0.317195,-1.6276,-0.185642,0.601629,-0.3858,-0.0288604,1.34801,-1.57973,-0.913741,1.28222,0.599962,0.222995,-3.47225,6.03863,-0.287816,0.267547,-1.80359,-0.466475,6.2296,-3.65189,
5.69213,13.1754,5.3552,12.753,-4.73374,19.5289,-5.7186,3.06871,54.085,-4.38484,-18.3429,-6.95536,0,0,0,0,0,0,0,0,0,0,0,0,-0.0791068,0.427681,-1.29914,-0.0889181,0.561175,-1.40144,-0.0454941,0.815261,-1.71877,-0.00796195,0.957319,-1.76961,0.0634717,0.734438,-1.24433,0.199963,0.384644,-1.04634,-0.176762,0.7845,-0.719511,-0.0600874,0.745383,-1.90257,1.56341,2.68815,-6.24188,2.28032,-3.61852,0.00421141,-1.09175,-3.46225,2.33128,1.10395,4.86285,-0.952198,
-4.12411,7.74402,13.0016,5.01858,9.88625,12.8731,-2.78869,14.6528,33.5656,0.286733,-22.2521,-11.7356,0,0,0,0,0,0,0,0,0,0,0,0,-0.0320204,0.481124,-1.43383,-0.0322018,0.476593,-1.39206,-0.0746484,0.723868,-1.64734,-0.000919004,1.01258,-1.7596,-0.0306624,0.69027,-1.24301,0.16243,0.482533,-1.12512,-0.172812,0.834781,-1.00242,-0.0238928,0.623467,-1.96314,3.05367,2.73381,-6.68345,4.1354,-6.95241,4.82323,-1.8984,-6.22007,5.07973,-1.12748,0.618651,1.44171,
-7.13377,1.27543,-1.8332,15.5734,5.60951,39.9034,-0.25845,27.7711,0.246542,2.47511,-13.2101,14.5471,0,0,0,0,0,0,0,0,0,0,0,0,0.0205403,0.520545,-1.50027,-0.0560753,0.397116,-1.39929,-0.115197,0.574428,-1.5209,-0.0407518,0.977135,-1.74417,-0.0685115,0.568638,-1.52984,0.1492,0.450882,-0.695745,-0.155017,0.90952,-1.47711,-0.0248022,0.667148,-1.48457,1.62613,0.996134,0.551505,-3.11512,-1.92903,-3.22259,-1.40486,-6.79348,5.76501,-1.1621,-2.79216,-0.717622,
-13.1436,-12.9037,14.6598,-0.550784,11.724,18.9127,1.80838,6.86902,0.0199195,-0.108155,10.5421,15.3747,0,0,0,0,0,0,0,0,0,0,0,0,0.0464116,0.551678,-1.45371,-0.092586,0.347336,-1.44347,-0.127734,0.493098,-1.45501,-0.0412926,0.8646,-1.7038,-0.171565,0.383477,-1.17975,-0.102872,0.499315,-1.10307,-0.095928,0.651768,-1.46172,-0.0279295,0.859468,-1.37283,0.839904,2.65644,1.08754,-0.010871,-2.44737,-0.507865,-0.0429488,1.35118,-1.03661,0.613182,-7.87226,7.54351,
-0.666998,-6.57851,1.64186,-3.30507,15.7831,-5.80725,5.13812,-8.08945,8.77581,-0.363393,3.44175,36.4531,0,0,0,0,0,0,0,0,0,0,0,0,0.0349908,0.590229,-1.4116,-0.0797058,0.304806,-1.43451,-0.125007,0.57304,-1.5128,-0.0142525,0.769563,-1.6168,-0.0452414,0.466348,-1.33789,-0.130474,0.536471,-1.53475,-0.0279779,0.545656,-1.37484,0.024158,0.775798,-0.950453,-2.7242,-0.17088,6.43245,0.372964,-2.21207,0.784356,0.144336,4.78785,-3.16863,1.8007,-2.25367,0.522978,
-9.7686,-1.54935,36.1648,-0.278503,3.87004,13.8843,-0.514553,6.21539,-12.6683,-3.93289,9.34811,29.2229,0,0,0,0,0,0,0,0,0,0,0,0,0.0333111,0.569998,-1.46194,-0.0878223,0.30261,-1.46517,-0.116572,0.631861,-1.51131,0.00548004,0.730066,-1.60917,-0.139163,0.508074,-0.820866,-0.0976564,0.42735,-1.24512,-0.0701338,0.732714,-1.71407,-0.0344862,0.841219,-1.07128,0.20548,-1.35019,-2.41607,-0.190817,2.17505,-4.74987,2.23175,-0.486158,4.04393,1.26163,-2.35251,0.962252,
-7.88232,-0.77885,47.4504,-1.87769,10.1598,-8.01766,8.57308,21.7283,19.7954,7.88868,13.3918,48.1712,0,0,0,0,0,0,0,0,0,0,0,0,0.0197392,0.53012,-1.5066,-0.107467,0.348896,-1.54474,-0.114905,0.60648,-1.54961,0.0104587,0.665809,-1.57856,-0.149608,0.467445,-0.65209,-0.155925,0.54419,-1.68308,0.0240633,1.03499,-1.22986,0.144749,0.847239,-0.69679,-1.04128,-1.94058,-1.20634,-0.57275,0.422796,1.09102,-0.676222,1.33795,-5.89077,-0.365612,-2.48226,0.869695,
-9.25322,2.98355,45.095,-4.49401,21.3979,-1.08486,2.74446,21.0474,17.2429,11.4352,16.72,53.0585,0,0,0,0,0,0,0,0,0,0,0,0,0.00309316,0.498993,-1.51301,-0.11494,0.345684,-1.51472,-0.115049,0.650573,-1.65944,0.00487732,0.635533,-1.57208,-0.181538,0.506097,-0.691363,-0.21475,0.753289,-1.55053,-0.0253867,1.10594,-1.37522,0.218471,0.906409,-0.606183,-0.655634,-1.8857,0.254471,-0.724017,0.742068,-2.3586,1.59053,2.90733,-4.29485,0.227249,-1.32497,0.175625,
-13.2196,4.30763,28.5137,-4.25738,13.7412,28.591,-4.69334,8.03089,-12.6067,8.99197,27.8809,50.1122,0,0,0,0,0,0,0,0,0,0,0,0,-0.00687774,0.453045,-1.4817,-0.115658,0.438166,-1.67184,-0.0622878,0.715778,-1.61876,0.0193224,0.618535,-1.5754,-0.256644,0.48265,-0.948246,-0.192682,0.826848,-1.20545,-0.112146,0.954995,-1.81733,0.198823,1.11859,-0.666977,-0.376434,-1.94863,2.20262,0.0152921,5.5537,-7.83777,1.419,3.72805,4.49332,0.64041,-0.274725,-0.397942,
-7.24837,15.9622,8.50334,0.960818,3.50086,-21.0194,1.36282,-22.566,6.45465,6.36204,44.2808,51.0315,0,0,0,0,0,0,0,0,0,0,0,0,-0.0179913,0.408732,-1.41675,-0.121263,0.516304,-1.69619,-0.0741539,0.858121,-1.58647,0.0271299,0.617255,-1.58878,-0.166039,0.647388,-1.2388,-0.114389,0.60077,-2.02831,-0.104162,0.67266,-1.49336,0.144667,1.42404,-0.666284,-0.650361,-2.06266,3.42431,-0.42382,0.832576,7.3416,-2.19148,8.9932,-3.55635,0.074533,0.0673089,-0.784591,
-2.95115,18.323,12.3723,0.006659,-6.27657,-7.20577,-2.08263,-15.4471,2.33145,1.28793,54.7216,40.3446,0,0,0,0,0,0,0,0,0,0,0,0,-0.029432,0.380986,-1.36689,-0.123004,0.543144,-1.58155,-0.0954858,0.975171,-1.63511,0.030805,0.618373,-1.60028,-0.105267,0.686987,-1.12537,-0.11549,0.537126,-1.70241,-0.122896,0.787144,-1.58624,0.0672587,1.61385,-0.870507,-0.887097,-1.08575,2.43031,0.295733,4.32406,1.48986,0.418235,3.71315,0.9508,0.521473,0.0214349,-0.55223,
1.58615,10.8963,15.2842,0.558248,-15.8519,23.5842,-2.52855,-3.70241,12.0941,-0.524939,43.6289,49.2813,0,0,0,0,0,0,0,0,0,0,0,0,-0.0590762,0.380946,-1.33696,-0.121521,0.678193,-1.6845,-0.0719728,0.981719,-1.57508,0.0430184,0.641227,-1.6207,-0.0856533,0.602611,-1.04816,-0.127722,0.518848,-1.28958,-0.11269,0.932948,-1.37012,0.0455914,1.50445,-0.732444,-2.21665,0.942022,1.59973,-0.654048,5.15487,-4.97033,0.210265,0.741838,-2.19005,0.484692,2.79876,-1.13958,
8.18505,20.4431,-4.06844,3.76682,3.417,-31.8291,-8.71812,-7.55462,31.4745,-7.60874,58.8136,36.0243,0,0,0,0,0,0,0,0,0,0,0,0,-0.0823892,0.382047,-1.30142,-0.1353,0.673972,-1.6078,-0.0603149,0.998147,-1.62405,0.0560207,0.70179,-1.65833,0.0556126,0.722435,-1.36026,-0.0783836,0.59335,-2.09846,-0.201581,0.871056,-1.06376,-0.0668111,1.79039,-1.00905,-0.432689,-1.25217,2.21924,-0.46286,-5.70997,12.9147,0.68979,0.410646,-1.75656,0.620357,0.77056,-0.836784,
12.0621,8.49788,-1.06141,13.1934,-15.5438,9.88866,-8.65947,-18.2842,42.0906,-6.35916,53.6861,9.24193,0,0,0,0,0,0,0,0,0,0,0,0,-0.0905098,0.379653,-1.28879,-0.135662,0.602065,-1.44239,-0.0538075,1.00411,-1.64926,0.0610748,0.72871,-1.68254,0.11431,0.585536,-1.32152,0.110851,0.307622,-1.24871,-0.211852,0.681584,-0.893259,-0.0567472,1.80426,-1.54034,-0.579662,2.05507,-1.96961,0.265364,-0.473181,2.03646,-0.0239839,0.396765,-1.36155,-0.0880367,3.97772,-3.78949,
5.76268,5.56063,8.56265,18.6085,-18.5709,23.5219,1.18237,-25.878,53.7463,-5.48012,-17.3808,14.2863,0,0,0,0,0,0,0,0,0,0,0,0,-0.0847212,0.46448,-1.38683,-0.115041,0.626954,-1.50621,-0.0733247,1.00747,-1.6704,0.0582821,0.913849,-1.80748,0.0630021,0.653378,-1.26145,0.273184,0.224698,-1.06052,-0.0898678,0.525243,-0.696188,-0.0307062,0.904281,-1.60328,1.71789,3.51186,-4.44522,1.99557,-2.58414,2.64376,-1.52163,-0.468647,-0.439225,0.42601,12.2579,-8.14603,
-7.5581,-1.32914,-0.631991,20.363,-9.55227,38.5501,-4.15237,-2.84945,16.8344,-4.74417,-36.5551,-16.3044,0,0,0,0,0,0,0,0,0,0,0,0,-0.00926134,0.500883,-1.43179,-0.0782791,0.50891,-1.36525,-0.111697,0.950962,-1.64497,0.0391491,1.09439,-1.8499,-0.0233247,0.48094,-1.43981,0.236111,0.308316,-0.68029,-0.206861,0.782141,-1.31992,-0.103727,0.431024,-2.08947,4.93427,0.168924,0.508513,-2.23387,-1.07665,-2.33982,-0.786649,-4.68051,2.78244,-2.26474,0.0507593,8.34115,
-16.2346,6.90582,-6.87466,12.9294,-5.31238,24.3842,-15.5196,13.4099,5.76907,-4.2605,-11.842,0.275609,0,0,0,0,0,0,0,0,0,0,0,0,0.0988914,0.494974,-1.39347,-0.101475,0.457583,-1.39617,-0.10356,0.837649,-1.56983,0.0244421,1.03214,-1.73623,-0.111825,0.622258,-1.50869,0.125571,0.287621,-0.955552,-0.353284,0.917461,-1.43549,-0.0710895,0.700546,-1.72744,3.37834,0.0689403,1.43339,-0.321361,-2.9349,-0.40126,1.29806,-6.56013,4.31786,-0.722718,-4.65127,0.555433,
-6.13264,-0.687303,12.1322,5.99657,4.92441,11.9802,-11.6254,10.1182,21.8953,10.8888,26.1776,25.0159,0,0,0,0,0,0,0,0,0,0,0,0,0.106864,0.518921,-1.39536,-0.102999,0.402559,-1.3903,-0.0915775,0.720665,-1.49689,-0.0501479,0.895991,-1.76868,-0.0681963,0.580923,-1.18973,0.00195416,0.417541,-1.16788,-0.322158,0.826671,-1.0962,0.0356345,1.20336,-1.32311,-2.5423,2.97993,-2.1935,-0.163023,-2.98211,0.675092,-0.768397,-3.11846,0.380187,-4.4878,-6.74366,-1.35917,
9.04835,2.36082,8.46277,3.75924,19.1991,-3.85533,-4.82448,13.479,14.3054,0.336623,26.9728,19.4297,0,0,0,0,0,0,0,0,0,0,0,0,0.00826301,0.582938,-1.42105,-0.0995949,0.339263,-1.36192,-0.134352,0.681623,-1.48204,-0.0774318,0.768185,-1.73705,0.0455919,0.649156,-1.24652,-0.0295514,0.621057,-1.42128,-0.191302,0.848539,-1.21556,-0.00865935,1.15179,-1.34978,-5.08746,0.931778,3.03023,0.0677457,-2.69126,1.57523,1.23073,-3.12629,0.935513,2.50608,-4.27237,4.98759,
0.577602,3.05105,16.0008,-0.517838,0.759296,11.5572,1.61455,6.63714,7.68949,-6.26126,-3.32262,3.59338,0,0,0,0,0,0,0,0,0,0,0,0,-0.0271367,0.565061,-1.41921,-0.103763,0.330765,-1.36632,-0.129796,0.64631,-1.4743,-0.0318407,0.737712,-1.6216,-0.0382229,0.589508,-1.12741,-0.10073,0.417212,-1.17932,-0.107943,0.732716,-1.33562,-0.075342,0.677691,-1.49982,-0.863524,-1.24106,0.12792,0.497932,2.90565,-3.39296,-0.300108,-1.37076,-0.165563,2.81359,0.0155932,8.2779,
2.90598,3.20628,11.4552,-1.092,-12.6071,11.5088,1.65176,4.54741,18.3198,3.14207,-7.12258,27.9494,0,0,0,0,0,0,0,0,0,0,0,0,-0.0400385,0.543956,-1.41404,-0.0766993,0.398698,-1.43404,-0.131679,0.630475,-1.49416,-0.00880772,0.78661,-1.57373,-0.0173939,0.572646,-1.20449,-0.0711241,0.228712,-1.22998,-0.113523,0.696999,-1.16714,7.45859e-05,0.682795,-1.07531,-1.20766,-1.18425,0.187431,1.01719,2.36934,-0.762044,-0.475065,-0.646242,-0.890943,-1.92985,1.02746,-1.42956,
-0.597756,2.54889,24.4049,-3.70644,1.5465,-3.34842,0.199656,8.47832,22.0362,-1.44354,0.737396,31.2667,0,0,0,0,0,0,0,0,0,0,0,0,-0.0539102,0.516239,-1.41649,-0.0711706,0.38798,-1.39693,-0.132834,0.608721,-1.50926,-0.0299007,0.771396,-1.56983,-0.0552774,0.530153,-0.977078,-0.130083,0.37264,-1.45015,-0.107244,0.727376,-1.11135,-0.0316205,0.7561,-1.00361,0.380045,-1.2972,-0.631896,0.339113,-1.73832,1.12329,0.878415,-1.41985,-0.402683,0.981055,-1.14816,-0.332293,
-3.95486,-1.31346,34.0191,-2.6449,10.5354,-4.85135,5.30239,21.987,5.56779,2.12968,4.99305,32.5432,0,0,0,0,0,0,0,0,0,0,0,0,-0.0454463,0.482217,-1.43185,-0.0713926,0.349267,-1.386,-0.115641,0.565053,-1.50458,-0.0113712,0.727841,-1.55662,-0.120596,0.412959,-0.816414,-0.146527,0.509498,-1.48022,-0.0133846,0.904289,-1.39763,0.0338151,0.761244,-0.958948,-0.12971,-1.81506,-0.453831,-1.08181,-1.25283,-0.883012,0.233956,-2.42106,0.839187,0.258591,-2.29519,0.876954,
-10.8212,-4.46035,35.6867,-3.61813,14.3197,2.80527,4.956,23.9321,-8.88861,6.49438,5.52186,39.4731,0,0,0,0,0,0,0,0,0,0,0,0,-0.0506308,0.45177,-1.43389,-0.0926162,0.344468,-1.42612,-0.114449,0.535614,-1.49464,-0.0111785,0.692134,-1.54313,-0.252223,0.325066,-0.783577,-0.182934,0.628008,-1.40348,-0.0145428,0.965575,-1.65809,0.10986,0.745276,-0.821226,-0.193708,-1.8243,0.214377,-0.981344,0.927264,-4.15892,0.391873,-0.206746,-0.269554,0.118333,-1.89022,0.617302,
-12.0869,0.182839,29.7908,-4.08512,16.1439,12.8011,3.85976,11.1795,18.888,9.15925,9.03619,44.9454,0,0,0,0,0,0,0,0,0,0,0,0,-0.0501989,0.414935,-1.41473,-0.104023,0.398927,-1.54493,-0.0969987,0.618033,-1.57743,-0.00541604,0.664192,-1.53954,-0.269786,0.377126,-0.863351,-0.192159,0.771986,-1.34693,-0.00919597,1.00089,-1.28917,0.165228,0.805404,-0.723079,0.00696697,-1.64531,1.42726,-0.554467,3.1813,-5.09672,0.70501,7.18374,-8.08994,0.164501,-0.923306,-0.106365,
-6.45527,6.95968,16.5956,-1.32716,8.19602,2.08209,-1.94978,1.36244,6.79458,6.53007,28.7778,35.5,0,0,0,0,0,0,0,0,0,0,0,0,-0.0522946,0.369385,-1.36698,-0.119304,0.466736,-1.59429,-0.0713656,0.772752,-1.70465,-0.0031405,0.64121,-1.54143,-0.173814,0.440705,-1.04894,-0.158351,0.6778,-1.54942,-0.0641175,0.879993,-1.56531,0.118663,1.13608,-0.89545,-0.166032,-2.20878,2.39182,-0.596654,2.48182,1.0289,1.70794,3.29877,2.31784,0.122996,-1.13443,0.0764835,
-0.720987,12.4497,5.12897,3.03627,-3.90705,-1.37359,-3.2441,-8.80144,-8.64202,3.68894,45.1886,16.5369,0,0,0,0,0,0,0,0,0,0,0,0,-0.0561205,0.332683,-1.32477,-0.127384,0.51042,-1.56003,-0.0469147,0.804672,-1.60234,-0.00120396,0.624356,-1.54155,-0.0760789,0.503928,-1.21276,-0.0810397,0.524131,-1.57331,-0.0795594,0.698955,-1.71105,0.0693805,1.42674,-1.24279,-0.273981,-2.20451,2.75102,-0.35442,3.38992,1.71589,1.05356,2.17238,7.10085,0.140514,-0.768862,-0.280481,
5.50547,19.4559,4.05385,6.95239,-24.2118,4.88988,-4.08061,-18.4517,44.9208,-4.8536,34.1186,23.4123,0,0,0,0,0,0,0,0,0,0,0,0,-0.07433,0.298443,-1.27466,-0.136579,0.595722,-1.54097,-0.0441404,0.866335,-1.65095,0.00320417,0.657914,-1.58011,0.00358054,0.649013,-1.19146,0.00293697,0.246934,-1.44629,-0.10254,0.596885,-0.864781,-0.0419707,1.41773,-1.17915,-0.887556,-0.126906,1.39209,0.52434,3.65707,0.846463,0.63172,2.6414,-4.48353,1.7229,5.57913,-3.62458,
9.62062,10.8332,-6.49957,15.2336,-16.1828,-9.58322,-8.5434,-15.7497,63.4376,-4.37103,19.7333,13.9381,0,0,0,0,0,0,0,0,0,0,0,0,-0.0907517,0.32803,-1.27515,-0.118518,0.616851,-1.46433,-0.0317159,0.853111,-1.64115,0.0283811,0.815383,-1.67317,0.0715661,0.585429,-1.40137,0.170315,0.256132,-1.59167,-0.207487,0.556791,-0.500499,-0.0525979,1.33252,-1.46116,-0.504105,2.41728,-1.17985,0.47439,-2.65941,6.87903,-0.817449,-0.398483,-1.87146,-0.0602297,6.33382,-6.07347,
4.30081,5.31814,-1.93361,17.432,-10.9261,17.4487,-7.10511,1.43127,41.7875,-4.5109,-5.60109,5.51049,0,0,0,0,0,0,0,0,0,0,0,0,-0.0881878,0.388999,-1.31623,-0.105738,0.542319,-1.34395,-0.0538017,0.81864,-1.645,0.0209903,0.907016,-1.72108,0.024288,0.589855,-1.37962,0.185955,0.30047,-1.0298,-0.210135,0.763263,-0.876628,-0.0638119,0.923487,-1.64879,1.37117,4.1665,-4.14138,-1.01013,-1.72767,-0.454424,-1.08599,-3.25598,1.262,-0.111428,4.73234,-4.0916,
-8.28965,-3.1892,11.9748,17.7001,-7.26192,32.5741,-9.69283,13.5157,24.5784,-2.95813,-11.6976,-10.5986,0,0,0,0,0,0,0,0,0,0,0,0,-0.0290127,0.48308,-1.43481,-0.143354,0.507711,-1.3961,-0.0761732,0.718859,-1.59018,0.0055558,0.950833,-1.72404,-0.0891542,0.524355,-1.25326,0.147909,0.318823,-0.816075,-0.265513,0.836837,-1.12285,-0.0789986,0.720016,-1.89528,3.62318,3.97042,-5.30652,-1.22227,-2.27412,-1.7939,-0.524278,-5.11049,2.99848,-1.23081,-0.725339,3.14783,
-7.1943,3.95412,-1.89899,15.4428,-1.23614,19.4504,-8.50724,16.0205,17.8842,5.1624,-11.1561,9.03974,0,0,0,0,0,0,0,0,0,0,0,0,0.0222079,0.531036,-1.46865,-0.16305,0.449214,-1.42031,-0.0806251,0.608546,-1.5264,-0.031655,0.919534,-1.66911,-0.0980936,0.610615,-1.48353,0.100027,0.354975,-1.06883,-0.235531,0.783516,-1.18363,0.0111265,0.689726,-1.50532,0.420157,0.307437,2.88161,-0.708048,-2.87055,-0.316785,-0.00913413,-4.65252,2.58086,-2.04321,-1.07877,-0.0838088,
-7.88143,8.97967,20.775,7.47002,6.37443,9.36025,-8.41831,15.8681,23.7218,9.48754,-5.89297,19.5597,0,0,0,0,0,0,0,0,0,0,0,0,0.0178076,0.520794,-1.44262,-0.169641,0.40225,-1.4125,-0.080258,0.545453,-1.49335,-0.0640084,0.899682,-1.67882,-0.128708,0.670928,-1.08154,-0.0338742,0.443327,-1.23535,-0.230965,0.750011,-1.05088,0.0700105,0.725358,-1.30943,-0.128665,-0.525326,-2.44175,-0.00205089,-2.99287,1.02171,0.0941356,-3.35816,1.63773,-1.53927,-2.68715,2.01804,
-8.71188,9.4318,27.1384,1.05678,14.5539,4.38182,-4.18341,21.6987,22.1648,5.07517,1.72548,27.4448,0,0,0,0,0,0,0,0,0,0,0,0,0.00145689,0.50899,-1.47632,-0.155883,0.333916,-1.38352,-0.0695054,0.477824,-1.46628,-0.0552311,0.791571,-1.54351,-0.14049,0.632468,-0.990272,-0.120132,0.52303,-1.29514,-0.133202,0.797607,-1.05442,0.0502329,0.752529,-1.04006,0.658041,-1.92035,-1.08132,0.661471,-3.02008,1.27766,0.494599,-2.98958,1.30034,0.527529,-2.8166,0.652928,
-12.6468,4.83082,26.3732,-1.97249,15.6185,-4.35143,3.7157,30.4411,3.35594,12.0486,4.01129,41.9608,0,0,0,0,0,0,0,0,0,0,0,0,0.00388793,0.460738,-1.47533,-0.150045,0.289415,-1.36929,-0.0713448,0.418767,-1.43961,-0.0576838,0.737805,-1.53728,-0.231526,0.491761,-0.990822,-0.179168,0.559475,-1.45186,-0.0146313,0.911618,-1.3708,0.14949,0.75473,-0.772461,-0.218894,-2.27243,0.732559,0.269617,-0.556483,-0.50637,-0.433787,-2.42498,1.1426,-0.475644,-2.24028,0.277829,
-21.4082,-2.09349,31.1493,-6.93615,11.5503,-2.36438,3.9886,26.0303,-9.93956,13.3599,8.92715,48.0303,0,0,0,0,0,0,0,0,0,0,0,0,0.00144429,0.42233,-1.45591,-0.132057,0.314497,-1.40436,-0.0781547,0.404759,-1.44245,-0.0658091,0.703282,-1.53503,-0.380863,0.336792,-0.88138,-0.21743,0.605063,-1.47505,-0.00548385,0.931743,-1.63891,0.175269,0.824988,-0.661392,0.277311,-1.89901,1.20019,1.62955,3.22243,-4.06143,0.0060361,2.14818,-2.30829,-0.0731585,-1.62427,0.052135,
-20.5485,-0.760515,31.5564,-4.51382,11.4936,14.7647,5.76147,13.6272,25.6413,17.0506,15.246,46.3193,0,0,0,0,0,0,0,0,0,0,0,0,0.0109451,0.384302,-1.42409,-0.106304,0.419737,-1.53853,-0.0785456,0.547397,-1.58478,-0.0642643,0.674335,-1.53643,-0.358588,0.326607,-0.838253,-0.188104,0.76209,-1.31613,0.016468,1.03386,-1.19105,0.241531,0.922439,-0.695283,0.163063,-1.75473,1.77204,0.0107679,5.33509,-6.75369,-0.389615,9.54769,-10.629,-0.168661,-1.16378,-0.149342,
-13.1001,6.81963,18.4044,-1.52614,6.58257,3.77241,-1.65184,1.84947,9.48865,12.9871,34.1444,37.0646,0,0,0,0,0,0,0,0,0,0,0,0,0.0107705,0.339547,-1.37532,-0.120415,0.512213,-1.61896,-0.0733897,0.729542,-1.73754,-0.067432,0.648016,-1.5385,-0.228641,0.404728,-1.02232,-0.162034,0.702278,-1.54582,-0.0663247,0.880135,-1.55088,0.170654,1.23898,-0.865123,-0.0491124,-2.35247,2.69431,-0.554818,2.81527,0.667871,1.48394,4.67865,2.07358,0.0782721,-1.19358,-0.0763799,
-7.73228,17.8103,6.39877,2.14183,0.488697,-15.5957,-2.23124,4.88315,11.3127,15.4433,44.8401,39.2612,0,0,0,0,0,0,0,0,0,0,0,0,0.00549195,0.293955,-1.319,-0.131463,0.552654,-1.55736,-0.0444568,0.777629,-1.60502,-0.0669551,0.628965,-1.54196,-0.168095,0.55143,-1.18057,-0.137357,0.630168,-1.81889,-0.0974412,0.94332,-1.40944,0.188857,1.41252,-0.828176,-1.31998,-2.65394,3.24097,-1.79342,2.74512,3.23034,-0.496652,3.07624,-1.48284,-0.998972,-1.26881,-0.00779403,
-3.55608,15.0923,23.207,-2.90682,-10.1634,16.8824,-2.11714,5.95994,22.842,10.1423,49.0099,45.3732,0,0,0,0,0,0,0,0,0,0,0,0,-0.0239928,0.265511,-1.26805,-0.141498,0.657087,-1.57891,-0.0473777,0.841127,-1.6387,-0.0737594,0.622304,-1.55561,-0.134844,0.555768,-0.839946,-0.181092,0.632435,-1.31117,-0.0798973,1.00789,-1.24017,0.111963,1.52349,-0.739471,-1.84783,0.634054,0.90274,0.530309,6.40549,-5.75012,0.238956,2.33592,-2.46119,0.0526851,0.403888,-1.29472,
4.04514,28.1766,1.15032,4.76605,-3.33331,-7.31718,-3.72303,4.17256,45.8131,1.49618,56.6187,29.7107,0,0,0,0,0,0,0,0,0,0,0,0,-0.0470395,0.269403,-1.24402,-0.140233,0.742559,-1.65003,-0.0390789,0.863392,-1.67856,-0.062783,0.636355,-1.57759,0.0106204,0.743307,-1.19925,-0.0795446,0.661388,-1.75171,-0.0956992,0.945238,-0.858569,-0.025998,1.67633,-1.04542,-0.635522,-1.53586,3.49804,-1.0387,-0.822582,4.6007,0.442847,0.239262,-1.90267,0.383263,0.421578,-1.17613,
11.7007,16.8699,-12.0737,15.0632,-15.0474,-12.0348,-9.61972,-11.3639,72.4725,-1.98091,54.1996,-1.9856,0,0,0,0,0,0,0,0,0,0,0,0,-0.0552366,0.258271,-1.20716,-0.154581,0.700302,-1.5207,-0.0341838,0.871559,-1.71017,-0.0555142,0.662295,-1.60687,0.137,0.606992,-1.42479,0.117472,0.384427,-1.69659,-0.205495,0.682871,-0.406174,-0.0743787,1.74666,-1.66519,-0.820118,1.6798,0.276353,-0.072919,-1.69145,6.29528,0.143699,0.717155,-2.00785,0.686078,3.95685,-3.25882,
9.57943,2.92284,10.4641,19.391,-21.734,29.0651,2.21653,-8.8278,78.9426,-4.98166,-20.867,39.8285,0,0,0,0,0,0,0,0,0,0,0,0,-0.0688011,0.37704,-1.29971,-0.123885,0.700715,-1.49003,-0.0440989,0.87736,-1.73915,-0.0130791,0.872745,-1.79242,0.110926,0.609578,-1.16443,0.290871,0.302651,-0.967887,-0.0355277,0.698134,-0.304902,-0.0179035,0.865856,-1.16784,0.222214,7.17583,-8.0645,2.48767,-0.116031,-0.925562,-1.26917,-0.748818,-0.157594,3.43004,14.9005,-14.6044,
-11.9706,3.43109,17.0701,-11.7035,10.6139,-43.7589,7.66268,9.10526,45.1578,2.04888,1.38579,-24.015,0,0,0,0,0,0,0,0,0,0,0,0,-4.73835e-05,0.491695,-1.45227,-0.0185237,0.567913,-1.35405,-0.0859497,0.784339,-1.67795,0.0155506,1.01198,-1.80561,-0.0835914,0.578796,-1.14937,-0.0646427,0.447716,-2.03729,0.0177946,0.769693,-0.820726,-0.00618467,0.811637,-2.08923,5.36416,0.988709,-1.09523,6.66688,-12.5271,16.4818,-1.42308,-7.20787,5.30476,-2.3595,-9.02153,22.4418,
-13.0867,11.343,5.74646,7.4636,-4.26363,43.8748,4.83414,34.7674,-15.9923,5.94892,-16.4128,49.0203,0,0,0,0,0,0,0,0,0,0,0,0,0.0764479,0.484066,-1.40664,-0.0423825,0.558644,-1.47477,-0.0825035,0.652004,-1.56651,0.0160953,0.920639,-1.73425,-0.130308,0.658524,-1.26304,0.0110404,0.539711,-0.778103,-0.0120314,1.07175,-1.80822,0.111901,0.555321,-0.871033,1.2474,-1.27111,5.73658,-3.29116,2.34349,-14.8222,-0.696851,-8.49571,7.19489,-0.49426,-2.67616,-4.1154,
-8.99436,5.68423,42.0923,-8.20181,18.9933,-9.22416,13.7746,24.2487,28.6665,10.097,20.0946,-2.63213,0,0,0,0,0,0,0,0,0,0,0,0,0.0453391,0.471192,-1.28503,-0.0797204,0.561739,-1.70754,-0.105806,0.55906,-1.51919,-0.0026381,0.786021,-1.6769,-0.147477,0.557653,-0.543667,-0.195626,0.72011,-1.82541,0.106037,1.09714,-1.05011,0.137055,0.804006,-1.58358,-1.17129,-0.675572,-3.51263,1.32872,-7.47845,7.30965,-1.54418,3.88758,-7.64617,-1.75553,-13.8948,20.7065,
-2.11446,12.3035,32.2114,-6.72001,17.2764,0.960934,-5.6973,9.70686,12.2188,11.5564,-0.512239,44.9305,0,0,0,0,0,0,0,0,0,0,0,0,0.0329107,0.443322,-1.32858,-0.032161,0.387373,-1.46377,-0.0774173,0.706037,-1.71546,0.0100198,0.665057,-1.5354,-0.0410132,0.600148,-0.74068,-0.192832,0.697108,-1.46311,-0.090052,1.00953,-1.49636,0.25529,0.683378,-0.729135,-1.41917,-2.67499,0.328112,-1.53957,-0.175234,-2.46638,3.6381,5.08003,-0.448905,1.40619,1.10537,-1.56236,
-1.78056,12.2045,6.51451,-1.44657,9.20939,41.9917,-10.8009,4.12437,-19.5444,13.3061,10.6872,34.8151,0,0,0,0,0,0,0,0,0,0,0,0,-0.00936808,0.393074,-1.29732,-0.0843988,0.460436,-1.61792,-0.0180602,0.771721,-1.58746,0.0342165,0.690418,-1.53482,-0.091744,0.544434,-1.16563,-0.176625,0.747677,-0.916951,-0.174179,0.951056,-1.8853,0.266201,0.857254,-0.901755,-2.00009,-2.82157,1.9428,-2.63698,4.7919,-9.16969,1.61046,4.17385,8.43446,-0.397775,-1.09907,0.0087852,
-2.78157,17.3782,10.3302,-0.027434,7.50142,-31.5207,3.51793,-40.996,11.1764,-0.290102,34.6506,29.413,0,0,0,0,0,0,0,0,0,0,0,0,-0.0308709,0.342746,-1.26844,-0.113591,0.477169,-1.58622,-0.0445045,0.944095,-1.5353,0.034611,0.650304,-1.52206,-0.0821937,0.618033,-1.08009,-0.119623,0.523097,-2.06586,-0.0614715,0.473205,-1.36527,0.0412884,1.22386,-0.98013,-0.0299499,-1.62721,0.0771797,-0.221307,-3.61846,13.7081,-3.23717,10.9797,-4.8655,0.47808,-2.258,1.04834,
-5.07924,12.3503,22.9849,2.49056,3.58951,31.0722,-8.61103,-8.45866,-10.3277,-2.42396,31.6395,24.7789,0,0,0,0,0,0,0,0,0,0,0,0,-0.0292537,0.330434,-1.27702,-0.107293,0.454986,-1.48285,-0.0580512,1.09495,-1.58914,0.068815,0.617606,-1.49937,-0.126508,0.540721,-0.867274,-0.0824068,0.626683,-0.98872,-0.15267,0.893889,-1.72421,0.0605844,1.17646,-1.04617,-0.19618,-0.570558,-1.19743,-0.815884,4.2573,-10.3872,2.47779,-1.89051,7.73006,1.43365,-0.656386,0.392198,
1.91042,20.3394,10.9374,5.11335,-3.24716,48.7151,-6.81642,3.11783,-26.2287,0.533621,15.365,23.7558,0,0,0,0,0,0,0,0,0,0,0,0,-0.0527542,0.31837,-1.27961,-0.131723,0.547504,-1.70507,-0.026192,0.999467,-1.39891,0.0815415,0.618385,-1.49195,-0.0621851,0.640444,-1.074,-0.0690459,0.570953,-0.871234,-0.152591,0.937784,-1.81187,0.0975113,0.924219,-1.05337,-1.76663,-1.9093,0.9908,-1.21172,3.29953,-7.61112,-0.0985599,-4.73482,9.3766,0.250704,1.05885,0.977066,
-0.120751,19.4071,3.70232,-9.93574,17.3171,-54.1333,1.05288,-28.2819,33.1726,-6.68059,45.4303,44.7892,0,0,0,0,0,0,0,0,0,0,0,0,-0.0718513,0.290361,-1.25899,-0.0991046,0.43846,-1.42221,-0.0844613,1.01169,-1.41626,0.0967594,0.631583,-1.51806,-0.0691243,0.646563,-1.19538,-0.198729,0.531998,-2.24014,-0.152596,0.607201,-0.875268,-0.00349168,1.45682,-0.711677,0.196899,0.133816,-0.544069,3.24101,-8.85267,24.392,-3.4911,4.38901,-9.1155,0.848566,-0.0308048,-1.1688,
-14.4701,18.5031,32.537,11.733,-26.0329,57.025,-1.8989,10.9074,-32.6393,-4.2542,24.4039,40.9881,0,0,0,0,0,0,0,0,0,0,0,0,-0.0756538,0.345687,-1.28575,-0.108191,0.508794,-1.53493,-0.0958871,1.00257,-1.45186,0.13992,0.655749,-1.54766,-0.358214,0.759444,-0.712157,0.0128201,0.283063,-0.647291,-0.118105,0.948068,-1.95633,0.090056,1.12451,-0.811368,-0.778729,3.09347,-2.63915,-3.69264,9.90378,-21.8788,0.492312,-10.1127,13.0491,1.09939,1.00208,-1.3122,
1.52611,10.4689,21.2005,3.3459,8.90902,15.1387,2.72664,-5.5622,29.4279,-5.36061,19.6147,57.8291,0,0,0,0,0,0,0,0,0,0,0,0,-0.109001,0.390426,-1.29318,-0.166749,0.618001,-1.81801,-0.0923012,1.00633,-1.49993,0.148008,0.66085,-1.55921,-0.112461,0.585073,-0.902747,-0.142209,0.723674,-1.53979,-0.0520758,1.0214,-1.04083,0.0648493,1.02261,-0.511811,-1.24829,0.172191,0.729308,-1.4518,-2.25238,0.434504,-0.373998,4.64821,-11.1396,0.572266,0.205272,-0.592967,
9.89417,19.3971,-1.17521,-7.10311,27.6969,-37.1508,-7.07476,4.51685,16.8986,-15.4671,45.1857,34.2296,0,0,0,0,0,0,0,0,0,0,0,0,-0.116837,0.361813,-1.26343,-0.135487,0.398774,-1.42459,-0.0806567,1.05501,-1.68055,0.161702,0.653883,-1.56192,0.0490495,0.667716,-1.27278,-0.209781,0.716956,-1.99455,-0.150098,1.01689,-1.34284,-0.107814,1.45155,-0.936336,-0.56028,-1.87083,1.76223,2.19411,-7.4159,15.4752,2.36764,-4.81001,4.46806,0.468174,-0.955498,0.472999,
1.11812,6.14719,23.5545,-1.26345,-8.25635,28.4155,-1.99819,10.0999,4.16941,-0.0972055,38.3552,50.8418,0,0,0,0,0,0,0,0,0,0,0,0,-0.13756,0.356217,-1.26419,-0.116056,0.420871,-1.37312,-0.058159,0.939819,-1.51567,0.152537,0.653557,-1.56635,-0.136269,0.53513,-0.857691,-0.161573,0.492725,-0.935875,-0.112597,1.13562,-1.45137,0.114469,1.38937,-0.6551,-0.761552,2.68585,-3.19177,-0.901806,8.87881,-11.6451,-0.724295,0.486616,-1.68823,-1.45203,1.53787,-1.92778,
-4.22932,-0.530295,9.84375,-3.72016,-3.86233,32.8085,-2.1509,-1.4862,3.4664,1.05626,39.3673,56.408,0,0,0,0,0,0,0,0,0,0,0,0,-0.129577,0.412663,-1.30209,-0.134094,0.595718,-1.63589,-0.0702552,0.953658,-1.54526,0.132884,0.680875,-1.59585,-0.176351,0.43937,-1.10525,-0.21274,0.641717,-1.0788,-0.118986,0.954164,-1.49312,0.148459,1.41528,-0.578993,1.20489,1.45394,2.61866,-0.440256,4.64892,-5.78296,-0.384951,1.1011,-1.59692,-0.14519,0.745575,-1.28286,
9.49323,10.9229,-8.19207,2.958,6.73056,-50.0994,-4.6253,-6.12524,27.5407,-8.55025,56.1046,49.7314,0,0,0,0,0,0,0,0,0,0,0,0,-0.131155,0.407521,-1.21226,-0.151875,0.539004,-1.43114,-0.0755799,0.970967,-1.57938,0.128681,0.693001,-1.62084,0.00199747,0.588302,-1.35473,-0.126902,0.527447,-2.22746,-0.173029,0.872888,-1.08938,-0.0419251,1.73071,-0.725221,-1.57806,-0.712668,0.950757,-1.15236,-5.35725,16.8048,-0.53413,0.531543,-1.57589,-0.605904,0.70519,-1.2599,
2.7544,5.81567,22.3599,-0.159932,-12.053,5.54878,-2.15369,4.46278,15.1688,-3.83531,55.577,47.6408,0,0,0,0,0,0,0,0,0,0,0,0,-0.148149,0.417342,-1.23568,-0.159214,0.520806,-1.23366,-0.0811409,0.979006,-1.6093,0.120568,0.70804,-1.64468,-0.0933638,0.584622,-0.859889,-0.159331,0.458266,-1.17939,-0.126495,1.06373,-1.33981,0.0401468,1.74092,-0.785922,0.188204,2.46165,-4.50977,0.111625,6.26424,-6.8376,-0.247847,0.143274,-0.92456,-0.427526,0.895524,-1.09055,
-8.30815,1.92998,27.8997,-1.60861,-15.2162,51.8645,-3.6261,5.95911,-0.601098,1.75273,42.2856,62.2715,0,0,0,0,0,0,0,0,0,0,0,0,-0.133535,0.46088,-1.30954,-0.156347,0.662094,-1.48469,-0.085492,0.976461,-1.61847,0.112628,0.722085,-1.66078,-0.254838,0.531313,-0.809914,-0.18541,0.555894,-0.638699,-0.155793,1.07938,-1.63357,0.134344,1.51167,-0.535238,1.1902,1.41373,-1.12126,0.00737317,6.81831,-14.2263,-0.174886,-0.217218,-0.611407,-0.40608,0.830438,-0.978209,
7.36025,10.8239,-7.78486,2.94776,11.9477,-59.2551,0.558169,-12.4766,31.8616,-7.10831,59.9089,63.6843,0,0,0,0,0,0,0,0,0,0,0,0,-0.131607,0.43806,-1.19069,-0.17315,0.591242,-1.39312,-0.105406,0.989683,-1.65168,0.106407,0.739863,-1.68367,-0.0461599,0.624053,-1.32401,-0.142561,0.536747,-2.32641,-0.165004,0.813496,-1.08796,-0.0441423,1.86294,-0.535729,-1.93502,-0.432209,1.20547,-0.920273,-10.869,21.1308,-2.78985,2.02639,-2.28608,-0.852308,1.35291,-1.45986,
-1.97094,3.33766,24.4063,0.909089,1.35504,-1.00339,1.63792,5.65335,3.77685,-0.723091,49.6674,60.2586,0,0,0,0,0,0,0,0,0,0,0,0,-0.156497,0.459457,-1.21288,-0.17086,0.472437,-1.14719,-0.133155,1.01224,-1.67791,0.093298,0.769054,-1.70995,-0.201974,0.593298,-0.799242,-0.167254,0.602516,-1.22898,-0.111557,1.11762,-1.61189,0.0659867,1.70364,-0.619935,-0.385662,2.92621,-4.41639,-0.516912,4.21766,-9.32064,-0.327306,0.103416,-0.388911,-0.566567,1.26152,-0.820603,
-9.87467,9.56724,29.6499,2.70864,-18.1237,57.1371,1.15193,5.53567,-5.94041,3.47498,31.8502,63.8856,0,0,0,0,0,0,0,0,0,0,0,0,-0.152035,0.50636,-1.27904,-0.170156,0.612788,-1.48354,-0.132356,1.00698,-1.67579,0.0884572,0.785396,-1.71606,-0.319167,0.715231,-0.740905,-0.101703,0.495396,-0.592166,-0.0965147,1.10369,-1.78452,0.155946,1.38639,-0.555651,0.496281,1.39684,-0.139692,0.768162,8.48524,-21.6308,0.595882,-0.157434,-0.106362,0.172286,0.875868,-0.168048,
6.24646,4.53718,-0.967321,-3.21053,10.6386,-32.4394,-0.944827,-15.9271,31.5546,-11.5225,38.4381,58.5229,0,0,0,0,0,0,0,0,0,0,0,0,-0.157161,0.497912,-1.17809,-0.144159,0.625513,-1.63246,-0.112265,1.02896,-1.70482,0.102708,0.808564,-1.72038,-0.0687265,0.594621,-1.19833,-0.168876,0.571049,-2.11553,-0.122896,0.804305,-1.15494,-0.098424,1.54201,-0.659132,-1.00551,0.568602,-0.389965,1.34623,-9.91576,15.6558,0.261934,2.59706,-3.49733,0.334722,1.38263,-0.411207,
9.60351,3.00718,8.85614,-2.86328,12.583,-10.5707,2.02422,-0.759394,11.6947,-5.0996,33.0004,46.8173,0,0,0,0,0,0,0,0,0,0,0,0,-0.175079,0.505237,-1.18541,-0.120008,0.431562,-1.32351,-0.0994801,1.01567,-1.67994,0.105794,0.824712,-1.71755,-0.0248642,0.575631,-1.03438,-0.185214,0.626985,-1.5242,-0.0695894,0.990748,-1.46924,-0.00172291,1.43014,-0.862032,-0.975769,0.628695,-1.46464,-0.525826,-1.33434,-1.24642,-0.276527,-0.444427,-0.28351,-0.591895,0.216676,0.629982,
-7.99158,2.62431,13.3249,-0.85211,2.3086,33.7594,1.18262,6.5183,-7.63772,-1.13642,15.0287,42.1831,0,0,0,0,0,0,0,0,0,0,0,0,-0.153233,0.507627,-1.19495,-0.134452,0.511443,-1.57438,-0.10017,0.993548,-1.66527,0.0988687,0.8225,-1.70083,-0.22571,0.536875,-0.941496,-0.155083,0.673249,-1.05147,-0.0685704,1.06946,-1.79549,0.0780974,1.08643,-0.924965,2.91298,-0.738662,1.64066,-0.205515,4.79326,-13.3318,0.403891,-1.70406,1.26748,-0.00436114,-0.372942,1.30547,
11.1534,-1.41353,16.8819,-3.89794,0.693654,16.7269,4.39418,-0.966003,13.2785,-0.108992,8.80942,42.0043,0,0,0,0,0,0,0,0,0,0,0,0,-0.139766,0.500208,-1.18301,-0.138873,0.558864,-1.72084,-0.0933294,0.966238,-1.65506,0.10121,0.814072,-1.67251,0.0145484,0.478442,-0.885095,-0.215177,0.565041,-1.42576,-0.0297497,0.96141,-1.42858,0.0914588,0.973275,-0.90253,-1.93901,0.15739,-1.32343,-0.21732,-0.257388,-1.32626,-0.652576,0.509443,-2.19196,-0.310796,-0.0387501,0.919416,
13.551,1.20827,9.89459,-4.21292,8.88881,-25.0042,-3.45295,-3.78239,12.7386,-12.6057,23.0608,19.6958,0,0,0,0,0,0,0,0,0,0,0,0,-0.167119,0.501438,-1.21156,-0.127175,0.460496,-1.52132,-0.0782191,0.964685,-1.68274,0.105679,0.803678,-1.64433,0.0600468,0.522351,-1.04152,-0.188966,0.490482,-1.89647,-0.0819586,0.822968,-1.4247,-0.107765,1.19918,-1.27438,-0.768684,-0.0421979,-1.44585,0.592324,-5.26517,11.6564,2.36166,-2.91785,3.87678,0.630006,-0.951274,1.7366,
14.9949,-0.754254,17.8431,4.12502,-6.38875,9.29595,-0.346834,0.710684,10.7829,-3.51123,5.35909,20.6727,0,0,0,0,0,0,0,0,0,0,0,0,-0.196598,0.500191,-1.24136,-0.143044,0.434399,-1.41866,-0.0486281,0.896545,-1.58099,0.10044,0.797732,-1.61151,0.0254911,0.487674,-0.923483,-0.118503,0.415858,-1.29045,-0.0610307,0.8931,-1.38478,-0.00408896,0.921335,-1.23092,-2.0218,0.0478547,-0.960025,-2.01837,3.9047,-5.98482,-0.243861,-0.654679,0.0228771,-1.62754,1.04658,0.69334,
15.0764,-4.62897,24.7617,0.704771,-9.45809,21.9701,-1.73292,-5.346,10.0977,-5.5423,0.897722,15.7251,0,0,0,0,0,0,0,0,0,0,0,0,-0.224048,0.503034,-1.25797,-0.161526,0.505034,-1.55142,-0.0482227,0.885355,-1.57632,0.0830564,0.811106,-1.59621,0.0231343,0.424642,-0.816444,-0.141247,0.391534,-1.18705,-0.0654418,0.767584,-1.38987,-0.00741058,0.82297,-1.30395,-1.07738,0.230861,-1.2742,0.298594,2.3386,-5.14638,0.571539,-0.822835,0.41891,0.412082,-0.178321,0.930997,
19.7076,2.37956,10.4772,0.389455,3.49951,-23.8257,-4.43026,-8.67115,22.0143,-5.29288,16.7751,4.48535,0,0,0,0,0,0,0,0,0,0,0,0,-0.242214,0.503792,-1.28183,-0.140233,0.45301,-1.47345,-0.0364607,0.864115,-1.56488,0.0920438,0.79743,-1.56886,0.0911221,0.540772,-1.09625,-0.11351,0.373013,-1.83654,-0.113431,0.676589,-1.15951,-0.00350276,1.08101,-1.47855,-0.999383,-0.251406,-0.721854,0.785673,-5.74499,10.282,0.143181,-1.19474,0.749589,0.0275035,-0.856996,1.28431,
24.1822,6.40181,3.23643,3.96439,-5.24797,3.12322,-3.17574,-9.5236,17.0166,-4.5758,6.14581,-3.15992,0,0,0,0,0,0,0,0,0,0,0,0,-0.273163,0.496266,-1.2913,-0.129185,0.360476,-1.30663,-0.043126,0.837998,-1.54681,0.0794531,0.800412,-1.5589,0.122318,0.606895,-1.23504,-0.0512935,0.263804,-1.25749,-0.114519,0.639243,-1.23232,-0.0284361,0.958268,-1.62088,-1.76781,-0.230691,-0.379271,0.232487,-0.050181,-1.12139,-0.546082,-1.02396,0.747624,-0.98771,1.84456,-0.665077,
21.8025,7.01363,2.09928,5.49938,-10.0811,28.8007,-6.05955,-4.9055,26.1477,-4.41675,-6.88991,-4.63272,0,0,0,0,0,0,0,0,0,0,0,0,-0.296754,0.497123,-1.30632,-0.116802,0.391706,-1.41629,-0.0500764,0.821196,-1.53603,0.0615189,0.850554,-1.58497,0.0753558,0.637978,-1.28049,0.0212808,0.221329,-0.92516,-0.163804,0.708752,-1.05748,-0.0470584,0.800928,-1.68415,-0.971976,0.53337,-1.81035,1.52378,0.516598,-4.76983,-0.142176,-0.930111,0.461034,-1.13091,3.02578,-2.19288,
10.4048,7.59193,-16.8667,1.02768,31.5104,-27.6303,-16.8648,4.64125,52.8259,0.247844,22.2252,-1.13517,0,0,0,0,0,0,0,0,0,0,0,0,-0.269,0.511901,-1.36513,-0.0592799,0.296306,-1.32497,-0.0489661,0.787956,-1.52074,0.0192298,0.884847,-1.63199,0.0197184,0.660286,-1.69082,0.0445788,0.656231,-1.74135,-0.353012,0.816149,-0.552742,-0.0415117,1.28264,-1.66405,3.9816,0.414001,-2.78995,3.40694,-8.51966,12.6126,0.103427,-2.24773,1.10361,-2.60991,-0.251867,-1.67504,
9.62577,7.64004,25.1216,19.411,-2.74679,50.2311,-7.29441,17.9005,33.487,1.80592,-3.16063,-0.364028,0,0,0,0,0,0,0,0,0,0,0,0,-0.220023,0.558827,-1.51628,-0.0283711,0.205245,-1.18979,-0.0585767,0.75018,-1.49849,-0.0277693,0.891789,-1.67667,0.0451184,0.793414,-1.13578,0.279519,0.268565,-0.344866,-0.210131,1.0247,-0.880485,-0.039083,0.908235,-1.71994,3.60509,3.82711,-11.1844,-1.8015,4.53048,-10.027,-0.75714,-2.03785,1.34246,-1.76594,2.95648,-5.37566,
-5.03683,7.27717,21.862,6.8432,14.8105,33.5731,-1.13586,14.9998,18.1567,-5.68623,-11.0229,4.29241,0,0,0,0,0,0,0,0,0,0,0,0,-0.122501,0.608252,-1.6922,-0.0254897,0.311378,-1.38574,-0.0920638,0.690936,-1.45152,-0.0383245,1.00105,-1.83509,-0.027419,0.732824,-1.31588,0.19444,0.587312,-0.76685,-0.139471,0.884413,-1.10591,-0.135978,0.845492,-1.77753,7.46642,-0.309591,-3.10611,3.82033,0.26613,1.24151,-1.07019,-3.16983,2.27226,0.229322,1.79423,-3.00376,
-7.3289,6.49658,-14.148,5.54473,31.4556,35.4664,1.98536,5.99808,14.9199,11.9732,-16.3033,15.8708,0,0,0,0,0,0,0,0,0,0,0,0,0.0131633,0.543951,-1.56021,-0.0127259,0.315152,-1.43963,-0.0943649,0.645856,-1.42895,-0.0594933,0.97787,-1.79604,-0.0328448,0.58135,-1.74758,0.0724234,0.895254,-0.815868,-0.057698,0.72576,-1.15701,0.0824151,0.615351,-1.47762,3.48978,-3.22884,10.2472,-0.626559,0.327292,-3.09257,0.0227772,-1.16606,0.098733,-3.03144,-2.64381,4.3789,
-1.20419,-1.20614,44.5233,6.34938,27.7157,18.143,-3.96718,8.14136,40.3646,-0.798486,8.53742,-22.4399,0,0,0,0,0,0,0,0,0,0,0,0,0.0354191,0.549879,-1.52568,-0.0108725,0.319941,-1.47037,-0.0872134,0.64729,-1.44958,-0.0854315,0.871672,-1.59489,0.0213899,0.608549,-0.761263,0.131357,0.827245,-1.1433,-0.133026,0.81578,-0.727088,-0.0418013,0.845083,-1.9076,0.314607,3.224,-6.61449,1.07143,0.135292,-0.411691,1.05272,0.818617,-1.6731,2.32592,-7.27258,13.9754,
0.263248,22.3644,6.58372,1.29377,28.0006,21.0445,-6.47241,12.9254,26.4112,2.7965,-11.871,12.8575,0,0,0,0,0,0,0,0,0,0,0,0,0.0253782,0.58554,-1.59871,0.00504197,0.326392,-1.47332,-0.0688988,0.664694,-1.48093,-0.0320222,0.781173,-1.41752,-0.0113321,0.946602,-1.44978,0.0340857,0.855555,-1.09457,-0.166898,0.923184,-1.01248,0.0534576,0.580513,-1.18538,-1.65987,-1.82259,4.2866,0.220827,0.802448,-0.568967,0.787243,0.939267,-1.72502,1.38538,0.607103,-0.240376,
1.10556,0.294372,32.7058,6.57775,23.8902,17.9469,-4.14802,4.64971,32.9863,5.72034,2.50081,4.38244,0,0,0,0,0,0,0,0,0,0,0,0,-0.00773874,0.599315,-1.5807,-0.014834,0.355438,-1.4858,-0.0765772,0.694223,-1.51662,-0.0364988,0.823021,-1.48594,-0.0172674,0.6805,-0.999454,0.0855524,0.815728,-1.16181,-0.157405,0.816662,-0.929092,0.0703676,0.813436,-1.38475,-1.18519,3.03333,-1.96561,-0.768367,1.03689,-0.340762,-0.216383,1.51593,-1.79319,0.114403,-2.20215,3.15531,
2.67096,7.01189,19.5658,7.13415,17.9235,16.9083,-3.25983,0.936146,29.2712,8.6235,-11.5804,29.4499,0,0,0,0,0,0,0,0,0,0,0,0,-0.026957,0.647418,-1.59113,-0.0266861,0.378861,-1.48951,-0.0771502,0.726517,-1.5535,-0.0346872,0.858724,-1.51907,-0.00393508,0.790844,-1.23437,0.0757274,0.730226,-1.18238,-0.151221,0.776522,-1.02925,0.108516,0.700622,-0.996835,-1.02164,0.637488,0.149715,-1.09193,1.01933,-0.0424134,-0.592034,1.31936,-1.16613,-0.543507,2.09805,-1.93849,
0.485019,6.14925,21.8568,5.43612,23.0161,13.5313,-4.28483,0.328913,26.3007,6.72712,-9.54638,20.8182,0,0,0,0,0,0,0,0,0,0,0,0,-0.0391833,0.653272,-1.58355,-0.0398736,0.39083,-1.48564,-0.0834716,0.74254,-1.56594,-0.0403861,0.884257,-1.54034,-0.033144,0.771056,-1.18427,0.0552083,0.818859,-1.2366,-0.157355,0.763423,-1.09064,0.086771,0.730431,-1.16475,-0.111169,0.239178,0.275743,-0.150264,0.382148,0.443555,0.160921,0.596097,-0.424151,0.193832,0.78978,-0.427789,
-2.14798,9.58971,22.5813,1.132,22.4441,16.5364,-6.02381,3.25122,18.9958,3.61038,-4.62396,11.2332,0,0,0,0,0,0,0,0,0,0,0,0,-0.0280373,0.654641,-1.58396,-0.0252504,0.398153,-1.47909,-0.0685823,0.741359,-1.56133,-0.025101,0.878689,-1.52529,-0.0547976,0.826387,-1.17389,0.0249353,0.830937,-1.17642,-0.162693,0.787289,-1.21087,0.0559607,0.775659,-1.31318,0.491758,-0.104486,-0.0733405,1.18415,0.988398,0.294816,0.616523,-0.527346,0.74547,0.616739,-0.758291,1.15489,
0.0152312,7.6083,18.7916,2.33835,16.4258,16.239,-3.86972,0.268718,12.6579,5.56707,-5.93903,12.0561,0,0,0,0,0,0,0,0,0,0,0,0,-0.0239752,0.650048,-1.57975,-0.0181793,0.42069,-1.48795,-0.0616279,0.727101,-1.53893,-0.0183331,0.862492,-1.49987,-0.029903,0.782204,-1.23482,0.0212927,0.750096,-1.18997,-0.135577,0.717416,-1.30143,0.0789019,0.74314,-1.27511,-0.248187,-0.247074,0.479658,-0.12174,1.23023,0.400278,-0.143622,-0.582842,1.07892,-0.159378,-0.454793,0.81545,
-0.134974,7.56998,15.2893,1.42125,18.729,14.7736,-3.53112,-1.933,11.9738,5.04374,-8.87537,13.3162,0,0,0,0,0,0,0,0,0,0,0,0,-0.0284289,0.646726,-1.56648,-0.0251515,0.434405,-1.48649,-0.0641291,0.722075,-1.52365,-0.0210251,0.860119,-1.48929,-0.0323087,0.781319,-1.28318,-0.00294226,0.781427,-1.2152,-0.127658,0.684378,-1.30141,0.0711646,0.697629,-1.24336,-0.0570296,-0.121693,0.778687,-0.145271,0.259812,0.392851,0.0269293,-0.102081,0.665121,0.0194167,-0.0447848,0.560321,
-0.914689,5.85455,16.6652,0.366724,17.793,12.7571,-4.34788,-3.01259,11.0264,3.4112,-9.20635,10.1221,0,0,0,0,0,0,0,0,0,0,0,0,-0.0247149,0.645495,-1.5522,-0.0212291,0.437736,-1.47294,-0.0593576,0.721161,-1.51145,-0.0164057,0.857714,-1.47513,-0.034044,0.751531,-1.24583,-0.00766551,0.76565,-1.23777,-0.13024,0.664692,-1.3073,0.0536094,0.685045,-1.28601,0.292063,-0.0164021,0.493724,0.275834,0.176176,0.473173,0.326798,-0.0677658,0.538245,0.319729,-0.211227,0.745131,
-0.703678,5.54436,16.5559,0.868488,15.2932,14.8214,-3.85309,-3.18272,8.95029,4.05856,-10.0102,9.08842,0,0,0,0,0,0,0,0,0,0,0,0,-0.0198915,0.645371,-1.5439,-0.0178946,0.445541,-1.46772,-0.053894,0.718109,-1.49852,-0.0111415,0.852059,-1.45884,-0.031122,0.745798,-1.24052,-0.00421026,0.736636,-1.19928,-0.121525,0.65544,-1.33141,0.0648134,0.664225,-1.28908,0.0625481,-0.0151964,0.346878,-0.0842549,0.521503,-0.151824,0.0970226,-0.192059,0.643034,0.08652,-0.233187,0.662892,
-0.566816,5.5196,16.3793,0.768708,15.7443,14.6648,-3.50659,-3.33202,8.58891,4.29085,-10.0939,8.51219,0,0,0,0,0,0,0,0,0,0,0,0,-0.0203082,0.645131,-1.53917,-0.0194784,0.454148,-1.46843,-0.0539566,0.714453,-1.48789,-0.0113998,0.848412,-1.44925,-0.0303469,0.745546,-1.23957,-0.00604334,0.747156,-1.20186,-0.11702,0.648828,-1.32753,0.0670209,0.659397,-1.2905,0.0106816,0.00237173,0.262772,-0.0216584,0.269916,-0.00887823,0.0277192,-0.201685,0.615956,0.0162134,-0.219609,0.584179,
-0.840924,5.18409,16.7809,0.432082,16.221,14.7113,-3.70639,-3.55342,8.6549,4.01243,-10.091,8.04937,0,0,0,0,0,0,0,0,0,0,0,0,-0.0187137,0.645923,-1.5349,-0.0179229,0.456759,-1.46776,-0.052329,0.71111,-1.47643,-0.0100067,0.84394,-1.43728,-0.0315884,0.741732,-1.22888,-0.00764163,0.754516,-1.20017,-0.117536,0.643546,-1.316,0.0648753,0.655916,-1.28756,0.0965912,0.0621015,0.13456,0.0970089,0.113211,0.0152722,0.0872736,-0.118235,0.450858,0.077152,-0.182063,0.493917,
-0.818365,4.94355,16.9317,0.551105,15.8709,15.5881,-3.59707,-3.71328,8.60303,4.28334,-10.3265,8.40357,0,0,0,0,0,0,0,0,0,0,0,0,-0.016984,0.64798,-1.53283,-0.0161787,0.460084,-1.46897,-0.0509798,0.709216,-1.46741,-0.00888116,0.8409,-1.4278,-0.0311836,0.740284,-1.22457,-0.00546884,0.752725,-1.18633,-0.116161,0.640308,-1.30875,0.0689985,0.651244,-1.27293,0.0271892,0.0968809,0.0603539,0.0275891,0.163162,-0.114171,0.00878506,-0.055775,0.329167,3.15684e-05,-0.076037,0.305249,
-0.962382,5.05458,17.145,0.619706,16.0701,16.1015,-3.62842,-3.6165,8.87169,4.36648,-10.33,8.42772,0,0,0,0,0,0,0,0,0,0,0,0,-0.0167215,0.649667,-1.53224,-0.0159058,0.462846,-1.47134,-0.0510677,0.708611,-1.46278,-0.00910234,0.840109,-1.42376,-0.0335325,0.744325,-1.22041,-0.00392375,0.759289,-1.17968,-0.116994,0.642133,-1.29969,0.0701308,0.651167,-1.26894,0.0274772,0.110283,0.0156243,0.0285865,0.170361,-0.160823,0.00179539,-0.028938,0.262293,-0.00629981,-0.0449671,0.232935,
-1.16556,4.99029,17.3546,0.566888,16.0955,16.6356,-3.7785,-3.66925,8.98786,4.295,-10.3453,8.42039,0,0,0,0,0,0,0,0,0,0,0,0,-0.0157178,0.652213,-1.53245,-0.0148631,0.46647,-1.47508,-0.0507447,0.708346,-1.458,-0.00894704,0.839339,-1.41935,-0.0355644,0.745885,-1.21706,-0.00315711,0.763134,-1.1738,-0.118949,0.641694,-1.29333,0.0694604,0.650686,-1.26508,0.0538171,0.117607,-0.0211876,0.0559585,0.16071,-0.173062,0.0198426,0.00246004,0.18302,0.0126617,-0.0222829,0.170738,
-1.22481,5.0057,17.315,0.589409,16.1219,17.0477,-3.82138,-3.67178,9.1421,4.36218,-10.4396,8.62799,0,0,0,0,0,0,0,0,0,0,0,0,-0.0146259,0.654726,-1.53289,-0.0137207,0.469908,-1.47883,-0.0504356,0.708742,-1.45472,-0.00878457,0.839309,-1.41647,-0.0359161,0.748425,-1.21814,-0.00196782,0.766821,-1.16999,-0.119834,0.642663,-1.28762,0.070452,0.649898,-1.25893,0.0391647,0.107441,-0.0104778,0.0414546,0.151491,-0.164429,0.00325775,0.0272471,0.127835,-0.00303432,0.0160172,0.0978846,
-1.69558,6.83781,16.2494,0.930103,17.7802,16.9769,-3.78443,-1.86527,9.76414,4.47447,-9.73873,8.36155,0,0,0,0,0,0,0,0,0,0,0,0,-0.01402,0.656514,-1.5329,-0.0130732,0.47249,-1.48158,-0.0504812,0.709357,-1.45275,-0.0089374,0.839813,-1.41516,-0.0439778,0.783144,-1.23742,0.00476846,0.799117,-1.17387,-0.119332,0.676352,-1.27455,0.0722297,0.663515,-1.26272,0.0348366,0.092236,0.00535278,0.0372273,0.134035,-0.141035,-0.00172697,0.0363785,0.0976867,-0.00747931,0.0307922,0.0614654,
-2.05485,6.82604,16.2451,1.13763,17.94,17.051,-4.01878,-1.66519,10.7888,4.4002,-9.48691,9.22903,0,0,0,0,0,0,0,0,0,0,0,0,-0.01302,0.658982,-1.53286,-0.0120154,0.475746,-1.48443,-0.0502914,0.711397,-1.45218,-0.00884417,0.841654,-1.41509,-0.048967,0.786735,-1.23755,0.0101487,0.806332,-1.17527,-0.122866,0.685343,-1.25646,0.0715868,0.673068,-1.24777,0.0565546,0.145735,-0.00854385,0.0591936,0.176131,-0.125641,0.0197689,0.168884,-0.0641324,0.017092,0.156112,-0.0701525,
-2.25427,6.63445,16.3332,1.37256,17.7803,17.303,-4.16068,-1.71346,11.6628,4.46024,-9.65979,10.1159,0,0,0,0,0,0,0,0,0,0,0,0,-0.0118605,0.662835,-1.53332,-0.0108036,0.480258,-1.48737,-0.0498963,0.716472,-1.45518,-0.00847506,0.846512,-1.41811,-0.0518707,0.788255,-1.23656,0.0151793,0.809164,-1.17378,-0.125369,0.691837,-1.24429,0.0727873,0.677318,-1.23538,0.0390637,0.191738,-0.0304693,0.0410869,0.225123,-0.148194,0.00703249,0.26076,-0.170292,0.0066818,0.257553,-0.175969,
-2.41421,7.13724,16.4222,1.62314,18.5981,17.58,-4.15385,-1.02905,12.0494,4.73555,-9.94822,10.1889,0,0,0,0,0,0,0,0,0,0,0,0,-0.0113918,0.666015,-1.534,-0.0103064,0.483995,-1.48998,-0.0499043,0.720713,-1.458,-0.00848405,0.850752,-1.42106,-0.0546512,0.800798,-1.23578,0.0198828,0.828015,-1.17152,-0.125509,0.708446,-1.24008,0.0775343,0.676299,-1.23701,0.0254086,0.200617,-0.0540206,0.0271049,0.234881,-0.17277,-0.00320371,0.257708,-0.169175,-0.00330096,0.256951,-0.175973,
-2.71404,7.13803,16.5939,1.87375,18.9764,17.8667,-4.27239,-0.679637,12.3712,4.735,-10.1201,9.75424,0,0,0,0,0,0,0,0,0,0,0,0,-0.0106371,0.670563,-1.53566,-0.00951119,0.48915,-1.49397,-0.0497788,0.726146,-1.46146,-0.00836448,0.855933,-1.42431,-0.0587076,0.805785,-1.23458,0.0258846,0.84008,-1.17037,-0.12693,0.720035,-1.23761,0.0782472,0.67754,-1.24783,0.051023,0.21757,-0.0925852,0.0531023,0.236198,-0.182352,0.021129,0.249855,-0.158779,0.0208297,0.22434,-0.126758,
-3.11965,7.77265,16.0186,2.29628,19.7577,18.0952,-4.37652,0.3403,13.0909,4.75955,-10.0568,9.50076,0,0,0,0,0,0,0,0,0,0,0,0,-0.00930714,0.676057,-1.53804,-0.00812741,0.495009,-1.49835,-0.0491825,0.732324,-1.46526,-0.00777631,0.861291,-1.42702,-0.0648027,0.82335,-1.24743,0.0349048,0.860638,-1.17058,-0.1283,0.745308,-1.22835,0.0792088,0.684353,-1.25506,0.0490169,0.238907,-0.0941931,0.0512653,0.255946,-0.180973,0.0182186,0.271861,-0.162251,0.0179155,0.236499,-0.114931,
-3.35911,7.80987,15.7042,2.67048,20.0896,18.3223,-4.5151,0.825103,13.9158,4.76086,-9.92587,9.64127,0,0,0,0,0,0,0,0,0,0,0,0,-0.00858806,0.680103,-1.5395,-0.00736957,0.499361,-1.50125,-0.0489635,0.737022,-1.46805,-0.00755918,0.865394,-1.429,-0.0685275,0.828902,-1.2546,0.0423838,0.871915,-1.16936,-0.130727,0.760165,-1.2164,0.0793375,0.69205,-1.25467,0.0454112,0.272061,-0.0920623,0.0479683,0.291528,-0.18245,0.0131588,0.325652,-0.199575,0.0134247,0.285055,-0.14153,
-3.5442,7.50895,15.5082,3.01289,20.0506,18.6386,-4.69468,0.949005,14.7327,4.7793,-10.2617,9.85304,0,0,0,0,0,0,0,0,0,0,0,0,-0.00760816,0.686768,-1.54161,-0.0063301,0.506461,-1.50539,-0.0487218,0.745187,-1.47313,-0.00730122,0.872543,-1.43255,-0.0709908,0.831476,-1.26033,0.0495763,0.879714,-1.16784,-0.133881,0.772514,-1.20696,0.0798196,0.694777,-1.25458,0.0422931,0.327279,-0.10001,0.0450623,0.347885,-0.19536,0.00796057,0.402916,-0.248885,0.00897481,0.35242,-0.171686,
-3.579,6.82353,15.4885,3.33493,19.7246,19.071,-4.84152,0.817914,14.9494,4.79731,-10.835,9.32891,0,0,0,0,0,0,0,0,0,0,0,0,-0.0067104,0.694411,-1.54403,-0.00536777,0.514549,-1.50996,-0.0486051,0.7543,-1.47846,-0.00716692,0.880377,-1.43595,-0.0707369,0.827511,-1.26323,0.056392,0.882681,-1.16471,-0.136514,0.77953,-1.20819,0.0801852,0.692067,-1.26721,0.0418447,0.361449,-0.120018,0.0449872,0.380121,-0.218766,0.00475204,0.41432,-0.226255,0.00513223,0.347603,-0.128398,
-3.60119,6.23693,15.2608,3.61545,19.4384,19.4287,-4.95016,0.739844,14.8353,4.73635,-11.3008,8.38758,0,0,0,0,0,0,0,0,0,0,0,0,-0.00591963,0.701055,-1.54634,-0.00451536,0.521488,-1.51406,-0.048521,0.761524,-1.482,-0.00708872,0.886224,-1.43755,-0.0701833,0.823836,-1.26978,0.0625269,0.884633,-1.16239,-0.138363,0.784828,-1.21347,0.079164,0.688462,-1.28545,0.0484975,0.375272,-0.132929,0.0522692,0.3888,-0.231022,0.00641536,0.394108,-0.176642,0.00548923,0.308295,-0.0585631,
-3.79394,6.01602,14.6589,3.98948,19.5697,19.8055,-5.05757,1.10916,15.0737,4.5936,-11.5638,7.31326,0,0,0,0,0,0,0,0,0,0,0,0,-0.00469966,0.709471,-1.54928,-0.00319815,0.530116,-1.51915,-0.0483466,0.770028,-1.48531,-0.00695471,0.892542,-1.43797,-0.0721693,0.828553,-1.28364,0.0709733,0.895802,-1.16061,-0.140104,0.799763,-1.21215,0.0766993,0.689114,-1.30494,0.0604419,0.387995,-0.130917,0.0654194,0.394977,-0.229572,0.0079444,0.382735,-0.132324,0.00535659,0.272922,0.00909014,
-3.97547,5.75735,14.0364,4.45904,19.7719,20.3022,-5.13242,1.50618,15.7215,4.45528,-11.66,6.49549,0,0,0,0,0,0,0,0,0,0,0,0,-0.00339378,0.718156,-1.55202,-0.00176768,0.538952,-1.5242,-0.0483135,0.77843,-1.48781,-0.00699564,0.898346,-1.43724,-0.0742418,0.832987,-1.29762,0.0808942,0.908784,-1.15664,-0.141763,0.8157,-1.20274,0.0737827,0.693137,-1.31888,0.0573322,0.406076,-0.118547,0.0635406,0.413675,-0.230782,-0.00531079,0.395402,-0.112776,-0.00906912,0.271661,0.0379929,
-4.08087,5.312,13.3996,4.88867,19.9132,20.7611,-5.19708,1.8252,16.4326,4.32966,-11.6729,5.93203,0,0,0,0,0,0,0,0,0,0,0,0,-0.00224183,0.727398,-1.55445,-0.00046537,0.545748,-1.52792,-0.048522,0.784928,-1.48958,-0.00726976,0.902806,-1.43657,-0.0752197,0.834856,-1.31154,0.0898737,0.918743,-1.15205,-0.143474,0.828697,-1.1916,0.0708869,0.697903,-1.32847,0.0487882,0.435035,-0.104458,0.0581675,0.437481,-0.234415,-0.0183882,0.423362,-0.117389,-0.0225753,0.29322,0.0364616,
-4.04772,4.81773,12.8082,5.4007,19.5056,21.2026,-5.21268,1.66688,16.9988,4.1103,-12.0357,5.04126,0,0,0,0,0,0,0,0,0,0,0,0,-0.00150215,0.73453,-1.55606,0.000397476,0.555765,-1.53317,-0.0491105,0.794657,-1.49219,-0.00795638,0.909575,-1.43575,-0.0739405,0.833524,-1.32387,0.0999488,0.922176,-1.14932,-0.144662,0.836419,-1.18395,0.0658847,0.698716,-1.34382,0.0462642,0.45597,-0.0994122,0.0542721,0.470541,-0.242419,-0.0310231,0.458215,-0.120776,-0.035663,0.318876,0.0392653,
-4.00765,3.69342,12.1919,5.92581,18.6211,21.7337,-5.20267,1.13707,17.355,3.71187,-12.5227,3.67119,0,0,0,0,0,0,0,0,0,0,0,0,-0.000303982,0.745854,-1.55852,0.00180202,0.567437,-1.5392,-0.0498807,0.805924,-1.49497,-0.00884679,0.917301,-1.43451,-0.0718062,0.825096,-1.33757,0.111137,0.918436,-1.14582,-0.145275,0.83844,-1.18016,0.0577055,0.697576,-1.36731,0.0545666,0.483541,-0.10679,0.0637129,0.497337,-0.26073,-0.0320102,0.473651,-0.107343,-0.0374532,0.318418,0.0664208,
-3.91927,2.6318,11.483,6.44975,17.9195,22.5265,-5.15924,0.84383,17.6031,3.2628,-12.8555,2.10395,0,0,0,0,0,0,0,0,0,0,0,0,0.000898139,0.756563,-1.56097,0.00322044,0.578476,-1.54526,-0.0506926,0.816038,-1.49677,-0.00979606,0.923895,-1.43251,-0.0690353,0.816576,-1.35297,0.122075,0.916866,-1.13766,-0.14557,0.842471,-1.17711,0.0482789,0.697188,-1.39349,0.0530429,0.486469,-0.11472,0.0634727,0.503284,-0.289647,-0.0429391,0.443618,-0.0577773,-0.049951,0.281216,0.111949,
-3.79341,2.0006,10.6536,6.90803,17.8553,23.3942,-5.17581,1.0706,18.1149,2.85375,-12.9359,0.83975,0,0,0,0,0,0,0,0,0,0,0,0,0.00171048,0.76427,-1.56281,0.0042085,0.586486,-1.55006,-0.0514741,0.822804,-1.49726,-0.010702,0.928047,-1.43036,-0.0660206,0.812611,-1.36987,0.131336,0.923615,-1.12679,-0.146912,0.852601,-1.16802,0.0396459,0.699086,-1.41412,0.0496012,0.478677,-0.112406,0.0610631,0.499494,-0.305362,-0.0532749,0.413232,-0.0170907,-0.0615388,0.249506,0.14297,
-3.61773,0.92851,10.0419,7.22965,17.5027,24.4918,-5.25,0.835248,18.7723,2.48486,-13.154,-0.0315784,0,0,0,0,0,0,0,0,0,0,0,0,0.00278665,0.774702,-1.56505,0.00555457,0.597453,-1.55683,-0.0527857,0.831762,-1.49738,-0.0122085,0.933418,-1.42714,-0.0617583,0.803377,-1.38308,0.138557,0.928162,-1.1136,-0.149839,0.857202,-1.1561,0.0311431,0.700456,-1.42676,0.0492798,0.471706,-0.0895642,0.062173,0.49914,-0.305492,-0.0639309,0.410156,-0.00424074,-0.0731069,0.248088,0.141085,
-3.34303,-0.110529,9.13199,7.45389,17.2109,25.4665,-5.3875,0.730254,19.1425,2.12222,-13.3066,-0.973738,0,0,0,0,0,0,0,0,0,0,0,0,0.00384418,0.784825,-1.56655,0.00690974,0.608288,-1.56335,-0.0543128,0.840594,-1.49716,-0.0139496,0.938749,-1.42396,-0.0558013,0.793979,-1.40084,0.143922,0.933313,-1.10226,-0.154142,0.863619,-1.14894,0.0225053,0.702673,-1.44064,0.0454741,0.446531,-0.0465085,0.0594818,0.484,-0.285111,-0.074997,0.389903,0.0264928,-0.0852367,0.234496,0.150392,
-2.91138,-1.09094,7.58602,7.64441,17.4686,26.3913,-5.69198,1.28429,19.6289,1.63792,-12.9923,-2.09835,0,0,0,0,0,0,0,0,0,0,0,0,0.00464431,0.792549,-1.56697,0.00796981,0.616767,-1.5682,-0.0557211,0.847302,-1.4963,-0.0155524,0.942717,-1.42105,-0.0471991,0.783102,-1.42906,0.148419,0.945908,-1.0901,-0.16123,0.879716,-1.139,0.0119298,0.711813,-1.45807,0.0436326,0.415537,-0.0031438,0.0583958,0.461226,-0.25596,-0.0807358,0.362503,0.0606424,-0.0919247,0.212794,0.166471,
-2.18307,-2.86405,5.73642,7.72437,17.4548,27.6205,-6.16526,1.5178,20.3458,1.03937,-12.6311,-2.94217,0,0,0,0,0,0,0,0,0,0,0,0,0.00552786,0.801328,-1.56635,0.009185,0.626698,-1.57333,-0.0575989,0.855236,-1.49487,-0.0176802,0.947497,-1.41759,-0.0333001,0.759004,-1.46168,0.150872,0.955289,-1.07261,-0.171971,0.892151,-1.12457,-0.00133858,0.723762,-1.47017,0.0345674,0.389978,0.0551069,0.0497409,0.449269,-0.214587,-0.0910591,0.372778,0.0546915,-0.102241,0.236853,0.134081,
-1.22619,-4.83777,3.17024,7.795,17.9269,29.067,-6.83577,2.18829,21.4076,0.347825,-12.1374,-3.68245,0,0,0,0,0,0,0,0,0,0,0,0,0.00610431,0.809627,-1.5645,0.0100909,0.63649,-1.57758,-0.0597438,0.863673,-1.49391,-0.0200651,0.953176,-1.41525,-0.0157986,0.730812,-1.50612,0.152575,0.973481,-1.0503,-0.186654,0.91325,-1.10445,-0.01663,0.739418,-1.48166,0.0156545,0.365806,0.107657,0.0302906,0.441894,-0.176791,-0.104934,0.391602,0.0337265,-0.115559,0.27683,0.0804388,
0.130877,-7.40704,-0.270217,7.87538,18.9933,30.8621,-7.91335,3.47153,22.9381,-0.615249,-10.9353,-4.99922,0,0,0,0,0,0,0,0,0,0,0,0,0.00625218,0.815314,-1.56254,0.0104655,0.643482,-1.5802,-0.061462,0.869985,-1.49348,-0.0219488,0.957788,-1.41427,0.00864663,0.689376,-1.56655,0.154009,0.99973,-1.02013,-0.208131,0.943146,-1.07632,-0.036181,0.766501,-1.5049,0.000594473,0.349397,0.132329,0.0141745,0.43661,-0.15527,-0.111587,0.401678,0.0160421,-0.121835,0.301505,0.0387528,
1.08623,-9.80703,-3.9135,7.7591,20.5087,32.6149,-9.4003,4.36841,23.9762,0.163024,-1.60236,-6.5046,0,0,0,0,0,0,0,0,0,0,0,0,0.00751106,0.820404,-1.55884,0.0102307,0.654305,-1.58362,-0.0641063,0.880137,-1.49368,-0.0291457,0.95861,-1.41738,0.0312881,0.641668,-1.62874,0.150704,1.03905,-0.991501,-0.237131,0.970643,-1.05795,-0.0409829,0.910663,-1.53742,0.161099,-0.0170425,0.183622,-0.0240666,0.47452,-0.129084,-0.0844149,0.44321,-0.0284118,-0.592051,-0.752547,-0.261051,
1.28187,-4.60655,-6.92887,10.1646,18.0765,32.7075,-11.5396,2.40596,27.6984,-0.0578604,0.71935,1.76874,0,0,0,0,0,0,0,0,0,0,0,0,0.0155907,0.802743,-1.55347,0.00714704,0.667215,-1.58493,-0.0676137,0.894666,-1.49782,-0.0402601,0.964785,-1.4553,0.0525211,0.675578,-1.6779,0.185396,1.01383,-0.990098,-0.283155,0.960767,-0.996564,-0.0512228,0.993929,-1.44373,0.544947,-1.7364,0.228193,-0.262495,0.717907,0.0216225,-0.2292,0.894242,-0.344353,-0.396429,0.642581,-3.01956,
1.56627,-1.91161,1.85569,11.3304,19.0658,32.0087,-11.9877,2.11245,29.4671,-0.290565,8.51847,2.36237,0,0,0,0,0,0,0,0,0,0,0,0,0.0239486,0.769694,-1.5613,0.00198588,0.680095,-1.58355,-0.0719286,0.91169,-1.50497,-0.0454625,0.972819,-1.50708,0.0647266,0.685463,-1.53827,0.199233,1.04813,-1.00072,-0.297623,0.979431,-0.972615,-0.058308,1.13297,-1.48266,0.492012,-1.97897,-1.57005,-0.35038,0.855453,0.125816,-0.309448,1.17332,-0.500021,-0.302499,0.210775,-2.71866,
2.3862,5.92185,7.29473,12.9941,17.2926,30.9757,-9.65695,-0.530401,31.1109,-0.897254,5.09384,7.06638,0,0,0,0,0,0,0,0,0,0,0,0,0.0319185,0.72253,-1.60814,-0.00883803,0.701392,-1.57863,-0.0818559,0.942839,-1.51876,-0.0485188,0.98095,-1.5499,0.0803592,0.760705,-1.48348,0.210052,1.04321,-1.01317,-0.272954,0.975221,-0.958434,-0.0626408,1.10339,-1.43469,0.202208,-2.77981,-1.16953,-0.694636,1.09623,0.331906,-0.620696,1.68101,-0.781791,0.0876708,1.19279,-1.94505,
0.419002,13.7263,1.90773,11.3607,17.9126,27.1664,-7.23137,-5.31559,29.5272,0.00566155,-3.43838,2.14418,0,0,0,0,0,0,0,0,0,0,0,0,0.0355147,0.652642,-1.603,-0.0240835,0.726511,-1.56872,-0.0951676,0.984029,-1.53882,-0.0436122,1.00512,-1.56152,0.0489583,0.822839,-1.55953,0.168668,1.08036,-1.07111,-0.238413,0.936639,-1.00875,-0.0368818,0.953534,-1.51286,0.233012,-3.17492,1.28772,-0.552274,1.12666,0.539565,-0.470653,1.9703,-0.995915,0.265099,0.437322,1.41832,
0.60175,8.85541,1.6811,11.8115,14.7927,28.9094,-10.4265,-3.13636,30.6902,-1.42758,-11.8103,7.76428,0,0,0,0,0,0,0,0,0,0,0,0,0.0381751,0.611774,-1.58482,-0.029477,0.746025,-1.55941,-0.0986984,1.01713,-1.55442,-0.0448371,1.04167,-1.5799,0.0462212,0.747577,-1.55504,0.182854,1.04079,-1.03113,-0.288387,1.00071,-1.00109,-0.070084,0.875058,-1.44572,-0.115795,-1.00816,-0.1141,-0.0969357,1.03237,0.390203,-0.00463363,1.6242,-0.685163,0.0283676,1.92487,-1.02416,
0.401416,1.34896,6.1149,9.79403,15.1331,31.0575,-12.3373,0.980338,26.7185,-2.93575,-8.38402,-5.41614,0,0,0,0,0,0,0,0,0,0,0,0,0.0325948,0.618527,-1.61379,-0.0250273,0.765235,-1.55685,-0.0933263,1.04034,-1.55904,-0.0389857,1.06603,-1.58483,0.0343838,0.661842,-1.5133,0.163812,1.05773,-0.99295,-0.307311,1.07003,-1.07133,-0.0818453,0.9221,-1.68003,-0.220377,0.751523,-1.56673,0.430661,0.693865,-0.114679,0.413172,0.474418,0.281282,0.420711,0.340281,0.480544,
1.86585,1.76688,-2.43156,8.79653,11.5222,31.397,-10.1621,-0.47016,21.3888,1.47068,-1.45696,-5.90144,0,0,0,0,0,0,0,0,0,0,0,0,0.0220072,0.625213,-1.62068,-0.0169166,0.779248,-1.56384,-0.085804,1.04178,-1.54444,-0.0415077,1.05816,-1.57417,0.0349806,0.644698,-1.65469,0.146674,1.00658,-0.995641,-0.266552,1.03386,-1.15045,-0.0404584,1.00973,-1.68261,-0.838042,-0.505598,1.4953,0.146153,0.71361,-0.389511,0.160664,0.0251862,0.747458,-1.02761,-0.877375,-0.167716,
2.72093,-1.59231,-4.99882,7.82192,12.5512,29.7319,-11.2969,-1.3624,22.5925,0.656313,8.67727,4.25448,0,0,0,0,0,0,0,0,0,0,0,0,0.0100647,0.614018,-1.58759,-0.014169,0.79166,-1.56902,-0.0826175,1.04481,-1.53439,-0.0573485,1.04356,-1.59375,0.0475394,0.577376,-1.66943,0.13649,1.0402,-1.0298,-0.27915,1.03059,-1.12067,-0.0538079,1.18836,-1.53248,-0.479876,-0.307653,1.32626,0.337707,0.813585,-0.200041,0.354624,0.422114,0.433031,-0.335691,-0.518533,-2.35841,
2.75901,-2.73905,7.53053,8.80756,10.0151,30.2746,-12.0236,-4.5189,26.3719,-2.23249,12.4368,8.29492,0,0,0,0,0,0,0,0,0,0,0,0,0.006955,0.622358,-1.60381,-0.00459084,0.814057,-1.57006,-0.0732931,1.0649,-1.53126,-0.0476482,1.04712,-1.66152,0.0578167,0.583499,-1.47999,0.16109,1.02285,-1.01957,-0.287093,1.01082,-1.05206,-0.0766876,1.28437,-1.52304,0.0279153,0.437666,-1.92186,0.221725,1.06803,0.006511,0.192474,1.12346,-0.0414694,0.462051,0.444961,-1.80851,
2.47968,10.5906,-2.1898,12.1379,2.11975,28.7443,-7.80504,-13.4858,24.701,0.703953,-4.30665,-1.4079,0,0,0,0,0,0,0,0,0,0,0,0,0.0089926,0.60359,-1.60855,-0.00754673,0.840158,-1.56941,-0.0760806,1.0931,-1.53354,-0.0449272,1.06266,-1.66419,0.0566656,0.735911,-1.63108,0.2019,0.910434,-1.04638,-0.22761,0.882249,-1.08531,-0.0356544,1.01262,-1.68233,0.103518,-2.40942,2.53584,-0.449745,1.26941,0.0592092,-0.384774,1.3739,-0.129967,-0.141051,1.13029,1.09311,
0.00447762,7.08224,1.31177,11.8854,1.76806,27.5532,-9.45304,-10.9385,20.9713,-2.77505,-8.99775,-11.4818,0,0,0,0,0,0,0,0,0,0,0,0,0.0141307,0.568527,-1.56874,-0.0128772,0.859828,-1.56837,-0.0801874,1.11361,-1.53436,-0.0418066,1.07654,-1.63548,0.0307212,0.672585,-1.5399,0.203285,0.920033,-1.06716,-0.25046,0.941207,-1.15232,-0.0731875,0.916742,-1.83048,0.660363,-0.988373,0.731096,0.00254628,1.12231,0.0362139,0.0640265,1.05931,0.109546,0.762982,0.151926,2.01766,
-1.30182,-0.00116682,6.71689,9.74435,1.69678,31.1741,-11.782,-4.06038,18.7952,-3.06361,4.38554,-0.922189,0,0,0,0,0,0,0,0,0,0,0,0,0.0252538,0.578822,-1.59667,-0.00878075,0.883085,-1.57117,-0.0739871,1.12761,-1.52407,-0.02689,1.06448,-1.62423,0.00199267,0.598457,-1.48406,0.171102,0.940817,-1.00644,-0.281315,1.06165,-1.1772,-0.0822042,1.12656,-1.65426,0.0163329,0.786238,-1.39515,0.108514,1.07526,-0.304351,0.275636,0.314573,0.754461,0.0155142,-0.705987,-1.94527,
1.51674,3.99128,-2.11935,9.02762,-1.32791,27.5498,-9.57853,-9.06301,15.9435,1.2135,16.0758,19.1224,0,0,0,0,0,0,0,0,0,0,0,0,0.012519,0.582787,-1.59227,-0.00881166,0.907406,-1.57777,-0.068903,1.13339,-1.50612,-0.0402712,1.05384,-1.70777,0.0125995,0.637558,-1.61538,0.15314,0.911625,-1.07768,-0.238769,0.981186,-1.21191,-0.042704,1.34245,-1.38738,-1.09986,-0.711923,2.26151,-0.0874833,1.13453,-0.118976,0.171564,0.503033,0.635598,-0.979854,-0.146977,-4.00284,
1.17102,6.40761,5.14154,9.08312,0.213576,19.734,-7.67252,-15.5025,18.0987,2.01087,15.8384,6.11742,0,0,0,0,0,0,0,0,0,0,0,0,-0.00545837,0.569401,-1.54434,-0.00650076,0.926913,-1.57515,-0.0627266,1.14847,-1.50003,-0.0494549,1.04558,-1.7385,-0.00258645,0.684647,-1.44043,0.168508,0.956435,-1.21392,-0.188833,0.894997,-1.17049,-0.00439246,1.3095,-1.61559,-0.736776,-0.0502347,1.52905,0.394437,1.02558,0.357056,0.535762,1.13546,0.0682929,0.340051,-0.962267,1.71392,
2.50802,7.73774,3.37922,10.6419,-10.0694,17.8878,-7.67018,-16.7109,14.0981,-5.32087,-7.7751,-2.448,0,0,0,0,0,0,0,0,0,0,0,0,-0.0228232,0.58021,-1.52212,0.00222618,0.950892,-1.56768,-0.0507249,1.17678,-1.50138,-0.0127873,1.04602,-1.66505,-0.00321841,0.732059,-1.44892,0.200298,0.798408,-1.24162,-0.180002,0.903067,-1.24499,-0.0466036,0.94725,-1.69368,-1.03982,0.446499,1.72363,0.183268,1.22385,0.120863,0.407237,1.20503,0.00854571,2.51707,1.70386,2.32876,
-1.4499,2.25017,13.4632,10.5961,-10.5552,25.5267,-8.10228,-11.9738,12.569,-3.38715,-9.07984,-0.950916,0,0,0,0,0,0,0,0,0,0,0,0,-0.0357534,0.602586,-1.51379,0.0028967,0.979265,-1.5728,-0.0443468,1.19292,-1.49208,0.0134315,1.08431,-1.65155,-0.0581248,0.687218,-1.28231,0.198405,0.817827,-1.11212,-0.183174,0.97915,-1.25741,-0.0549114,0.930793,-1.66951,0.159619,1.74878,-1.95113,0.11407,1.21895,-0.505299,0.339493,0.157544,0.901057,-0.270331,0.462901,-0.0991546,
-4.71688,6.39019,20.4422,8.77163,-8.83728,23.2146,-5.58046,-11.6512,8.91111,1.20473,2.92152,-4.76785,0,0,0,0,0,0,0,0,0,0,0,0,-0.0309575,0.626223,-1.54132,0.00714471,0.996927,-1.58323,-0.0365457,1.18857,-1.47303,-0.00290607,1.06312,-1.63731,-0.11131,0.775047,-1.18097,0.17348,0.861747,-1.16506,-0.125926,0.966841,-1.30208,-0.0215807,1.05748,-1.7136,0.216357,1.30553,-1.66119,0.274036,1.01991,-0.573251,0.483305,-0.395538,1.31022,-1.62315,-2.35036,1.52432,
-4.32525,8.44883,18.1984,11.2375,-13.5059,20.1946,-4.65323,-14.8195,8.02273,-0.219971,-2.58109,18.844,0,0,0,0,0,0,0,0,0,0,0,0,-0.0274898,0.655235,-1.56711,0.0117899,1.01945,-1.58741,-0.0271191,1.18542,-1.44477,-0.0190666,1.06207,-1.66349,-0.107236,0.83761,-1.23973,0.216201,0.797112,-1.21893,-0.105707,0.920626,-1.29199,-0.0266327,1.05114,-1.34171,-0.0442289,1.15037,-0.51259,0.00372079,0.928837,0.191864,0.24063,0.185895,1.01486,-0.142664,1.43966,-3.05701,
-7.70388,13.7678,31.3148,4.42264,-13.9978,0.0114627,1.15766,-18.1244,-7.35327,6.33532,3.04952,-13.1693,0,0,0,0,0,0,0,0,0,0,0,0,-0.0251444,0.677826,-1.57119,0.0148641,1.0353,-1.57617,-0.0199901,1.19063,-1.4232,-0.02935,1.03681,-1.62313,-0.155324,0.951071,-1.00197,0.105505,0.792714,-1.57082,0.0136331,0.866579,-1.55037,0.069841,0.98402,-1.80551,0.395625,0.916833,-0.0208327,0.409178,0.47662,0.754343,0.502997,0.219139,0.957148,-0.639867,-4.32936,8.3699,
-9.62297,18.6586,35.1529,1.05779,-24.9407,-10.1118,0.452203,-18.0286,-19.8988,2.59074,-14.2495,33.3585,0,0,0,0,0,0,0,0,0,0,0,0,-0.0153918,0.694299,-1.57144,0.0248787,1.04163,-1.559,-0.00669705,1.19104,-1.40447,-0.0123636,1.04453,-1.61383,-0.184395,1.05593,-0.931058,0.0505085,0.599979,-1.73676,0.0169345,0.859682,-1.76043,0.0761391,0.841936,-1.02866,0.238397,0.895311,0.181175,0.255891,0.472478,0.893992,0.616386,-0.142483,0.855168,1.65594,2.25961,-3.13207,
-15.0714,22.8799,37.4218,-3.90037,-19.2204,-23.5617,2.47095,-10.5781,-9.17943,12.4224,-13.5414,19.7565,0,0,0,0,0,0,0,0,0,0,0,0,-0.0166717,0.710881,-1.56427,0.0195233,1.04593,-1.54837,0.00150327,1.18268,-1.42991,0.0067773,1.04046,-1.60094,-0.286068,1.14332,-0.88325,-0.062259,0.664922,-1.97523,0.0613739,0.956501,-1.62468,0.229473,0.792246,-1.23496,0.185136,0.657476,0.0913664,-0.434659,-1.26168,0.225054,0.597773,-1.35417,-4.08829,-0.126657,-0.0801516,0.99316,
-19.5854,26.6679,38.1897,-3.94799,-15.2078,7.10657,-0.292627,3.60174,10.3526,18.6666,-21.7118,11.8324,0,0,0,0,0,0,0,0,0,0,0,0,-0.0111764,0.723404,-1.56835,-0.00205546,1.02253,-1.61863,0.021183,1.12552,-1.57143,0.00129696,1.02248,-1.56557,-0.366513,1.22097,-0.875912,-0.13266,0.711065,-1.53919,0.0440652,1.10236,-1.43159,0.32895,0.596831,-1.33632,0.0304435,0.50783,-0.282331,-2.35293,-1.39857,-7.29864,1.12811,-3.54595,-7.09756,-0.469597,-1.23543,2.07111,
-21.7565,22.3919,37.1702,2.42714,1.96337,15.412,-2.6784,5.92106,13.05,21.1859,-30.1467,7.93444,0,0,0,0,0,0,0,0,0,0,0,0,-0.0118774,0.731299,-1.57231,-0.0667598,0.971081,-1.75637,0.0446188,1.04753,-1.67637,-0.00811658,0.997844,-1.52561,-0.407282,1.14717,-0.896977,-0.143147,0.863695,-1.501,0.0271331,1.03011,-1.46254,0.364769,0.414206,-1.36595,0.00677964,0.349744,-0.0721789,-4.82066,-5.72333,-3.64413,1.2485,-5.00282,-3.43805,-0.492523,-1.42063,2.25827,
-17.65,13.7138,31.185,-0.388408,19.8432,-5.26465,-0.716834,10.9079,-0.340615,18.9388,-27.4157,6.7966,0,0,0,0,0,0,0,0,0,0,0,0,-0.00704677,0.737373,-1.56917,-0.141566,0.788407,-1.70724,0.0535688,0.923085,-1.66542,-0.0158393,0.967138,-1.47702,-0.319179,0.992916,-1.00021,-0.179595,0.928409,-1.76728,0.0251952,0.975207,-1.65014,0.321386,0.435631,-1.33907,0.351062,0.24809,0.288311,-1.2387,-8.83131,5.23308,-0.613609,-5.84815,3.14874,-0.284666,-1.32159,2.10799,
-15.9217,8.73974,24.7227,-5.0168,14.9292,4.11082,2.15998,5.44007,-4.76937,18.1166,-29.4553,6.68234,0,0,0,0,0,0,0,0,0,0,0,0,0.000935642,0.742877,-1.56298,-0.136816,0.674699,-1.64043,0.0300541,0.845912,-1.61172,-0.0206226,0.950929,-1.44795,-0.280609,0.913696,-1.11085,-0.202332,0.835431,-1.56101,0.0179795,0.859842,-1.68529,0.300335,0.397061,-1.31574,0.317623,0.476582,0.384978,1.02793,-4.42834,0.686226,-2.05388,-3.3992,1.92715,-0.337413,-0.732659,1.57129,
-18.8501,7.40764,31.0997,-3.99941,2.71423,20.3084,5.42206,1.42769,10.4635,18.3439,-36.194,5.95006,0,0,0,0,0,0,0,0,0,0,0,0,0.00709249,0.759861,-1.55774,-0.112731,0.665686,-1.75306,-0.0200255,0.820081,-1.64261,-0.0288339,0.94107,-1.41722,-0.325147,0.914434,-0.992953,-0.179044,0.724858,-1.41633,0.0388614,0.840368,-1.47367,0.29698,0.269135,-1.29996,0.419545,0.795545,-0.0975692,0.256155,0.392894,-4.76868,-1.58784,-0.226835,-3.12527,-0.308449,-0.554493,1.33121,
-18.3596,4.74692,24.0153,4.36383,14.8819,-9.59766,-0.162771,13.2304,6.95116,10.6399,-24.6185,-4.16143,0,0,0,0,0,0,0,0,0,0,0,0,0.0198526,0.774583,-1.56749,-0.123627,0.614632,-1.71599,-0.0284819,0.780211,-1.6608,-0.0343154,0.915436,-1.37966,-0.29711,0.873404,-1.13515,-0.062697,0.763364,-1.83679,-0.0180786,0.926948,-1.51573,0.153175,0.425912,-1.44159,0.673934,0.500559,-0.62999,-0.736508,-4.87392,7.87662,0.534512,-3.75265,2.74092,-0.238504,-1.67661,2.01417,
-16.9258,0.84655,13.1664,4.71365,4.26645,20.8309,-1.50888,8.40208,-3.28128,14.3035,-20.0634,-4.75796,0,0,0,0,0,0,0,0,0,0,0,0,0.0289798,0.787161,-1.57951,-0.117611,0.565672,-1.60292,-0.0303622,0.712961,-1.57962,-0.0449522,0.887787,-1.34605,-0.277449,0.821393,-1.34273,0.0022041,0.694694,-1.2337,-0.083403,0.834144,-1.61908,0.195593,0.510786,-1.42731,0.0525342,0.753606,-0.382263,1.36451,2.05802,-1.39631,-1.02426,-1.2633,2.96231,-0.780731,-0.488439,0.769848,
-12.1897,-3.44102,9.39989,1.35473,2.86623,23.728,0.715823,-3.76558,8.55822,9.86282,-12.3093,-1.1929,0,0,0,0,0,0,0,0,0,0,0,0,0.0272718,0.801488,-1.58542,-0.0843899,0.620021,-1.65349,-0.0548511,0.718116,-1.55322,-0.0602326,0.8873,-1.34208,-0.194982,0.763379,-1.41789,0.00938214,0.716686,-1.21668,-0.0892194,0.68426,-1.39562,0.0947776,0.664906,-1.36353,-0.0248878,0.978205,-0.495992,2.76562,1.78205,0.790655,-1.89533,1.38434,0.292695,-0.972553,0.0564437,0.0346941,
-9.48178,-13.7597,5.28945,7.38101,7.32844,32.2878,-5.13984,3.79414,-1.93058,1.517,-10.3276,-10.534,0,0,0,0,0,0,0,0,0,0,0,0,0.037819,0.826745,-1.59735,-0.0593442,0.642071,-1.66238,-0.075745,0.746952,-1.53101,-0.0650381,0.89655,-1.3469,-0.116628,0.606208,-1.50523,0.094247,0.800169,-1.08262,-0.171099,0.80472,-1.53711,-0.0344141,0.725511,-1.54081,0.717971,1.18554,-0.595541,0.775642,0.994149,-1.07055,-0.0760957,-0.448643,4.25307,0.121683,0.669408,-0.34917,
-7.95993,-17.1026,1.49734,10.0956,7.80181,38.0413,-5.37406,-5.70311,28.9621,0.653264,-3.61036,1.21807,0,0,0,0,0,0,0,0,0,0,0,0,0.0525982,0.853423,-1.60703,-0.0434072,0.664396,-1.678,-0.0786459,0.750726,-1.46791,-0.0610096,0.914814,-1.37713,-0.0801416,0.573626,-1.58089,0.153555,0.83471,-0.989725,-0.180637,0.713608,-0.959858,-0.0483172,0.865336,-1.37424,0.479447,1.24635,-0.16028,0.536268,1.13851,-0.49593,-0.171227,2.663,-2.71748,0.0325971,0.646607,-2.82524,
-4.26627,-20.6402,-7.23678,11.275,12.991,39.4706,-8.8497,4.22378,31.0904,-0.0786035,16.0884,-3.84256,0,0,0,0,0,0,0,0,0,0,0,0,0.0590922,0.874571,-1.6058,-0.0360396,0.684714,-1.68087,-0.087907,0.794799,-1.50547,-0.0609766,0.914269,-1.43126,-0.016019,0.522793,-1.73573,0.172262,0.946397,-0.963376,-0.251619,0.923661,-0.952621,-0.0640728,1.18221,-1.51518,0.0982917,0.939909,0.241793,0.132044,1.01927,-0.0225211,-0.112342,2.08265,-1.82279,-0.0666799,-0.983074,-2.06103,
0.512297,-13.7629,-17.0026,19.0688,7.62937,39.0979,-9.93512,5.46019,40.5646,-1.59514,-7.33034,9.90822,0,0,0,0,0,0,0,0,0,0,0,0,0.0444323,0.878851,-1.60143,-0.0474197,0.708322,-1.6754,-0.100263,0.837833,-1.53686,-0.0570069,0.96674,-1.51807,0.0298558,0.621981,-1.91347,0.276519,0.876646,-0.960827,-0.301543,0.990308,-0.808814,-0.0688185,0.963743,-1.38061,-0.955638,-0.26544,-0.425349,-0.910664,1.18435,0.542754,-0.825663,2.12795,-1.39281,0.687637,5.21128,-6.26099,
-0.444982,-10.3498,15.8013,15.35,18.0285,32.269,-10.9657,7.36386,36.7502,-3.06031,0.444914,-21.6964,0,0,0,0,0,0,0,0,0,0,0,0,0.0344728,0.846429,-1.64997,-0.0609273,0.729061,-1.65717,-0.113268,0.880009,-1.56126,-0.045318,1.03591,-1.58695,0.0368198,0.626273,-1.40186,0.218838,1.07087,-1.06359,-0.315189,1.05127,-0.897939,-0.0991625,1.02199,-1.96427,0.417502,-1.27913,-5.74762,0.0269459,0.560603,1.00806,-0.101821,1.49478,-0.713444,0.071903,-0.880229,2.51726,
1.0497,3.68972,9.84425,17.3186,12.4629,34.0798,-10.7245,7.54007,39.8406,-1.46201,-13.3352,-11.2488,0,0,0,0,0,0,0,0,0,0,0,0,0.0423347,0.812283,-1.74305,-0.0596174,0.736076,-1.63894,-0.114175,0.901079,-1.56884,-0.0486068,1.01321,-1.53658,0.0637788,0.766128,-1.57531,0.245509,0.977244,-1.01105,-0.319187,1.07381,-0.847565,-0.0838719,0.822612,-1.75528,0.0943471,-4.52963,-1.64985,-0.390289,0.582781,1.20991,-0.400816,1.4256,-0.454253,-0.347325,2.07458,-2.07881,
3.10549,11.5103,-12.8838,13.0639,17.2883,24.9592,-11.5452,5.98876,33.9105,1.44349,3.19289,12.837,0,0,0,0,0,0,0,0,0,0,0,0,0.0375756,0.656573,-1.65821,-0.0704828,0.749471,-1.61027,-0.121656,0.931159,-1.57669,-0.0609566,1.08156,-1.69422,0.0944076,0.695766,-1.86263,0.169257,1.07347,-1.147,-0.326127,1.06794,-0.961467,-0.053891,1.15978,-1.50677,0.0147471,-6.80337,4.37453,0.0885415,0.386644,1.38898,0.217643,1.11579,-0.195267,-0.767184,0.806918,-6.73899,
1.10113,-0.782835,29.4085,8.01764,21.9255,22.2853,-11.9237,7.10491,34.9593,0.24746,29.2479,-3.01411,0,0,0,0,0,0,0,0,0,0,0,0,0.0423319,0.575432,-1.67789,-0.0532558,0.755898,-1.57669,-0.106265,0.958449,-1.5818,-0.0725902,1.03182,-1.75617,0.0686395,0.569311,-1.19333,0.115362,1.16353,-1.16248,-0.307355,1.12323,-0.948823,-0.0637063,1.47951,-1.80032,0.251484,0.3245,-7.35337,0.913717,0.359441,1.32363,0.628171,1.42385,-0.387691,0.175382,-3.36375,1.56278,
6.05814,13.1747,8.40852,12.0524,12.5248,24.6485,-5.78649,1.0533,35.1603,-2.37971,12.1246,29.2594,0,0,0,0,0,0,0,0,0,0,0,0,0.035622,0.570591,-1.76213,-0.0479148,0.766515,-1.55702,-0.104345,0.986884,-1.59119,-0.0594268,1.0144,-1.74774,0.112285,0.721986,-1.59458,0.159044,1.01971,-1.10088,-0.221624,1.0594,-0.957446,-0.0670752,1.30644,-1.23988,-1.33939,-3.52582,2.1502,-0.487049,1.01898,1.17178,-0.482809,2.13458,-0.811613,1.42476,2.86382,-3.5386,
0.0909011,21.1142,-7.75725,5.89291,15.7618,11.1794,-0.122011,-10.0238,26.3548,0.512906,-10.684,-8.42343,0,0,0,0,0,0,0,0,0,0,0,0,0.0098208,0.448475,-1.57865,-0.0629777,0.792083,-1.53262,-0.117936,1.04015,-1.61519,-0.0320355,1.08733,-1.76959,0.0138933,0.742101,-1.67515,0.0437841,1.10309,-1.32165,-0.12364,0.919509,-1.14438,-0.0140079,0.868035,-1.86162,0.0967893,-3.61076,6.53236,-0.0152767,0.97701,1.13043,-0.139421,2.46451,-1.2278,0.34808,-1.00181,8.9642,
-0.822476,-0.364879,12.1572,8.89646,0.882504,29.2992,-9.33906,0.565055,33.4802,-2.28226,-4.26034,14.968,0,0,0,0,0,0,0,0,0,0,0,0,0.0242309,0.459466,-1.56035,-0.0481404,0.820767,-1.51959,-0.110263,1.0832,-1.63124,-0.0233974,1.09475,-1.68651,0.0103524,0.548463,-1.36774,0.129317,0.882335,-0.991179,-0.271123,1.12292,-1.02244,-0.058455,1.05823,-1.4357,0.0430238,3.82524,-4.16965,0.628123,1.82092,-0.630277,0.357637,1.17801,0.0100266,0.257522,1.63789,-3.12974,
-2.15614,6.0182,13.7058,8.57617,4.01349,27.1476,-6.60858,1.9503,23.1255,3.21273,16.2219,-2.87936,0,0,0,0,0,0,0,0,0,0,0,0,0.0148806,0.534038,-1.64314,-0.0405952,0.848642,-1.53226,-0.105902,1.08942,-1.61942,-0.0327093,1.07689,-1.70734,-0.0413282,0.699799,-1.40116,0.11884,0.949578,-1.04509,-0.217606,1.12307,-1.19256,-0.00347008,1.2779,-1.73712,-0.680249,2.25355,-1.05821,0.140176,1.11852,-0.942198,0.338112,-0.0723353,0.93873,-1.16696,-3.75749,3.31059,
5.41636,5.29478,-20.7553,10.0591,-0.0987757,19.834,-8.06423,-5.30794,23.3134,-3.19176,-11.5679,25.7288,0,0,0,0,0,0,0,0,0,0,0,0,-0.0153686,0.543336,-1.55488,-0.0363068,0.871244,-1.5412,-0.0959063,1.09715,-1.60738,-0.025759,1.0719,-1.69192,0.0287739,0.646519,-1.88885,0.152324,0.897765,-1.18035,-0.228824,1.02711,-1.18375,-0.0345469,0.964201,-1.25216,-2.17347,0.276565,6.36623,0.229527,1.13269,0.0340755,0.548172,1.05862,-0.0368889,1.96976,4.10501,-4.11151,
1.04979,-18.2056,17.5974,5.46485,3.32796,15.534,-8.19518,-2.06903,26.9194,-1.27961,4.13158,-29.2546,0,0,0,0,0,0,0,0,0,0,0,0,-0.0424799,0.594119,-1.49526,-0.0202981,0.893367,-1.54111,-0.0758787,1.1194,-1.60891,-0.00120337,1.0878,-1.65821,-0.0108053,0.389711,-1.20511,0.113725,0.972307,-1.261,-0.191586,1.09177,-1.11721,-0.0423038,1.01047,-2.10507,0.5035,5.0641,-4.37192,1.38648,0.737266,-0.341533,1.33184,0.399426,0.331038,-0.713394,-6.09796,12.4736,
-2.66126,-4.5835,10.0326,5.58544,-4.20356,31.5245,-12.8737,7.87336,24.25,-5.47864,-8.30571,13.9603,0,0,0,0,0,0,0,0,0,0,0,0,-0.0180568,0.66967,-1.59742,0.00608809,0.902965,-1.55226,-0.0496343,1.11072,-1.59024,0.020319,1.08996,-1.66983,-0.0400856,0.616216,-1.4254,0.128309,0.846922,-0.986999,-0.258331,1.22835,-1.13834,-0.0722071,0.984092,-1.4533,1.05431,1.19529,-1.52396,0.826688,0.815424,-1.16004,1.01481,-1.02075,1.61215,0.283419,1.806,-5.46944,
-2.32805,2.82586,19.5003,6.56552,-1.305,26.1548,-3.28721,-1.71307,16.7572,10.5703,12.8323,-1.24026,0,0,0,0,0,0,0,0,0,0,0,0,-0.0163172,0.627104,-1.51899,0.00345954,0.925685,-1.58391,-0.045724,1.07948,-1.54262,-0.0424742,1.0968,-1.78588,-0.0618713,0.710929,-1.17871,0.119651,0.921164,-1.11345,-0.108572,1.02497,-1.22507,0.0319851,1.21855,-1.78113,-0.129037,1.29785,-2.09252,-0.127256,0.768263,-0.745206,-0.123208,-0.934412,1.88762,-4.70914,-4.46245,4.00362,
-4.24635,7.87763,11.1428,9.56833,-6.64554,16.5048,-5.30649,-7.32215,16.6084,-1.981,1.98109,12.3529,0,0,0,0,0,0,0,0,0,0,0,0,-0.00848914,0.650316,-1.53666,0.0112287,0.939344,-1.58205,-0.0385289,1.0771,-1.51638,-0.0612558,1.02687,-1.68413,-0.0769374,0.819518,-1.33317,0.194156,0.835846,-1.27663,-0.124088,0.962475,-1.21051,-0.0260019,1.08892,-1.45877,0.350326,1.03886,0.131413,0.3583,0.693209,0.781155,0.436885,0.740224,0.572143,2.85088,1.0412,0.112026,
-3.96652,8.48409,9.34487,10.3041,-9.65207,12.3777,-1.91842,-10.5508,10.7459,-1.05837,-4.54393,2.88671,0,0,0,0,0,0,0,0,0,0,0,0,-0.00848352,0.67087,-1.52212,0.0114614,0.956254,-1.56174,-0.0355426,1.09337,-1.50963,-0.0149517,1.05482,-1.68427,-0.0855504,0.845274,-1.34678,0.19398,0.800019,-1.33143,-0.0706777,0.924715,-1.31077,0.00978721,0.975274,-1.61058,-0.19793,0.805912,0.796212,-0.193108,0.770283,0.772301,-0.010184,0.927101,0.510429,1.75928,0.122894,3.10984,
-5.26979,6.5352,5.08733,8.87228,-11.9376,15.3135,-5.49784,-10.2824,6.88679,-1.02653,-11.4736,8.89394,0,0,0,0,0,0,0,0,0,0,0,0,-0.0108924,0.683584,-1.51122,0.00917984,0.968329,-1.55058,-0.037462,1.10931,-1.49482,-0.00408559,1.0372,-1.57954,-0.104349,0.823895,-1.41625,0.173278,0.768825,-1.26751,-0.131752,0.934676,-1.36385,-0.0168438,0.8697,-1.42292,0.0943015,0.85956,0.363584,0.111375,0.701741,0.681252,0.226843,0.492847,0.844749,0.236237,1.64433,-0.746648,
-7.31914,3.12325,13.4639,6.27048,-8.73583,13.5899,-5.68073,-9.87964,1.86409,-2.4897,-10.4063,-2.7665,0,0,0,0,0,0,0,0,0,0,0,0,-0.00284799,0.703217,-1.51319,0.0183404,0.981251,-1.54045,-0.0268869,1.11297,-1.47307,0.00701612,1.0509,-1.57292,-0.119437,0.782029,-1.27241,0.148948,0.833512,-1.29178,-0.113688,0.926881,-1.43075,-0.0220276,0.856317,-1.61469,0.659446,0.881042,-0.589509,0.663976,0.443768,0.232034,0.659406,-0.258463,1.23669,0.648938,-0.215036,1.25167,
-8.20305,4.56269,18.111,6.55879,-13.6761,15.3745,-1.24804,-11.2725,-3.44881,2.21294,-6.50393,-4.43224,0,0,0,0,0,0,0,0,0,0,0,0,0.00825995,0.721642,-1.52954,0.0293765,0.992322,-1.54254,-0.0169057,1.09897,-1.43809,0.00837378,1.03142,-1.53976,-0.140366,0.821533,-1.20377,0.149144,0.758655,-1.26512,-0.0401289,0.878456,-1.49061,0.0223255,0.87787,-1.61192,0.0208251,0.677305,-0.516206,0.0206742,0.599594,-0.310252,-0.0212641,-0.622213,1.49478,-1.05134,-1.41183,1.23688,
-9.58703,7.57744,21.143,5.35011,-14.808,9.36341,0.345648,-12.7484,-7.27555,2.88924,-3.38496,4.77399,0,0,0,0,0,0,0,0,0,0,0,0,0.0073705,0.73255,-1.5358,0.0284652,1.00243,-1.54668,-0.0186179,1.09218,-1.41729,-0.00308848,1.01864,-1.53571,-0.16591,0.888084,-1.1535,0.126744,0.748232,-1.37704,-0.0122298,0.855492,-1.5423,0.041091,0.932692,-1.44923,0.0411504,0.71049,-0.309564,0.0401593,0.601697,-0.0888126,0.00414572,-0.195764,1.06668,-0.334089,-0.975942,-0.0472087,
-11.5196,11.8392,25.9366,2.0495,-21.558,-4.12266,0.553149,-13.4385,-10.0919,5.60953,-11.0474,16.6786,0,0,0,0,0,0,0,0,0,0,0,0,0.00980448,0.748992,-1.53793,0.0308343,1.01541,-1.54328,-0.0132855,1.0926,-1.40727,-0.00178995,1.00057,-1.534,-0.198985,0.983263,-1.06534,0.0685295,0.639456,-1.61648,0.00806758,0.841857,-1.59164,0.0987655,0.826989,-1.234,0.0263221,0.760508,0.148865,0.0172662,0.640255,0.2565,0.451832,-0.256274,-0.128082,-0.0574368,1.09109,-0.476331,
-16.1628,16.3888,35.955,-4.48544,-25.231,-21.1299,2.51245,-2.48484,-5.60463,12.4979,-13.703,17.1216,0,0,0,0,0,0,0,0,0,0,0,0,0.0116301,0.76479,-1.53628,0.0322003,1.02812,-1.54009,-0.000235487,1.07597,-1.43176,-0.00382915,1.01678,-1.53626,-0.277975,1.07886,-0.883727,-0.0461032,0.581349,-1.92533,0.0651788,0.972951,-1.5465,0.219466,0.769836,-1.22191,0.170517,0.643708,-0.171693,0.130002,0.478779,-0.154123,0.789335,-2.31349,-1.88225,-0.157557,0.0882191,0.447836,
-20.2402,18.004,36.2216,-4.52064,-20.4032,-13.2679,1.5813,1.85433,0.00701988,19.1971,-19.7864,8.89393,0,0,0,0,0,0,0,0,0,0,0,0,0.0142264,0.775241,-1.54215,0.0224748,1.0312,-1.56697,0.0127028,1.02137,-1.48557,-0.00896524,1.01058,-1.52199,-0.352748,1.11637,-0.885974,-0.106743,0.643819,-1.83281,0.0587378,0.978122,-1.51236,0.329822,0.638556,-1.35396,0.0411575,0.55128,-0.351233,-1.88096,-0.656499,-3.60964,0.691359,-3.07844,-3.94834,-0.410025,-0.490784,0.927261,
-23.8558,16.0938,33.9741,1.70027,-5.04221,16.2996,-1.19812,2.27739,4.22762,21.4904,-30.978,10.417,0,0,0,0,0,0,0,0,0,0,0,0,0.0141691,0.787076,-1.54922,-0.056797,0.978358,-1.69229,0.0293541,0.957155,-1.5817,-0.0186337,0.998924,-1.50016,-0.41854,1.0931,-0.933487,-0.138992,0.793037,-1.44057,0.0283,0.926665,-1.53241,0.362534,0.42264,-1.3039,0.0413261,0.536297,-0.289874,-4.52436,-3.74581,-6.54629,0.829195,-2.87589,-4.04443,-0.382633,-0.521913,1.00631,
-24.3485,11.4174,35.9708,1.66622,15.6607,0.767519,-0.779515,6.65003,9.59512,20.6377,-31.8975,13.6966,0,0,0,0,0,0,0,0,0,0,0,0,0.0215706,0.798109,-1.55532,-0.139214,0.845237,-1.76183,0.0419622,0.889618,-1.6414,-0.022455,0.982971,-1.47399,-0.406422,1.01589,-0.903354,-0.172669,0.910552,-1.7286,0.0267733,0.924832,-1.47607,0.351344,0.375602,-1.21494,0.588325,0.407816,-0.299769,-2.55,-8.77701,2.82626,-0.040635,-3.42785,-1.33902,-0.0572822,-1.09658,1.46965,
-21.3331,9.95723,30.6516,-2.72752,19.6698,-0.392147,1.73096,11.6247,3.40112,20.1711,-26.7976,8.92118,0,0,0,0,0,0,0,0,0,0,0,0,0.0316406,0.803633,-1.55991,-0.152204,0.702572,-1.68509,0.0301459,0.830914,-1.64071,-0.0240508,0.962645,-1.44881,-0.343797,0.992066,-1.00448,-0.194991,0.881632,-1.67265,0.0282294,0.943107,-1.56963,0.336687,0.441763,-1.27561,0.49747,0.295694,-0.275169,0.272182,-7.14287,2.87083,-1.33554,-3.96665,1.35566,-0.240353,-1.3461,1.61367,
-20.4205,6.90879,28.8377,-2.54242,10.2538,27.2687,2.68261,7.72981,-0.96801,21.365,-28.622,4.9078,0,0,0,0,0,0,0,0,0,0,0,0,0.0378635,0.811231,-1.5653,-0.133944,0.630467,-1.7253,-0.00870366,0.759614,-1.60212,-0.0333561,0.937336,-1.41729,-0.327912,0.948441,-1.04264,-0.158524,0.795766,-1.25919,-0.00414118,0.854353,-1.61475,0.343166,0.395191,-1.32002,0.220261,0.463815,-0.243994,0.865833,-0.845359,-4.35422,-1.76849,-1.83211,0.728734,-0.477312,-0.869821,1.17876,
-19.6376,4.06647,23.2761,2.51411,17.267,-13.9903,1.84674,3.81303,16.8972,11.8423,-22.5037,7.66323,0,0,0,0,0,0,0,0,0,0,0,0,0.0457647,0.824215,-1.57253,-0.116234,0.58463,-1.71019,-0.0416257,0.750186,-1.61989,-0.0446948,0.918684,-1.3934,-0.299701,0.91155,-1.15192,-0.0510664,0.777096,-1.90115,-0.0348922,0.827031,-1.32396,0.158308,0.487333,-1.24766,0.463265,0.53596,-0.38009,0.778259,-4.85917,9.30038,-1.07374,0.300691,-1.65534,-0.492495,-0.887763,0.939221,
-15.7285,0.625271,10.2162,3.99573,12.9621,9.07488,-2.51163,13.7832,0.710791,10.7543,-10.6927,0.750839,0,0,0,0,0,0,0,0,0,0,0,0,0.0506473,0.832815,-1.57996,-0.097825,0.531537,-1.57099,-0.0550004,0.742903,-1.61649,-0.0545091,0.905605,-1.38082,-0.23411,0.857865,-1.39798,0.0152437,0.772,-1.38456,-0.118301,0.946134,-1.57922,0.122638,0.694091,-1.36281,0.0486469,0.547252,-0.55303,1.61676,0.191508,3.14389,-0.705377,-1.8949,3.57029,-0.73546,-0.684055,0.638322,
-10.7689,-9.6253,5.79059,3.39222,6.09375,35.9757,1.01966,-3.7183,3.34457,6.79297,-4.13084,-2.01926,0,0,0,0,0,0,0,0,0,0,0,0,0.0506933,0.849686,-1.59193,-0.0679548,0.593937,-1.65693,-0.0781942,0.718301,-1.50989,-0.067715,0.904529,-1.37743,-0.144832,0.699738,-1.49095,0.0607091,0.766913,-1.01088,-0.11582,0.689216,-1.43368,0.0384788,0.840323,-1.41703,0.0109186,1.0023,-0.631799,2.67949,2.48725,-1.18103,-2.2466,1.54083,2.25914,-0.692594,0.436011,-0.42431,
-9.46119,-14.2599,5.02577,11.0446,12.085,38.1853,-3.20509,-2.2799,28.6696,1.5253,-8.0335,0.381624,0,0,0,0,0,0,0,0,0,0,0,0,0.0579739,0.876821,-1.60479,-0.0462787,0.62543,-1.68027,-0.111872,0.779625,-1.50022,-0.0721998,0.928593,-1.39879,-0.102951,0.648121,-1.51655,0.166932,0.873935,-0.992757,-0.171534,0.791186,-0.992738,-0.0424547,0.816464,-1.40044,0.443883,1.22284,-0.460137,0.495976,1.15109,-0.99297,-0.0555131,2.12053,-2.02144,0.0804913,1.35742,-1.25968,
-5.14195,-20.3718,-6.48808,12.7315,12.0711,42.9946,-8.64101,2.7229,32.5117,-1.65676,-8.50772,-12.6252,0,0,0,0,0,0,0,0,0,0,0,0,0.0657701,0.896556,-1.60975,-0.0378142,0.643923,-1.68993,-0.11001,0.814234,-1.53321,-0.0678236,0.952591,-1.41754,-0.0219027,0.548092,-1.72829,0.200123,0.885794,-0.910479,-0.266652,0.902213,-0.951021,-0.0972742,0.828875,-1.65294,0.232685,0.877319,-0.0844394,0.258171,0.895848,-0.333497,0.0186949,1.53889,-1.31052,0.0268891,1.23881,-0.857606,
-0.935971,-18.0073,-29.2721,14.4493,15.607,44.8871,-14.1909,10.1412,31.6994,0.241395,6.6034,-7.22249,0,0,0,0,0,0,0,0,0,0,0,0,0.0584425,0.903221,-1.61398,-0.0398306,0.660565,-1.69244,-0.113398,0.838223,-1.54893,-0.0755733,0.976361,-1.46788,0.0222024,0.576421,-2.15137,0.215721,0.961122,-0.875734,-0.376589,1.04328,-0.974972,-0.0868594,1.11676,-1.6287,-0.768899,0.0242464,-0.75936,-0.286517,0.671704,0.0852924,-0.206963,0.826906,-0.351999,-0.627003,0.813392,-4.32725,
3.81579,-20.0412,31.5184,14.2462,17.8556,34.0204,-10.8243,12.0038,37.0801,0.268819,11.7912,10.5554,0,0,0,0,0,0,0,0,0,0,0,0,0.0345191,0.891044,-1.70305,-0.0453628,0.675702,-1.68236,-0.117315,0.860426,-1.55659,-0.0808334,1.00842,-1.61403,0.0733818,0.548792,-1.20219,0.210832,1.02069,-1.05815,-0.317811,1.11674,-0.886847,-0.0646048,1.29497,-1.48069,-1.22061,0.885302,-10.5907,-0.113093,0.813646,0.829848,-0.147594,1.52258,-0.651797,0.45364,2.88644,-8.59042,
0.599082,4.70697,19.0135,15.3646,18.6106,31.0635,-8.78752,6.61302,42.8305,-0.987697,8.90167,18.5494,0,0,0,0,0,0,0,0,0,0,0,0,0.0320659,0.877982,-1.86056,-0.0466168,0.688325,-1.66313,-0.119737,0.888987,-1.56938,-0.0709385,1.05618,-1.73763,0.0815534,0.80915,-1.51843,0.227135,1.04407,-1.08786,-0.285045,1.05557,-0.796421,-0.0738885,1.28481,-1.43859,1.5438,-6.17653,-0.52256,-0.224186,0.694843,1.53781,-0.221398,1.85389,-0.847445,0.600327,2.67127,-5.60534,
2.92934,29.1113,-22.8539,6.25254,29.9973,13.5881,0.388269,-3.68299,31.1171,3.70724,-14.0087,-3.47793,0,0,0,0,0,0,0,0,0,0,0,0,0.0547855,0.622071,-1.62067,-0.0550566,0.700355,-1.62087,-0.125919,0.931064,-1.58968,-0.0642633,1.07534,-1.72547,0.0953607,0.878571,-1.95792,0.0525566,1.25795,-1.3596,-0.123303,0.915357,-1.03108,0.0109041,0.802681,-1.74992,-0.507423,-10.9118,11.4817,-0.242776,0.487513,2.08501,-0.177721,2.05025,-1.05102,0.310521,-0.718421,5.6881,
1.36394,-2.86305,29.4898,2.88364,-3.85771,33.0346,-10.6522,1.80546,41.574,-2.53946,-7.31769,-12.7024,0,0,0,0,0,0,0,0,0,0,0,0,0.0347193,0.527387,-1.59407,-0.0279219,0.749921,-1.5982,-0.122846,0.982218,-1.61552,-0.0416472,1.04961,-1.57581,0.0477885,0.562485,-1.13512,0.0998942,0.792962,-0.999497,-0.309121,1.05993,-0.864501,-0.0779335,0.962104,-1.81201,-0.469188,3.48614,-11.3275,3.01545,4.52726,-0.282049,0.296045,1.79535,-0.715099,0.395427,1.82173,-0.770076,
4.47804,1.11278,18.1103,9.21705,5.03256,32.4442,-10.6373,11.9072,33.222,-2.04031,-4.02878,4.75249,0,0,0,0,0,0,0,0,0,0,0,0,0.0255279,0.587111,-1.77319,-0.00438097,0.799632,-1.60297,-0.120783,1.00151,-1.61827,-0.0414161,1.07824,-1.62122,0.0852774,0.59903,-1.46363,0.155654,0.913622,-1.01161,-0.314793,1.23479,-1.0122,-0.0922342,1.04399,-1.5647,-0.866777,-0.332518,-2.89116,-0.301917,0.899522,0.21445,-0.0241801,0.671444,0.29799,-0.548862,1.55994,-4.38343,
2.94301,16.6775,-33.2115,3.59564,14.8075,21.1002,-5.51947,-1.45735,23.2722,5.02217,6.70685,5.2422,0,0,0,0,0,0,0,0,0,0,0,0,0.0139499,0.469487,-1.59017,-0.0114013,0.812769,-1.59276,-0.117558,1.0081,-1.60682,-0.0645252,1.07968,-1.70259,0.071779,0.626839,-2.11936,0.0585877,1.09255,-1.2033,-0.203701,0.995847,-1.18228,-0.00208137,1.15749,-1.61208,0.172794,-5.835,10.948,0.184547,0.422119,0.853882,0.568428,0.569719,0.206245,-1.15473,-1.76516,-0.70468,
-0.128614,-6.90023,18.1967,6.18729,8.86772,21.0298,-10.9061,2.65949,36.8309,-2.89823,16.6182,-7.85561,0,0,0,0,0,0,0,0,0,0,0,0,0.026515,0.450889,-1.5294,0.00148036,0.824596,-1.5692,-0.101418,1.03524,-1.61277,-0.0635765,1.03457,-1.67674,0.0409668,0.463793,-1.2647,0.129408,1.00655,-1.1802,-0.285482,1.12737,-0.946697,-0.0753635,1.31229,-1.81283,0.671608,5.53447,-9.7013,0.617252,0.828896,0.973411,0.569108,1.7511,-0.52573,1.63633,-0.97717,0.987548,
5.28422,-8.68673,32.2556,15.6061,-5.6641,33.0522,-6.36004,4.18106,40.1426,-4.46191,6.83831,7.82512,0,0,0,0,0,0,0,0,0,0,0,0,0.0254825,0.573487,-1.77378,-0.000174374,0.845717,-1.55874,-0.102812,1.06724,-1.61973,-0.0326416,1.05179,-1.69651,0.0947158,0.492741,-1.23542,0.256982,0.778832,-0.956263,-0.238912,1.18269,-0.890788,-0.0866964,1.26213,-1.58531,-1.07374,3.08778,-7.05592,-1.06362,1.44394,0.224054,-0.818501,1.57732,-0.136109,1.08283,3.44037,-4.55805,
1.79495,20.7241,-40.1268,5.4626,4.74939,25.1452,-0.525344,-12.5472,24.8646,-1.38904,-17.2341,9.24419,0,0,0,0,0,0,0,0,0,0,0,0,0.0196804,0.47947,-1.60696,-0.0239702,0.8732,-1.55137,-0.116446,1.09474,-1.6199,-0.0219721,1.12459,-1.78431,0.0786387,0.646489,-2.22319,0.0673883,0.980313,-1.08891,-0.121077,0.894282,-1.16844,-0.0414779,0.840432,-1.61649,1.05291,-8.39126,16.6253,-0.318458,0.830437,0.772646,0.19681,1.10675,-0.0919096,0.229979,1.16758,-0.0385972,
-3.32205,-6.97294,8.65099,5.03681,5.44577,15.4771,-10.5392,1.24913,29.2491,-1.25819,11.2083,-28.4435,0,0,0,0,0,0,0,0,0,0,0,0,0.0527322,0.3949,-1.40226,-0.0143129,0.885739,-1.53108,-0.0988554,1.11484,-1.61825,-0.0305617,1.07007,-1.66469,0.036,0.376064,-1.28896,0.098313,0.997766,-1.24492,-0.266249,1.15196,-1.0829,-0.0764091,1.12447,-2.11687,1.74675,4.3178,-6.45171,0.841899,0.52052,0.697238,0.969084,0.576308,0.520099,-0.918846,-5.97541,9.52957,
1.52761,-8.6575,24.8874,16.4232,-10.21,34.7994,-8.84981,13.1533,30.4459,-0.965648,-18.9753,44.2498,0,0,0,0,0,0,0,0,0,0,0,0,0.0631875,0.541333,-1.69157,-0.0106428,0.903223,-1.52926,-0.0910711,1.11454,-1.59124,-0.0286007,1.11809,-1.74764,0.0555628,0.442666,-1.28276,0.2598,0.747878,-0.900636,-0.267843,1.34113,-1.02597,-0.0656604,0.93112,-1.03012,-1.41598,2.34968,-6.40798,-1.12645,1.21163,-0.59964,-0.634646,-0.5025,1.71667,-0.780097,6.32149,-12.7633,
-1.38924,17.0401,-16.1316,5.44939,9.85467,32.2238,-4.96133,-3.8676,18.6425,5.04497,12.5186,1.80174,0,0,0,0,0,0,0,0,0,0,0,0,0.0460642,0.498089,-1.645,-0.02703,0.919803,-1.5414,-0.0979167,1.0985,-1.56001,-0.0560482,1.17529,-1.90616,0.0337373,0.66246,-1.87637,0.0773188,1.10866,-0.958165,-0.170952,0.993591,-1.2077,-0.0359491,1.28163,-1.84343,0.517275,-5.81801,9.0842,0.210754,0.387272,-0.388984,0.686811,-1.38354,1.95919,-2.86511,-4.85064,4.39572,
0.839513,2.08395,8.7844,5.54238,0.570471,9.96121,-12.3316,-3.02541,21.0938,-3.14425,7.13477,-29.8286,0,0,0,0,0,0,0,0,0,0,0,0,0.0619839,0.413288,-1.48118,0.0044041,0.919288,-1.52981,-0.0623234,1.08606,-1.53438,-0.0727889,0.980881,-1.58397,0.0517894,0.497774,-1.33123,0.132997,0.940261,-1.3412,-0.254648,1.05178,-1.14883,-0.0738429,1.05315,-2.07726,-1.01833,1.86382,-1.43279,1.11288,0.424036,1.10045,1.27543,0.829051,0.296838,2.24457,-2.29834,7.19479,
6.5581,-4.45462,-0.101295,16.4428,-17.1138,26.6242,-11.5109,2.23751,27.3103,-3.08139,-27.0962,54.6272,0,0,0,0,0,0,0,0,0,0,0,0,0.00417636,0.503966,-1.59818,0.0061665,0.9456,-1.50963,-0.0513892,1.11839,-1.53102,-0.0387384,1.09602,-1.73082,0.0613278,0.451438,-1.60211,0.287903,0.671606,-1.02521,-0.263779,1.18171,-1.03101,-0.077621,0.803701,-0.841039,-2.48347,1.1386,-0.307413,-0.688947,1.48662,0.05016,-0.124018,0.90561,0.507805,0.685708,8.01374,-15.1717,
-7.37643,9.63866,12.754,3.12535,3.50545,16.924,-4.15827,-5.68188,21.2889,7.6693,16.123,-14.526,0,0,0,0,0,0,0,0,0,0,0,0,-0.00328291,0.490237,-1.55641,0.00630912,0.963306,-1.51475,-0.0442745,1.11884,-1.5153,-0.0554979,1.11504,-1.82545,-0.0892254,0.626555,-1.30498,0.0966314,1.03671,-1.20889,-0.0827059,0.996505,-1.11906,0.00735628,1.15837,-2.00228,1.92698,-1.5572,2.86676,1.33991,0.386636,-0.270467,1.48694,-0.761049,1.34444,-3.0635,-9.99245,12.8013,
-0.374177,19.5507,-2.14925,6.10914,-13.4102,6.10492,-7.57263,-5.04117,10.8129,-0.318462,-11.4534,5.29788,0,0,0,0,0,0,0,0,0,0,0,0,0.0240116,0.46117,-1.48383,0.0454466,0.966552,-1.51571,-0.00532286,1.1027,-1.48706,-0.0705352,0.905961,-1.5009,-0.0336081,0.795644,-1.48963,0.177566,0.739613,-1.40511,-0.113291,1.00142,-1.28202,-0.0239429,0.779886,-1.4355,-2.03266,-0.839793,4.8817,0.841746,0.675305,-0.0585638,1.18865,-0.384773,1.23682,2.0953,3.2867,-4.53536,
-5.31137,4.69281,34.8131,5.65162,-10.522,14.1747,-5.799,-2.31677,12.0967,-1.0234,2.20257,13.4472,0,0,0,0,0,0,0,0,0,0,0,0,-0.000706962,0.510337,-1.5196,0.0483584,0.989705,-1.52196,0.00410794,1.09803,-1.45744,-0.0298219,1.0177,-1.69287,-0.100926,0.708854,-0.926468,0.161738,0.822586,-1.26903,-0.0895767,1.04095,-1.22673,-0.0377324,1.0564,-1.46397,-0.145965,4.52774,-5.84206,0.424921,0.967558,-0.70342,0.47007,-0.598161,1.57962,0.427873,-0.0536568,-2.28733,
-8.40015,21.8508,39.9622,0.437495,-18.5379,-3.14548,4.55341,-11.9899,-4.0586,9.09358,10.35,-9.47906,0,0,0,0,0,0,0,0,0,0,0,0,-0.0139474,0.574587,-1.57096,0.0589925,1.00561,-1.54,0.0140427,1.08252,-1.42847,-0.0367524,0.944002,-1.61625,-0.177067,1.009,-0.850874,0.0687731,0.692833,-1.60242,0.0963603,0.852652,-1.49256,0.103925,1.02449,-1.74409,-0.415597,1.485,-0.953828,0.0730457,0.971083,-0.766771,-0.0188697,-0.474747,1.42253,-0.986433,-4.30789,6.52842,
-4.64416,20.7237,39.9225,-0.308882,-30.6535,-20.9406,5.36914,-12.2191,-20.5156,3.5262,-12.7962,28.4379,0,0,0,0,0,0,0,0,0,0,0,0,-0.0273814,0.607628,-1.58928,0.0458367,1.03114,-1.54426,0.00588202,1.08978,-1.41066,-0.0175267,0.935475,-1.55138,-0.135069,1.02138,-0.863031,0.0173237,0.510362,-1.92456,0.106104,0.876781,-1.78022,0.126999,0.788746,-1.04865,-0.92993,1.47825,0.0561467,-0.915878,1.46239,0.0648239,0.104054,0.366576,0.50512,3.21651,3.43714,-2.10013,
-11.8295,25.2366,31.163,-3.2275,-21.7088,-16.1385,-0.844639,-16.4861,-7.15438,15.8122,-24.531,27.3895,0,0,0,0,0,0,0,0,0,0,0,0,-0.0476723,0.639357,-1.57925,0.0147615,1.0464,-1.56585,0.010922,1.11779,-1.462,0.0349773,0.997044,-1.57697,-0.270831,1.13476,-1.01081,-0.0820008,0.621021,-1.87953,0.0400455,0.840582,-1.63112,0.308147,0.609022,-1.08835,-0.323094,1.46214,0.269619,-1.52322,-1.22693,-2.96942,1.77922,0.90174,-5.72624,-0.572982,2.31985,-1.37424,
-17.2634,26.383,35.6015,-3.78642,-5.92834,11.7554,-6.59224,-5.80732,9.9675,15.9477,-34.1856,15.8042,0,0,0,0,0,0,0,0,0,0,0,0,-0.0437401,0.66178,-1.5816,-0.012015,0.999932,-1.64556,0.0562671,1.11146,-1.57871,0.0314443,1.01589,-1.57885,-0.346511,1.17279,-0.938306,-0.1419,0.79426,-1.47646,0.0106288,0.951728,-1.44488,0.319246,0.397855,-1.28539,0.444351,1.25269,-0.58707,-2.44163,-3.91537,-6.54734,2.96883,-2.16571,-6.95181,-0.0862661,0.140956,0.895754,
-19.2192,22.0211,44.1859,3.55847,16.5197,7.96064,-1.34313,12.2021,5.05065,17.6391,-29.8206,6.16186,0,0,0,0,0,0,0,0,0,0,0,0,-0.0355561,0.682099,-1.60582,-0.105247,0.8488,-1.75453,0.0879664,0.983167,-1.6567,0.0255454,0.98607,-1.52989,-0.379243,1.09558,-0.809721,-0.143384,0.926338,-1.60485,0.0474641,1.02036,-1.55963,0.334665,0.393627,-1.40015,0.230097,0.524022,-1.06752,-4.11344,-8.91281,0.725776,-0.643269,-7.3864,0.768722,-0.463638,-2.01003,2.5971,
-17.3153,19.1425,36.4207,-5.25332,18.3236,5.50549,4.56603,10.6465,-0.448323,19.9303,-27.4652,6.41294,0,0,0,0,0,0,0,0,0,0,0,0,-0.0269119,0.694747,-1.62277,-0.133423,0.672641,-1.7075,0.0444148,0.845134,-1.6292,0.0184554,0.954887,-1.48933,-0.331258,1.06111,-0.963029,-0.208265,0.864961,-1.60129,0.0621895,0.934265,-1.62995,0.369136,0.416398,-1.35764,0.419074,0.73279,-0.359549,0.826943,-5.6335,0.896169,-2.60976,-4.1777,1.08548,-0.467578,-1.56487,2.21231,
-16.968,13.7251,35.4168,-6.89493,10.9595,6.73883,5.27163,4.81604,6.97875,20.1757,-32.5792,11.3406,0,0,0,0,0,0,0,0,0,0,0,0,-0.0209627,0.708896,-1.62388,-0.112012,0.615401,-1.71297,0.00634657,0.805487,-1.64003,0.00609213,0.939103,-1.45688,-0.320032,0.983256,-0.979888,-0.20891,0.755151,-1.59691,0.0564428,0.856265,-1.52529,0.358595,0.342134,-1.2439,0.37759,0.992511,0.00805131,1.1386,-2.38051,-0.94875,-1.83006,-1.47144,-1.78096,-0.573145,-0.184789,0.99539,
-18.2685,10.1817,35.5791,-2.34412,10.9414,5.41174,0.996084,7.52056,3.79081,18.3107,-31.5517,7.32267,0,0,0,0,0,0,0,0,0,0,0,0,-0.0114403,0.731476,-1.62559,-0.106293,0.581657,-1.72726,-0.00723354,0.774148,-1.66648,-0.00468543,0.936108,-1.4368,-0.330693,0.940466,-0.980315,-0.160299,0.743917,-1.62682,0.0173992,0.851768,-1.5922,0.31834,0.352033,-1.29604,0.516078,0.954761,-0.237347,-0.455421,-1.46697,0.300306,0.260886,-2.36472,0.785113,-0.395845,-0.416319,1.11889,
-18.7479,7.6952,27.8126,2.79545,10.0791,7.10989,-0.449048,8.18756,2.46566,16.8673,-28.6577,1.28211,0,0,0,0,0,0,0,0,0,0,0,0,0.00162187,0.753157,-1.63264,-0.121674,0.558757,-1.7039,-0.0046219,0.718878,-1.62511,-0.014531,0.921567,-1.40708,-0.326518,0.915341,-1.12867,-0.0821728,0.737072,-1.56758,-0.0248551,0.830965,-1.57162,0.279488,0.384738,-1.37544,0.509213,0.890872,-0.250246,-0.453027,-0.197666,1.03437,-0.482746,-1.47109,1.27051,-0.506373,-0.631188,1.2218,
-18.6261,3.85752,20.6234,5.27616,9.78677,9.2162,-0.606826,6.34523,8.2233,13.3391,-24.135,-1.49796,0,0,0,0,0,0,0,0,0,0,0,0,0.0101795,0.767824,-1.6366,-0.119438,0.563948,-1.68228,-0.0184236,0.70782,-1.6136,-0.0230213,0.91195,-1.38859,-0.314242,0.861652,-1.26357,-0.00205073,0.756452,-1.50124,-0.0593095,0.818219,-1.4608,0.206159,0.458833,-1.40845,0.569445,0.947656,-0.284657,0.858284,0.582485,1.97555,-1.19411,-0.198733,0.481608,-0.533911,-0.571915,1.08117,
-16.8994,-3.88155,14.6907,7.21324,9.03331,25.1352,-0.29866,3.13363,0.502849,8.86789,-21.5421,-7.22204,0,0,0,0,0,0,0,0,0,0,0,0,0.0223711,0.789916,-1.64412,-0.0829336,0.58603,-1.63429,-0.0503468,0.707946,-1.58458,-0.0346246,0.903313,-1.37018,-0.267466,0.747635,-1.37864,0.0691076,0.786727,-1.1906,-0.0815782,0.76616,-1.55586,0.122558,0.513431,-1.49766,0.696978,1.13169,-0.238449,0.835659,1.45818,-1.95319,-1.03205,0.0495824,2.87122,-0.162083,0.0717362,0.561893,
-12.9321,-11.9167,7.49944,9.00111,9.91689,27.2655,-0.694955,-3.33269,1.34282,1.53372,-18.9687,-11.9814,0,0,0,0,0,0,0,0,0,0,0,0,0.0381407,0.816486,-1.64898,-0.0651352,0.612878,-1.66442,-0.0729864,0.717042,-1.51128,-0.0364715,0.912864,-1.36659,-0.175417,0.632174,-1.51347,0.122526,0.819954,-1.1734,-0.107409,0.685794,-1.46903,-0.00585707,0.588403,-1.58576,0.862838,1.29419,-0.124873,0.960183,1.07077,-0.692598,-0.871483,1.17385,2.61538,0.109141,0.816975,-0.194234,
-10.0817,-14.6253,3.63808,10.4174,11.1463,33.2424,-4.00846,-1.64369,24.4725,0.620905,-5.87844,-9.20736,0,0,0,0,0,0,0,0,0,0,0,0,0.0531899,0.839884,-1.64963,-0.0483607,0.632149,-1.67267,-0.0798375,0.74824,-1.50166,-0.0355335,0.924968,-1.38091,-0.113044,0.605162,-1.58362,0.160198,0.86166,-1.07126,-0.149678,0.767292,-1.06702,-0.0298549,0.809684,-1.55847,0.682802,1.24768,-0.019629,0.766052,1.07404,-0.439101,0.121605,1.95747,-1.51349,-0.224421,-0.336134,-1.48928,
-3.5489,-19.3911,-13.1063,13.2148,12.4996,42.5582,-9.64117,8.29675,30.0674,0.42706,9.22366,-0.297826,0,0,0,0,0,0,0,0,0,0,0,0,0.0582854,0.863247,-1.64551,-0.0419035,0.656209,-1.6802,-0.0829427,0.786624,-1.52782,-0.0513519,0.937632,-1.45805,-0.00991855,0.531694,-1.88138,0.195708,0.909891,-0.908242,-0.266763,0.973188,-0.986516,-0.060845,1.12417,-1.49595,-0.147139,0.840524,0.3562,-0.106278,1.05669,-0.267817,-0.341059,1.42853,-0.787762,-0.690312,0.753266,-4.76462,
1.69154,-15.6732,-14.2055,16.2627,16.4697,38.7617,-12.0729,10.5227,37.7662,-0.894497,18.0161,4.14093,0,0,0,0,0,0,0,0,0,0,0,0,0.0449301,0.870706,-1.65644,-0.0487845,0.678881,-1.67915,-0.0922039,0.81761,-1.54214,-0.0541511,0.957583,-1.57355,0.0496699,0.572183,-1.9273,0.23731,1.0055,-0.97102,-0.323609,1.05318,-0.861276,-0.0602528,1.33404,-1.53628,-1.04062,-0.542197,-1.8446,-0.383601,1.08677,0.494695,-0.475889,1.76978,-0.850408,0.406474,1.95562,-5.57587,
3.6063,-10.4401,13.4504,18.9808,13.8884,31.6781,-9.17564,7.88057,44.183,-2.29775,7.2106,2.04436,0,0,0,0,0,0,0,0,0,0,0,0,0.029983,0.849603,-1.70932,-0.0544955,0.696722,-1.66483,-0.0999121,0.85166,-1.55915,-0.0422212,1.00017,-1.65496,0.0805556,0.618315,-1.4975,0.281199,0.978804,-1.08093,-0.280207,1.05647,-0.76441,-0.0572535,1.22414,-1.65284,-0.599859,-1.65871,-4.80125,-0.376463,1.1826,1.16437,-0.538616,2.46105,-1.25924,1.0698,3.71485,-5.14045,
-0.0700606,12.6559,-1.90128,17.8422,14.9659,28.4163,-7.59426,0.288251,46.0733,-3.25167,-14.3408,1.17795,0,0,0,0,0,0,0,0,0,0,0,0,0.0412492,0.761224,-1.76483,-0.0631581,0.721582,-1.63247,-0.11236,0.909012,-1.58717,-0.0212961,1.08933,-1.74392,0.075086,0.804346,-1.77675,0.251869,1.01802,-1.10468,-0.262649,0.974723,-0.756793,-0.0665246,0.91377,-1.74044,1.40443,-7.47943,3.32127,-0.375035,0.97322,1.63142,-0.488466,2.41882,-1.07381,0.555714,3.40714,-2.63173,
1.09438,9.13734,13.9053,12.3409,17.7894,26.0294,-9.81158,7.79235,33.7351,-0.867008,4.82108,-21.4331,0,0,0,0,0,0,0,0,0,0,0,0,0.0561533,0.593935,-1.68837,-0.0663097,0.739407,-1.59657,-0.117737,0.952935,-1.59994,-0.0322882,1.0969,-1.72373,0.07452,0.669054,-1.44819,0.16374,1.07691,-1.11504,-0.293924,1.12495,-0.986233,-0.0775586,1.11042,-2.08843,-0.0612423,-3.64057,-1.8542,0.226797,0.56238,1.21232,0.0882087,1.21329,0.0497396,-1.18026,-2.96525,3.66624,
5.52497,3.05019,9.17168,13.8806,8.6622,24.5352,-9.2205,6.319,32.9563,-1.16749,12.0003,5.52504,0,0,0,0,0,0,0,0,0,0,0,0,0.0477878,0.557217,-1.73385,-0.063105,0.750007,-1.57905,-0.116274,0.972177,-1.59787,-0.0442414,1.06656,-1.71706,0.122568,0.543814,-1.57064,0.187609,0.93001,-1.1255,-0.285744,1.12521,-0.999286,-0.0696378,1.31547,-1.65443,-1.02697,-2.75442,-0.520304,-0.0664135,0.900368,1.09244,-0.0730049,1.52573,-0.0908802,-0.166777,1.22861,-5.54784,
3.7178,8.14573,-9.1586,11.9912,8.76045,20.035,-8.94589,-3.87322,33.4296,-1.90211,15.2554,24.7728,0,0,0,0,0,0,0,0,0,0,0,0,0.0346505,0.474795,-1.66547,-0.0629291,0.772946,-1.55391,-0.115204,1.014,-1.60744,-0.0382131,1.14083,-1.92248,0.114065,0.522243,-1.80166,0.165999,0.956145,-1.18131,-0.268111,0.99499,-1.00407,-0.0687831,1.47063,-1.51335,0.472707,-4.02624,4.44747,0.436265,0.956711,1.22136,0.389844,2.05641,-0.650793,0.160547,2.09741,-6.05463,
-0.913985,6.42904,15.5517,11.8949,10.5603,21.1115,-7.78996,-5.43117,35.9852,-0.616764,11.78,-18.5029,0,0,0,0,0,0,0,0,0,0,0,0,0.0563752,0.42412,-1.62832,-0.0488231,0.792948,-1.52921,-0.105657,1.0598,-1.622,-0.0463452,1.12367,-1.88313,0.063743,0.543128,-1.36517,0.180416,1.00926,-1.13913,-0.242803,1.01275,-0.971528,-0.0679838,1.28033,-2.16613,0.959428,0.084631,-2.87545,0.518768,0.972438,0.914745,0.179575,2.06763,-0.557905,-0.416987,-2.30112,7.83377,
2.33932,7.55163,5.71729,17.5852,0.573541,30.6856,-5.62796,-4.38221,39.4449,-4.80039,-23.0103,-7.36266,0,0,0,0,0,0,0,0,0,0,0,0,0.0604421,0.438563,-1.69723,-0.0486298,0.814495,-1.51788,-0.110739,1.09657,-1.62941,-0.0414205,1.12335,-1.77112,0.0830991,0.565426,-1.59631,0.256712,0.861293,-0.957508,-0.22998,1.06621,-0.91404,-0.102475,0.806848,-1.91104,-0.795044,-0.417601,-0.445287,-0.575521,1.45483,0.36024,-0.676537,1.97271,-0.265407,1.049,4.07468,-0.888427,
-1.82236,4.18625,-7.00164,9.93962,5.90478,28.7414,-10.9798,1.35072,23.0445,-1.08891,5.25143,-3.0199,0,0,0,0,0,0,0,0,0,0,0,0,0.0504743,0.407825,-1.63906,-0.0548757,0.842502,-1.51601,-0.116098,1.1221,-1.62174,-0.0387953,1.18374,-1.84617,0.0343355,0.459236,-1.74919,0.139983,0.970682,-0.993473,-0.300234,1.1518,-1.19578,-0.0942537,1.22016,-1.89968,0.6798,-0.98813,2.51864,0.565543,0.832798,-0.00533758,0.619859,0.205444,1.02127,-1.4264,-2.3626,0.204406,
1.36037,-7.54708,9.30327,8.38657,4.25817,24.6181,-12.988,-0.277234,24.528,0.332044,26.1161,13.2714,0,0,0,0,0,0,0,0,0,0,0,0,0.057114,0.422801,-1.64208,-0.0380623,0.859715,-1.51298,-0.0994816,1.12711,-1.59803,-0.0711988,1.12112,-1.85626,0.0644158,0.340743,-1.49334,0.127158,0.961716,-1.06299,-0.324351,1.14191,-1.1469,-0.0877214,1.58229,-1.63869,-0.697287,2.20646,-2.99384,0.509505,0.983194,0.349468,0.451026,0.793513,0.758794,-0.902392,-0.546884,-3.48035,
5.80927,-0.884155,7.54189,10.4863,1.54524,23.995,-10.0625,-5.69213,26.8094,-1.51476,23.3176,26.1704,0,0,0,0,0,0,0,0,0,0,0,0,0.0387462,0.454154,-1.6894,-0.0331329,0.877432,-1.50489,-0.0955052,1.14616,-1.59008,-0.0759787,1.13701,-1.92703,0.111655,0.445667,-1.55389,0.159898,0.93511,-1.06458,-0.276846,1.07869,-1.10062,-0.0972293,1.60968,-1.47556,-1.30855,0.303538,-0.2364,0.0948862,1.18332,0.591879,0.064578,1.44084,0.296271,0.251621,1.94847,-3.57283,
1.78125,16.1601,-6.82245,8.98282,-1.13756,18.3486,-4.94117,-21.0653,22.592,-1.74643,-12.886,-17.0259,0,0,0,0,0,0,0,0,0,0,0,0,0.0222133,0.409536,-1.60364,-0.0325976,0.903612,-1.48948,-0.0959773,1.18399,-1.58964,-0.0630511,1.17017,-1.88136,0.0567713,0.638444,-1.69307,0.134934,0.911448,-1.15048,-0.18451,0.848627,-1.18005,-0.080345,0.945386,-2.13528,0.0868627,-2.59649,5.07755,0.168291,1.14072,0.790711,0.0522635,1.9057,-0.171461,0.578375,0.380144,8.16131,
-1.18808,0.157593,6.57419,12.5635,-7.86494,29.8841,-9.83436,-6.94683,22.2117,-4.73771,-24.8856,-16.4506,0,0,0,0,0,0,0,0,0,0,0,0,0.0302052,0.401639,-1.56715,-0.0303917,0.932984,-1.47916,-0.0965309,1.22073,-1.58508,-0.0516443,1.19731,-1.71482,0.0146198,0.47216,-1.47158,0.197069,0.823148,-0.937425,-0.276852,1.10978,-1.17449,-0.129004,0.792597,-2.00742,0.240644,2.70622,-3.51371,-0.0386816,1.32652,-0.236147,-0.0605668,0.614244,0.988465,0.351219,1.90995,0.953422,
-3.19682,-4.51715,7.78105,8.38538,-4.18115,33.8124,-13.7055,1.23325,16.5913,-2.48519,-3.3494,3.32216,0,0,0,0,0,0,0,0,0,0,0,0,0.0344123,0.451754,-1.63688,-0.0299674,0.953231,-1.48906,-0.0945944,1.21723,-1.55907,-0.056643,1.21107,-1.75219,-0.0193357,0.421247,-1.51244,0.128075,0.904843,-0.879047,-0.333577,1.22077,-1.24385,-0.133458,1.12504,-1.71275,0.175041,2.06494,-2.49883,0.223229,1.10529,-0.697869,0.408291,-0.75532,1.98872,-1.26517,-1.00534,-3.07439,
-2.12205,6.05075,-6.62368,2.43063,-2.03944,26.6907,-11.58,-7.62792,9.18209,5.09616,34.774,20.3313,0,0,0,0,0,0,0,0,0,0,0,0,0.0326125,0.451438,-1.60158,-0.0158167,0.971194,-1.50045,-0.075207,1.19209,-1.5105,-0.103611,1.13675,-1.82807,-0.0240289,0.532151,-1.69348,0.0485086,0.951168,-1.01611,-0.260685,1.03154,-1.32998,-0.0713178,1.66361,-1.4768,-0.722345,-1.17202,4.18483,0.805285,0.682205,-0.138883,1.00269,-0.874351,1.98958,-2.41455,-4.21567,-2.69669,
5.69855,2.07196,7.17988,7.51788,-4.43501,13.6713,-10.2765,-15.2961,14.6255,0.294987,24.2122,16.9128,0,0,0,0,0,0,0,0,0,0,0,0,-0.00648757,0.447795,-1.53612,0.000756714,0.987778,-1.48859,-0.0563592,1.19797,-1.48485,-0.114117,1.08485,-1.84847,0.03254,0.532593,-1.40868,0.151029,0.93075,-1.23289,-0.228154,0.953962,-1.21618,-0.0580021,1.53943,-1.53752,-2.5833,1.88503,-0.454279,0.543331,0.944339,1.04702,0.602029,1.36395,0.402414,2.03005,0.574347,0.505668,
5.04532,8.33677,4.20357,9.28755,-17.7507,14.6693,-7.87061,-22.5296,10.7942,-6.56806,-17.2314,-5.31685,0,0,0,0,0,0,0,0,0,0,0,0,-0.0573015,0.49582,-1.56512,0.00640385,1.01294,-1.46473,-0.0500119,1.24042,-1.48515,-0.0495648,1.13686,-1.79798,0.00143925,0.666911,-1.48167,0.177566,0.721823,-1.19297,-0.190209,0.877177,-1.28907,-0.0970053,0.89609,-1.86207,-1.31969,0.780571,1.02899,0.0918915,1.2648,0.740477,0.116202,1.85531,-0.02535,2.87915,2.90103,4.77944,
-1.07856,6.85727,-6.83625,8.442,-21.4033,18.5382,-10.0531,-16.5662,1.18286,-5.05384,-27.0057,-6.37601,0,0,0,0,0,0,0,0,0,0,0,0,-0.0618868,0.4949,-1.51782,0.00755444,1.03656,-1.46091,-0.0476795,1.26259,-1.47832,-0.0197104,1.18195,-1.68445,-0.0622636,0.624215,-1.62534,0.17131,0.676963,-1.12516,-0.215144,0.966001,-1.44902,-0.0965458,0.728756,-1.80126,0.769338,0.185477,2.46008,0.410582,1.18216,-0.190932,0.612777,0.184636,1.14204,0.602101,1.51265,-0.128385,
-7.44215,-2.1255,21.079,-0.799068,-9.51365,16.0758,-10.5153,-6.45649,-4.11251,1.2125,8.58951,-5.61323,0,0,0,0,0,0,0,0,0,0,0,0,-0.0372498,0.52847,-1.51291,0.0250439,1.05856,-1.47693,-0.0262359,1.24264,-1.43769,-0.0405615,1.13644,-1.67212,-0.148978,0.562789,-1.14689,0.0396468,0.906167,-1.19132,-0.185448,1.08723,-1.49734,-0.0760921,1.14878,-1.75846,0.943335,2.91859,-2.52798,1.16526,0.823206,-0.979609,1.27898,-1.5206,2.21711,-2.30304,-5.75333,2.30597,
1.53206,17.9562,8.89681,-1.16367,-24.5257,-6.92641,6.69878,-22.3146,-6.5684,11.6335,16.4185,30.8668,0,0,0,0,0,0,0,0,0,0,0,0,-0.0539726,0.56819,-1.5122,0.0458277,1.07882,-1.49967,-0.0147982,1.2174,-1.40412,-0.0856686,1.02486,-1.67637,-0.0990118,0.868402,-1.30457,0.0320815,0.663502,-1.63244,0.0764043,0.804004,-1.52182,0.0967748,1.28015,-1.14501,-2.91579,-1.05061,6.72772,0.296454,1.22399,-1.00264,-1.22373,-0.307251,0.253027,-1.16299,-1.72926,-4.37875,
-9.32198,17.6881,55.8546,-7.08356,-28.1259,-27.9126,4.08414,-15.0668,-22.6103,5.6211,18.6155,17.0261,0,0,0,0,0,0,0,0,0,0,0,0,-0.0737321,0.591501,-1.49897,0.0472941,1.10077,-1.50822,-0.0200016,1.21952,-1.41265,-0.0769556,1.01953,-1.73552,-0.215963,0.995376,-0.51119,-0.0625304,0.618228,-2.01817,0.0799953,0.962578,-1.82412,0.108318,1.30788,-1.40347,1.09038,3.29091,-4.07192,0.758698,1.1535,-0.358957,1.02959,0.679932,-0.054231,3.32288,-2.00449,3.29738,
-9.00119,26.7496,31.3022,-0.588942,-29.3595,-0.522017,-1.11272,-17.8105,-8.00931,20.3627,-18.0872,49.188,0,0,0,0,0,0,0,0,0,0,0,0,-0.0706766,0.639258,-1.53387,0.021156,1.12115,-1.59128,-0.00316978,1.24457,-1.4804,-0.0294644,1.02444,-1.67886,-0.260152,1.16891,-0.966701,-0.0908346,0.593362,-1.65475,-0.0197557,0.970587,-1.6763,0.331046,0.799836,-0.805195,-1.03271,1.73166,-0.287463,-4.05131,0.240694,-7.91755,0.145813,1.99365,-7.37491,-0.388844,4.17002,-3.03097,
-20.725,26.6632,37.635,1.20127,4.10681,10.2896,-8.30078,-12.5453,14.4736,11.0592,-21.2429,23.5868,0,0,0,0,0,0,0,0,0,0,0,0,-0.0725118,0.674776,-1.54307,-0.0833508,1.03533,-1.72678,0.0363178,1.24059,-1.65841,-0.0224714,1.07668,-1.69689,-0.413453,1.19658,-0.867909,-0.169159,0.892683,-1.5501,-0.0338803,0.93392,-1.44007,0.212851,0.692158,-1.2598,1.43509,1.48085,-1.33625,-4.306,-8.69273,-1.52687,3.22901,-3.14302,-6.57309,1.36987,0.0685596,1.20787,
-18.8834,22.6544,44.6753,3.98014,19.6076,7.27922,-4.15241,5.71804,6.67954,9.52629,-20.8176,14.7982,0,0,0,0,0,0,0,0,0,0,0,0,-0.0442933,0.694139,-1.57079,-0.136502,0.865442,-1.71499,0.0754667,1.14645,-1.71381,0.00319106,1.05722,-1.65938,-0.361421,1.12734,-0.769402,-0.145703,0.957111,-1.57336,0.0151584,1.03666,-1.58768,0.198782,0.637322,-1.37279,1.04824,0.852279,-1.59715,-3.2627,-10.5933,1.36127,0.607603,-8.55019,0.687843,0.895406,-1.65587,2.57149,
-12.3873,15.5539,34.8848,-2.8755,15.7294,11.6471,7.92145,12.5116,-3.4939,16.7177,-24.7789,14.6101,0,0,0,0,0,0,0,0,0,0,0,0,-0.0418374,0.707589,-1.59198,-0.167122,0.686284,-1.70398,0.0258503,0.937479,-1.63268,0.00109805,1.02823,-1.61275,-0.269632,1.0078,-0.960218,-0.195403,0.835979,-1.49771,0.0826182,0.97233,-1.67834,0.294035,0.562386,-1.33685,-0.102841,0.696362,-0.367989,0.960058,-5.45181,-0.805862,-3.49034,-7.70532,2.62045,-0.440858,-0.612833,1.50657,
-14.6773,9.6793,31.784,-9.68633,12.2853,1.50437,4.18481,4.75802,17.7502,15.8649,-29.5165,18.7006,0,0,0,0,0,0,0,0,0,0,0,0,-0.0361218,0.728791,-1.59271,-0.118423,0.604721,-1.71342,-0.0257229,0.833817,-1.64447,-0.00435044,1.02944,-1.59089,-0.28243,0.93437,-1.01535,-0.231945,0.743356,-1.67726,0.0391367,0.856621,-1.34469,0.288738,0.499099,-1.24491,0.822026,1.18369,-0.0767405,2.50374,-3.38935,1.29241,-0.44911,-2.54822,-3.36603,0.185385,0.252877,0.875668,
-14.2418,6.64187,33.2243,-3.37935,14.2083,2.78915,0.673189,14.3963,10.2055,13.9664,-28.5327,15.3082,0,0,0,0,0,0,0,0,0,0,0,0,-0.021639,0.74983,-1.59559,-0.0941435,0.555642,-1.68313,-0.0176285,0.787954,-1.69043,-0.00150946,1.03269,-1.57507,-0.267301,0.895741,-0.993459,-0.158623,0.768488,-1.62833,0.0113048,0.937352,-1.49409,0.251244,0.510907,-1.28967,0.531194,1.00596,-0.284806,-0.121465,-1.81949,0.599651,0.667741,-4.49415,1.58192,-0.0472114,-0.120155,1.03732,
-15.2892,0.671016,23.8571,4.48007,13.3754,18.5708,0.145991,16.5633,-4.8788,13.2355,-24.9446,4.02036,0,0,0,0,0,0,0,0,0,0,0,0,-0.0117044,0.770104,-1.6035,-0.112341,0.549703,-1.70681,-0.0160875,0.675453,-1.58035,-0.00445633,1.02503,-1.54921,-0.273922,0.806896,-1.17192,-0.0416203,0.813834,-1.38097,-0.0297669,0.890381,-1.63775,0.234466,0.562949,-1.46805,0.630693,0.983668,-0.320286,-0.429409,0.837649,-1.73302,-0.653354,-3.44891,4.5913,-0.068937,-0.341905,1.1838,
-15.1283,2.02922,22.4281,4.81897,11.5085,-5.34697,2.70073,-4.15512,28.5678,9.36355,-20.6315,8.21815,0,0,0,0,0,0,0,0,0,0,0,0,0.00619151,0.793415,-1.60974,-0.0971995,0.566472,-1.68762,-0.0267584,0.712204,-1.6056,-0.00556643,1.01837,-1.52475,-0.24699,0.857604,-1.20394,0.039015,0.774138,-1.74933,-0.00677711,0.727703,-1.11132,0.161151,0.636367,-1.36874,0.875093,1.09175,-0.29115,1.94387,-0.063164,5.20877,-1.16491,3.64187,-3.68643,-0.141172,-0.275366,0.966788,
-8.74122,-3.77545,9.81666,0.708455,1.3044,10.6187,-3.81113,15.011,-7.78045,3.73291,-7.56143,-7.35723,0,0,0,0,0,0,0,0,0,0,0,0,0.0185413,0.811556,-1.61711,-0.0477835,0.58023,-1.58137,-0.0460841,0.747937,-1.61469,-0.0107342,1.01218,-1.50913,-0.128941,0.764695,-1.44274,0.0498712,0.673801,-1.36789,-0.120813,0.970097,-1.70822,0.048778,0.8621,-1.63683,0.45795,0.871337,-0.603805,3.39095,2.79415,2.99402,-0.217419,-2.0307,7.02982,-0.334359,-0.50412,0.891026,
-8.60867,-2.87218,17.9373,7.69488,6.0835,28.8709,8.50634,-10.7027,45.5477,5.29932,-8.70559,16.9359,0,0,0,0,0,0,0,0,0,0,0,0,0.0171832,0.830241,-1.62501,-0.0280812,0.632561,-1.6282,-0.0771881,0.786504,-1.62929,-0.0167287,1.00557,-1.50577,-0.142666,0.804793,-1.30038,0.110342,0.778115,-1.11595,0.0104029,0.726904,-0.844452,0.0897656,0.852922,-1.20735,-0.133103,1.07092,-0.22017,-0.0593562,1.39779,-1.8603,-2.68279,5.39977,-6.35129,0.405717,0.225377,-1.39434,
-6.47384,-3.61443,7.65966,9.57212,15.4297,31.9185,-2.62233,13.466,10.7743,0.61068,-1.81647,-6.79204,0,0,0,0,0,0,0,0,0,0,0,0,0.0234698,0.851825,-1.63035,-0.0206973,0.656068,-1.65237,-0.073167,0.797652,-1.55798,-0.00476991,1.00764,-1.51489,-0.0933387,0.796988,-1.49208,0.155222,0.952289,-1.0794,-0.113099,1.02685,-1.34403,-0.00255085,0.959869,-1.63109,0.0359035,0.435232,-0.14592,0.0752232,0.62722,-1.08109,0.309888,-0.625513,2.64869,-0.355369,-0.589617,1.06889,
-2.96701,-14.6541,-3.48376,9.7251,14.422,40.7727,-6.9469,7.76585,23.8296,-3.06973,-1.15928,-9.02398,0,0,0,0,0,0,0,0,0,0,0,0,0.0232654,0.854739,-1.63007,-0.0202672,0.662921,-1.66734,-0.076316,0.801456,-1.55626,-0.00903442,0.99253,-1.49522,-0.0268497,0.595696,-1.69177,0.161444,0.938146,-0.929561,-0.198233,0.958279,-1.12121,-0.0612356,0.970727,-1.66032,0.153225,0.295826,0.241817,0.19565,0.520227,-0.519422,0.175605,0.625038,0.262749,0.144483,-0.0289961,-0.150631,
0.975058,-16.1479,-24.6899,10.3324,11.3073,38.4954,-13.0308,7.9042,24.6214,-1.88627,1.03077,0.158033,0,0,0,0,0,0,0,0,0,0,0,0,0.0216598,0.858906,-1.62017,-0.0165073,0.679984,-1.66537,-0.075511,0.824322,-1.54643,-0.011227,1.02296,-1.55812,0.026503,0.560212,-2.06713,0.171146,0.907863,-0.962386,-0.315359,0.992946,-1.09751,-0.0670635,1.08688,-1.58603,-0.515404,-0.203827,0.284206,-0.00834982,0.891645,0.450349,-0.116995,0.99644,0.184852,-0.861629,1.80732,-4.5141,
2.03095,-16.516,19.4305,9.65424,12.2668,29.4911,-12.6135,6.15006,28.8924,0.957955,6.66425,-1.66251,0,0,0,0,0,0,0,0,0,0,0,0,0.012887,0.844055,-1.67272,-0.0146369,0.700443,-1.64656,-0.0766381,0.855236,-1.54871,-0.0392617,1.05535,-1.65718,0.0498431,0.550833,-1.3727,0.1669,0.947451,-1.10275,-0.306107,1.01108,-1.02575,-0.0556929,1.20139,-1.71142,0.00118922,0.28276,-7.81182,0.240221,0.958984,1.11581,-0.00531481,1.76119,-0.344518,-1.35394,0.994531,-3.52115,
0.873624,4.90355,12.0358,12.4869,9.25927,27.5675,-10.257,1.63522,33.2251,0.897459,1.31676,5.34537,0,0,0,0,0,0,0,0,0,0,0,0,0.0259671,0.818662,-1.80137,-0.0124999,0.717579,-1.62247,-0.0788227,0.89,-1.55646,-0.0593346,1.0722,-1.70676,0.0765696,0.763227,-1.58109,0.207598,0.910064,-1.11109,-0.274913,0.968828,-0.955243,-0.0624968,1.14095,-1.63282,1.38874,-5.78361,0.211738,-0.277441,0.965383,1.48772,-0.384001,1.96386,-0.421225,-0.779187,1.79256,-3.41029,
2.34527,19.6232,-13.9324,10.0116,15.2503,20.6554,-6.66104,-4.71415,27.0335,1.57393,-4.14884,1.23947,0,0,0,0,0,0,0,0,0,0,0,0,0.0428142,0.618981,-1.64584,-0.0226507,0.737355,-1.58764,-0.0886804,0.931689,-1.56505,-0.0648942,1.10597,-1.75763,0.0871256,0.770009,-1.85233,0.154443,1.03431,-1.20119,-0.215088,0.891591,-1.07614,-0.0318676,1.03232,-1.73273,0.0668048,-8.2303,6.86804,-0.197441,0.786927,1.5977,-0.211933,1.82457,-0.383216,0.176384,0.0715875,0.345775,
1.52334,1.82621,22.9206,9.22907,11.4392,23.1691,-10.0207,1.62215,28.6824,-4.25305,7.62045,-16.6875,0,0,0,0,0,0,0,0,0,0,0,0,0.0390125,0.531984,-1.63083,-0.0186883,0.754793,-1.55658,-0.0877243,0.971944,-1.57367,-0.0484147,1.0785,-1.70714,0.0639376,0.579112,-1.25973,0.158979,0.985235,-1.12783,-0.266014,1.04705,-1.05457,-0.0949871,1.17165,-1.99339,-0.11088,0.556968,-6.69245,0.394625,0.898258,1.09854,0.156215,1.82466,-0.352488,1.23024,-1.816,2.51644,
5.28101,-1.9443,21.7214,12.4698,2.14274,25.9965,-7.35601,3.8328,28.3477,-4.81193,11.6481,5.58976,0,0,0,0,0,0,0,0,0,0,0,0,0.0335139,0.561352,-1.7624,-0.0165554,0.772238,-1.54411,-0.088585,1.00057,-1.57798,-0.0311324,1.06561,-1.70543,0.107914,0.519983,-1.39011,0.20051,0.843655,-1.06735,-0.232475,1.11596,-1.06443,-0.103348,1.31354,-1.63226,-0.864739,-0.240722,-3.32092,-0.386341,1.29832,0.600752,-0.405756,1.82799,-0.272024,0.610968,1.44591,-4.17474,
0.966838,19.3619,-35.4129,6.2846,7.44736,20.6376,-3.17562,-13.0352,25.5096,1.62801,0.221429,22.2682,0,0,0,0,0,0,0,0,0,0,0,0,0.023086,0.443783,-1.58514,-0.0282695,0.80469,-1.52906,-0.0964219,1.0479,-1.59039,-0.03546,1.13595,-1.86573,0.0572072,0.629604,-2.1459,0.0878894,0.969775,-1.14792,-0.148716,0.865604,-1.13251,-0.0245069,1.17955,-1.48327,0.661693,-6.64855,12.19,0.0757344,1.18714,0.866521,0.21777,2.18825,-0.870621,-0.745883,1.58313,-3.2878,
-1.85439,-9.65519,24.3879,6.43274,7.0949,21.6473,-9.22227,-1.34151,36.8135,-2.49197,11.6746,-26.4139,0,0,0,0,0,0,0,0,0,0,0,0,0.0466669,0.418736,-1.53283,-0.0154478,0.828539,-1.51196,-0.08547,1.09451,-1.6072,-0.050756,1.09051,-1.76383,0.0388355,0.388409,-1.16738,0.120005,0.984888,-1.11517,-0.242491,1.11654,-0.940469,-0.0995434,1.17873,-2.16831,1.03539,5.80886,-11.4342,0.739754,1.09401,0.469284,0.426253,1.85688,-0.382109,-0.139154,-4.96206,11.1127,
1.87101,-12.3363,39.8109,14.4377,-3.89519,33.4873,-7.62205,7.39269,40.9766,-2.28809,-7.93575,3.55852,0,0,0,0,0,0,0,0,0,0,0,0,0.0500643,0.538439,-1.78684,-0.0112739,0.848952,-1.51072,-0.0844293,1.11752,-1.60538,-0.048106,1.06921,-1.68084,0.0606564,0.409409,-1.12682,0.236969,0.816043,-0.903719,-0.2336,1.27722,-0.856636,-0.0925694,1.03483,-1.65529,-0.937049,3.81064,-9.35905,-0.570481,1.51648,-0.272385,-0.423523,1.01169,0.544859,-0.114467,4.39605,-5.74154,
2.80961,21.8124,-46.1029,5.54542,3.13401,37.0287,-2.77483,-11.4153,20.4435,0.652181,-7.33247,20.3081,0,0,0,0,0,0,0,0,0,0,0,0,0.0281078,0.419325,-1.58889,-0.0288396,0.878671,-1.51952,-0.0904735,1.12308,-1.58369,-0.0599919,1.1701,-1.87882,0.0807202,0.549722,-2.28802,0.0756784,0.955352,-0.846779,-0.122009,0.908055,-1.20417,-0.074266,1.0319,-1.52875,0.0611417,-10.6477,20.4021,0.147684,0.787937,-0.0741533,0.756649,-0.298983,1.14716,-1.04528,-0.195445,-2.81155,
-3.55021,-8.72755,7.6997,-0.94043,9.60928,14.7348,-16.2573,0.630663,29.8546,-0.886255,23.5964,-25.1651,0,0,0,0,0,0,0,0,0,0,0,0,0.0516347,0.314483,-1.34037,0.00412321,0.887439,-1.50609,-0.0503203,1.12087,-1.55951,-0.0793491,1.037,-1.72052,0.0279772,0.302075,-1.26372,0.0360834,1.06927,-1.23077,-0.299096,1.14403,-1.01086,-0.0986396,1.26811,-2.09599,1.63567,5.85097,-9.28989,1.96236,0.284695,1.08786,1.87245,0.467573,0.856201,-0.127072,-7.91655,12.0373,
3.57002,-10.8966,35.487,11.3428,-7.79488,29.7516,-11.7716,6.4326,34.6299,-1.23293,2.67734,2.07638,0,0,0,0,0,0,0,0,0,0,0,0,0.0517312,0.450653,-1.59998,0.0191589,0.899006,-1.49129,-0.0355534,1.13189,-1.54366,-0.0756016,0.988732,-1.62909,0.0592529,0.407963,-1.04399,0.209417,0.79049,-0.947759,-0.25872,1.26433,-0.905387,-0.0940273,1.14792,-1.6262,-2.29551,6.21717,-13.0873,-0.638984,1.32835,0.380897,-0.365526,0.619431,1.2676,0.159651,4.42028,-5.11323,
9.72435,12.3311,-28.8441,15.3798,-13.1617,35.4635,-5.50051,-6.15814,11.4447,-2.49994,-24.8078,46.2872,0,0,0,0,0,0,0,0,0,0,0,0,-0.0169505,0.430676,-1.61056,-0.0238794,0.93797,-1.49939,-0.0650167,1.13399,-1.50606,-0.0722014,1.18495,-1.94149,0.122929,0.488173,-2.06057,0.220913,0.734784,-0.857194,-0.183064,1.0129,-1.28558,-0.113399,0.889688,-1.17725,-1.47706,-6.66825,10.9172,-1.39359,1.44466,-0.381055,-0.721506,-0.364796,1.81907,0.17022,6.23169,-11.3445,
-12.7709,1.96682,10.0708,-3.42861,1.57952,11.1151,-9.89321,-18.089,27.6793,3.5039,21.6832,-39.352,0,0,0,0,0,0,0,0,0,0,0,0,0.0280115,0.31458,-1.4046,-0.00226765,0.948247,-1.49058,-0.0370928,1.12366,-1.47233,-0.0952664,1.06188,-1.74776,-0.0797899,0.374006,-1.23908,0.0102275,0.969734,-1.27999,-0.149009,0.793124,-0.961805,-0.0691751,1.07519,-2.2824,4.97586,0.946626,-2.58048,2.99334,-0.289273,1.24658,2.7184,-0.0658677,1.06518,-1.50464,-15.2373,26.5246,
-5.0448,1.03464,27.1457,4.90065,-7.62716,24.3941,-15.6645,7.88979,19.0965,-7.08821,-20.7771,33.9408,0,0,0,0,0,0,0,0,0,0,0,0,0.0915279,0.391245,-1.57415,0.0472973,0.943655,-1.46478,0.00734147,1.11796,-1.44258,-0.0620215,0.997648,-1.61988,-0.0222906,0.483573,-1.12812,0.153702,0.81518,-1.01746,-0.254905,1.23548,-1.07859,-0.127962,0.805018,-1.09066,-0.883792,2.94064,-6.97069,0.692089,0.408025,0.555781,0.902538,-1.03691,2.46141,2.51744,7.40544,-12.8906,
5.91421,23.7117,-3.60007,-5.46054,0.310249,7.55136,2.66459,-7.85323,-11.3683,14.0895,10.4076,-7.51128,0,0,0,0,0,0,0,0,0,0,0,0,0.00322943,0.355448,-1.51614,0.0318215,0.958029,-1.47731,-0.00058285,1.06266,-1.3593,-0.0911878,1.07725,-1.83564,0.0285439,0.672594,-1.51304,-0.0633528,0.966316,-1.34399,0.0532016,0.846668,-1.53964,0.0436111,1.05979,-1.90411,-3.28866,-4.55901,10.0542,0.164334,0.105847,-0.584342,0.213494,-2.92812,3.86474,-4.85498,-8.26747,9.98691,
-6.79229,25.411,25.8764,-10.4825,-17.9751,-20.4312,-3.95586,-13.2615,-2.74222,0.23729,1.41561,-13.5998,0,0,0,0,0,0,0,0,0,0,0,0,-0.0300179,0.309315,-1.31633,0.0637605,0.956824,-1.47621,0.0298182,1.03079,-1.32975,-0.103673,0.869895,-1.50328,-0.12757,0.816795,-0.848932,-0.0887668,0.640509,-1.84354,0.00239382,0.793901,-1.39271,0.00120875,0.845344,-1.71215,1.03778,1.81845,-0.451125,1.52253,0.420227,0.60772,1.78001,0.169145,-1.9216,4.02268,-2.01159,5.63192,
-4.56963,29.8783,30.6462,3.18697,-22.1085,-7.41249,6.29156,6.58589,-3.32207,9.17612,-24.246,33.7233,0,0,0,0,0,0,0,0,0,0,0,0,-0.0343089,0.388621,-1.3853,0.0378013,0.975849,-1.51055,0.038581,1.01603,-1.39163,-0.0156452,0.915177,-1.53939,-0.151833,0.981741,-0.840531,-0.0322068,0.589675,-1.67939,0.117172,1.0662,-1.46193,0.192903,0.572865,-0.962938,-1.37762,1.99516,-1.82354,-5.11812,0.631893,-4.99691,-1.43204,-2.78268,-1.45142,1.66839,3.94105,-5.38204,
-20.2196,33.0854,37.2855,1.23458,-3.61039,4.21519,-0.566203,3.39326,-11.1056,6.99656,-7.34832,-5.47394,0,0,0,0,0,0,0,0,0,0,0,0,-0.0546193,0.423205,-1.4134,-0.060045,0.96143,-1.62115,0.024914,0.956639,-1.41403,0.00507655,0.940709,-1.58866,-0.413859,1.07661,-0.746911,-0.122619,0.823875,-1.57798,0.0471279,0.964832,-1.63353,0.189977,0.644669,-1.61426,0.335597,2.07419,-1.67632,-3.40083,-2.87646,-4.9081,1.30034,-2.14009,-2.57943,2.30762,-6.49739,10.8414,
-15.873,27.0794,22.2536,2.18228,2.69944,2.45934,-0.799613,-5.94609,14.7606,20.3116,-36.9216,44.3262,0,0,0,0,0,0,0,0,0,0,0,0,-0.0399227,0.47444,-1.44423,-0.109641,0.863208,-1.68469,0.0499646,0.962447,-1.54434,0.0302575,0.937073,-1.54288,-0.334029,1.02617,-1.04483,-0.138832,0.792144,-1.64995,0.0210038,0.901102,-1.33433,0.400115,0.358631,-0.764306,-0.220235,2.3752,-0.763928,-2.75473,-4.80577,-1.46313,-0.576896,1.87065,-8.55974,0.0222106,3.71438,-4.01199,
-16.4347,24.6629,35.6872,-6.49203,10.3117,5.72495,-3.37888,8.60012,-1.03732,15.168,-26.7483,26.0751,0,0,0,0,0,0,0,0,0,0,0,0,-0.0431776,0.522451,-1.46477,-0.13667,0.75553,-1.69645,0.0446003,0.9508,-1.65556,0.0296835,0.979002,-1.57657,-0.321872,1.01898,-0.829106,-0.233508,0.817696,-1.59597,0.00755148,0.982323,-1.66226,0.310087,0.510697,-1.10177,0.804749,1.92438,-1.9356,0.847953,-5.01278,-0.529904,0.975416,-4.99371,1.78335,0.18489,0.721144,0.103041,
-19.8599,23.7478,40.0344,-7.29497,10.2816,5.35877,3.15351,13.5715,-9.59954,13.8072,-15.2638,10.8361,0,0,0,0,0,0,0,0,0,0,0,0,-0.021872,0.55032,-1.50627,-0.116429,0.678212,-1.70838,0.0472963,0.844761,-1.58043,0.0393786,0.967892,-1.55241,-0.35224,1.02405,-0.796266,-0.239555,0.751891,-1.61571,0.0659892,0.953778,-1.7323,0.300079,0.664845,-1.34304,1.22888,1.67802,-2.62375,0.380381,-4.53036,-0.697452,-1.54575,-5.50948,3.32385,0.386395,-1.02091,1.81164,
-19.4728,16.5791,41.0548,-0.710118,8.63106,4.47503,7.93617,-1.72579,20.0679,19.1578,-23.9758,20.9383,0,0,0,0,0,0,0,0,0,0,0,0,-0.0014154,0.59445,-1.55759,-0.140443,0.594088,-1.72108,-0.0156681,0.810582,-1.6377,0.0361772,0.958672,-1.52279,-0.342005,0.946858,-0.822002,-0.195008,0.687338,-1.64222,0.0788795,0.819439,-1.31897,0.373167,0.536172,-1.13929,0.538416,2.03876,-1.59313,-1.66613,-2.54716,-0.366738,-1.98985,1.6094,-6.7685,-0.453383,0.536956,0.412055,
-16.3063,10.7279,38.3055,2.2781,16.0752,13.9991,-4.94539,12.5408,-6.39498,14.3793,-19.8766,15.464,0,0,0,0,0,0,0,0,0,0,0,0,0.0107402,0.636923,-1.58704,-0.164617,0.55184,-1.72096,-0.00421847,0.794745,-1.68569,0.0299984,0.9731,-1.51553,-0.269306,0.874043,-0.89923,-0.132003,0.803525,-1.46404,-0.0318414,0.90138,-1.76254,0.291167,0.619395,-1.22989,0.657314,1.68267,-1.26891,-0.35223,-1.62364,0.350188,2.49173,-4.8552,5.78155,-0.0109324,0.307534,0.656695,
-14.1254,5.0099,25.964,4.31177,14.3434,6.37719,-3.23072,5.80598,-3.8956,11.9742,-18.3078,11.8401,0,0,0,0,0,0,0,0,0,0,0,0,0.0199097,0.66263,-1.60301,-0.159884,0.53143,-1.69847,0.0169476,0.721994,-1.57824,0.0278915,0.978815,-1.50581,-0.224826,0.795188,-1.13571,-0.0566156,0.766839,-1.56239,-0.0564027,0.778966,-1.62661,0.236377,0.660894,-1.28788,0.483599,1.65873,-0.699949,0.994893,-1.01523,2.95253,-0.5844,-1.94364,3.29431,-0.369083,0.597946,0.389595,
-14.3227,-0.356981,22.4367,0.00323915,2.87404,0.0680463,4.30513,-5.14279,21.9501,9.97879,-17.4832,13.6881,0,0,0,0,0,0,0,0,0,0,0,0,0.0293671,0.700929,-1.61346,-0.110853,0.534417,-1.61258,-0.0328106,0.744399,-1.60714,0.0149873,0.996672,-1.5016,-0.220614,0.738316,-1.20914,-0.0307615,0.624062,-1.58863,-0.0220945,0.68904,-1.22547,0.180567,0.697959,-1.25137,0.417296,1.7551,-0.531135,3.20131,1.4956,3.33142,-2.70236,1.52584,-2.55603,-0.634095,0.766501,0.198105,
-10.0516,-5.35755,16.5642,8.03223,7.56861,27.5306,-2.84707,21.7035,-11.641,4.20961,-18.6429,-3.8944,0,0,0,0,0,0,0,0,0,0,0,0,0.0383414,0.737121,-1.62848,-0.0697746,0.579512,-1.61245,-0.0651834,0.717764,-1.56484,0.00511199,1.0085,-1.49253,-0.13348,0.676513,-1.33315,0.0897504,0.758954,-1.12754,-0.116307,0.984037,-1.71441,0.0765943,0.674774,-1.55864,0.437414,1.47211,-0.856061,0.53938,1.67324,-2.29449,0.0256444,-5.13344,9.10534,-0.20224,0.209265,0.68972,
-11.6798,-2.96016,17.9431,11.0066,8.81492,28.999,5.41907,-12.523,37.19,3.2055,-20.7628,-2.17141,0,0,0,0,0,0,0,0,0,0,0,0,0.0417293,0.760475,-1.6434,-0.0663679,0.603484,-1.64766,-0.0791608,0.74813,-1.58512,-0.00430559,1.00407,-1.47363,-0.156401,0.743126,-1.32155,0.148768,0.79599,-1.12998,-0.0108243,0.628782,-0.939151,0.0483674,0.629383,-1.50769,0.56921,1.45888,-0.644328,0.600665,1.28939,-1.40494,-1.20768,4.33375,-4.43144,-0.224351,0.112791,0.795025,
-9.99311,-3.168,10.8488,11.7481,12.7056,32.5247,-1.32794,8.10438,21.0631,-0.3963,-11.1883,-20.0532,0,0,0,0,0,0,0,0,0,0,0,0,0.0615837,0.789318,-1.65428,-0.0455999,0.626232,-1.66513,-0.0727372,0.778226,-1.55822,0.000639515,1.00501,-1.45589,-0.110826,0.750572,-1.45949,0.177822,0.874903,-1.08061,-0.097081,0.936468,-1.17373,-0.0143968,0.765397,-1.80939,0.371314,0.754185,-0.360719,0.392806,0.706402,-1.00368,-0.00797407,0.435591,0.223747,-0.313234,-1.44765,1.62872,
-4.17102,-13.9447,-6.02478,11.3411,12.569,42.4512,-8.31317,14.5621,20.3638,-2.36796,-1.90722,-2.8115,0,0,0,0,0,0,0,0,0,0,0,0,0.0619431,0.799841,-1.65499,-0.0447292,0.639863,-1.68329,-0.0784887,0.775249,-1.53688,-0.00861547,0.992199,-1.47181,-0.0157667,0.559308,-1.76271,0.160385,0.887484,-0.914722,-0.235061,1.03971,-1.15906,-0.0604051,0.974037,-1.55807,-0.0749243,0.520291,0.267017,-0.0434843,0.763793,-0.479131,-0.216937,-0.0123229,1.11001,-0.34943,0.660575,-5.15434,
0.332092,-15.493,-23.7844,10.3652,17.0497,40.3798,-13.2692,12.3695,24.7304,-0.453158,17.8032,12.3117,0,0,0,0,0,0,0,0,0,0,0,0,0.0582746,0.806794,-1.65006,-0.0446058,0.65394,-1.68446,-0.0803835,0.781805,-1.52425,-0.017073,1.00953,-1.59373,0.0482214,0.524428,-2.08085,0.145761,0.987615,-0.948091,-0.323373,1.02775,-1.07165,-0.0493792,1.35862,-1.42268,-0.643649,-0.0269748,0.241216,0.0763621,0.947211,0.321201,-0.0692417,0.84182,0.43478,-0.96268,1.01584,-7.74377,
3.41493,-16.2675,27.9289,12.1366,12.3286,27.7441,-10.9432,2.80127,35.2146,-0.245031,11.1347,-2.35208,0,0,0,0,0,0,0,0,0,0,0,0,0.0362795,0.806929,-1.72969,-0.0385181,0.680088,-1.65907,-0.0814159,0.826239,-1.53373,-0.0405096,1.03584,-1.71264,0.0806447,0.537171,-1.28254,0.189253,0.936031,-1.14366,-0.284527,0.946652,-0.90103,-0.0547576,1.28506,-1.7692,-0.708975,1.04058,-8.89438,0.284243,1.27147,1.60829,-0.165766,2.77927,-1.1097,-0.391716,1.87083,-2.0225,
2.57918,20.9211,-21.9984,13.2055,9.82574,22.9951,-5.11401,-8.86838,34.8851,0.540177,-27.3883,10.1872,0,0,0,0,0,0,0,0,0,0,0,0,0.0445478,0.722856,-1.7672,-0.0424106,0.708396,-1.61715,-0.0921389,0.891429,-1.55975,-0.0397871,1.10521,-1.7483,0.11531,0.839259,-2.09412,0.178698,0.917928,-1.1857,-0.205276,0.797929,-0.931813,-0.0241988,0.720966,-1.58557,0.954735,-10.5592,10.7156,-0.759661,1.23526,1.96005,-0.806212,2.70975,-0.930006,0.230675,4.54899,-3.29769,
0.174102,10.0831,6.78229,10.2363,16.6154,20.1444,-7.90747,-0.0773207,24.3909,-1.69872,-4.32244,-24.7162,0,0,0,0,0,0,0,0,0,0,0,0,0.0566547,0.565704,-1.61439,-0.0491245,0.724271,-1.5896,-0.0994005,0.925399,-1.56765,-0.0392217,1.12945,-1.74704,0.0885749,0.61883,-1.48432,0.146456,1.04337,-1.21385,-0.238376,0.960187,-1.12406,-0.0772637,0.959715,-2.15499,1.15019,-5.20813,0.989817,0.378614,0.680071,1.39111,0.191851,1.44777,0.0168573,-0.28625,-3.64577,6.07807,
1.96875,-0.611315,21.7068,11.3277,6.24693,27.017,-10.3173,7.92944,23.7233,-3.0684,18.7507,0.192302,0,0,0,0,0,0,0,0,0,0,0,0,0.0735903,0.553366,-1.75826,-0.0372986,0.740417,-1.56993,-0.0927668,0.948966,-1.55909,-0.0420613,1.02323,-1.64669,0.0986696,0.517405,-1.39228,0.165259,0.882787,-1.07486,-0.284286,1.12495,-1.12575,-0.0933305,1.35469,-1.67875,-0.428643,-0.993882,-4.2075,-0.13602,1.15158,0.565217,-0.157244,1.27262,0.293639,0.180797,-0.378652,-5.21543,
6.42236,10.4083,-22.8425,13.2068,0.561288,24.9249,-8.44129,-8.42599,27.9589,-0.411391,14.417,44.1431,0,0,0,0,0,0,0,0,0,0,0,0,0.0548396,0.469799,-1.69143,-0.0473769,0.771732,-1.55806,-0.0993228,0.98638,-1.56182,-0.0384646,1.09679,-1.9093,0.152628,0.50589,-2.04451,0.184271,0.81862,-1.09925,-0.256997,0.889746,-1.05835,-0.0493088,1.46584,-1.18572,-0.759282,-6.12601,9.12714,-0.339026,1.46734,0.825442,-0.167836,2.26262,-0.714973,-0.134574,4.27695,-11.591,
-2.64702,7.23532,6.18353,10.0951,15.4257,14.2155,-8.17776,-8.10774,36.215,1.45476,22.7104,-14.9828,0,0,0,0,0,0,0,0,0,0,0,0,0.0571344,0.385971,-1.56084,-0.041956,0.794638,-1.53862,-0.0946836,1.03259,-1.5811,-0.0498314,1.10679,-1.94659,0.0443652,0.492067,-1.44896,0.166413,1.1005,-1.27189,-0.227078,0.950049,-0.930245,-0.0379866,1.40983,-2.15021,1.41434,-1.01822,-0.0811115,0.992828,1.01599,1.21179,0.651703,2.59502,-1.11451,-0.584218,-4.39502,10.0887,
4.33363,5.89483,14.0561,18.1438,-8.25926,32.5158,-4.78023,-7.43865,43.7453,-6.48301,-24.4655,-9.46906,0,0,0,0,0,0,0,0,0,0,0,0,0.0690121,0.426498,-1.68729,-0.0301127,0.826912,-1.51999,-0.0946783,1.09038,-1.60115,-0.0286128,1.06581,-1.71695,0.100753,0.557698,-1.45459,0.290433,0.736867,-0.925912,-0.211265,1.01794,-0.809526,-0.0914666,0.772243,-1.9003,-1.88211,0.960872,-3.35428,-0.373688,2.40494,0.422089,-1.18694,2.51225,-0.548827,2.20077,6.05027,-1.64088,
0.618489,6.7512,-13.7416,12.7883,-0.0807154,35.1422,-9.22184,-0.406876,20.8964,-5.36973,-8.38897,2.7251,0,0,0,0,0,0,0,0,0,0,0,0,0.032765,0.39976,-1.6519,-0.0538563,0.871469,-1.52911,-0.118065,1.12251,-1.59451,-0.0010261,1.20412,-1.86516,0.0541546,0.458637,-1.86881,0.17748,0.899367,-0.893054,-0.281226,1.11655,-1.20618,-0.118143,1.04551,-1.82937,0.405774,-2.5549,4.83153,-0.0471287,1.17459,-0.424919,0.180334,0.0578777,1.23168,-0.779436,-0.243185,-2.01799,
-5.45653,1.93836,4.02331,4.59412,7.8448,24.0326,-12.9695,-0.931722,16.1634,1.64679,25.0173,-6.11113,0,0,0,0,0,0,0,0,0,0,0,0,0.0554791,0.3712,-1.58549,-0.0406716,0.883228,-1.53318,-0.101785,1.11327,-1.56784,-0.0333627,1.13022,-1.83465,-0.00818309,0.412493,-1.50866,0.0707761,1.042,-1.09604,-0.307712,1.08683,-1.26329,-0.0709657,1.44279,-1.92567,1.4219,0.242011,0.5403,1.11673,0.645565,0.0269313,1.19534,-0.379833,1.56507,-2.70179,-5.69148,2.94703,
6.18311,-0.547299,2.21854,13.8407,-9.51225,25.3638,-10.693,-8.63125,27.2254,0.30331,10.1997,32.8288,0,0,0,0,0,0,0,0,0,0,0,0,0.0428619,0.418752,-1.64605,-0.0277029,0.907231,-1.52281,-0.0878108,1.12901,-1.54528,-0.0709869,1.10214,-1.88976,0.0871048,0.436073,-1.60819,0.213711,0.771148,-1.05799,-0.287894,1.0087,-1.04731,-0.0623376,1.40462,-1.3547,-2.7271,1.0909,-0.362503,-0.409379,1.47466,0.536223,-0.226597,1.46522,0.434156,0.12538,4.6812,-9.06854,
0.866168,7.73366,8.64265,8.75457,-2.45795,16.8823,-5.80677,-14.1449,20.9498,-1.11098,6.31062,-20.934,0,0,0,0,0,0,0,0,0,0,0,0,0.00668799,0.416488,-1.61305,-0.027171,0.934685,-1.50891,-0.0852698,1.15964,-1.5371,-0.0570742,1.14034,-1.9157,0.0306115,0.541969,-1.44379,0.154288,0.909607,-1.19678,-0.170952,0.927689,-1.15271,-0.0630339,1.15087,-2.21548,0.327002,-0.605257,1.7775,0.891399,0.784478,0.760252,0.795837,1.00918,0.512298,0.569596,-4.16834,11.8575,
-0.801816,11.4501,-2.69784,10.4546,-12.6371,18.1299,-7.63752,-13.7948,13.7088,-5.42278,-18.6525,-21.4926,0,0,0,0,0,0,0,0,0,0,0,0,0.0140845,0.406433,-1.57899,-0.0132847,0.947326,-1.49784,-0.0727498,1.17432,-1.52767,-0.0378284,1.09036,-1.73067,-0.00539718,0.599465,-1.60796,0.188589,0.743138,-1.16501,-0.198436,0.945372,-1.27373,-0.0902083,0.771282,-2.09303,-0.196127,-0.606062,2.94488,0.471605,1.02308,0.468741,0.52712,0.874788,0.686608,1.84864,0.802467,4.16827,
-1.16864,-0.963822,-0.804989,7.90671,-10.5254,24.3313,-12.5593,-3.75018,10.82,-3.51502,-2.18203,23.8343,0,0,0,0,0,0,0,0,0,0,0,0,-0.00262234,0.418342,-1.53512,-0.00939377,0.974436,-1.49889,-0.0644386,1.18217,-1.50258,-0.0178081,1.15846,-1.8339,-0.0389116,0.456204,-1.55373,0.144518,0.812178,-1.05962,-0.277184,1.10485,-1.29451,-0.104591,1.14565,-1.44791,-0.601649,2.21544,-0.582428,0.406136,1.16448,-0.457745,0.624252,-0.365321,1.66447,-0.914935,1.07449,-6.94643,
-4.60826,4.21179,27.2044,0.674765,-3.07943,15.8841,-5.37159,-9.20025,8.94446,8.5572,28.5395,-0.757865,0,0,0,0,0,0,0,0,0,0,0,0,-0.0106084,0.479682,-1.57798,0.00979997,0.994949,-1.51209,-0.0430899,1.16429,-1.46085,-0.0757531,1.08121,-1.86757,-0.106279,0.611342,-1.09307,0.0514059,0.957298,-1.22628,-0.113543,0.980177,-1.28674,-0.00251923,1.40949,-1.83126,-0.475374,2.20326,-1.42583,1.1735,0.733543,-0.438817,1.08848,-0.673546,1.68424,-3.29407,-7.62479,7.34598,
8.93664,23.6058,-3.91837,-0.391185,-22.0325,-19.5692,4.40833,-22.799,-5.74616,3.45293,-3.48245,13.4129,0,0,0,0,0,0,0,0,0,0,0,0,-0.0477929,0.48377,-1.49933,0.0319095,1.01378,-1.5145,-0.0207676,1.16653,-1.43917,-0.0735497,0.978873,-1.71251,0.0296324,0.862833,-1.49995,0.0361692,0.643596,-1.87006,0.0794156,0.772048,-1.54103,0.0796305,0.962494,-1.46855,-3.40236,-2.00534,10.358,0.454884,1.21639,0.0366495,0.80127,0.801711,0.383884,3.61598,1.87751,0.0122463,
-8.93588,4.33618,52.7094,-3.64994,-22.9701,-12.4752,3.98717,-15.3954,-22.0478,-2.89345,-15.6535,17.206,0,0,0,0,0,0,0,0,0,0,0,0,-0.0663283,0.526975,-1.49667,0.023118,1.0372,-1.5253,-0.0210954,1.19249,-1.435,-0.00538742,1.05843,-1.74775,-0.195897,0.733574,-0.574233,-0.0510068,0.634228,-1.76996,0.0625339,0.939667,-1.83331,0.0472912,0.804722,-1.41515,1.31608,5.11038,-5.26788,-0.310488,0.586556,-2.61526,0.445411,1.0839,0.376297,4.21147,1.23598,2.89887,
-8.87648,26.5947,43.2129,1.93454,-12.7808,-1.30881,3.12618,-14.294,-7.59276,17.0524,-32.1915,34.6703,0,0,0,0,0,0,0,0,0,0,0,0,-0.051105,0.596428,-1.52892,-0.0217104,1.0033,-1.62169,-0.0109271,1.20421,-1.48303,0.0364177,1.02842,-1.62683,-0.233356,1.13494,-0.760077,-0.0911668,0.686093,-1.67738,0.0412744,0.956097,-1.66275,0.328085,0.49834,-1.00786,-0.834409,2.19883,-2.47041,-4.1852,-3.39317,-4.67881,-0.185526,0.471063,-6.11148,-0.735067,2.20869,-1.67116,
-14.8723,34.92,38.8113,-4.63282,6.54561,8.43635,-6.26336,-0.948084,16.7655,16.212,-30.4548,11.7264,0,0,0,0,0,0,0,0,0,0,0,0,-0.0510113,0.628653,-1.56094,-0.0880602,0.882655,-1.70394,0.0258273,1.17322,-1.64295,0.0304375,1.03697,-1.61647,-0.292925,1.29117,-0.865982,-0.203423,0.823373,-1.56811,-0.00327831,1.06243,-1.38105,0.339492,0.448475,-1.38727,1.13967,1.10451,-1.5691,-1.2452,-7.13171,-2.57548,3.39094,-3.74199,-6.29525,0.571683,-1.39094,2.34574,
-16.7995,28.1865,45.7586,-2.61948,17.4014,12.3464,-5.31633,7.16285,9.38107,16.7234,-28.3512,7.12598,0,0,0,0,0,0,0,0,0,0,0,0,-0.0306737,0.641786,-1.58652,-0.101702,0.759866,-1.73303,0.0706404,1.08358,-1.7045,0.040095,1.00101,-1.56636,-0.316571,1.16874,-0.764229,-0.192453,0.883402,-1.51576,0.0046785,1.0341,-1.53639,0.347386,0.424542,-1.41501,0.78189,0.578775,-1.42059,-1.72497,-7.71412,-1.05803,1.22794,-7.18849,-0.360502,0.129159,-2.43962,3.19492,
-13.2937,19.2813,34.6092,-0.590725,22.0605,13.028,4.43592,11.1874,-7.46625,18.2738,-26.5542,5.52294,0,0,0,0,0,0,0,0,0,0,0,0,-0.0269573,0.651966,-1.6063,-0.141669,0.611978,-1.72837,0.037577,0.916693,-1.63423,0.028787,0.957214,-1.50788,-0.268467,1.01604,-0.979781,-0.175242,0.876592,-1.48323,0.0441796,0.962238,-1.74605,0.341926,0.440546,-1.39343,0.00779546,0.54004,-0.402,-0.913316,-5.45941,1.21201,-2.96202,-6.31444,3.51039,-0.764487,-1.35462,2.05792,
-16.7057,15.0894,32.2133,-6.38553,13.7131,-4.26114,4.0273,0.0973753,11.1009,15.5483,-30.7412,13.4877,0,0,0,0,0,0,0,0,0,0,0,0,-0.0177688,0.671188,-1.6085,-0.127841,0.532592,-1.68318,-0.0154337,0.844287,-1.62351,0.0182087,0.94504,-1.47685,-0.299074,0.97514,-1.02332,-0.200042,0.72881,-1.74194,0.0254377,0.832955,-1.4453,0.298529,0.384733,-1.2246,0.897398,1.18395,-0.0752453,1.75597,-2.12446,2.74451,-1.29409,-0.524095,-3.46509,-0.0950208,-0.0550338,1.02978,
-17.5215,13.0778,34.673,-2.92465,5.2989,2.08913,2.10949,5.91342,8.14864,15.3457,-31.5413,9.37201,0,0,0,0,0,0,0,0,0,0,0,0,-0.00254437,0.693521,-1.61101,-0.103563,0.526672,-1.654,-0.0236208,0.83879,-1.69181,0.0161238,0.946228,-1.4609,-0.307005,0.959022,-0.982521,-0.148345,0.655398,-1.62187,0.0171457,0.888663,-1.54713,0.287671,0.368036,-1.28339,0.564474,1.10888,-0.283594,0.335757,1.2953,-0.858142,0.0964855,-2.30574,-0.511078,-0.298579,-0.188556,1.0424,
-18.3267,8.92222,26.8782,4.06172,5.59362,19.549,-0.89086,13.077,-5.44005,15.0847,-27.2593,-1.92457,0,0,0,0,0,0,0,0,0,0,0,0,0.00588312,0.714486,-1.62049,-0.114992,0.575266,-1.70975,-0.0200916,0.749023,-1.62079,0.0063081,0.933729,-1.43238,-0.315564,0.899571,-1.13492,-0.0544427,0.721618,-1.36562,-0.0393857,0.892289,-1.69374,0.269452,0.419374,-1.45772,0.470652,0.914488,-0.458202,-0.531997,1.78599,-1.65854,-0.123866,-3.77988,3.80695,-0.444952,-0.74927,1.41557,
-18.1332,4.73672,19.6964,4.09558,9.47969,-12.4814,2.21869,2.08433,16.2421,7.96532,-23.3,2.5324,0,0,0,0,0,0,0,0,0,0,0,0,0.0208651,0.736416,-1.62915,-0.106914,0.580174,-1.65223,-0.0376124,0.718563,-1.5946,-0.00323785,0.919173,-1.40461,-0.289086,0.850265,-1.27314,0.00563786,0.720149,-1.82705,-0.0360117,0.787304,-1.31503,0.128942,0.485312,-1.35226,0.789728,1.10907,-0.308813,1.52347,-1.29532,7.64217,-1.54957,1.23377,-2.30839,-0.505756,-0.408976,0.924408,
-20.7824,-3.52193,17.8471,3.70364,-1.55351,38.9831,-1.08297,5.64558,3.36538,9.27558,-25.9856,0.38702,0,0,0,0,0,0,0,0,0,0,0,0,0.0386078,0.759189,-1.62995,-0.0774874,0.609937,-1.66168,-0.0519226,0.752107,-1.63222,-0.00321001,0.922836,-1.39286,-0.321085,0.725354,-1.30604,0.034845,0.68062,-0.994188,-0.0845147,0.850752,-1.55706,0.164365,0.457775,-1.38196,0.726772,1.20802,-0.0854785,1.79974,3.95713,-6.05567,-0.51607,-0.160046,2.04898,-0.042889,0.296208,0.566354,
-14.4425,-6.91081,6.89332,6.10124,7.0555,30.6824,-0.377411,1.03456,-2.97012,1.31773,-21.0651,-12.0991,0,0,0,0,0,0,0,0,0,0,0,0,0.0478896,0.781484,-1.63277,-0.036859,0.639437,-1.67188,-0.0783166,0.724123,-1.52532,-0.012087,0.925043,-1.38212,-0.194813,0.682012,-1.50596,0.097918,0.811577,-1.12775,-0.10843,0.74763,-1.55276,0.014307,0.55287,-1.59937,0.795523,1.04717,0.21575,0.953817,1.75432,-2.01412,-0.930072,0.187869,3.89526,0.0974137,0.433187,0.400735,
-11.7446,-12.0999,0.775684,7.54344,7.7841,30.5989,-3.69376,-2.94248,20.6156,-0.285757,-11.229,-5.26364,0,0,0,0,0,0,0,0,0,0,0,0,0.0670625,0.805015,-1.62391,-0.0155957,0.667616,-1.68716,-0.0913251,0.754831,-1.48986,-0.0123172,0.932132,-1.3958,-0.128673,0.611984,-1.60653,0.141514,0.835066,-1.13044,-0.153252,0.748893,-1.12343,-0.0273689,0.735829,-1.50642,0.712087,1.07869,0.480052,0.798268,1.03685,0.0552404,0.209287,1.9025,-1.23078,-0.394243,0.314404,-2.18854,
-5.95625,-18.5003,-7.59519,7.50748,11.9908,35.0905,-7.47519,5.4873,23.7889,0.700679,18.7219,-6.71867,0,0,0,0,0,0,0,0,0,0,0,0,0.0738786,0.820973,-1.61561,-0.00609572,0.683637,-1.68269,-0.0900584,0.783181,-1.50856,-0.0249449,0.913915,-1.43644,-0.0331244,0.507522,-1.75111,0.136807,0.926098,-1.0426,-0.226929,0.925543,-1.08243,-0.0414537,1.20362,-1.57625,0.0517007,0.916755,0.380913,0.256112,0.97784,0.30527,-0.038326,1.70371,-0.938387,-1.16994,-2.02781,-2.58829,
4.6652,-11.9342,-19.1981,14.9285,10.0722,33.2848,-7.3299,8.93519,34.8585,-0.306173,22.0208,18.9197,0,0,0,0,0,0,0,0,0,0,0,0,0.050811,0.825087,-1.61342,-0.0159137,0.708847,-1.67306,-0.101587,0.822374,-1.52687,-0.0420602,0.909094,-1.5473,0.0806197,0.580565,-1.96187,0.230317,0.927763,-1.06282,-0.258146,1.04238,-0.900784,-0.0442486,1.39688,-1.26315,-2.20053,-1.10149,0.0890313,-1.00787,1.43137,0.742622,-0.931486,2.30179,-1.13033,0.135138,3.4964,-8.77626,
1.6914,-6.60228,22.4891,17.1066,11.8826,27.5853,-5.53662,2.25329,46.9285,-6.30732,7.64674,0.472958,0,0,0,0,0,0,0,0,0,0,0,0,0.0205337,0.789611,-1.66899,-0.033228,0.740862,-1.64741,-0.118806,0.884511,-1.5607,-0.0165999,1.01064,-1.7065,0.0608304,0.647009,-1.30712,0.272446,0.990048,-1.13557,-0.230016,1.00513,-0.720093,-0.0903597,1.23612,-1.70974,0.381759,-0.902394,-6.89633,-0.214217,1.32557,1.50886,-0.421796,3.18583,-1.85337,1.63675,3.45805,-1.73539,
-0.583277,13.3211,9.14054,16.5031,8.7985,29.9164,-4.81272,-1.2543,47.8612,-4.79843,-21.4234,-14.3697,0,0,0,0,0,0,0,0,0,0,0,0,0.0403619,0.74962,-1.77537,-0.0377354,0.762828,-1.61808,-0.127747,0.941086,-1.5919,-0.00416935,1.05417,-1.66317,0.0549678,0.848888,-1.60386,0.245185,0.95238,-1.06336,-0.234707,0.9892,-0.731084,-0.101012,0.73531,-1.90982,1.00844,-5.71736,0.779267,-0.685419,1.1832,1.58286,-0.778221,2.83677,-1.37725,-0.383934,2.82617,2.14391,
2.4158,13.5766,-12.7371,13.3763,11.7659,26.6058,-8.14429,6.67005,32.941,0.273929,-7.79312,-10.6556,0,0,0,0,0,0,0,0,0,0,0,0,0.0417691,0.582121,-1.64368,-0.054598,0.784986,-1.58851,-0.141859,0.985686,-1.60612,-0.0347869,1.09565,-1.65421,0.0741904,0.685861,-1.84574,0.180358,1.01803,-1.09739,-0.293079,1.13708,-1.00681,-0.080187,0.938214,-1.85199,-0.460099,-5.7243,4.33009,-0.329993,0.764618,1.08174,-0.125655,1.20461,0.0555476,-2.01522,-0.629853,-0.593017,
2.18194,-9.61632,23.4246,7.98958,13.4271,22.4616,-12.0693,10.9012,30.5502,0.0648733,29.2363,9.63121,0,0,0,0,0,0,0,0,0,0,0,0,0.0363498,0.543134,-1.67241,-0.0475978,0.799269,-1.56762,-0.132109,1.00509,-1.59811,-0.068151,1.05561,-1.72003,0.078534,0.407339,-1.29407,0.115848,1.06103,-1.15271,-0.333434,1.23058,-1.04101,-0.086208,1.5514,-1.58236,0.100501,1.56192,-6.97521,0.727229,0.705476,0.95545,0.724665,1.09132,0.241391,-0.769461,-1.43115,-5.49221,
7.37505,7.0705,-9.3596,10.1404,4.49833,22.3502,-7.24887,-2.47282,28.7354,-0.494058,34.5018,36.9153,0,0,0,0,0,0,0,0,0,0,0,0,0.0351501,0.543601,-1.75434,-0.0377387,0.819154,-1.54575,-0.121686,1.03809,-1.5994,-0.0713811,1.05549,-1.84387,0.155569,0.543989,-1.87987,0.140946,0.929719,-1.13204,-0.254969,1.04292,-1.08014,-0.0757542,1.73776,-1.22185,-0.546913,-5.12665,6.54784,-0.227399,1.15109,1.07659,-0.0594091,1.99177,-0.470854,0.184389,2.19855,-7.21157,
0.083285,18.7834,-5.39726,8.30554,9.36889,12.1409,-2.27555,-15.3245,32.0377,-1.07432,-3.5124,0.280742,0,0,0,0,0,0,0,0,0,0,0,0,0.0295096,0.42712,-1.57991,-0.0432799,0.841552,-1.52439,-0.125134,1.08285,-1.616,-0.0587564,1.11687,-1.88933,0.0469779,0.666443,-1.64222,0.108976,1.04251,-1.29447,-0.16742,0.877569,-1.04236,-0.0491546,1.08522,-1.83981,0.63816,-4.08777,5.25439,0.0498411,1.2245,1.34571,-0.0364966,2.93372,-1.30011,1.16539,1.28819,6.5148,
0.365034,3.89448,16.4415,14.2849,-3.55588,31.1898,-8.10937,-2.57746,34.874,-3.54845,-16.6394,-9.55539,0,0,0,0,0,0,0,0,0,0,0,0,0.0426536,0.427486,-1.61895,-0.0451121,0.871357,-1.50606,-0.130735,1.14024,-1.63605,-0.0412751,1.13338,-1.68342,0.0508924,0.557884,-1.35651,0.206079,0.844253,-0.938876,-0.284787,1.13034,-1.00095,-0.106483,0.887364,-1.85338,0.0640745,2.38357,-5.35371,-0.34138,1.50191,0.0133938,-0.264372,1.47857,0.150968,-0.0276264,2.26089,0.553681,
-1.68689,4.59272,-5.33743,10.8108,-4.29577,33.1582,-11.4875,2.59204,18.0103,-1.03541,3.84903,-2.18267,0,0,0,0,0,0,0,0,0,0,0,0,0.041037,0.464982,-1.6887,-0.0512979,0.902122,-1.51828,-0.130737,1.14774,-1.6137,-0.0538402,1.1523,-1.72353,0.0154875,0.52857,-1.76803,0.14951,0.851222,-0.919147,-0.325169,1.18632,-1.2764,-0.100562,1.18096,-1.77259,0.204854,-0.796636,2.59761,0.169922,1.08818,-0.548547,0.57724,-0.341884,1.4423,-1.11585,-1.65276,-1.3755,
-1.08161,-0.586031,-11.279,7.38563,0.19199,24.0527,-14.2313,-2.87279,19.2343,0.778724,22.3557,10.7686,0,0,0,0,0,0,0,0,0,0,0,0,0.041886,0.441593,-1.60155,-0.0409308,0.918295,-1.52195,-0.113136,1.14249,-1.58902,-0.0728032,1.11003,-1.75752,0.0116098,0.437788,-1.78919,0.112516,0.94426,-1.08293,-0.345045,1.09813,-1.23286,-0.0753694,1.48306,-1.5832,-0.424421,0.274023,2.55696,0.766489,0.898982,0.249883,1.07361,0.314822,0.945396,-0.668993,-1.33743,-3.14996,
5.66292,-8.22202,13.5167,11.2143,-3.3763,23.9641,-13.1798,-6.27311,29.0425,-1.45966,15.7441,11.6648,0,0,0,0,0,0,0,0,0,0,0,0,0.0137935,0.493186,-1.64564,-0.0290685,0.941805,-1.5084,-0.0972727,1.16711,-1.57911,-0.0727076,1.12426,-1.82922,0.0699992,0.422409,-1.43311,0.178063,0.91169,-1.06808,-0.331003,1.09154,-1.04948,-0.0865852,1.45955,-1.63018,-1.87026,3.14859,-4.87369,0.129393,1.25089,0.676302,0.236107,1.53934,0.232292,0.50647,1.96118,-1.91478,
3.63944,11.6765,-3.32135,12.8324,-13.2894,25.1153,-8.6798,-16.8959,22.3006,-3.08387,-18.9038,-9.63795,0,0,0,0,0,0,0,0,0,0,0,0,-0.0133265,0.513685,-1.69596,-0.0309777,0.969845,-1.49478,-0.0970563,1.20109,-1.57408,-0.0567331,1.17039,-1.8075,0.0483409,0.659467,-1.73085,0.198924,0.75828,-1.03447,-0.254587,0.926752,-1.16627,-0.0926287,0.875696,-1.96135,-0.180168,-2.66072,3.73965,-0.136624,1.20247,0.53816,0.0113445,1.31452,0.343835,0.80699,1.9604,3.13629,
-1.34701,9.22789,-5.07945,11.019,-10.6506,23.0688,-10.6415,-11.3112,13.9854,-3.92734,-23.6146,-20.9724,0,0,0,0,0,0,0,0,0,0,0,0,-0.00337693,0.449749,-1.59601,-0.0304002,0.989326,-1.48755,-0.0934439,1.21699,-1.56258,-0.0476068,1.19077,-1.73619,0.000626848,0.571727,-1.66942,0.180859,0.818275,-1.06633,-0.27216,1.01912,-1.30101,-0.116129,0.747827,-2.09215,1.1398,-1.83207,2.77925,0.436559,0.903859,0.261575,0.590652,0.311489,1.0689,0.11537,-0.543418,3.71929,
-4.13757,-4.86899,14.0118,4.34481,-4.33643,27.0286,-16.2242,0.307724,11.654,-1.63884,14.4016,8.35615,0,0,0,0,0,0,0,0,0,0,0,0,0.0180533,0.467848,-1.63252,-0.0149632,1.00671,-1.48732,-0.0745365,1.20812,-1.52608,-0.0647679,1.14393,-1.7303,-0.0463514,0.432436,-1.40432,0.0831111,0.947038,-0.997245,-0.34605,1.19236,-1.30032,-0.134246,1.33553,-1.60394,0.432957,2.12462,-3.89541,0.763109,0.766813,-0.198695,0.938855,-0.854064,2.03362,-1.58725,-2.80994,-3.75049,
3.16425,9.15042,0.50434,4.45472,-11.9128,24.532,-9.23962,-13.327,8.87128,5.8462,32.0412,32.4877,0,0,0,0,0,0,0,0,0,0,0,0,0.000700584,0.487931,-1.66088,-0.00333295,1.02482,-1.49093,-0.05889,1.19212,-1.48336,-0.110138,1.09335,-1.85764,0.0038857,0.612217,-1.62296,0.080086,0.831787,-1.0443,-0.219614,0.947153,-1.31217,-0.0588428,1.6409,-1.29667,-2.17387,-1.68344,4.21618,0.0969601,0.94259,0.0874952,0.290772,-0.106285,1.45195,-2.19998,-1.40056,-4.35756,
4.0303,15.5369,4.89293,0.666188,-10.627,1.19363,-4.50929,-22.1644,4.54311,2.89134,15.7116,6.66283,0,0,0,0,0,0,0,0,0,0,0,0,-0.0388765,0.446083,-1.5451,0.00168314,1.0411,-1.48083,-0.0511537,1.20479,-1.46999,-0.116807,1.07203,-1.85367,-0.00382308,0.70372,-1.42281,0.0323961,0.867607,-1.45214,-0.112545,0.83605,-1.38634,-0.00949333,1.32879,-1.69589,-1.52899,-0.994086,4.88796,0.744018,0.789097,1.02418,0.823819,1.36986,0.153619,2.18975,-1.15638,5.3727,
2.39003,13.5346,17.2278,0.645783,-30.5772,-9.95005,-2.35456,-21.5232,-6.75213,-5.39365,-25.6002,-7.51561,0,0,0,0,0,0,0,0,0,0,0,0,-0.0647941,0.472439,-1.49634,0.016932,1.06206,-1.46058,-0.0348247,1.24308,-1.47369,-0.0360668,1.08094,-1.67571,-0.0522281,0.775146,-1.17273,0.0349457,0.538565,-1.64012,-0.0690427,0.888673,-1.59657,-0.037564,0.677264,-1.76936,-1.23556,2.26491,1.52293,0.250886,1.29817,0.200436,0.343685,1.47683,-0.0164117,3.86276,2.47108,6.30654,
-9.64084,13.8873,11.2772,-2.63416,-29.3409,-29.4966,4.54502,-12.2743,-30.3769,11.603,-15.3453,8.47812,0,0,0,0,0,0,0,0,0,0,0,0,-0.075203,0.522456,-1.42787,0.0222637,1.09165,-1.48153,-0.0202852,1.24386,-1.45587,-0.0237889,1.10737,-1.67566,-0.241144,0.81752,-1.18125,-0.00735304,0.594246,-2.03299,0.0906676,0.992257,-1.9998,0.168286,0.739377,-1.50586,0.373891,1.70265,6.09883,0.731087,1.44282,-2.22371,1.13264,-1.1373,1.22894,-0.755573,-3.55972,2.29533,
-15.4697,30.8,55.7954,-6.04911,-29.7726,-9.09882,0.562808,-12.621,-4.99594,17.2983,-24.3741,15.155,0,0,0,0,0,0,0,0,0,0,0,0,-0.0734332,0.561997,-1.50308,0.0133463,1.10702,-1.55105,-0.0206978,1.23666,-1.48719,-0.0360613,1.065,-1.65216,-0.335124,1.17213,-0.517813,-0.105455,0.583245,-1.76807,0.0113822,1.03084,-1.62575,0.294978,0.605852,-1.37087,0.783085,2.00546,-4.28169,-0.352707,0.701671,-7.56699,0.873885,0.945892,-6.99988,0.660991,-0.639362,0.842416,
-19.2195,41.0882,62.7747,3.70503,-3.43736,17.2629,-4.1147,-2.78742,20.3241,20.2786,-29.8372,14.9346,0,0,0,0,0,0,0,0,0,0,0,0,-0.0511824,0.600126,-1.59414,-0.0447682,1.05634,-1.74499,0.0176839,1.23965,-1.71008,-0.0190679,1.03579,-1.61547,-0.384355,1.37885,-0.476592,-0.121117,0.840609,-1.47313,-0.0133891,1.12694,-1.39347,0.357454,0.446778,-1.32933,0.650924,1.2667,-3.49189,-5.74851,-6.12932,-6.16219,1.74959,-2.48117,-7.76061,0.312757,-1.86049,2.14149,
-16.9479,28.7144,54.924,0.88376,21.7114,-0.229022,-2.34259,8.93594,-11.3165,22.1456,-20.7267,13.2398,0,0,0,0,0,0,0,0,0,0,0,0,-0.03908,0.620254,-1.65267,-0.155974,0.830657,-1.75652,0.051464,1.09296,-1.71813,-0.0186238,0.988034,-1.56037,-0.334662,1.15712,-0.663997,-0.179709,0.949429,-1.72821,0.020072,1.04347,-1.87927,0.381166,0.566658,-1.30488,0.502446,0.591257,-1.45865,-1.59215,-11.0392,4.76283,0.448025,-8.47832,6.54265,-0.11429,-1.78111,2.16605,
-15.4398,24.5523,40.3386,-8.54904,17.1713,-0.813425,4.30303,3.11069,-10.1981,24.566,-21.624,15.2714,0,0,0,0,0,0,0,0,0,0,0,0,-0.0309968,0.631564,-1.66464,-0.144428,0.681583,-1.68982,0.0330053,0.985661,-1.62738,-0.0221221,0.971078,-1.53456,-0.298508,1.10154,-0.933477,-0.252054,0.830826,-1.69802,0.0541643,0.950345,-1.80413,0.417838,0.568947,-1.24944,0.528502,0.942655,-0.333015,1.91245,-6.51851,0.966581,-2.28311,-3.67496,1.27222,-0.267816,-0.358714,1.09377,
-19.6299,19.0605,41.1235,-6.31323,8.59614,22.5303,3.81896,-6.64225,19.8728,20.0268,-36.6307,17.983,0,0,0,0,0,0,0,0,0,0,0,0,-0.0174117,0.659109,-1.66541,-0.108067,0.621425,-1.76906,-0.011809,0.977234,-1.72944,-0.0268964,0.979035,-1.52149,-0.355073,1.04016,-0.918299,-0.210012,0.752731,-1.39743,0.0407824,0.866231,-1.41592,0.335939,0.325546,-1.19087,0.76983,1.37999,-0.0862483,0.513616,-0.999496,-5.57528,-0.673769,0.390615,-7.01085,-0.051528,0.500982,0.535427,
-16.3796,15.3878,33.086,3.98721,23.4742,2.51457,-2.60342,21.0823,-3.85918,13.7992,-26.6045,6.19291,0,0,0,0,0,0,0,0,0,0,0,0,-0.000645488,0.684549,-1.67013,-0.12858,0.560102,-1.78758,0.0110776,0.895569,-1.76009,-0.0299173,0.974841,-1.4973,-0.285786,0.978604,-1.07025,-0.0936263,0.849219,-1.69479,0.000377414,1.06693,-1.77799,0.212119,0.463874,-1.37372,0.506851,0.571073,-0.247917,-1.50164,-5.50747,6.9028,1.46539,-8.47802,7.66596,-0.354346,-1.08992,1.61164,
-18.5364,8.0786,21.0808,2.64831,19.4259,0.525155,-0.326924,8.54218,1.66424,11.2751,-24.1493,4.40868,0,0,0,0,0,0,0,0,0,0,0,0,0.0136099,0.694323,-1.67237,-0.135875,0.487879,-1.66266,0.0128465,0.777326,-1.63814,-0.0359152,0.9589,-1.47302,-0.301879,0.863624,-1.28909,-0.0639767,0.796487,-1.61822,-0.0240658,0.838206,-1.58505,0.161266,0.508052,-1.38514,0.861479,0.896722,-0.00157472,0.949876,-1.78364,5.11651,-1.23873,-3.77727,3.34798,-0.312832,-0.47082,1.13246,
-20.1873,1.97456,27.0554,0.293495,-4.68235,18.0269,5.45293,-3.50423,23.5765,14.256,-24.4362,10.3401,0,0,0,0,0,0,0,0,0,0,0,0,0.0258207,0.722067,-1.67032,-0.0874205,0.541647,-1.65711,-0.0350839,0.790945,-1.68676,-0.0439504,0.963764,-1.46027,-0.327961,0.790672,-1.17865,-0.0207553,0.568833,-1.34272,0.00647558,0.750677,-1.27486,0.200564,0.528096,-1.26972,0.530414,1.30814,-0.0360624,2.45316,4.49277,-1.96085,-2.30339,0.937819,-2.45832,-0.587419,0.345082,0.373613,
-12.9634,-0.36523,18.4879,4.80954,12.3562,28.3247,-4.95137,23.7117,-13.4444,7.99435,-17.0557,-7.05629,0,0,0,0,0,0,0,0,0,0,0,0,0.0366605,0.746747,-1.67444,-0.0536554,0.607041,-1.6911,-0.0506243,0.738259,-1.60632,-0.0535462,0.965347,-1.44794,-0.179655,0.763133,-1.3393,0.0546626,0.851637,-1.18178,-0.113537,1.02407,-1.77739,0.0936302,0.650799,-1.57032,0.775312,0.92106,-0.147062,0.834867,0.797514,-0.833222,1.08448,-5.81261,10.7626,0.0729797,-0.177843,0.868965,
-15.6164,0.749095,21.7173,4.80186,7.26986,19.5661,8.33847,-19.4195,43.04,8.98955,-23.0826,9.213,0,0,0,0,0,0,0,0,0,0,0,0,0.0499593,0.766111,-1.6685,-0.0384235,0.624125,-1.70161,-0.0626881,0.757938,-1.58915,-0.0561241,0.963965,-1.43183,-0.217435,0.808169,-1.26869,0.0686196,0.781768,-1.34592,0.0317754,0.590495,-0.866157,0.108448,0.557609,-1.26453,0.661592,1.13753,0.725807,0.789462,1.01855,-0.0088633,-2.2858,7.42556,-8.73375,0.0450121,0.533131,-0.0309698,
-10.3753,-3.84492,7.33868,6.70903,12.1925,29.0242,-9.04678,17.7945,-7.09999,-0.341454,-15.9538,-10.7068,0,0,0,0,0,0,0,0,0,0,0,0,0.0651735,0.785413,-1.65399,-0.0210739,0.640713,-1.69391,-0.0768667,0.84513,-1.66428,-0.0513368,0.979003,-1.43449,-0.0996331,0.733232,-1.51661,0.12672,0.875595,-1.16209,-0.174958,1.08312,-1.72722,-0.0436953,0.703489,-1.62765,0.953387,0.709064,0.579384,1.03247,0.527973,0.602788,2.65581,-3.42189,9.70158,0.553988,0.582247,0.221762,
-9.82393,-0.203183,10.7326,8.54409,14.4541,29.5653,6.26155,-18.4255,48.6683,7.4104,-5.13441,7.76723,0,0,0,0,0,0,0,0,0,0,0,0,0.0655343,0.792025,-1.64195,-0.01347,0.650139,-1.6885,-0.065362,0.825944,-1.5692,-0.0592006,0.970562,-1.43956,-0.113074,0.801911,-1.44172,0.145229,0.930173,-1.14947,-0.0246507,0.653614,-0.738411,0.0513733,0.857841,-1.31012,0.000325176,0.543206,0.746885,0.13406,0.689299,0.217286,-2.9254,6.50715,-7.93325,-0.966426,-0.774719,-1.72731,
-3.74743,-6.18197,-1.94335,6.36003,15.8108,35.6297,-7.90666,25.896,-25.9131,-4.84342,24.4293,-24.3925,0,0,0,0,0,0,0,0,0,0,0,0,0.0751073,0.804778,-1.62304,-0.00124824,0.66317,-1.67158,-0.0820551,0.872588,-1.55106,-0.0502982,0.926791,-1.45858,0.0245512,0.700956,-1.65327,0.132459,0.957963,-1.01525,-0.139164,1.15162,-1.8917,-0.0886482,1.28205,-1.88801,0.703161,0.343095,0.748113,0.722798,0.292976,1.24912,3.46594,-7.67211,19.141,1.98849,-3.55628,2.06262,
-0.0435266,-6.1319,-13.4664,10.6187,-1.77692,22.2215,-4.83368,-37.557,85.2174,-3.48252,-25.9829,37.9483,0,0,0,0,0,0,0,0,0,0,0,0,0.0552821,0.805848,-1.60384,-0.0128972,0.680252,-1.6548,-0.104388,0.944536,-1.62161,-0.0462856,1.01258,-1.51215,0.0318743,0.701431,-1.84432,0.175682,0.682987,-1.23984,-0.233839,0.491907,-0.149205,-0.0738766,0.797978,-0.890667,-0.904656,0.282885,0.639736,-0.179509,1.40167,1.6046,-1.66264,9.20905,-11.2937,1.4291,10.3126,-10.0441,
-1.02058,-2.49864,16.3068,1.30711,8.778,27.6337,-0.683596,29.1266,-28.0136,3.02236,-0.44671,-17.256,0,0,0,0,0,0,0,0,0,0,0,0,0.0508762,0.805149,-1.6096,-0.00681775,0.698833,-1.62265,-0.0992654,0.997612,-1.635,-0.0431857,1.13195,-1.72758,0.0447077,0.748737,-1.32805,0.0327026,0.858005,-1.11164,-0.0282724,1.20723,-1.96804,-0.0570821,1.00472,-1.98893,0.495501,-0.439286,-2.18956,0.630186,-0.0171257,1.25725,3.33688,-12.7984,25.8569,-2.75394,-4.76428,7.6852,
-12.1232,35.0928,21.2651,-9.52384,4.90967,-1.02937,-0.967236,-40.6464,64.629,9.07376,-1.32006,19.7136,0,0,0,0,0,0,0,0,0,0,0,0,0.0449382,0.762409,-1.64508,-0.00635886,0.692697,-1.61999,-0.0863164,0.998768,-1.61497,-0.0910084,0.920508,-1.4157,-0.169025,1.3026,-1.23345,-0.167135,0.788052,-1.6333,-0.0881538,0.51402,-0.547056,0.116515,0.836668,-1.03557,0.258335,-3.91437,3.66532,0.495392,0.243504,0.793397,0.62995,10.1711,-15.7169,1.70185,-2.39356,3.18176,
4.79743,13.3269,23.1419,13.4524,-6.93493,24.9653,-6.62454,39.1116,-35.3969,3.0111,6.34286,-24.9754,0,0,0,0,0,0,0,0,0,0,0,0,0.0235431,0.709707,-1.56537,-0.0438818,0.707453,-1.60596,-0.0239168,1.03489,-1.65931,-0.0370107,0.91844,-1.43295,0.0557839,0.969193,-1.15342,0.0601937,0.5998,-1.1529,-0.0332813,1.34647,-2.11503,0.0522923,0.92926,-1.84711,-2.19941,0.687165,-1.29215,-5.62057,0.737462,-0.126531,4.44326,-15.9817,27.5523,1.38223,-4.18019,5.85822,
-4.89994,11.1431,5.65808,17.403,2.70417,26.5035,-2.05935,3.21934,1.86372,0.178461,-6.09327,38.2562,0,0,0,0,0,0,0,0,0,0,0,0,-0.0274549,0.731671,-1.57439,-0.128306,0.713973,-1.59875,-0.0137176,0.846912,-1.33742,-0.0508439,0.924854,-1.46667,-0.139671,0.963787,-1.4658,0.140031,0.78071,-1.11979,-0.098592,0.986593,-1.33205,-0.00494953,0.891392,-0.817498,-0.925067,1.18052,0.838629,-1.92326,0.702811,-0.429076,-1.89727,3.24591,-4.18245,1.70598,3.09297,-6.80389,
-11.0807,-0.112274,28.1102,8.53517,7.65205,3.45181,0.858791,-20.3408,32.756,-4.20167,9.85997,-33.507,0,0,0,0,0,0,0,0,0,0,0,0,-0.0130212,0.775926,-1.57188,-0.111093,0.732522,-1.59457,-0.0345369,1.0774,-1.65964,0.0204927,0.938206,-1.49585,-0.220839,0.832559,-1.0609,0.0839353,0.875427,-1.52597,-0.00983516,0.853385,-1.11749,-0.0372096,0.928582,-2.0076,-0.254035,2.34696,-0.0178511,1.59374,0.1511,0.855406,0.363493,5.83279,-7.83378,0.74767,-7.55583,14.2956,
3.77357,-5.59826,-2.68509,16.1698,-7.39846,45.5276,-9.68079,20.5601,-15.8608,-3.51521,-17.2907,19.7218,0,0,0,0,0,0,0,0,0,0,0,0,-0.0102298,0.796897,-1.57348,-0.0850678,0.74925,-1.58768,-0.00602122,1.01971,-1.5187,0.03558,0.95952,-1.52658,0.0277663,0.697273,-1.61793,0.213129,0.663694,-0.763148,-0.161943,1.1782,-1.68693,-0.0597298,0.826239,-1.26471,-1.22457,0.0864984,0.639912,0.168013,1.95843,-0.476201,0.803715,-8.61312,17.622,-1.25587,7.2438,-14.1849,
-3.69455,-17.4058,-15.3317,8.11669,18.0431,34.2441,-18.3522,-23.3477,-22.0844,-3.44175,11.3273,19.7237,0,0,0,0,0,0,0,0,0,0,0,0,-0.0106237,0.797776,-1.55645,-0.0799067,0.780327,-1.57875,-0.00603061,0.915329,-1.24212,-0.0070835,1.07018,-1.7728,0.00322208,0.482459,-1.83454,0.113816,1.11975,-0.945283,-0.311275,0.585352,-1.56571,-0.146215,1.33846,-1.46998,3.24078,0.0460808,0.0981351,1.84586,0.454596,1.59085,1.1373,3.7811,11.4308,-3.06218,2.49337,-8.1828,
-8.71381,-7.00075,18.9813,0.423516,28.7924,5.20381,-2.62684,-28.7368,57.9593,4.25828,26.7971,-24.48,0,0,0,0,0,0,0,0,0,0,0,0,0.0484223,0.79686,-1.56851,-0.0329022,0.781633,-1.53572,-0.0207635,1.03599,-1.40018,-0.0696743,0.952101,-1.62632,-0.0620288,0.661616,-1.23795,0.030485,1.31149,-1.4219,-0.159011,0.686935,-0.421808,-0.057376,1.29877,-1.99863,1.91928,-0.318313,-2.13544,2.22748,0.254353,2.81801,-3.61949,6.93725,-11.0638,-2.605,-5.6222,10.6736,
13.9671,11.2276,-21.0575,15.1911,-33.4125,32.657,3.91704,-10.6614,28.0333,1.68077,-37.1905,18.3879,0,0,0,0,0,0,0,0,0,0,0,0,0.000369923,0.722222,-1.54578,-0.017152,0.852565,-1.516,-0.111664,1.03823,-1.42254,-0.097012,1.00794,-1.60748,0.129418,0.755846,-1.87759,0.254843,0.411986,-0.935858,-0.0796954,0.89062,-0.918373,-0.0550448,0.566609,-1.35055,-4.99592,-6.82056,7.48667,-0.168326,6.67683,-1.99701,-1.57,1.84947,-0.810985,0.456306,9.39457,-11.3501,
-10.0037,-19.193,32.2786,-1.59134,10.4085,15.9157,-10.5967,11.9401,19.1436,-9.63481,20.2498,-19.9194,0,0,0,0,0,0,0,0,0,0,0,0,-0.0109422,0.699545,-1.56789,0.00360865,0.920826,-1.50631,-0.112986,1.02695,-1.3957,-0.0573564,1.05636,-1.71417,-0.0564197,0.437117,-1.04862,0.0321979,1.10053,-1.21528,-0.235472,1.19706,-1.03332,-0.171809,1.18246,-2.00714,5.45633,3.4614,-9.9159,2.30091,-0.381838,0.241587,2.80721,-1.879,2.09866,2.42901,-9.68313,10.1487,
-9.44478,11.9175,29.5719,2.0361,-8.06853,13.2833,-4.36112,7.9463,0.333188,0.252267,33.0945,-21.434,0,0,0,0,0,0,0,0,0,0,0,0,0.0702736,0.737707,-1.7117,0.0405857,0.910229,-1.49804,-0.0679946,0.99254,-1.35791,-0.0391579,0.867009,-1.51519,-0.0742968,0.899128,-1.17484,0.0840753,0.763253,-1.25395,-0.122181,1.09613,-1.33653,-0.0642895,1.3081,-1.87244,1.08611,-2.21045,-0.119415,0.258789,-0.0110367,0.377355,1.00425,-1.63566,2.24675,-1.18873,-6.42524,4.76174,
7.03083,0.74903,-19.5538,21.6012,-29.1094,15.0487,-3.1458,-11.9308,20.9748,0.0448505,-20.1594,68.1666,0,0,0,0,0,0,0,0,0,0,0,0,-0.00596858,0.593241,-1.45617,0.00379232,0.931543,-1.48322,-0.081843,1.00331,-1.33552,-0.0747949,0.969591,-1.73638,0.0568507,0.596955,-1.7829,0.35268,0.43664,-1.19823,-0.159723,0.863247,-0.958877,-0.0707953,0.894775,-0.624879,-2.60056,-0.396178,4.22197,-1.75445,1.37436,1.66897,-0.827357,3.07448,-0.692089,0.127362,11.6687,-18.7572,
-14.2586,-15.5584,31.5601,-0.897959,-7.90644,-2.98146,-0.167544,-18.6825,25.9287,3.06514,20.6309,-35.049,0,0,0,0,0,0,0,0,0,0,0,0,0.0141344,0.641748,-1.48861,0.00573111,0.946384,-1.43702,-0.0658161,1.05664,-1.33742,-0.0766214,1.02215,-1.77628,-0.135357,0.437205,-0.955752,0.0456066,0.791311,-1.47855,-0.0119238,0.749527,-0.872069,-0.0635567,1.02059,-2.21502,4.39023,3.13343,-6.00761,2.24808,-0.45279,1.85896,2.27754,1.30258,-0.89211,-1.70661,-15.0663,29.1162,
2.27525,26.1722,-15.9719,8.2934,-18.6746,-4.72587,1.78931,-1.37317,-16.1915,1.80077,-17.11,-1.31503,0,0,0,0,0,0,0,0,0,0,0,0,0.0529404,0.625683,-1.50251,0.0323882,0.923792,-1.41745,-0.0197581,1.03752,-1.3087,-0.0563109,0.809265,-1.33796,0.0049714,0.919548,-1.71161,0.134131,0.556175,-1.50679,0.0247191,0.942564,-1.58015,0.018036,0.576895,-1.39538,-3.57349,-7.27973,11.9235,-1.96184,-1.12315,-0.500371,0.477773,-2.79972,3.36381,1.66422,3.1488,-4.91545,
-2.96319,-4.95785,19.2603,8.78082,-6.44569,23.511,-11.0628,8.02939,17.2332,-7.43264,-1.03382,46.936,0,0,0,0,0,0,0,0,0,0,0,0,0.0163548,0.608739,-1.47268,0.00313139,0.906039,-1.43232,-0.0196047,0.999913,-1.27656,-0.0377873,1.0033,-1.73788,-0.0353065,0.628431,-1.17029,0.157981,0.798108,-1.01806,-0.19343,1.11403,-0.971599,-0.139194,1.08592,-0.980889,0.0885943,4.39341,-7.01119,-0.192075,0.370572,-1.93862,1.09262,-1.27481,-1.22792,1.3493,4.05643,-14.1379,
-6.45952,0.810105,30.5986,1.72282,-1.44803,4.8532,11.4923,-9.51255,9.51896,10.4691,34.0959,-22.9074,0,0,0,0,0,0,0,0,0,0,0,0,0.0258658,0.69876,-1.60252,0.0303621,0.897872,-1.45951,-0.010387,0.984805,-1.3191,-0.0590242,0.867831,-1.65011,-0.11378,0.705157,-1.02664,0.080907,0.871207,-1.37758,0.145692,0.788596,-1.13153,0.0487023,1.20693,-1.94616,-0.88801,-0.333323,2.86654,0.76884,-0.0134702,-0.925255,-2.11483,-0.930147,2.12712,-3.30483,-11.2332,17.6658,
-0.167865,-1.16329,19.4996,5.45224,-23.3179,3.27615,-0.889337,-4.78203,-32.3878,-5.83868,-21.5508,-19.4355,0,0,0,0,0,0,0,0,0,0,0,0,0.0106078,0.686783,-1.52803,0.0421082,0.902369,-1.45369,-0.035572,0.956232,-1.17459,-0.0682406,0.776385,-1.35019,0.00112948,0.697209,-1.17551,0.139387,0.498001,-1.38589,-0.00562681,0.811651,-1.7019,-0.0982972,0.552655,-1.70364,-0.257047,1.26306,-0.29515,-0.0740944,0.783752,1.20743,1.8446,-2.30542,9.0286,3.04405,6.7241,-0.0117401,
-4.04761,8.92446,4.89081,10.3205,-21.7587,-3.58264,0.571356,-9.47537,24.6493,-3.63686,-38.3286,38.3288,0,0,0,0,0,0,0,0,0,0,0,0,-0.00841188,0.702473,-1.51432,0.0253935,0.923657,-1.43877,-0.0396541,0.998754,-1.22602,-0.0090311,0.965586,-1.51657,-0.0986639,0.885317,-1.41948,0.198428,0.55602,-1.49891,-0.0326014,0.911003,-0.828774,-0.0335607,0.474068,-0.89062,-0.666359,0.823243,0.867247,-0.5844,1.11899,0.732759,-0.133421,3.38116,-7.46924,1.66381,8.21461,-10.4044,
-8.22763,-2.90699,45.6168,-6.69616,-9.55247,-23.6649,8.90433,9.9096,-8.49929,9.73693,17.8437,-32.973,0,0,0,0,0,0,0,0,0,0,0,0,-0.00172387,0.719616,-1.51797,0.0342793,0.936237,-1.43808,-0.00661084,0.977071,-1.30594,-0.0441266,0.882297,-1.43099,-0.136133,0.687322,-0.693801,-0.0574635,0.764249,-1.87311,0.226092,0.992174,-1.42377,0.0613854,0.839913,-1.89628,0.607379,0.822426,-0.766994,1.20022,0.0677314,-0.698205,2.83224,-6.60287,5.38237,-2.86092,-14.6726,19.6853,
-10.4466,14.6873,36.3884,-0.702933,-29.2846,8.97589,1.50312,-1.30959,-9.18571,7.31891,-25.0343,53.8654,0,0,0,0,0,0,0,0,0,0,0,0,0.0128228,0.732579,-1.53876,0.0340074,0.959236,-1.54958,0.034555,0.93982,-1.27566,-0.0428504,0.790831,-1.31991,-0.184177,1.01901,-0.878098,-0.0328993,0.486019,-1.45696,0.112574,0.971939,-1.46675,0.135404,0.516859,-0.424262,-0.282513,0.77544,-0.138365,-2.16504,2.36919,-10.3506,2.0276,2.23718,-3.53184,1.80735,7.2479,-12.2794,
-20.2763,27.9896,26.9933,4.30429,6.41322,-8.94829,-5.59084,-13.6026,-4.37341,15.4479,-4.50805,14.931,0,0,0,0,0,0,0,0,0,0,0,0,0.00318148,0.744495,-1.52325,-0.0552544,0.933235,-1.70834,0.0933708,0.9989,-1.35774,-0.0131612,0.894465,-1.51181,-0.356988,1.25839,-1.02609,-0.0907393,0.858116,-1.85776,0.0653536,0.809194,-1.47757,0.299289,0.782005,-1.23339,0.339615,0.199872,0.934573,-4.54979,-7.6689,1.94695,2.94537,2.30456,-5.913,1.26315,-1.21982,1.01839,
-20.9899,23.0187,35.0722,-4.39934,14.0478,-2.89493,-9.5537,-9.22476,2.71989,14.2924,-13.9179,30.4664,0,0,0,0,0,0,0,0,0,0,0,0,0.0177999,0.750581,-1.51749,-0.0872764,0.775198,-1.63534,0.140178,1.01284,-1.48565,0.00775641,0.78946,-1.32684,-0.345956,1.19023,-0.883694,-0.175412,0.835281,-1.6823,0.0180096,0.831911,-1.46916,0.300527,0.615387,-0.802186,0.715143,0.845173,-0.56863,-0.325911,-7.81329,0.833282,2.0614,-0.528258,-4.83418,1.3163,3.1592,-4.29421,
-16.1846,28.1936,28.4539,0.325651,7.55852,33.8836,3.40271,6.33676,-6.31328,22.0807,-7.97331,9.38398,0,0,0,0,0,0,0,0,0,0,0,0,-0.00801089,0.761537,-1.51338,-0.117818,0.695677,-1.7709,0.106889,0.942981,-1.53652,0.0186298,0.813137,-1.34256,-0.334314,1.27028,-0.99322,-0.159369,0.793837,-1.20614,0.0819224,0.938928,-1.65116,0.380416,0.657434,-1.1685,-1.2815,-0.154663,0.413591,-1.89888,-1.5707,-7.52491,-3.47338,-4.77066,0.022258,-1.58726,-0.429347,0.50479,
-15.5955,17.4984,22.9535,-6.38341,16.6587,-20.5857,2.05955,-1.93452,17.3787,14.8092,-6.42757,12.0646,0,0,0,0,0,0,0,0,0,0,0,0,-0.0183663,0.764604,-1.50642,-0.124867,0.601595,-1.7543,0.0517579,0.867055,-1.57173,-0.00249358,0.806245,-1.33108,-0.293152,1.09674,-1.08729,-0.211335,0.706888,-2.05187,0.0612094,0.805674,-1.28723,0.258955,0.69477,-1.11132,0.350732,0.559425,0.262793,1.18377,-7.90372,11.2522,-1.11979,-1.0483,-4.61643,-0.312366,0.215622,0.0605517,
-13.8063,12.2046,21.9437,-4.3491,10.3971,-7.92986,-0.758526,6.23709,1.64495,14.9388,-7.98395,15.0658,0,0,0,0,0,0,0,0,0,0,0,0,-0.0149354,0.776401,-1.50318,-0.108897,0.503925,-1.59295,0.0441113,0.844168,-1.62232,-0.00813704,0.818565,-1.3395,-0.272996,1.0175,-1.10337,-0.188528,0.644391,-1.71907,0.0262888,0.868817,-1.58501,0.248188,0.702403,-1.072,-0.281462,0.76807,0.12301,-0.0222448,-1.94287,2.64846,-0.161241,-3.5501,1.08671,-0.611555,1.15999,-0.940907,
-17.2563,3.66527,26.9851,1.05268,-3.52801,40.1425,-1.32855,4.25208,-11.1921,15.6649,-17.9887,14.5321,0,0,0,0,0,0,0,0,0,0,0,0,-0.0269931,0.79771,-1.50483,-0.129832,0.565786,-1.73516,0.0346386,0.746965,-1.53281,-0.0224287,0.854692,-1.36942,-0.348942,0.894668,-1.0161,-0.135459,0.599787,-1.06473,-0.0160928,0.756197,-1.72042,0.25102,0.573825,-1.11542,-0.3279,1.21263,-0.279959,-0.990675,3.92587,-8.71818,-1.06304,-2.72311,2.32953,-0.4547,1.848,-1.49786,
-14.7738,-2.3314,23.3658,3.05951,8.96325,-34.8932,4.7045,-1.88716,23.8701,5.67179,-16.5464,22.2182,0,0,0,0,0,0,0,0,0,0,0,0,-0.0235906,0.826961,-1.51588,-0.140001,0.552564,-1.71746,-0.00160174,0.736991,-1.56579,-0.0280286,0.888444,-1.39698,-0.281319,0.816059,-1.09513,-0.0796612,0.541481,-2.24964,0.0266135,0.725693,-1.16468,0.0674646,0.613111,-0.999317,0.43544,1.25952,-0.598388,0.188482,-6.96203,14.9948,-2.29284,0.920555,-4.82318,-0.305211,1.02042,-0.925282,
-19.6384,-5.16368,20.0026,1.92698,5.29636,9.07037,-0.578924,12.9844,-1.86177,6.53538,-17.4591,13.5071,0,0,0,0,0,0,0,0,0,0,0,0,-0.0140339,0.848744,-1.52848,-0.12369,0.456166,-1.47878,-0.0293127,0.731146,-1.6228,-0.0313095,0.901978,-1.4085,-0.351935,0.785938,-1.16921,-0.0662592,0.62037,-1.34279,-0.0286964,0.885633,-1.63691,0.099528,0.606849,-1.16534,0.766428,1.24317,-0.647151,0.895772,2.71629,-4.2414,0.445685,-3.26372,2.89569,0.480496,0.892342,-0.355924,
-15.7026,-11.9939,20.1408,3.88785,-0.904571,69.8566,-2.19443,16.1344,-10.8156,11.9668,-22.1969,3.66032,0,0,0,0,0,0,0,0,0,0,0,0,-0.00457496,0.873969,-1.54611,-0.103324,0.609891,-1.80923,-0.0283702,0.614603,-1.44598,-0.0251865,0.915318,-1.41006,-0.284513,0.68335,-1.18489,-0.00773136,0.713463,-0.616754,-0.10952,0.840292,-1.60807,0.188056,0.522853,-1.34398,0.222594,1.09804,-0.729555,0.996194,4.80076,-11.3882,-1.65005,-2.70652,5.0684,-0.173391,0.444553,-0.0690941,
-8.41933,-11.8623,18.7944,-10.6174,10.6605,-62.1555,7.48217,-4.42009,40.7781,3.1173,-10.6255,31.6601,0,0,0,0,0,0,0,0,0,0,0,0,0.00276679,0.896626,-1.55875,-0.0656839,0.506642,-1.58628,-0.0961844,0.651839,-1.47956,-0.0383578,0.919356,-1.41335,-0.138975,0.70427,-1.22042,-0.184458,0.38622,-2.50889,-0.0601315,0.676293,-0.776704,-0.00488736,0.724268,-0.839536,0.453485,0.932908,-0.49598,2.97083,-12.57,30.4317,-3.99947,4.19278,-5.65561,-0.928307,-0.0759074,-0.267027,
-16.8543,-2.97191,40.0857,5.7802,-27.4999,83.8452,5.48651,17.6076,-7.24772,6.61212,-13.7368,25.2937,0,0,0,0,0,0,0,0,0,0,0,0,0.0358051,0.917669,-1.54559,-0.0614825,0.590676,-1.75663,-0.102586,0.710093,-1.48898,-0.0135748,0.941625,-1.41209,-0.271396,0.870001,-0.814758,-0.0600219,0.295258,-0.382396,-0.00965174,1.01791,-1.60589,0.103039,0.679401,-0.943326,-0.0303433,0.25466,0.293889,-4.14536,8.18318,-22.033,-0.272833,-0.492864,2.18054,-0.144251,-0.498575,1.30236,
-16.9803,4.50231,22.357,7.9135,26.7623,-10.3058,8.84764,-0.790311,10.5704,4.39832,0.954498,-3.21631,0,0,0,0,0,0,0,0,0,0,0,0,0.0308444,0.913112,-1.54372,-0.150055,0.641782,-2.02524,-0.111131,0.710659,-1.48562,-0.0260991,0.902337,-1.36398,-0.261493,0.984365,-1.1348,-0.0778898,0.834759,-2.11353,0.0542621,0.746978,-1.30959,0.0452566,0.846261,-1.40014,0.655862,-0.424313,0.355285,-2.86867,-11.7444,14.5331,0.181072,2.02753,-2.3696,-0.344552,-2.93722,3.27338,
-9.17657,-2.58356,-6.32046,0.68564,32.0761,-19.7432,-8.08645,2.53109,0.810994,3.75027,-1.17875,13.5599,0,0,0,0,0,0,0,0,0,0,0,0,0.0440635,0.903439,-1.52291,-0.131408,0.290547,-1.40765,-0.0790189,0.772334,-1.54182,-0.0314527,0.861887,-1.32228,-0.134631,0.849769,-1.62777,-0.0716698,0.757358,-1.68837,-0.147666,0.843903,-1.51699,0.0333367,0.854483,-1.08027,-0.473893,-0.267875,1.4748,1.89089,-4.65562,11.476,3.13519,1.02198,1.47861,-0.135893,0.561115,-0.66459,
1.10758,-9.57283,-8.4874,9.38383,-7.58547,90,-12.389,7.26075,-2.98341,11.7103,-8.74002,13.5636,0,0,0,0,0,0,0,0,0,0,0,0,-0.00272058,0.912363,-1.50312,-0.135544,0.461743,-1.65568,-0.0268153,0.789567,-1.45724,-0.0350267,0.896555,-1.34009,-0.0790434,0.767065,-1.66499,0.0457534,0.608697,0.117924,-0.268013,0.961798,-1.49196,0.133814,0.788808,-1.1043,-3.85843,1.15012,-1.10875,0.427281,11.3949,-17.1111,-0.63773,1.6087,2.86338,-1.76292,2.0465,-1.58733,
8.94219,-22.6851,-10.1216,-4.36806,33.4681,2.10031,-3.11232,-11.045,7.67543,-0.00268888,8.78058,-14.6934,0,0,0,0,0,0,0,0,0,0,0,0,-0.0532789,0.93013,-1.54255,-0.098735,0.574042,-1.7834,-0.0652561,0.828163,-1.43652,-0.0583675,0.913649,-1.35271,0.0734849,0.53265,-1.74761,-0.0679701,1.11855,-1.65925,-0.214807,0.70675,-1.29637,-0.080598,1.07132,-1.61919,-1.43286,0.599091,-3.08385,4.40736,-2.56031,12.6079,-3.71854,3.17618,0.0882627,-0.887263,-0.0791951,0.0976746,
-3.35491,-3.23214,1.03986,11.2111,-15.5668,81.9449,-3.03335,-10.1763,3.56012,-3.79592,-19.9851,-3.387,0,0,0,0,0,0,0,0,0,0,0,0,-0.0136392,0.898727,-1.6108,-0.0231319,0.585913,-1.64257,-0.134198,0.905472,-1.40393,-0.0400168,0.968549,-1.43571,-0.00419788,0.749455,-1.60853,0.19214,0.533998,-0.226058,-0.259433,0.735289,-1.30271,-0.104078,0.744178,-1.55742,2.81759,-3.62024,-2.43956,0.457347,9.24475,-10.7647,-2.80333,0.593619,5.35175,0.198228,5.55981,-8.81944,
-5.63525,-0.30254,12.1335,-0.0559449,26.0434,10.7602,-16.0846,-12.1275,23.0635,-3.644,11.378,0.451722,0,0,0,0,0,0,0,0,0,0,0,0,0.043552,0.789755,-1.6652,-0.0133041,0.661066,-1.59073,-0.153795,0.931949,-1.3992,-0.070997,1.03407,-1.61175,0.0124762,0.663627,-1.45845,0.0445412,1.13432,-1.36489,-0.40638,0.769596,-0.993228,-0.152279,1.2207,-1.63104,2.85533,-4.82508,-2.0325,2.3545,-0.0103663,4.42914,1.59446,2.32592,-1.95936,-0.601098,-0.809831,-4.03445,
11.7462,11.6532,-0.317632,4.79182,-2.82844,26.4316,-7.45065,-16.2102,22.7046,9.74513,19.4324,3.5919,0,0,0,0,0,0,0,0,0,0,0,0,0.0386583,0.672943,-1.65849,0.0250756,0.71021,-1.5929,-0.12207,0.989008,-1.44127,-0.109111,0.995401,-1.66185,0.157265,0.716586,-1.64051,0.103845,0.75001,-1.11095,-0.272614,0.741021,-1.03499,-0.0281646,1.34952,-1.6226,-3.79844,-6.72932,3.48403,-0.334179,3.64905,0.200666,-0.603124,1.86976,-0.957967,-3.84953,0.0320554,-3.8215,
7.68637,15.0029,-3.33442,8.40294,6.2804,22.9263,-8.75389,-12.5777,22.2914,-2.81854,4.98159,7.98682,0,0,0,0,0,0,0,0,0,0,0,0,-0.0167605,0.554314,-1.59232,0.0174691,0.765636,-1.57874,-0.138432,1.01553,-1.45243,-0.136308,1.02887,-1.75276,0.116382,0.699193,-1.64305,0.172335,0.903311,-1.15805,-0.294415,0.82828,-1.05327,-0.113398,1.20262,-1.64631,-0.264404,-5.11602,1.45128,0.0834094,0.939458,0.564547,0.127154,1.65728,-0.900076,2.96625,3.32705,-5.68651,
0.359378,8.09055,23.4467,9.4389,12.9406,25.9411,-7.16255,-5.17578,27.5352,-5.19266,3.86734,-7.54775,0,0,0,0,0,0,0,0,0,0,0,0,0.0132142,0.502797,-1.64997,0.0257485,0.780226,-1.56628,-0.131288,1.04761,-1.46913,-0.0611641,1.0798,-1.81592,0.057697,0.641271,-1.26004,0.200639,1.032,-1.09258,-0.261887,0.983077,-0.971698,-0.124738,1.16061,-1.9487,1.51795,-0.345071,-5.33563,0.130963,0.659593,0.30035,-0.0148277,1.18276,-0.469903,1.23353,0.419739,0.652741,
2.13718,14.9318,-7.53885,11.4519,7.50975,30.0604,-2.95773,-7.93435,26.6412,0.0112425,-10.6407,3.70577,0,0,0,0,0,0,0,0,0,0,0,0,0.0317494,0.481416,-1.6961,0.0182782,0.797951,-1.56712,-0.140173,1.06899,-1.4747,-0.0674723,1.0903,-1.80292,0.0684487,0.667905,-1.79942,0.207964,0.958659,-1.02199,-0.209495,0.948194,-0.991828,-0.0862239,0.950894,-1.75481,-0.0863393,-3.39996,4.94961,-0.7412,0.966694,-0.208595,-0.621801,0.938409,-0.222273,-0.75824,2.1626,-2.82516,
-1.13172,8.18236,-6.78095,9.43064,13.675,25.0381,-2.77254,-6.29827,25.2576,1.08727,0.834345,5.92665,0,0,0,0,0,0,0,0,0,0,0,0,0.0293824,0.42606,-1.58127,0.00981858,0.813113,-1.57119,-0.146065,1.08269,-1.47777,-0.0783685,1.12067,-1.8597,0.020515,0.543251,-1.67713,0.182798,1.08148,-1.11744,-0.193503,0.985577,-1.01916,-0.0715875,1.12802,-1.75899,0.468375,-1.26314,4.02304,0.0605354,0.789353,-0.218015,0.1189,0.696258,-0.0905873,-0.519496,-0.312764,-1.03436,
-3.94704,-1.16792,30.2867,7.15947,12.7783,20.2205,-2.3189,-0.925337,26.6867,-0.511321,16.2184,-7.79574,0,0,0,0,0,0,0,0,0,0,0,0,0.0444898,0.474986,-1.62632,0.023165,0.828053,-1.5763,-0.134535,1.09397,-1.47554,-0.0779672,1.05762,-1.80307,-0.0279693,0.540974,-1.10646,0.166656,1.07986,-1.211,-0.165396,1.08907,-0.988922,-0.0714261,1.27979,-1.92347,-0.0277894,3.48892,-4.51834,0.532735,0.778854,-0.345293,0.45205,0.476978,0.205977,0.633514,-2.90819,3.13033,
9.28032,10.8089,-29.4602,12.5266,0.0540372,24.7467,4.83315,-13.3165,24.6442,-2.03657,-8.72297,21.8582,0,0,0,0,0,0,0,0,0,0,0,0,0.0055457,0.489095,-1.5818,0.0206889,0.854269,-1.58902,-0.132573,1.10827,-1.47187,-0.0475262,1.0636,-1.82839,0.0989887,0.591742,-2.03435,0.230467,0.890199,-1.14366,-0.0500527,0.88606,-1.02405,-0.0420919,1.00394,-1.47495,-3.0116,-3.75512,12.186,-0.719126,1.39791,-0.672,-0.214214,0.796465,-0.0368047,1.69851,3.95745,-6.45015,
-7.42721,-27.5465,56.4254,3.73856,8.69353,26.3655,-5.4742,-1.20378,35.6244,-6.72392,16.7037,-19.4337,0,0,0,0,0,0,0,0,0,0,0,0,0.00994964,0.557802,-1.67077,0.015724,0.881244,-1.5936,-0.135819,1.12905,-1.46817,-0.0372049,1.07326,-1.82954,-0.033515,0.24488,-0.750229,0.115885,1.05633,-1.11475,-0.209002,1.11622,-0.816747,-0.144772,1.22017,-2.10892,3.66302,7.51694,-15.4544,1.2875,0.680989,-0.0763461,1.05392,0.362282,0.542929,0.587456,-6.27157,10.848,
-7.04174,17.3201,19.7152,10.1979,-5.24448,25.0364,3.36564,-6.53781,18.3291,-0.6789,3.37749,-22.2682,0,0,0,0,0,0,0,0,0,0,0,0,0.0626548,0.631271,-1.85541,0.0325951,0.891248,-1.59759,-0.119567,1.12666,-1.45334,-0.0297926,0.969912,-1.64641,-0.0484762,0.848126,-1.46442,0.20472,0.820047,-1.1458,-0.0601742,0.997382,-1.11151,-0.0601945,0.979921,-2.02089,0.676026,-3.9222,4.77101,-0.531671,0.966141,-0.501038,-0.0720462,-0.41641,1.25838,-0.722329,-2.05601,4.45907,
1.30013,0.53345,10.3092,19.7484,-11.8608,24.6347,1.09649,-6.87191,24.5847,-0.405902,-17.8162,49.1638,0,0,0,0,0,0,0,0,0,0,0,0,0.0138865,0.460453,-1.52288,-0.00604795,0.920875,-1.60294,-0.138512,1.12559,-1.42724,-0.0512483,1.07009,-1.81168,-0.00514292,0.543756,-1.35695,0.313036,0.740683,-1.14983,-0.144787,1.02624,-0.974698,-0.0725756,0.927692,-1.00843,-1.70673,2.94414,-3.15461,-1.59912,1.41835,0.763925,-1.04844,1.02345,0.8137,-0.557892,7.26129,-13.2944,
-14.3004,1.28673,42.3111,-0.96577,-5.4255,-9.72321,11.0883,-19.5168,17.3368,7.6093,21.9409,-23.0377,0,0,0,0,0,0,0,0,0,0,0,0,0.024379,0.529514,-1.57411,0.00727474,0.932668,-1.57581,-0.117861,1.13403,-1.40463,-0.0679218,1.00182,-1.76001,-0.184833,0.581054,-0.812647,0.0393933,0.823568,-1.74249,0.130643,0.769823,-1.08064,0.0211321,1.02125,-2.00938,2.0318,1.1258,-1.14787,1.98712,-0.418178,1.48176,1.87594,-0.374053,1.28707,-1.97188,-15.1798,24.859,
-12.5666,22.5425,44.7157,0.370855,-17.4108,-14.5664,11.9416,-12.6474,-17.2587,4.41372,0.801385,-27.1211,0,0,0,0,0,0,0,0,0,0,0,0,0.0463644,0.543674,-1.58174,0.0267212,0.929661,-1.56781,-0.0961969,1.12827,-1.38213,-0.064326,0.798939,-1.38759,-0.187571,0.970966,-0.766328,0.0224708,0.626373,-1.84252,0.128808,0.888275,-1.68405,0.0620577,0.671054,-1.7925,-0.218076,0.697123,0.351997,-0.439728,0.530848,-1.44815,0.315388,-0.401695,1.74197,1.84537,-5.69819,12.936,
-7.60736,32.1669,31.7677,0.676396,-20.5503,-2.03099,2.49899,-4.70999,-16.4129,7.58919,-25.2119,67.3384,0,0,0,0,0,0,0,0,0,0,0,0,0.0160234,0.559742,-1.56226,-0.000144147,0.943291,-1.66204,-0.0733445,1.1178,-1.36994,-0.0382026,0.905092,-1.55217,-0.155606,1.1678,-0.976475,-0.0134331,0.563484,-1.73696,0.0552241,1.02446,-1.68611,0.157487,0.59873,-0.411152,-1.33254,0.92839,1.2017,-1.02348,-0.246635,-5.57212,3.3253,-0.307829,-2.60408,2.30818,6.08147,-12.2197,
-22.8633,23.6956,41.4952,-6.24774,10.7378,-3.08812,-2.28192,1.82457,20.5637,8.88902,11.3931,-18.8714,0,0,0,0,0,0,0,0,0,0,0,0,0.000753227,0.57954,-1.53275,-0.0198366,0.879701,-1.74918,0.0288917,1.11821,-1.51378,-0.00132974,0.847967,-1.50487,-0.412903,1.02935,-0.768764,-0.154692,0.92903,-1.81166,0.104907,1.17049,-1.20493,0.182351,0.687034,-1.67223,0.0815995,0.759119,1.39665,-0.8504,-5.83614,-0.928625,4.7002,0.764159,-9.53833,0.882472,-14.7232,25.778,
-11.2558,31.1903,23.8245,0.602304,6.98881,18.4287,-5.68318,-1.33769,10.0609,21.0993,-23.6809,30.0189,0,0,0,0,0,0,0,0,0,0,0,0,0.00713209,0.591739,-1.51917,-0.0341167,0.765136,-1.77842,0.099722,1.10069,-1.65739,0.0109466,0.832247,-1.45939,-0.232912,1.16862,-1.0764,-0.103732,0.782911,-1.47346,0.0437565,0.994827,-1.49167,0.395286,0.470697,-0.940365,-1.41576,0.391228,1.4084,-3.22266,-4.37177,-4.41637,1.8946,-3.26175,-2.52395,0.0286737,2.76046,-3.92636,
-2.27668,25.7078,16.6632,0.184752,11.0386,26.0295,-5.03925,8.39581,-30.2629,1.16763,-3.36377,1.92057,0,0,0,0,0,0,0,0,0,0,0,0,-0.0519332,0.600882,-1.47224,-0.113537,0.707684,-1.88393,0.103343,0.979955,-1.5494,0.0419322,0.861934,-1.49985,-0.13415,1.09472,-1.16055,-0.141922,0.795763,-1.40367,0.00922421,0.992117,-2.05116,0.180532,0.685079,-1.40614,-1.63292,1.05712,1.27873,-1.26975,-4.50492,1.02619,-0.0998606,-5.61959,7.10933,4.69482,-4.62779,8.62344,
-6.72077,0.522872,14.7329,-8.22676,16.2636,-29.3339,2.20861,-26.476,33.317,11.682,-14.6017,33.8258,0,0,0,0,0,0,0,0,0,0,0,0,-0.0691744,0.660786,-1.45627,-0.09011,0.55508,-1.69277,0.0725292,0.951137,-1.54771,0.0253428,0.890579,-1.50593,-0.197271,0.768533,-1.18692,-0.194458,0.666232,-2.13951,0.0337329,0.577992,-1.01231,0.221891,0.666703,-0.895079,-0.236042,3.9296,0.217186,1.80918,-7.38197,12.7017,-3.15811,4.32946,-10.3207,-0.634065,1.66438,-0.611261,
-5.16072,5.36813,18.9086,-1.26541,9.00782,30.2184,-5.85479,26.2907,-17.6256,9.41624,-12.9155,12.3688,0,0,0,0,0,0,0,0,0,0,0,0,-0.0751242,0.724905,-1.45758,-0.0754605,0.488814,-1.56585,0.0293426,0.955258,-1.68509,0.0105427,0.911923,-1.5068,-0.187602,0.8405,-1.11861,-0.131656,0.718319,-1.06028,-0.0574089,1.15807,-1.93393,0.160585,0.666589,-1.2738,-0.745861,0.719689,-0.707629,-1.32751,2.62906,-6.43228,0.787973,-11.0078,10.5051,-0.846467,-0.420291,1.19063,
-7.71305,-0.561528,14.3887,2.37501,12.8208,32.7246,2.37474,13.4671,-15.9121,7.50272,-12.1519,-7.23057,0,0,0,0,0,0,0,0,0,0,0,0,-0.0839776,0.73743,-1.47972,-0.102133,0.565441,-1.74812,0.0263457,0.726293,-1.43214,0.00148745,0.894242,-1.47614,-0.220444,0.75363,-1.22648,-0.0714777,0.830149,-1.17097,-0.00117362,0.821355,-1.68745,0.13169,0.657034,-1.59816,0.150822,1.05635,-1.22873,-0.501069,1.26409,-2.61696,-2.82786,-5.99179,4.98741,-0.248407,-0.650572,1.3847,
-8.44361,-7.91787,19.5482,-5.19957,5.19696,-47.5177,4.23515,-10.4108,43.5811,-1.66125,-7.23665,26.7088,0,0,0,0,0,0,0,0,0,0,0,0,-0.0672017,0.771542,-1.50557,-0.0777854,0.508171,-1.53366,-0.0514769,0.758563,-1.56276,0.00943651,0.893762,-1.47081,-0.200456,0.672749,-1.15848,-0.120832,0.524068,-2.29151,-0.0430141,0.664759,-0.839941,0.00524972,0.763741,-0.990402,0.810647,1.80673,-1.22234,2.05966,-3.14373,15.5631,-2.7416,3.81929,-10.2029,1.04071,0.0621794,-0.763578,
-9.0067,-5.03056,34.1973,4.63867,-23.0311,67.3681,0.826634,33.72,-27.0959,7.87721,-23.2442,16.8122,0,0,0,0,0,0,0,0,0,0,0,0,-0.0541255,0.809254,-1.51753,-0.0777492,0.609891,-1.69459,-0.0523121,0.726294,-1.54716,0.024305,0.920702,-1.48499,-0.226421,0.749465,-0.900586,-0.049679,0.422574,-0.614249,-0.0348273,1.09334,-1.9283,0.165862,0.528093,-1.18141,-0.341493,1.26703,-0.706926,-2.25077,9.2572,-21.1983,0.0982065,-9.84185,16.3546,-0.0666094,1.20051,-0.307743,
-9.93513,7.73541,26.0461,4.97301,14.9352,24.2319,8.17272,-1.15054,17.9771,14.3523,-21.1452,8.16696,0,0,0,0,0,0,0,0,0,0,0,0,-0.0659145,0.822279,-1.52868,-0.125799,0.70985,-1.98327,-0.0673914,0.67055,-1.44135,0.0125235,0.919938,-1.4729,-0.247816,0.980033,-1.05858,-0.0868846,0.879934,-1.5276,0.0478574,0.780113,-1.16537,0.25679,0.513757,-1.31421,-0.0504939,0.684424,-0.508396,-2.06014,-4.05862,2.21233,-1.33384,5.21926,-7.46263,-0.667361,-0.86893,1.49612,
-12.1755,3.40595,10.8426,-0.813006,22.146,-1.94546,-13.08,2.09463,7.53016,1.01851,-12.73,-0.881753,0,0,0,0,0,0,0,0,0,0,0,0,-0.0378532,0.839703,-1.54084,-0.0873608,0.42327,-1.45384,-0.0521874,0.81749,-1.65567,0.0167079,0.890431,-1.42999,-0.212982,0.922555,-1.34454,-0.0436239,0.811542,-1.47061,-0.165714,0.885467,-1.51162,0.0725192,0.647324,-1.4348,1.84975,0.837038,-0.123018,2.34075,-0.575366,2.727,4.97169,1.19574,1.04652,1.49172,-0.466104,1.64542,
-1.58135,-8.91249,-3.10955,11.994,-0.531509,38.2076,-1.55774,2.25964,-9.76238,4.0071,-9.88159,-15.6808,0,0,0,0,0,0,0,0,0,0,0,0,-0.0271312,0.854557,-1.53629,-0.0714323,0.518696,-1.55401,-0.0225277,0.796092,-1.50581,0.0243867,0.894788,-1.41244,-0.076389,0.707319,-1.59045,0.140742,0.665468,-0.89928,-0.140696,0.836109,-1.63797,0.0724148,0.732436,-1.69796,-0.820239,0.592265,0.348486,-0.235906,6.25744,-5.85961,-3.59381,-0.042686,6.64944,-0.993131,0.692557,-0.0612759,
4.18319,-25.7583,-22.9848,0.303869,9.333,10.091,-0.461972,-7.87987,-2.09009,-7.86872,7.96213,-13.0079,0,0,0,0,0,0,0,0,0,0,0,0,-0.0394554,0.867101,-1.53599,-0.0545587,0.5993,-1.58418,-0.0957325,0.817192,-1.43209,0.011868,0.911201,-1.43243,0.0353121,0.425293,-1.95738,0.0369055,0.813138,-1.35984,-0.202251,0.735345,-1.4547,-0.120161,1.08583,-1.68958,-0.0516225,1.06095,-0.510855,3.43757,1.76587,5.99348,-3.92476,2.45694,2.25725,0.441564,1.19433,-3.02644,
0.553885,-16.3565,7.02657,9.9748,10.9607,34.1733,-7.11127,-2.46957,31.0214,-1.46334,5.56237,18.1121,0,0,0,0,0,0,0,0,0,0,0,0,-0.00515641,0.877191,-1.6026,-0.0255132,0.638048,-1.58327,-0.120205,0.895667,-1.45703,0.0270878,0.980328,-1.6139,0.0506963,0.560517,-1.51679,0.156375,0.88356,-0.969351,-0.257084,0.913529,-0.906194,-0.0587994,1.19021,-1.35922,1.83128,-0.771297,-6.15225,0.0211211,1.84906,-1.08735,-0.303344,2.51054,-1.93402,-2.37124,4.35005,-10.9459,
-3.61687,8.20411,11.2386,11.9217,11.8737,39.8109,-7.49399,-10.4082,31.2978,4.54589,13.8488,-5.59628,0,0,0,0,0,0,0,0,0,0,0,0,0.0503918,0.80086,-1.71445,-0.0329023,0.676805,-1.60995,-0.133119,0.942429,-1.49032,-0.0567227,1.03506,-1.77163,0.0567857,0.779158,-1.51175,0.178023,0.928446,-0.892536,-0.279751,0.796935,-0.929393,-0.0565523,1.26823,-1.87111,2.88621,-6.83471,-0.241394,-0.233324,1.43022,-0.942284,-0.415088,1.74986,-1.19145,-3.29929,-0.745206,0.332601,
2.31374,19.7675,-7.07081,14.7339,16.057,36.0248,-9.51081,-6.74295,34.6847,-1.60598,-7.41525,-9.64225,0,0,0,0,0,0,0,0,0,0,0,0,0.0749663,0.652751,-1.66046,-0.0365538,0.699685,-1.62039,-0.138033,0.9722,-1.50989,-0.0777137,1.01691,-1.71285,0.10709,0.817188,-1.76333,0.223105,1.02509,-0.967394,-0.317165,0.895571,-0.887218,-0.0826586,0.927018,-1.88878,-0.39777,-7.79883,3.76922,-0.329235,1.33849,-0.292741,-0.248317,1.83881,-1.16787,0.970192,1.79718,-0.0896602,
2.59246,5.64332,16.0653,13.2957,15.3583,35.4924,-12.0968,0.819233,37.4301,-3.8266,1.21481,2.57345,0,0,0,0,0,0,0,0,0,0,0,0,0.0475366,0.551409,-1.65704,-0.0404255,0.729833,-1.62361,-0.139302,1.01348,-1.53364,-0.0403867,1.09089,-1.80068,0.0736595,0.63085,-1.40097,0.206811,1.0411,-0.979733,-0.353082,1.0688,-0.858382,-0.089325,1.15714,-1.78254,-0.840508,-0.926587,-5.28328,0.219886,1.28112,-0.211724,0.246484,1.61676,-0.776389,0.825451,1.76664,-4.2015,
2.3103,9.42002,9.94143,9.66765,14.2098,34.0192,-10.4639,-1.39109,33.668,0.740246,16.1186,4.45498,0,0,0,0,0,0,0,0,0,0,0,0,0.036444,0.545769,-1.76647,-0.0327186,0.755596,-1.62871,-0.131117,1.04163,-1.54282,-0.0496863,1.0867,-1.86156,0.0627235,0.652882,-1.57991,0.14807,1.042,-1.01112,-0.31398,1.04525,-0.932532,-0.063428,1.3571,-1.79082,-0.629037,-2.56638,0.85126,0.200525,1.12159,-0.138109,0.295584,1.15648,-0.272993,-1.08803,-0.906626,-1.50404,
5.79751,10.782,-11.0177,11.7316,14.3387,29.556,-7.13999,-8.2369,34.7967,0.178202,9.98186,8.9172,0,0,0,0,0,0,0,0,0,0,0,0,0.021863,0.476379,-1.67471,-0.0303331,0.77615,-1.62779,-0.126197,1.06511,-1.54907,-0.0586337,1.07982,-1.88161,0.100954,0.58594,-1.83543,0.184348,1.06803,-1.08885,-0.250752,0.955726,-0.920006,-0.0429669,1.28729,-1.73179,-1.05275,-3.45902,5.80849,0.0551548,1.24709,0.228421,0.210523,1.61527,-0.528314,0.49707,1.03946,-1.80528,
1.70235,-1.06403,15.3482,12.6474,9.92479,29.1999,-8.29912,-6.10581,35.5834,-5.18849,4.1746,-5.79022,0,0,0,0,0,0,0,0,0,0,0,0,0.00950523,0.458025,-1.63283,-0.0271453,0.805488,-1.62085,-0.121334,1.105,-1.56114,-0.0306505,1.1136,-1.89792,0.0505985,0.485342,-1.37714,0.211265,1.01913,-1.08835,-0.264474,1.03602,-0.91638,-0.0887432,1.20547,-1.9912,0.405656,1.86654,-3.42697,0.338304,1.32747,0.234501,0.310133,1.68121,-0.324875,1.44974,0.638833,1.75882,
1.94672,7.06483,-4.99358,14.2617,0.388665,33.627,-5.99547,-8.2597,26.646,-2.29578,-12.2288,2.82811,0,0,0,0,0,0,0,0,0,0,0,0,0.0207116,0.485515,-1.69115,-0.0276685,0.838771,-1.62154,-0.120031,1.13437,-1.55701,-0.0191364,1.13422,-1.86728,0.0544934,0.559331,-1.75303,0.218522,0.882197,-1.01183,-0.23462,1.00377,-1.06855,-0.0742118,0.964646,-1.82911,-0.0645232,-2.18543,4.24109,-0.524551,1.45437,-0.248018,-0.2232,0.783092,0.585087,-0.533357,2.11087,-1.94325,
-2.39814,5.79302,0.664372,10.8739,4.87173,26.4018,-6.36554,-8.45182,18.8571,-0.0191967,-0.253514,-1.6553,0,0,0,0,0,0,0,0,0,0,0,0,0.0243508,0.443257,-1.60166,-0.0318554,0.859813,-1.62555,-0.118733,1.14143,-1.54358,-0.0341283,1.14913,-1.89184,0.00314081,0.516338,-1.56774,0.173982,0.975619,-1.14649,-0.219649,0.992559,-1.19389,-0.0645244,1.10494,-1.91338,0.895705,-1.28989,3.20409,0.32518,1.08917,-0.143027,0.592871,0.192033,1.00273,-1.20189,-1.58322,1.25427,
-4.21161,5.04986,18.1478,9.13906,2.31789,20.4062,-6.65263,-7.70314,17.5658,-0.199595,11.8026,1.86668,0,0,0,0,0,0,0,0,0,0,0,0,0.0415784,0.456278,-1.60177,-0.014764,0.880633,-1.62572,-0.0974424,1.14325,-1.5193,-0.0515675,1.08225,-1.83577,-0.0398407,0.574559,-1.27477,0.168491,0.948444,-1.25463,-0.195655,1.00745,-1.19261,-0.058467,1.24673,-1.79776,-0.193778,1.0586,-0.434053,0.683604,1.02669,0.00969652,0.90978,0.170288,1.07372,-0.130819,-2.00452,0.597604,
-3.38321,8.61624,20.6077,13.8359,-8.61838,20.8511,-2.96858,-13.4791,17.4752,0.0540382,6.94784,15.9037,0,0,0,0,0,0,0,0,0,0,0,0,0.0156338,0.474018,-1.57835,-0.00773959,0.9097,-1.62549,-0.0828705,1.15241,-1.49621,-0.045457,1.0781,-1.87547,-0.0546616,0.679588,-1.21394,0.237256,0.788432,-1.24536,-0.136177,0.926293,-1.1727,-0.0453849,1.23603,-1.60224,-0.351301,1.95645,-1.50633,-0.262666,1.41721,0.150081,0.0266886,0.758222,0.846731,-0.0364143,1.26428,-2.33635,
-5.7948,13.4929,22.945,15.2527,-8.20558,15.5936,1.47795,-16.4828,12.8817,1.95222,1.76106,1.64743,0,0,0,0,0,0,0,0,0,0,0,0,0.00820427,0.503766,-1.59503,-0.0140983,0.932273,-1.62117,-0.0850222,1.16617,-1.48322,-0.0464501,1.09276,-1.88211,-0.105444,0.792737,-1.18285,0.256297,0.814968,-1.33459,-0.059894,0.887691,-1.24337,-0.0089322,1.1146,-1.83148,-0.331528,1.74585,-0.733942,-0.277097,1.2755,0.449426,-0.0697393,0.848361,0.826423,0.0809211,-0.407303,3.03365,
-8.12807,13.9395,26.3558,13.0664,-12.5746,5.0279,2.30816,-17.7403,2.30829,-1.8415,-10.9237,-7.96421,0,0,0,0,0,0,0,0,0,0,0,0,0.00661839,0.543427,-1.60456,-0.0145823,0.958042,-1.60215,-0.0817986,1.18759,-1.46369,-0.0216734,1.06814,-1.74939,-0.140851,0.837481,-1.12658,0.224606,0.754667,-1.5039,-0.0338888,0.889091,-1.41625,-0.00707281,0.869916,-1.86715,0.0125465,1.62434,-0.178129,0.0647296,1.01011,1.0028,0.237729,0.962092,0.802091,1.9233,0.0154532,3.96673,
-10.3116,19.5546,34.2489,8.37395,-18.6485,-7.51239,6.25995,-19.2191,-11.4404,2.17694,-14.2458,6.41486,0,0,0,0,0,0,0,0,0,0,0,0,0.00505115,0.568444,-1.60561,-0.0152499,0.974245,-1.58644,-0.079305,1.20152,-1.44919,0.00235531,1.07225,-1.71207,-0.186946,0.961259,-0.983257,0.133851,0.660453,-1.7171,0.0364579,0.869749,-1.65014,0.0612346,0.805229,-1.5846,-0.180563,1.49109,-0.0518651,-0.126131,1.01088,0.869053,0.077822,0.706588,1.03501,0.771945,-0.320401,1.58846,
-15.2292,28.0639,45.1084,0.843977,-20.2049,-25.5818,5.75791,-14.0416,-30.7445,10.8295,-1.24638,0.705174,0,0,0,0,0,0,0,0,0,0,0,0,0.0030808,0.599411,-1.6076,-0.0131201,0.990305,-1.57706,-0.0672837,1.20711,-1.43378,0.00673302,1.01653,-1.64636,-0.272211,1.14405,-0.788207,0.00119867,0.642471,-2.046,0.0755965,0.936317,-1.99307,0.207822,0.867186,-1.59147,0.0641006,1.37537,-0.111995,-0.0410491,0.781112,-0.559711,1.52763,-0.619829,-0.0438779,0.167527,-5.06737,6.16985,
-13.0213,27.5454,28.0282,-6.57352,-23.0313,17.6133,-1.05109,-17.3943,15.6998,20.6244,-34.9152,37.7939,0,0,0,0,0,0,0,0,0,0,0,0,-0.0016368,0.636861,-1.60108,0.000379797,0.995943,-1.67017,-0.03193,1.241,-1.56268,0.00911195,1.00303,-1.6071,-0.252385,1.18244,-1.08713,-0.119769,0.59742,-1.41301,-0.00220016,0.997822,-1.35911,0.377289,0.454669,-0.937033,-0.559875,1.79024,0.6376,-0.0252274,0.809103,-9.25287,1.95362,2.92337,-12.0093,-0.272467,3.45846,-2.50766,
-17.6247,28.2815,34.6009,-0.627539,2.34543,13.5768,-9.14713,-6.41284,24.3562,20.1149,-38.4924,26.1836,0,0,0,0,0,0,0,0,0,0,0,0,-0.0109146,0.662819,-1.59179,-0.0260701,0.974841,-1.80745,0.0166419,1.25482,-1.75182,0.00278907,1.04242,-1.62701,-0.3361,1.20746,-0.962073,-0.135873,0.862175,-1.57384,-0.0397276,1.04153,-1.3475,0.353272,0.363192,-1.14851,-0.189448,1.21718,0.0899387,-3.93571,-6.21239,-1.94192,4.39768,-3.86753,-5.64923,-0.60966,0.825322,0.356919,
-13.2794,13.4811,32.6263,3.25222,27.9397,7.95277,-3.75859,23.0318,-14.4192,13.2968,-21.9673,-0.710705,0,0,0,0,0,0,0,0,0,0,0,0,-0.0045172,0.675976,-1.6084,-0.113006,0.712354,-1.66245,0.0922351,0.997475,-1.60914,-0.00276125,1.00628,-1.57272,-0.240675,0.926925,-1.02155,-0.0896094,0.968827,-1.47618,0.00773043,1.09984,-1.79631,0.232148,0.54732,-1.56547,0.211458,0.233516,-0.93314,-1.42939,-10.0608,6.1132,-0.646667,-12.6556,11.0004,-0.274034,-2.38213,2.95847,
-16.3,19.7796,37.318,-8.03352,15.4805,-7.67719,3.83589,-12.0552,17.8746,19.1,-28.4065,18.8275,0,0,0,0,0,0,0,0,0,0,0,0,0.00676875,0.690752,-1.62402,-0.0856807,0.577492,-1.58905,0.0504589,0.90864,-1.5643,-0.00685349,0.973246,-1.52331,-0.276898,1.079,-0.947744,-0.164422,0.795264,-1.72052,0.0649052,0.80275,-1.29653,0.331809,0.451011,-1.17333,0.507905,1.14466,-0.328219,2.69292,-2.54762,1.19016,-2.21188,4.53181,-8.39289,-0.344397,-0.230134,1.1252,
-13.9265,24.8736,44.156,-7.51871,0.910728,2.5657,4.1864,-3.73376,10.9616,23.7981,-27.1291,17.0266,0,0,0,0,0,0,0,0,0,0,0,0,0.00686432,0.709001,-1.62731,-0.0532842,0.577792,-1.60607,0.00884471,0.980262,-1.70526,-0.0194536,0.975029,-1.51197,-0.253437,1.1844,-0.827084,-0.165945,0.634705,-1.58408,0.0565351,0.922735,-1.52691,0.389675,0.474201,-1.19557,-0.283674,0.925861,-0.383021,0.961727,1.61418,-3.61766,-1.13704,0.414357,-3.07303,-0.942552,-0.302878,1.00105,
-16.7459,17.9154,38.216,-0.284868,8.88414,21.2391,-5.66228,10.86,-20.825,20.3734,-17.2948,-1.23147,0,0,0,0,0,0,0,0,0,0,0,0,0.00324851,0.724782,-1.64308,-0.065274,0.618187,-1.71412,0.031224,0.859853,-1.56698,-0.0373036,0.947943,-1.47095,-0.292654,1.06689,-0.952852,-0.0985601,0.781842,-1.34231,-0.044945,0.923806,-1.89659,0.323715,0.597835,-1.47946,0.342742,0.654813,-0.675652,-1.12427,0.08502,-2.10556,1.07126,-5.34005,7.19013,-0.376293,-1.42627,2.03576,
-19.352,12.2798,32.8705,-0.1805,10.8619,-22.4705,3.58967,-11.0005,13.9932,17.7957,-20.8121,15.0942,0,0,0,0,0,0,0,0,0,0,0,0,0.0171906,0.74409,-1.65017,-0.0842835,0.581336,-1.65182,0.0160574,0.832426,-1.53537,-0.0452442,0.927217,-1.43526,-0.321099,0.995536,-1.05152,-0.0946483,0.712672,-2.00844,0.0111697,0.720913,-1.32469,0.2612,0.54648,-1.15539,0.542621,1.12705,0.147271,-0.283319,-2.64612,7.61792,-2.80618,3.53982,-6.41515,-0.684588,-0.0934202,0.79682,
-23.8574,9.8909,35.0126,-2.88175,-7.40487,22.3763,2.07461,-3.24263,6.67359,19.7436,-27.8695,12.5711,0,0,0,0,0,0,0,0,0,0,0,0,0.0295624,0.76728,-1.63966,-0.0732289,0.617585,-1.68674,-0.0198183,0.906083,-1.67639,-0.0465936,0.939674,-1.42845,-0.395555,0.974266,-0.999804,-0.121088,0.600896,-1.33629,0.00037948,0.844557,-1.5688,0.304459,0.443783,-1.19531,0.346183,1.08608,0.478466,0.181471,4.71779,-8.27033,-0.700898,-0.102751,-2.01562,-0.316856,0.433092,0.670409,
-19.1504,8.65786,21.5552,4.68352,11.8552,8.36165,0.0809733,12.3955,-12.1389,14.4209,-19.2742,-4.76137,0,0,0,0,0,0,0,0,0,0,0,0,0.0318622,0.783074,-1.63365,-0.0896909,0.675723,-1.81504,-0.0190019,0.802809,-1.56911,-0.058145,0.93066,-1.40014,-0.311331,0.952893,-1.23979,-0.0394164,0.810706,-1.62758,-0.0283907,0.899759,-1.7517,0.188116,0.555841,-1.47547,0.199809,0.496142,0.285714,-1.39522,-3.22263,5.19631,-0.434444,-5.1369,5.59047,-0.63752,-0.975151,1.64832,
-22.415,1.69233,23.5483,-0.340791,0.451711,8.54233,1.66924,-4.02118,9.61362,15.9039,-30.0814,7.21987,0,0,0,0,0,0,0,0,0,0,0,0,0.0422314,0.798115,-1.62398,-0.0929412,0.593048,-1.63753,-0.0363209,0.759771,-1.54401,-0.0671175,0.917442,-1.37188,-0.347547,0.856691,-1.1911,-0.0751733,0.651504,-1.49418,-0.0201544,0.738549,-1.3997,0.223839,0.384331,-1.2376,0.710707,1.11223,0.694394,0.958564,2.00973,-1.75521,-0.567329,2.07559,-4.47067,0.071739,0.552968,0.44119,
-21.0355,1.48788,19.2797,2.55367,1.03729,7.79505,0.830131,6.24239,14.7817,15.5563,-30.0462,3.99854,0,0,0,0,0,0,0,0,0,0,0,0,0.0496198,0.818452,-1.61362,-0.0721096,0.639173,-1.66891,-0.0504241,0.802544,-1.6429,-0.0736434,0.930223,-1.36734,-0.328112,0.868162,-1.26111,-0.00924124,0.684215,-1.52082,-0.0484955,0.908484,-1.38691,0.194494,0.386453,-1.29032,0.18925,0.906328,0.288987,0.657517,1.04729,0.934316,-0.526588,-0.302346,-1.8722,-0.588163,0.100978,0.63404,
-17.8293,-5.30593,12.2146,5.74697,10.818,25.2865,-2.01965,15.7603,-9.16906,9.6613,-21.4829,-14.033,0,0,0,0,0,0,0,0,0,0,0,0,0.0580292,0.835598,-1.61302,-0.0613339,0.655427,-1.68115,-0.0523352,0.739752,-1.56536,-0.0794925,0.92132,-1.34266,-0.252005,0.758388,-1.39217,0.0592306,0.867015,-1.22652,-0.101038,0.942766,-1.69004,0.0940951,0.514155,-1.58874,0.565379,0.770455,-0.180462,0.642971,0.595919,-0.752579,-0.479269,-3.34149,6.16516,-0.0828993,-0.662705,1.32891,
-15.9218,-11.1754,6.39,7.46113,9.4918,28.3443,3.19207,-9.75412,16.0958,2.45884,-13.1437,-3.15187,0,0,0,0,0,0,0,0,0,0,0,0,0.0745655,0.856694,-1.61645,-0.0428033,0.670215,-1.6921,-0.0801285,0.729516,-1.48575,-0.0734404,0.912206,-1.3387,-0.19427,0.683787,-1.49985,0.11615,0.865702,-1.17785,-0.0723966,0.639892,-1.20384,-0.0142608,0.677124,-1.40894,0.826048,1.21125,0.0606258,0.93187,0.91636,-0.161849,-2.01223,3.50892,-1.57539,0.578936,0.155737,-1.89593,
-9.97166,-18.6556,-6.1433,9.34708,11.9799,36.2203,-5.16473,3.47185,17.0064,-1.85389,1.34349,-4.55144,0,0,0,0,0,0,0,0,0,0,0,0,0.0876607,0.877404,-1.61416,-0.0282404,0.686577,-1.6907,-0.10687,0.796019,-1.52754,-0.0540534,0.904139,-1.38407,-0.0792884,0.568141,-1.72419,0.157795,0.930305,-1.03065,-0.216589,0.90095,-1.2088,-0.086687,0.959074,-1.49162,0.57415,1.1972,0.24409,0.643542,1.03642,0.220232,-0.632617,1.67228,1.39701,0.0429388,1.22029,-3.63749,
2.58946,-16.3527,-27.9538,14.1825,13.4374,39.2097,-9.68259,5.03856,34.5485,1.22493,20.0185,0.258264,0,0,0,0,0,0,0,0,0,0,0,0,0.0703758,0.890955,-1.61488,-0.0313151,0.712619,-1.68662,-0.116823,0.832209,-1.53142,-0.0681312,0.908512,-1.46433,0.0604712,0.580775,-2.1234,0.211798,0.988151,-0.97077,-0.310824,0.976495,-0.911263,-0.0664113,1.30043,-1.49061,-2.27943,-0.514299,-0.0394848,-0.590003,1.24865,0.431918,-0.718158,2.10701,-1.17313,-0.822066,1.11776,-4.54318,
1.64001,-23.4208,38.0173,18.958,9.35158,32.888,-6.7335,6.57507,49.4261,-3.37889,2.83878,2.87446,0,0,0,0,0,0,0,0,0,0,0,0,0.0447885,0.912551,-1.74166,-0.0423031,0.742355,-1.66871,-0.130316,0.88816,-1.56281,-0.0588664,0.978976,-1.59795,0.0654768,0.532395,-1.12845,0.292228,0.948046,-1.06321,-0.266931,1.07997,-0.674913,-0.0797379,1.16153,-1.59488,-0.365205,1.82706,-11.4413,-0.406416,1.4265,1.10584,-0.567508,2.89067,-1.57776,1.62251,5.2377,-7.21544,
-1.49424,22.4225,-29.28,14.3198,12.5001,27.4024,-1.274,-7.07831,39.0434,1.41238,-19.184,5.11981,0,0,0,0,0,0,0,0,0,0,0,0,0.0752744,0.823058,-1.81436,-0.0568434,0.768679,-1.63867,-0.146044,0.943651,-1.58751,-0.0370766,1.07836,-1.71064,0.109001,0.888674,-2.25001,0.177267,1.01727,-1.12966,-0.19066,0.860462,-0.880822,-0.0176458,0.798613,-1.63358,2.43577,-13.6826,14.1846,-1.04997,0.85263,1.58191,-0.858084,1.82031,-0.468756,-0.249955,2.76207,-2.35127,
2.32219,15.9409,-12.7204,11.8925,18.1157,18.6076,-4.07759,-1.49223,27.5643,-0.273481,-0.0245256,-22.1716,0,0,0,0,0,0,0,0,0,0,0,0,0.0881427,0.587583,-1.54906,-0.0688011,0.77756,-1.61314,-0.153541,0.963571,-1.58815,-0.0432868,1.08058,-1.69426,0.129564,0.646796,-1.73556,0.148425,1.11574,-1.26507,-0.22293,0.957937,-1.08535,-0.0428336,1.00884,-2.06901,-0.0320229,-9.22483,6.5672,0.0399385,0.352314,1.42972,0.189949,0.859912,0.239075,0.217023,-2.85176,4.16083,
-0.508772,-5.78112,45.8406,11.25,7.93745,29.3447,-9.71835,10.958,35.2705,-5.84484,19.4969,4.90973,0,0,0,0,0,0,0,0,0,0,0,0,0.0844098,0.573533,-1.73668,-0.0537665,0.790961,-1.59131,-0.14087,0.981203,-1.57967,-0.016203,1.01803,-1.66702,0.0651888,0.521217,-0.992031,0.159232,0.964356,-1.05517,-0.307985,1.20578,-0.936336,-0.0798049,1.39601,-1.62617,-0.398825,2.11183,-13.0267,0.338137,1.16312,0.382158,0.383294,1.01368,0.300801,1.70672,0.939379,-7.102,
9.83437,23.1071,-37.3541,13.1567,-1.33774,33.586,-5.2528,-8.54033,29.8985,-0.140953,8.31396,31.9276,0,0,0,0,0,0,0,0,0,0,0,0,0.0594438,0.493157,-1.75046,-0.0597417,0.820386,-1.57945,-0.140816,1.00783,-1.57544,-0.00670591,1.09943,-1.93443,0.188999,0.626286,-2.30695,0.161334,0.822885,-0.963356,-0.240893,0.885519,-1.03282,-0.0406044,1.33093,-1.4104,-1.97006,-11.48,17.993,-0.725492,1.07285,0.798462,-0.182864,1.3188,-0.145578,-1.25343,3.21341,-8.28292,
2.00646,8.8005,-5.66296,8.50804,15.3101,10.8111,-8.80034,-6.87815,33.447,-0.63023,14.273,-14.8718,0,0,0,0,0,0,0,0,0,0,0,0,0.0432264,0.342223,-1.49716,-0.0576769,0.833655,-1.56059,-0.133018,1.03386,-1.58395,-0.0246633,1.0997,-1.93792,0.102965,0.426692,-1.57439,0.127162,1.12654,-1.35351,-0.262711,0.956975,-0.98109,-0.0444987,1.27534,-2.15508,0.930296,-3.02163,3.775,1.20588,0.580712,1.54239,1.21251,1.92675,-0.773345,-0.335069,-3.35438,7.80898,
-0.936179,-1.02054,33.8898,15.6994,-8.90608,31.295,-8.09502,-0.249593,44.2066,-4.11903,-8.68559,-4.50081,0,0,0,0,0,0,0,0,0,0,0,0,0.073642,0.418217,-1.69589,-0.0302499,0.86117,-1.53431,-0.11511,1.0801,-1.59781,-0.0111413,1.06478,-1.77623,0.0517218,0.490259,-1.14651,0.253764,0.761845,-0.966955,-0.270903,1.1204,-0.794846,-0.0652649,1.0103,-1.87476,-0.195947,3.62391,-9.79593,-0.0571698,2.50417,-0.240886,-0.344408,1.79385,-0.116646,0.830716,4.13767,-2.44912,
3.91166,14.1354,-28.2431,13.2304,-7.38509,34.8363,-7.01859,-6.67364,20.2511,-3.45976,-6.65098,15.2051,0,0,0,0,0,0,0,0,0,0,0,0,0.053371,0.396271,-1.7051,-0.0412906,0.907179,-1.53981,-0.129627,1.09671,-1.58223,-0.0103888,1.1751,-1.9323,0.105747,0.501369,-2.14347,0.186606,0.800225,-0.908796,-0.256575,0.969967,-1.20507,-0.0994078,1.08465,-1.68203,-0.749812,-6.07639,11.0207,-0.506258,1.09281,-0.347562,0.0265393,-0.216275,1.31414,-1.04457,1.21891,-3.8399,
-3.8726,-1.50041,13.5393,3.74107,6.62548,13.2436,-12.6879,-0.446356,21.8986,0.99809,19.1959,-16.0466,0,0,0,0,0,0,0,0,0,0,0,0,0.0585283,0.313591,-1.51653,-0.0275465,0.918493,-1.53416,-0.107802,1.08736,-1.55128,-0.0455918,1.09671,-1.86548,0.0252291,0.357794,-1.29692,0.0786056,1.04497,-1.28726,-0.300034,1.08074,-1.14549,-0.0705622,1.28776,-2.10064,1.48447,2.85935,-3.89612,1.52531,0.24068,0.89608,1.53828,0.0597299,1.12014,-1.7247,-6.31879,8.30119,
-1.62243,0.80376,33.3723,8.94798,-10.5362,17.8416,-9.01864,-2.7263,23.6583,-0.758816,9.62473,5.19107,0,0,0,0,0,0,0,0,0,0,0,0,0.0715748,0.413873,-1.69436,-0.00584613,0.92623,-1.51489,-0.0870886,1.09702,-1.53486,-0.0603158,1.02959,-1.76996,0.00927599,0.513806,-1.12742,0.158962,0.757041,-1.18549,-0.244871,1.06463,-1.09852,-0.0750781,1.23927,-1.69183,-1.312,3.41276,-5.84271,0.0847155,0.895178,0.735222,0.24771,0.687062,0.908585,-0.0386229,1.38735,-2.38332,
9.17875,16.6056,-33.3627,9.95168,-14.3877,17.9616,1.12867,-22.5396,10.9036,-0.733282,-12.3049,19.75,0,0,0,0,0,0,0,0,0,0,0,0,0.0111289,0.369535,-1.56202,-0.0208708,0.952168,-1.50875,-0.0928459,1.10837,-1.51384,-0.0518972,1.12555,-1.92575,0.110378,0.540496,-2.06933,0.150341,0.716028,-1.18099,-0.0702019,0.705446,-1.3093,-0.0578769,0.96156,-1.59007,-2.7055,-5.23839,14.5628,-0.389103,1.01815,0.174777,0.0849082,0.275292,0.923292,0.294106,2.38961,-3.43317,
-3.89849,-3.90263,24.4518,3.26525,-7.08677,4.84113,-5.88738,-9.05603,17.5779,-1.08571,7.22413,-22.3936,0,0,0,0,0,0,0,0,0,0,0,0,-0.000665002,0.331927,-1.3747,-0.00453532,0.966159,-1.5023,-0.0718333,1.11036,-1.49316,-0.0494889,1.0642,-1.80359,-0.0185378,0.371619,-0.979732,0.0963628,0.845212,-1.41058,-0.142401,0.946483,-1.16593,-0.0702284,1.01845,-2.12302,2.12036,4.42594,-7.27638,1.6612,0.316131,0.542746,1.45902,0.0312037,1.11997,-0.0399747,-7.08373,12.8655,
-8.84416,12.0566,46.9457,6.75676,-17.538,12.2943,-2.31164,-6.80648,9.96962,-2.26597,2.52099,-6.61887,0,0,0,0,0,0,0,0,0,0,0,0,0.0370855,0.443417,-1.59155,0.0233645,0.973717,-1.49947,-0.0470312,1.10439,-1.46763,-0.0382466,0.957182,-1.61723,-0.122332,0.727859,-0.774383,0.158293,0.675433,-1.27931,-0.0733051,0.961393,-1.27426,-0.0629306,0.959557,-1.72237,0.0554004,2.60931,-5.33678,0.483131,0.82359,-0.494262,0.630239,-0.769667,1.77605,0.660619,-1.73842,2.22946,
-1.65324,18.9897,27.6664,13.508,-26.6641,13.1943,2.89593,-16.6538,6.3975,5.04343,-2.66818,31.817,0,0,0,0,0,0,0,0,0,0,0,0,-0.0126117,0.403467,-1.45788,0.0135199,0.998372,-1.51656,-0.0466962,1.08512,-1.42761,-0.0388574,0.990846,-1.71835,-0.0866103,0.814137,-0.977508,0.221631,0.544518,-1.27552,-0.0261851,0.78589,-1.30056,-0.00558469,1.01002,-1.17778,-1.75759,2.61605,-3.32312,-1.49957,1.23788,0.16843,-1.28569,0.142722,1.57434,-2.33704,2.7073,-5.56203,
-5.90897,18.6997,37.8771,-0.241506,-20.6222,-21.9614,7.9372,-22.5532,-12.384,6.49181,6.79946,-12.1114,0,0,0,0,0,0,0,0,0,0,0,0,-0.0249193,0.442195,-1.48379,0.00192853,1.01401,-1.4964,-0.0567528,1.09542,-1.40221,-0.0624158,0.965714,-1.67276,-0.114216,0.811742,-0.794739,0.0144056,0.641199,-1.88491,0.101574,0.700552,-1.62173,0.0760952,0.937085,-1.80588,0.725568,1.1821,0.0547211,0.674722,0.0854264,1.58226,0.560571,0.607517,0.828076,0.819125,-6.0902,12.7731,
-2.63744,8.16478,28.4759,-1.86743,-21.0797,-2.10204,-2.11282,-25.2934,-14.3507,4.36745,-23.1276,15.9968,0,0,0,0,0,0,0,0,0,0,0,0,-0.00817257,0.46196,-1.47357,0.0142133,1.01347,-1.49085,-0.038181,1.10856,-1.39855,-0.0298467,0.883192,-1.45636,-0.0417079,0.639857,-0.95111,-0.0174437,0.630649,-1.54908,-0.044364,0.663469,-1.66378,0.0701836,0.52928,-1.17744,0.576726,1.17786,0.691915,0.0918488,0.0180287,-2.93508,1.28928,0.591604,-0.631976,0.824884,2.66362,-1.75017,
-6.77267,18.5708,19.4449,-0.69162,5.13647,1.50395,-0.421087,-7.79881,11.1487,10.5495,-21.5273,11.3924,0,0,0,0,0,0,0,0,0,0,0,0,-0.00477729,0.482232,-1.45681,-0.0233377,0.960162,-1.56062,-0.0115737,1.08414,-1.43871,-0.0131243,0.913099,-1.47917,-0.121741,0.833516,-1.09982,-0.103942,0.912934,-1.53734,-0.0199829,0.910545,-1.25914,0.181588,0.522025,-1.26465,0.247009,0.545303,0.505062,-2.72118,-5.62473,-0.596523,-0.0301234,-1.27202,-3.39425,0.116128,0.0132659,1.08369,
-7.00958,14.6969,26.332,-0.595029,9.6111,11.5893,-0.684626,9.10892,1.59311,7.95405,-15.3291,-3.25179,0,0,0,0,0,0,0,0,0,0,0,0,0.00721623,0.489686,-1.45766,-0.0656107,0.817393,-1.56236,-0.00330633,0.981402,-1.46724,-0.00915901,0.887941,-1.43365,-0.104343,0.764228,-0.982065,-0.103859,0.857932,-1.36045,-0.00397294,0.973348,-1.42293,0.140726,0.569061,-1.47641,0.635507,0.293043,-0.464155,-1.09719,-5.36832,-1.29054,0.471245,-6.9468,2.2499,0.210627,-1.60674,2.39904,
-5.2364,6.7468,27.0741,0.703829,9.05317,11.542,-0.375761,-15.6767,5.01377,7.40538,-13.0159,3.00961,0,0,0,0,0,0,0,0,0,0,0,0,0.0192167,0.497246,-1.46758,-0.0729617,0.739964,-1.58559,-0.00300341,0.917914,-1.44233,-0.00523825,0.865138,-1.39826,-0.0621623,0.633635,-0.977854,-0.065349,0.799491,-1.37275,-0.0214662,0.639269,-1.3565,0.130824,0.611894,-1.33493,0.553132,0.548783,-0.371153,-0.207368,-4.20306,0.437418,-0.465231,0.255443,-0.78072,0.0567459,-0.663632,1.26337,
-3.35932,11.4763,17.3494,3.44219,16.304,2.46006,-1.28204,-12.1536,-3.51514,7.36976,-8.84746,4.78942,0,0,0,0,0,0,0,0,0,0,0,0,0.0221278,0.507438,-1.47187,-0.0732013,0.647047,-1.51643,-0.0133672,0.884379,-1.40955,-0.0146023,0.857228,-1.38291,-0.0451264,0.723381,-1.15738,-0.00306513,0.84495,-1.43972,-0.0542724,0.633605,-1.4621,0.0989215,0.686418,-1.29236,-0.247029,0.291304,-0.140679,0.302039,-3.94139,4.69019,-0.703814,-1.19196,1.66706,-0.818875,-0.397902,0.50864,
-4.52618,8.79602,22.0831,3.30764,-3.29738,28.181,-2.13724,-15.5331,-7.41303,7.55608,-11.4467,5.52293,0,0,0,0,0,0,0,0,0,0,0,0,0.0158897,0.514805,-1.47761,-0.0688119,0.63191,-1.49978,-0.0305644,0.871344,-1.38646,-0.03204,0.851509,-1.37594,-0.0668998,0.68726,-1.07987,-0.00437376,0.626059,-1.01077,-0.0785432,0.562538,-1.51454,0.0929462,0.639576,-1.27398,-0.0198136,0.501076,-0.553619,0.171967,2.16403,-3.42817,-0.364793,-1.05546,0.983478,-0.495883,-0.152479,0.226435,
-7.06217,9.51365,23.9165,1.09396,2.54988,25.4205,-3.79603,-15.0509,1.31,4.81605,-12.1655,2.48199,0,0,0,0,0,0,0,0,0,0,0,0,0.0216497,0.5251,-1.49135,-0.0504237,0.662629,-1.5367,-0.034215,0.854648,-1.38257,-0.036183,0.847415,-1.37142,-0.0883967,0.713262,-1.06116,-0.0136844,0.730939,-1.08624,-0.100258,0.564211,-1.36312,0.0562069,0.62084,-1.32386,0.734264,0.607491,-0.682535,0.673963,0.877941,-1.72111,0.119014,-0.67137,-0.63946,0.193016,-0.215312,0.355948,
-6.71486,9.29131,20.1269,0.48439,2.66599,21.3948,-4.70537,-12.8229,1.39295,4.06162,-13.9266,3.50519,0,0,0,0,0,0,0,0,0,0,0,0,0.0412566,0.536778,-1.49839,-0.0317615,0.673908,-1.55432,-0.0291103,0.828101,-1.3938,-0.0276564,0.845605,-1.36469,-0.0638239,0.715906,-1.13186,-0.00648503,0.7318,-1.16747,-0.115298,0.582223,-1.36982,0.0528964,0.5967,-1.30057,0.680315,0.407814,0.0856757,0.658776,0.376781,-0.314051,-0.0253982,-0.509414,-0.19766,0.268206,0.172247,0.0576537,
-5.28686,9.46611,15.1896,0.925747,1.49879,20.9057,-4.91705,-16.3234,-2.383,4.91109,-14.4351,5.5544,0,0,0,0,0,0,0,0,0,0,0,0,0.0496418,0.542062,-1.48862,-0.0234642,0.680322,-1.55549,-0.0285484,0.832886,-1.39275,-0.0261935,0.851686,-1.36701,-0.0421158,0.716732,-1.2083,-0.00218762,0.712952,-1.17528,-0.120162,0.541679,-1.43462,0.0621912,0.597533,-1.26709,0.174685,0.10233,0.607915,0.177794,0.215179,0.0157609,-0.0884901,0.223314,0.21419,-0.0363115,0.332171,-0.156864,
-5.55972,10.2769,15.3866,0.560665,3.56525,20.0171,-4.81746,-15.0447,-2.78678,4.81663,-13.2199,3.93359,0,0,0,0,0,0,0,0,0,0,0,0,0.0520741,0.542042,-1.47735,-0.020948,0.682299,-1.55454,-0.0308226,0.833025,-1.3866,-0.0283184,0.855477,-1.36796,-0.0431469,0.727561,-1.19395,-0.00482674,0.747159,-1.19002,-0.119282,0.556882,-1.43497,0.0588558,0.613723,-1.29535,0.234594,-0.0533406,0.533906,0.237093,0.00147333,0.0837041,-0.0347656,-0.10408,0.336993,-0.0160339,-0.055704,0.158907,
-6.0953,11.1349,16.137,0.0130372,5.07515,20.1038,-4.85479,-13.3808,-0.773849,4.53036,-12.0723,2.70033,0,0,0,0,0,0,0,0,0,0,0,0,0.0590955,0.53977,-1.46856,-0.0139487,0.679937,-1.55258,-0.03064,0.827209,-1.38168,-0.0266037,0.849857,-1.36092,-0.0442443,0.738885,-1.17288,-0.0062857,0.768494,-1.18657,-0.119002,0.577942,-1.39578,0.0576668,0.62254,-1.30954,0.299354,-0.133497,0.334063,0.297037,-0.148757,0.0706216,-0.00371644,-0.239163,-0.00453476,0.0760151,-0.312848,0.335215,
-5.63549,11.6019,15.1935,0.127681,5.15958,20.3537,-4.39445,-11.6264,-0.838175,4.86129,-12.288,2.80157,0,0,0,0,0,0,0,0,0,0,0,0,0.0630917,0.53699,-1.46295,-0.00998794,0.677118,-1.55165,-0.0333143,0.818238,-1.38027,-0.0261664,0.844766,-1.35624,-0.0356035,0.743925,-1.1845,-0.00389995,0.767247,-1.18115,-0.117672,0.594333,-1.3943,0.0617355,0.616521,-1.30437,0.150727,-0.160349,0.323353,0.150661,-0.14727,0.0630696,-0.178337,-0.500634,0.176022,-0.0194076,-0.193127,0.137263,
-5.35762,11.8166,14.8186,0.363373,5.12874,19.7393,-5.02002,-12.997,0.58348,5.01919,-12.325,4.14988,0,0,0,0,0,0,0,0,0,0,0,0,0.0652913,0.533707,-1.45592,-0.00774361,0.674133,-1.54942,-0.0347037,0.816466,-1.38027,-0.0269057,0.843571,-1.35715,-0.0298889,0.745136,-1.18452,0.00115126,0.763976,-1.18968,-0.126499,0.581706,-1.37048,0.0637713,0.61996,-1.28268,0.089241,-0.136764,0.288875,0.0915233,-0.136285,0.124207,-0.0208978,0.0619829,-0.119965,-0.0232428,0.0191538,-0.144007,
-5.31625,12.4873,15.363,0.66987,6.09236,19.862,-5.32726,-12.2188,2.10033,5.13335,-11.792,4.27274,0,0,0,0,0,0,0,0,0,0,0,0,0.0669822,0.530657,-1.4511,-0.00604059,0.670762,-1.54695,-0.0350372,0.818128,-1.38461,-0.0272715,0.844153,-1.36136,-0.0281213,0.753847,-1.17081,0.0076459,0.777066,-1.18529,-0.132318,0.596835,-1.34787,0.0656162,0.629253,-1.28492,0.0622273,-0.154111,0.142437,0.0602814,-0.178664,0.077305,-0.0168779,0.0346842,-0.212031,-0.0178359,-0.0200164,-0.182188,
-5.14019,13.2301,15.9085,1.06106,7.09302,20.5152,-5.43881,-11.354,3.51406,5.45571,-11.0333,4.30286,0,0,0,0,0,0,0,0,0,0,0,0,0.0676388,0.527561,-1.44977,-0.0054607,0.66714,-1.54626,-0.0355799,0.817955,-1.38853,-0.0278251,0.842972,-1.36448,-0.0256696,0.763474,-1.16027,0.0138433,0.790763,-1.17317,-0.135739,0.61067,-1.32618,0.0700865,0.640245,-1.28748,0.00598514,-0.185329,0.036637,0.000477198,-0.213642,0.0126326,-0.0508698,-0.0339314,-0.226204,-0.0513194,-0.0848585,-0.180948,
-4.92199,14.1866,16.1371,1.42948,8.07905,20.8366,-5.53355,-10.6172,5.14746,5.8484,-10.3788,4.83164,0,0,0,0,0,0,0,0,0,0,0,0,0.0669625,0.523194,-1.4497,-0.00627879,0.662129,-1.54627,-0.0371988,0.817037,-1.39422,-0.0294462,0.841034,-1.36905,-0.0238506,0.776007,-1.15637,0.0182242,0.803081,-1.16737,-0.139914,0.623271,-1.30268,0.0747907,0.650451,-1.28283,-0.0528969,-0.204972,-0.0106424,-0.0594972,-0.237605,0.00750198,-0.0842087,-0.0290469,-0.299688,-0.0839039,-0.0751364,-0.238237,
-4.76143,15.027,16.4982,1.74636,9.05142,20.5443,-5.69723,-9.96958,6.98179,6.1437,-9.75932,5.40435,0,0,0,0,0,0,0,0,0,0,0,0,0.0655791,0.51861,-1.45021,-0.00780616,0.656615,-1.54558,-0.038996,0.816902,-1.40197,-0.0312226,0.839721,-1.3749,-0.0226374,0.786599,-1.15045,0.0221425,0.814661,-1.17166,-0.144447,0.636021,-1.27771,0.0786542,0.661112,-1.27857,-0.0658034,-0.209162,-0.0300855,-0.0721352,-0.261023,0.0568192,-0.0745941,0.0153522,-0.393957,-0.0730729,-0.0466705,-0.283872,
-4.6077,15.7457,16.7536,2.03964,9.85433,20.2257,-5.79192,-9.33911,8.40823,6.43584,-9.20444,5.85639,0,0,0,0,0,0,0,0,0,0,0,0,0.0643061,0.514808,-1.45086,-0.00918853,0.651743,-1.54416,-0.0402565,0.81741,-1.40958,-0.0324464,0.839002,-1.38018,-0.0215352,0.795755,-1.1465,0.0256874,0.82404,-1.1758,-0.147422,0.648473,-1.25969,0.0827688,0.67082,-1.27576,-0.0825982,-0.213573,-0.0368212,-0.0883384,-0.274935,0.0918043,-0.0743235,0.0345956,-0.437676,-0.0719984,-0.033135,-0.301993,
-4.42741,16.5041,17.013,2.35938,10.6558,19.7948,-5.79818,-8.69396,9.84602,6.77337,-8.63566,6.41365,0,0,0,0,0,0,0,0,0,0,0,0,0.0621603,0.510065,-1.45172,-0.0114506,0.645598,-1.54181,-0.042008,0.818261,-1.41947,-0.0341384,0.83838,-1.38692,-0.0210274,0.80476,-1.14268,0.0286351,0.832318,-1.1811,-0.149497,0.661249,-1.24356,0.0870216,0.680758,-1.2724,-0.107572,-0.215214,-0.0414286,-0.112482,-0.280854,0.118153,-0.0826923,0.0423866,-0.456804,-0.0796859,-0.0244064,-0.307323,
-4.30902,17.1302,17.3739,2.62352,11.359,19.3125,-5.80299,-8.13525,11.1227,7.02866,-8.0719,6.84866,0,0,0,0,0,0,0,0,0,0,0,0,0.0597329,0.505402,-1.45281,-0.0139796,0.639392,-1.53897,-0.0437521,0.819221,-1.42958,-0.0358074,0.837794,-1.39348,-0.0213868,0.811688,-1.13731,0.0308368,0.838907,-1.18691,-0.151153,0.672451,-1.2305,0.0901877,0.690347,-1.27094,-0.110959,-0.206863,-0.0566286,-0.115355,-0.280492,0.136107,-0.0756762,0.0457656,-0.460856,-0.0719479,-0.0274,-0.29029,
-4.21323,17.5496,17.6647,2.825,11.8097,18.9549,-5.78013,-7.75145,12.0269,7.22594,-7.64194,7.18177,0,0,0,0,0,0,0,0,0,0,0,0,0.0577453,0.501782,-1.45398,-0.016043,0.634396,-1.53646,-0.0450443,0.820024,-1.4378,-0.0370272,0.837236,-1.39849,-0.0217255,0.815986,-1.13327,0.032356,0.842335,-1.19086,-0.151972,0.68025,-1.22221,0.0926239,0.697595,-1.26977,-0.114665,-0.195184,-0.0682569,-0.118584,-0.271342,0.140613,-0.073361,0.0464628,-0.452143,-0.0691865,-0.0278541,-0.273613,
-4.09592,17.972,17.9607,3.03624,12.2063,18.5318,-5.70824,-7.40612,12.9597,7.41991,-7.2599,7.58272,0,0,0,0,0,0,0,0,0,0,0,0,0.055139,0.49771,-1.45559,-0.0187267,0.628665,-1.53338,-0.0466773,0.821075,-1.44752,-0.0385643,0.836695,-1.40429,-0.0223484,0.820081,-1.12956,0.0333823,0.844346,-1.1955,-0.152325,0.687659,-1.21484,0.0945937,0.704173,-1.26816,-0.120647,-0.175661,-0.0766752,-0.123818,-0.250126,0.138375,-0.0744657,0.0496088,-0.432364,-0.0699782,-0.0209473,-0.255495,
-4.0097,18.2655,18.2913,3.1981,12.4749,18.1517,-5.63219,-7.15824,13.6932,7.54575,-6.9175,7.84747,0,0,0,0,0,0,0,0,0,0,0,0,0.0525465,0.494101,-1.45743,-0.0213829,0.623419,-1.53042,-0.0482321,0.822121,-1.45665,-0.0400172,0.836192,-1.40952,-0.0232493,0.822357,-1.12546,0.0338053,0.84455,-1.1995,-0.152339,0.693115,-1.21041,0.0955919,0.709826,-1.26836,-0.115686,-0.153744,-0.0885525,-0.118357,-0.227423,0.130301,-0.0681557,0.0457763,-0.39934,-0.0634505,-0.0237309,-0.223007,
-3.94372,18.3808,18.5047,3.28491,12.5402,17.9174,-5.55698,-7.07435,14.049,7.61994,-6.71234,7.99203,0,0,0,0,0,0,0,0,0,0,0,0,0.0507506,0.491783,-1.45893,-0.0232192,0.619932,-1.52842,-0.0492702,0.822788,-1.46276,-0.0409794,0.835755,-1.41282,-0.0237685,0.822535,-1.12312,0.033633,0.842718,-1.20182,-0.151938,0.695165,-1.20983,0.0960511,0.713049,-1.26886,-0.112607,-0.137747,-0.0945483,-0.114937,-0.208739,0.120614,-0.0652772,0.0400586,-0.368044,-0.0605568,-0.0265469,-0.197217,
-3.85029,18.5531,18.7712,3.40742,12.6425,17.6002,-5.43978,-6.9532,14.4948,7.71812,-6.50176,8.16655,0,0,0,0,0,0,0,0,0,0,0,0,0.0480854,0.488785,-1.46121,-0.0259327,0.615321,-1.52573,-0.0508155,0.823648,-1.47093,-0.0424137,0.835117,-1.4171,-0.0246152,0.823259,-1.12057,0.0332811,0.840721,-1.205,-0.151271,0.698021,-1.20955,0.0964783,0.716212,-1.26971,-0.107811,-0.114194,-0.0957257,-0.109568,-0.178601,0.105524,-0.0620257,0.0318057,-0.316317,-0.0574945,-0.0276454,-0.160261,
-3.79469,18.6131,18.9977,3.47199,12.64,17.3455,-5.34306,-6.92261,14.7331,7.76921,-6.3486,8.24016,0,0,0,0,0,0,0,0,0,0,0,0,0.0458631,0.486528,-1.46333,-0.0281888,0.611702,-1.52356,-0.0520674,0.82424,-1.47729,-0.0435686,0.834448,-1.42015,-0.0255176,0.822629,-1.11856,0.0325182,0.837713,-1.20755,-0.150537,0.698968,-1.21124,0.0964741,0.718233,-1.27117,-0.0954574,-0.0927962,-0.0950601,-0.0968014,-0.152316,0.0929091,-0.0529179,0.0237428,-0.266865,-0.0486316,-0.0314355,-0.122459,
-3.75433,18.5623,19.1225,3.48404,12.5205,17.1788,-5.26625,-6.99848,14.7446,7.78941,-6.30441,8.26759,0,0,0,0,0,0,0,0,0,0,0,0,0.0444246,0.485176,-1.46482,-0.0296465,0.609434,-1.52215,-0.0528503,0.824564,-1.48123,-0.0442851,0.833921,-1.42187,-0.0260155,0.82072,-1.11776,0.031494,0.833759,-1.20924,-0.149782,0.697779,-1.21472,0.0962593,0.718491,-1.27221,-0.0871801,-0.0781154,-0.0910399,-0.0882238,-0.13284,0.083631,-0.0472545,0.0184024,-0.230464,-0.0432473,-0.0321814,-0.0975591,
-3.71512,18.5351,19.2672,3.50406,12.4272,16.9841,-5.18222,-7.04455,14.7414,7.80869,-6.25858,8.24826,0,0,0,0,0,0,0,0,0,0,0,0,0.0426555,0.483676,-1.46674,-0.0314344,0.606813,-1.52046,-0.0537868,0.824862,-1.48569,-0.045139,0.833187,-1.4236,-0.0267438,0.819161,-1.11699,0.0304057,0.830049,-1.21117,-0.14896,0.696996,-1.21888,0.0959745,0.718508,-1.27406,-0.0740667,-0.0606129,-0.083481,-0.0747999,-0.108514,0.0713435,-0.0380416,0.00866102,-0.179209,-0.0345067,-0.0354718,-0.0628286,
-3.69307,18.4343,19.3694,3.48883,12.2542,16.8321,-5.1111,-7.15929,14.5867,7.8029,-6.25944,8.19009,0,0,0,0,0,0,0,0,0,0,0,0,0.0412084,0.482532,-1.46847,-0.0328952,0.604694,-1.51903,-0.0544925,0.824927,-1.48903,-0.0457731,0.832352,-1.42458,-0.0274329,0.816577,-1.11681,0.0290308,0.825353,-1.21259,-0.14812,0.694738,-1.2247,0.0954738,0.717585,-1.27587,-0.0597807,-0.0449511,-0.0741551,-0.0602883,-0.0858393,0.0595055,-0.0279559,-0.000810618,-0.130089,-0.0249575,-0.0383741,-0.0308155,
-3.68109,18.3205,19.4142,3.45327,12.0671,16.7188,-5.05353,-7.29064,14.3808,7.78911,-6.31113,8.13859,0,0,0,0,0,0,0,0,0,0,0,0,0.0402423,0.481842,-1.46971,-0.0338689,0.603331,-1.51805,-0.0549199,0.824852,-1.491,-0.0461513,0.831661,-1.42491,-0.0279205,0.814108,-1.11717,0.0276753,0.821036,-1.21373,-0.147323,0.692131,-1.23017,0.0950105,0.71597,-1.277,-0.0493517,-0.0333574,-0.0644441,-0.0497024,-0.0678344,0.0502247,-0.0208414,-0.00652449,-0.093829,-0.0183317,-0.0377269,-0.0101081,
-3.67947,18.2147,19.4572,3.41823,11.8943,16.6225,-5.00295,-7.40031,14.1458,7.7693,-6.3578,8.05296,0,0,0,0,0,0,0,0,0,0,0,0,0.0393085,0.481252,-1.47099,-0.0348092,0.602075,-1.51709,-0.0552741,0.824621,-1.49257,-0.0464576,0.830837,-1.42487,-0.0285043,0.811883,-1.11759,0.0264201,0.817119,-1.2146,-0.146537,0.689721,-1.23574,0.0945498,0.7143,-1.27837,-0.0365324,-0.0217977,-0.0532363,-0.0368111,-0.0486014,0.038595,-0.0120045,-0.0139907,-0.0535629,-0.0101011,-0.0376049,0.0117124,
-3.68977,18.0684,19.4615,3.36458,11.6765,16.5644,-4.96607,-7.55388,13.8325,7.73426,-6.43573,7.96759,0,0,0,0,0,0,0,0,0,0,0,0,0.0386523,0.480901,-1.47202,-0.0354712,0.601227,-1.51637,-0.0554379,0.824247,-1.49332,-0.0465868,0.830035,-1.4244,-0.0290477,0.809135,-1.11846,0.0250835,0.812768,-1.21502,-0.145827,0.68643,-1.24195,0.0939717,0.712152,-1.27934,-0.0245304,-0.0112767,-0.0415677,-0.0247788,-0.0303629,0.0273918,-0.00387258,-0.0189442,-0.0190042,-0.00257524,-0.0347833,0.0277803,
-3.70885,17.921,19.4475,3.30632,11.4739,16.5289,-4.9374,-7.70955,13.5437,7.69753,-6.53444,7.90701,0,0,0,0,0,0,0,0,0,0,0,0,0.0382419,0.480785,-1.47261,-0.0357978,0.600856,-1.516,-0.0554539,0.823926,-1.49343,-0.046586,0.829514,-1.42388,-0.0295353,0.806507,-1.11925,0.0238983,0.809019,-1.21535,-0.145186,0.683219,-1.24716,0.0934297,0.709918,-1.27987,-0.0137404,-0.00458015,-0.0332111,-0.0167586,-0.0181604,0.0196136,0.00154428,-0.0213233,0.00232908,0.0024174,-0.031504,0.0360161,
-3.72889,17.7943,19.4088,3.24947,11.2742,16.5236,-4.92362,-7.8397,13.2143,7.65099,-6.63172,7.82517,0,0,0,0,0,0,0,0,0,0,0,0,0.0380799,0.480778,-1.4732,-0.0360533,0.600644,-1.5157,-0.0553456,0.823423,-1.49306,-0.0464653,0.828885,-1.42299,-0.0298991,0.804376,-1.12047,0.0228393,0.805545,-1.21521,-0.144675,0.680257,-1.25261,0.092842,0.707628,-1.28041,-0.00724173,0.00255955,-0.0223038,-0.00754765,-0.00337458,0.00880305,0.0076318,-0.0250318,0.02851,0.00793942,-0.0271753,0.0443114,
-3.76693,17.6533,19.3626,3.18145,11.0767,16.5606,-4.92302,-7.97655,12.8423,7.5887,-6.72553,7.72084,0,0,0,0,0,0,0,0,0,0,0,0,0.0380381,0.480908,-1.47362,-0.0361044,0.600726,-1.51564,-0.0550725,0.82275,-1.49205,-0.0461919,0.828258,-1.42182,-0.0303722,0.802069,-1.12167,0.021808,0.802338,-1.21456,-0.144212,0.676968,-1.2582,0.0921494,0.705344,-1.28109,0.00317261,0.00769483,-0.0136616,0.00271108,0.00870263,-0.00255777,0.0147992,-0.0301558,0.0520199,0.0145934,-0.0252351,0.0518198,
-3.80466,17.5227,19.2975,3.11766,10.8916,16.6096,-4.92964,-8.1134,12.5111,7.52919,-6.82344,7.66703,0,0,0,0,0,0,0,0,0,0,0,0,0.0381941,0.481126,-1.47382,-0.0359595,0.601041,-1.5158,-0.0546898,0.822073,-1.49073,-0.0458186,0.827889,-1.42099,-0.0307314,0.800009,-1.12299,0.0209622,0.799536,-1.21388,-0.143836,0.673784,-1.26281,0.0915443,0.703285,-1.28123,0.010006,0.0115323,-0.00522473,0.00948158,0.0186357,-0.0109076,0.0193498,-0.0309027,0.0657475,0.0187471,-0.0216615,0.0525909,
-3.83064,17.4237,19.236,3.06906,10.743,16.6447,-4.93694,-8.22009,12.2692,7.48133,-6.9272,7.62477,0,0,0,0,0,0,0,0,0,0,0,0,0.0383774,0.481333,-1.47384,-0.0357845,0.601404,-1.51602,-0.0543682,0.821592,-1.48962,-0.0455091,0.827519,-1.41988,-0.0309435,0.798469,-1.12408,0.0203307,0.797362,-1.2135,-0.1436,0.671386,-1.26605,0.0910246,0.701233,-1.28092,0.0130862,0.0136705,0.00124576,0.0125623,0.0252032,-0.0160299,0.0212431,-0.0299859,0.0723958,0.0203832,-0.0134807,0.0483353,
-3.87046,17.3276,19.1649,3.01658,10.6077,16.7305,-4.9588,-8.30812,11.9881,7.42056,-7.01174,7.56257,0,0,0,0,0,0,0,0,0,0,0,0,0.0387241,0.481647,-1.47374,-0.0354501,0.60203,-1.51646,-0.0538601,0.820917,-1.48792,-0.0450232,0.827271,-1.41885,-0.0311974,0.797055,-1.12524,0.0198319,0.79566,-1.21242,-0.143404,0.669059,-1.26941,0.0904836,0.69952,-1.28103,0.0180155,0.0143584,0.00663064,0.0174006,0.0304915,-0.0228744,0.0246232,-0.032026,0.0808313,0.0234995,-0.0105647,0.0466807,
-3.90814,17.2323,19.0688,2.96426,10.4702,16.8378,-4.98717,-8.40493,11.7046,7.35858,-7.10079,7.52195,0,0,0,0,0,0,0,0,0,0,0,0,0.039192,0.481995,-1.47349,-0.0349975,0.602828,-1.51708,-0.0532509,0.820146,-1.48592,-0.0444443,0.827087,-1.4178,-0.031345,0.79567,-1.1267,0.0194024,0.794074,-1.21114,-0.143273,0.666536,-1.27253,0.0899685,0.697853,-1.28076,0.0208017,0.0144611,0.0129209,0.0201672,0.0351593,-0.0283646,0.0261611,-0.0317341,0.0849643,0.0248162,-0.00511699,0.0408028,
-3.93654,17.1711,19.0081,2.92839,10.3866,16.8987,-5.01195,-8.46957,11.5327,7.30856,-7.16792,7.4983,0,0,0,0,0,0,0,0,0,0,0,0,0.0395387,0.482226,-1.47325,-0.0346606,0.603411,-1.51756,-0.0528237,0.819653,-1.48456,-0.0440394,0.827045,-1.4172,-0.0314568,0.794783,-1.12754,0.0191453,0.793179,-1.21051,-0.143252,0.664897,-1.2743,0.0895056,0.696675,-1.28061,0.0231212,0.0141938,0.0162061,0.0225007,0.0368236,-0.0301027,0.0279075,-0.0305509,0.0848011,0.0264865,-0.00175978,0.0365057,
-3.96715,17.1125,18.9198,2.89031,10.3003,17.0029,-5.04759,-8.52536,11.3372,7.25487,-7.23412,7.47842,0,0,0,0,0,0,0,0,0,0,0,0,0.0400664,0.482524,-1.47285,-0.0341461,0.604236,-1.51824,-0.0521958,0.818997,-1.48271,-0.0434437,0.827055,-1.41647,-0.0314646,0.79398,-1.12871,0.0189893,0.792462,-1.20932,-0.14326,0.663252,-1.27601,0.0891357,0.695581,-1.28029,0.0239574,0.0127828,0.0201107,0.0233731,0.0378993,-0.0321188,0.0283943,-0.0295064,0.083438,0.026902,0.00223581,0.0299548,
-3.99145,17.0638,18.8296,2.8595,10.2304,17.103,-5.08412,-8.57525,11.1723,7.2062,-7.29547,7.47255,0,0,0,0,0,0,0,0,0,0,0,0,0.0405821,0.482786,-1.47236,-0.0336424,0.605078,-1.51896,-0.0515837,0.818374,-1.48092,-0.0428649,0.827165,-1.41591,-0.0313992,0.793317,-1.12984,0.0189262,0.792038,-1.20822,-0.143323,0.661778,-1.27724,0.0888183,0.694688,-1.27989,0.0236219,0.0111803,0.0235947,0.0231067,0.0381073,-0.0327555,0.0279641,-0.0273182,0.0795065,0.0264492,0.00670897,0.0222798,
-4.01183,17.0344,18.7643,2.83784,10.1924,17.1787,-5.11934,-8.60356,11.0662,7.16429,-7.3381,7.46797,0,0,0,0,0,0,0,0,0,0,0,0,0.0410053,0.482975,-1.47191,-0.0332279,0.605759,-1.51955,-0.0510821,0.817907,-1.47953,-0.0423904,0.827321,-1.41557,-0.0313365,0.792937,-1.13057,0.0189583,0.792004,-1.20742,-0.143451,0.660845,-1.27782,0.088542,0.694131,-1.27967,0.0240248,0.00978034,0.0251437,0.0235618,0.0371185,-0.0320421,0.028382,-0.0253568,0.0748999,0.0269016,0.00922838,0.0170092,
-4.03162,17.0038,18.6897,2.81409,10.1524,17.2725,-5.16157,-8.63025,10.9506,7.11757,-7.37977,7.46365,0,0,0,0,0,0,0,0,0,0,0,0,0.0415331,0.483164,-1.47135,-0.0327096,0.606549,-1.52024,-0.0504557,0.817367,-1.47795,-0.0417957,0.827542,-1.41526,-0.0311822,0.792514,-1.13136,0.0190323,0.792011,-1.2064,-0.1436,0.659856,-1.27838,0.0882822,0.693634,-1.27947,0.0234749,0.00756853,0.0258576,0.023063,0.0348696,-0.0307947,0.0281093,-0.0238796,0.0691803,0.0267005,0.0108033,0.0117094,
-4.04308,16.9865,18.6154,2.79869,10.1279,17.3575,-5.20025,-8.64648,10.8661,7.08011,-7.41645,7.4719,0,0,0,0,0,0,0,0,0,0,0,0,0.0420222,0.483304,-1.47077,-0.0322287,0.607289,-1.52089,-0.049859,0.816868,-1.47651,-0.041229,0.827808,-1.41508,-0.0309567,0.792284,-1.13213,0.0191797,0.792243,-1.2055,-0.143749,0.659116,-1.27852,0.088127,0.693287,-1.27918,0.0212659,0.00533704,0.0266506,0.0209286,0.0323937,-0.0288069,0.0263971,-0.0217228,0.0623471,0.025073,0.0129617,0.00564696,
-4.0485,16.9831,18.5679,2.79389,10.127,17.413,-5.2295,-8.64749,10.8305,7.05648,-7.43466,7.48012,0,0,0,0,0,0,0,0,0,0,0,0,0.0423437,0.483377,-1.47034,-0.0319121,0.607791,-1.52134,-0.049452,0.816539,-1.47557,-0.0408426,0.828033,-1.41503,-0.0307726,0.792257,-1.13256,0.0193717,0.792674,-1.20492,-0.143904,0.658817,-1.27826,0.0880555,0.693214,-1.27902,0.0197153,0.00388583,0.0267334,0.0194279,0.0302858,-0.0268286,0.0251865,-0.0198126,0.056712,0.0239406,0.0142892,0.00156546,
-4.05653,16.9782,18.5127,2.78362,10.1234,17.4809,-5.26783,-8.64954,10.7887,7.02406,-7.45457,7.4903,0,0,0,0,0,0,0,0,0,0,0,0,0.0427614,0.48344,-1.46976,-0.0315002,0.608415,-1.52189,-0.0489091,0.81613,-1.47441,-0.0403255,0.828352,-1.41504,-0.0305376,0.792185,-1.13299,0.0195609,0.793145,-1.20422,-0.144085,0.658426,-1.27792,0.0879597,0.693181,-1.27887,0.0182382,0.00205474,0.0255535,0.0179893,0.026758,-0.023675,0.0241128,-0.0175935,0.0489945,0.023,0.014666,-0.00229119,
-4.05666,16.9785,18.463,2.78081,10.1273,17.5396,-5.30056,-8.64626,10.7661,7.00016,-7.46997,7.50597,0,0,0,0,0,0,0,0,0,0,0,0,0.043128,0.483465,-1.46921,-0.0311386,0.608964,-1.52237,-0.0484078,0.815772,-1.47342,-0.0398473,0.828684,-1.41514,-0.0302443,0.792172,-1.13336,0.0198014,0.793681,-1.20361,-0.144238,0.658183,-1.27739,0.0879472,0.693245,-1.27871,0.0154078,0.000339879,0.0243256,0.0151927,0.0233778,-0.0206142,0.0217439,-0.0153741,0.041442,0.0207546,0.01516,-0.00617438,
-4.05437,16.9852,18.4304,2.78266,10.1424,17.5807,-5.32662,-8.63572,10.7636,6.98391,-7.47379,7.51609,0,0,0,0,0,0,0,0,0,0,0,0,0.0433814,0.483458,-1.46879,-0.030889,0.609356,-1.52272,-0.0480372,0.815512,-1.47274,-0.0394934,0.828957,-1.41528,-0.0300002,0.792256,-1.13353,0.020034,0.794273,-1.20319,-0.144385,0.658154,-1.2768,0.0879647,0.69344,-1.27868,0.0133704,-0.000922921,0.02276,0.0131641,0.020364,-0.0179155,0.0199996,-0.013805,0.0354993,0.0191175,0.0148014,-0.00831955,
-4.05221,16.9927,18.3965,2.78216,10.1568,17.6216,-5.35517,-8.62682,10.7641,6.96483,-7.47828,7.5303,0,0,0,0,0,0,0,0,0,0,0,0,0.0436495,0.483422,-1.46832,-0.0306255,0.609759,-1.52307,-0.0476201,0.815231,-1.47204,-0.0390941,0.829271,-1.41548,-0.0297479,0.792326,-1.1337,0.0202332,0.794843,-1.20278,-0.144535,0.658082,-1.27614,0.0879719,0.69365,-1.27864,0.011164,-0.00215105,0.0203971,0.0109542,0.0166498,-0.0144263,0.0180513,-0.0118908,0.0284342,0.0173038,0.0138962,-0.0100602,
-4.04471,17.0048,18.3726,2.78772,10.1787,17.6509,-5.37778,-8.61113,10.7817,6.95334,-7.47689,7.54437,0,0,0,0,0,0,0,0,0,0,0,0,0.0438616,0.483362,-1.4679,-0.0304181,0.610083,-1.52335,-0.0472538,0.814991,-1.4715,-0.0387428,0.829567,-1.41572,-0.0294693,0.79246,-1.13373,0.0204715,0.795481,-1.2025,-0.144645,0.658172,-1.27532,0.0880529,0.693946,-1.27863,0.00837614,-0.00318923,0.0179526,0.00815101,0.0131631,-0.0111838,0.015474,-0.0101351,0.0218935,0.0148488,0.0128898,-0.0114559,
-4.03629,17.019,18.3601,2.79587,10.2045,17.6694,-5.39436,-8.59262,10.8076,6.94833,-7.46832,7.5537,0,0,0,0,0,0,0,0,0,0,0,0,0.04399,0.483297,-1.46759,-0.030294,0.610293,-1.52353,-0.0469968,0.814822,-1.47115,-0.0384961,0.829788,-1.41594,-0.0292406,0.792637,-1.13367,0.0206902,0.796088,-1.20232,-0.14474,0.658372,-1.27454,0.0881598,0.694294,-1.27868,0.00626185,-0.00384818,0.0157408,0.00601175,0.0103877,-0.00861008,0.0134344,-0.00884273,0.0169452,0.0129053,0.011743,-0.0119964,
-4.02722,17.0332,18.3488,2.80328,10.2294,17.6817,-5.41098,-8.57681,10.8399,6.94292,-7.46067,7.56737,0,0,0,0,0,0,0,0,0,0,0,0,0.0441011,0.483208,-1.46728,-0.0301888,0.610484,-1.52368,-0.0467281,0.81465,-1.47085,-0.0382376,0.830031,-1.41621,-0.0290193,0.792797,-1.13358,0.0208748,0.796656,-1.20223,-0.144829,0.658535,-1.27369,0.0882673,0.694646,-1.2787,0.00407536,-0.00420264,0.0130843,0.00379464,0.00735046,-0.00537328,0.0112149,-0.00689963,0.0110531,0.0107985,0.0105486,-0.0123642,
-4.01574,17.0482,18.3466,2.81394,10.2572,17.6856,-5.42281,-8.55795,10.8802,6.94237,-7.44892,7.57818,0,0,0,0,0,0,0,0,0,0,0,0,0.0441641,0.483113,-1.46703,-0.0301325,0.610611,-1.52376,-0.0465096,0.814518,-1.47067,-0.0380271,0.830246,-1.41648,-0.0288034,0.792971,-1.13338,0.0210678,0.79722,-1.20222,-0.144886,0.658786,-1.27281,0.0884105,0.695038,-1.27878,0.00183627,-0.00439181,0.0102998,0.00150745,0.00456709,-0.0026013,0.00882328,-0.00531231,0.00594201,0.00850622,0.00906625,-0.0122028,
-4.00475,17.0628,18.3498,2.82498,10.2835,17.6851,-5.42996,-8.53934,10.9185,6.94578,-7.43429,7.58463,0,0,0,0,0,0,0,0,0,0,0,0,0.0441802,0.483033,-1.46686,-0.0301229,0.610672,-1.52379,-0.04637,0.814433,-1.4706,-0.0378924,0.830395,-1.41669,-0.0286307,0.793155,-1.13318,0.0212339,0.797708,-1.20225,-0.144924,0.659066,-1.27207,0.0885608,0.695418,-1.27887,0.00011255,-0.00442279,0.00802432,-0.000263807,0.00250493,-0.000629177,0.00689158,-0.00425175,0.00237335,0.00664657,0.00768947,-0.0116826,
-3.99322,17.0769,18.3551,2.83596,10.3088,17.6772,-5.43565,-8.52395,10.9625,6.94995,-7.42073,7.59472,0,0,0,0,0,0,0,0,0,0,0,0,0.0441608,0.482939,-1.46672,-0.0301511,0.610702,-1.52377,-0.0462441,0.814358,-1.4706,-0.037771,0.830548,-1.41694,-0.0284831,0.793325,-1.13295,0.0213612,0.798146,-1.20236,-0.144954,0.659312,-1.27129,0.0887081,0.695786,-1.27893,-0.00160146,-0.00410241,0.00555283,-0.0020291,0.000444682,0.00172412,0.00482251,-0.00262626,-0.00173444,0.00465661,0.00642836,-0.0110586,
-3.98122,17.0902,18.3678,2.84833,10.3345,17.6636,-5.43791,-8.50705,11.0091,6.95672,-7.40461,7.60045,0,0,0,0,0,0,0,0,0,0,0,0,0.0441085,0.482854,-1.46663,-0.0302136,0.610689,-1.52371,-0.0461606,0.814316,-1.47068,-0.0376903,0.830671,-1.41717,-0.0283533,0.793493,-1.13265,0.0214859,0.798556,-1.20253,-0.144958,0.659607,-1.27055,0.0888664,0.696164,-1.27905,-0.00303962,-0.00368125,0.00304252,-0.00353068,-0.00137073,0.003615,0.00293182,-0.00142029,-0.00499114,0.00283335,0.00487238,-0.0099065,
-3.9718,17.1009,18.3805,2.85838,10.3549,17.6524,-5.43801,-8.4928,11.0447,6.96414,-7.3892,7.60209,0,0,0,0,0,0,0,0,0,0,0,0,0.0440529,0.482798,-1.4666,-0.0302776,0.610656,-1.52364,-0.0461242,0.814299,-1.47078,-0.0376551,0.830736,-1.41732,-0.0282601,0.79364,-1.1324,0.0215809,0.798862,-1.20266,-0.144956,0.659865,-1.27001,0.0890055,0.696477,-1.27916,-0.00393634,-0.00333731,0.00124958,-0.00447916,-0.00253855,0.00470906,0.00164784,-0.000779397,-0.00686888,0.00159159,0.0036118,-0.00882755,
-3.96084,17.1115,18.3961,2.86996,10.3754,17.6327,-5.4355,-8.48095,11.0884,6.97376,-7.37446,7.60733,0,0,0,0,0,0,0,0,0,0,0,0,0.0439516,0.482732,-1.46659,-0.0303915,0.610586,-1.52352,-0.0461092,0.814295,-1.47096,-0.0376407,0.830801,-1.4175,-0.0281902,0.793783,-1.13212,0.0216479,0.799138,-1.20289,-0.144937,0.660106,-1.26941,0.0891538,0.696783,-1.27924,-0.00506509,-0.00265868,-0.000676782,-0.00566438,-0.0036625,0.00608227,-3.86489e-05,0.000402278,-0.00922877,-4.84034e-05,0.00251791,-0.00774106,
-3.95033,17.1213,18.4188,2.88221,10.3967,17.6077,-5.43078,-8.46774,11.1348,6.98476,-7.35715,7.60816,0,0,0,0,0,0,0,0,0,0,0,0,0.0438217,0.482678,-1.46664,-0.0305367,0.610483,-1.52336,-0.0461275,0.814317,-1.4712,-0.0376587,0.830842,-1.41766,-0.0281463,0.793928,-1.13177,0.0217065,0.799396,-1.20317,-0.144904,0.66039,-1.26883,0.0893024,0.697101,-1.27937,-0.00575339,-0.00188708,-0.00277339,-0.00642315,-0.00471903,0.00719733,-0.00141682,0.00126847,-0.0110282,-0.00138453,0.00101236,-0.00605695,
-3.94219,17.1283,18.4341,2.89119,10.4097,17.5918,-5.42552,-8.45797,11.1641,6.99512,-7.34405,7.60877,0,0,0,0,0,0,0,0,0,0,0,0,0.0437255,0.482652,-1.46669,-0.030644,0.610403,-1.52324,-0.0461585,0.81434,-1.47139,-0.0376889,0.830849,-1.41775,-0.0281105,0.794041,-1.13155,0.0217455,0.799541,-1.20334,-0.144867,0.6606,-1.26848,0.0894337,0.697326,-1.27944,-0.00639616,-0.00141372,-0.00384424,-0.00710823,-0.00514708,0.00758694,-0.00250068,0.00164655,-0.0117069,-0.00245167,0.000200055,-0.00508715,
-3.93395,17.1345,18.4552,2.90124,10.4244,17.5667,-5.41824,-8.45007,11.2006,7.00649,-7.3298,7.60829,0,0,0,0,0,0,0,0,0,0,0,0,0.0435793,0.48263,-1.46679,-0.0308065,0.610284,-1.52307,-0.0462267,0.814384,-1.47165,-0.0377558,0.830842,-1.41785,-0.0281133,0.794151,-1.13128,0.0217579,0.79968,-1.20362,-0.144825,0.660804,-1.26809,0.0895513,0.697555,-1.27954,-0.00665253,-0.000629363,-0.00511609,-0.00741719,-0.00555366,0.00814756,-0.00341126,0.00232326,-0.0125467,-0.00334182,-0.000730361,-0.00375082,
-3.92706,17.139,18.4777,2.91035,10.4364,17.5412,-5.41028,-8.4427,11.2337,7.01771,-7.31589,7.60567,0,0,0,0,0,0,0,0,0,0,0,0,0.0434351,0.482626,-1.46692,-0.0309682,0.610158,-1.52288,-0.0463077,0.814441,-1.47194,-0.0378351,0.830813,-1.41791,-0.0281321,0.794247,-1.131,0.0217607,0.799765,-1.2039,-0.144778,0.661006,-1.26777,0.0896604,0.697756,-1.27964,-0.00664368,0.000120664,-0.00622481,-0.0074597,-0.00579305,0.00844192,-0.00405133,0.00276308,-0.0129148,-0.00396847,-0.00167181,-0.00233459,
-3.92158,17.1419,18.495,2.91739,10.4434,17.5218,-5.40237,-8.43767,11.2568,7.02799,-7.30532,7.60384,0,0,0,0,0,0,0,0,0,0,0,0,0.0433159,0.482633,-1.46704,-0.0311025,0.610053,-1.52273,-0.0463853,0.814492,-1.47217,-0.0379112,0.830776,-1.41794,-0.0281549,0.79432,-1.13081,0.0217504,0.799789,-1.2041,-0.144727,0.661153,-1.26759,0.0897558,0.697895,-1.2797,-0.00677197,0.000653795,-0.00683784,-0.00762528,-0.00578214,0.00838561,-0.00467103,0.00293705,-0.0128093,-0.00458655,-0.00226601,-0.00136843,
-3.91605,17.1441,18.5153,2.92548,10.4512,17.4977,-5.39259,-8.43304,11.2828,7.03971,-7.29395,7.6009,0,0,0,0,0,0,0,0,0,0,0,0,0.0431672,0.482655,-1.4672,-0.0312704,0.609928,-1.52255,-0.0464948,0.814559,-1.47245,-0.0380189,0.830719,-1.41796,-0.0282002,0.794399,-1.1306,0.0217313,0.799809,-1.20435,-0.144671,0.661311,-1.26739,0.0898492,0.698033,-1.27976,-0.00666224,0.00130243,-0.00731923,-0.00755406,-0.0056035,0.00822728,-0.00514333,0.00316891,-0.0125216,-0.00506196,-0.00277106,-0.000360047,
-3.91247,17.1447,18.5353,2.93185,10.4563,17.4748,-5.38344,-8.42981,11.3044,7.04995,-7.28349,7.59664,0,0,0,0,0,0,0,0,0,0,0,0,0.0430272,0.482691,-1.46736,-0.0314305,0.609807,-1.52237,-0.0466084,0.814631,-1.47272,-0.0381307,0.830651,-1.41795,-0.0282634,0.794461,-1.13041,0.0216978,0.799787,-1.20459,-0.14462,0.661443,-1.26726,0.0899213,0.698143,-1.27983,-0.00619201,0.00190854,-0.00768462,-0.00711974,-0.00534919,0.00795698,-0.00523498,0.00327959,-0.0120087,-0.0051596,-0.00326886,0.000670804,
-3.9105,17.1443,18.5481,2.93549,10.4571,17.4596,-5.37629,-8.42868,11.3164,7.0574,-7.27728,7.59443,0,0,0,0,0,0,0,0,0,0,0,0,0.0429318,0.482725,-1.46749,-0.031541,0.609723,-1.52225,-0.0466919,0.814683,-1.4729,-0.0382131,0.830596,-1.41794,-0.0283164,0.794497,-1.1303,0.0216597,0.799725,-1.20475,-0.144576,0.661516,-1.26723,0.0899716,0.698195,-1.27985,-0.00592511,0.00228336,-0.00775365,-0.0068742,-0.00504934,0.00761118,-0.00533033,0.00327859,-0.0114563,-0.00526439,-0.00347841,0.00123447,
-3.90771,17.1426,18.5658,2.94156,10.4588,17.4383,-5.3662,-8.42749,11.3324,7.06774,-7.26889,7.5901,0,0,0,0,0,0,0,0,0,0,0,0,0.0427942,0.482787,-1.46767,-0.0317016,0.609609,-1.52207,-0.0468215,0.814761,-1.47317,-0.0383413,0.830511,-1.4179,-0.0283918,0.794539,-1.13016,0.0216201,0.799657,-1.20496,-0.144523,0.661614,-1.26719,0.0900303,0.698259,-1.27988,-0.00547274,0.00275866,-0.00761841,-0.00644755,-0.00449233,0.00697046,-0.00535896,0.00320163,-0.0104653,-0.00531255,-0.00361496,0.00186159,
-3.90711,17.1409,18.5802,2.94538,10.4586,17.4212,-5.35784,-8.42669,11.3434,7.07589,-7.26215,7.58636,0,0,0,0,0,0,0,0,0,0,0,0,0.042682,0.482852,-1.46784,-0.0318355,0.609517,-1.52193,-0.0469361,0.814829,-1.47338,-0.0384551,0.83043,-1.41785,-0.028477,0.794583,-1.13006,0.0215713,0.799574,-1.20513,-0.144479,0.661693,-1.2672,0.0900704,0.698298,-1.2799,-0.00482651,0.00311773,-0.00739331,-0.0058214,-0.00395791,0.00632261,-0.00510973,0.00304204,-0.00945313,-0.00508278,-0.0037091,0.0023758,
-3.90777,17.1385,18.5893,2.94681,10.4558,17.4103,-5.35208,-8.42774,11.3479,7.08075,-7.25876,7.58423,0,0,0,0,0,0,0,0,0,0,0,0,0.0426102,0.482904,-1.46795,-0.0319234,0.609457,-1.52183,-0.0470149,0.814877,-1.47353,-0.0385336,0.83037,-1.41781,-0.028548,0.794596,-1.13001,0.0215219,0.799474,-1.20524,-0.144447,0.661717,-1.26726,0.0900864,0.6983,-1.2799,-0.0043176,0.00332994,-0.00713912,-0.00532362,-0.00354099,0.00581815,-0.00485038,0.00289138,-0.00866971,-0.00483907,-0.00370926,0.0026555,
-3.90787,17.1348,18.6003,2.94992,10.453,17.397,-5.34472,-8.42845,11.3533,7.0874,-7.25426,7.58075,0,0,0,0,0,0,0,0,0,0,0,0,0.0425217,0.482979,-1.4681,-0.0320342,0.609386,-1.52171,-0.0471184,0.814937,-1.47371,-0.0386372,0.83029,-1.41775,-0.0286247,0.794609,-1.12996,0.0214811,0.799368,-1.20537,-0.144409,0.661758,-1.26733,0.09011,0.698305,-1.2799,-0.00377237,0.00351842,-0.00662267,-0.00478855,-0.00291005,0.00502626,-0.00457047,0.00260324,-0.00749828,-0.00458465,-0.0035669,0.00281824,
-3.90971,17.1315,18.6084,2.95138,10.4492,17.3866,-5.33884,-8.42949,11.3552,7.09227,-7.25068,7.57785,0,0,0,0,0,0,0,0,0,0,0,0,0.0424477,0.483058,-1.46824,-0.0321307,0.609329,-1.52161,-0.0472128,0.81499,-1.47386,-0.0387321,0.830213,-1.41768,-0.0287143,0.794631,-1.12995,0.021429,0.799256,-1.20546,-0.144384,0.661784,-1.26744,0.0901156,0.698297,-1.27989,-0.00305232,0.00363165,-0.00604785,-0.00407468,-0.00232716,0.00428976,-0.00407013,0.00227504,-0.00633713,-0.00410885,-0.00342747,0.00295166,
-3.91206,17.1275,18.6154,2.95276,10.4444,17.3774,-5.33344,-8.43067,11.3561,7.09675,-7.24761,7.57557,0,0,0,0,0,0,0,0,0,0,0,0,0.0423843,0.483146,-1.46838,-0.0322185,0.609282,-1.52152,-0.0473028,0.815041,-1.47399,-0.0388235,0.830134,-1.41761,-0.0288026,0.794647,-1.12995,0.0213839,0.799139,-1.20554,-0.144362,0.661804,-1.26755,0.0901187,0.698282,-1.27986,-0.00234115,0.00368443,-0.00530094,-0.00336376,-0.00166353,0.00348243,-0.00351963,0.0019359,-0.00512727,-0.0035862,-0.00310976,0.00286138,
-3.9141,17.1236,18.619,2.95305,10.4392,17.372,-5.32987,-8.4326,11.3544,7.09915,-7.24694,7.575,0,0,0,0,0,0,0,0,0,0,0,0,0.0423508,0.483205,-1.46846,-0.0322684,0.609259,-1.52147,-0.0473558,0.815069,-1.47407,-0.0388777,0.830087,-1.41757,-0.0288629,0.794636,-1.12996,0.0213496,0.799033,-1.20559,-0.144342,0.661792,-1.26765,0.0901163,0.698254,-1.27982,-0.00193287,0.00367842,-0.00476252,-0.00295271,-0.00121449,0.00293299,-0.00317394,0.00170583,-0.00434963,-0.00325949,-0.00282787,0.00268631,
-3.91701,17.1194,18.6215,2.95329,10.4333,17.368,-5.32664,-8.43428,11.3504,7.1013,-7.24578,7.57376,0,0,0,0,0,0,0,0,0,0,0,0,0.0423152,0.483285,-1.46855,-0.0323264,0.609239,-1.52141,-0.0474194,0.815102,-1.47415,-0.0389435,0.830029,-1.41751,-0.0289368,0.794637,-1.13001,0.0213107,0.79892,-1.20561,-0.144333,0.661784,-1.2678,0.0901025,0.698224,-1.27979,-0.00134661,0.00358952,-0.00404191,-0.00236239,-0.000669394,0.00219272,-0.00263407,0.00129078,-0.00325699,-0.00274487,-0.00252259,0.00247859,
-3.92053,17.1153,18.6225,2.95295,10.4274,17.3655,-5.32451,-8.43586,11.3454,7.10228,-7.24502,7.57301,0,0,0,0,0,0,0,0,0,0,0,0,0.0422931,0.483363,-1.46863,-0.0323708,0.60923,-1.52137,-0.04747,0.815126,-1.47421,-0.0389968,0.829977,-1.41746,-0.0290077,0.794637,-1.13007,0.0212756,0.798815,-1.20562,-0.14433,0.661768,-1.26795,0.0900815,0.698193,-1.27975,-0.000736655,0.00345079,-0.00331817,-0.00174494,-0.000188231,0.00154033,-0.00202529,0.000882046,-0.0022538,-0.00215916,-0.00221477,0.00223235,
-3.92378,17.112,18.6217,2.95228,10.4219,17.3647,-5.32338,-8.43743,11.3402,7.10236,-7.2452,7.5736,0,0,0,0,0,0,0,0,0,0,0,0,0.0422842,0.483423,-1.46869,-0.0323978,0.609231,-1.52135,-0.0475018,0.815139,-1.47424,-0.0390312,0.82994,-1.41742,-0.0290653,0.794634,-1.13013,0.0212469,0.798725,-1.20562,-0.14433,0.661745,-1.26807,0.0900594,0.698162,-1.27971,-0.000325531,0.00331279,-0.00270816,-0.00132463,0.000192993,0.00104506,-0.00157529,0.000587205,-0.00152593,-0.0017272,-0.00189195,0.00192192,
-3.92705,17.1079,18.6206,2.95207,10.416,17.365,-5.32263,-8.43849,11.3343,7.10237,-7.24507,7.574,0,0,0,0,0,0,0,0,0,0,0,0,0.042282,0.483494,-1.46874,-0.0324217,0.60924,-1.52133,-0.0475304,0.815147,-1.47427,-0.0390634,0.829903,-1.41739,-0.0291168,0.794624,-1.1302,0.0212298,0.798637,-1.2056,-0.144332,0.661725,-1.26819,0.0900393,0.698136,-1.27967,8.35166e-05,0.00310441,-0.00202533,-0.000904003,0.000606958,0.000460312,-0.00107716,0.000202833,-0.000703988,-0.00124935,-0.00152238,0.0015163,
-3.93069,17.1043,18.6174,2.95137,10.4101,17.3669,-5.3229,-8.43956,11.3275,7.10146,-7.24538,7.57532,0,0,0,0,0,0,0,0,0,0,0,0,0.0422885,0.483559,-1.46878,-0.0324368,0.609258,-1.52133,-0.0475481,0.815147,-1.47427,-0.0390851,0.829874,-1.41736,-0.0291666,0.794618,-1.13029,0.0212121,0.798557,-1.20556,-0.144342,0.661697,-1.26832,0.0900133,0.698111,-1.27962,0.000478496,0.00287436,-0.00134443,-0.000494642,0.00096288,-1.68326e-05,-0.000567109,-0.000135822,3.95161e-06,-0.000757184,-0.00114154,0.00108192,
-3.93433,17.1008,18.6133,2.95056,10.4044,17.3695,-5.32399,-8.44044,11.3206,7.09983,-7.24585,7.57717,0,0,0,0,0,0,0,0,0,0,0,0,0.0423033,0.48362,-1.4688,-0.0324432,0.609283,-1.52133,-0.0475546,0.815141,-1.47427,-0.039096,0.829853,-1.41734,-0.0292091,0.794609,-1.13038,0.0212004,0.798486,-1.20553,-0.144356,0.661667,-1.26843,0.089985,0.698092,-1.27957,0.000837748,0.00263572,-0.000713427,-0.000119567,0.00126097,-0.000405157,-6.83111e-05,-0.000431921,0.000589106,-0.000273541,-0.000767872,0.000635395,
-3.93734,17.0978,18.6094,2.94986,10.3997,17.3725,-5.32536,-8.44129,11.3147,7.09801,-7.24643,7.57913,0,0,0,0,0,0,0,0,0,0,0,0,0.0423206,0.483665,-1.4688,-0.032443,0.609308,-1.52134,-0.0475523,0.815131,-1.47425,-0.0390975,0.829843,-1.41733,-0.0292406,0.794595,-1.13045,0.0211939,0.798429,-1.20548,-0.14437,0.661636,-1.26852,0.0899591,0.698077,-1.27953,0.00106804,0.0024305,-0.000249248,0.00012376,0.00146561,-0.000688373,0.000293405,-0.000671542,0.00100917,7.73506e-05,-0.000486949,0.000275533,
-3.9406,17.0952,18.6041,2.94924,10.3949,17.377,-5.32748,-8.44105,11.3079,7.09572,-7.24681,7.58145,0,0,0,0,0,0,0,0,0,0,0,0,0.0423468,0.483716,-1.4688,-0.0324374,0.609342,-1.52136,-0.0475411,0.815112,-1.47422,-0.0390912,0.829835,-1.41733,-0.0292687,0.794592,-1.13055,0.0211936,0.798383,-1.20542,-0.144388,0.661614,-1.26861,0.0899331,0.69807,-1.27949,0.00126945,0.00216026,0.000227073,0.000339859,0.00164998,-0.000997364,0.000672808,-0.000992094,0.0014727,0.000445784,-0.000221152,-0.000111735,
-3.94367,17.0925,18.5983,2.94866,10.3903,17.3819,-5.33014,-8.44108,11.3015,7.09305,-7.24723,7.58437,0,0,0,0,0,0,0,0,0,0,0,0,0.0423765,0.48376,-1.46879,-0.032428,0.60938,-1.52139,-0.0475223,0.815087,-1.47419,-0.0390775,0.829834,-1.41734,-0.0292909,0.794581,-1.13064,0.0211968,0.79834,-1.20536,-0.144409,0.661582,-1.26869,0.0899065,0.698068,-1.27944,0.00142599,0.00191391,0.00066126,0.000512375,0.00179752,-0.00120832,0.00101405,-0.00122266,0.00179089,0.000778744,6.7757e-05,-0.000521003,
-3.94586,17.0909,18.5935,2.94837,10.3874,17.3857,-5.33238,-8.44089,11.2972,7.09088,-7.24744,7.58692,0,0,0,0,0,0,0,0,0,0,0,0,0.0423998,0.483789,-1.46878,-0.0324192,0.60941,-1.52141,-0.0475044,0.815066,-1.47416,-0.0390634,0.829837,-1.41735,-0.0293057,0.794575,-1.13071,0.0212024,0.798318,-1.20531,-0.144426,0.661562,-1.26874,0.0898862,0.698072,-1.27941,0.00149545,0.00174192,0.000953939,0.000593847,0.00188181,-0.00131691,0.00122059,-0.00135895,0.00196313,0.00098042,0.000276949,-0.00081898,
-3.94842,17.0887,18.5875,2.94804,10.3835,17.391,-5.33563,-8.44025,11.2917,7.08792,-7.2477,7.59018,0,0,0,0,0,0,0,0,0,0,0,0,0.0424337,0.483825,-1.46876,-0.0324049,0.609452,-1.52144,-0.0474742,0.815034,-1.47411,-0.0390386,0.829846,-1.41737,-0.0293166,0.794565,-1.13079,0.0212128,0.798292,-1.20525,-0.144449,0.661537,-1.26879,0.0898637,0.698082,-1.27938,0.00156897,0.00151912,0.00125345,0.000682039,0.00194626,-0.00141912,0.00148296,-0.00154089,0.00213879,0.00123863,0.000490304,-0.0011514,
-3.95065,17.0867,18.5812,2.94796,10.3801,17.3963,-5.33903,-8.4394,11.2868,7.08492,-7.24778,7.59362,0,0,0,0,0,0,0,0,0,0,0,0,0.0424681,0.483855,-1.46872,-0.0323899,0.609496,-1.52147,-0.0474395,0.814998,-1.47406,-0.0390093,0.829859,-1.4174,-0.0293224,0.794556,-1.13088,0.0212269,0.798274,-1.20518,-0.144471,0.661513,-1.26883,0.0898431,0.698098,-1.27935,0.00157744,0.00131095,0.00150713,0.000704645,0.00197682,-0.00146883,0.00167488,-0.00169034,0.00224856,0.00142796,0.00068015,-0.00145791,
-3.95236,17.0853,18.576,2.94803,10.3778,17.4006,-5.3421,-8.43859,11.2833,7.08229,-7.24749,7.59647,0,0,0,0,0,0,0,0,0,0,0,0,0.0424963,0.483877,-1.4687,-0.0323773,0.609531,-1.52149,-0.0474082,0.814967,-1.47402,-0.0389824,0.829873,-1.41743,-0.0293254,0.794549,-1.13094,0.0212411,0.798268,-1.20513,-0.144492,0.661494,-1.26885,0.0898258,0.69812,-1.27932,0.00158035,0.00116169,0.00165664,0.000718179,0.00196929,-0.00146048,0.0018186,-0.00178166,0.0022765,0.00157128,0.000800002,-0.00166343,
-3.95417,17.0839,18.5699,2.94818,10.3752,17.4057,-5.34581,-8.43721,11.2797,7.07923,-7.24725,7.60005,0,0,0,0,0,0,0,0,0,0,0,0,0.0425307,0.483901,-1.46866,-0.0323617,0.609574,-1.52153,-0.0473665,0.814927,-1.47397,-0.0389462,0.829892,-1.41747,-0.0293249,0.794543,-1.13101,0.0212586,0.798263,-1.20507,-0.144515,0.661476,-1.26887,0.0898094,0.698146,-1.2793,0.00153607,0.0010019,0.00177616,0.000685561,0.00193686,-0.00141817,0.00193973,-0.00186724,0.00225749,0.0016934,0.000916719,-0.00187774,
-3.95556,17.0824,18.5642,2.94863,10.3729,17.4105,-5.34944,-8.43593,11.2766,7.07632,-7.24676,7.60362,0,0,0,0,0,0,0,0,0,0,0,0,0.0425631,0.483921,-1.46862,-0.0323479,0.609616,-1.52156,-0.0473233,0.814885,-1.47392,-0.0389084,0.829913,-1.41751,-0.0293202,0.794533,-1.13107,0.0212786,0.798261,-1.20501,-0.144536,0.661456,-1.26888,0.0897958,0.698179,-1.27928,0.00143866,0.000865834,0.00184845,0.000598502,0.00188606,-0.00134836,0.00199391,-0.00192516,0.00219443,0.00174958,0.00100958,-0.00206011,
-3.95634,17.0816,18.5603,2.9493,10.3718,17.4136,-5.35218,-8.43459,11.2752,7.07429,-7.24581,7.60596,0,0,0,0,0,0,0,0,0,0,0,0,0.0425854,0.483934,-1.46859,-0.032339,0.609646,-1.52158,-0.0472913,0.814854,-1.47389,-0.0388802,0.82993,-1.41755,-0.0293139,0.794528,-1.13111,0.0212981,0.798271,-1.20498,-0.144553,0.661449,-1.26887,0.0897877,0.698214,-1.27927,0.00137098,0.000784652,0.00185889,0.000537266,0.00182927,-0.00127066,0.00202491,-0.00195096,0.00211812,0.00178306,0.00104481,-0.00214946,
-3.95751,17.0804,18.5547,2.94993,10.3698,17.418,-5.35604,-8.43285,11.2731,7.07134,-7.24514,7.60981,0,0,0,0,0,0,0,0,0,0,0,0,0.0426168,0.483952,-1.46854,-0.0323274,0.609689,-1.52161,-0.0472424,0.814807,-1.47384,-0.038837,0.829955,-1.4176,-0.0293068,0.794522,-1.13117,0.0213182,0.798274,-1.20492,-0.144574,0.661434,-1.26886,0.0897777,0.698253,-1.27925,0.00124701,0.00069575,0.00183095,0.000421766,0.00173591,-0.00112316,0.00203438,-0.00194635,0.00195188,0.00179731,0.00108813,-0.00225749,
-3.95819,17.0792,18.5502,2.95095,10.3684,17.4214,-5.35945,-8.43116,11.272,7.06883,-7.24397,7.61291,0,0,0,0,0,0,0,0,0,0,0,0,0.0426425,0.483967,-1.4685,-0.0323198,0.609726,-1.52163,-0.0471981,0.814764,-1.4738,-0.0387979,0.829979,-1.41765,-0.0292969,0.794513,-1.13122,0.0213411,0.798283,-1.20488,-0.144593,0.661422,-1.26884,0.0897705,0.698298,-1.27925,0.00110917,0.000634661,0.00175897,0.000289835,0.00163278,-0.000974602,0.00200022,-0.00193756,0.00178953,0.00176814,0.00108289,-0.00229866,
-3.95843,17.0787,18.5473,2.95204,10.3681,17.4235,-5.3619,-8.42945,11.2719,7.06728,-7.24251,7.61497,0,0,0,0,0,0,0,0,0,0,0,0,0.0426592,0.483976,-1.46848,-0.0323162,0.609751,-1.52164,-0.0471665,0.814733,-1.47377,-0.03877,0.829996,-1.41769,-0.0292872,0.794513,-1.13124,0.0213619,0.7983,-1.20486,-0.144607,0.661422,-1.26881,0.0897692,0.698341,-1.27925,0.00099909,0.000602329,0.00168527,0.000183185,0.0015502,-0.000857623,0.0019549,-0.00192449,0.00166371,0.00172683,0.00105936,-0.00230078,
-3.9588,17.0778,18.5434,2.95321,10.367,17.4262,-5.36492,-8.42767,11.2718,7.06528,-7.24126,7.61814,0,0,0,0,0,0,0,0,0,0,0,0,0.0426793,0.483989,-1.46844,-0.032314,0.609784,-1.52166,-0.0471246,0.814692,-1.47374,-0.038733,0.83002,-1.41774,-0.0292779,0.794509,-1.13128,0.0213814,0.79831,-1.20483,-0.144622,0.661415,-1.26878,0.0897677,0.698386,-1.27924,0.000838356,0.000588399,0.00157308,2.64714e-05,0.00144715,-0.000683954,0.00186647,-0.0018593,0.00145179,0.0016441,0.00104633,-0.00230977,
-3.95888,17.0768,18.5404,2.95473,10.3663,17.4279,-5.36766,-8.42571,11.2723,7.06355,-7.23955,7.62072,0,0,0,0,0,0,0,0,0,0,0,0,0.0426959,0.484002,-1.46841,-0.0323153,0.609815,-1.52167,-0.0470847,0.814651,-1.47371,-0.038698,0.830042,-1.41779,-0.0292665,0.794504,-1.1313,0.0214042,0.798325,-1.20481,-0.144634,0.661412,-1.26875,0.0897691,0.698439,-1.27924,0.000693308,0.000595187,0.00142368,-0.000116536,0.00133451,-0.00050753,0.00177161,-0.00178997,0.00123791,0.00155526,0.000993879,-0.00226571,
-3.95887,17.0758,18.5381,2.95606,10.3657,17.4293,-5.36989,-8.42423,11.273,7.06225,-7.23784,7.62269,0,0,0,0,0,0,0,0,0,0,0,0,0.0427072,0.484013,-1.46838,-0.0323186,0.609838,-1.52168,-0.0470537,0.81462,-1.47369,-0.0386709,0.830059,-1.41783,-0.0292578,0.794498,-1.13132,0.0214221,0.798335,-1.20479,-0.144646,0.661408,-1.26872,0.0897704,0.698485,-1.27925,0.000576673,0.000610938,0.00128285,-0.000232757,0.00123979,-0.0003699,0.00168226,-0.00173762,0.00107277,0.00147084,0.000926805,-0.00219853,
-3.95888,17.0751,18.5356,2.95759,10.365,17.4305,-5.37229,-8.42235,11.274,7.06086,-7.23609,7.62518,0,0,0,0,0,0,0,0,0,0,0,0,0.0427181,0.484027,-1.46836,-0.0323255,0.609864,-1.52169,-0.0470182,0.814582,-1.47366,-0.0386399,0.830079,-1.41788,-0.029251,0.794499,-1.13134,0.0214392,0.798347,-1.20477,-0.144657,0.661407,-1.26868,0.0897731,0.698535,-1.27925,0.000426412,0.000644139,0.00111577,-0.000382875,0.00113279,-0.000199451,0.00155466,-0.00165568,0.000866443,0.00134903,0.000854352,-0.00211659,
-3.95867,17.0741,18.5338,2.95938,10.3647,17.431,-5.37436,-8.42037,11.2756,7.05979,-7.23398,7.62722,0,0,0,0,0,0,0,0,0,0,0,0,0.0427258,0.484042,-1.46834,-0.0323356,0.609887,-1.52169,-0.0469856,0.814547,-1.47365,-0.0386118,0.830096,-1.41792,-0.0292429,0.794497,-1.13135,0.0214583,0.798361,-1.20476,-0.144666,0.66141,-1.26863,0.0897787,0.698588,-1.27926,0.000288054,0.000689632,0.000933503,-0.000522347,0.00102466,-3.49437e-05,0.00142255,-0.00157477,0.000669643,0.00122261,0.000759514,-0.00200352,
-3.95833,17.0733,18.5329,2.96089,10.3644,17.431,-5.37579,-8.41895,11.277,7.05924,-7.23202,7.62846,0,0,0,0,0,0,0,0,0,0,0,0,0.0427296,0.484053,-1.46832,-0.0323448,0.609903,-1.52169,-0.0469637,0.814522,-1.47364,-0.0385931,0.830108,-1.41795,-0.0292353,0.794495,-1.13135,0.0214741,0.79837,-1.20476,-0.144672,0.661413,-1.2686,0.0897849,0.698634,-1.27927,0.000191672,0.000730708,0.00079802,-0.000620028,0.000951861,7.73862e-05,0.00132291,-0.00151244,0.000531394,0.00112697,0.000688652,-0.00191445,
-3.95808,17.0721,18.5315,2.96282,10.3638,17.4307,-5.3776,-8.41714,11.279,7.05845,-7.22996,7.63058,0,0,0,0,0,0,0,0,0,0,0,0,0.0427324,0.484072,-1.4683,-0.0323615,0.609924,-1.52169,-0.0469339,0.814488,-1.47363,-0.0385679,0.830123,-1.418,-0.0292312,0.794494,-1.13136,0.0214892,0.798379,-1.20476,-0.144679,0.661414,-1.26855,0.0897923,0.698685,-1.27927,6.19997e-05,0.000810049,0.000613858,-0.000751608,0.000862466,0.000246895,0.00117803,-0.00138533,0.000309306,0.000987683,0.000615966,-0.00180467,
-3.95773,17.0708,18.5309,2.9648,10.3632,17.43,-5.37904,-8.41544,11.2811,7.05796,-7.22764,7.63208,0,0,0,0,0,0,0,0,0,0,0,0,0.0427325,0.48409,-1.46829,-0.0323793,0.609942,-1.52168,-0.0469096,0.814458,-1.47362,-0.0385476,0.830136,-1.41803,-0.0292273,0.794491,-1.13137,0.0215047,0.798384,-1.20477,-0.144684,0.661418,-1.26851,0.0898004,0.698737,-1.27928,-4.16496e-05,0.000881554,0.000432029,-0.00085852,0.000781322,0.000370677,0.00104819,-0.00130108,0.000148219,0.00086242,0.000514471,-0.00166867,
-3.95738,17.0697,18.5304,2.96674,10.3627,17.4291,-5.38029,-8.41365,11.2832,7.05763,-7.22542,7.63311,0,0,0,0,0,0,0,0,0,0,0,0,0.0427305,0.484111,-1.46829,-0.0323993,0.609959,-1.52167,-0.046888,0.81443,-1.47362,-0.0385302,0.830143,-1.41806,-0.0292253,0.794493,-1.13137,0.0215175,0.79839,-1.20477,-0.144689,0.661424,-1.26847,0.0898088,0.698783,-1.27929,-0.000138609,0.000950575,0.000262621,-0.000959271,0.000707505,0.000475043,0.000916861,-0.00123008,1.44224e-05,0.000735025,0.000440137,-0.00156952,
-3.95723,17.069,18.5302,2.96825,10.3627,17.4285,-5.38115,-8.41221,11.2851,7.05755,-7.22317,7.63429,0,0,0,0,0,0,0,0,0,0,0,0,0.0427279,0.484126,-1.46828,-0.0324151,0.609969,-1.52166,-0.0468741,0.814411,-1.47362,-0.0385191,0.830151,-1.41809,-0.0292263,0.794497,-1.13137,0.021528,0.798399,-1.20478,-0.144692,0.661432,-1.26844,0.0898166,0.698829,-1.2793,-0.000182377,0.0010032,0.000139737,-0.00100637,0.000652517,0.000546606,0.000837707,-0.00118054,-7.59709e-05,0.000658594,0.000320717,-0.00141376,
-3.95689,17.0675,18.5302,2.97023,10.3619,17.427,-5.38205,-8.41093,11.2873,7.05753,-7.22095,7.63563,0,0,0,0,0,0,0,0,0,0,0,0,0.042723,0.484149,-1.46828,-0.0324382,0.609983,-1.52165,-0.0468571,0.814386,-1.47363,-0.038506,0.830158,-1.41812,-0.0292272,0.794495,-1.13137,0.0215387,0.798397,-1.20479,-0.144695,0.661434,-1.2684,0.0898262,0.698874,-1.2793,-0.000263665,0.00108771,1.39806e-05,-0.00109066,0.000612877,0.000641474,0.000713662,-0.00107046,-0.000219275,0.000537634,0.000274332,-0.00132591,
-3.95664,17.0661,18.5303,2.97238,10.3613,17.4251,-5.38287,-8.40923,11.2899,7.05763,-7.21843,7.63679,0,0,0,0,0,0,0,0,0,0,0,0,0.042716,0.484176,-1.46828,-0.0324651,0.609997,-1.52163,-0.0468413,0.814362,-1.47363,-0.0384944,0.830163,-1.41815,-0.0292308,0.794498,-1.13137,0.0215496,0.798398,-1.20481,-0.144696,0.661442,-1.26836,0.0898369,0.698924,-1.27931,-0.00031587,0.00117041,-0.000118889,-0.00114692,0.000564695,0.000729711,0.000606834,-0.000979385,-0.000339283,0.000433711,0.000195829,-0.0012029,
-3.95647,17.0653,18.5305,2.97393,10.3609,17.424,-5.38339,-8.40787,11.2919,7.05786,-7.21633,7.63761,0,0,0,0,0,0,0,0,0,0,0,0,0.0427107,0.484196,-1.46829,-0.0324837,0.610006,-1.52162,-0.0468322,0.814347,-1.47364,-0.038488,0.830166,-1.41817,-0.0292339,0.794504,-1.13137,0.0215581,0.7984,-1.20481,-0.144699,0.661453,-1.26833,0.0898457,0.698963,-1.27931,-0.000354491,0.00121914,-0.000200771,-0.00118839,0.000541986,0.000762286,0.000532855,-0.000937939,-0.000391817,0.000361159,0.000143145,-0.0011255,
-3.95634,17.0636,18.5309,2.97584,10.36,17.4222,-5.384,-8.40672,11.294,7.05802,-7.21412,7.63859,0,0,0,0,0,0,0,0,0,0,0,0,0.0427025,0.484223,-1.46829,-0.0325102,0.610018,-1.5216,-0.0468215,0.814327,-1.47365,-0.0384811,0.830168,-1.41819,-0.0292403,0.794503,-1.13137,0.0215656,0.798394,-1.20483,-0.144701,0.661456,-1.26831,0.0898538,0.699005,-1.27932,-0.000378632,0.0012929,-0.000300102,-0.00121624,0.000523249,0.000804919,0.000457754,-0.000865643,-0.000469494,0.000287747,9.14726e-05,-0.00103552,
-3.95627,17.062,18.5314,2.97774,10.3591,17.4203,-5.3845,-8.40543,11.296,7.05826,-7.2118,7.63937,0,0,0,0,0,0,0,0,0,0,0,0,0.0426942,0.484253,-1.4683,-0.032537,0.610029,-1.52158,-0.046812,0.814308,-1.47366,-0.0384753,0.830169,-1.41822,-0.0292476,0.794505,-1.13137,0.021573,0.798388,-1.20485,-0.144702,0.661462,-1.26828,0.0898624,0.699046,-1.27932,-0.000385495,0.00135383,-0.000384887,-0.00122698,0.000502152,0.000835279,0.000397211,-0.000818056,-0.000515716,0.000228409,2.56265e-05,-0.00093499,
-3.9563,17.0609,18.5316,2.97928,10.3584,17.4189,-5.38487,-8.40423,11.2977,7.05854,-7.20973,7.64015,0,0,0,0,0,0,0,0,0,0,0,0,0.0426873,0.484277,-1.46831,-0.0325591,0.610038,-1.52157,-0.0468053,0.814294,-1.47367,-0.0384717,0.830169,-1.41823,-0.0292554,0.79451,-1.13137,0.0215785,0.798384,-1.20486,-0.144704,0.66147,-1.26826,0.0898697,0.699083,-1.27933,-0.000399903,0.00139307,-0.00043757,-0.00124437,0.000491902,0.000841099,0.000341753,-0.000795251,-0.00053109,0.000173396,-2.21935e-05,-0.000866312,
-3.95629,17.0592,18.5321,2.98118,10.3573,17.4171,-5.38522,-8.40298,11.2997,7.05892,-7.20752,7.64108,0,0,0,0,0,0,0,0,0,0,0,0,0.0426783,0.484309,-1.46832,-0.0325867,0.610049,-1.52155,-0.0467986,0.814277,-1.47368,-0.0384686,0.830168,-1.41825,-0.0292646,0.794513,-1.13137,0.0215851,0.798377,-1.20487,-0.144705,0.661477,-1.26824,0.0898783,0.699122,-1.27933,-0.000410846,0.00144328,-0.000481684,-0.00125813,0.000496604,0.000842741,0.000286526,-0.000751163,-0.00055847,0.000118391,-4.44729e-05,-0.000819624,
-3.95649,17.0577,18.5325,2.98296,10.3563,17.4153,-5.38567,-8.40168,11.3016,7.0592,-7.20525,7.64194,0,0,0,0,0,0,0,0,0,0,0,0,0.0426696,0.484341,-1.46833,-0.0326141,0.61006,-1.52153,-0.0467925,0.814261,-1.47369,-0.0384662,0.830167,-1.41827,-0.0292763,0.794518,-1.13138,0.0215906,0.798369,-1.20488,-0.144707,0.661485,-1.26821,0.0898852,0.699161,-1.27933,-0.000385406,0.00148664,-0.000523807,-0.00123568,0.00049688,0.000839843,0.000266099,-0.000721382,-0.000571413,9.8116e-05,-8.06973e-05,-0.000760152,
-3.95671,17.0566,18.5327,2.98423,10.3555,17.4141,-5.38599,-8.40073,11.3028,7.0594,-7.2034,7.64259,0,0,0,0,0,0,0,0,0,0,0,0,0.0426637,0.484365,-1.46834,-0.0326336,0.610068,-1.52152,-0.0467882,0.814249,-1.4737,-0.0384647,0.830165,-1.41828,-0.0292856,0.794522,-1.13138,0.0215948,0.798362,-1.20489,-0.144709,0.661491,-1.2682,0.0898902,0.699192,-1.27933,-0.000365107,0.00151079,-0.0005441,-0.0012174,0.000497805,0.000830343,0.000253626,-0.000710777,-0.000566597,8.54899e-05,-0.000108271,-0.000719272,
-3.95683,17.0548,18.533,2.98606,10.3543,17.4123,-5.38626,-8.39955,11.3045,7.05982,-7.20133,7.64351,0,0,0,0,0,0,0,0,0,0,0,0,0.0426557,0.484398,-1.46835,-0.0326604,0.610079,-1.5215,-0.0467831,0.814234,-1.47371,-0.0384632,0.830163,-1.4183,-0.0292958,0.794525,-1.13139,0.0216012,0.798353,-1.20491,-0.14471,0.661498,-1.26818,0.0898984,0.699227,-1.27933,-0.000363725,0.0015399,-0.000543336,-0.00121781,0.000518398,0.00080634,0.000220188,-0.000688291,-0.000558271,5.1258e-05,-0.000105701,-0.000708563,
-3.9572,17.0531,18.5332,2.98771,10.3531,17.4107,-5.3867,-8.39842,11.3059,7.06004,-7.19918,7.64438,0,0,0,0,0,0,0,0,0,0,0,0,0.0426482,0.484433,-1.46836,-0.0326867,0.61009,-1.52148,-0.0467782,0.814219,-1.47373,-0.038462,0.83016,-1.41831,-0.0293089,0.794528,-1.1314,0.0216059,0.798341,-1.20492,-0.144712,0.661503,-1.26817,0.0899037,0.699263,-1.27933,-0.000318879,0.00156318,-0.000546355,-0.00117497,0.000529816,0.000783993,0.000227927,-0.000677458,-0.000542741,5.83516e-05,-0.000121905,-0.000679787,
-3.95757,17.0519,18.5333,2.98905,10.3521,17.4095,-5.38707,-8.39732,11.3071,7.06023,-7.19728,7.64519,0,0,0,0,0,0,0,0,0,0,0,0,0.0426429,0.484461,-1.46837,-0.0327074,0.6101,-1.52147,-0.0467739,0.814207,-1.47374,-0.0384608,0.830158,-1.41832,-0.0293201,0.794534,-1.1314,0.0216103,0.798333,-1.20493,-0.144715,0.661511,-1.26816,0.0899086,0.699295,-1.27932,-0.000289664,0.00157356,-0.000539501,-0.00114717,0.000542422,0.000753728,0.000231055,-0.000681061,-0.000516016,6.06518e-05,-0.000131656,-0.000666036,
-3.95796,17.0501,18.5333,2.99067,10.3506,17.4083,-5.3875,-8.39627,11.3083,7.06046,-7.19529,7.6463,0,0,0,0,0,0,0,0,0,0,0,0,0.0426368,0.484496,-1.46838,-0.0327324,0.610112,-1.52145,-0.0467689,0.814192,-1.47375,-0.0384596,0.830155,-1.41834,-0.0293329,0.794536,-1.13142,0.0216153,0.79832,-1.20493,-0.144718,0.661515,-1.26814,0.0899139,0.699329,-1.27932,-0.000270181,0.00158306,-0.000513088,-0.00112865,0.000570367,0.0007104,0.000227166,-0.000679327,-0.000485108,5.54259e-05,-0.000115244,-0.000681658,
-3.95853,17.0485,18.5331,2.99221,10.3494,17.4071,-5.38805,-8.39501,11.3095,7.06057,-7.19323,7.64739,0,0,0,0,0,0,0,0,0,0,0,0,0.0426315,0.48453,-1.46839,-0.0327567,0.610125,-1.52144,-0.0467636,0.814177,-1.47376,-0.0384581,0.830153,-1.41835,-0.0293474,0.794543,-1.13143,0.0216201,0.79831,-1.20494,-0.144722,0.661523,-1.26813,0.0899178,0.699364,-1.27931,-0.000224664,0.00158477,-0.000485964,-0.00108399,0.00058818,0.000674597,0.000250631,-0.000689137,-0.000446825,7.77137e-05,-0.000114164,-0.000681906,
-3.95898,17.0473,18.5329,2.99331,10.3483,17.4064,-5.38851,-8.39417,11.3102,7.06059,-7.19159,7.6483,0,0,0,0,0,0,0,0,0,0,0,0,0.0426282,0.484556,-1.4684,-0.0327737,0.610134,-1.52143,-0.0467594,0.814165,-1.47376,-0.0384566,0.830151,-1.41836,-0.0293583,0.794547,-1.13144,0.0216238,0.7983,-1.20494,-0.144726,0.661527,-1.26813,0.0899199,0.699392,-1.27931,-0.000197958,0.00158166,-0.000461234,-0.00105754,0.000602866,0.000645071,0.00026566,-0.000701479,-0.00041344,9.18107e-05,-0.000109711,-0.000688077,
-3.95949,17.0455,18.5325,2.99502,10.3467,17.4052,-5.3891,-8.39291,11.3113,7.06068,-7.18959,7.64956,0,0,0,0,0,0,0,0,0,0,0,0,0.0426237,0.484594,-1.46841,-0.0327988,0.610149,-1.52141,-0.0467528,0.814148,-1.47377,-0.0384543,0.830149,-1.41838,-0.0293713,0.794551,-1.13146,0.0216304,0.798287,-1.20495,-0.144729,0.661532,-1.26812,0.0899244,0.699427,-1.2793,-0.000172849,0.00157638,-0.000415637,-0.00103228,0.000634211,0.000599166,0.000282218,-0.000712376,-0.000370143,0.000106851,-8.01613e-05,-0.000722253,
-3.96007,17.0439,18.5322,2.99658,10.3455,17.4042,-5.38976,-8.39149,11.3124,7.06071,-7.18754,7.65075,0,0,0,0,0,0,0,0,0,0,0,0,0.0426205,0.484628,-1.46842,-0.0328209,0.610163,-1.5214,-0.0467462,0.814133,-1.47378,-0.0384515,0.830147,-1.4184,-0.029384,0.794557,-1.13147,0.0216377,0.79828,-1.20496,-0.144734,0.661542,-1.2681,0.0899286,0.699463,-1.2793,-0.000128868,0.0015675,-0.000381494,-0.000988233,0.000654878,0.000559871,0.000319197,-0.000730949,-0.000328175,0.000142677,-6.74633e-05,-0.000740154,
-3.9606,17.0427,18.5317,2.99762,10.3442,17.4038,-5.39038,-8.39076,11.3129,7.0606,-7.186,7.65183,0,0,0,0,0,0,0,0,0,0,0,0,0.0426187,0.484653,-1.46843,-0.0328364,0.610174,-1.52139,-0.0467408,0.814121,-1.47379,-0.038449,0.830146,-1.41841,-0.0293947,0.794559,-1.13149,0.0216417,0.798268,-1.20495,-0.144739,0.661543,-1.2681,0.0899298,0.69949,-1.27929,-0.000102849,0.00156154,-0.000352017,-0.000961823,0.00067501,0.000529009,0.000342886,-0.000740001,-0.000300816,0.000165481,-4.6988e-05,-0.000765525,
-3.96117,17.041,18.5311,2.99907,10.3427,17.4031,-5.39112,-8.38961,11.3136,7.06048,-7.18425,7.65317,0,0,0,0,0,0,0,0,0,0,0,0,0.0426168,0.484687,-1.46843,-0.0328572,0.610189,-1.52138,-0.0467329,0.814104,-1.47379,-0.038445,0.830145,-1.41843,-0.0294064,0.794562,-1.13151,0.021648,0.798257,-1.20496,-0.144744,0.661547,-1.26809,0.0899323,0.699522,-1.27928,-7.42918e-05,0.00154773,-0.000303732,-0.000932487,0.00070037,0.000491798,0.000372372,-0.000756791,-0.000258972,0.000193667,-1.77531e-05,-0.000802018,
-3.9619,17.0395,18.5303,3.00047,10.3414,17.4026,-5.392,-8.38822,11.3144,7.06027,-7.1823,7.65454,0,0,0,0,0,0,0,0,0,0,0,0,0.0426157,0.484721,-1.46844,-0.0328772,0.610205,-1.52137,-0.0467242,0.814087,-1.4738,-0.0384403,0.830145,-1.41844,-0.0294198,0.794569,-1.13153,0.0216544,0.798249,-1.20495,-0.14475,0.661555,-1.26808,0.0899341,0.699558,-1.27928,-3.77112e-05,0.00152594,-0.000260056,-0.000895294,0.000714148,0.000457421,0.000409657,-0.000789945,-0.000205993,0.000229766,-1.00423e-05,-0.000818827,
-3.96252,17.0377,18.5295,3.00184,10.3397,17.4022,-5.39289,-8.38744,11.3147,7.06006,-7.18056,7.65572,0,0,0,0,0,0,0,0,0,0,0,0,0.0426152,0.484755,-1.46844,-0.0328965,0.610221,-1.52136,-0.0467148,0.814073,-1.4738,-0.0384358,0.830145,-1.41846,-0.0294308,0.794569,-1.13154,0.0216607,0.798234,-1.20495,-0.144756,0.661554,-1.26808,0.0899352,0.699589,-1.27927,-1.12535e-05,0.00150692,-0.000215791,-0.000867938,0.000732478,0.000423344,0.000439859,-0.000811343,-0.000168916,0.000254007,5.07305e-06,-0.000841936,
-3.96312,17.0364,18.5286,3.00299,10.3385,17.4019,-5.39366,-8.38617,11.3152,7.05978,-7.17888,7.65719,0,0,0,0,0,0,0,0,0,0,0,0,0.0426153,0.484782,-1.46845,-0.0329119,0.610234,-1.52135,-0.0467066,0.814055,-1.4738,-0.0384299,0.830145,-1.41848,-0.0294413,0.794572,-1.13156,0.0216666,0.798226,-1.20495,-0.144762,0.661558,-1.26807,0.0899367,0.699621,-1.27926,5.64368e-06,0.00148892,-0.000177636,-0.000850146,0.00074485,0.000399709,0.000461622,-0.000835088,-0.000128587,0.000279727,2.6738e-05,-0.000874622,
-3.96375,17.0348,18.5276,3.00437,10.337,17.4015,-5.3946,-8.38495,11.3157,7.05947,-7.17709,7.65868,0,0,0,0,0,0,0,0,0,0,0,0,0.0426156,0.484814,-1.46845,-0.0329304,0.61025,-1.52134,-0.0466962,0.814036,-1.47381,-0.0384234,0.830146,-1.4185,-0.0294521,0.794575,-1.13159,0.0216737,0.798215,-1.20495,-0.144768,0.661561,-1.26807,0.0899381,0.699655,-1.27925,2.23998e-05,0.00146664,-0.000135652,-0.000832105,0.000758418,0.000375192,0.000488932,-0.000858631,-9.33328e-05,0.00030615,4.84491e-05,-0.000907667,
-3.96442,17.0334,18.5266,3.00577,10.3357,17.4012,-5.39564,-8.38355,11.3164,7.05911,-7.17517,7.66016,0,0,0,0,0,0,0,0,0,0,0,0,0.0426164,0.484846,-1.46845,-0.0329484,0.610267,-1.52134,-0.046685,0.814017,-1.47381,-0.0384163,0.830147,-1.41852,-0.0294628,0.79458,-1.13161,0.0216819,0.798208,-1.20495,-0.144774,0.661567,-1.26806,0.0899398,0.699691,-1.27925,4.74411e-05,0.00144597,-0.000103312,-0.000805933,0.000766659,0.000356044,0.000523968,-0.000880747,-6.50639e-05,0.00034057,6.26747e-05,-0.000932498,
-3.96505,17.0322,18.5257,3.00688,10.3345,17.4013,-5.39661,-8.38249,11.3169,7.05875,-7.17355,7.66162,0,0,0,0,0,0,0,0,0,0,0,0,0.0426174,0.484872,-1.46846,-0.0329627,0.610281,-1.52133,-0.0466753,0.814001,-1.47381,-0.0384099,0.830148,-1.41853,-0.0294729,0.794583,-1.13163,0.021688,0.7982,-1.20494,-0.144782,0.66157,-1.26805,0.0899401,0.699722,-1.27924,5.70127e-05,0.00143155,-7.74472e-05,-0.000795268,0.000777434,0.000338589,0.000543544,-0.000893188,-4.77905e-05,0.000359663,8.29792e-05,-0.000962223,
-3.96556,17.0305,18.5246,3.00835,10.3329,17.401,-5.39763,-8.38129,11.3174,7.05841,-7.17187,7.66322,0,0,0,0,0,0,0,0,0,0,0,0,0.0426186,0.484903,-1.46846,-0.0329802,0.610298,-1.52132,-0.0466632,0.813981,-1.47381,-0.0384019,0.830151,-1.41856,-0.0294812,0.794584,-1.13165,0.0216971,0.79819,-1.20494,-0.144788,0.661571,-1.26804,0.0899422,0.699756,-1.27923,5.06876e-05,0.00141697,-4.30155e-05,-0.000799759,0.000795221,0.000324486,0.000555981,-0.00090008,-3.30256e-05,0.000371579,0.000120891,-0.0010076,
-3.9662,17.029,18.5235,3.00972,10.3315,17.4007,-5.39875,-8.37998,11.3179,7.05794,-7.17003,7.66469,0,0,0,0,0,0,0,0,0,0,0,0,0.04262,0.484934,-1.46846,-0.0329976,0.610316,-1.52132,-0.0466506,0.813961,-1.47381,-0.0383933,0.830153,-1.41858,-0.0294909,0.794587,-1.13167,0.0217052,0.798181,-1.20494,-0.144795,0.661575,-1.26803,0.0899431,0.699792,-1.27923,7.33566e-05,0.001399,-2.49224e-05,-0.000776067,0.000794277,0.000318367,0.000589403,-0.00092213,-1.07899e-05,0.000404805,0.000121123,-0.00101367,
-3.96667,17.0278,18.5226,3.01074,10.3304,17.4007,-5.39964,-8.37909,11.3182,7.05758,-7.16851,7.66585,0,0,0,0,0,0,0,0,0,0,0,0,0.0426213,0.484956,-1.46846,-0.0330098,0.610329,-1.52131,-0.046641,0.813946,-1.47381,-0.0383866,0.830155,-1.41859,-0.0294979,0.794587,-1.13168,0.0217117,0.798174,-1.20493,-0.144801,0.661575,-1.26802,0.0899435,0.699822,-1.27922,8.26926e-05,0.00138622,-1.41965e-05,-0.000766053,0.000794071,0.000310368,0.000606127,-0.000938424,4.34683e-06,0.000421386,0.000121611,-0.00102046,
-3.96722,17.0264,18.5214,3.01214,10.329,17.4006,-5.40075,-8.37773,11.3188,7.05716,-7.16683,7.66757,0,0,0,0,0,0,0,0,0,0,0,0,0.042623,0.484987,-1.46846,-0.0330268,0.610346,-1.5213,-0.0466276,0.813925,-1.47381,-0.0383773,0.830158,-1.41862,-0.0295066,0.794591,-1.13171,0.02172,0.798167,-1.20493,-0.144808,0.661579,-1.26801,0.0899454,0.699856,-1.27921,6.98787e-05,0.00137202,7.41375e-06,-0.000777514,0.000803753,0.00029932,0.000609365,-0.000946544,1.22102e-05,0.000424328,0.000147273,-0.001056,
-3.96784,17.0246,18.5202,3.01368,10.3275,17.4003,-5.40198,-8.37631,11.3195,7.05665,-7.16486,7.66919,0,0,0,0,0,0,0,0,0,0,0,0,0.0426248,0.485019,-1.46846,-0.0330453,0.610365,-1.5213,-0.0466127,0.813902,-1.47381,-0.0383669,0.830162,-1.41864,-0.0295157,0.794592,-1.13173,0.0217299,0.798159,-1.20493,-0.144815,0.661582,-1.268,0.0899471,0.699895,-1.27921,8.30967e-05,0.00135826,1.46084e-05,-0.000763467,0.000799336,0.000298178,0.000632362,-0.000960726,1.97567e-05,0.000447371,0.000146499,-0.0010621,
-3.96824,17.0236,18.5195,3.01482,10.3267,17.4002,-5.40287,-8.37518,11.3201,7.05636,-7.16322,7.67039,0,0,0,0,0,0,0,0,0,0,0,0,0.0426262,0.485041,-1.46846,-0.0330575,0.610378,-1.52129,-0.0466025,0.813887,-1.47381,-0.0383596,0.830164,-1.41866,-0.0295217,0.794595,-1.13174,0.0217382,0.798155,-1.20492,-0.14482,0.661587,-1.26799,0.0899492,0.699928,-1.27921,8.0469e-05,0.00135016,1.89484e-05,-0.000765383,0.000799492,0.000294671,0.000638107,-0.000968455,2.34743e-05,0.000453163,0.000151269,-0.00107201,
-3.96878,17.0221,18.5182,3.01622,10.3252,17.4002,-5.40404,-8.3739,11.3208,7.05592,-7.16152,7.67214,0,0,0,0,0,0,0,0,0,0,0,0,0.0426278,0.485071,-1.46846,-0.0330744,0.610396,-1.52128,-0.0465884,0.813866,-1.47381,-0.0383496,0.830168,-1.41868,-0.02953,0.794597,-1.13176,0.0217465,0.798148,-1.20492,-0.144828,0.661589,-1.26798,0.0899511,0.699963,-1.2792,7.0536e-05,0.00134358,3.18836e-05,-0.000774127,0.000804826,0.000295815,0.000639898,-0.000964831,1.71594e-05,0.000454965,0.000173223,-0.00109891,
-3.96934,17.0205,18.5171,3.01761,10.3238,17.3999,-5.40523,-8.37267,11.3214,7.05541,-7.1597,7.67368,0,0,0,0,0,0,0,0,0,0,0,0,0.0426294,0.4851,-1.46846,-0.0330914,0.610413,-1.52128,-0.0465742,0.813844,-1.47381,-0.0383395,0.830172,-1.41871,-0.0295384,0.794598,-1.13178,0.021755,0.798139,-1.20491,-0.144835,0.66159,-1.26797,0.0899523,0.699999,-1.27919,7.54902e-05,0.00133565,3.69045e-05,-0.000768358,0.000798624,0.000304986,0.000651768,-0.000970062,1.72857e-05,0.000467031,0.000172031,-0.00109917,
-3.96973,17.0192,18.5162,3.01883,10.3227,17.3997,-5.40618,-8.37158,11.3219,7.05503,-7.158,7.67494,0,0,0,0,0,0,0,0,0,0,0,0,0.0426308,0.485124,-1.46845,-0.0331052,0.610428,-1.52127,-0.0465624,0.813827,-1.47381,-0.038331,0.830174,-1.41873,-0.0295444,0.794598,-1.1318,0.0217633,0.798133,-1.20491,-0.14484,0.661592,-1.26796,0.089954,0.700033,-1.27919,6.92056e-05,0.00132643,3.8515e-05,-0.000774073,0.000792049,0.000308215,0.000651953,-0.000982329,2.4726e-05,0.000467343,0.000165072,-0.00109502,
-3.97023,17.0178,18.5149,3.02025,10.3213,17.3997,-5.40734,-8.37024,11.3225,7.05459,-7.15627,7.67665,0,0,0,0,0,0,0,0,0,0,0,0,0.0426321,0.485153,-1.46845,-0.0331225,0.610445,-1.52127,-0.0465482,0.813805,-1.47381,-0.0383208,0.830178,-1.41875,-0.0295527,0.794601,-1.13182,0.0217714,0.798125,-1.20491,-0.144847,0.661594,-1.26794,0.0899559,0.700069,-1.27918,5.0358e-05,0.00131996,4.2417e-05,-0.000791976,0.000791434,0.000312797,0.000644189,-0.000983672,2.03558e-05,0.000459746,0.000174879,-0.00110841,
-3.97071,17.0164,18.514,3.02175,10.3202,17.3993,-5.40847,-8.36876,11.3234,7.05416,-7.15428,7.67808,0,0,0,0,0,0,0,0,0,0,0,0,0.0426333,0.485182,-1.46845,-0.0331398,0.610462,-1.52126,-0.0465339,0.813783,-1.47381,-0.0383106,0.830182,-1.41878,-0.02956,0.794604,-1.13183,0.0217815,0.798122,-1.20491,-0.144853,0.661599,-1.26793,0.0899586,0.700108,-1.27918,5.56623e-05,0.00131456,3.29316e-05,-0.000786337,0.000778277,0.000324909,0.000653248,-0.00099034,1.61408e-05,0.000469238,0.000159786,-0.00109426,
-3.97112,17.0155,18.5132,3.02283,10.3194,17.3993,-5.4094,-8.36764,11.3241,7.05384,-7.15265,7.67934,0,0,0,0,0,0,0,0,0,0,0,0,0.0426342,0.485203,-1.46845,-0.0331523,0.610475,-1.52125,-0.0465234,0.813767,-1.47381,-0.0383031,0.830184,-1.41879,-0.0295667,0.794608,-1.13185,0.0217885,0.798119,-1.2049,-0.14486,0.661604,-1.26791,0.0899603,0.70014,-1.27918,5.1679e-05,0.00131298,2.81034e-05,-0.000789942,0.000772928,0.000331657,0.000652031,-0.000989903,9.57308e-06,0.000468311,0.000156713,-0.00109201,
-3.9715,17.0138,18.5121,3.02433,10.3179,17.3989,-5.41048,-8.3665,11.3248,7.05346,-7.15096,7.681,0,0,0,0,0,0,0,0,0,0,0,0,0.0426351,0.485232,-1.46845,-0.03317,0.610492,-1.52125,-0.0465093,0.813746,-1.47381,-0.038293,0.830188,-1.41882,-0.0295734,0.794607,-1.13187,0.0217974,0.798109,-1.2049,-0.144866,0.661603,-1.2679,0.0899631,0.700175,-1.27917,2.69856e-05,0.00131832,3.28231e-05,-0.00081357,0.000779295,0.000343194,0.000635171,-0.000968827,-1.31723e-05,0.000451693,0.000183033,-0.00111651,
-3.97205,17.0123,18.5111,3.02591,10.3166,17.3985,-5.4117,-8.36491,11.3258,7.05301,-7.14893,7.68262,0,0,0,0,0,0,0,0,0,0,0,0,0.0426357,0.485264,-1.46845,-0.0331895,0.61051,-1.52124,-0.046494,0.813723,-1.47381,-0.0382821,0.830192,-1.41884,-0.0295825,0.794611,-1.13189,0.0218068,0.798105,-1.2049,-0.144873,0.661609,-1.26788,0.0899659,0.700216,-1.27917,3.20609e-05,0.00131891,1.80055e-05,-0.000808374,0.00076635,0.000358908,0.000640772,-0.000969901,-2.10237e-05,0.000457818,0.000165711,-0.00109549,
-3.97235,17.0112,18.5104,3.02708,10.3157,17.3983,-5.41255,-8.36387,11.3265,7.05274,-7.14725,7.68373,0,0,0,0,0,0,0,0,0,0,0,0,0.0426362,0.485285,-1.46845,-0.0332024,0.610522,-1.52123,-0.0464837,0.813707,-1.47381,-0.0382748,0.830195,-1.41886,-0.0295878,0.794612,-1.1319,0.0218148,0.798099,-1.2049,-0.144878,0.661612,-1.26787,0.0899681,0.700249,-1.27916,2.12076e-05,0.00131876,8.51851e-06,-0.000819028,0.000762148,0.0003613,0.00063245,-0.000974249,-2.05316e-05,0.000449741,0.00015779,-0.00108661,
-3.97272,17.0096,18.5094,3.02858,10.3144,17.3978,-5.41358,-8.36259,11.3273,7.05241,-7.14546,7.68527,0,0,0,0,0,0,0,0,0,0,0,0,0.0426365,0.485314,-1.46845,-0.0332207,0.610539,-1.52122,-0.04647,0.813686,-1.47381,-0.038265,0.830198,-1.41889,-0.0295947,0.794613,-1.13192,0.0218236,0.798092,-1.2049,-0.144883,0.661615,-1.26786,0.0899715,0.700285,-1.27916,4.68711e-06,0.00132401,2.21584e-06,-0.00083511,0.000762534,0.000369743,0.000619166,-0.000963716,-3.38077e-05,0.000436752,0.000164414,-0.00109006,
-3.97319,17.0081,18.5085,3.03005,10.3131,17.3974,-5.41467,-8.36125,11.3282,7.05201,-7.14356,7.68672,0,0,0,0,0,0,0,0,0,0,0,0,0.0426367,0.485343,-1.46845,-0.033239,0.610556,-1.52122,-0.0464564,0.813664,-1.47381,-0.0382554,0.830202,-1.41891,-0.029603,0.794615,-1.13193,0.0218321,0.798086,-1.2049,-0.144889,0.661618,-1.26784,0.089974,0.700323,-1.27916,1.02079e-05,0.00132978,-1.31613e-05,-0.000829615,0.000754642,0.000381721,0.000622232,-0.000956927,-4.711e-05,0.000440288,0.000153881,-0.00107525,
-3.97356,17.0068,18.5078,3.03129,10.312,17.3971,-5.41557,-8.36019,11.3288,7.05171,-7.14184,7.68793,0,0,0,0,0,0,0,0,0,0,0,0,0.0426369,0.485367,-1.46845,-0.0332539,0.610569,-1.52121,-0.0464452,0.813647,-1.47381,-0.0382475,0.830204,-1.41893,-0.0296096,0.794616,-1.13195,0.0218396,0.798079,-1.2049,-0.144895,0.66162,-1.26783,0.0899762,0.700356,-1.27915,4.7536e-06,0.00133177,-2.48835e-05,-0.000835191,0.000749265,0.000383864,0.000614856,-0.000958764,-4.93282e-05,0.000433142,0.00014299,-0.00106343,
-3.97395,17.0054,18.5069,3.03282,10.3107,17.3967,-5.41659,-8.35886,11.3298,7.05142,-7.14002,7.68952,0,0,0,0,0,0,0,0,0,0,0,0,0.0426367,0.485396,-1.46845,-0.0332725,0.610586,-1.5212,-0.0464319,0.813626,-1.47381,-0.0382382,0.830208,-1.41895,-0.0296173,0.794618,-1.13196,0.0218483,0.798073,-1.20489,-0.1449,0.661623,-1.26782,0.0899798,0.700393,-1.27915,-1.62026e-05,0.00133687,-3.19408e-05,-0.00085585,0.000751626,0.000386346,0.000596582,-0.000949864,-6.06783e-05,0.000415069,0.000150514,-0.00106982,
-3.97445,17.0039,18.5061,3.03429,10.3095,17.3963,-5.41768,-8.35745,11.3307,7.05103,-7.13804,7.69093,0,0,0,0,0,0,0,0,0,0,0,0,0.0426365,0.485426,-1.46845,-0.0332912,0.610602,-1.52119,-0.0464187,0.813605,-1.47381,-0.038229,0.830211,-1.41897,-0.0296265,0.794622,-1.13198,0.0218565,0.798067,-1.20489,-0.144907,0.661628,-1.2678,0.089982,0.700431,-1.27915,-8.78472e-06,0.00133996,-4.82165e-05,-0.00084869,0.000740309,0.000396198,0.000599381,-0.000950808,-6.61185e-05,0.000418268,0.000130614,-0.00104642,
-3.97474,17.0028,18.5055,3.03545,10.3086,17.3959,-5.41845,-8.3565,11.3313,7.05082,-7.13642,7.69198,0,0,0,0,0,0,0,0,0,0,0,0,0.0426364,0.485447,-1.46845,-0.0333048,0.610614,-1.52119,-0.0464091,0.81359,-1.47381,-0.0382223,0.830213,-1.41899,-0.029632,0.794622,-1.13199,0.0218639,0.798061,-1.20489,-0.144912,0.66163,-1.26779,0.0899846,0.700463,-1.27914,-1.43309e-05,0.00134131,-5.41959e-05,-0.000854175,0.000735259,0.000401247,0.000591793,-0.000951312,-6.745e-05,0.000410869,0.000122201,-0.00103598,
-3.97509,17.0012,18.5046,3.03696,10.3072,17.3953,-5.4194,-8.35532,11.3321,7.05055,-7.13468,7.69348,0,0,0,0,0,0,0,0,0,0,0,0,0.0426358,0.485477,-1.46846,-0.0333238,0.61063,-1.52118,-0.0463964,0.813569,-1.47382,-0.0382135,0.830215,-1.41901,-0.0296394,0.794623,-1.13201,0.0218718,0.798052,-1.20489,-0.144916,0.661631,-1.26778,0.089988,0.700497,-1.27914,-3.3218e-05,0.00134784,-5.24578e-05,-0.000872542,0.000738648,0.00041036,0.000573716,-0.000934938,-8.28458e-05,0.000392952,0.000136311,-0.00104667,
-3.97559,16.9996,18.5038,3.03858,10.306,17.3947,-5.42047,-8.35373,11.3333,7.05021,-7.13259,7.69491,0,0,0,0,0,0,0,0,0,0,0,0,0.0426352,0.485509,-1.46846,-0.0333446,0.610648,-1.52117,-0.0463825,0.813547,-1.47382,-0.038204,0.830218,-1.41904,-0.0296488,0.794626,-1.13202,0.0218809,0.798047,-1.2049,-0.144922,0.661637,-1.26776,0.0899916,0.700538,-1.27914,-1.9139e-05,0.00135124,-6.91219e-05,-0.000858874,0.000726041,0.000420518,0.000580737,-0.000934904,-8.98989e-05,0.000400372,0.000114474,-0.00102184,
-3.97591,16.9986,18.5032,3.03976,10.3051,17.3944,-5.42125,-8.35263,11.3341,7.05004,-7.13087,7.69606,0,0,0,0,0,0,0,0,0,0,0,0,0.0426349,0.485531,-1.46846,-0.0333583,0.610659,-1.52116,-0.0463732,0.813532,-1.47382,-0.0381976,0.83022,-1.41906,-0.029655,0.79463,-1.13204,0.0218885,0.798043,-1.2049,-0.144927,0.661642,-1.26774,0.0899947,0.700571,-1.27913,-2.66163e-05,0.00135334,-7.65054e-05,-0.000866393,0.000725333,0.000417294,0.000571572,-0.000935023,-9.16287e-05,0.00039131,0.000110894,-0.00101898,
-3.97638,16.9971,18.5023,3.04122,10.3038,17.3941,-5.42227,-8.35143,11.3349,7.04973,-7.12911,7.69766,0,0,0,0,0,0,0,0,0,0,0,0,0.0426341,0.485561,-1.46846,-0.0333775,0.610675,-1.52115,-0.0463608,0.813511,-1.47382,-0.0381892,0.830223,-1.41908,-0.0296646,0.794632,-1.13206,0.0218954,0.798035,-1.20489,-0.144934,0.661644,-1.26773,0.0899972,0.700606,-1.27913,-3.77313e-05,0.0013605,-7.69981e-05,-0.00087725,0.000730541,0.000419325,0.000559082,-0.000920954,-0.000103869,0.000378883,0.000123068,-0.00102895,
-3.97681,16.9954,18.5016,3.04273,10.3025,17.3934,-5.42325,-8.35017,11.3358,7.04942,-7.12717,7.69899,0,0,0,0,0,0,0,0,0,0,0,0,0.0426334,0.485591,-1.46846,-0.0333967,0.610691,-1.52114,-0.0463485,0.813491,-1.47382,-0.0381808,0.830225,-1.4191,-0.0296729,0.794633,-1.13207,0.021904,0.798027,-1.2049,-0.144939,0.661647,-1.26772,0.09,0.700643,-1.27913,-3.03562e-05,0.00136427,-8.45041e-05,-0.000869914,0.000724023,0.000428245,0.000561767,-0.000919064,-0.000106567,0.000381804,0.000111147,-0.00101191,
-3.9771,16.9942,18.501,3.04407,10.3015,17.3927,-5.42401,-8.34892,11.3367,7.04928,-7.12536,7.70003,0,0,0,0,0,0,0,0,0,0,0,0,0.0426329,0.485615,-1.46846,-0.0334123,0.610704,-1.52113,-0.0463384,0.813475,-1.47383,-0.0381739,0.830227,-1.41912,-0.0296788,0.794636,-1.13208,0.0219126,0.798023,-1.2049,-0.144943,0.661653,-1.2677,0.0900041,0.700678,-1.27912,-3.4508e-05,0.00136365,-8.8855e-05,-0.000874096,0.000719685,0.000428803,0.000555218,-0.000924873,-0.000100843,0.000375332,0.000100314,-0.000999761,
-3.97755,16.9928,18.5001,3.04556,10.3002,17.3923,-5.425,-8.34765,11.3376,7.04901,-7.12355,7.70165,0,0,0,0,0,0,0,0,0,0,0,0,0.042632,0.485645,-1.46846,-0.0334317,0.61072,-1.52112,-0.0463263,0.813454,-1.47383,-0.0381658,0.830229,-1.41914,-0.0296881,0.794639,-1.1321,0.02192,0.798015,-1.2049,-0.144949,0.661656,-1.26769,0.0900072,0.700713,-1.27912,-4.20773e-05,0.00137241,-9.01292e-05,-0.000881394,0.000728747,0.000426511,0.000546941,-0.000908055,-0.000115605,0.000367111,0.000117875,-0.00101599,
-3.97806,16.9913,18.4994,3.04704,10.299,17.3918,-5.42602,-8.34628,11.3386,7.04869,-7.12158,7.70304,0,0,0,0,0,0,0,0,0,0,0,0,0.0426313,0.485676,-1.46847,-0.0334508,0.610736,-1.52111,-0.0463142,0.813435,-1.47383,-0.0381576,0.830232,-1.41916,-0.0296977,0.794642,-1.13211,0.0219282,0.798009,-1.2049,-0.144955,0.661661,-1.26767,0.0900098,0.700751,-1.27911,-2.65381e-05,0.00137745,-9.98859e-05,-0.000866144,0.000724929,0.000428227,0.00055575,-0.000905293,-0.000119474,0.000376083,0.000107491,-0.00100274,
-3.97848,16.9896,18.4987,3.04847,10.2979,17.3915,-5.42681,-8.34545,11.3392,7.04847,-7.11985,7.70416,0,0,0,0,0,0,0,0,0,0,0,0,0.0426308,0.485706,-1.46847,-0.0334698,0.610748,-1.52111,-0.0463052,0.81342,-1.47383,-0.0381516,0.830233,-1.41918,-0.029706,0.794643,-1.13213,0.0219351,0.798,-1.2049,-0.144961,0.661662,-1.26767,0.0900118,0.700784,-1.27911,-3.05031e-05,0.00137793,-0.000101187,-0.000870201,0.000724026,0.000425438,0.000551549,-0.000908609,-0.000114447,0.000371876,0.000101551,-0.000995865,
-3.97886,16.9884,18.498,3.04979,10.2966,17.3908,-5.42774,-8.34395,11.3402,7.04823,-7.11798,7.70558,0,0,0,0,0,0,0,0,0,0,0,0,0.0426303,0.485731,-1.46847,-0.0334855,0.610765,-1.5211,-0.0462921,0.813398,-1.47383,-0.0381428,0.830236,-1.4192,-0.0297135,0.794645,-1.13214,0.0219434,0.797994,-1.2049,-0.144965,0.661667,-1.26765,0.0900159,0.70082,-1.27911,-3.38015e-05,0.00137662,-9.91191e-05,-0.000873493,0.000722088,0.000422814,0.000540729,-0.000913995,-0.000105594,0.000360906,9.45758e-05,-0.000988716,
-3.97928,16.9869,18.4972,3.05131,10.2953,17.3902,-5.42869,-8.34262,11.3411,7.048,-7.11608,7.70705,0,0,0,0,0,0,0,0,0,0,0,0,0.0426295,0.485761,-1.46847,-0.0335048,0.610781,-1.52109,-0.0462803,0.813378,-1.47384,-0.0381349,0.830238,-1.41922,-0.029722,0.794648,-1.13216,0.0219517,0.797987,-1.2049,-0.14497,0.661671,-1.26764,0.0900195,0.700857,-1.2791,-3.71076e-05,0.00138079,-9.75444e-05,-0.000876408,0.000727142,0.000423107,0.000537911,-0.00090515,-0.000112208,0.00035814,0.000104983,-0.000997331,
-3.97978,16.9853,18.4964,3.05279,10.294,17.3897,-5.4297,-8.34134,11.342,7.04768,-7.11416,7.7085,0,0,0,0,0,0,0,0,0,0,0,0,0.0426288,0.485791,-1.46848,-0.0335239,0.610797,-1.52108,-0.0462684,0.813358,-1.47384,-0.0381269,0.83024,-1.41925,-0.0297315,0.79465,-1.13218,0.0219597,0.797978,-1.2049,-0.144976,0.661675,-1.26762,0.0900219,0.700895,-1.2791,-2.82834e-05,0.00138448,-0.000101413,-0.000867484,0.000728501,0.000422419,0.000544847,-0.00090115,-0.000115612,0.000365174,0.00010533,-0.000995695,
-3.98016,16.9844,18.4958,3.05391,10.2932,17.3894,-5.43046,-8.34022,11.3428,7.04749,-7.1125,7.70958,0,0,0,0,0,0,0,0,0,0,0,0,0.0426284,0.485814,-1.46848,-0.0335377,0.610809,-1.52107,-0.0462596,0.813344,-1.47384,-0.038121,0.830242,-1.41926,-0.0297386,0.794655,-1.13219,0.0219664,0.797975,-1.2049,-0.144981,0.661681,-1.26761,0.0900245,0.700926,-1.27909,-2.28738e-05,0.00138384,-0.000102812,-0.000862062,0.000726497,0.000420447,0.000547556,-0.000904981,-0.000111228,0.000367899,9.88677e-05,-0.00098903,
-3.98056,16.9826,18.495,3.05542,10.2917,17.3889,-5.43139,-8.33911,11.3436,7.04725,-7.11076,7.71106,0,0,0,0,0,0,0,0,0,0,0,0,0.0426278,0.485844,-1.46848,-0.0335568,0.610825,-1.52106,-0.0462476,0.813324,-1.47384,-0.038113,0.830244,-1.41928,-0.0297467,0.794654,-1.13221,0.0219745,0.797965,-1.2049,-0.144987,0.661681,-1.2676,0.0900277,0.70096,-1.27909,-3.25529e-05,0.00138778,-9.59674e-05,-0.000871258,0.000735766,0.000416924,0.000539087,-0.000895721,-0.000114988,0.000359313,0.000115565,-0.00100443,
-3.98114,16.981,18.4941,3.05697,10.2903,17.3884,-5.43247,-8.33764,11.3444,7.04688,-7.10875,7.71257,0,0,0,0,0,0,0,0,0,0,0,0,0.0426272,0.485877,-1.46848,-0.0335775,0.610842,-1.52105,-0.0462346,0.813302,-1.47385,-0.0381043,0.830247,-1.41931,-0.0297576,0.794658,-1.13223,0.0219824,0.797957,-1.2049,-0.144993,0.661686,-1.26758,0.0900301,0.700999,-1.27909,-1.94772e-05,0.00138492,-9.72719e-05,-0.000858294,0.000730094,0.000416479,0.000547914,-0.000905523,-0.000103964,0.000368128,0.000100472,-0.000987956,
-3.98147,16.9799,18.4936,3.05814,10.2894,17.388,-5.43321,-8.3366,11.3452,7.0467,-7.10707,7.71364,0,0,0,0,0,0,0,0,0,0,0,0,0.042627,0.485899,-1.46848,-0.0335912,0.610854,-1.52105,-0.0462258,0.813288,-1.47385,-0.0380984,0.830248,-1.41932,-0.029764,0.79466,-1.13224,0.0219899,0.797952,-1.2049,-0.144998,0.66169,-1.26757,0.0900326,0.701031,-1.27908,-2.21959e-05,0.00138244,-9.65459e-05,-0.000860813,0.000729899,0.000412096,0.000545523,-0.00091247,-9.55853e-05,0.000365702,9.66238e-05,-0.000984657,
-3.98193,16.9783,18.4926,3.05959,10.288,17.3875,-5.43417,-8.33539,11.3459,7.04643,-7.10533,7.71515,0,0,0,0,0,0,0,0,0,0,0,0,0.0426264,0.48593,-1.46848,-0.0336102,0.61087,-1.52104,-0.0462139,0.813268,-1.47385,-0.0380904,0.83025,-1.41935,-0.029773,0.794662,-1.13226,0.0219971,0.797943,-1.2049,-0.145003,0.661693,-1.26756,0.0900355,0.701065,-1.27908,-2.79273e-05,0.00138304,-8.76686e-05,-0.000865991,0.000735212,0.000412358,0.000541446,-0.000906952,-9.69038e-05,0.000361544,0.000108722,-0.000995731,
-3.98242,16.9767,18.4918,3.06104,10.2867,17.3869,-5.43515,-8.33413,11.3467,7.04609,-7.10344,7.71648,0,0,0,0,0,0,0,0,0,0,0,0,0.042626,0.48596,-1.46849,-0.0336291,0.610886,-1.52103,-0.0462018,0.813248,-1.47385,-0.0380823,0.830253,-1.41937,-0.0297819,0.794663,-1.13227,0.022005,0.797935,-1.2049,-0.145009,0.661695,-1.26755,0.0900378,0.701102,-1.27907,-1.35036e-05,0.00138216,-8.78923e-05,-0.00085143,0.000730652,0.000416606,0.00055315,-0.000909173,-9.47641e-05,0.000373346,0.000100759,-0.000985822,
-3.98286,16.9756,18.4911,3.06226,10.2856,17.3867,-5.43602,-8.33297,11.3474,7.04583,-7.10171,7.71772,0,0,0,0,0,0,0,0,0,0,0,0,0.0426258,0.485985,-1.46849,-0.0336443,0.610899,-1.52102,-0.0461918,0.813231,-1.47385,-0.0380755,0.830254,-1.41938,-0.0297901,0.794667,-1.13229,0.0220119,0.797929,-1.2049,-0.145015,0.6617,-1.26754,0.0900398,0.701135,-1.27907,-1.29744e-05,0.00137892,-8.80241e-05,-0.000850832,0.000728964,0.000411953,0.000552855,-0.000916319,-8.79129e-05,0.000373019,9.5144e-05,-0.000982195,
-3.98325,16.974,18.4903,3.06379,10.2842,17.3861,-5.43695,-8.33173,11.3482,7.04559,-7.09994,7.71922,0,0,0,0,0,0,0,0,0,0,0,0,0.0426253,0.486015,-1.46849,-0.0336632,0.610915,-1.52101,-0.0461798,0.813211,-1.47386,-0.0380675,0.830257,-1.41941,-0.0297981,0.794667,-1.1323,0.0220204,0.79792,-1.2049,-0.14502,0.661702,-1.26752,0.0900433,0.70117,-1.27906,-2.91309e-05,0.00137883,-7.9749e-05,-0.000866379,0.000737313,0.000406624,0.000540919,-0.000911478,-8.95604e-05,0.000360942,0.000112304,-0.00100118,
-3.98376,16.9725,18.4895,3.06525,10.283,17.3856,-5.43797,-8.33031,11.3492,7.04527,-7.098,7.72061,0,0,0,0,0,0,0,0,0,0,0,0,0.0426248,0.486046,-1.46849,-0.0336821,0.610932,-1.521,-0.0461677,0.813191,-1.47386,-0.0380594,0.830259,-1.41943,-0.0298075,0.794671,-1.13232,0.0220285,0.797914,-1.2049,-0.145026,0.661708,-1.26751,0.0900458,0.701207,-1.27906,-1.42488e-05,0.001378,-8.50466e-05,-0.000851423,0.000732846,0.000408517,0.000554789,-0.000914745,-8.90659e-05,0.000374983,0.000103632,-0.000991776,
-3.98414,16.9713,18.4888,3.06633,10.282,17.3853,-5.43874,-8.32945,11.3497,7.045,-7.09639,7.72164,0,0,0,0,0,0,0,0,0,0,0,0,0.0426248,0.486068,-1.46849,-0.0336956,0.610943,-1.521,-0.0461587,0.813176,-1.47386,-0.0380533,0.830261,-1.41944,-0.0298143,0.794671,-1.13233,0.0220348,0.797907,-1.2049,-0.145031,0.661709,-1.2675,0.0900472,0.701238,-1.27906,-6.7536e-06,0.0013758,-8.71421e-05,-0.000843927,0.000728928,0.000406917,0.000559774,-0.000920422,-8.46878e-05,0.000380012,9.4884e-05,-0.000984118,
-3.98457,16.9698,18.4879,3.0678,10.2807,17.3849,-5.43969,-8.32816,11.3505,7.04474,-7.09467,7.72321,0,0,0,0,0,0,0,0,0,0,0,0,0.0426244,0.486098,-1.4685,-0.0337143,0.610959,-1.52099,-0.0461466,0.813156,-1.47386,-0.0380451,0.830263,-1.41947,-0.0298228,0.794674,-1.13235,0.0220424,0.797899,-1.2049,-0.145036,0.661712,-1.26749,0.0900503,0.701272,-1.27905,-2.23197e-05,0.0013751,-7.64357e-05,-0.000858877,0.00073657,0.000403343,0.0005477,-0.000913442,-8.91901e-05,0.000367793,0.000113723,-0.0010057,
-3.98508,16.9683,18.4872,3.06928,10.2795,17.3844,-5.44069,-8.32673,11.3515,7.04445,-7.09273,7.7246,0,0,0,0,0,0,0,0,0,0,0,0,0.0426241,0.486128,-1.4685,-0.0337331,0.610975,-1.52098,-0.0461344,0.813136,-1.47386,-0.0380369,0.830265,-1.41949,-0.0298322,0.794678,-1.13237,0.0220509,0.797894,-1.2049,-0.145042,0.661718,-1.26747,0.0900534,0.701309,-1.27905,-1.01122e-05,0.00137274,-7.88756e-05,-0.000846618,0.000730705,0.000405656,0.000557547,-0.000916795,-8.92195e-05,0.00037775,0.000104977,-0.00099808,
-3.98548,16.9672,18.4865,3.07053,10.2785,17.384,-5.44154,-8.32557,11.3522,7.04421,-7.09098,7.72579,0,0,0,0,0,0,0,0,0,0,0,0,0.042624,0.486153,-1.4685,-0.0337482,0.610988,-1.52097,-0.0461243,0.813119,-1.47386,-0.03803,0.830267,-1.41951,-0.0298394,0.794681,-1.13238,0.0220585,0.797889,-1.2049,-0.145047,0.661722,-1.26746,0.0900561,0.701343,-1.27904,-8.64628e-06,0.00136972,-7.88393e-05,-0.000845052,0.000728113,0.000403059,0.000557831,-0.000922499,-8.44186e-05,0.000378031,9.94384e-05,-0.000994465,
-3.98591,16.9656,18.4856,3.07204,10.2772,17.3835,-5.44251,-8.32426,11.3531,7.04396,-7.08916,7.72735,0,0,0,0,0,0,0,0,0,0,0,0,0.0426237,0.486183,-1.4685,-0.0337669,0.611005,-1.52096,-0.0461122,0.813099,-1.47387,-0.0380218,0.830269,-1.41953,-0.0298479,0.794684,-1.1324,0.022067,0.797881,-1.2049,-0.145053,0.661726,-1.26745,0.0900595,0.701379,-1.27904,-2.05383e-05,0.00137261,-7.04492e-05,-0.000856254,0.000737926,0.000400781,0.000549716,-0.000910717,-9.28991e-05,0.00036985,0.000121489,-0.00101697,
-3.98648,16.9641,18.4847,3.07344,10.2758,17.3832,-5.44357,-8.323,11.354,7.04358,-7.08727,7.72883,0,0,0,0,0,0,0,0,0,0,0,0,0.0426234,0.486213,-1.4685,-0.0337856,0.611021,-1.52095,-0.0460999,0.813079,-1.47387,-0.0380135,0.830272,-1.41955,-0.0298581,0.794686,-1.13242,0.0220741,0.797873,-1.20489,-0.14506,0.661729,-1.26743,0.0900612,0.701415,-1.27903,-4.10204e-06,0.00137406,-7.45677e-05,-0.000839771,0.000734663,0.000403455,0.000563111,-0.000909742,-9.52332e-05,0.000383393,0.000115278,-0.00100913,
-3.9868,16.963,18.4841,3.0746,10.275,17.3827,-5.4443,-8.32192,11.3547,7.0434,-7.08563,7.72985,0,0,0,0,0,0,0,0,0,0,0,0,0.0426235,0.486235,-1.4685,-0.0337989,0.611033,-1.52095,-0.0460908,0.813065,-1.47387,-0.0380073,0.830274,-1.41957,-0.0298639,0.794688,-1.13243,0.022082,0.797869,-1.2049,-0.145064,0.661734,-1.26742,0.090064,0.701447,-1.27903,-4.81387e-06,0.00137134,-7.40391e-05,-0.000840319,0.000732767,0.00040143,0.00056214,-0.000916223,-8.815e-05,0.000382411,0.000109763,-0.00100392,
-3.98718,16.9615,18.4833,3.07611,10.2737,17.3822,-5.44521,-8.32064,11.3555,7.04317,-7.08387,7.73137,0,0,0,0,0,0,0,0,0,0,0,0,0.0426231,0.486265,-1.4685,-0.0338176,0.611049,-1.52094,-0.0460786,0.813044,-1.47387,-0.0379991,0.830276,-1.41959,-0.0298715,0.79469,-1.13245,0.0220903,0.797861,-1.2049,-0.145069,0.661737,-1.26741,0.0900679,0.701482,-1.27902,-1.98635e-05,0.00137217,-6.47205e-05,-0.000854737,0.000741089,0.000398404,0.00055062,-0.00090983,-9.01194e-05,0.000370765,0.000127015,-0.00102141,
-3.98778,16.9597,18.4824,3.07762,10.2721,17.3817,-5.44634,-8.31935,11.3563,7.04274,-7.08189,7.73289,0,0,0,0,0,0,0,0,0,0,0,0,0.0426229,0.486298,-1.46851,-0.0338378,0.611066,-1.52093,-0.0460652,0.813023,-1.47387,-0.0379899,0.830279,-1.41961,-0.0298821,0.79469,-1.13246,0.0220981,0.797851,-1.20489,-0.145075,0.661739,-1.2674,0.0900697,0.701521,-1.27902,2.6738e-06,0.00137398,-7.22999e-05,-0.000832329,0.000736513,0.000400194,0.000568906,-0.000910797,-9.11446e-05,0.000389225,0.000116141,-0.00100856,
-3.98812,16.9587,18.4817,3.07878,10.2713,17.3814,-5.4471,-8.31817,11.3571,7.04255,-7.08024,7.73399,0,0,0,0,0,0,0,0,0,0,0,0,0.042623,0.48632,-1.46851,-0.0338511,0.611078,-1.52092,-0.0460561,0.813008,-1.47388,-0.0379837,0.830281,-1.41963,-0.0298884,0.794695,-1.13248,0.0221058,0.797848,-1.20489,-0.14508,0.661745,-1.26738,0.0900723,0.701552,-1.27902,-3.40969e-06,0.00137052,-7.28436e-05,-0.000838258,0.000736797,0.000393044,0.000564287,-0.000919566,-8.20515e-05,0.000384552,0.00011259,-0.00100711,
-3.98857,16.957,18.4808,3.08023,10.2699,17.381,-5.44809,-8.31706,11.3578,7.04225,-7.0785,7.73553,0,0,0,0,0,0,0,0,0,0,0,0,0.0426228,0.48635,-1.46851,-0.0338697,0.611094,-1.52091,-0.0460438,0.812988,-1.47388,-0.0379753,0.830284,-1.41965,-0.029897,0.794694,-1.13249,0.0221134,0.797838,-1.20489,-0.145086,0.661745,-1.26737,0.0900749,0.701587,-1.27901,-1.23116e-05,0.00137094,-6.70284e-05,-0.000846692,0.000742636,0.000389718,0.000557673,-0.000915386,-8.36572e-05,0.000377853,0.000124486,-0.0010198,
-3.98914,16.9557,18.4799,3.08165,10.2687,17.3807,-5.44915,-8.31567,11.3586,7.04188,-7.0766,7.73701,0,0,0,0,0,0,0,0,0,0,0,0,0.0426227,0.486381,-1.46851,-0.0338882,0.611111,-1.5209,-0.0460314,0.812967,-1.47388,-0.0379669,0.830286,-1.41967,-0.0299072,0.794699,-1.13251,0.0221209,0.797832,-1.20489,-0.145093,0.66175,-1.26736,0.090077,0.701624,-1.27901,-4.11358e-07,0.00136816,-6.85688e-05,-0.00083471,0.000736266,0.000393302,0.000567472,-0.000921155,-7.94881e-05,0.000387754,0.00011327,-0.00100782,
-3.98953,16.9543,18.4792,3.08287,10.2675,17.3803,-5.44999,-8.31462,11.3592,7.04161,-7.07489,7.73817,0,0,0,0,0,0,0,0,0,0,0,0,0.0426227,0.486405,-1.46851,-0.0339031,0.611124,-1.5209,-0.0460211,0.812951,-1.47388,-0.0379599,0.830288,-1.41969,-0.0299144,0.7947,-1.13253,0.0221282,0.797824,-1.20489,-0.145098,0.661753,-1.26735,0.0900789,0.701656,-1.279,-4.6941e-06,0.00136327,-6.6192e-05,-0.00083872,0.000732809,0.000392779,0.000563996,-0.0009304,-6.98967e-05,0.000384262,0.000106226,-0.00100144,
-3.9899,16.9529,18.4783,3.08442,10.2663,17.3797,-5.45092,-8.3132,11.3602,7.0414,-7.07307,7.73967,0,0,0,0,0,0,0,0,0,0,0,0,0.0426224,0.486435,-1.46851,-0.0339218,0.61114,-1.52089,-0.0460089,0.81293,-1.47388,-0.0379516,0.830291,-1.41971,-0.0299217,0.794703,-1.13254,0.0221372,0.797819,-1.20489,-0.145103,0.661758,-1.26733,0.0900832,0.701692,-1.279,-2.07087e-05,0.00136267,-5.77892e-05,-0.000853939,0.00073793,0.000395206,0.000553706,-0.000924783,-7.34527e-05,0.000373973,0.000121348,-0.0010162,
-3.99043,16.9514,18.4775,3.08585,10.2651,17.3793,-5.45197,-8.31184,11.3611,7.04103,-7.07114,7.74109,0,0,0,0,0,0,0,0,0,0,0,0,0.0426222,0.486465,-1.46851,-0.0339404,0.611156,-1.52088,-0.0459965,0.81291,-1.47388,-0.0379432,0.830293,-1.41974,-0.029931,0.794706,-1.13256,0.0221451,0.797812,-1.20489,-0.145109,0.661763,-1.26732,0.0900854,0.70173,-1.279,-1.42379e-06,0.00136476,-6.4723e-05,-0.000834592,0.000732237,0.000402097,0.000570064,-0.000922036,-7.98179e-05,0.000390607,0.000113095,-0.00100564,
-3.99086,16.9498,18.4768,3.08732,10.2637,17.3787,-5.45296,-8.31053,11.3619,7.04084,-7.06936,7.74214,0,0,0,0,0,0,0,0,0,0,0,0,0.0426223,0.486495,-1.46852,-0.0339586,0.611172,-1.52087,-0.0459839,0.81289,-1.47388,-0.0379368,0.830295,-1.41975,-0.0299389,0.794707,-1.13258,0.0221536,0.797804,-1.20489,-0.145114,0.661766,-1.26731,0.0900882,0.701764,-1.27899,-1.84967e-06,0.00136498,-6.57159e-05,-0.000834925,0.000732398,0.000399154,0.000567951,-0.000922615,-7.9993e-05,0.00039207,0.000110625,-0.00100326,
-3.99121,16.9486,18.4761,3.08844,10.2627,17.3784,-5.45367,-8.30965,11.3624,7.04053,-7.0677,7.74356,0,0,0,0,0,0,0,0,0,0,0,0,0.0426222,0.486517,-1.46852,-0.033972,0.611184,-1.52087,-0.0459749,0.812875,-1.47389,-0.0379283,0.830297,-1.41977,-0.0299454,0.794707,-1.13259,0.0221605,0.797797,-1.20489,-0.145118,0.661767,-1.2673,0.0900909,0.701796,-1.27899,-8.29888e-06,0.001363,-6.39602e-05,-0.000841329,0.000732959,0.000392943,0.000559839,-0.000926679,-7.40577e-05,0.000380271,0.000110817,-0.00100666,
-3.99178,16.947,18.475,3.08996,10.2613,17.378,-5.45477,-8.30823,11.3633,7.04017,-7.0658,7.74527,0,0,0,0,0,0,0,0,0,0,0,0,0.042622,0.48655,-1.46852,-0.0339922,0.611202,-1.52086,-0.0459615,0.812853,-1.47389,-0.0379193,0.8303,-1.4198,-0.029956,0.794711,-1.13261,0.0221678,0.797789,-1.20489,-0.145125,0.661771,-1.26728,0.0900933,0.701834,-1.27898,-7.44342e-06,0.00136363,-6.24815e-05,-0.000840208,0.000734367,0.000392991,0.00056074,-0.00092132,-8.07469e-05,0.000381215,0.000117262,-0.00101463,
-3.99224,16.9456,18.4743,3.0915,10.2601,17.3775,-5.45579,-8.30676,11.3644,7.03987,-7.06379,7.74669,0,0,0,0,0,0,0,0,0,0,0,0,0.0426219,0.48658,-1.46852,-0.0340106,0.611218,-1.52085,-0.0459491,0.812832,-1.47389,-0.0379108,0.830302,-1.41982,-0.0299645,0.794715,-1.13262,0.0221776,0.797784,-1.20489,-0.145131,0.661777,-1.26727,0.0900965,0.701873,-1.27898,-4.52184e-06,0.0013633,-6.8083e-05,-0.000837062,0.000732211,0.000393432,0.000565158,-0.000923106,-8.21063e-05,0.000385793,0.000113693,-0.00101118,
-3.99263,16.9445,18.4735,3.09259,10.2592,17.3774,-5.4566,-8.30579,11.3649,7.03963,-7.0622,7.7479,0,0,0,0,0,0,0,0,0,0,0,0,0.0426218,0.486601,-1.46852,-0.034024,0.611229,-1.52084,-0.04594,0.812818,-1.47389,-0.0379046,0.830304,-1.41984,-0.0299718,0.794718,-1.13264,0.0221837,0.797778,-1.20489,-0.145137,0.66178,-1.26726,0.0900982,0.701904,-1.27897,-1.23278e-05,0.00136372,-6.70186e-05,-0.000844464,0.000735379,0.000391322,0.000559799,-0.000921697,-8.26047e-05,0.000380467,0.000119601,-0.00101715,
-3.99305,16.9429,18.4727,3.09408,10.2578,17.3768,-5.45758,-8.30456,11.3658,7.03933,-7.06045,7.74938,0,0,0,0,0,0,0,0,0,0,0,0,0.0426215,0.486631,-1.46852,-0.0340427,0.611246,-1.52083,-0.0459278,0.812797,-1.47389,-0.0378963,0.830307,-1.41986,-0.0299798,0.794719,-1.13266,0.0221921,0.79777,-1.20489,-0.145142,0.661783,-1.26724,0.090101,0.701939,-1.27897,-1.58836e-05,0.00136787,-6.38429e-05,-0.000847399,0.000739703,0.000397311,0.000559007,-0.000910466,-9.20197e-05,0.000379794,0.000132401,-0.0010265,
-3.99354,16.9413,18.4718,3.09552,10.2565,17.3763,-5.4586,-8.30328,11.3666,7.03898,-7.0586,7.7508,0,0,0,0,0,0,0,0,0,0,0,0,0.0426213,0.486662,-1.46852,-0.0340611,0.611262,-1.52082,-0.0459153,0.812777,-1.4739,-0.0378878,0.83031,-1.41988,-0.0299887,0.79472,-1.13267,0.0222001,0.797762,-1.20489,-0.145148,0.661786,-1.26723,0.0901033,0.701975,-1.27896,-8.06406e-06,0.00136788,-6.85434e-05,-0.000839471,0.000734955,0.000401487,0.000565488,-0.000913308,-9.04236e-05,0.000386439,0.000122994,-0.00101458,
-3.99394,16.9401,18.4712,3.09676,10.2555,17.376,-5.45944,-8.30212,11.3673,7.03875,-7.05687,7.75197,0,0,0,0,0,0,0,0,0,0,0,0,0.0426212,0.486686,-1.46852,-0.0340762,0.611275,-1.52082,-0.0459051,0.812761,-1.4739,-0.0378808,0.830312,-1.4199,-0.0299962,0.794723,-1.13269,0.0222076,0.797757,-1.20489,-0.145154,0.66179,-1.26722,0.090106,0.702008,-1.27896,-1.01193e-05,0.00136388,-7.14841e-05,-0.000841556,0.0007303,0.000398274,0.000562292,-0.000924858,-7.94451e-05,0.00038324,0.0001104,-0.00100288,
-3.99436,16.9385,18.4703,3.09821,10.254,17.3756,-5.4604,-8.30095,11.368,7.03844,-7.05516,7.75349,0,0,0,0,0,0,0,0,0,0,0,0,0.0426208,0.486716,-1.46853,-0.0340949,0.611291,-1.52081,-0.0458929,0.81274,-1.4739,-0.0378726,0.830314,-1.41992,-0.0300045,0.794723,-1.1327,0.0222148,0.797746,-1.20489,-0.145159,0.661791,-1.26721,0.0901084,0.702042,-1.27896,-2.44573e-05,0.0013636,-6.44077e-05,-0.00085524,0.000734464,0.000399972,0.000551914,-0.000921194,-8.02434e-05,0.000372843,0.000121392,-0.00101283,
-3.99482,16.937,18.4695,3.09968,10.2528,17.3749,-5.46137,-8.29955,11.3689,7.03812,-7.05321,7.75478,0,0,0,0,0,0,0,0,0,0,0,0,0.0426204,0.486746,-1.46853,-0.0341135,0.611307,-1.5208,-0.0458806,0.81272,-1.4739,-0.0378642,0.830317,-1.41994,-0.0300129,0.794725,-1.13272,0.0222233,0.797741,-1.20489,-0.145164,0.661796,-1.26719,0.0901113,0.702079,-1.27895,-1.06089e-05,0.0013602,-6.83746e-05,-0.000841362,0.000723438,0.000408681,0.00056276,-0.000928444,-7.64878e-05,0.000383896,0.000103504,-0.000993184,
-3.99518,16.936,18.4688,3.10078,10.252,17.3746,-5.46213,-8.2985,11.3695,7.03791,-7.05156,7.75584,0,0,0,0,0,0,0,0,0,0,0,0,0.0426204,0.486768,-1.46853,-0.0341269,0.611319,-1.52079,-0.0458716,0.812705,-1.4739,-0.037858,0.830318,-1.41996,-0.0300195,0.794728,-1.13273,0.0222299,0.797736,-1.20489,-0.145169,0.6618,-1.26718,0.0901136,0.702111,-1.27895,-8.38906e-06,0.0013577,-7.05938e-05,-0.000839079,0.000718798,0.000408946,0.000563335,-0.000933256,-7.40421e-05,0.000384556,9.54797e-05,-0.000986496,
-3.99562,16.9344,18.468,3.10224,10.2507,17.3742,-5.4631,-8.29723,11.3704,7.03764,-7.04981,7.75745,0,0,0,0,0,0,0,0,0,0,0,0,0.04262,0.486798,-1.46853,-0.0341455,0.611335,-1.52078,-0.0458593,0.812685,-1.4739,-0.0378497,0.830321,-1.41998,-0.0300282,0.794731,-1.13275,0.0222375,0.797728,-1.20489,-0.145175,0.661803,-1.26717,0.0901168,0.702145,-1.27894,-2.15342e-05,0.0013619,-6.49623e-05,-0.000851699,0.000727606,0.000407062,0.000552264,-0.000917801,-8.88258e-05,0.00037346,0.000118013,-0.00101112,
-3.9961,16.9328,18.4672,3.10387,10.2493,17.3735,-5.46415,-8.29573,11.3715,7.03733,-7.04777,7.75891,0,0,0,0,0,0,0,0,0,0,0,0,0.0426196,0.48683,-1.46853,-0.0341658,0.611352,-1.52077,-0.045846,0.812663,-1.47391,-0.0378406,0.830323,-1.42001,-0.0300371,0.794733,-1.13277,0.0222472,0.797721,-1.20489,-0.14518,0.661808,-1.26715,0.0901203,0.702185,-1.27894,-1.10022e-05,0.00136262,-7.0459e-05,-0.000841184,0.000722867,0.000409949,0.000559728,-0.000917384,-9.24299e-05,0.000381072,0.000110628,-0.00100352,
-3.99646,16.9317,18.4665,3.105,10.2484,17.3732,-5.46492,-8.29471,11.3721,7.03714,-7.04613,7.76003,0,0,0,0,0,0,0,0,0,0,0,0,0.0426195,0.486852,-1.46853,-0.0341792,0.611363,-1.52077,-0.045837,0.812648,-1.47391,-0.0378345,0.830325,-1.42002,-0.0300438,0.794736,-1.13278,0.0222541,0.797716,-1.20489,-0.145185,0.661812,-1.26714,0.0901229,0.702217,-1.27894,-1.44074e-05,0.00136208,-7.20946e-05,-0.000844444,0.000723633,0.000405466,0.000556356,-0.00091974,-9.03246e-05,0.000377719,0.000110051,-0.00100429,
-3.99693,16.9301,18.4656,3.10642,10.247,17.3728,-5.46591,-8.29354,11.3729,7.03681,-7.04439,7.76155,0,0,0,0,0,0,0,0,0,0,0,0,0.0426191,0.486882,-1.46853,-0.0341979,0.611379,-1.52076,-0.0458248,0.812628,-1.47391,-0.0378263,0.830328,-1.42004,-0.0300527,0.794736,-1.1328,0.0222614,0.797707,-1.20489,-0.145191,0.661813,-1.26713,0.0901252,0.702251,-1.27893,-1.64779e-05,0.00136619,-7.1843e-05,-0.000846234,0.000729311,0.000403036,0.000554586,-0.000910087,-9.94582e-05,0.000375974,0.000121983,-0.00101656,
-3.99742,16.9287,18.4648,3.1079,10.2459,17.3722,-5.46688,-8.29208,11.3739,7.03652,-7.04246,7.76295,0,0,0,0,0,0,0,0,0,0,0,0,0.0426189,0.486912,-1.46854,-0.0342163,0.611395,-1.52075,-0.0458125,0.812608,-1.47391,-0.0378179,0.83033,-1.42007,-0.0300616,0.794741,-1.13281,0.02227,0.797702,-1.20489,-0.145196,0.66182,-1.26711,0.0901284,0.702288,-1.27893,-9.04076e-06,0.00136487,-7.73184e-05,-0.000838908,0.000724901,0.000401246,0.000559331,-0.00091542,-9.65761e-05,0.000380785,0.000111775,-0.00100731,
-3.99784,16.9275,18.4641,3.10914,10.2449,17.372,-5.46773,-8.2909,11.3747,7.03628,-7.0407,7.76421,0,0,0,0,0,0,0,0,0,0,0,0,0.0426188,0.486937,-1.46854,-0.0342314,0.611408,-1.52074,-0.0458024,0.812591,-1.47391,-0.037811,0.830332,-1.42008,-0.0300695,0.794744,-1.13283,0.0222774,0.797697,-1.20489,-0.145202,0.661825,-1.2671,0.0901308,0.702322,-1.27892,-1.09679e-05,0.00136323,-7.95241e-05,-0.000840801,0.000723936,0.000396214,0.000556342,-0.000920683,-9.18473e-05,0.000377783,0.000107049,-0.00100434,
-3.99826,16.926,18.4633,3.11064,10.2435,17.3715,-5.46869,-8.28962,11.3756,7.03603,-7.03892,7.76577,0,0,0,0,0,0,0,0,0,0,0,0,0.0426184,0.486967,-1.46854,-0.03425,0.611424,-1.52073,-0.0457903,0.812571,-1.47391,-0.0378028,0.830335,-1.42011,-0.0300778,0.794746,-1.13284,0.0222858,0.797689,-1.20488,-0.145207,0.661828,-1.26709,0.0901342,0.702358,-1.27892,-2.29067e-05,0.00136801,-7.32581e-05,-0.000852071,0.000733606,0.00039584,0.000547857,-0.000907706,-0.000100806,0.000369277,0.000127807,-0.0010234,
-3.99878,16.9244,18.4625,3.11206,10.2422,17.3711,-5.46974,-8.28838,11.3764,7.03567,-7.03707,7.76724,0,0,0,0,0,0,0,0,0,0,0,0,0.042618,0.486997,-1.46854,-0.0342687,0.611441,-1.52072,-0.0457782,0.812551,-1.47392,-0.0377946,0.830337,-1.42013,-0.0300874,0.794747,-1.13286,0.0222933,0.79768,-1.20488,-0.145214,0.661831,-1.26707,0.0901361,0.702394,-1.27891,-1.24639e-05,0.00137008,-7.61076e-05,-0.00084137,0.000731677,0.000401072,0.00055773,-0.000906523,-0.000101249,0.000379319,0.000123668,-0.00101494,
-3.99913,16.9233,18.4619,3.11316,10.2412,17.3707,-5.47049,-8.28741,11.3769,7.03543,-7.03547,7.76824,0,0,0,0,0,0,0,0,0,0,0,0,0.0426179,0.487019,-1.46854,-0.034282,0.611452,-1.52072,-0.0457692,0.812537,-1.47392,-0.0377885,0.830339,-1.42014,-0.0300937,0.794749,-1.13287,0.0223001,0.797674,-1.20488,-0.145219,0.661833,-1.26707,0.090138,0.702424,-1.27891,-8.04561e-06,0.00136646,-7.71797e-05,-0.0008369,0.000725654,0.000402306,0.000560239,-0.000916998,-9.01806e-05,0.000381863,0.000109603,-0.0009995,
-3.99956,16.9217,18.4609,3.11461,10.2399,17.3703,-5.47142,-8.28615,11.3776,7.03515,-7.03375,7.76974,0,0,0,0,0,0,0,0,0,0,0,0,0.0426176,0.487049,-1.46854,-0.0343006,0.611468,-1.52071,-0.045757,0.812516,-1.47392,-0.0377802,0.830342,-1.42017,-0.0301023,0.794751,-1.13289,0.0223074,0.797666,-1.20488,-0.145224,0.661836,-1.26705,0.0901408,0.702458,-1.27891,-2.3867e-05,0.00136336,-6.79864e-05,-0.000852172,0.000728467,0.000401712,0.000547514,-0.000919416,-8.37331e-05,0.000369016,0.000115852,-0.00100547,
-4.00004,16.9202,18.4602,3.11607,10.2387,17.3697,-5.47239,-8.28476,11.3786,7.03484,-7.03182,7.77108,0,0,0,0,0,0,0,0,0,0,0,0,0.0426172,0.487079,-1.46855,-0.0343192,0.611484,-1.5207,-0.0457448,0.812496,-1.47392,-0.037772,0.830344,-1.42019,-0.0301111,0.794753,-1.13291,0.0223156,0.79766,-1.20489,-0.145229,0.661841,-1.26704,0.0901437,0.702495,-1.2789,-1.11508e-05,0.00136204,-7.22745e-05,-0.000839429,0.000721008,0.000407113,0.000557322,-0.000923664,-8.19099e-05,0.00037899,0.000102888,-0.000990942,
-4.00041,16.919,18.4595,3.11732,10.2377,17.3692,-5.4732,-8.28355,11.3793,7.03464,-7.03006,7.77221,0,0,0,0,0,0,0,0,0,0,0,0,0.0426171,0.487103,-1.46855,-0.0343342,0.611497,-1.52069,-0.0457347,0.812479,-1.47392,-0.0377651,0.830346,-1.42021,-0.0301178,0.794756,-1.13292,0.0223235,0.797655,-1.20489,-0.145234,0.661846,-1.26703,0.0901468,0.702529,-1.2789,-1.03275e-05,0.00136053,-7.28625e-05,-0.000838497,0.000718451,0.000406702,0.000556606,-0.000926727,-7.95549e-05,0.000378314,9.81695e-05,-0.000986959,
-4.0009,16.9175,18.4586,3.11875,10.2363,17.3689,-5.47421,-8.28233,11.3802,7.03433,-7.02831,7.77384,0,0,0,0,0,0,0,0,0,0,0,0,0.0426168,0.487133,-1.46855,-0.0343527,0.611513,-1.52068,-0.0457226,0.812459,-1.47393,-0.0377569,0.830348,-1.42023,-0.0301273,0.794758,-1.13294,0.0223307,0.797646,-1.20488,-0.14524,0.661848,-1.26701,0.0901494,0.702564,-1.27889,-1.7854e-05,0.00136532,-6.70408e-05,-0.000845548,0.000726906,0.000405087,0.000549604,-0.000911981,-9.21501e-05,0.000371281,0.00011816,-0.00100767,
-4.00138,16.9159,18.4578,3.12022,10.235,17.3683,-5.47519,-8.28104,11.381,7.03401,-7.02641,7.77524,0,0,0,0,0,0,0,0,0,0,0,0,0.0426165,0.487163,-1.46855,-0.0343712,0.611529,-1.52067,-0.0457104,0.812439,-1.47393,-0.0377486,0.830351,-1.42025,-0.0301362,0.79476,-1.13295,0.022339,0.797639,-1.20488,-0.145245,0.661852,-1.267,0.0901518,0.702601,-1.27889,-1.07092e-05,0.00136623,-7.02037e-05,-0.000838343,0.000724849,0.000405724,0.000554542,-0.000911863,-9.31326e-05,0.000376294,0.000113907,-0.00100272,
-4.00178,16.9148,18.4571,3.12146,10.2341,17.368,-5.47602,-8.27983,11.3818,7.0338,-7.02466,7.77643,0,0,0,0,0,0,0,0,0,0,0,0,0.0426164,0.487188,-1.46855,-0.0343862,0.611542,-1.52067,-0.0457004,0.812423,-1.47393,-0.0377418,0.830353,-1.42027,-0.0301435,0.794763,-1.13297,0.0223466,0.797634,-1.20488,-0.145251,0.661857,-1.26699,0.0901548,0.702634,-1.27889,-1.27884e-05,0.00136351,-7.25002e-05,-0.000840379,0.000722646,0.000401561,0.000551934,-0.000919927,-8.54045e-05,0.000373683,0.000106306,-0.000996223,
-4.00217,16.9132,18.4562,3.12295,10.2327,17.3675,-5.47696,-8.2786,11.3826,7.03354,-7.02289,7.77794,0,0,0,0,0,0,0,0,0,0,0,0,0.0426159,0.487218,-1.46855,-0.0344049,0.611558,-1.52066,-0.0456884,0.812402,-1.47393,-0.0377337,0.830355,-1.42029,-0.0301515,0.794764,-1.13299,0.0223548,0.797625,-1.20488,-0.145256,0.66186,-1.26698,0.0901579,0.702669,-1.27888,-2.42074e-05,0.00136651,-6.7358e-05,-0.000851184,0.000730636,0.00040033,0.000544286,-0.000911023,-9.11644e-05,0.000366021,0.000123062,-0.00101196,
-4.00271,16.9117,18.4554,3.12439,10.2315,17.367,-5.47799,-8.27722,11.3835,7.03318,-7.021,7.77939,0,0,0,0,0,0,0,0,0,0,0,0,0.0426156,0.487248,-1.46855,-0.0344234,0.611574,-1.52065,-0.0456763,0.812382,-1.47393,-0.0377255,0.830358,-1.42031,-0.0301612,0.794768,-1.133,0.0223627,0.797619,-1.20488,-0.145262,0.661865,-1.26696,0.09016,0.702706,-1.27888,-8.87528e-06,0.00136946,-7.54598e-05,-0.000835779,0.000728112,0.000403394,0.00055842,-0.000909024,-9.54811e-05,0.000380391,0.000117481,-0.00100371,
-4.00308,16.9106,18.4548,3.12549,10.2306,17.3666,-5.47875,-8.2762,11.3842,7.03296,-7.01938,7.78043,0,0,0,0,0,0,0,0,0,0,0,0,0.0426156,0.48727,-1.46856,-0.0344367,0.611585,-1.52064,-0.0456672,0.812368,-1.47393,-0.0377193,0.830359,-1.42033,-0.0301679,0.79477,-1.13301,0.0223697,0.797614,-1.20488,-0.145267,0.661869,-1.26695,0.0901623,0.702737,-1.27887,-4.18543e-06,0.00136802,-7.93429e-05,-0.000831131,0.000724607,0.000401075,0.000560818,-0.000915532,-8.9693e-05,0.000382828,0.000107653,-0.000994123,
-4.00347,16.9091,18.454,3.12699,10.2293,17.3662,-5.47967,-8.27491,11.385,7.03274,-7.01764,7.78193,0,0,0,0,0,0,0,0,0,0,0,0,0.0426152,0.4873,-1.46856,-0.0344552,0.611601,-1.52063,-0.0456551,0.812348,-1.47394,-0.0377111,0.830362,-1.42035,-0.0301757,0.794772,-1.13303,0.022378,0.797606,-1.20488,-0.145272,0.661872,-1.26694,0.0901661,0.702772,-1.27887,-2.32331e-05,0.0013687,-7.02049e-05,-0.000849629,0.000733273,0.000396145,0.000544828,-0.000910464,-8.97853e-05,0.000366665,0.000124115,-0.00101118,
-4.00403,16.9075,18.4531,3.12837,10.2279,17.3658,-5.48072,-8.27373,11.3857,7.03235,-7.01581,7.78341,0,0,0,0,0,0,0,0,0,0,0,0,0.0426149,0.48733,-1.46856,-0.0344737,0.611618,-1.52063,-0.045643,0.812328,-1.47394,-0.0377029,0.830365,-1.42037,-0.0301859,0.794773,-1.13305,0.0223849,0.797597,-1.20488,-0.145279,0.661873,-1.26693,0.0901675,0.702807,-1.27886,-8.61411e-06,0.00136997,-7.31352e-05,-0.000834946,0.000729359,0.000400381,0.000556062,-0.000910107,-9.04865e-05,0.000378035,0.000116707,-0.00100118,
-4.00441,16.9063,18.4524,3.12962,10.2269,17.3653,-5.48152,-8.27249,11.3865,7.03213,-7.01408,7.7845,0,0,0,0,0,0,0,0,0,0,0,0,0.0426149,0.487355,-1.46856,-0.0344886,0.611631,-1.52062,-0.0456329,0.812311,-1.47394,-0.037696,0.830367,-1.42039,-0.0301926,0.794776,-1.13306,0.0223928,0.797593,-1.20488,-0.145283,0.661879,-1.26691,0.0901704,0.70284,-1.27886,-6.24095e-06,0.00136655,-7.49044e-05,-0.000832526,0.000724508,0.000399797,0.000557196,-0.00091945,-8.14962e-05,0.000379198,0.000105274,-0.000989672,
-4.00487,16.9047,18.4515,3.13106,10.2256,17.365,-5.48249,-8.27126,11.3873,7.03184,-7.01229,7.78605,0,0,0,0,0,0,0,0,0,0,0,0,0.0426146,0.487385,-1.46856,-0.0345071,0.611647,-1.52061,-0.0456208,0.812291,-1.47394,-0.0376878,0.830369,-1.42041,-0.0302016,0.794778,-1.13308,0.0224002,0.797584,-1.20488,-0.145289,0.661881,-1.2669,0.0901731,0.702876,-1.27885,-1.71274e-05,0.00136626,-6.97703e-05,-0.000843012,0.000728385,0.000397305,0.000547711,-0.000917412,-8.11907e-05,0.000369638,0.000113306,-0.000998399,
-4.00532,16.9031,18.4508,3.13253,10.2242,17.3643,-5.48344,-8.27,11.3881,7.03154,-7.0104,7.78738,0,0,0,0,0,0,0,0,0,0,0,0,0.0426143,0.487415,-1.46856,-0.0345255,0.611663,-1.5206,-0.0456087,0.812271,-1.47394,-0.0376796,0.830371,-1.42043,-0.0302099,0.794778,-1.13309,0.0224087,0.797576,-1.20488,-0.145294,0.661884,-1.26689,0.0901759,0.702912,-1.27885,-1.11442e-05,0.00136641,-7.02277e-05,-0.000836809,0.000725708,0.000401233,0.000552409,-0.000916421,-8.28223e-05,0.000374441,0.000110344,-0.000994078,
-4.00575,16.9021,18.4499,3.13372,10.2233,17.3641,-5.48431,-8.26873,11.3889,7.0313,-7.00866,7.78869,0,0,0,0,0,0,0,0,0,0,0,0,0.0426142,0.487439,-1.46856,-0.0345405,0.611676,-1.52059,-0.0455987,0.812254,-1.47394,-0.0376728,0.830373,-1.42045,-0.0302179,0.794784,-1.13311,0.0224154,0.797572,-1.20488,-0.1453,0.66189,-1.26687,0.0901783,0.702946,-1.27885,-1.07347e-05,0.00136309,-6.90984e-05,-0.000836225,0.00072215,0.000401673,0.000552136,-0.000921722,-7.83065e-05,0.0003742,0.000104616,-0.000989324,
-4.0062,16.9005,18.4492,3.1352,10.2221,17.3635,-5.48523,-8.26739,11.3898,7.03103,-7.00677,7.78998,0,0,0,0,0,0,0,0,0,0,0,0,0.042614,0.487469,-1.46857,-0.0345588,0.611691,-1.52059,-0.0455865,0.812234,-1.47395,-0.0376646,0.830375,-1.42047,-0.0302261,0.794785,-1.13313,0.0224241,0.797566,-1.20488,-0.145304,0.661894,-1.26686,0.0901818,0.702982,-1.27884,-6.40005e-06,0.00136158,-6.72618e-05,-0.000831766,0.000718443,0.000404043,0.000553414,-0.0009224,-7.84185e-05,0.000375494,0.000100384,-0.000985818,
-4.00668,16.899,18.4483,3.13665,10.2207,17.363,-5.48622,-8.26614,11.3906,7.03075,-7.00496,7.79158,0,0,0,0,0,0,0,0,0,0,0,0,0.0426139,0.487499,-1.46857,-0.0345771,0.611707,-1.52058,-0.0455743,0.812214,-1.47395,-0.0376563,0.830378,-1.4205,-0.0302351,0.794787,-1.13314,0.0224319,0.797557,-1.20488,-0.14531,0.661897,-1.26685,0.0901848,0.703018,-1.27884,-1.23274e-05,0.00136679,-6.23105e-05,-0.000837174,0.000726223,0.000404258,0.000548203,-0.000907275,-9.15248e-05,0.000370305,0.000119422,-0.00100457,
-4.0071,16.8973,18.4477,3.13808,10.2194,17.3626,-5.48698,-8.26528,11.3912,7.03053,-7.00324,7.79265,0,0,0,0,0,0,0,0,0,0,0,0,0.0426137,0.487529,-1.46857,-0.0345955,0.611723,-1.52057,-0.0455655,0.812199,-1.47395,-0.0376504,0.83038,-1.42051,-0.0302431,0.794786,-1.13316,0.0224397,0.797548,-1.20488,-0.145315,0.661899,-1.26684,0.0901868,0.703051,-1.27883,-1.07576e-05,0.00136792,-6.52817e-05,-0.00083547,0.000727302,0.000402217,0.000547831,-0.000904395,-9.43436e-05,0.000369976,0.000123455,-0.00100878,
-4.00758,16.8961,18.4468,3.13927,10.2183,17.3622,-5.48802,-8.26383,11.392,7.03018,-7.00149,7.79422,0,0,0,0,0,0,0,0,0,0,0,0,0.0426135,0.487554,-1.46857,-0.0346104,0.611736,-1.52056,-0.0455523,0.812177,-1.47395,-0.0376414,0.830382,-1.42054,-0.0302518,0.79479,-1.13317,0.0224463,0.797542,-1.20488,-0.145321,0.661903,-1.26683,0.0901893,0.703085,-1.27883,-8.96613e-06,0.00136406,-6.85528e-05,-0.000833762,0.000723258,0.000396951,0.000549974,-0.000916458,-8.46145e-05,0.000372118,0.000109226,-0.000996779,
-4.00804,16.8948,18.446,3.14078,10.2172,17.3618,-5.489,-8.26229,11.3931,7.02991,-6.99959,7.79572,0,0,0,0,0,0,0,0,0,0,0,0,0.0426132,0.487584,-1.46857,-0.0346289,0.611752,-1.52055,-0.0455403,0.812157,-1.47395,-0.0376333,0.830385,-1.42056,-0.0302607,0.794796,-1.13319,0.0224552,0.797537,-1.20488,-0.145327,0.661911,-1.26681,0.0901925,0.703122,-1.27882,-1.68746e-05,0.00136329,-7.02558e-05,-0.000841291,0.000725756,0.000393509,0.000546267,-0.00091731,-8.50969e-05,0.000368466,0.000113943,-0.00100283,
-4.0085,16.893,18.4452,3.1422,10.2157,17.3612,-5.49001,-8.26115,11.3938,7.02968,-6.99789,7.79681,0,0,0,0,0,0,0,0,0,0,0,0,0.042613,0.487614,-1.46857,-0.0346473,0.611768,-1.52054,-0.0455282,0.812137,-1.47396,-0.0376274,0.830387,-1.42057,-0.0302691,0.794794,-1.13321,0.0224627,0.797526,-1.20488,-0.145333,0.661911,-1.2668,0.0901943,0.703155,-1.27882,-1.02822e-05,0.00136548,-7.37408e-05,-0.000834479,0.000724691,0.000396283,0.000552056,-0.000914217,-8.914e-05,0.000372977,0.000112122,-0.000999942,
-4.00887,16.892,18.4445,3.14333,10.2149,17.3609,-5.49072,-8.26006,11.3944,7.02938,-6.99618,7.79817,0,0,0,0,0,0,0,0,0,0,0,0,0.0426129,0.487636,-1.46857,-0.0346606,0.61178,-1.52054,-0.0455193,0.812122,-1.47396,-0.0376191,0.830389,-1.4206,-0.0302759,0.794798,-1.13322,0.02247,0.797523,-1.20488,-0.145337,0.661916,-1.26679,0.0901971,0.703188,-1.27882,-1.10709e-05,0.00136262,-7.41226e-05,-0.000835218,0.000721606,0.000394586,0.000550036,-0.000921032,-8.23893e-05,0.000372379,0.000105238,-0.000992978,
-4.00933,16.8903,18.4436,3.14491,10.2134,17.3604,-5.49174,-8.25872,11.3953,7.02907,-6.99428,7.79976,0,0,0,0,0,0,0,0,0,0,0,0,0.0426125,0.487668,-1.46858,-0.0346807,0.611797,-1.52053,-0.0455062,0.8121,-1.47396,-0.0376102,0.830391,-1.42062,-0.0302848,0.794798,-1.13324,0.0224784,0.797514,-1.20488,-0.145342,0.661919,-1.26677,0.0902003,0.703226,-1.27881,-1.46499e-05,0.00136405,-7.2134e-05,-0.000838384,0.000724285,0.000395695,0.000547916,-0.000915113,-8.82322e-05,0.000370316,0.000113444,-0.00100112,
-4.00983,16.8888,18.4428,3.14637,10.2122,17.3599,-5.49275,-8.25736,11.3962,7.02875,-6.99238,7.80122,0,0,0,0,0,0,0,0,0,0,0,0,0.0426123,0.487698,-1.46858,-0.0346991,0.611813,-1.52052,-0.045494,0.81208,-1.47396,-0.037602,0.830394,-1.42064,-0.030294,0.794802,-1.13325,0.0224868,0.797507,-1.20488,-0.145348,0.661923,-1.26676,0.0902029,0.703263,-1.27881,-1.02926e-05,0.00136408,-7.31357e-05,-0.000833699,0.000722938,0.000398794,0.000553094,-0.000913287,-9.16821e-05,0.000375632,0.000113765,-0.00100084,
-4.0102,16.8877,18.4421,3.14746,10.2112,17.3596,-5.49354,-8.25641,11.3968,7.02851,-6.9908,7.80238,0,0,0,0,0,0,0,0,0,0,0,0,0.0426122,0.48772,-1.46858,-0.0347124,0.611824,-1.52051,-0.0454852,0.812065,-1.47396,-0.037596,0.830396,-1.42066,-0.0303008,0.794803,-1.13327,0.0224933,0.7975,-1.20488,-0.145354,0.661926,-1.26675,0.0902045,0.703293,-1.2788,-1.29863e-05,0.00136348,-7.32198e-05,-0.000836056,0.000723437,0.000398221,0.000552159,-0.000913751,-9.16919e-05,0.000374767,0.000115438,-0.00100277,
-4.01064,16.8862,18.4413,3.14891,10.21,17.3592,-5.49451,-8.25509,11.3977,7.02823,-6.98904,7.80385,0,0,0,0,0,0,0,0,0,0,0,0,0.0426118,0.48775,-1.46858,-0.0347308,0.61184,-1.5205,-0.045473,0.812045,-1.47396,-0.0375877,0.830398,-1.42068,-0.0303094,0.794806,-1.13329,0.022501,0.797494,-1.20488,-0.14536,0.66193,-1.26673,0.0902075,0.703328,-1.2788,-1.77642e-05,0.0013628,-7.06902e-05,-0.000840411,0.000724295,0.000400163,0.000549682,-0.000912052,-9.33095e-05,0.000372333,0.000119968,-0.00100699,
-4.01112,16.8847,18.4405,3.15038,10.2087,17.3586,-5.49549,-8.25368,11.3986,7.02793,-6.98711,7.80522,0,0,0,0,0,0,0,0,0,0,0,0,0.0426115,0.48778,-1.46858,-0.0347492,0.611856,-1.52049,-0.0454609,0.812025,-1.47397,-0.0375795,0.830401,-1.4207,-0.0303182,0.794809,-1.1333,0.0225095,0.797488,-1.20488,-0.145365,0.661935,-1.26672,0.0902104,0.703365,-1.2788,-1.26284e-05,0.00136051,-7.31207e-05,-0.000835156,0.000718989,0.000402718,0.000553625,-0.000917514,-8.94356e-05,0.000376375,0.000110208,-0.000996629,
-4.01152,16.8835,18.4398,3.15159,10.2077,17.3583,-5.49632,-8.25256,11.3993,7.02768,-6.98541,7.80644,0,0,0,0,0,0,0,0,0,0,0,0,0.0426114,0.487805,-1.46858,-0.0347642,0.611869,-1.52049,-0.0454509,0.812008,-1.47397,-0.0375727,0.830403,-1.42072,-0.0303256,0.794812,-1.13332,0.0225165,0.797482,-1.20488,-0.14537,0.661939,-1.26671,0.0902127,0.703398,-1.27879,-1.40104e-05,0.00135914,-7.21164e-05,-0.000836357,0.000717371,0.000402482,0.000551159,-0.000920038,-8.65859e-05,0.000373925,0.000107303,-0.000994024,
-4.01193,16.8819,18.4389,3.15305,10.2063,17.3578,-5.49727,-8.25133,11.4001,7.02741,-6.98368,7.80799,0,0,0,0,0,0,0,0,0,0,0,0,0.0426109,0.487835,-1.46859,-0.0347827,0.611885,-1.52048,-0.0454389,0.811988,-1.47397,-0.0375646,0.830405,-1.42074,-0.0303339,0.794813,-1.13333,0.0225243,0.797473,-1.20488,-0.145376,0.661941,-1.2667,0.0902158,0.703432,-1.27878,-2.41448e-05,0.00136303,-6.58143e-05,-0.000845797,0.000724881,0.000404921,0.00054453,-0.000907407,-9.64273e-05,0.000367327,0.00012613,-0.00101115,
-4.01242,16.8803,18.4381,3.15449,10.2051,17.3572,-5.49826,-8.25001,11.401,7.02708,-6.98179,7.80932,0,0,0,0,0,0,0,0,0,0,0,0,0.0426106,0.487865,-1.46859,-0.0348011,0.611901,-1.52047,-0.0454267,0.811968,-1.47397,-0.0375563,0.830408,-1.42076,-0.0303428,0.794814,-1.13335,0.0225324,0.797465,-1.20488,-0.145381,0.661945,-1.26668,0.0902182,0.703469,-1.27878,-1.04991e-05,0.00136162,-7.17477e-05,-0.000832209,0.000717337,0.000408707,0.000555096,-0.000913624,-9.25391e-05,0.000378048,0.00011098,-0.000994339,
-4.01277,16.8794,18.4375,3.1556,10.2043,17.3569,-5.499,-8.24889,11.4016,7.02688,-6.98015,7.81035,0,0,0,0,0,0,0,0,0,0,0,0,0.0426105,0.487886,-1.46859,-0.0348143,0.611912,-1.52046,-0.0454178,0.811954,-1.47397,-0.0375502,0.830409,-1.42078,-0.0303493,0.794818,-1.13336,0.0225394,0.797462,-1.20488,-0.145386,0.661951,-1.26667,0.0902207,0.7035,-1.27878,-9.74074e-06,0.00135822,-7.38279e-05,-0.000831444,0.000713233,0.000406198,0.000554422,-0.000922331,-8.47812e-05,0.000377392,0.000100856,-0.000985379,
-4.01325,16.8776,18.4366,3.15715,10.2027,17.3564,-5.50001,-8.24762,11.4025,7.02658,-6.97834,7.81206,0,0,0,0,0,0,0,0,0,0,0,0,0.0426101,0.487919,-1.46859,-0.0348345,0.611929,-1.52045,-0.0454047,0.811932,-1.47398,-0.0375413,0.830412,-1.4208,-0.0303587,0.794818,-1.13338,0.0225472,0.797451,-1.20488,-0.145391,0.661952,-1.26666,0.0902239,0.703536,-1.27877,-2.17856e-05,0.00136184,-6.65995e-05,-0.000842997,0.000721924,0.000403583,0.000543488,-0.000909562,-9.48082e-05,0.00036637,0.00012091,-0.00100663,
-4.01376,16.8761,18.4358,3.1586,10.2015,17.3559,-5.50102,-8.24626,11.4034,7.02625,-6.97642,7.81349,0,0,0,0,0,0,0,0,0,0,0,0,0.0426097,0.487949,-1.46859,-0.0348529,0.611945,-1.52044,-0.0453926,0.811912,-1.47398,-0.0375332,0.830415,-1.42083,-0.0303681,0.794821,-1.1334,0.0225553,0.797444,-1.20488,-0.145397,0.661957,-1.26664,0.0902262,0.703573,-1.27877,-1.19304e-05,0.00136204,-7.45233e-05,-0.000833161,0.000718221,0.000403256,0.000552208,-0.000913016,-9.42957e-05,0.000375243,0.000111994,-0.000997257,
-4.0141,16.875,18.4352,3.15972,10.2006,17.3555,-5.50174,-8.24519,11.4041,7.02606,-6.97479,7.81445,0,0,0,0,0,0,0,0,0,0,0,0,0.0426096,0.487971,-1.46859,-0.0348661,0.611957,-1.52044,-0.0453837,0.811897,-1.47398,-0.0375271,0.830416,-1.42084,-0.0303743,0.794823,-1.13341,0.0225625,0.79744,-1.20488,-0.145402,0.661961,-1.26663,0.0902288,0.703604,-1.27877,-9.37047e-06,0.00135824,-7.80507e-05,-0.000830663,0.000712951,0.000400483,0.000552916,-0.000923446,-8.53977e-05,0.000375976,9.9088e-05,-0.000985688,
-4.01454,16.8735,18.4343,3.16116,10.1993,17.3551,-5.50271,-8.24393,11.4049,7.0258,-6.97307,7.81606,0,0,0,0,0,0,0,0,0,0,0,0,0.0426092,0.488001,-1.46859,-0.0348846,0.611972,-1.52043,-0.0453717,0.811877,-1.47398,-0.037519,0.830419,-1.42086,-0.030383,0.794826,-1.13343,0.02257,0.797432,-1.20488,-0.145407,0.661964,-1.26662,0.0902319,0.703638,-1.27876,-2.36678e-05,0.0013593,-6.81907e-05,-0.000844343,0.000720334,0.000399386,0.000541229,-0.000914223,-9.14855e-05,0.000364195,0.000117427,-0.00100501,
-4.01502,16.872,18.4335,3.16261,10.1981,17.3545,-5.50367,-8.24257,11.4058,7.02549,-6.97116,7.81741,0,0,0,0,0,0,0,0,0,0,0,0,0.0426089,0.48803,-1.4686,-0.034903,0.611988,-1.52042,-0.0453597,0.811857,-1.47398,-0.0375109,0.830421,-1.42088,-0.0303917,0.794828,-1.13344,0.0225783,0.797426,-1.20488,-0.145413,0.661969,-1.26661,0.0902346,0.703676,-1.27876,-1.02678e-05,0.0013599,-7.0483e-05,-0.000830828,0.000715558,0.000405007,0.00055165,-0.000913083,-9.42051e-05,0.000374764,0.000110838,-0.000996665,
-4.01546,16.8708,18.4328,3.16379,10.197,17.3543,-5.50452,-8.24144,11.4065,7.02522,-6.96945,7.81864,0,0,0,0,0,0,0,0,0,0,0,0,0.0426088,0.488055,-1.4686,-0.0349178,0.612001,-1.52041,-0.0453497,0.81184,-1.47398,-0.0375041,0.830423,-1.4209,-0.0303998,0.794831,-1.13345,0.022585,0.797419,-1.20488,-0.145418,0.661973,-1.26659,0.0902367,0.703708,-1.27875,-7.63296e-06,0.00135907,-7.27819e-05,-0.000828155,0.000713648,0.000402804,0.000552487,-0.000916649,-9.11779e-05,0.000375637,0.000105405,-0.000991832,
-4.01589,16.8692,18.432,3.16527,10.1957,17.3538,-5.50546,-8.24018,11.4073,7.02496,-6.96767,7.82015,0,0,0,0,0,0,0,0,0,0,0,0,0.0426085,0.488085,-1.4686,-0.0349362,0.612017,-1.5204,-0.0453377,0.81182,-1.47399,-0.0374959,0.830425,-1.42092,-0.0304081,0.794832,-1.13347,0.0225931,0.797411,-1.20488,-0.145423,0.661976,-1.26658,0.0902398,0.703743,-1.27875,-2.04307e-05,0.00135969,-6.61103e-05,-0.000840499,0.000719477,0.000399865,0.000541445,-0.000911709,-9.31818e-05,0.00036449,0.0001179,-0.00100518,
-4.01634,16.8677,18.4312,3.16673,10.1945,17.3532,-5.5064,-8.23881,11.4082,7.02469,-6.96576,7.82154,0,0,0,0,0,0,0,0,0,0,0,0,0.0426081,0.488115,-1.4686,-0.0349546,0.612032,-1.52039,-0.0453257,0.8118,-1.47399,-0.0374878,0.830428,-1.42095,-0.0304166,0.794835,-1.13349,0.0226015,0.797405,-1.20488,-0.145428,0.66198,-1.26657,0.090243,0.703781,-1.27874,-1.41897e-05,0.00135844,-6.63149e-05,-0.000834085,0.000715697,0.000402974,0.000546079,-0.000914015,-9.13437e-05,0.0003692,0.000111878,-0.00099817,
-4.01673,16.8667,18.4305,3.16778,10.1936,17.3529,-5.50717,-8.2378,11.4088,7.02446,-6.96418,7.82265,0,0,0,0,0,0,0,0,0,0,0,0,0.042608,0.488136,-1.4686,-0.0349678,0.612044,-1.52039,-0.0453169,0.811785,-1.47399,-0.0374819,0.83043,-1.42096,-0.0304237,0.794837,-1.1335,0.0226075,0.797399,-1.20488,-0.145433,0.661984,-1.26656,0.0902449,0.703811,-1.27874,-9.09563e-06,0.00135781,-6.83707e-05,-0.000828871,0.000713386,0.000403016,0.000549967,-0.000916371,-8.9824e-05,0.000373172,0.000106933,-0.000993049,
-4.01716,16.865,18.4297,3.16923,10.1922,17.3524,-5.50811,-8.23662,11.4096,7.02416,-6.96247,7.82414,0,0,0,0,0,0,0,0,0,0,0,0,0.0426078,0.488166,-1.4686,-0.0349861,0.61206,-1.52038,-0.0453048,0.811765,-1.47399,-0.0374737,0.830432,-1.42098,-0.0304319,0.794837,-1.13352,0.0226154,0.79739,-1.20488,-0.145439,0.661986,-1.26655,0.0902475,0.703845,-1.27873,-1.67079e-05,0.00136111,-6.57202e-05,-0.000836019,0.000720553,0.000400864,0.000545134,-0.000907543,-9.68808e-05,0.000368339,0.000121733,-0.00100756,
-4.01766,16.8634,18.4289,3.17082,10.1909,17.3517,-5.50914,-8.23509,11.4106,7.02384,-6.96047,7.82558,0,0,0,0,0,0,0,0,0,0,0,0,0.0426075,0.488199,-1.4686,-0.035006,0.612077,-1.52037,-0.0452916,0.811743,-1.47399,-0.0374648,0.830435,-1.42101,-0.030441,0.79484,-1.13353,0.0226246,0.797383,-1.20488,-0.145444,0.661991,-1.26653,0.0902509,0.703884,-1.27873,-6.84709e-06,0.00135918,-7.22573e-05,-0.000826257,0.000715124,0.000399838,0.000552917,-0.000914792,-9.24205e-05,0.000376219,0.000109137,-0.000995372,
-4.01804,16.8625,18.4282,3.17194,10.1901,17.3515,-5.50991,-8.23389,11.4114,7.02366,-6.95879,7.82676,0,0,0,0,0,0,0,0,0,0,0,0,0.0426074,0.488221,-1.46861,-0.0350192,0.612088,-1.52036,-0.0452828,0.811728,-1.474,-0.0374587,0.830436,-1.42102,-0.0304481,0.794846,-1.13355,0.0226317,0.797381,-1.20488,-0.145449,0.661998,-1.26652,0.0902536,0.703916,-1.27873,-1.05038e-05,0.00135783,-7.43226e-05,-0.000829806,0.000716117,0.000393239,0.000549686,-0.00091922,-8.84169e-05,0.00037298,0.000107801,-0.000996158,
-4.01851,16.8609,18.4274,3.17339,10.1888,17.3511,-5.51088,-8.23266,11.4122,7.02337,-6.95703,7.8283,0,0,0,0,0,0,0,0,0,0,0,0,0.0426071,0.488251,-1.46861,-0.0350375,0.612104,-1.52035,-0.0452707,0.811708,-1.474,-0.0374506,0.830439,-1.42105,-0.0304571,0.794847,-1.13356,0.0226396,0.797373,-1.20488,-0.145455,0.662001,-1.2665,0.0902564,0.703951,-1.27872,-1.39093e-05,0.00136339,-7.1001e-05,-0.000832758,0.000724442,0.000391908,0.000547309,-0.000906251,-9.8478e-05,0.000370601,0.000124864,-0.00101195,
-4.01904,16.8593,18.4265,3.17478,10.1874,17.3507,-5.5119,-8.23148,11.413,7.02302,-6.95523,7.82978,0,0,0,0,0,0,0,0,0,0,0,0,0.042607,0.488281,-1.46861,-0.0350557,0.61212,-1.52035,-0.0452586,0.811688,-1.474,-0.0374423,0.830442,-1.42107,-0.0304666,0.794848,-1.13358,0.022647,0.797363,-1.20488,-0.145461,0.662003,-1.26649,0.0902583,0.703986,-1.27872,-6.2988e-06,0.00136546,-7.10251e-05,-0.000824944,0.000724166,0.000394435,0.000552947,-0.000904033,-9.87169e-05,0.000376298,0.000123501,-0.00100756,
-4.01941,16.8581,18.4258,3.17601,10.1864,17.3502,-5.51268,-8.23032,11.4137,7.02279,-6.95355,7.83091,0,0,0,0,0,0,0,0,0,0,0,0,0.0426069,0.488305,-1.46861,-0.0350705,0.612133,-1.52034,-0.0452486,0.811672,-1.474,-0.0374355,0.830444,-1.42109,-0.0304735,0.794849,-1.13359,0.0226545,0.797358,-1.20488,-0.145465,0.662007,-1.26648,0.090261,0.704019,-1.27871,-9.66728e-06,0.00136108,-7.01793e-05,-0.000828167,0.000720982,0.000392239,0.000549718,-0.000915371,-8.58036e-05,0.000373029,0.000113767,-0.000997489,
-4.01989,16.8565,18.4249,3.17743,10.185,17.3499,-5.51367,-8.22905,11.4144,7.02248,-6.95181,7.83247,0,0,0,0,0,0,0,0,0,0,0,0,0.0426065,0.488335,-1.46861,-0.0350889,0.612149,-1.52033,-0.0452366,0.811652,-1.474,-0.0374274,0.830446,-1.42111,-0.0304829,0.794852,-1.13361,0.0226616,0.797349,-1.20488,-0.145472,0.66201,-1.26647,0.0902633,0.704053,-1.27871,-1.85109e-05,0.00136067,-6.57621e-05,-0.000836463,0.000724493,0.000392503,0.000544594,-0.000914285,-8.4377e-05,0.000367907,0.000121102,-0.00100349,
-4.02033,16.855,18.4242,3.17892,10.1839,17.3493,-5.51462,-8.22763,11.4154,7.0222,-6.94986,7.83376,0,0,0,0,0,0,0,0,0,0,0,0,0.0426063,0.488365,-1.46861,-0.0351071,0.612165,-1.52032,-0.0452245,0.811632,-1.47401,-0.0374192,0.830449,-1.42113,-0.0304908,0.794854,-1.13363,0.0226707,0.797344,-1.20488,-0.145477,0.662015,-1.26645,0.0902667,0.70409,-1.27871,-8.61233e-06,0.00135759,-6.78196e-05,-0.000826439,0.000716468,0.000398573,0.000552665,-0.000922073,-7.76443e-05,0.000376106,0.000106438,-0.000986486,
-4.02081,16.8536,18.4233,3.18031,10.1826,17.3488,-5.51561,-8.22625,11.4161,7.02199,-6.94813,7.83487,0,0,0,0,0,0,0,0,0,0,0,0,0.0426062,0.488395,-1.46861,-0.0351252,0.61218,-1.52031,-0.0452123,0.811611,-1.47401,-0.0374131,0.83045,-1.42115,-0.0304997,0.794857,-1.13364,0.0226779,0.797336,-1.20488,-0.145482,0.66202,-1.26644,0.0902689,0.704123,-1.2787,-8.18352e-06,0.00135551,-6.42692e-05,-0.000825762,0.000713868,0.000400705,0.000551408,-0.0009247,-7.39729e-05,0.000376179,0.000102085,-0.000981421,
-4.02122,16.8523,18.4226,3.18153,10.1815,17.3485,-5.51639,-8.22519,11.4168,7.02167,-6.94633,7.8364,0,0,0,0,0,0,0,0,0,0,0,0,0.0426061,0.488419,-1.46862,-0.0351401,0.612193,-1.52031,-0.0452024,0.811595,-1.47401,-0.0374041,0.830453,-1.42117,-0.0305074,0.794858,-1.13366,0.0226853,0.79733,-1.20488,-0.145487,0.662023,-1.26643,0.0902718,0.704159,-1.2787,-1.08432e-05,0.00135537,-6.18114e-05,-0.000828284,0.00071438,0.000398556,0.000546619,-0.000924231,-7.30856e-05,0.000370011,0.000103668,-0.000984166,
-4.02168,16.8508,18.4217,3.18297,10.1802,17.348,-5.51738,-8.22395,11.4176,7.02137,-6.94455,7.83796,0,0,0,0,0,0,0,0,0,0,0,0,0.0426057,0.488449,-1.46862,-0.0351584,0.612209,-1.5203,-0.0451904,0.811574,-1.47401,-0.0373961,0.830455,-1.42119,-0.0305161,0.79486,-1.13368,0.0226929,0.797321,-1.20488,-0.145493,0.662025,-1.26642,0.0902744,0.704194,-1.27869,-1.5754e-05,0.00136096,-6.00186e-05,-0.000832638,0.000721836,0.000399893,0.000544447,-0.000909868,-8.64466e-05,0.00036794,0.000121621,-0.00100073,
-4.02214,16.8493,18.4209,3.18444,10.1789,17.3475,-5.51837,-8.22257,11.4186,7.02106,-6.94266,7.83938,0,0,0,0,0,0,0,0,0,0,0,0,0.0426055,0.488479,-1.46862,-0.0351766,0.612225,-1.52029,-0.0451784,0.811554,-1.47401,-0.0373879,0.830458,-1.42121,-0.0305247,0.794863,-1.13369,0.0227016,0.797315,-1.20488,-0.145499,0.66203,-1.2664,0.090277,0.704231,-1.27869,-1.05132e-05,0.00136236,-6.54937e-05,-0.000827163,0.000720571,0.000402077,0.000550899,-0.000909439,-8.85442e-05,0.00037457,0.000119043,-0.000996186,
-4.02254,16.8482,18.4203,3.18552,10.1781,17.3472,-5.51913,-8.22148,11.4192,7.02083,-6.94106,7.84044,0,0,0,0,0,0,0,0,0,0,0,0,0.0426054,0.488501,-1.46862,-0.0351897,0.612236,-1.52028,-0.0451695,0.81154,-1.47401,-0.0373818,0.83046,-1.42123,-0.0305318,0.794867,-1.13371,0.0227082,0.797311,-1.20488,-0.145503,0.662035,-1.26639,0.0902791,0.704261,-1.27868,-7.28029e-06,0.00136071,-6.87851e-05,-0.000823906,0.000716932,0.00040104,0.000552538,-0.000915525,-8.32856e-05,0.00037627,0.000109976,-0.000987113,
-4.02295,16.8464,18.4194,3.18693,10.1765,17.3467,-5.52007,-8.2205,11.4198,7.02051,-6.93943,7.84194,0,0,0,0,0,0,0,0,0,0,0,0,0.0426051,0.488531,-1.46862,-0.035208,0.612252,-1.52027,-0.0451575,0.81152,-1.47402,-0.0373736,0.830462,-1.42125,-0.0305399,0.794864,-1.13372,0.0227153,0.797298,-1.20488,-0.145509,0.662034,-1.26638,0.0902812,0.704294,-1.27868,-1.91113e-05,0.00136515,-6.45714e-05,-0.000835214,0.000725585,0.000399258,0.000543307,-0.000904545,-9.09658e-05,0.000367014,0.00012746,-0.00100347,
-4.02345,16.845,18.4186,3.18835,10.1754,17.3462,-5.52104,-8.21906,11.4207,7.02019,-6.93755,7.84331,0,0,0,0,0,0,0,0,0,0,0,0,0.0426048,0.488561,-1.46862,-0.0352262,0.612268,-1.52026,-0.0451454,0.8115,-1.47402,-0.0373655,0.830465,-1.42127,-0.0305491,0.794868,-1.13374,0.0227232,0.797292,-1.20488,-0.145514,0.662039,-1.26637,0.0902837,0.704331,-1.27867,-1.06215e-05,0.00136198,-7.1199e-05,-0.000826866,0.000717928,0.000399793,0.000549477,-0.000914111,-8.47063e-05,0.000373293,0.000111321,-0.000987662,
-4.02386,16.8439,18.418,3.18958,10.1745,17.3458,-5.52186,-8.21783,11.4215,7.01998,-6.9358,7.84446,0,0,0,0,0,0,0,0,0,0,0,0,0.0426047,0.488585,-1.46862,-0.035241,0.612281,-1.52026,-0.0451355,0.811483,-1.47402,-0.0373587,0.830467,-1.42129,-0.0305566,0.794871,-1.13375,0.0227307,0.797289,-1.20488,-0.145519,0.662045,-1.26636,0.0902865,0.704364,-1.27867,-1.0216e-05,0.0013576,-7.58959e-05,-0.00082654,0.000712102,0.000396472,0.000548497,-0.000925141,-7.66007e-05,0.000372352,9.80714e-05,-0.000976883,
-4.0243,16.8424,18.417,3.19105,10.1732,17.3454,-5.52279,-8.21646,11.4224,7.01975,-6.934,7.84599,0,0,0,0,0,0,0,0,0,0,0,0,0.0426043,0.488615,-1.46862,-0.0352593,0.612297,-1.52025,-0.0451235,0.811463,-1.47402,-0.0373507,0.830469,-1.42131,-0.0305653,0.794875,-1.13377,0.0227387,0.797282,-1.20487,-0.145524,0.66205,-1.26634,0.0902901,0.704399,-1.27866,-2.29502e-05,0.0013588,-6.81298e-05,-0.000838724,0.000717374,0.000396952,0.000537434,-0.000916251,-8.35815e-05,0.000361242,0.000113169,-0.000992889,
-4.02478,16.8408,18.4163,3.19249,10.1719,17.3448,-5.52377,-8.21519,11.4233,7.01944,-6.93214,7.84743,0,0,0,0,0,0,0,0,0,0,0,0,0.042604,0.488645,-1.46863,-0.0352777,0.612312,-1.52024,-0.0451116,0.811443,-1.47402,-0.0373426,0.830472,-1.42133,-0.0305741,0.794876,-1.13378,0.0227469,0.797274,-1.20488,-0.14553,0.662053,-1.26633,0.0902928,0.704436,-1.27866,-1.17566e-05,0.00136334,-6.93719e-05,-0.000827227,0.000716339,0.000404973,0.000546349,-0.000905591,-9.51663e-05,0.000370359,0.000116356,-0.000993099,
-4.02511,16.8397,18.4157,3.19359,10.171,17.3444,-5.5245,-8.21421,11.4239,7.01923,-6.93056,7.84846,0,0,0,0,0,0,0,0,0,0,0,0,0.0426039,0.488667,-1.46863,-0.0352908,0.612324,-1.52023,-0.0451028,0.811428,-1.47402,-0.0373366,0.830473,-1.42135,-0.0305802,0.794877,-1.1338,0.0227539,0.797269,-1.20488,-0.145535,0.662056,-1.26632,0.0902951,0.704466,-1.27866,-9.53501e-06,0.00136344,-7.11018e-05,-0.000824861,0.000715035,0.000405105,0.000547679,-0.000906691,-9.42647e-05,0.000371759,0.000113208,-0.000989294,
-4.02561,16.838,18.4147,3.19512,10.1695,17.344,-5.52552,-8.21288,11.4247,7.01892,-6.92876,7.85011,0,0,0,0,0,0,0,0,0,0,0,0,0.0426035,0.4887,-1.46863,-0.0353108,0.612341,-1.52022,-0.0450898,0.811407,-1.47403,-0.0373278,0.830476,-1.42137,-0.0305899,0.794879,-1.13382,0.0227615,0.797259,-1.20488,-0.14554,0.662059,-1.2663,0.090298,0.704502,-1.27865,-1.99572e-05,0.00136383,-6.6901e-05,-0.000834923,0.000720207,0.00040116,0.000539073,-0.000903901,-9.47116e-05,0.000363072,0.000122805,-0.000999683,
-4.02606,16.8364,18.414,3.1966,10.1683,17.3434,-5.52647,-8.21151,11.4256,7.01862,-6.92682,7.85143,0,0,0,0,0,0,0,0,0,0,0,0,0.0426032,0.48873,-1.46863,-0.035329,0.612357,-1.52021,-0.0450779,0.811387,-1.47403,-0.0373198,0.830479,-1.4214,-0.0305983,0.79488,-1.13383,0.0227703,0.797252,-1.20488,-0.145545,0.662064,-1.26629,0.0903009,0.704539,-1.27865,-1.1524e-05,0.00136254,-7.48637e-05,-0.000826518,0.000715465,0.000400226,0.000546795,-0.000911014,-9.04333e-05,0.000370932,0.000110907,-0.00098747,
-4.02642,16.8353,18.4134,3.19768,10.1673,17.3431,-5.52722,-8.21055,11.4262,7.0184,-6.92528,7.85253,0,0,0,0,0,0,0,0,0,0,0,0,0.042603,0.488751,-1.46863,-0.0353422,0.612368,-1.52021,-0.0450691,0.811372,-1.47403,-0.0373138,0.83048,-1.42141,-0.0306049,0.794882,-1.13384,0.0227767,0.797246,-1.20488,-0.14555,0.662066,-1.26628,0.0903028,0.704569,-1.27864,-1.40543e-05,0.00136108,-7.61e-05,-0.000828869,0.000715408,0.000396882,0.000545037,-0.000914543,-8.7467e-05,0.000369207,0.000109396,-0.000987131,
-4.02688,16.8339,18.4125,3.19911,10.1661,17.3426,-5.52816,-8.20914,11.4271,7.01813,-6.92352,7.85402,0,0,0,0,0,0,0,0,0,0,0,0,0.0426026,0.488781,-1.46863,-0.0353605,0.612384,-1.5202,-0.0450571,0.811352,-1.47403,-0.0373057,0.830483,-1.42143,-0.0306138,0.794886,-1.13386,0.0227844,0.79724,-1.20488,-0.145556,0.662072,-1.26627,0.0903059,0.704604,-1.27864,-1.70082e-05,0.00136006,-7.13056e-05,-0.000831448,0.00071644,0.00039805,0.000542918,-0.000911448,-9.05036e-05,0.000367083,0.000115466,-0.000994243,
-4.02744,16.8323,18.4116,3.20048,10.1647,17.3422,-5.5292,-8.20793,11.4278,7.01775,-6.92169,7.8555,0,0,0,0,0,0,0,0,0,0,0,0,0.0426024,0.488811,-1.46863,-0.0353786,0.6124,-1.52019,-0.0450451,0.811332,-1.47403,-0.0372975,0.830485,-1.42145,-0.0306239,0.794888,-1.13388,0.0227914,0.797231,-1.20487,-0.145562,0.662074,-1.26626,0.0903072,0.704639,-1.27863,-6.83805e-06,0.00136013,-7.36732e-05,-0.000821179,0.000712584,0.000400958,0.000550431,-0.000911027,-9.28844e-05,0.000374708,0.000109959,-0.000988415,
-4.02778,16.8312,18.4111,3.20178,10.1639,17.3417,-5.52995,-8.2066,11.4288,7.0176,-6.91992,7.8566,0,0,0,0,0,0,0,0,0,0,0,0,0.0426024,0.488836,-1.46864,-0.0353933,0.612412,-1.52018,-0.0450352,0.811315,-1.47404,-0.0372908,0.830487,-1.42147,-0.0306303,0.794892,-1.13389,0.0228002,0.797229,-1.20488,-0.145566,0.662081,-1.26624,0.0903113,0.704673,-1.27863,-1.12403e-05,0.00135676,-7.3162e-05,-0.000825483,0.000709815,0.000398612,0.000545205,-0.000917914,-8.62795e-05,0.00036945,0.000103898,-0.00098394,
-4.02822,16.8297,18.4102,3.20322,10.1626,17.3413,-5.5309,-8.20531,11.4296,7.01736,-6.91815,7.85816,0,0,0,0,0,0,0,0,0,0,0,0,0.042602,0.488865,-1.46864,-0.0354116,0.612428,-1.52017,-0.0450233,0.811295,-1.47404,-0.0372828,0.830489,-1.42149,-0.030639,0.794894,-1.13391,0.0228078,0.797221,-1.20488,-0.145572,0.662085,-1.26623,0.0903146,0.704708,-1.27863,-2.09073e-05,0.00135878,-6.67578e-05,-0.000834683,0.000715646,0.00039744,0.000536345,-0.000909807,-9.16208e-05,0.000360533,0.000117416,-0.000997737,
-4.02872,16.828,18.4094,3.20461,10.1612,17.3408,-5.53188,-8.20416,11.4303,7.017,-6.91632,7.85956,0,0,0,0,0,0,0,0,0,0,0,0,0.0426017,0.488895,-1.46864,-0.0354298,0.612444,-1.52017,-0.0450114,0.811275,-1.47404,-0.0372747,0.830492,-1.42152,-0.030648,0.794893,-1.13392,0.0228152,0.797211,-1.20488,-0.145577,0.662086,-1.26622,0.0903165,0.704744,-1.27862,-7.83872e-06,0.00136253,-6.86874e-05,-0.000821452,0.000714505,0.000402386,0.000546334,-0.000903205,-9.81207e-05,0.000370664,0.000116918,-0.000994295,
-4.02909,16.827,18.4087,3.20569,10.1604,17.3404,-5.53262,-8.2031,11.431,7.01679,-6.91474,7.86062,0,0,0,0,0,0,0,0,0,0,0,0,0.0426017,0.488917,-1.46864,-0.0354429,0.612455,-1.52016,-0.0450026,0.811261,-1.47404,-0.0372687,0.830494,-1.42153,-0.0306547,0.794896,-1.13394,0.0228218,0.797207,-1.20488,-0.145582,0.662091,-1.26621,0.0903186,0.704774,-1.27862,-6.91936e-06,0.00135996,-6.90158e-05,-0.000820419,0.00071167,0.000401432,0.000546499,-0.000909349,-9.19785e-05,0.000370847,0.000110151,-0.000987683,
-4.02952,16.8254,18.4078,3.20712,10.159,17.34,-5.53354,-8.20187,11.4317,7.01652,-6.91304,7.86214,0,0,0,0,0,0,0,0,0,0,0,0,0.0426013,0.488947,-1.46864,-0.0354611,0.612471,-1.52015,-0.0449907,0.811241,-1.47404,-0.0372607,0.830496,-1.42155,-0.0306632,0.794898,-1.13395,0.0228293,0.797198,-1.20488,-0.145587,0.662093,-1.26619,0.0903214,0.704808,-1.27861,-2.09117e-05,0.00135899,-6.51412e-05,-0.000834027,0.000716834,0.00039572,0.000535605,-0.000909103,-9.05504e-05,0.000359858,0.000119303,-0.000998741,
-4.0301,16.8238,18.407,3.20863,10.1576,17.3395,-5.53462,-8.20041,11.4326,7.01614,-6.91107,7.86363,0,0,0,0,0,0,0,0,0,0,0,0,0.042601,0.48898,-1.46864,-0.0354809,0.612488,-1.52014,-0.0449777,0.811219,-1.47404,-0.0372519,0.830499,-1.42158,-0.0306737,0.7949,-1.13397,0.0228373,0.79719,-1.20487,-0.145594,0.662098,-1.26618,0.0903236,0.704846,-1.27861,-5.69955e-06,0.00135751,-7.34555e-05,-0.00081896,0.000709104,0.000397733,0.00054777,-0.000915419,-8.83777e-05,0.000372193,0.000103868,-0.000983114,
-4.03042,16.8227,18.4064,3.20977,10.1568,17.3391,-5.53533,-8.1993,11.4334,7.01599,-6.90942,7.86469,0,0,0,0,0,0,0,0,0,0,0,0,0.042601,0.489001,-1.46864,-0.035494,0.612499,-1.52013,-0.0449689,0.811204,-1.47405,-0.037246,0.830501,-1.42159,-0.0306797,0.794903,-1.13398,0.0228448,0.797186,-1.20488,-0.145598,0.662103,-1.26617,0.0903265,0.704877,-1.27861,-1.40006e-05,0.00135424,-7.13667e-05,-0.00082695,0.000708462,0.000395538,0.000541114,-0.000920724,-8.29244e-05,0.000365527,0.000102683,-0.000983335,
-4.03086,16.8212,18.4055,3.21117,10.1555,17.3387,-5.53627,-8.19807,11.4341,7.0157,-6.90773,7.86624,0,0,0,0,0,0,0,0,0,0,0,0,0.0426005,0.489031,-1.46865,-0.0355124,0.612515,-1.52013,-0.0449571,0.811184,-1.47405,-0.037238,0.830503,-1.42161,-0.0306885,0.794905,-1.134,0.0228518,0.797177,-1.20487,-0.145603,0.662105,-1.26616,0.0903292,0.704911,-1.2786,-2.16904e-05,0.00135525,-6.32818e-05,-0.000833996,0.00071251,0.000399502,0.000535808,-0.0009119,-8.97978e-05,0.000360233,0.000116468,-0.000996425,
-4.03132,16.8196,18.4048,3.21262,10.1542,17.338,-5.53722,-8.19674,11.435,7.01539,-6.90585,7.86757,0,0,0,0,0,0,0,0,0,0,0,0,0.0426002,0.489061,-1.46865,-0.0355305,0.61253,-1.52012,-0.0449452,0.811164,-1.47405,-0.03723,0.830505,-1.42164,-0.0306968,0.794906,-1.13402,0.0228603,0.79717,-1.20488,-0.145608,0.662109,-1.26614,0.0903319,0.704947,-1.2786,-7.41434e-06,0.00135588,-6.79262e-05,-0.00081958,0.000706931,0.000406257,0.000548234,-0.00091107,-9.35374e-05,0.000372877,0.0001087,-0.000986544,
-4.0318,16.8186,18.404,3.21379,10.1533,17.3378,-5.53809,-8.19551,11.4358,7.01514,-6.90413,7.86884,0,0,0,0,0,0,0,0,0,0,0,0,0.0426002,0.489085,-1.46865,-0.0355451,0.612543,-1.52011,-0.0449353,0.811147,-1.47405,-0.0372232,0.830507,-1.42165,-0.0307054,0.794911,-1.13403,0.0228669,0.797166,-1.20487,-0.145614,0.662115,-1.26613,0.0903341,0.70498,-1.27859,-7.74599e-06,0.00135303,-6.99763e-05,-0.000819899,0.000704037,0.000402828,0.000546722,-0.000917849,-8.81002e-05,0.000371373,0.000101504,-0.000981296,
-4.0322,16.817,18.4032,3.21528,10.152,17.3373,-5.539,-8.19421,11.4367,7.01491,-6.90237,7.87038,0,0,0,0,0,0,0,0,0,0,0,0,0.0425998,0.489115,-1.46865,-0.0355634,0.612559,-1.5201,-0.0449234,0.811127,-1.47405,-0.0372152,0.83051,-1.42168,-0.0307136,0.794913,-1.13405,0.0228752,0.797158,-1.20487,-0.145619,0.662119,-1.26611,0.0903376,0.705015,-1.27859,-2.60974e-05,0.00135558,-6.34767e-05,-0.000837604,0.000713571,0.000399277,0.000532833,-0.000908848,-9.37682e-05,0.000357408,0.000121325,-0.0010015,
-4.03267,16.8154,18.4024,3.2167,10.1507,17.3367,-5.53997,-8.19297,11.4374,7.01457,-6.90052,7.87171,0,0,0,0,0,0,0,0,0,0,0,0,0.0425994,0.489145,-1.46865,-0.0355817,0.612574,-1.52009,-0.0449116,0.811107,-1.47406,-0.0372072,0.830512,-1.4217,-0.0307221,0.794913,-1.13406,0.0228832,0.797149,-1.20488,-0.145625,0.662121,-1.2661,0.0903397,0.705051,-1.27858,-1.19611e-05,0.00135702,-6.80536e-05,-0.000823365,0.000708611,0.000405578,0.000544396,-0.000908475,-9.53412e-05,0.000369164,0.000112717,-0.00098956,
-4.03311,16.8139,18.4017,3.21811,10.1494,17.3362,-5.54096,-8.192,11.4381,7.01437,-6.89875,7.87276,0,0,0,0,0,0,0,0,0,0,0,0,0.0425992,0.489175,-1.46865,-0.0355997,0.61259,-1.52008,-0.0448995,0.811093,-1.47406,-0.0372012,0.830514,-1.42171,-0.0307302,0.794915,-1.13408,0.0228909,0.797142,-1.20488,-0.145631,0.662124,-1.26609,0.0903421,0.705085,-1.27858,-9.29896e-06,0.00135375,-7.01958e-05,-0.000820727,0.000703992,0.000403732,0.000544922,-0.000913914,-9.06244e-05,0.000371513,0.000104568,-0.000981244,
-3.60313,14.9747,19.4198,2.92541,8.70031,17.5804,-5.63341,-9.84927,10.9049,6.89437,-7.52454,8.36237,0,0,0,0,0,0,0,0,0,0,0,0,0.0425991,0.489196,-1.46865,-0.0356128,0.612601,-1.52008,-0.0448908,0.811072,-1.47406,-0.0371931,0.830516,-1.42174,-0.0229127,0.761497,-1.11557,0.0175559,0.770806,-1.20043,-0.147303,0.631972,-1.27579,0.0881681,0.693709,-1.2697,-1.27121e-05,0.00135058,-6.79905e-05,-0.000824093,0.000701939,0.00040038,0.000539393,-0.000921937,-8.28975e-05,0.000364105,9.76406e-05,-0.000977953,
-3.5055,15.7149,18.9938,2.78067,9.33792,17.4778,-5.42714,-9.21335,10.0453,6.96109,-7.41767,7.53462,0,0,0,0,0,0,0,0,0,0,0,0,0.0424893,0.488531,-1.46833,-0.0357495,0.611985,-1.51994,-0.0449954,0.80981,-1.47285,-0.0373093,0.829336,-1.42069,-0.0215322,0.772406,-1.12274,0.0144894,0.780061,-1.20205,-0.143962,0.63893,-1.28932,0.0889414,0.691278,-1.28291,-0.0114096,-0.0740609,0.0361451,-0.0127461,-0.0681789,0.0158435,-0.0116579,-0.134565,0.130309,-0.0125835,-0.127639,0.114936,
-3.47566,15.8754,18.8091,2.55437,9.55694,17.2234,-5.37096,-9.16752,9.66802,6.89833,-7.2403,7.25184,0,0,0,0,0,0,0,0,0,0,0,0,0.0424299,0.486299,-1.46704,-0.0358297,0.609816,-1.51908,-0.0451033,0.807097,-1.47026,-0.0374632,0.826695,-1.41831,-0.020473,0.772202,-1.12455,0.0108943,0.780769,-1.2055,-0.142576,0.636134,-1.29339,0.0879407,0.69075,-1.28541,0.0116386,-0.109643,0.0743597,0.0112403,-0.112395,0.0625452,0.00722728,-0.171231,0.159549,-0.000813351,-0.172165,0.154017,
-3.37039,15.3729,18.5191,2.36125,8.59454,16.9775,-5.40753,-9.81828,9.4496,6.59474,-6.81997,7.31985,0,0,0,0,0,0,0,0,0,0,0,0,0.0427082,0.484505,-1.46561,-0.0355481,0.607942,-1.51779,-0.0449099,0.803749,-1.46732,-0.0372541,0.823195,-1.41529,-0.0181684,0.761192,-1.12821,0.00780326,0.761275,-1.20849,-0.142952,0.62195,-1.29478,0.082913,0.695741,-1.28144,0.0161274,-0.112856,0.101018,0.0167803,-0.117284,0.0900306,0.0110613,-0.131424,0.107203,0.0105066,-0.138186,0.111375,
-3.69308,18.1231,16.7493,2.62574,10.4964,16.5857,-5.21369,-7.53214,10.1635,6.82202,-5.85565,7.00737,0,0,0,0,0,0,0,0,0,0,0,0,0.0426964,0.481853,-1.46304,-0.0355356,0.605348,-1.51575,-0.0449708,0.801087,-1.46538,-0.0373296,0.820614,-1.41358,-0.0249899,0.808022,-1.15764,0.0116962,0.793139,-1.2136,-0.140268,0.660915,-1.27999,0.086183,0.711336,-1.28578,-0.0215784,-0.133685,0.126381,-0.0203542,-0.122084,0.0868263,-0.0201137,-0.128952,0.0873095,-0.020967,-0.112465,0.0581791,
-3.69691,17.685,17.1653,2.75495,10.256,16.5641,-5.38716,-7.79314,11.0433,6.76765,-5.51369,7.70298,0,0,0,0,0,0,0,0,0,0,0,0,0.0422655,0.479679,-1.46098,-0.0359415,0.603394,-1.51435,-0.0453331,0.799361,-1.46461,-0.0377027,0.819228,-1.41334,-0.025212,0.799148,-1.14831,0.0139221,0.787935,-1.21273,-0.143427,0.657035,-1.26409,0.0851994,0.718646,-1.27365,-0.0104379,-0.0831059,0.0845135,-0.00905625,-0.0772925,0.066533,-0.00582204,-0.0253152,-0.0386975,-0.00583859,-0.0133241,-0.0529691,
-3.75358,17.5675,17.3825,2.98364,10.0631,16.7917,-5.55336,-7.9635,12.0674,6.80607,-5.66347,8.59263,0,0,0,0,0,0,0,0,0,0,0,0,0.0421943,0.478977,-1.46016,-0.0359956,0.602748,-1.51353,-0.0452461,0.800753,-1.46769,-0.0376035,0.820821,-1.41649,-0.0263852,0.798281,-1.14407,0.0179246,0.785777,-1.20818,-0.146273,0.658586,-1.24957,0.0861047,0.720866,-1.2616,-0.0133056,-0.00417515,0.00587086,-0.0131143,0.00252712,0.00633755,-0.00225621,0.104959,-0.188093,-0.00154199,0.120704,-0.196808,
-3.90073,18.2533,17.9011,3.28837,11.1944,17.157,-5.57767,-7.05043,12.8854,7.14251,-5.90678,8.94697,0,0,0,0,0,0,0,0,0,0,0,0,0.0417333,0.479275,-1.4609,-0.0364771,0.603266,-1.51423,-0.0453921,0.803269,-1.47217,-0.0377325,0.823788,-1.42124,-0.0297526,0.811653,-1.13588,0.0226967,0.807573,-1.20269,-0.14697,0.677607,-1.23921,0.0919852,0.719447,-1.25997,-0.0225359,0.0200251,-0.0666738,-0.0245897,0.0308486,-0.0609283,-0.00662375,0.101098,-0.193851,-0.00584288,0.122217,-0.20568,
-3.9907,17.6228,18.6979,3.41639,10.9348,17.4876,-5.68235,-7.46285,13.1476,7.13467,-6.05018,8.95696,0,0,0,0,0,0,0,0,0,0,0,0,0.0414702,0.479767,-1.46262,-0.0367934,0.603897,-1.51568,-0.0453734,0.804882,-1.47547,-0.0376977,0.825691,-1.4246,-0.0311283,0.801151,-1.12343,0.025199,0.803737,-1.19831,-0.148378,0.671564,-1.23768,0.0923606,0.718265,-1.26295,-0.00161204,0.0387636,-0.113074,-0.00495098,0.0410188,-0.0862446,0.012427,0.0947927,-0.185777,0.0134874,0.103126,-0.176916,
-4.03531,17.6999,18.7956,3.49659,10.9609,17.6536,-5.72911,-7.40601,13.2977,7.16497,-6.19984,9.01038,0,0,0,0,0,0,0,0,0,0,0,0,0.0415443,0.480746,-1.46519,-0.0367949,0.604881,-1.51757,-0.0450079,0.806885,-1.47925,-0.0373093,0.827807,-1.42809,-0.0319541,0.80354,-1.12416,0.0265724,0.805247,-1.19715,-0.148944,0.674123,-1.23846,0.0932132,0.717227,-1.26523,-0.00516325,0.0391151,-0.103586,-0.00828033,0.0430349,-0.0811629,0.00919895,0.075703,-0.144398,0.010011,0.085756,-0.140238,
-4.01743,17.6832,18.782,3.53949,10.965,17.6916,-5.71532,-7.39145,13.1953,7.18777,-6.23358,8.95754,0,0,0,0,0,0,0,0,0,0,0,0,0.0412861,0.481412,-1.46703,-0.0371094,0.605694,-1.51909,-0.0449346,0.808085,-1.48162,-0.0372238,0.829311,-1.43055,-0.0320637,0.803533,-1.126,0.0268877,0.805836,-1.19781,-0.148785,0.674705,-1.24226,0.093538,0.717332,-1.26828,-0.0122244,0.0243261,-0.0673578,-0.0142892,0.0311341,-0.0559087,0.00259581,0.0403893,-0.0813255,0.00300287,0.0543756,-0.0869931,
-4.00796,17.6368,18.6978,3.50583,10.929,17.585,-5.71266,-7.44662,13.0029,7.15266,-6.25899,8.85326,0,0,0,0,0,0,0,0,0,0,0,0,0.0411179,0.481762,-1.46795,-0.0373054,0.606144,-1.51982,-0.0448482,0.808606,-1.48266,-0.0371318,0.830053,-1.43168,-0.0318897,0.802859,-1.12826,0.0262739,0.805379,-1.20027,-0.148513,0.673802,-1.24654,0.0931248,0.717095,-1.27102,-0.0054266,0.0171491,-0.0390068,-0.00652518,0.0210661,-0.0269645,0.00806239,0.0235583,-0.0434089,0.00832888,0.0336859,-0.0459637,
-3.98469,17.5294,18.5831,3.45321,10.8166,17.4106,-5.70266,-7.55837,12.7669,7.10472,-6.32408,8.74642,0,0,0,0,0,0,0,0,0,0,0,0,0.0410858,0.4821,-1.46845,-0.0373485,0.606529,-1.52004,-0.0446026,0.809017,-1.48323,-0.0368819,0.830638,-1.43226,-0.0313549,0.801177,-1.13065,0.0254436,0.803591,-1.20347,-0.147979,0.671981,-1.2512,0.0926058,0.716215,-1.27333,0.000326518,0.0144469,-0.0102679,0.000262255,0.0158298,0.00150091,0.0123158,0.0155511,-0.0129198,0.0124389,0.0224401,-0.0134047,
-3.95828,17.421,18.4563,3.40101,10.6793,17.2791,-5.67374,-7.66699,12.4804,7.0668,-6.40135,8.63909,0,0,0,0,0,0,0,0,0,0,0,0,0.0411032,0.482403,-1.46844,-0.0373252,0.606859,-1.51982,-0.0443408,0.809256,-1.48319,-0.0366196,0.831021,-1.43225,-0.0308462,0.799491,-1.13282,0.0245416,0.801401,-1.20555,-0.147224,0.670029,-1.25618,0.0921417,0.714966,-1.27511,0.000766243,0.0136943,0.00720803,0.00121233,0.0149394,0.0146246,0.0110339,0.00689352,0.013602,0.0109615,0.0133336,0.0106839,
-3.945,17.3095,18.3918,3.35326,10.5467,17.1975,-5.64731,-7.7759,12.2451,7.02698,-6.46939,8.54298,0,0,0,0,0,0,0,0,0,0,0,0,0.04112,0.482627,-1.46826,-0.0373,0.607102,-1.51954,-0.0441741,0.809312,-1.48282,-0.0364553,0.831175,-1.43195,-0.0305477,0.797717,-1.13378,0.0237406,0.79925,-1.20674,-0.146581,0.667965,-1.25999,0.0915749,0.713714,-1.27645,0.00238562,0.0148468,0.012135,0.00289302,0.0155763,0.0175451,0.010864,0.0013024,0.0287056,0.0106809,0.00658253,0.0253671,
-3.94961,17.1855,18.3726,3.30828,10.4167,17.1651,-5.62981,-7.87707,11.9924,6.97956,-6.53082,8.39225,0,0,0,0,0,0,0,0,0,0,0,0,0.0412329,0.483031,-1.468,-0.0371787,0.607504,-1.51917,-0.0438996,0.809254,-1.48193,-0.0361867,0.831205,-1.43111,-0.0304277,0.795958,-1.1339,0.0231269,0.797349,-1.20699,-0.145977,0.665897,-1.26359,0.0909897,0.71239,-1.27824,0.00602324,0.0185143,0.00834756,0.00619639,0.0180276,0.0125042,0.0113072,-0.00549917,0.0435832,0.0110075,-0.00291362,0.041439,
-3.94727,17.0719,18.3542,3.27953,10.2855,17.1727,-5.6072,-7.97897,11.7804,6.95562,-6.60526,8.29373,0,0,0,0,0,0,0,0,0,0,0,0,0.0413555,0.48348,-1.46786,-0.0370563,0.607948,-1.51898,-0.04369,0.809097,-1.48087,-0.035985,0.831101,-1.43013,-0.0302952,0.794428,-1.13412,0.0226857,0.79551,-1.20672,-0.145447,0.663834,-1.26634,0.090662,0.71088,-1.27902,0.00471165,0.0220197,0.00479865,0.00456835,0.0221599,0.00498862,0.00766291,-0.00762197,0.0503533,0.00724766,-0.0050068,0.0458325,
-3.95642,16.9705,18.3526,3.25689,10.1802,17.1892,-5.59536,-8.06875,11.6167,6.93488,-6.66602,8.21826,0,0,0,0,0,0,0,0,0,0,0,0,0.0414604,0.484005,-1.4678,-0.0369581,0.608475,-1.51895,-0.043547,0.808935,-1.47974,-0.0358872,0.831021,-1.42939,-0.0303366,0.793191,-1.13411,0.0223852,0.794195,-1.20642,-0.145125,0.662055,-1.26818,0.090351,0.709683,-1.27965,0.00551977,0.0252458,0.000704294,0.00508277,0.0250274,-0.000699113,0.00621729,-0.00700514,0.0514976,0.00597337,-0.00554617,0.0469243,
-3.96158,16.9026,18.3556,3.24194,10.1058,17.2027,-5.58885,-8.1274,11.5118,6.91737,-6.72516,8.14536,0,0,0,0,0,0,0,0,0,0,0,0,0.0415511,0.484427,-1.46781,-0.0368759,0.608892,-1.51899,-0.0434579,0.808836,-1.47893,-0.0357708,0.830906,-1.42836,-0.0303347,0.792421,-1.13409,0.0221963,0.793297,-1.20624,-0.144946,0.660917,-1.26928,0.0901141,0.708502,-1.27995,0.00571989,0.0269113,-0.00155327,0.0051105,0.0265006,-0.00392907,0.00507774,-0.00594114,0.0506742,0.0045785,-0.00514553,0.0461906,
-3.97157,16.8402,18.3584,3.23163,10.0483,17.2382,-5.58354,-8.17194,11.4059,6.9078,-6.76901,8.07208,0,0,0,0,0,0,0,0,0,0,0,0,0.0416746,0.485028,-1.46788,-0.0367683,0.609482,-1.51912,-0.0433674,0.808709,-1.47783,-0.0356917,0.830788,-1.42736,-0.0303971,0.791897,-1.13411,0.022107,0.792847,-1.20575,-0.144803,0.659983,-1.27011,0.0899746,0.70757,-1.28029,0.00555052,0.0273599,-0.00373611,0.00473531,0.0267139,-0.00730577,0.00332303,-0.00583305,0.0494629,0.00279433,-0.00581502,0.0450393,
-3.98035,16.7816,18.355,3.22231,9.99629,17.2677,-5.58057,-8.21921,11.3151,6.9014,-6.8106,8.01501,0,0,0,0,0,0,0,0,0,0,0,0,0.0417924,0.485631,-1.46796,-0.03667,0.610067,-1.5193,-0.0433151,0.808602,-1.47678,-0.0356511,0.830672,-1.42641,-0.0304439,0.791433,-1.13427,0.0220282,0.792474,-1.2054,-0.144735,0.659062,-1.27074,0.0898609,0.706723,-1.2804,0.0053541,0.0272925,-0.00411406,0.00442939,0.026265,-0.00838283,0.00181659,-0.00399349,0.0457522,0.00127926,-0.00478059,0.0417372,
-3.98748,16.7433,18.3494,3.21606,9.96445,17.2815,-5.57977,-8.25017,11.2589,6.89761,-6.8442,7.97623,0,0,0,0,0,0,0,0,0,0,0,0,0.0418873,0.486119,-1.46803,-0.036592,0.610533,-1.51944,-0.0432922,0.808555,-1.476,-0.0356378,0.830604,-1.4257,-0.0304782,0.791213,-1.13443,0.021992,0.792337,-1.20529,-0.144717,0.658505,-1.27101,0.0897858,0.706079,-1.28041,0.0053676,0.0267866,-0.00358333,0.00440811,0.0252867,-0.00782365,0.00102719,-0.0018807,0.0415529,0.000498758,-0.00341981,0.0383034,
-3.99519,16.7043,18.3421,3.20937,9.93592,17.2972,-5.57936,-8.27872,11.202,6.89526,-6.87328,7.93385,0,0,0,0,0,0,0,0,0,0,0,0,0.0420049,0.486693,-1.4681,-0.0364958,0.611067,-1.5196,-0.0432792,0.808537,-1.47515,-0.0356362,0.830542,-1.4249,-0.0305031,0.791042,-1.13463,0.0219634,0.792302,-1.20516,-0.144717,0.658011,-1.27122,0.0897245,0.705509,-1.28041,0.00526867,0.0253858,-0.00288957,0.00427946,0.0232783,-0.0067289,0.000203089,-0.000132777,0.0365986,-0.000304899,-0.00256595,0.0344735,
-4.00152,16.6771,18.3343,3.20545,9.91902,17.3096,-5.57863,-8.29723,11.1632,6.89636,-6.89712,7.90085,0,0,0,0,0,0,0,0,0,0,0,0,0.0421148,0.487232,-1.46816,-0.0364079,0.611553,-1.51974,-0.0432869,0.808556,-1.47441,-0.0356548,0.830499,-1.4242,-0.0305206,0.791042,-1.13482,0.0219674,0.792424,-1.20505,-0.144736,0.657733,-1.27122,0.0897026,0.705055,-1.28034,0.00478135,0.0236187,-0.00216364,0.00377427,0.0210177,-0.0055393,-0.000758831,0.00144297,0.0313733,-0.0012414,-0.00166204,0.0302286,
-4.00721,16.6644,18.3306,3.20469,9.91632,17.3187,-5.57895,-8.30257,11.1472,6.89907,-6.91145,7.87891,0,0,0,0,0,0,0,0,0,0,0,0,0.0421965,0.487642,-1.46819,-0.0363444,0.611912,-1.51983,-0.0433075,0.808595,-1.47389,-0.0356838,0.830477,-1.42369,-0.0305509,0.791182,-1.13492,0.0220081,0.792684,-1.20497,-0.144777,0.657702,-1.27103,0.0897085,0.704785,-1.28025,0.00444093,0.0220264,-0.00186712,0.00341776,0.0189856,-0.00459237,-0.0013547,0.00251404,0.0270194,-0.00181075,-0.00115763,0.0268354,
-4.01244,16.6474,18.3305,3.20449,9.91284,17.3279,-5.5786,-8.31,11.1333,6.90341,-6.92282,7.85538,0,0,0,0,0,0,0,0,0,0,0,0,0.0422895,0.488102,-1.46823,-0.0362743,0.612299,-1.51992,-0.0433445,0.808662,-1.47335,-0.0357305,0.830455,-1.42314,-0.030564,0.791283,-1.13496,0.022063,0.792944,-1.20489,-0.144823,0.657659,-1.27078,0.0897261,0.704565,-1.28016,0.00399957,0.0200216,-0.00191111,0.00295053,0.0164504,-0.00365697,-0.00197902,0.00351394,0.0218482,-0.00239849,-0.000818279,0.0229008,
-4.01681,16.6402,18.3293,3.2064,9.91693,17.3349,-5.5782,-8.31028,11.134,6.91036,-6.93124,7.84106,0,0,0,0,0,0,0,0,0,0,0,0,0.042369,0.488519,-1.46827,-0.036218,0.612632,-1.51998,-0.0433969,0.808753,-1.47294,-0.0357916,0.830445,-1.42269,-0.030582,0.791517,-1.13502,0.0221357,0.793291,-1.20482,-0.144886,0.657771,-1.27039,0.0897741,0.704419,-1.28,0.0032789,0.0179909,-0.00180411,0.00221825,0.014042,-0.00268742,-0.00270379,0.00458308,0.0166489,-0.00308667,-0.000161065,0.0186654,
-4.02058,16.6438,18.3304,3.21047,9.93008,17.3394,-5.579,-8.30128,11.1486,6.91734,-6.93249,7.83509,0,0,0,0,0,0,0,0,0,0,0,0,0.0424169,0.488793,-1.4683,-0.036187,0.612842,-1.52002,-0.043444,0.808834,-1.47271,-0.0358447,0.830448,-1.42242,-0.0306139,0.791821,-1.13503,0.0222292,0.793696,-1.20477,-0.144958,0.658034,-1.26992,0.0898392,0.70441,-1.27986,0.00282725,0.0165267,-0.00179103,0.00176238,0.0123092,-0.00196549,-0.00308507,0.0052906,0.0129681,-0.00344,0.00027017,0.0157056,
-4.02413,16.6414,18.3347,3.21465,9.94007,17.3425,-5.57884,-8.29664,11.165,6.9257,-6.93297,7.82846,0,0,0,0,0,0,0,0,0,0,0,0,0.0424731,0.489134,-1.46834,-0.0361544,0.613085,-1.52005,-0.0435163,0.808958,-1.47248,-0.0359242,0.830458,-1.42212,-0.030635,0.79207,-1.135,0.0223248,0.794065,-1.20474,-0.145036,0.658261,-1.26942,0.0899034,0.70442,-1.2797,0.00231329,0.0146288,-0.0019866,0.00123947,0.0100563,-0.00113415,-0.00344881,0.00601192,0.00838592,-0.00376531,0.000631446,0.0121116,
-4.02715,16.6452,18.3387,3.22011,9.95456,17.3444,-5.57838,-8.28685,11.1886,6.9353,-6.93105,7.82647,0,0,0,0,0,0,0,0,0,0,0,0,0.0425166,0.489433,-1.46839,-0.0361346,0.61328,-1.52007,-0.0435967,0.809097,-1.47234,-0.0360112,0.830476,-1.42189,-0.0306627,0.792392,-1.13497,0.0224275,0.794471,-1.20472,-0.145118,0.658587,-1.26888,0.0899818,0.704478,-1.27953,0.00166259,0.0127265,-0.00210437,0.000584944,0.00794251,-0.000419725,-0.00384803,0.00641371,0.00441763,-0.0041304,0.00087484,0.0088492,
-4.02971,16.6532,18.3433,3.22591,9.97166,17.3459,-5.57835,-8.27382,11.2136,6.94401,-6.92543,7.8268,0,0,0,0,0,0,0,0,0,0,0,0,0.0425418,0.489646,-1.46843,-0.0361287,0.613406,-1.52007,-0.0436681,0.809213,-1.47229,-0.0360874,0.830491,-1.42176,-0.0306958,0.792712,-1.13493,0.0225272,0.794866,-1.20469,-0.145194,0.658941,-1.26839,0.0900593,0.704595,-1.27941,0.00119836,0.0111827,-0.00222779,0.00011915,0.00627018,9.05044e-05,-0.0040633,0.00643345,0.00170811,-0.00431996,0.000821701,0.0066362,
-4.03149,16.6578,18.35,3.23186,9.98627,17.3438,-5.57718,-8.26378,11.2408,6.95348,-6.91951,7.82847,0,0,0,0,0,0,0,0,0,0,0,0,0.0425626,0.489872,-1.46848,-0.0361316,0.613522,-1.52006,-0.0437591,0.809354,-1.47229,-0.0361837,0.830508,-1.42164,-0.0307186,0.792978,-1.13486,0.0226212,0.795202,-1.20472,-0.145267,0.659265,-1.26792,0.0901328,0.704719,-1.27928,0.000741017,0.00948789,-0.00231806,-0.000334141,0.00446031,0.000714624,-0.0041853,0.00644332,-0.00120524,-0.00441249,0.000799136,0.00423919,
-4.03342,16.6682,18.3557,3.23811,10.0048,17.3406,-5.57605,-8.24881,11.2722,6.9632,-6.91138,7.83255,0,0,0,0,0,0,0,0,0,0,0,0,0.0425743,0.490061,-1.46853,-0.0361435,0.613599,-1.52004,-0.0438513,0.809494,-1.47234,-0.0362806,0.830524,-1.42157,-0.0307524,0.793315,-1.1348,0.0227128,0.795575,-1.20475,-0.14534,0.65967,-1.26742,0.0902124,0.704879,-1.27915,0.000327327,0.00785428,-0.00233424,-0.000740225,0.00280028,0.0012629,-0.00422244,0.00620118,-0.00352069,-0.00442424,0.000636531,0.00225931,
-4.03509,16.6794,18.3601,3.24366,10.0222,17.3392,-5.5757,-8.23409,11.2987,6.971,-6.90192,7.83719,0,0,0,0,0,0,0,0,0,0,0,0,0.0425774,0.490176,-1.46857,-0.0361574,0.613634,-1.52002,-0.0439184,0.80959,-1.47241,-0.0363508,0.830532,-1.42155,-0.0307862,0.793606,-1.13476,0.0227932,0.795898,-1.20475,-0.1454,0.660027,-1.26701,0.0902849,0.705054,-1.27904,6.22355e-05,0.0067498,-0.00233257,-0.000998066,0.00172573,0.00157487,-0.00420483,0.00591532,-0.004865,-0.00439084,0.000466891,0.00105012,
-4.03631,16.6881,18.3666,3.24989,10.0377,17.3328,-5.57408,-8.22164,11.3315,6.98034,-6.89284,7.84544,0,0,0,0,0,0,0,0,0,0,0,0,0.0425744,0.49032,-1.46862,-0.0361857,0.613659,-1.51997,-0.0440183,0.809729,-1.47255,-0.0364548,0.830544,-1.42154,-0.0308192,0.793877,-1.1347,0.0228709,0.796175,-1.20482,-0.145467,0.660389,-1.26657,0.0903542,0.705234,-1.2789,-0.000249428,0.00543588,-0.00222672,-0.00129188,0.000518554,0.00201614,-0.00408447,0.00575655,-0.00668932,-0.00424985,0.000563412,-0.00071932,
-4.03777,16.699,18.3724,3.25596,10.0539,17.3278,-5.57273,-8.20688,11.3622,6.98879,-6.88243,7.85322,0,0,0,0,0,0,0,0,0,0,0,0,0.0425665,0.490426,-1.46867,-0.0362164,0.613658,-1.51993,-0.0441058,0.809851,-1.47271,-0.0365458,0.830555,-1.42157,-0.0308592,0.794152,-1.13464,0.0229453,0.796445,-1.20486,-0.145526,0.660766,-1.26618,0.0904216,0.705429,-1.2788,-0.00047015,0.00431464,-0.00218381,-0.00150015,-0.00042961,0.0022029,-0.00391073,0.00526821,-0.00767099,-0.00406245,0.000387863,-0.00181316,
-4.03899,16.7083,18.3763,3.26063,10.0669,17.3252,-5.57204,-8.19486,11.3848,6.99508,-6.87287,7.85963,0,0,0,0,0,0,0,0,0,0,0,0,0.0425581,0.490488,-1.4687,-0.0362412,0.613646,-1.51989,-0.0441667,0.809931,-1.47284,-0.0366091,0.830559,-1.42161,-0.0308931,0.794365,-1.1346,0.0230026,0.796656,-1.20487,-0.145571,0.661054,-1.2659,0.0904765,0.705603,-1.27872,-0.000598426,0.00359897,-0.00213852,-0.00161871,-0.000978354,0.00225035,-0.00375998,0.00485152,-0.00810125,-0.00390439,0.000243294,-0.00242292,
-4.04015,16.7164,18.3815,3.26558,10.0785,17.3192,-5.57083,-8.18382,11.4105,7.00159,-6.86366,7.86815,0,0,0,0,0,0,0,0,0,0,0,0,0.042544,0.490557,-1.46875,-0.0362775,0.613618,-1.51984,-0.0442458,0.810032,-1.47302,-0.0366913,0.830563,-1.42167,-0.0309297,0.794563,-1.13455,0.0230552,0.796826,-1.20493,-0.14562,0.661345,-1.26562,0.0905212,0.705774,-1.27863,-0.000655249,0.00281339,-0.00201709,-0.00165844,-0.00151775,0.00233291,-0.00343435,0.00440924,-0.00853907,-0.00357029,0.000194347,-0.00315153,
-4.04158,16.7255,18.3858,3.27021,10.09,17.3141,-5.56983,-8.17174,11.4343,7.00742,-6.85415,7.87642,0,0,0,0,0,0,0,0,0,0,0,0,0.0425297,0.49061,-1.46879,-0.0363136,0.613579,-1.51979,-0.0443166,0.810121,-1.47321,-0.036765,0.830565,-1.42174,-0.0309707,0.794763,-1.13452,0.023103,0.796985,-1.20497,-0.145663,0.661639,-1.26537,0.0905623,0.705944,-1.27856,-0.000683266,0.00209863,-0.00188878,-0.00167044,-0.00193262,0.0022979,-0.00308354,0.00378919,-0.00854637,-0.00321475,2.60682e-05,-0.00357094,
-4.04274,16.7325,18.3888,3.27393,10.0987,17.3108,-5.56914,-8.16221,11.452,7.0119,-6.84567,7.88326,0,0,0,0,0,0,0,0,0,0,0,0,0.0425175,0.490643,-1.46883,-0.0363435,0.613541,-1.51975,-0.044369,0.810183,-1.47336,-0.0368197,0.830563,-1.42181,-0.0310045,0.79491,-1.1345,0.0231404,0.7971,-1.20499,-0.145696,0.66186,-1.2652,0.0905958,0.706093,-1.2785,-0.000710517,0.00159934,-0.00175847,-0.00168454,-0.00214624,0.00218484,-0.00281481,0.00324164,-0.00832151,-0.00294485,-0.000107229,-0.00378437,
-4.04375,16.7386,18.3915,3.27782,10.1057,17.3059,-5.56829,-8.15366,11.4707,7.01635,-6.83804,7.89212,0,0,0,0,0,0,0,0,0,0,0,0,0.0425017,0.490673,-1.46886,-0.0363806,0.613493,-1.5197,-0.0444271,0.810249,-1.47354,-0.0368806,0.830561,-1.4219,-0.0310388,0.795041,-1.13448,0.0231747,0.797179,-1.20503,-0.14573,0.662071,-1.26504,0.0906243,0.706233,-1.27843,-0.000707825,0.00119518,-0.00149796,-0.00166128,-0.00217995,0.00207051,-0.00246949,0.00281424,-0.00804144,-0.00260009,-3.19947e-06,-0.00410756,
-4.04529,16.7443,18.3941,3.28104,10.1121,17.3018,-5.56795,-8.14501,11.486,7.01946,-6.83022,7.89906,0,0,0,0,0,0,0,0,0,0,0,0,0.042488,0.490694,-1.46889,-0.036415,0.613444,-1.51966,-0.0444756,0.810303,-1.47371,-0.0369321,0.830559,-1.42199,-0.0310766,0.795157,-1.13446,0.0232029,0.797246,-1.20507,-0.145761,0.662266,-1.26493,0.0906411,0.706369,-1.27839,-0.000557517,0.000817847,-0.00133712,-0.00149565,-0.00221116,0.001879,-0.00200432,0.00216824,-0.00741667,-0.00213674,-0.000166736,-0.00403723,
-4.04643,16.7483,18.3952,3.28327,10.1157,17.2996,-5.56792,-8.13882,11.4955,7.0214,-6.82416,7.90447,0,0,0,0,0,0,0,0,0,0,0,0,0.0424801,0.490705,-1.46891,-0.0364379,0.613409,-1.51963,-0.0445047,0.810333,-1.47383,-0.0369633,0.830555,-1.42205,-0.0311035,0.795234,-1.13446,0.0232226,0.797276,-1.20508,-0.145783,0.662397,-1.26486,0.0906522,0.706473,-1.27836,-0.000488036,0.000594529,-0.00118656,-0.0014145,-0.00215535,0.00169588,-0.00171655,0.00170565,-0.00686453,-0.00185199,-0.000246146,-0.00395977,
-4.04778,16.752,18.3958,3.28578,10.1191,17.2969,-5.5677,-8.1326,11.5058,7.02343,-6.81805,7.91128,0,0,0,0,0,0,0,0,0,0,0,0,0.0424696,0.490716,-1.46894,-0.0364704,0.613359,-1.51959,-0.0445407,0.810365,-1.47398,-0.0370026,0.830548,-1.42214,-0.0311361,0.795307,-1.13447,0.0232388,0.797294,-1.20509,-0.145804,0.662527,-1.26482,0.0906599,0.706577,-1.27833,-0.000385963,0.000345102,-0.000908593,-0.00129441,-0.00197451,0.0014191,-0.00130645,0.0010881,-0.00598613,-0.00144809,-0.000277709,-0.00383503,
-4.0492,16.7544,18.3952,3.28769,10.1203,17.2945,-5.56809,-8.12811,11.5138,7.02449,-6.81326,7.91836,0,0,0,0,0,0,0,0,0,0,0,0,0.0424626,0.490722,-1.46895,-0.0364971,0.613319,-1.51956,-0.0445648,0.810385,-1.4741,-0.0370299,0.830544,-1.42223,-0.0311656,0.795355,-1.1345,0.0232505,0.797282,-1.20511,-0.145826,0.66262,-1.2648,0.0906614,0.706664,-1.27828,-0.000257223,0.000264097,-0.000608276,-0.00114594,-0.00168275,0.00122218,-0.000920438,0.000755498,-0.00530237,-0.00106775,-0.000101793,-0.00381661,
-4.05046,16.7557,18.3945,3.28921,10.1205,17.293,-5.5687,-8.12467,11.5178,7.02466,-6.80979,7.92289,0,0,0,0,0,0,0,0,0,0,0,0,0.0424589,0.490727,-1.46897,-0.0365202,0.613286,-1.51954,-0.0445803,0.810396,-1.47418,-0.0370444,0.830542,-1.42229,-0.0311883,0.795382,-1.13452,0.0232592,0.797261,-1.20511,-0.145843,0.662683,-1.2648,0.090657,0.706727,-1.27826,-0.000100141,0.000205668,-0.000383225,-0.000973404,-0.00139111,0.000970991,-0.000531401,0.000331399,-0.00472875,-0.000788924,-4.36655e-05,-0.0037018,
-4.05186,16.7564,18.3936,3.29022,10.1201,17.2926,-5.56941,-8.12154,11.521,7.02439,-6.80589,7.92732,0,0,0,0,0,0,0,0,0,0,0,0,0.0424584,0.49073,-1.46897,-0.0365346,0.613265,-1.51953,-0.0445862,0.810398,-1.47427,-0.0370572,0.83054,-1.42236,-0.0312114,0.795396,-1.13454,0.0232664,0.797236,-1.20511,-0.145855,0.662732,-1.26483,0.0906485,0.706794,-1.27825,1.62715e-05,0.000154661,-0.000258566,-0.000848477,-0.00119792,0.000753468,-0.000261617,-6.08836e-05,-0.00378508,-0.000420363,-0.000124314,-0.0033662,
-4.05326,16.7567,18.3914,3.29148,10.1185,17.2925,-5.57048,-8.11854,11.5225,7.02375,-6.80268,7.93247,0,0,0,0,0,0,0,0,0,0,0,0,0.0424603,0.490733,-1.46897,-0.0365532,0.613241,-1.51951,-0.0445882,0.81039,-1.47435,-0.037063,0.830538,-1.42244,-0.0312325,0.795405,-1.13458,0.0232735,0.797192,-1.2051,-0.145868,0.662769,-1.26487,0.0906388,0.706851,-1.27824,0.000119752,0.000148336,-8.23893e-06,-0.00072981,-0.000838979,0.000471903,5.89883e-05,-0.000475573,-0.00287456,-0.000107597,-5.13759e-05,-0.00313143,
-4.05478,16.7563,18.389,3.29229,10.1164,17.2926,-5.57196,-8.11651,11.5231,7.02249,-6.80017,7.93686,0,0,0,0,0,0,0,0,0,0,0,0,0.0424646,0.490737,-1.46897,-0.0365674,0.613226,-1.5195,-0.0445831,0.810376,-1.47441,-0.0370616,0.830538,-1.42251,-0.0312519,0.795402,-1.13462,0.0232784,0.797148,-1.20509,-0.145882,0.662785,-1.26491,0.0906252,0.7069,-1.27822,0.00027364,0.00020031,0.000201107,-0.000561954,-0.00051059,0.000285695,0.000384437,-0.000736038,-0.00216647,0.000212054,5.79988e-05,-0.00293172,
-4.05586,16.7551,18.3867,3.2927,10.1139,17.2931,-5.5732,-8.11593,11.522,7.02117,-6.79866,7.93982,0,0,0,0,0,0,0,0,0,0,0,0,0.0424698,0.49074,-1.46897,-0.0365755,0.61322,-1.5195,-0.044575,0.810363,-1.47444,-0.0370564,0.830539,-1.42255,-0.0312641,0.795385,-1.13466,0.02328,0.797101,-1.20508,-0.145891,0.662778,-1.26496,0.0906114,0.706931,-1.27821,0.000356422,0.000246256,0.000339415,-0.000469877,-0.000275734,0.000149543,0.000581842,-0.000915638,-0.00166611,0.000405269,0.000131745,-0.00278325,
-4.05703,16.7533,18.3836,3.29328,10.1102,17.2944,-5.57484,-8.11511,11.5193,7.01935,-6.79745,7.94315,0,0,0,0,0,0,0,0,0,0,0,0,0.0424785,0.490747,-1.46896,-0.0365849,0.613218,-1.5195,-0.0445596,0.81034,-1.47447,-0.0370449,0.830543,-1.42261,-0.0312752,0.795359,-1.13471,0.0232832,0.79704,-1.20506,-0.145901,0.662763,-1.26503,0.0905949,0.706958,-1.27821,0.000421593,0.000299306,0.000505129,-0.00039395,2.37672e-05,-4.64429e-05,0.000793048,-0.00118616,-0.000973494,0.000610628,0.000191348,-0.00255392,
-4.05833,16.7513,18.3802,3.29365,10.1066,17.2959,-5.57674,-8.11442,11.5158,7.01711,-6.79629,7.94581,0,0,0,0,0,0,0,0,0,0,0,0,0.0424888,0.490754,-1.46894,-0.0365925,0.613221,-1.5195,-0.0445397,0.81031,-1.47448,-0.0370291,0.830547,-1.42266,-0.0312861,0.795332,-1.13475,0.0232848,0.796985,-1.20503,-0.14591,0.662739,-1.2651,0.0905755,0.706983,-1.27821,0.000520042,0.000355275,0.000630573,-0.000286489,0.000273007,-0.00019755,0.00101253,-0.00143483,-0.000346065,0.000825519,0.000201091,-0.00228628,
-4.05928,16.7492,18.3773,3.2939,10.1033,17.2971,-5.57839,-8.11438,11.5126,7.01511,-6.79551,7.94775,0,0,0,0,0,0,0,0,0,0,0,0,0.0424988,0.490761,-1.46893,-0.0365969,0.613228,-1.51951,-0.0445199,0.810283,-1.47448,-0.0370127,0.830551,-1.4227,-0.0312917,0.795301,-1.13479,0.0232868,0.796935,-1.20502,-0.145916,0.662709,-1.26516,0.090559,0.707002,-1.27821,0.000584715,0.000411934,0.000725959,-0.000214658,0.000460374,-0.000286143,0.00116299,-0.00157984,7.80681e-05,0.000972959,0.000233395,-0.00210716,
-4.06037,16.7473,18.3737,3.29435,10.0999,17.299,-5.58051,-8.11354,11.5093,7.01288,-6.79477,7.95029,0,0,0,0,0,0,0,0,0,0,0,0,0.0425121,0.490771,-1.46891,-0.036601,0.613241,-1.51951,-0.0444927,0.810247,-1.47447,-0.0369897,0.830557,-1.42275,-0.0312974,0.795279,-1.13484,0.0232918,0.796892,-1.20499,-0.145924,0.662685,-1.26521,0.0905446,0.707023,-1.27821,0.000614588,0.000483989,0.000829915,-0.000176504,0.000670604,-0.000369248,0.00128947,-0.00169932,0.000491947,0.00109641,0.000305239,-0.00195357,
-4.06137,16.7445,18.3699,3.29472,10.0959,17.301,-5.58272,-8.11365,11.5051,7.01046,-6.79426,7.95254,0,0,0,0,0,0,0,0,0,0,0,0,0.0425257,0.490782,-1.4689,-0.0366048,0.613258,-1.51952,-0.0444633,0.810208,-1.47446,-0.0369646,0.830565,-1.42279,-0.0313016,0.795242,-1.13489,0.0232955,0.79684,-1.20496,-0.145933,0.662643,-1.26527,0.0905281,0.707042,-1.27821,0.000634516,0.000565312,0.00090927,-0.000149538,0.000855032,-0.00042671,0.00138509,-0.00177505,0.000825503,0.00118972,0.000374473,-0.00181688,
-4.06198,16.7423,18.3672,3.29506,10.0929,17.3022,-5.58436,-8.1138,11.5021,7.00863,-6.79385,7.95384,0,0,0,0,0,0,0,0,0,0,0,0,0.0425359,0.490792,-1.46888,-0.036607,0.613273,-1.51953,-0.0444407,0.810179,-1.47444,-0.0369451,0.830571,-1.42282,-0.0313021,0.795213,-1.13492,0.0233,0.796805,-1.20495,-0.145938,0.66261,-1.26531,0.0905157,0.707057,-1.27821,0.000649272,0.000625307,0.000944063,-0.000130508,0.00096437,-0.000446719,0.00144542,-0.00181013,0.00101707,0.00124909,0.000411929,-0.00171825,
-4.06281,16.7399,18.3638,3.29559,10.0896,17.3042,-5.58658,-8.11336,11.4985,7.00637,-6.7934,7.9556,0,0,0,0,0,0,0,0,0,0,0,0,0.0425502,0.490806,-1.46886,-0.0366098,0.613295,-1.51954,-0.0444082,0.810139,-1.47442,-0.0369169,0.83058,-1.42285,-0.0313029,0.795186,-1.13497,0.0233066,0.79677,-1.20492,-0.145945,0.662577,-1.26535,0.0905041,0.707075,-1.27822,0.000642495,0.00069482,0.000961666,-0.000132709,0.00107919,-0.000462339,0.00149369,-0.00185385,0.00122789,0.00129666,0.000439189,-0.00159072,
-4.0636,16.7371,18.3601,3.29621,10.0859,17.3064,-5.58899,-8.11316,11.4946,7.00401,-6.79293,7.95746,0,0,0,0,0,0,0,0,0,0,0,0,0.0425652,0.490824,-1.46884,-0.0366134,0.613322,-1.51955,-0.0443722,0.810094,-1.47439,-0.0368857,0.830591,-1.42289,-0.0313031,0.795154,-1.13501,0.0233138,0.796733,-1.20489,-0.145953,0.662536,-1.26538,0.0904926,0.707096,-1.27822,0.000614397,0.000774263,0.000964422,-0.000156867,0.00117869,-0.000455182,0.00150715,-0.00185618,0.00137161,0.00130999,0.000475939,-0.00148574,
-4.06401,16.735,18.3577,3.29677,10.0836,17.3076,-5.59061,-8.11312,11.4923,7.00241,-6.79238,7.95848,0,0,0,0,0,0,0,0,0,0,0,0,0.0425748,0.490837,-1.46882,-0.0366162,0.613342,-1.51956,-0.0443482,0.810065,-1.47436,-0.0368648,0.830599,-1.42291,-0.0313014,0.795131,-1.13504,0.0233208,0.79671,-1.20488,-0.145958,0.662508,-1.2654,0.0904845,0.707114,-1.27822,0.000595615,0.000827837,0.000952617,-0.00017354,0.00122448,-0.000428957,0.00150737,-0.00183613,0.0014201,0.00131069,0.000494987,-0.00142251,
-4.06464,16.7327,18.3547,3.29748,10.0808,17.3093,-5.59279,-8.11263,11.4895,7.00042,-6.79183,7.95999,0,0,0,0,0,0,0,0,0,0,0,0,0.0425875,0.490856,-1.4688,-0.0366203,0.613369,-1.51957,-0.0443151,0.810025,-1.47433,-0.0368361,0.83061,-1.42294,-0.0313011,0.79511,-1.13507,0.0233286,0.796688,-1.20486,-0.145965,0.662477,-1.26542,0.0904767,0.707135,-1.27823,0.000555358,0.000892379,0.000912777,-0.000211632,0.0012603,-0.000378768,0.00149011,-0.00180134,0.00144148,0.0012947,0.000505786,-0.00134319,
-4.06508,16.7302,18.3518,3.29837,10.078,17.3108,-5.59484,-8.11225,11.4872,6.99864,-6.79117,7.96142,0,0,0,0,0,0,0,0,0,0,0,0,0.0425989,0.490876,-1.46878,-0.0366258,0.613397,-1.51958,-0.044283,0.809986,-1.4743,-0.0368082,0.830622,-1.42297,-0.0312993,0.795086,-1.13511,0.0233377,0.796666,-1.20484,-0.145971,0.662447,-1.26543,0.0904708,0.707159,-1.27823,0.000491583,0.000955466,0.000862477,-0.000274091,0.00127958,-0.000320833,0.00143788,-0.00174658,0.00141693,0.00124398,0.000516865,-0.00128473,
-4.06526,16.7281,18.35,3.29931,10.076,17.3115,-5.59642,-8.11186,11.4857,6.99734,-6.79037,7.96225,0,0,0,0,0,0,0,0,0,0,0,0,0.0426072,0.490894,-1.46877,-0.0366312,0.61342,-1.51958,-0.0442576,0.809955,-1.47428,-0.0367863,0.830631,-1.423,-0.0312956,0.795067,-1.13512,0.0233482,0.796652,-1.20483,-0.145976,0.662424,-1.26544,0.0904681,0.707182,-1.27824,0.000443844,0.00100402,0.00080431,-0.000321422,0.00127516,-0.000260306,0.00139319,-0.00169586,0.00136823,0.00120098,0.000509285,-0.00123112,
-4.06564,16.726,18.3476,3.3003,10.0739,17.3126,-5.59832,-8.11112,11.4841,6.99586,-6.78954,7.96356,0,0,0,0,0,0,0,0,0,0,0,0,0.0426163,0.490917,-1.46875,-0.036639,0.613448,-1.51959,-0.0442277,0.809918,-1.47425,-0.0367606,0.830642,-1.42302,-0.0312949,0.795053,-1.13515,0.0233568,0.796641,-1.20481,-0.145982,0.662403,-1.26544,0.0904653,0.707208,-1.27824,0.000380262,0.00105466,0.000724433,-0.00038503,0.00125127,-0.000178383,0.00132874,-0.00163008,0.00128084,0.00113887,0.000490581,-0.0011737,
-4.06592,16.7238,18.3456,3.30145,10.0719,17.3134,-5.6001,-8.11043,11.4831,6.99456,-6.78849,7.96477,0,0,0,0,0,0,0,0,0,0,0,0,0.0426238,0.490941,-1.46873,-0.0366483,0.613475,-1.51959,-0.0441994,0.809883,-1.47422,-0.0367365,0.830652,-1.42305,-0.0312942,0.795038,-1.13517,0.0233667,0.796631,-1.2048,-0.145988,0.662382,-1.26543,0.0904638,0.707237,-1.27824,0.000314262,0.00110627,0.000637224,-0.000451807,0.00121557,-9.09756e-05,0.0012501,-0.00154905,0.00116195,0.0010627,0.000469086,-0.00112616,
-4.06599,16.7224,18.3444,3.30251,10.0707,17.3137,-5.60132,-8.10965,11.4828,6.99381,-6.78737,7.96548,0,0,0,0,0,0,0,0,0,0,0,0,0.0426284,0.490959,-1.46872,-0.036656,0.613494,-1.51959,-0.04418,0.809859,-1.4742,-0.0367201,0.83066,-1.42307,-0.0312923,0.795031,-1.13519,0.0233769,0.796628,-1.20479,-0.145993,0.662374,-1.26542,0.0904651,0.707264,-1.27825,0.000259534,0.00113909,0.000570104,-0.00050738,0.00118138,-2.6136e-05,0.00118392,-0.00149269,0.00106914,0.000998378,0.000446114,-0.00109141,
-4.06612,16.7202,18.3427,3.30392,10.0689,17.3139,-5.60288,-8.10875,11.4824,6.99286,-6.78615,7.96672,0,0,0,0,0,0,0,0,0,0,0,0,0.0426335,0.490986,-1.46871,-0.0366694,0.613522,-1.51959,-0.044153,0.809825,-1.47418,-0.0366974,0.83067,-1.42309,-0.0312915,0.795019,-1.1352,0.0233872,0.796622,-1.20479,-0.145997,0.662358,-1.2654,0.0904679,0.707296,-1.27825,0.000175853,0.0011875,0.000471228,-0.000592411,0.0011264,7.60628e-05,0.00108018,-0.00139573,0.000908301,0.000897477,0.00041995,-0.00105577,
-4.06629,16.7183,18.3415,3.3053,10.0675,17.314,-5.60431,-8.10771,11.4825,6.99205,-6.78471,7.96777,0,0,0,0,0,0,0,0,0,0,0,0,0.0426367,0.491013,-1.4687,-0.0366831,0.613546,-1.51959,-0.0441302,0.809795,-1.47416,-0.0366787,0.830679,-1.42311,-0.0312928,0.795013,-1.13522,0.0233971,0.796618,-1.20479,-0.146002,0.662349,-1.26538,0.09047,0.70733,-1.27825,0.000119943,0.00122814,0.00036526,-0.000650453,0.00106298,0.000166994,0.000998782,-0.00131477,0.000756101,0.000818836,0.000373553,-0.0010084,
-4.06626,16.7171,18.3409,3.30653,10.0667,17.3137,-5.60526,-8.10669,11.483,6.99169,-6.78328,7.9684,0,0,0,0,0,0,0,0,0,0,0,0,0.0426382,0.491033,-1.4687,-0.0366939,0.613563,-1.51958,-0.0441148,0.809774,-1.47415,-0.0366661,0.830684,-1.42313,-0.0312921,0.795011,-1.13523,0.0234073,0.79662,-1.20479,-0.146005,0.662348,-1.26536,0.0904742,0.707361,-1.27826,6.78864e-05,0.00125187,0.000291899,-0.000704131,0.00101613,0.000225725,0.000928392,-0.00126352,0.000651546,0.000750288,0.00033866,-0.000978928,
-4.06637,16.7154,18.3399,3.30802,10.0656,17.3134,-5.60643,-8.10551,11.4838,6.99125,-6.78177,7.96959,0,0,0,0,0,0,0,0,0,0,0,0,0.0426388,0.491061,-1.46869,-0.0367103,0.613584,-1.51958,-0.0440956,0.809748,-1.47414,-0.0366508,0.830692,-1.42315,-0.0312951,0.79501,-1.13524,0.0234163,0.79662,-1.20478,-0.14601,0.662345,-1.26534,0.0904793,0.707394,-1.27826,3.71123e-06,0.0012889,0.000201289,-0.000770438,0.000957216,0.000308915,0.000834662,-0.00117403,0.000489826,0.000658964,0.000309683,-0.000959729,
-4.06643,16.7135,18.3394,3.30959,10.0644,17.3126,-5.60745,-8.10446,11.4847,6.9909,-6.78008,7.97051,0,0,0,0,0,0,0,0,0,0,0,0,0.0426384,0.49109,-1.46869,-0.0367277,0.613605,-1.51957,-0.0440781,0.809723,-1.47413,-0.0366372,0.830698,-1.42317,-0.0312976,0.795005,-1.13524,0.0234261,0.796617,-1.20479,-0.146013,0.662342,-1.26531,0.0904846,0.70743,-1.27826,-4.13033e-05,0.00132434,0.000106909,-0.000818062,0.000893691,0.000388173,0.00075444,-0.00109145,0.000333925,0.000581079,0.000267377,-0.000928549,
-4.06646,16.7124,18.3391,3.31102,10.064,17.3119,-5.60822,-8.10306,11.4861,6.99084,-6.77831,7.97128,0,0,0,0,0,0,0,0,0,0,0,0,0.0426374,0.491114,-1.46869,-0.0367428,0.61362,-1.51956,-0.0440652,0.809704,-1.47412,-0.0366273,0.830702,-1.42319,-0.0313003,0.79501,-1.13525,0.023436,0.796622,-1.2048,-0.146016,0.662349,-1.26528,0.0904917,0.707466,-1.27826,-8.27452e-05,0.00134425,3.24084e-05,-0.000861968,0.000840464,0.00043848,0.000683879,-0.00104398,0.000227775,0.000512148,0.000221678,-0.000897759,
-4.06653,16.7109,18.3387,3.31266,10.063,17.3111,-5.60908,-8.10177,11.4875,6.99078,-6.77649,7.97245,0,0,0,0,0,0,0,0,0,0,0,0,0.0426349,0.491144,-1.46869,-0.0367625,0.613638,-1.51955,-0.0440512,0.809681,-1.47412,-0.0366171,0.830707,-1.42321,-0.0313055,0.795012,-1.13526,0.0234448,0.796622,-1.2048,-0.146019,0.662352,-1.26526,0.0904987,0.707503,-1.27826,-0.000134971,0.00137332,-4.41434e-05,-0.000916651,0.000792811,0.000491228,0.000599633,-0.000971694,9.25931e-05,0.000429609,0.000196531,-0.000890639,
-4.06672,16.7093,18.3386,3.3143,10.0622,17.3101,-5.6099,-8.10036,11.4892,6.99072,-6.77448,7.97343,0,0,0,0,0,0,0,0,0,0,0,0,0.0426317,0.491174,-1.46869,-0.0367829,0.613655,-1.51954,-0.0440387,0.809661,-1.47412,-0.0366083,0.83071,-1.42323,-0.0313124,0.795016,-1.13526,0.0234536,0.796623,-1.20481,-0.146023,0.662359,-1.26523,0.0905052,0.707542,-1.27826,-0.000152481,0.00139958,-0.000123646,-0.000937068,0.00073726,0.00054469,0.000543894,-0.000911414,-2.94178e-05,0.000375568,0.000149622,-0.000858986,
-4.06679,16.7083,18.3385,3.31559,10.0618,17.3092,-5.61043,-8.09921,11.4905,6.99083,-6.77273,7.97417,0,0,0,0,0,0,0,0,0,0,0,0,0.0426292,0.491197,-1.46869,-0.0367979,0.613666,-1.51953,-0.0440303,0.809647,-1.47412,-0.0366026,0.830712,-1.42324,-0.0313168,0.79502,-1.13527,0.0234615,0.796625,-1.20481,-0.146026,0.662366,-1.2652,0.0905116,0.707575,-1.27826,-0.000176344,0.00141228,-0.00017006,-0.00096278,0.000701644,0.000573579,0.000495139,-0.000879498,-9.95322e-05,0.000327745,0.000117998,-0.000840227,
-4.06687,16.7068,18.3383,3.31728,10.0609,17.308,-5.61103,-8.09789,11.4922,6.99101,-6.77086,7.97534,0,0,0,0,0,0,0,0,0,0,0,0,0.0426248,0.491228,-1.4687,-0.0368197,0.613681,-1.51952,-0.0440203,0.809628,-1.47412,-0.0365963,0.830715,-1.42326,-0.0313237,0.795024,-1.13527,0.0234694,0.796623,-1.20482,-0.146028,0.662373,-1.26518,0.0905195,0.707611,-1.27826,-0.000215379,0.00143212,-0.000213427,-0.00100365,0.000669611,0.000608194,0.000427331,-0.000824261,-0.000195726,0.000260876,0.000105529,-0.000843357,
-4.06715,16.7053,18.3384,3.31906,10.0601,17.3065,-5.61173,-8.09626,11.4942,6.99111,-6.76862,7.97636,0,0,0,0,0,0,0,0,0,0,0,0,0.0426197,0.491263,-1.4687,-0.0368437,0.613697,-1.5195,-0.0440104,0.809609,-1.47413,-0.0365904,0.830717,-1.42328,-0.0313336,0.795031,-1.13528,0.0234778,0.796623,-1.20483,-0.146032,0.662384,-1.26515,0.0905266,0.707652,-1.27826,-0.000207546,0.00145038,-0.000273859,-0.00099857,0.000624229,0.000641961,0.000397681,-0.000785206,-0.000280301,0.000232336,5.76507e-05,-0.0008091,
-4.06728,16.7042,18.3384,3.32038,10.0595,17.3057,-5.61217,-8.09508,11.4956,6.99133,-6.76682,7.97722,0,0,0,0,0,0,0,0,0,0,0,0,0.0426164,0.491286,-1.46871,-0.0368597,0.613706,-1.51949,-0.0440043,0.809596,-1.47414,-0.0365869,0.830717,-1.42329,-0.0313399,0.795036,-1.13528,0.0234853,0.796622,-1.20484,-0.146035,0.662394,-1.26513,0.0905331,0.707685,-1.27826,-0.000227479,0.00145701,-0.000300042,-0.00101996,0.000607131,0.000644272,0.000358425,-0.000770274,-0.00031576,0.000193354,3.94943e-05,-0.000803884,
-4.06755,16.7027,18.3382,3.32195,10.0585,17.3045,-5.61273,-8.09387,11.4971,6.99149,-6.76493,7.97848,0,0,0,0,0,0,0,0,0,0,0,0,0.0426111,0.491318,-1.46871,-0.0368824,0.61372,-1.51948,-0.043997,0.80958,-1.47414,-0.0365832,0.830718,-1.42331,-0.0313503,0.795041,-1.13529,0.0234909,0.796616,-1.20485,-0.146039,0.6624,-1.26511,0.0905388,0.70772,-1.27825,-0.000239107,0.00146933,-0.000322194,-0.00103312,0.000591504,0.000652962,0.000321975,-0.000738206,-0.000368451,0.000157171,3.17105e-05,-0.000808621,
-4.06778,16.7017,18.3383,3.32323,10.0579,17.3034,-5.61321,-8.09258,11.4987,6.99161,-6.76302,7.97937,0,0,0,0,0,0,0,0,0,0,0,0,0.0426058,0.491345,-1.46872,-0.0369008,0.61373,-1.51947,-0.0439911,0.809566,-1.47415,-0.0365803,0.830718,-1.42332,-0.0313594,0.795048,-1.1353,0.0234962,0.796615,-1.20485,-0.146042,0.66241,-1.26509,0.0905436,0.707755,-1.27825,-0.000221793,0.00147556,-0.00034543,-0.00101724,0.000570694,0.000661942,0.000317197,-0.000725991,-0.000398081,0.000152718,4.52601e-06,-0.000788905,
-4.06813,16.7,18.3383,3.32507,10.0568,17.302,-5.61374,-8.09103,11.5005,6.99185,-6.76087,7.98055,0,0,0,0,0,0,0,0,0,0,0,0,0.0426018,0.49138,-1.46873,-0.0369252,0.613743,-1.51945,-0.0439838,0.809549,-1.47416,-0.036577,0.830718,-1.42334,-0.03137,0.795054,-1.13531,0.023505,0.796609,-1.20486,-0.146045,0.662421,-1.26506,0.0905508,0.707793,-1.27825,-0.000228061,0.00147856,-0.000362457,-0.00102513,0.00055996,0.000649927,0.000289902,-0.000721494,-0.000414834,0.000125286,-1.36667e-05,-0.00078452,
-4.0685,16.6987,18.3382,3.32669,10.056,17.3008,-5.61427,-8.08949,11.5022,6.99207,-6.75874,7.98172,0,0,0,0,0,0,0,0,0,0,0,0,0.0425969,0.491413,-1.46874,-0.0369476,0.613756,-1.51944,-0.0439776,0.809533,-1.47417,-0.0365743,0.830718,-1.42336,-0.0313813,0.795062,-1.13532,0.0235122,0.796605,-1.20487,-0.146048,0.662434,-1.26504,0.0905571,0.707831,-1.27824,-0.000216417,0.0014807,-0.000367659,-0.0010146,0.000553493,0.000640309,0.000282413,-0.000715748,-0.000426184,0.000117605,-2.45643e-05,-0.000783521,
-4.06891,16.6976,18.3382,3.32797,10.0553,17.2999,-5.6148,-8.08822,11.5036,6.99219,-6.75685,7.98276,0,0,0,0,0,0,0,0,0,0,0,0,0.0425933,0.491439,-1.46874,-0.0369656,0.613766,-1.51942,-0.0439724,0.80952,-1.47418,-0.0365721,0.830717,-1.42337,-0.0313918,0.795069,-1.13533,0.023518,0.796602,-1.20488,-0.146052,0.662444,-1.26502,0.0905618,0.707865,-1.27824,-0.000195533,0.00148182,-0.000366413,-0.0009944,0.000549336,0.000633775,0.000287709,-0.000711499,-0.000431746,0.000122714,-3.22063e-05,-0.000781928,
-4.0693,16.696,18.3379,3.32951,10.0541,17.2988,-5.61536,-8.08698,11.505,6.99234,-6.75494,7.9841,0,0,0,0,0,0,0,0,0,0,0,0,0.0425891,0.491472,-1.46875,-0.0369873,0.613778,-1.51941,-0.0439661,0.809505,-1.47419,-0.0365694,0.830717,-1.42339,-0.0314029,0.795073,-1.13534,0.0235245,0.796594,-1.20488,-0.146056,0.662451,-1.26501,0.0905669,0.707899,-1.27823,-0.000188989,0.00148282,-0.000347038,-0.000988007,0.000558719,0.000619568,0.000282394,-0.000702595,-0.000431487,0.00011683,-1.70317e-05,-0.000802839,
-4.0697,16.6948,18.3376,3.33074,10.0532,17.2979,-5.61586,-8.08583,11.506,6.99239,-6.7532,7.98515,0,0,0,0,0,0,0,0,0,0,0,0,0.042586,0.491499,-1.46876,-0.0370049,0.613788,-1.5194,-0.0439609,0.809492,-1.47419,-0.0365672,0.830716,-1.42341,-0.0314129,0.795078,-1.13535,0.0235297,0.796588,-1.20489,-0.14606,0.662459,-1.265,0.0905704,0.70793,-1.27823,-0.000170623,0.00147943,-0.000334242,-0.000969843,0.00056158,0.000606868,0.000291568,-0.000708704,-0.000417632,0.00012558,-1.93562e-05,-0.000803662,
-4.07022,16.6933,18.3372,3.33217,10.052,17.2969,-5.6165,-8.08454,11.5072,6.99238,-6.75131,7.9864,0,0,0,0,0,0,0,0,0,0,0,0,0.0425825,0.491531,-1.46876,-0.0370259,0.6138,-1.51939,-0.0439542,0.809476,-1.4742,-0.0365642,0.830716,-1.42342,-0.0314251,0.795083,-1.13536,0.0235353,0.796579,-1.20489,-0.146065,0.662467,-1.26498,0.0905735,0.707964,-1.27822,-0.000146918,0.00147478,-0.000321557,-0.000946471,0.000569218,0.000583235,0.000307265,-0.000721226,-0.00039472,0.000140698,-2.11491e-05,-0.000806269,
-4.07071,16.6918,18.337,3.33367,10.0509,17.296,-5.61711,-8.08309,11.5084,6.99243,-6.74931,7.98764,0,0,0,0,0,0,0,0,0,0,0,0,0.0425796,0.491563,-1.46877,-0.0370464,0.613813,-1.51937,-0.0439472,0.80946,-1.47421,-0.0365609,0.830715,-1.42344,-0.0314364,0.795088,-1.13537,0.0235426,0.796572,-1.2049,-0.146068,0.662476,-1.26497,0.0905779,0.708,-1.27822,-0.000127491,0.00146573,-0.000304955,-0.000927311,0.00057766,0.000554119,0.000320475,-0.000741694,-0.000362447,0.000153196,-2.41094e-05,-0.000809814,
-4.07118,16.6906,18.3364,3.33481,10.0498,17.2954,-5.61769,-8.08208,11.5091,6.99238,-6.74762,7.98879,0,0,0,0,0,0,0,0,0,0,0,0,0.0425776,0.49159,-1.46878,-0.0370629,0.613823,-1.51936,-0.0439413,0.809447,-1.47422,-0.036558,0.830715,-1.42346,-0.0314467,0.795091,-1.13539,0.0235473,0.796562,-1.2049,-0.146073,0.662481,-1.26496,0.0905802,0.70803,-1.27821,-0.000113252,0.00145772,-0.000285124,-0.000912979,0.00058742,0.000530619,0.000331325,-0.000756451,-0.00033572,0.000163422,-1.95892e-05,-0.00081949,
-4.0717,16.6891,18.336,3.33626,10.0487,17.2945,-5.61838,-8.08067,11.5103,6.99235,-6.74577,7.99015,0,0,0,0,0,0,0,0,0,0,0,0,0.0425753,0.491622,-1.46878,-0.0370828,0.613836,-1.51935,-0.0439338,0.80943,-1.47422,-0.0365542,0.830714,-1.42347,-0.0314579,0.795097,-1.1354,0.0235543,0.796555,-1.2049,-0.146077,0.662489,-1.26495,0.090584,0.708064,-1.2782,-9.37239e-05,0.00145063,-0.000257537,-0.000892948,0.00060337,0.000507753,0.000350899,-0.000764353,-0.000313066,0.000182327,-1.05351e-06,-0.000842193,
-4.07228,16.6876,18.3353,3.33764,10.0474,17.2939,-5.61914,-8.0794,11.5112,6.99221,-6.7439,7.99151,0,0,0,0,0,0,0,0,0,0,0,0,0.0425736,0.491653,-1.46879,-0.037102,0.61385,-1.51934,-0.0439258,0.809413,-1.47423,-0.0365499,0.830714,-1.42349,-0.0314695,0.7951,-1.13542,0.0235607,0.796544,-1.2049,-0.146083,0.662495,-1.26494,0.0905863,0.708098,-1.2782,-6.94375e-05,0.00143994,-0.000231157,-0.000868229,0.000615576,0.00048379,0.000375061,-0.000781906,-0.000280763,0.000205807,7.14482e-06,-0.000854473,
-4.07271,16.6865,18.3349,3.33868,10.0465,17.2934,-5.61973,-8.07838,11.5119,6.99211,-6.74234,7.99257,0,0,0,0,0,0,0,0,0,0,0,0,0.0425727,0.491676,-1.46879,-0.0371157,0.61386,-1.51933,-0.0439196,0.8094,-1.47423,-0.0365464,0.830715,-1.42351,-0.031478,0.795103,-1.13543,0.0235662,0.796538,-1.20491,-0.146087,0.662501,-1.26493,0.0905884,0.708127,-1.27819,-5.52267e-05,0.0014308,-0.000210872,-0.000853582,0.000624895,0.000464938,0.000390655,-0.000797217,-0.000254349,0.000220902,1.33899e-05,-0.000864085,
-4.07329,16.6849,18.334,3.34017,10.045,17.2927,-5.62057,-8.07697,11.5127,6.99193,-6.74052,7.99414,0,0,0,0,0,0,0,0,0,0,0,0,0.0425715,0.491711,-1.4688,-0.037136,0.613875,-1.51932,-0.0439099,0.809381,-1.47424,-0.0365409,0.830715,-1.42353,-0.0314894,0.795107,-1.13545,0.0235733,0.796528,-1.20491,-0.146092,0.662507,-1.26492,0.0905911,0.708161,-1.27818,-4.13072e-05,0.00142012,-0.000177269,-0.000838721,0.000645136,0.00043923,0.000411281,-0.000809788,-0.000224545,0.00024079,3.87551e-05,-0.000893684,
-4.07391,16.6834,18.3333,3.34155,10.0438,17.2922,-5.62145,-8.07556,11.5136,6.99169,-6.73861,7.99558,0,0,0,0,0,0,0,0,0,0,0,0,0.0425709,0.491742,-1.4688,-0.0371541,0.613889,-1.51931,-0.0439005,0.809363,-1.47425,-0.0365352,0.830716,-1.42355,-0.0315005,0.795111,-1.13547,0.023581,0.79652,-1.20491,-0.146098,0.662514,-1.26491,0.0905933,0.708197,-1.27818,-1.39744e-05,0.00141091,-0.000158538,-0.000810825,0.000657641,0.0004165,0.00044309,-0.000826463,-0.00019669,0.000272129,4.77059e-05,-0.000905739,
-4.07435,16.6822,18.3327,3.34258,10.0428,17.2919,-5.62213,-8.07461,11.5142,6.99152,-6.73711,7.99674,0,0,0,0,0,0,0,0,0,0,0,0,0.0425709,0.491764,-1.4688,-0.037167,0.6139,-1.51931,-0.0438933,0.809349,-1.47425,-0.0365307,0.830717,-1.42356,-0.0315084,0.795112,-1.13548,0.0235871,0.796512,-1.20491,-0.146102,0.662517,-1.2649,0.0905949,0.708226,-1.27817,-6.48975e-06,0.00140374,-0.000141013,-0.000802692,0.000670423,0.000397256,0.000456178,-0.000838113,-0.000174939,0.000284805,6.1035e-05,-0.000922036,
-4.07491,16.6806,18.3318,3.34387,10.0413,17.2916,-5.62302,-8.07349,11.5147,6.99122,-6.73552,7.99825,0,0,0,0,0,0,0,0,0,0,0,0,0.0425708,0.491795,-1.46881,-0.0371846,0.613915,-1.5193,-0.043883,0.809331,-1.47425,-0.0365242,0.830719,-1.42358,-0.0315184,0.795113,-1.1355,0.0235933,0.7965,-1.2049,-0.146108,0.662519,-1.26489,0.0905963,0.708257,-1.27817,1.61948e-06,0.00139284,-0.000110538,-0.000793533,0.000686676,0.000378519,0.000472774,-0.000851225,-0.000146802,0.000300815,8.22481e-05,-0.000945614,
-4.07553,16.6792,18.3309,3.34519,10.0401,17.2911,-5.62396,-8.07205,11.5154,6.99088,-6.73371,7.99966,0,0,0,0,0,0,0,0,0,0,0,0,0.0425711,0.491825,-1.46881,-0.0372017,0.61393,-1.51929,-0.0438723,0.809312,-1.47425,-0.0365173,0.83072,-1.4236,-0.0315289,0.795117,-1.13552,0.0236007,0.796493,-1.2049,-0.146114,0.662525,-1.26488,0.0905979,0.708291,-1.27816,2.38491e-05,0.0013764,-8.83486e-05,-0.000770579,0.000688946,0.000366416,0.000500771,-0.000878036,-0.000110967,0.000328415,7.79742e-05,-0.000943662,
-4.07604,16.678,18.3301,3.3463,10.039,17.2909,-5.62477,-8.07091,11.5159,6.99061,-6.73207,8.0009,0,0,0,0,0,0,0,0,0,0,0,0,0.0425717,0.49185,-1.46881,-0.0372154,0.613942,-1.51928,-0.0438631,0.809296,-1.47426,-0.0365112,0.830722,-1.42362,-0.0315374,0.79512,-1.13554,0.0236074,0.796487,-1.2049,-0.146119,0.66253,-1.26488,0.0905994,0.708322,-1.27816,3.23857e-05,0.00136382,-6.98939e-05,-0.000761356,0.000692987,0.000354519,0.000514716,-0.000897274,-8.46744e-05,0.000342025,7.96644e-05,-0.000948794,
-4.07656,16.6765,18.3291,3.34764,10.0376,17.2906,-5.62571,-8.0696,11.5166,6.9903,-6.73041,8.00253,0,0,0,0,0,0,0,0,0,0,0,0,0.0425724,0.49188,-1.46881,-0.0372322,0.613958,-1.51928,-0.0438517,0.809276,-1.47426,-0.0365036,0.830724,-1.42364,-0.0315463,0.795122,-1.13556,0.023615,0.796478,-1.2049,-0.146124,0.662534,-1.26487,0.0906016,0.708355,-1.27815,2.84486e-05,0.00135775,-4.37686e-05,-0.000763925,0.000710402,0.000343697,0.000522718,-0.000896657,-7.50789e-05,0.000349695,0.000112165,-0.000983311,
-4.07721,16.6748,18.328,3.34889,10.0362,17.2903,-5.62677,-8.06843,11.5171,6.98985,-6.72868,8.00403,0,0,0,0,0,0,0,0,0,0,0,0,0.0425732,0.49191,-1.46881,-0.0372488,0.613973,-1.51927,-0.0438399,0.809256,-1.47426,-0.0364956,0.830726,-1.42366,-0.0315567,0.795122,-1.13557,0.0236216,0.796467,-1.2049,-0.146131,0.662535,-1.26486,0.090602,0.708389,-1.27814,4.83031e-05,0.00135027,-3.108e-05,-0.000743323,0.00071388,0.000339181,0.000548106,-0.000906391,-6.07296e-05,0.000374969,0.000116173,-0.000987417,
-4.07762,16.6738,18.3273,3.34992,10.0353,17.2901,-5.62751,-8.0673,11.5176,6.98959,-6.72717,8.00513,0,0,0,0,0,0,0,0,0,0,0,0,0.0425741,0.491931,-1.46881,-0.0372605,0.613985,-1.51926,-0.043831,0.809241,-1.47426,-0.0364894,0.830728,-1.42368,-0.0315632,0.795126,-1.13559,0.0236285,0.796463,-1.2049,-0.146135,0.66254,-1.26485,0.0906036,0.708419,-1.27814,4.96312e-05,0.00134061,-2.14798e-05,-0.00074144,0.000714902,0.000331995,0.000555151,-0.000922483,-4.15017e-05,0.000381866,0.000114323,-0.000987726,
-4.07816,16.6722,18.3261,3.35137,10.0338,17.2898,-5.62855,-8.06593,11.5182,6.98923,-6.72544,8.00686,0,0,0,0,0,0,0,0,0,0,0,0,0.0425751,0.491963,-1.46881,-0.0372785,0.614002,-1.51926,-0.0438177,0.809219,-1.47426,-0.0364803,0.830731,-1.4237,-0.0315724,0.795127,-1.13561,0.0236367,0.796454,-1.20489,-0.146141,0.662543,-1.26484,0.090606,0.708454,-1.27813,3.69323e-05,0.00133198,-3.47713e-06,-0.000753036,0.00072521,0.000323031,0.000554304,-0.000930182,-2.79552e-05,0.000380784,0.000133263,-0.00100955,
-4.07874,16.6706,18.3252,3.3527,10.0326,17.2895,-5.62961,-8.06457,11.5189,6.98879,-6.72363,8.00834,0,0,0,0,0,0,0,0,0,0,0,0,0.0425761,0.491993,-1.46881,-0.0372949,0.614018,-1.51925,-0.0438053,0.809199,-1.47426,-0.0364717,0.830734,-1.42372,-0.0315815,0.795128,-1.13563,0.0236448,0.796446,-1.20489,-0.146147,0.662547,-1.26483,0.0906072,0.708489,-1.27813,5.20915e-05,0.00132829,-2.54239e-06,-0.000737197,0.000724898,0.000325236,0.000576207,-0.000935151,-2.41349e-05,0.00040287,0.000133673,-0.00100847,
-4.07915,16.6695,18.3245,3.35371,10.0316,17.2893,-5.63041,-8.06357,11.5194,6.98848,-6.72211,8.00946,0,0,0,0,0,0,0,0,0,0,0,0,0.042577,0.492014,-1.46881,-0.0373066,0.61403,-1.51924,-0.0437959,0.809184,-1.47426,-0.0364651,0.830736,-1.42374,-0.031588,0.795129,-1.13564,0.0236515,0.796441,-1.20489,-0.146153,0.66255,-1.26482,0.0906084,0.708519,-1.27812,5.42002e-05,0.00132283,5.68186e-07,-0.000734607,0.000723517,0.000324441,0.00058256,-0.000943519,-1.60663e-05,0.000409267,0.000131268,-0.00100678,
-4.07961,16.6681,18.3233,3.35505,10.0303,17.2891,-5.63141,-8.06231,11.5199,6.98813,-6.72054,8.0111,0,0,0,0,0,0,0,0,0,0,0,0,0.042578,0.492043,-1.46881,-0.037323,0.614046,-1.51924,-0.0437832,0.809163,-1.47426,-0.0364563,0.830739,-1.42376,-0.031596,0.795131,-1.13566,0.0236591,0.796432,-1.20489,-0.146158,0.662552,-1.26481,0.0906107,0.708551,-1.27811,3.409e-05,0.00131793,1.58891e-05,-0.000753614,0.000731333,0.000323938,0.000572634,-0.000942262,-1.37958e-05,0.000399249,0.000151813,-0.00102867,
-4.08013,16.6665,18.3224,3.35639,10.029,17.2887,-5.63243,-8.061,11.5206,6.98772,-6.71877,8.01248,0,0,0,0,0,0,0,0,0,0,0,0,0.0425788,0.492072,-1.46881,-0.0373395,0.614062,-1.51923,-0.0437705,0.809142,-1.47426,-0.0364473,0.830742,-1.42379,-0.0316043,0.795131,-1.13568,0.0236673,0.796424,-1.20489,-0.146164,0.662555,-1.2648,0.0906124,0.708587,-1.27811,4.48872e-05,0.00131425,1.33592e-05,-0.00074235,0.000724828,0.000331953,0.000587041,-0.000947698,-1.20586e-05,0.000413907,0.000143673,-0.0010187,
-4.08056,16.6654,18.3216,3.35753,10.0281,17.2884,-5.6333,-8.05972,11.5213,6.98742,-6.71711,8.01371,0,0,0,0,0,0,0,0,0,0,0,0,0.0425797,0.492095,-1.46881,-0.0373527,0.614074,-1.51922,-0.0437598,0.809125,-1.47426,-0.0364398,0.830745,-1.4238,-0.0316112,0.795135,-1.13569,0.0236747,0.796421,-1.20489,-0.146169,0.66256,-1.26478,0.0906145,0.708619,-1.27811,4.43869e-05,0.00130941,1.07266e-05,-0.000742566,0.00071981,0.000333402,0.000589568,-0.000956519,-6.55139e-06,0.000416573,0.000135545,-0.00101153,
-4.08103,16.6639,18.3206,3.3589,10.0268,17.2882,-5.63431,-8.05843,11.522,6.98707,-6.71542,8.01529,0,0,0,0,0,0,0,0,0,0,0,0,0.0425805,0.492124,-1.46881,-0.0373692,0.61409,-1.51922,-0.043747,0.809104,-1.47426,-0.0364307,0.830748,-1.42383,-0.0316193,0.795137,-1.13571,0.0236827,0.796414,-1.20488,-0.146174,0.662563,-1.26477,0.0906171,0.708653,-1.2781,2.97322e-05,0.00130996,1.49319e-05,-0.000756483,0.000724472,0.000335842,0.000580914,-0.000948739,-1.50922e-05,0.000408008,0.000150992,-0.00102762,
-4.08152,16.6623,18.3197,3.36026,10.0255,17.2878,-5.63533,-8.05713,11.5227,6.98668,-6.71364,8.01678,0,0,0,0,0,0,0,0,0,0,0,0,0.0425812,0.492153,-1.46881,-0.0373859,0.614106,-1.51921,-0.0437342,0.809083,-1.47426,-0.0364217,0.830751,-1.42385,-0.0316276,0.795137,-1.13573,0.0236909,0.796406,-1.20488,-0.14618,0.662566,-1.26476,0.0906191,0.708689,-1.2781,3.12043e-05,0.00131198,1.10315e-05,-0.000754574,0.000722002,0.000344345,0.000584517,-0.000942816,-2.4391e-05,0.000411874,0.0001524,-0.00102679,
-4.08192,16.6613,18.3188,3.36145,10.0247,17.2875,-5.63618,-8.05581,11.5235,6.98642,-6.71192,8.01807,0,0,0,0,0,0,0,0,0,0,0,0,0.0425819,0.492177,-1.46881,-0.0373994,0.614119,-1.5192,-0.0437236,0.809066,-1.47426,-0.0364143,0.830754,-1.42387,-0.0316342,0.795142,-1.13574,0.0236988,0.796404,-1.20488,-0.146185,0.662573,-1.26475,0.0906217,0.708723,-1.27809,2.44972e-05,0.00131076,6.73022e-06,-0.000759539,0.000718599,0.000347448,0.000581508,-0.000945727,-2.42673e-05,0.000409035,0.000147841,-0.0010217,
-4.08243,16.6596,18.318,3.36275,10.0232,17.2872,-5.6372,-8.0547,11.5241,6.986,-6.71024,8.0195,0,0,0,0,0,0,0,0,0,0,0,0,0.0425823,0.492205,-1.46881,-0.0374161,0.614135,-1.51919,-0.0437109,0.809045,-1.47426,-0.0364053,0.830757,-1.42389,-0.031643,0.795139,-1.13576,0.0237057,0.796393,-1.20488,-0.146191,0.662573,-1.26474,0.0906231,0.708756,-1.27809,2.57364e-05,0.00131289,-4.79478e-07,-0.000759654,0.000714341,0.000353015,0.000580295,-0.000943403,-2.99513e-05,0.000408029,0.000142392,-0.00101459,
-4.08281,16.6581,18.317,3.36421,10.022,17.2867,-5.63813,-8.05328,11.525,6.98573,-6.7085,8.02101,0,0,0,0,0,0,0,0,0,0,0,0,0.0425827,0.492234,-1.46881,-0.037433,0.614151,-1.51919,-0.0436982,0.809025,-1.47426,-0.0363965,0.83076,-1.42391,-0.03165,0.795142,-1.13577,0.0237149,0.796387,-1.20488,-0.146196,0.662578,-1.26472,0.0906267,0.708791,-1.27808,3.50468e-06,0.00131447,3.179e-07,-0.000781181,0.000717201,0.000358708,0.00056455,-0.000936821,-3.71013e-05,0.000392445,0.000153743,-0.00102407,
-4.08325,16.6566,18.3163,3.36559,10.0208,17.2861,-5.63912,-8.05186,11.5258,6.98553,-6.70681,8.02206,0,0,0,0,0,0,0,0,0,0,0,0,0.0425828,0.492263,-1.46881,-0.0374502,0.614166,-1.51918,-0.0436858,0.809004,-1.47427,-0.0363902,0.830763,-1.42393,-0.0316578,0.795143,-1.13579,0.023723,0.796381,-1.20488,-0.146201,0.662583,-1.26471,0.0906294,0.708824,-1.27808,9.46392e-06,0.00131564,-1.24979e-05,-0.000775192,0.000708168,0.000367538,0.000569729,-0.000938917,-4.09155e-05,0.000394174,0.000145143,-0.00101349,
-4.08369,16.6553,18.3155,3.36672,10.0198,17.286,-5.63995,-8.0508,11.5264,6.98511,-6.70507,8.02353,0,0,0,0,0,0,0,0,0,0,0,0,0.0425831,0.492287,-1.46881,-0.0374641,0.614179,-1.51917,-0.0436755,0.808987,-1.47427,-0.0363806,0.830766,-1.42395,-0.0316656,0.795144,-1.1358,0.0237297,0.796375,-1.20488,-0.146206,0.662585,-1.2647,0.0906313,0.708858,-1.27808,9.91052e-06,0.00131617,-2.32574e-05,-0.00077494,0.000702302,0.000367962,0.000567672,-0.000943442,-4.02654e-05,0.000396079,0.000125952,-0.000993208,
-4.08405,16.6537,18.3146,3.36815,10.0184,17.2854,-5.64086,-8.0496,11.5271,6.98482,-6.70338,8.02504,0,0,0,0,0,0,0,0,0,0,0,0,0.0425831,0.492316,-1.46881,-0.0374813,0.614194,-1.51916,-0.0436632,0.808966,-1.47427,-0.0363721,0.830769,-1.42397,-0.0316726,0.795144,-1.13582,0.0237379,0.796365,-1.20488,-0.146211,0.662587,-1.26468,0.0906342,0.708893,-1.27807,-9.11341e-06,0.00132106,-2.27996e-05,-0.000793358,0.000706994,0.000373397,0.000552512,-0.000929506,-5.50369e-05,0.000381078,0.000142103,-0.00100802,
-4.08458,16.6523,18.3137,3.36949,10.0173,17.285,-5.64187,-8.0482,11.528,6.98446,-6.70153,8.02647,0,0,0,0,0,0,0,0,0,0,0,0,0.042583,0.492345,-1.46881,-0.0374987,0.61421,-1.51916,-0.043651,0.808946,-1.47427,-0.0363636,0.830772,-1.424,-0.0316822,0.795148,-1.13583,0.0237452,0.79636,-1.20488,-0.146216,0.662592,-1.26467,0.0906362,0.708929,-1.27807,-2.74211e-08,0.00132322,-3.45553e-05,-0.000784315,0.000697588,0.000383688,0.000558753,-0.000926643,-6.51082e-05,0.000387667,0.000130023,-0.000994302,
-4.08495,16.6515,18.3132,3.37059,10.0166,17.2847,-5.64261,-8.04693,11.5288,6.98428,-6.69988,8.02756,0,0,0,0,0,0,0,0,0,0,0,0,0.042583,0.492366,-1.46881,-0.0375112,0.614221,-1.51915,-0.043642,0.808931,-1.47427,-0.0363574,0.830773,-1.42401,-0.0316888,0.795153,-1.13585,0.0237526,0.796359,-1.20488,-0.146221,0.6626,-1.26465,0.0906391,0.70896,-1.27806,-2.98515e-06,0.00132304,-4.24539e-05,-0.000787315,0.000692288,0.000384957,0.000554253,-0.000929466,-6.64993e-05,0.000383318,0.000120899,-0.00098602,
-4.0853,16.6497,18.3124,3.37199,10.0151,17.2843,-5.64352,-8.04593,11.5295,6.98401,-6.69832,8.02913,0,0,0,0,0,0,0,0,0,0,0,0,0.0425827,0.492395,-1.46881,-0.0375288,0.614236,-1.51914,-0.0436301,0.808911,-1.47427,-0.0363492,0.830776,-1.42403,-0.0316962,0.79515,-1.13586,0.0237599,0.796347,-1.20488,-0.146226,0.662598,-1.26464,0.0906418,0.708992,-1.27806,-2.59869e-05,0.0013319,-4.05319e-05,-0.000809664,0.000702156,0.000388632,0.000534541,-0.000908471,-8.56206e-05,0.0003637,0.000145498,-0.00100816,
-4.08581,16.6481,18.3116,3.37352,10.014,17.2835,-5.64452,-8.04432,11.5306,6.98369,-6.69636,8.03051,0,0,0,0,0,0,0,0,0,0,0,0,0.0425822,0.492427,-1.46881,-0.0375481,0.614253,-1.51913,-0.0436172,0.808889,-1.47427,-0.0363404,0.83078,-1.42406,-0.0317055,0.795154,-1.13588,0.0237687,0.796342,-1.20488,-0.146231,0.662606,-1.26463,0.090645,0.709031,-1.27805,-1.29147e-05,0.00133317,-5.30343e-05,-0.000796749,0.000689278,0.000401683,0.000543219,-0.000911389,-8.78609e-05,0.00037272,0.000123873,-0.000981794,
-4.08624,16.6467,18.3108,3.37496,10.0128,17.2831,-5.64544,-8.04287,11.5315,6.98345,-6.69443,8.03194,0,0,0,0,0,0,0,0,0,0,0,0,0.0425819,0.492457,-1.46882,-0.0375656,0.614268,-1.51912,-0.0436053,0.808869,-1.47428,-0.0363323,0.830782,-1.42408,-0.0317139,0.795157,-1.13589,0.0237771,0.796336,-1.20488,-0.146236,0.662612,-1.26461,0.0906486,0.709068,-1.27805,-2.32363e-05,0.00133128,-5.79302e-05,-0.000807071,0.000684644,0.000400951,0.000531591,-0.000919153,-8.11426e-05,0.000361137,0.000112796,-0.00097075,
-4.08656,16.6454,18.3102,3.37598,10.0117,17.2827,-5.64615,-8.0421,11.5319,6.98323,-6.69292,8.03297,0,0,0,0,0,0,0,0,0,0,0,0,0.0425815,0.492478,-1.46882,-0.0375785,0.614279,-1.51912,-0.0435968,0.808854,-1.47428,-0.0363265,0.830784,-1.42409,-0.0317202,0.795155,-1.1359,0.0237828,0.796327,-1.20488,-0.146241,0.662611,-1.26461,0.0906502,0.709097,-1.27805,-2.41566e-05,0.00133279,-5.96424e-05,-0.000807903,0.000681799,0.000404348,0.000527585,-0.000917326,-8.3157e-05,0.000357215,0.000108836,-0.000965481,
-4.08698,16.644,18.3093,3.37736,10.0106,17.2821,-5.64703,-8.04074,11.5328,6.98297,-6.69126,8.03443,0,0,0,0,0,0,0,0,0,0,0,0,0.0425809,0.492507,-1.46882,-0.0375963,0.614294,-1.51911,-0.0435852,0.808834,-1.47428,-0.0363187,0.830786,-1.42412,-0.0317285,0.795159,-1.13592,0.02379,0.796321,-1.20488,-0.146245,0.662616,-1.26459,0.0906533,0.70913,-1.27804,-2.91038e-05,0.00133709,-5.75595e-05,-0.000812378,0.000682561,0.000414183,0.000522882,-0.000904105,-9.67214e-05,0.000352677,0.000118491,-0.000972291,
-4.08745,16.6425,18.3086,3.37876,10.0094,17.2815,-5.64795,-8.03938,11.5337,6.98268,-6.68942,8.03577,0,0,0,0,0,0,0,0,0,0,0,0,0.0425804,0.492537,-1.46882,-0.0376141,0.614309,-1.5191,-0.0435737,0.808814,-1.47428,-0.0363109,0.830789,-1.42414,-0.0317373,0.79516,-1.13594,0.0237978,0.796314,-1.20489,-0.14625,0.662621,-1.26458,0.0906559,0.709166,-1.27804,-2.15785e-05,0.00133912,-6.81128e-05,-0.000805019,0.000676388,0.000417247,0.000526619,-0.000903978,-0.00010151,0.00035661,0.000107291,-0.000960531,
-4.0879,16.6413,18.308,3.37989,10.0084,17.2813,-5.64875,-8.03822,11.5344,6.98244,-6.68779,8.03701,0,0,0,0,0,0,0,0,0,0,0,0,0.0425801,0.492561,-1.46882,-0.0376285,0.614321,-1.51909,-0.0435642,0.808798,-1.47428,-0.0363045,0.830791,-1.42415,-0.0317459,0.795164,-1.13595,0.0238038,0.796309,-1.20488,-0.146256,0.662626,-1.26457,0.0906578,0.709197,-1.27803,-2.4078e-05,0.00133924,-7.61647e-05,-0.00080778,0.000673747,0.000411634,0.000520978,-0.000908652,-9.935e-05,0.000350997,9.84733e-05,-0.000953841,
-4.08825,16.6398,18.3072,3.38137,10.0071,17.2806,-5.64958,-8.03691,11.5353,6.98226,-6.68605,8.03842,0,0,0,0,0,0,0,0,0,0,0,0,0.0425793,0.49259,-1.46882,-0.0376465,0.614336,-1.51908,-0.0435529,0.808778,-1.47428,-0.0362969,0.830793,-1.42418,-0.0317536,0.795165,-1.13596,0.0238122,0.796301,-1.20489,-0.14626,0.66263,-1.26455,0.0906616,0.709231,-1.27803,-4.25319e-05,0.00134237,-7.47043e-05,-0.000825838,0.000679539,0.000410011,0.000504865,-0.000901203,-0.000105286,0.000334873,0.000110879,-0.000966116,
-4.08872,16.6382,18.3065,3.38275,10.0059,17.28,-5.65049,-8.03562,11.5362,6.98198,-6.68421,8.03972,0,0,0,0,0,0,0,0,0,0,0,0,0.0425786,0.49262,-1.46882,-0.0376645,0.614351,-1.51907,-0.0435417,0.808758,-1.47429,-0.0362895,0.830795,-1.4242,-0.0317626,0.795166,-1.13598,0.0238198,0.796294,-1.20489,-0.146265,0.662633,-1.26454,0.0906642,0.709267,-1.27803,-2.74291e-05,0.00134518,-8.41261e-05,-0.000810875,0.000672386,0.000416507,0.000514977,-0.000899552,-0.000110577,0.000345222,9.84965e-05,-0.000951227,
-4.08912,16.6372,18.3059,3.38395,10.0052,17.2795,-5.65124,-8.03424,11.5371,6.98183,-6.68248,8.04089,0,0,0,0,0,0,0,0,0,0,0,0,0.0425782,0.492644,-1.46883,-0.037679,0.614363,-1.51906,-0.0435324,0.808742,-1.47429,-0.0362832,0.830797,-1.42421,-0.03177,0.795172,-1.13599,0.0238272,0.796292,-1.20489,-0.146269,0.662642,-1.26452,0.0906677,0.709299,-1.27802,-2.67034e-05,0.0013447,-8.7335e-05,-0.000810185,0.000669489,0.000415314,0.000513083,-0.000902018,-0.000109527,0.000343372,9.23291e-05,-0.000945954,
-4.08953,16.6354,18.3052,3.38533,10.0037,17.279,-5.65211,-8.03321,11.5378,6.98157,-6.6808,8.04237,0,0,0,0,0,0,0,0,0,0,0,0,0.0425775,0.492674,-1.46883,-0.0376969,0.614378,-1.51906,-0.0435212,0.808722,-1.47429,-0.0362758,0.830799,-1.42423,-0.0317784,0.79517,-1.13601,0.0238341,0.79628,-1.20489,-0.146274,0.662642,-1.26451,0.0906702,0.709333,-1.27802,-3.52604e-05,0.00135094,-8.3929e-05,-0.000818426,0.000677963,0.000412409,0.000503396,-0.000887784,-0.000120771,0.000333627,0.000109584,-0.000963089,
-4.09001,16.6339,18.3044,3.38672,10.0024,17.2784,-5.65301,-8.03187,11.5387,6.98129,-6.679,8.04378,0,0,0,0,0,0,0,0,0,0,0,0,0.0425768,0.492703,-1.46883,-0.0377149,0.614392,-1.51905,-0.0435101,0.808703,-1.47429,-0.0362684,0.830801,-1.42426,-0.0317878,0.795172,-1.13602,0.0238415,0.796272,-1.20489,-0.146279,0.662646,-1.2645,0.0906726,0.709368,-1.27801,-2.98741e-05,0.00135188,-8.74751e-05,-0.000812988,0.000676432,0.000412749,0.000507343,-0.000887767,-0.000121643,0.000337655,0.000106003,-0.000958663,
-4.09038,16.6329,18.3039,3.38777,10.0017,17.2781,-5.65369,-8.03076,11.5394,6.98112,-6.67742,8.04477,0,0,0,0,0,0,0,0,0,0,0,0,0.0425764,0.492725,-1.46883,-0.0377278,0.614403,-1.51904,-0.0435019,0.808688,-1.4743,-0.0362629,0.830803,-1.42427,-0.0317947,0.795175,-1.13603,0.0238479,0.796268,-1.20489,-0.146284,0.662652,-1.26449,0.090675,0.709397,-1.27801,-2.41437e-05,0.00134844,-9.1341e-05,-0.000807353,0.000670387,0.00041119,0.000510456,-0.000897301,-0.000113985,0.000340807,9.21829e-05,-0.00094589,
-4.09079,16.6314,18.3031,3.38917,10.0004,17.2775,-5.65453,-8.02949,11.5402,6.9809,-6.67574,8.04621,0,0,0,0,0,0,0,0,0,0,0,0,0.0425758,0.492755,-1.46883,-0.0377456,0.614418,-1.51903,-0.0434908,0.808668,-1.4743,-0.0362555,0.830805,-1.42429,-0.0318031,0.795177,-1.13605,0.0238552,0.79626,-1.20489,-0.146288,0.662655,-1.26448,0.0906782,0.70943,-1.278,-3.43129e-05,0.00134863,-8.51666e-05,-0.000817166,0.000675051,0.00040832,0.00050101,-0.000893276,-0.000115524,0.000331261,0.000102286,-0.000957149,
-4.09135,16.6298,18.3023,3.39065,9.99914,17.2769,-5.65553,-8.02799,11.5412,6.9806,-6.67379,8.04773,0,0,0,0,0,0,0,0,0,0,0,0,0.0425752,0.492787,-1.46883,-0.0377651,0.614434,-1.51902,-0.0434787,0.808647,-1.4743,-0.0362475,0.830807,-1.42431,-0.0318136,0.79518,-1.13607,0.023863,0.796253,-1.20489,-0.146294,0.662661,-1.26446,0.090681,0.709468,-1.278,-1.9661e-05,0.00134878,-8.69783e-05,-0.000802532,0.000670233,0.000411559,0.000510982,-0.000892817,-0.000117551,0.00034131,9.4872e-05,-0.000949361,
-4.09172,16.6288,18.3018,3.39173,9.99837,17.2765,-5.6562,-8.02686,11.542,6.98045,-6.67215,8.04874,0,0,0,0,0,0,0,0,0,0,0,0,0.042575,0.492809,-1.46884,-0.0377778,0.614445,-1.51901,-0.0434704,0.808633,-1.4743,-0.0362419,0.830809,-1.42433,-0.0318203,0.795183,-1.13608,0.0238701,0.79625,-1.20489,-0.146298,0.662667,-1.26445,0.0906839,0.709499,-1.27799,-1.70632e-05,0.00134598,-8.67263e-05,-0.000799929,0.000666873,0.000408964,0.000510659,-0.000899254,-0.000111116,0.00034095,8.68428e-05,-0.000942769,
-4.09216,16.6272,18.3009,3.39309,9.99697,17.2761,-5.65708,-8.02569,11.5427,6.98022,-6.67052,8.05033,0,0,0,0,0,0,0,0,0,0,0,0,0.0425744,0.492838,-1.46884,-0.0377956,0.61446,-1.51901,-0.0434594,0.808613,-1.47431,-0.0362346,0.830811,-1.42435,-0.0318294,0.795184,-1.1361,0.0238765,0.79624,-1.20489,-0.146303,0.662669,-1.26444,0.0906866,0.709531,-1.27799,-3.31633e-05,0.00134877,-7.54977e-05,-0.00081538,0.000678362,0.000404586,0.000497523,-0.000888058,-0.000116622,0.000327657,0.000110177,-0.00096643,
-4.09267,16.6257,18.3001,3.39445,9.99578,17.2755,-5.65801,-8.02435,11.5435,6.97991,-6.66871,8.05168,0,0,0,0,0,0,0,0,0,0,0,0,0.0425738,0.492868,-1.46884,-0.0378133,0.614474,-1.519,-0.0434483,0.808594,-1.47431,-0.0362273,0.830813,-1.42437,-0.0318389,0.795187,-1.13611,0.023884,0.796233,-1.20489,-0.146308,0.662674,-1.26443,0.0906886,0.709567,-1.27798,-1.88817e-05,0.00134902,-7.77415e-05,-0.00080096,0.000674526,0.00040881,0.000509871,-0.000889545,-0.000115245,0.000340121,0.00010269,-0.000956144,
-4.09309,16.6246,18.2995,3.39562,9.99488,17.2751,-5.65878,-8.02312,11.5443,6.9797,-6.66703,8.05284,0,0,0,0,0,0,0,0,0,0,0,0,0.0425736,0.492892,-1.46884,-0.0378276,0.614487,-1.51899,-0.043439,0.808577,-1.47431,-0.036221,0.830815,-1.42439,-0.0318467,0.795191,-1.13612,0.023891,0.796228,-1.20489,-0.146313,0.66268,-1.26441,0.0906912,0.709598,-1.27798,-1.65107e-05,0.00134635,-7.96874e-05,-0.000798522,0.000671674,0.000406321,0.000511577,-0.00089792,-0.000106672,0.000341843,9.37717e-05,-0.00094722,
-4.09354,16.6229,18.2986,3.39697,9.99342,17.2747,-5.65965,-8.02199,11.5449,6.97943,-6.66539,8.05435,0,0,0,0,0,0,0,0,0,0,0,0,0.0425731,0.492922,-1.46884,-0.0378453,0.614501,-1.51898,-0.0434279,0.808558,-1.47431,-0.0362136,0.830817,-1.42441,-0.0318555,0.79519,-1.13614,0.0238975,0.796217,-1.20489,-0.146318,0.662681,-1.26441,0.0906934,0.709631,-1.27797,-2.85947e-05,0.00134748,-7.28756e-05,-0.000810135,0.000679066,0.000402004,0.00050171,-0.000893448,-0.000106814,0.000331862,0.000107035,-0.000960496,
-4.09398,16.6216,18.298,3.39844,9.99253,17.2739,-5.66051,-8.02034,11.5461,6.97923,-6.66344,8.05562,0,0,0,0,0,0,0,0,0,0,0,0,0.0425726,0.492951,-1.46884,-0.037863,0.614516,-1.51897,-0.0434167,0.808538,-1.47431,-0.0362062,0.830819,-1.42443,-0.0318639,0.795196,-1.13615,0.0239068,0.796215,-1.2049,-0.146322,0.662691,-1.26439,0.0906973,0.709668,-1.27797,-1.78948e-05,0.00134582,-7.51702e-05,-0.000799319,0.000673884,0.000405629,0.000511032,-0.000898076,-0.000103199,0.000341291,9.73478e-05,-0.000949146,
-4.09435,16.6204,18.2974,3.39945,9.99153,17.2736,-5.66122,-8.01943,11.5466,6.97903,-6.66191,8.05669,0,0,0,0,0,0,0,0,0,0,0,0,0.0425724,0.492973,-1.46885,-0.0378757,0.614527,-1.51896,-0.0434085,0.808523,-1.47432,-0.0362007,0.830821,-1.42445,-0.0318706,0.795196,-1.13617,0.0239126,0.796208,-1.2049,-0.146327,0.662693,-1.26438,0.0906993,0.709697,-1.27797,-1.41169e-05,0.00134652,-7.58616e-05,-0.000795345,0.000674284,0.000404398,0.00051386,-0.000897853,-0.000102809,0.000344168,9.67013e-05,-0.000947977,
-4.09484,16.6188,18.2964,3.40094,9.99011,17.2731,-5.66217,-8.01806,11.5475,6.97875,-6.66019,8.05837,0,0,0,0,0,0,0,0,0,0,0,0,0.042572,0.493005,-1.46885,-0.0378949,0.614543,-1.51896,-0.0433963,0.808502,-1.47432,-0.0361925,0.830823,-1.42447,-0.0318802,0.795198,-1.13619,0.0239203,0.796199,-1.2049,-0.146332,0.662697,-1.26436,0.0907023,0.709732,-1.27796,-2.1345e-05,0.00135284,-6.82508e-05,-0.00080202,0.000686947,0.000400822,0.000508634,-0.000881601,-0.000113856,0.000338857,0.000121796,-0.000971994,
-4.09535,16.6172,18.2957,3.40234,9.98891,17.2726,-5.66312,-8.01669,11.5484,6.97845,-6.65835,8.05974,0,0,0,0,0,0,0,0,0,0,0,0,0.0425716,0.493035,-1.46885,-0.0379124,0.614558,-1.51895,-0.043385,0.808483,-1.47432,-0.036185,0.830826,-1.42449,-0.0318896,0.795201,-1.1362,0.0239285,0.796192,-1.2049,-0.146338,0.662703,-1.26435,0.0907046,0.709768,-1.27796,-1.05819e-05,0.00135421,-7.80349e-05,-0.000791368,0.000686612,0.000394711,0.000518681,-0.000887265,-0.000108942,0.000348986,0.000113251,-0.000962389,
-4.09571,16.6162,18.2952,3.40342,9.98807,17.2723,-5.66381,-8.01561,11.5491,6.97829,-6.65681,8.0608,0,0,0,0,0,0,0,0,0,0,0,0,0.0425715,0.493057,-1.46885,-0.037925,0.614569,-1.51894,-0.0433766,0.808468,-1.47432,-0.0361794,0.830828,-1.42451,-0.0318964,0.795203,-1.13621,0.0239355,0.796188,-1.2049,-0.146342,0.662708,-1.26434,0.0907072,0.709798,-1.27795,-1.43101e-05,0.00135299,-8.02793e-05,-0.000795009,0.00068859,0.000386909,0.000515997,-0.000894395,-0.000100107,0.000346263,0.000110323,-0.000959876,
-4.0962,16.6146,18.2943,3.40475,9.98671,17.2719,-5.66473,-8.01442,11.5498,6.97799,-6.65518,8.06232,0,0,0,0,0,0,0,0,0,0,0,0,0.0425711,0.493087,-1.46885,-0.0379426,0.614585,-1.51893,-0.0433653,0.808449,-1.47433,-0.0361718,0.83083,-1.42453,-0.0319057,0.795205,-1.13623,0.023942,0.796178,-1.2049,-0.146348,0.66271,-1.26433,0.0907092,0.70983,-1.27795,-1.87172e-05,0.0013545,-7.34849e-05,-0.000798931,0.000694658,0.000385656,0.000513251,-0.000890035,-9.94266e-05,0.000343447,0.000120835,-0.000968276,
-4.09666,16.6131,18.2936,3.40614,9.98551,17.2712,-5.66562,-8.01306,11.5507,6.97771,-6.65338,8.06361,0,0,0,0,0,0,0,0,0,0,0,0,0.0425709,0.493116,-1.46885,-0.03796,0.6146,-1.51892,-0.0433539,0.808429,-1.47433,-0.0361641,0.830833,-1.42455,-0.0319141,0.795206,-1.13624,0.0239502,0.796172,-1.2049,-0.146352,0.662715,-1.26432,0.0907121,0.709865,-1.27794,-7.85629e-06,0.0013524,-7.22212e-05,-0.000787888,0.000689492,0.000390407,0.00052194,-0.000896018,-9.16523e-05,0.000352181,0.000110108,-0.000954289,
-4.0972,16.6114,18.2927,3.40761,9.98415,17.2708,-5.66659,-8.01163,11.5514,6.97741,-6.65146,8.06509,0,0,0,0,0,0,0,0,0,0,0,0,0.0425708,0.493149,-1.46886,-0.0379788,0.614616,-1.51891,-0.0433413,0.808407,-1.47433,-0.0361556,0.830835,-1.42457,-0.0319239,0.795208,-1.13626,0.0239579,0.796163,-1.2049,-0.146357,0.662719,-1.2643,0.090715,0.709902,-1.27794,-7.92275e-06,0.0013462,-6.57711e-05,-0.000787814,0.000685077,0.000389305,0.000519493,-0.00090798,-7.65101e-05,0.000349597,9.94331e-05,-0.000943818,
-4.09759,16.6104,18.292,3.40863,9.98324,17.2705,-5.66731,-8.01061,11.552,6.9772,-6.64992,8.06625,0,0,0,0,0,0,0,0,0,0,0,0,0.0425706,0.49317,-1.46886,-0.0379914,0.614627,-1.51891,-0.043333,0.808393,-1.47433,-0.03615,0.830837,-1.42459,-0.0319313,0.79521,-1.13628,0.0239638,0.796158,-1.2049,-0.146362,0.662723,-1.2643,0.0907168,0.709932,-1.27793,-1.21389e-05,0.00134486,-6.03082e-05,-0.000791616,0.000686592,0.000388902,0.000516182,-0.000907962,-7.45212e-05,0.000346268,0.000103598,-0.000948135,
-4.09802,16.6088,18.2912,3.41001,9.98201,17.2699,-5.6682,-8.0093,11.5528,6.97693,-6.64823,8.06765,0,0,0,0,0,0,0,0,0,0,0,0,0.0425704,0.4932,-1.46886,-0.0380089,0.614642,-1.5189,-0.0433217,0.808373,-1.47433,-0.0361424,0.830839,-1.42461,-0.0319394,0.795212,-1.13629,0.0239716,0.796151,-1.2049,-0.146367,0.662727,-1.26428,0.0907195,0.709965,-1.27793,-1.31198e-05,0.00134701,-5.51176e-05,-0.000791993,0.000690089,0.000393848,0.000517561,-0.000899099,-8.17664e-05,0.000347719,0.000115118,-0.000957511,
-4.09853,16.6072,18.2903,3.41135,9.9807,17.2694,-5.66914,-8.00804,11.5535,6.97661,-6.64647,8.06906,0,0,0,0,0,0,0,0,0,0,0,0,0.0425702,0.493229,-1.46886,-0.0380261,0.614657,-1.51889,-0.0433102,0.808353,-1.47433,-0.0361347,0.830842,-1.42463,-0.0319486,0.795213,-1.13631,0.0239789,0.796142,-1.2049,-0.146372,0.66273,-1.26427,0.0907216,0.71,-1.27792,-4.3978e-06,0.00134792,-5.75568e-05,-0.00078313,0.000688124,0.000395841,0.00052468,-0.000898288,-8.33156e-05,0.000354937,0.000111663,-0.000952805,
-4.09899,16.6058,18.2896,3.41276,9.97954,17.2689,-5.67003,-8.00661,11.5544,6.97636,-6.64461,8.0704,0,0,0,0,0,0,0,0,0,0,0,0,0.0425702,0.493259,-1.46886,-0.0380433,0.614673,-1.51888,-0.0432986,0.808333,-1.47434,-0.0361268,0.830844,-1.42465,-0.031957,0.795216,-1.13632,0.0239872,0.796136,-1.2049,-0.146377,0.662736,-1.26426,0.0907249,0.710036,-1.27792,-7.06249e-06,0.00134423,-5.92589e-05,-0.000785798,0.000685966,0.000390202,0.000521456,-0.000907376,-7.48712e-05,0.000351665,0.000104105,-0.000947429,
-4.09937,16.6045,18.2889,3.41392,9.97852,17.2685,-5.67078,-8.00551,11.555,6.97617,-6.64298,8.07157,0,0,0,0,0,0,0,0,0,0,0,0,0.0425701,0.493283,-1.46886,-0.0380574,0.614685,-1.51887,-0.0432892,0.808317,-1.47434,-0.0361205,0.830846,-1.42466,-0.0319642,0.795217,-1.13634,0.0239941,0.79613,-1.2049,-0.146381,0.662739,-1.26425,0.0907276,0.710067,-1.27792,-1.05309e-05,0.00134241,-5.69526e-05,-0.000789067,0.000685927,0.000387708,0.00051754,-0.000909517,-7.23752e-05,0.000347722,0.00010425,-0.000949182,
-4.09981,16.6029,18.288,3.41527,9.97715,17.268,-5.67168,-8.00432,11.5557,6.97587,-6.64134,8.07307,0,0,0,0,0,0,0,0,0,0,0,0,0.0425697,0.493313,-1.46886,-0.0380749,0.6147,-1.51887,-0.0432779,0.808297,-1.47434,-0.0361129,0.830848,-1.42469,-0.0319725,0.795218,-1.13635,0.0240012,0.79612,-1.2049,-0.146386,0.662742,-1.26424,0.0907299,0.7101,-1.27791,-1.35197e-05,0.00134731,-5.28428e-05,-0.000791411,0.00069357,0.000390097,0.000517835,-0.000893972,-8.71868e-05,0.000348115,0.000124516,-0.000968563,
-4.10036,16.6015,18.2873,3.41661,9.97602,17.2675,-5.67265,-8.0029,11.5567,6.97554,-6.63952,8.07448,0,0,0,0,0,0,0,0,0,0,0,0,0.0425697,0.493342,-1.46886,-0.0380921,0.614715,-1.51886,-0.0432663,0.808277,-1.47434,-0.0361051,0.830851,-1.42471,-0.0319823,0.795222,-1.13637,0.0240087,0.796115,-1.2049,-0.146392,0.662748,-1.26422,0.0907319,0.710135,-1.2779,1.27895e-06,0.00134715,-6.26779e-05,-0.000776807,0.000688441,0.000388553,0.000529946,-0.000897559,-8.86485e-05,0.000360378,0.00011343,-0.000958852,
-4.10085,16.5999,18.2865,3.418,9.97474,17.2671,-5.67355,-8.00159,11.5574,6.97527,-6.63768,8.07587,0,0,0,0,0,0,0,0,0,0,0,0,0.0425697,0.493372,-1.46887,-0.0381091,0.61473,-1.51885,-0.0432547,0.808258,-1.47434,-0.0360971,0.830853,-1.42473,-0.0319913,0.795222,-1.13638,0.0240167,0.796106,-1.2049,-0.146397,0.662751,-1.26421,0.0907348,0.710171,-1.2779,-4.92362e-06,0.00134272,-6.5557e-05,-0.00078313,0.000686513,0.000379208,0.000522774,-0.000908504,-7.92021e-05,0.000353104,0.000105246,-0.000954973,
-4.10118,16.599,18.2859,3.41908,9.974,17.2668,-5.67421,-8.00044,11.5581,6.97514,-6.63611,8.07695,0,0,0,0,0,0,0,0,0,0,0,0,0.0425696,0.493393,-1.46887,-0.0381217,0.614741,-1.51884,-0.0432463,0.808243,-1.47434,-0.0360915,0.830855,-1.42474,-0.0319976,0.795227,-1.1364,0.0240236,0.796104,-1.2049,-0.146401,0.662758,-1.2642,0.0907379,0.710201,-1.2779,-1.19399e-05,0.00133968,-6.11316e-05,-0.000789863,0.000686018,0.000377867,0.000516099,-0.000911134,-7.62565e-05,0.000346392,0.000106137,-0.000957773,
-4.1017,16.5973,18.2849,3.42053,9.9726,17.2662,-5.67523,-7.9991,11.5591,6.97482,-6.63439,8.07862,0,0,0,0,0,0,0,0,0,0,0,0,0.0425693,0.493426,-1.46887,-0.0381407,0.614758,-1.51883,-0.043234,0.808221,-1.47435,-0.0360832,0.830858,-1.42477,-0.0320073,0.795228,-1.13641,0.0240312,0.796095,-1.2049,-0.146407,0.662761,-1.26418,0.0907404,0.710236,-1.27789,-1.07523e-05,0.00134544,-5.41451e-05,-0.000787849,0.000691662,0.000388026,0.000519803,-0.000890855,-9.57002e-05,0.000350262,0.000127503,-0.000976215,
-4.10219,16.5958,18.2842,3.42195,9.97144,17.2657,-5.67616,-7.99765,11.56,6.97453,-6.63253,8.08002,0,0,0,0,0,0,0,0,0,0,0,0,0.0425691,0.493455,-1.46887,-0.0381579,0.614773,-1.51883,-0.0432224,0.808202,-1.47435,-0.0360754,0.83086,-1.42479,-0.0320163,0.795231,-1.13643,0.0240397,0.796089,-1.2049,-0.146412,0.662767,-1.26417,0.0907431,0.710272,-1.27789,-7.62425e-06,0.0013449,-5.89215e-05,-0.000784563,0.000689771,0.000387531,0.000523811,-0.000895188,-9.2388e-05,0.000354369,0.000121643,-0.000969267,
-4.10266,16.5942,18.2833,3.42331,9.97006,17.2653,-5.67709,-7.99645,11.5606,6.97423,-6.63076,8.08142,0,0,0,0,0,0,0,0,0,0,0,0,0.042569,0.493485,-1.46887,-0.0381752,0.614788,-1.51882,-0.0432109,0.808182,-1.47435,-0.0360676,0.830863,-1.42481,-0.0320251,0.795231,-1.13645,0.0240472,0.796079,-1.2049,-0.146418,0.662769,-1.26416,0.0907453,0.710307,-1.27788,-1.14662e-05,0.00134343,-6.01321e-05,-0.000788203,0.000689596,0.000384744,0.000520977,-0.000901108,-8.51539e-05,0.000351542,0.000117645,-0.000964496,
-4.10304,16.5931,18.2827,3.42433,9.96922,17.265,-5.6778,-7.99542,11.5612,6.97401,-6.62924,8.08249,0,0,0,0,0,0,0,0,0,0,0,0,0.0425689,0.493506,-1.46887,-0.0381877,0.614799,-1.51881,-0.0432026,0.808167,-1.47435,-0.036062,0.830865,-1.42482,-0.0320321,0.795233,-1.13646,0.0240532,0.796075,-1.2049,-0.146422,0.662773,-1.26415,0.090747,0.710336,-1.27788,-8.76276e-06,0.00134067,-5.98448e-05,-0.000785369,0.000685064,0.000386653,0.000522305,-0.000906979,-7.94415e-05,0.000352915,0.000109248,-0.000955637,
-4.10345,16.5916,18.2819,3.42569,9.96792,17.2645,-5.67867,-7.99415,11.5619,6.97375,-6.62759,8.08392,0,0,0,0,0,0,0,0,0,0,0,0,0.0425686,0.493536,-1.46887,-0.0382051,0.614814,-1.5188,-0.0431911,0.808147,-1.47435,-0.0360543,0.830867,-1.42485,-0.03204,0.795235,-1.13648,0.0240604,0.796066,-1.2049,-0.146427,0.662777,-1.26414,0.0907498,0.710368,-1.27787,-1.80801e-05,0.00133982,-5.29351e-05,-0.000794045,0.000686912,0.000391449,0.000516409,-0.000902867,-8.21226e-05,0.000347054,0.000118105,-0.000963376,
-4.10398,16.5899,18.281,3.42715,9.96656,17.2638,-5.67965,-7.99275,11.5627,6.9734,-6.62571,8.08535,0,0,0,0,0,0,0,0,0,0,0,0,0.0425683,0.493568,-1.46887,-0.038224,0.614831,-1.51879,-0.0431786,0.808126,-1.47436,-0.0360458,0.83087,-1.42487,-0.0320496,0.795236,-1.13649,0.0240683,0.796058,-1.2049,-0.146432,0.66278,-1.26412,0.0907522,0.710405,-1.27787,-5.34015e-06,0.00133936,-5.75088e-05,-0.00078126,0.000679671,0.00039795,0.00052612,-0.000903853,-8.46322e-05,0.000356944,0.000107657,-0.000951876,
-4.10442,16.5884,18.2803,3.42817,9.96572,17.2636,-5.68036,-7.99167,11.5634,6.9732,-6.62402,8.08648,0,0,0,0,0,0,0,0,0,0,0,0,0.0425683,0.493597,-1.46887,-0.0382364,0.614841,-1.51879,-0.0431701,0.808111,-1.47436,-0.03604,0.830871,-1.42488,-0.0320577,0.795238,-1.13651,0.0240745,0.796053,-1.2049,-0.146436,0.662785,-1.26411,0.0907543,0.710437,-1.27786,-5.94708e-06,0.0013351,-6.12181e-05,-0.00077899,0.000674708,0.000395617,0.000525883,-0.000910453,-8.08531e-05,0.000356745,9.7614e-05,-0.000944286,
