tau_cal_0,tau_cal_1,tau_cal_2,tau_cal_3,tau_cal_4,tau_cal_5,tau_cal_6,tau_cal_7,tau_cal_8,tau_cal_9,tau_cal_10,tau_cal_11,tau_est_0,tau_est_1,tau_est_2,tau_est_3,tau_est_4,tau_est_5,tau_est_6,tau_est_7,tau_est_8,tau_est_9,tau_est_10,tau_est_11,joint_pos_0,joint_pos_1,joint_pos_2,joint_pos_3,joint_pos_4,joint_pos_5,joint_pos_6,joint_pos_7,joint_pos_8,joint_pos_9,joint_pos_10,joint_pos_11,joint_pos_target_0,joint_pos_target_1,joint_pos_target_2,joint_pos_target_3,joint_pos_target_4,joint_pos_target_5,joint_pos_target_6,joint_pos_target_7,joint_pos_target_8,joint_pos_target_9,joint_pos_target_10,joint_pos_target_11,joint_vel_0,joint_vel_1,joint_vel_2,joint_vel_3,joint_vel_4,joint_vel_5,joint_vel_6,joint_vel_7,joint_vel_8,joint_vel_9,joint_vel_10,joint_vel_11,
2.8505,-3.39956,6.09129,-0.163003,-12.6532,-1.49934,0.759678,-7.11897,0.127387,-7.60381,0.162815,0.198805,0,0,0,0,0,0,0,0,0,0,0,0,0.00705259,0.682758,-1.3621,-0.00662969,0.666685,-1.36653,0.00748299,0.661231,-1.38117,-0.00627324,0.663714,-1.38718,0.0589242,0.620591,-1.25146,-0.00962696,0.436261,-1.39385,0.021344,0.531616,-1.37926,-0.144582,0.666467,-1.38394,0.0013561,-0.0109226,-0.00323646,-0.00102595,-0.0111609,-0.00190193,0.00148647,-0.0054872,-0.0126251,-0.00174781,-0.00633097,-0.0115312,
1.55932,-3.14343,7.76635,-1.31763,-9.46792,9.11355,-2.07791,-3.15426,6.71976,-4.90249,-2.19198,3.88545,0,0,0,0,0,0,0,0,0,0,0,0,0.00715457,0.682678,-1.36223,-0.0067292,0.666627,-1.36659,0.00761063,0.661174,-1.38122,-0.00640943,0.663614,-1.38717,0.0355442,0.625708,-1.22097,-0.0307265,0.494686,-1.20083,-0.0301206,0.603881,-1.2587,-0.0955964,0.623804,-1.31616,0.00116867,0.00560279,0.00143735,-0.00123182,0.0062157,0.0017054,0.00149673,0.00171818,0.0104587,-0.00154989,0.00136153,0.0111365,
2.71649,-0.74815,6.32306,-1.47453,-3.01972,24.4129,-1.93129,4.00244,18.4776,-1.49121,-5.23721,1.65185,0,0,0,0,0,0,0,0,0,0,0,0,0.0012024,0.685531,-1.37077,-0.012819,0.672507,-1.38279,0.000287302,0.662434,-1.38695,-0.0221404,0.664742,-1.3936,0.0396904,0.677569,-1.27417,-0.0507927,0.628485,-0.971143,-0.0485251,0.737591,-1.06358,-0.0635636,0.575921,-1.38738,-0.333137,0.172374,-0.56112,-0.341124,0.332519,-0.984635,-0.418552,0.0728869,-0.384814,-0.437256,0.195598,-0.727611,
2.15537,0.943536,4.17185,0.121384,4.15918,24.0957,-1.47938,10.5973,31.3369,-0.721037,-3.67709,11.6638,0,0,0,0,0,0,0,0,0,0,0,0,-0.00505287,0.689968,-1.38447,-0.0192822,0.679533,-1.40406,-0.00780114,0.666619,-1.40051,-0.0304965,0.670801,-1.41325,0.0282668,0.712858,-1.32444,-0.0232257,0.762861,-0.987681,-0.0419375,0.868955,-0.854498,-0.0512354,0.615022,-1.22969,-0.179328,0.175242,-0.483395,-0.187934,0.235493,-0.66386,-0.221178,0.295064,-0.725633,-0.233114,0.338475,-0.871127,
1.46843,0.680531,1.72999,2.11172,9.3926,20.3764,-2.20833,14.0748,30.3419,-1.16929,0.461444,15.1437,0,0,0,0,0,0,0,0,0,0,0,0,-0.00683986,0.692387,-1.39179,-0.0211935,0.682318,-1.41246,-0.0097488,0.671207,-1.41218,-0.0326354,0.675733,-1.42593,0.0180054,0.708826,-1.37672,0.0151139,0.856901,-1.05773,-0.0513339,0.93293,-0.880672,-0.0556942,0.690093,-1.17085,-0.0566343,0.124249,-0.500803,-0.0637848,0.116365,-0.481256,-0.0438068,0.177748,-0.616134,-0.0549714,0.182398,-0.618954,
0.174967,-0.0708576,5.83714,4.18921,7.86081,17.0212,-2.96084,13.8992,26.8037,-0.432956,2.74107,13.4017,0,0,0,0,0,0,0,0,0,0,0,0,-0.00674573,0.695073,-1.40664,-0.0212599,0.683924,-1.42417,-0.00859156,0.671607,-1.42297,-0.0316824,0.675821,-1.43494,-0.00206041,0.698355,-1.32468,0.0561902,0.828973,-1.13189,-0.0588464,0.922441,-0.947877,-0.0362079,0.722906,-1.19936,0.0459588,0.139642,-0.738453,0.0391894,0.0649485,-0.52569,0.109345,-0.057388,-0.374303,0.102251,-0.0841164,-0.247161,
-0.303278,-0.697512,7.43444,4.28933,4.93276,16.1115,-1.84616,13.3212,23.4103,-0.118109,2.58247,12.264,0,0,0,0,0,0,0,0,0,0,0,0,-0.00643084,0.695969,-1.41126,-0.0209871,0.684333,-1.42739,-0.00785811,0.671152,-1.42508,-0.0309896,0.6752,-1.43623,-0.0101679,0.688314,-1.30173,0.0585445,0.776314,-1.15217,-0.0372607,0.910593,-1.01058,-0.0291898,0.718493,-1.21975,0.0542991,0.153603,-0.783494,0.0471716,0.0700902,-0.541496,0.127234,-0.0844,-0.340533,0.120608,-0.111873,-0.198707,
-0.936271,-1.95218,8.51553,2.94086,3.1535,17.6132,-0.971671,11.8809,22.5169,0.0668073,1.51465,13.5802,0,0,0,0,0,0,0,0,0,0,0,0,-0.00481173,0.704068,-1.43885,-0.0195995,0.689825,-1.44734,-0.00390477,0.673258,-1.44161,-0.0272897,0.676314,-1.44796,-0.0193426,0.678126,-1.30715,0.0361726,0.753897,-1.14317,-0.0175624,0.897158,-1.05252,-0.0223376,0.709974,-1.21612,0.0761504,0.291874,-0.706568,0.0703367,0.205833,-0.491196,0.1225,0.240873,-0.620606,0.114198,0.187031,-0.460748,
-1.06989,-2.59151,8.94852,2.29327,2.40539,16.7261,-0.928746,11.4405,22.6705,-0.094645,0.618974,13.8622,0,0,0,0,0,0,0,0,0,0,0,0,-0.00322244,0.709067,-1.44939,-0.0180978,0.693255,-1.45425,-0.00172462,0.678408,-1.45263,-0.0252517,0.680301,-1.45604,-0.018603,0.672596,-1.30717,0.0274974,0.743962,-1.16245,-0.0134387,0.898772,-1.0646,-0.0221017,0.700974,-1.22122,0.124421,0.325337,-0.625883,0.119146,0.213046,-0.376215,0.15804,0.377524,-0.738413,0.148829,0.287823,-0.526382,
-1.23186,-3.17118,9.17819,1.74223,2.11691,16.4886,-0.587727,10.5258,23.6788,0.12043,0.120477,14.5453,0,0,0,0,0,0,0,0,0,0,0,0,4.51887e-07,0.716889,-1.46307,-0.0149942,0.698186,-1.46171,0.00218071,0.6885,-1.47095,-0.0215764,0.687949,-1.46888,-0.0185174,0.669516,-1.31341,0.020403,0.743134,-1.17112,-0.00389934,0.893763,-1.06492,-0.015101,0.700682,-1.2217,0.118545,0.314261,-0.52606,0.113679,0.197355,-0.281286,0.140736,0.424225,-0.748394,0.130954,0.322117,-0.527901,
-1.39506,-2.73322,10.3468,1.93188,3.0483,16.2426,-0.54371,10.9896,26.31,0.53541,0.901341,16.4021,0,0,0,0,0,0,0,0,0,0,0,0,0.00193151,0.723153,-1.47387,-0.0131707,0.702125,-1.46767,0.00453932,0.696801,-1.48589,-0.0194273,0.694216,-1.47946,-0.0213488,0.681827,-1.30127,0.0238758,0.762767,-1.18117,-0.00257835,0.907039,-1.02729,-0.00722173,0.718351,-1.19512,0.0636899,0.2557,-0.474082,0.0587106,0.159458,-0.269732,0.0845769,0.318588,-0.604015,0.0754967,0.236729,-0.424151,
-1.25539,-2.80951,10.5557,2.11168,2.60999,15.393,-0.382393,11.065,26.4566,0.807923,1.06613,15.6645,0,0,0,0,0,0,0,0,0,0,0,0,0.00225154,0.724607,-1.47667,-0.0128806,0.703027,-1.46928,0.00499012,0.698552,-1.48931,-0.0190295,0.695504,-1.48185,-0.0190023,0.681227,-1.29988,0.026921,0.755244,-1.19818,0.000337031,0.908838,-1.02638,-0.00232591,0.721552,-1.20964,0.0480142,0.235324,-0.462143,0.0430048,0.145521,-0.268008,0.0702627,0.278153,-0.552902,0.0615419,0.203604,-0.38518,
-1.21781,-2.63561,11.7561,2.41963,2.50292,16.1302,-0.344751,11.36,26.1584,0.944256,1.53761,15.3666,0,0,0,0,0,0,0,0,0,0,0,0,0.0026205,0.730227,-1.49095,-0.0126746,0.706436,-1.47835,0.00624973,0.702777,-1.5011,-0.0180142,0.698092,-1.48947,-0.0196851,0.686008,-1.28952,0.0310028,0.754055,-1.19328,0.000740767,0.909918,-1.03193,-0.000277158,0.725626,-1.21348,-0.00499703,0.113117,-0.376215,-0.00964863,0.0645069,-0.250769,0.0231991,0.0181737,-0.196638,0.0173795,-0.0129032,-0.104061,
-1.19402,-2.50561,11.3934,2.24825,2.32036,15.7134,-0.409938,11.2311,25.7164,0.968386,1.60855,15.1809,0,0,0,0,0,0,0,0,0,0,0,0,0.00248984,0.732058,-1.49763,-0.0128995,0.707389,-1.48263,0.0067291,0.702684,-1.5041,-0.0176502,0.697484,-1.49077,-0.0193476,0.688493,-1.29793,0.0277245,0.750462,-1.20119,3.49879e-05,0.906762,-1.03988,0.000554916,0.726009,-1.21594,-0.00390812,0.0608472,-0.227761,-0.00773735,0.0270228,-0.130001,0.0232013,-0.00379507,-0.102565,0.0182753,-0.0220452,-0.0364001,
-1.10996,-2.45611,10.7529,2.06416,2.00211,15.4894,-0.583135,11.0518,24.9088,0.879772,1.4154,14.8549,0,0,0,0,0,0,0,0,0,0,0,0,0.00241824,0.732801,-1.50048,-0.0130324,0.707648,-1.48395,0.00714184,0.70265,-1.50541,-0.017321,0.697237,-1.49112,-0.017931,0.689071,-1.30863,0.024228,0.744295,-1.20356,-0.00275041,0.90355,-1.05421,-0.000760272,0.722719,-1.22133,-0.00513769,0.028307,-0.111771,-0.00824789,0.00746407,-0.0379026,0.0217006,-0.00131159,-0.0515764,0.0172605,-0.00771139,-0.00906948,
-1.08779,-2.08141,9.74674,1.98889,2.13914,16.1129,-0.799004,10.9504,24.6196,1.01125,1.35728,15.4217,0,0,0,0,0,0,0,0,0,0,0,0,0.0022609,0.73317,-1.50195,-0.0132526,0.70772,-1.48417,0.00751719,0.702626,-1.50603,-0.0170378,0.697186,-1.49111,-0.0177363,0.695678,-1.32604,0.022601,0.746669,-1.19105,-0.00654079,0.901719,-1.05887,0.00168539,0.721886,-1.21051,-0.00670142,0.0107428,-0.0398592,-0.00941063,0.00169112,0.00470297,0.0143419,-0.000154941,-0.0141407,0.0102954,0.000695092,0.00636712,
-1.06611,-2.11121,9.40542,1.87557,2.15415,16.1793,-0.96087,10.7533,24.1843,0.917246,1.2686,15.1155,0,0,0,0,0,0,0,0,0,0,0,0,0.00218155,0.733347,-1.50241,-0.0133884,0.707745,-1.48382,0.00782969,0.702644,-1.50607,-0.0168115,0.697228,-1.49081,-0.017166,0.695256,-1.3319,0.020668,0.746928,-1.18885,-0.00900611,0.898182,-1.06616,0.000376891,0.720323,-1.2152,0.0011082,0.00899882,-0.0152127,-0.0013707,0.000499857,0.0245908,0.0193895,0.000708584,0.00595619,0.0156196,0.000899014,0.0237546,
-0.966435,-2.21359,9.39501,2.02294,2.03491,16.078,-1.07476,10.6347,23.8966,0.849673,1.10646,14.7902,0,0,0,0,0,0,0,0,0,0,0,0,0.00224893,0.733553,-1.50269,-0.0133656,0.707774,-1.48328,0.00827546,0.702655,-1.50588,-0.0164313,0.697246,-1.49024,-0.0151778,0.693767,-1.33245,0.0234787,0.744876,-1.18987,-0.0103614,0.896048,-1.07099,-0.000195,0.71742,-1.22015,0.00442398,0.0140996,-0.0177595,0.00194346,0.00318487,0.0329359,0.0276279,0.00109801,0.0124114,0.0240685,0.00175069,0.0358529,
-0.916349,-2.30884,9.43282,2.11769,1.94347,15.8968,-1.13439,10.5108,23.7646,0.864802,1.05222,14.481,0,0,0,0,0,0,0,0,0,0,0,0,0.00235341,0.733963,-1.5032,-0.0133158,0.707909,-1.48255,0.00893502,0.702708,-1.50559,-0.0158482,0.697303,-1.48936,-0.0141425,0.692726,-1.33263,0.0252711,0.74353,-1.19248,-0.0106705,0.893937,-1.07309,0.000783008,0.716534,-1.22467,0.00504222,0.0226818,-0.0285787,0.00254805,0.00873311,0.0315746,0.0311592,0.00380224,0.0126741,0.0277312,0.00305424,0.0427506,
-0.875158,-2.36905,9.52487,2.1938,1.84372,15.8268,-1.17112,10.4111,23.657,0.889792,1.01944,14.2434,0,0,0,0,0,0,0,0,0,0,0,0,0.00245669,0.734569,-1.50399,-0.0132676,0.708184,-1.48196,0.00961958,0.702826,-1.50534,-0.0152381,0.697384,-1.48839,-0.0133123,0.692535,-1.33221,0.0266802,0.742233,-1.19353,-0.0106686,0.892337,-1.07488,0.0018348,0.71606,-1.22799,0.0043672,0.0317664,-0.042878,0.00184585,0.0160955,0.020651,0.0307084,0.00668064,0.0100509,0.0273435,0.00428898,0.0436011,
-0.835546,-1.9705,8.98129,2.24932,2.12408,16.2248,-1.27105,10.4477,23.9714,0.930798,0.733082,14.9485,0,0,0,0,0,0,0,0,0,0,0,0,0.00252224,0.735134,-1.50475,-0.0132428,0.708491,-1.4817,0.0101034,0.702964,-1.50521,-0.0148081,0.697477,-1.48771,-0.0125355,0.700551,-1.34312,0.0277041,0.747822,-1.18627,-0.0120191,0.893279,-1.06918,0.00299297,0.711062,-1.21461,0.00409508,0.0380263,-0.0509296,0.00153339,0.0217191,0.0132915,0.0301753,0.0109147,0.00568689,0.0268122,0.00784521,0.0401974,
-0.877092,-2.06785,9.12864,2.24844,2.16393,16.4596,-1.33442,10.3681,23.9847,0.877726,0.664828,14.8389,0,0,0,0,0,0,0,0,0,0,0,0,0.00261011,0.736058,-1.50595,-0.0132115,0.70905,-1.48149,0.0107628,0.703285,-1.50516,-0.0142235,0.697721,-1.48689,-0.0131132,0.699981,-1.34201,0.0278093,0.749274,-1.18196,-0.0124191,0.8923,-1.06902,0.00270372,0.710123,-1.21574,0.00683985,0.0464436,-0.0621151,0.00428028,0.0268925,0.00799511,0.0330098,0.0153851,0.00165386,0.0295937,0.00959746,0.0413481,
-0.873453,-2.21248,9.50845,2.37662,2.04332,16.3295,-1.49106,10.3938,23.9439,0.776841,0.565858,14.4018,0,0,0,0,0,0,0,0,0,0,0,0,0.00313401,0.737329,-1.50796,-0.0127496,0.709618,-1.48129,0.0119789,0.703474,-1.505,-0.013085,0.697571,-1.48531,-0.0118921,0.698958,-1.33814,0.0312321,0.747524,-1.18406,-0.0132511,0.892604,-1.06932,0.00281765,0.707447,-1.22087,0.0261205,0.0567331,-0.0935026,0.0235405,0.0230849,0.00991491,0.0574528,0.00462057,0.01031,0.0543361,-0.0126147,0.0788991,
-0.834444,-2.33148,9.62014,2.45991,1.88325,16.1999,-1.44922,10.3049,23.8741,0.862428,0.496054,14.0735,0,0,0,0,0,0,0,0,0,0,0,0,0.00349051,0.738266,-1.50947,-0.0124339,0.710016,-1.48111,0.0128567,0.703555,-1.5048,-0.012256,0.697385,-1.484,-0.0110988,0.697824,-1.33754,0.0327917,0.745135,-1.18617,-0.0118432,0.891142,-1.07028,0.00497548,0.706112,-1.22547,0.0177961,0.0595479,-0.0912602,0.0152792,0.0268162,0.0120355,0.0504011,0.00690065,0.0136226,0.0473902,-0.00894138,0.0810805,
-0.814689,-2.43003,9.72954,2.47903,1.72063,16.1499,-1.42866,10.1969,23.761,0.91659,0.428071,13.7854,0,0,0,0,0,0,0,0,0,0,0,0,0.0037433,0.739613,-1.51137,-0.0122353,0.710669,-1.48082,0.0138044,0.703792,-1.50448,-0.0113736,0.697284,-1.48225,-0.0107908,0.697485,-1.33721,0.033037,0.742986,-1.18673,-0.0108923,0.889643,-1.072,0.00647452,0.705001,-1.22904,0.00850866,0.0627756,-0.083714,0.00608392,0.0315391,0.013964,0.0390824,0.0138167,0.0141095,0.0361431,-0.00203413,0.0786224,
-0.705963,-2.44639,9.22225,2.37312,1.591,15.6085,-1.35204,10.1815,23.3554,0.950598,0.200223,13.2227,0,0,0,0,0,0,0,0,0,0,0,0,0.00388386,0.741027,-1.51314,-0.0121472,0.711396,-1.4805,0.0145795,0.704169,-1.50418,-0.0106625,0.697286,-1.48054,-0.00877426,0.698688,-1.34803,0.0311011,0.741436,-1.1962,-0.00892845,0.889937,-1.07912,0.00760145,0.700981,-1.23759,0.00542576,0.0654076,-0.0783659,0.00307623,0.0340019,0.0153821,0.0328382,0.0198652,0.0128488,0.0299539,0.00168092,0.077475,
-0.764046,-2.55298,9.39981,2.30063,1.4601,15.7938,-1.36482,10.0381,23.2149,0.986248,0.117511,12.9966,0,0,0,0,0,0,0,0,0,0,0,0,0.00400758,0.742668,-1.51507,-0.0120794,0.712264,-1.48021,0.0153108,0.704724,-1.50394,-0.00999982,0.697356,-1.47872,-0.00966858,0.698681,-1.3472,0.0298876,0.740137,-1.19301,-0.00848821,0.88808,-1.08173,0.0088539,0.69961,-1.24007,0.00658754,0.0742642,-0.092662,0.00419682,0.0405112,0.00123564,0.0310409,0.0258033,0.00369981,0.0281704,0.00361051,0.0717938,
-0.73803,-2.6049,9.62323,2.36325,1.39381,15.8931,-1.42005,10.0021,23.2463,0.968015,0.0467005,12.9483,0,0,0,0,0,0,0,0,0,0,0,0,0.00411264,0.743926,-1.51671,-0.0120138,0.712974,-1.48032,0.0158161,0.705171,-1.50398,-0.00954118,0.697444,-1.47765,-0.00911454,0.699224,-1.34527,0.0310641,0.739852,-1.19172,-0.00895957,0.888021,-1.08155,0.00900572,0.698572,-1.24019,0.00585325,0.0812683,-0.10779,0.00335447,0.0469386,-0.0111716,0.0318813,0.0303543,-0.00722953,0.0289244,0.00852248,0.0620713,
-0.724748,-2.70962,9.81979,2.39333,1.29649,15.9148,-1.44947,9.93385,23.309,0.966436,-0.0163431,12.8696,0,0,0,0,0,0,0,0,0,0,0,0,0.00421538,0.745765,-1.51914,-0.0119659,0.714062,-1.48061,0.0165183,0.705931,-1.50428,-0.00890546,0.69774,-1.47642,-0.00883554,0.699273,-1.34421,0.0315943,0.739294,-1.19166,-0.00880576,0.887791,-1.08107,0.00959587,0.698005,-1.24076,0.00385993,0.0847567,-0.110375,0.00138098,0.0507019,-0.0124976,0.0314703,0.0380176,-0.0181662,0.0284096,0.0171513,0.0511587,
-0.715031,-2.80859,9.94129,2.37968,1.20999,15.8891,-1.43018,9.87339,23.3874,1.00196,-0.0501091,12.7593,0,0,0,0,0,0,0,0,0,0,0,0,0.0042837,0.747629,-1.52151,-0.0119516,0.715181,-1.48084,0.0171841,0.706831,-1.50474,-0.00830748,0.698179,-1.47537,-0.00863307,0.699311,-1.34417,0.0313196,0.738831,-1.19224,-0.00787039,0.88774,-1.08025,0.0107574,0.697968,-1.24188,0.0025605,0.0839652,-0.104253,0.000131259,0.050409,-0.00893722,0.0289872,0.0425616,-0.0223492,0.0258948,0.0213802,0.0459065,
-0.659886,-3.03731,9.87597,2.4308,1.02148,15.4745,-1.3027,9.98462,23.2066,1.06059,0.150043,12.5621,0,0,0,0,0,0,0,0,0,0,0,0,0.00433015,0.749596,-1.52389,-0.0119578,0.716072,-1.48097,0.0176801,0.707606,-1.50514,-0.0078671,0.698571,-1.47456,-0.00762059,0.696983,-1.34741,0.0322168,0.736237,-1.19981,-0.00513202,0.890545,-1.08389,0.0121889,0.702015,-1.2447,0.00144178,0.0797795,-0.094362,-0.000665956,0.0486749,-0.00581812,0.0266839,0.0428089,-0.0210705,0.0236026,0.0218637,0.0447141,
-0.690495,-3.10977,9.9435,2.36366,0.828616,15.4487,-1.30532,9.92,23.1732,1.04726,0.110313,12.5754,0,0,0,0,0,0,0,0,0,0,0,0,0.00435484,0.750867,-1.52536,-0.011976,0.717139,-1.48108,0.0182448,0.708574,-1.50562,-0.0073703,0.699092,-1.47365,-0.00813543,0.696968,-1.34757,0.0309866,0.733858,-1.2004,-0.00464227,0.890532,-1.0852,0.0124137,0.702054,-1.2439,0.00196123,0.0807149,-0.0917701,-0.000399476,0.050534,-0.00627983,0.0258483,0.0487169,-0.0277591,0.0227002,0.0292331,0.0337206,
-0.696385,-3.19893,10.0312,2.31988,0.727189,15.5355,-1.30529,9.84151,23.2117,1.03922,0.046913,12.6377,0,0,0,0,0,0,0,0,0,0,0,0,0.00439811,0.752665,-1.52736,-0.0119855,0.718302,-1.48126,0.0188103,0.709758,-1.50638,-0.00687647,0.699877,-1.47312,-0.00820471,0.697177,-1.34789,0.0301735,0.73329,-1.1991,-0.00409528,0.890542,-1.08561,0.0127364,0.702019,-1.24276,0.00179412,0.0816977,-0.0893618,-0.000628292,0.0539784,-0.00929109,0.0252671,0.0564326,-0.038407,0.0219398,0.0393803,0.0177609,
-0.69914,-3.2662,10.1053,2.28374,0.686871,15.6179,-1.31693,9.79509,23.2583,1.03047,0.00393119,12.6552,0,0,0,0,0,0,0,0,0,0,0,0,0.00443339,0.754421,-1.52926,-0.012004,0.719474,-1.48147,0.0193529,0.710991,-1.50723,-0.00640786,0.700757,-1.47279,-0.00823073,0.697573,-1.34828,0.0294856,0.733664,-1.1978,-0.00379669,0.890867,-1.08558,0.0130121,0.702114,-1.24222,0.00145195,0.0775227,-0.0841105,-0.00100621,0.0519741,-0.00897069,0.0242787,0.0544955,-0.0373722,0.0209038,0.0392859,0.0143813,
-0.685945,-3.31966,10.1418,2.26524,0.669921,15.6543,-1.31911,9.79271,23.3076,1.03223,-0.0124051,12.6475,0,0,0,0,0,0,0,0,0,0,0,0,0.004457,0.756045,-1.53102,-0.0120346,0.720564,-1.4816,0.0197318,0.711826,-1.50779,-0.00608288,0.70136,-1.47255,-0.00799044,0.697991,-1.3491,0.0290952,0.734287,-1.19719,-0.00348897,0.891518,-1.08508,0.0133381,0.702325,-1.24207,0.000741827,0.0703812,-0.0756816,-0.00172116,0.0471523,-0.00671721,0.0233158,0.050196,-0.0326309,0.0199573,0.0363541,0.0158851,
-0.61195,-3.58994,10.1307,2.07405,0.360952,15.5182,-1.10742,9.60051,22.8243,0.915115,-0.226074,12.1581,0,0,0,0,0,0,0,0,0,0,0,0,0.00446668,0.757249,-1.53231,-0.0120692,0.721367,-1.4817,0.0202744,0.712917,-1.50844,-0.00562002,0.702146,-1.47209,-0.00664901,0.694068,-1.35037,0.025571,0.729323,-1.19964,0.000860739,0.888816,-1.09417,0.011632,0.698996,-1.25033,0.000326017,0.0638986,-0.0686817,-0.00213338,0.0425593,-0.00259263,0.02204,0.0410743,-0.021891,0.0187491,0.0293399,0.0217826,
-0.601298,-3.57029,10.1294,2.03471,0.337972,15.4663,-1.12422,9.57935,22.7727,0.933701,-0.24089,12.0993,0,0,0,0,0,0,0,0,0,0,0,0,0.00446758,0.758218,-1.53335,-0.0121079,0.722011,-1.48172,0.020614,0.713525,-1.50873,-0.00533266,0.702577,-1.47172,-0.00646816,0.695219,-1.35121,0.0248009,0.729434,-1.20053,0.000853181,0.88893,-1.0953,0.012216,0.699089,-1.25103,-9.31159e-05,0.0585232,-0.0620251,-0.00262802,0.0390331,-0.000359706,0.0207658,0.0377389,-0.0189018,0.0174871,0.0272591,0.0213273,
-0.600169,-3.56237,10.1639,2.00406,0.358363,15.5103,-1.1399,9.56316,22.8978,0.92857,-0.249586,12.2047,0,0,0,0,0,0,0,0,0,0,0,0,0.00446277,0.759569,-1.53478,-0.012174,0.722924,-1.48173,0.0211052,0.714473,-1.50931,-0.00492216,0.703304,-1.4714,-0.00645696,0.696573,-1.35189,0.0241715,0.730646,-1.19977,0.00104019,0.889653,-1.09388,0.0125093,0.699798,-1.24922,-0.00023125,0.0542143,-0.0583074,-0.00280647,0.0368511,-0.00113521,0.0201814,0.039847,-0.0274514,0.0167546,0.0315199,0.0081949,
-0.59963,-3.56322,10.2297,1.98811,0.391289,15.5992,-1.15434,9.57583,23.0108,0.909714,-0.242267,12.2757,0,0,0,0,0,0,0,0,0,0,0,0,0.00445508,0.760688,-1.53604,-0.0122388,0.723681,-1.48178,0.0215406,0.71529,-1.50991,-0.00456302,0.703957,-1.47126,-0.00646314,0.697463,-1.35188,0.0238073,0.731843,-1.19823,0.00119336,0.890505,-1.09239,0.0125042,0.700441,-1.24786,-0.000484762,0.0476943,-0.0561095,-0.00309476,0.0320161,-0.0023572,0.0195788,0.0338736,-0.0261789,0.0161031,0.0271588,0.00605586,
-0.589076,-3.56599,10.2614,1.98853,0.415011,15.5946,-1.15512,9.60615,23.1136,0.910956,-0.221354,12.2914,0,0,0,0,0,0,0,0,0,0,0,0,0.00444178,0.761482,-1.53701,-0.0122993,0.724207,-1.48181,0.021886,0.715833,-1.51034,-0.00428021,0.704393,-1.47113,-0.00630129,0.697989,-1.35213,0.0237373,0.732634,-1.1983,0.00150121,0.89138,-1.0908,0.0127863,0.701086,-1.2474,-0.000995651,0.041036,-0.0517404,-0.00361974,0.0269274,-0.000962283,0.0188637,0.0271747,-0.0215345,0.0153895,0.0219406,0.00771935,
-0.594987,-3.74599,10.4135,1.9868,0.367191,15.7871,-1.14053,9.62248,22.9219,0.859239,-0.237323,11.8468,0,0,0,0,0,0,0,0,0,0,0,0,0.00440844,0.762282,-1.53806,-0.0123905,0.724726,-1.4818,0.0222843,0.716333,-1.51073,-0.00395793,0.704803,-1.47093,-0.00647171,0.695242,-1.35017,0.0235845,0.73209,-1.19471,0.00211985,0.891916,-1.09445,0.0121243,0.701016,-1.25521,-0.00190085,0.0326611,-0.0442881,-0.00453882,0.0210063,0.00160023,0.0174911,0.0192253,-0.0145944,0.0140451,0.0161221,0.010135,
-0.558942,-3.75333,10.3093,1.95805,0.38963,15.7514,-1.12737,9.6272,22.9921,0.873139,-0.278254,11.8763,0,0,0,0,0,0,0,0,0,0,0,0,0.0043423,0.762958,-1.53895,-0.0125203,0.725164,-1.48168,0.0226653,0.716769,-1.51106,-0.00365984,0.705196,-1.47075,-0.00596641,0.695518,-1.35236,0.0228476,0.732793,-1.19493,0.0026056,0.89254,-1.09359,0.0125383,0.700865,-1.25482,-0.00446482,0.0245296,-0.0260952,-0.00711681,0.0166703,0.0110798,0.0133786,0.0223155,-0.0173556,0.00986583,0.0222261,-0.000156827,
-0.563594,-3.73088,10.2559,1.90799,0.442623,15.7747,-1.13367,9.6754,23.0937,0.855672,-0.275733,11.9442,0,0,0,0,0,0,0,0,0,0,0,0,0.00426687,0.76331,-1.53926,-0.0126379,0.725406,-1.48144,0.0228654,0.717163,-1.51138,-0.00351696,0.705601,-1.47083,-0.00611565,0.696134,-1.35332,0.0218314,0.733902,-1.19407,0.00267132,0.893892,-1.09217,0.0123409,0.701437,-1.25388,-0.00413585,0.0201128,-0.0162868,-0.00676502,0.0137088,0.0171027,0.012776,0.0248379,-0.0206191,0.00917217,0.025932,-0.00681063,
-0.549634,-3.70892,10.241,1.90077,0.487032,15.8117,-1.14317,9.72785,23.1779,0.834448,-0.27626,12.0025,0,0,0,0,0,0,0,0,0,0,0,0,0.00417617,0.763674,-1.53955,-0.0127868,0.725655,-1.48105,0.0231433,0.717652,-1.5118,-0.00331888,0.70614,-1.471,-0.00597186,0.69668,-1.35372,0.0215309,0.734821,-1.19299,0.00275426,0.895148,-1.09095,0.0121296,0.701859,-1.25304,-0.0047266,0.0134892,-0.0114124,-0.00738608,0.00950784,0.0175559,0.0120943,0.0191472,-0.0173055,0.00845583,0.0226719,-0.00813378,
-0.544138,-3.69473,10.2294,1.89568,0.524359,15.8189,-1.15511,9.77426,23.2539,0.817383,-0.26902,12.0377,0,0,0,0,0,0,0,0,0,0,0,0,0.00405873,0.763914,-1.53979,-0.0129684,0.725825,-1.48063,0.0234311,0.718017,-1.51216,-0.00311851,0.706617,-1.47119,-0.00598895,0.696976,-1.35408,0.0212563,0.735528,-1.19245,0.00282912,0.896133,-1.08979,0.0120237,0.702304,-1.25255,-0.00471345,0.00731276,-0.00867052,-0.0073985,0.0051619,0.0172753,0.0122241,0.0122864,-0.0130619,0.00857785,0.0176767,-0.00717743,
-0.555482,-3.69821,10.4343,1.9812,0.690038,16.0785,-1.15843,9.87366,23.3584,0.782581,-0.117948,12.0388,0,0,0,0,0,0,0,0,0,0,0,0,0.00398105,0.764002,-1.53992,-0.0130892,0.725889,-1.48037,0.0236249,0.718179,-1.51235,-0.00298318,0.706877,-1.4713,-0.00628394,0.696902,-1.35045,0.0226791,0.738543,-1.1875,0.00295384,0.897985,-1.08801,0.0115171,0.705233,-1.25265,-0.0050515,0.00429074,-0.00773322,-0.0077457,0.00326859,0.0163008,0.0119558,0.0086932,-0.0109689,0.00829644,0.0152963,-0.00726008,
-0.529843,-3.71523,10.3946,1.99197,0.699579,16.0246,-1.17447,9.90015,23.421,0.751091,-0.149061,12.0926,0,0,0,0,0,0,0,0,0,0,0,0,0.00387271,0.764062,-1.54005,-0.0132566,0.725939,-1.47999,0.0238938,0.718357,-1.51259,-0.00279533,0.707215,-1.47148,-0.00590751,0.696565,-1.35108,0.0227279,0.738706,-1.18789,0.00297404,0.898706,-1.08716,0.0111725,0.70512,-1.25198,-0.00448294,0.0016257,-0.000862454,-0.00712451,0.00144437,0.022638,0.0132671,0.0105783,-0.0126866,0.00952216,0.018793,-0.0110383,
-0.519219,-3.72192,10.356,1.99201,0.671773,15.9196,-1.2123,9.93041,23.4417,0.705779,-0.190588,12.1095,0,0,0,0,0,0,0,0,0,0,0,0,0.00378223,0.764074,-1.53993,-0.0134089,0.725954,-1.47929,0.0242567,0.718671,-1.51292,-0.00252335,0.707751,-1.47179,-0.0057701,0.69639,-1.35139,0.0226142,0.73817,-1.18878,0.002744,0.899665,-1.08715,0.0107139,0.705054,-1.25205,-0.00342185,-0.000387556,0.00754088,-0.00596566,4.74096e-05,0.0322195,0.0161693,0.0134908,-0.013652,0.012372,0.0234705,-0.0130205,
-0.519796,-3.72137,10.3281,1.97018,0.67336,15.8959,-1.20363,9.9456,23.4645,0.709602,-0.196686,12.1,0,0,0,0,0,0,0,0,0,0,0,0,0.00372548,0.764061,-1.5398,-0.0135065,0.725954,-1.47877,0.0245101,0.71888,-1.51313,-0.00233065,0.708122,-1.472,-0.00584606,0.696367,-1.35174,0.0221106,0.738196,-1.18873,0.00312792,0.900123,-1.0869,0.0109494,0.705291,-1.25241,-0.00368831,-0.00101107,0.00846666,-0.00624375,-3.45408e-05,0.0314349,0.0153421,0.012639,-0.0122377,0.011555,0.0227496,-0.0125762,
-0.522563,-3.72465,10.3002,1.95416,0.675922,15.9055,-1.21049,9.94263,23.4678,0.70459,-0.2224,12.0978,0,0,0,0,0,0,0,0,0,0,0,0,0.00362736,0.764031,-1.5396,-0.0136664,0.725958,-1.47806,0.024853,0.719159,-1.51339,-0.00207833,0.708644,-1.47229,-0.00602103,0.696264,-1.35208,0.0216315,0.738261,-1.18797,0.00328241,0.900284,-1.08703,0.0110473,0.705284,-1.25272,-0.00449923,-0.00139803,0.00767165,-0.00709491,0.000423498,0.0276028,0.013392,0.0106939,-0.0100289,0.00962287,0.0208954,-0.0120091,
-0.529984,-3.78766,10.4094,1.91118,0.533062,15.8493,-1.15658,9.78268,23.236,0.716249,-0.247177,11.9767,0,0,0,0,0,0,0,0,0,0,0,0,0.00354997,0.764007,-1.53949,-0.0137856,0.725967,-1.47765,0.0250547,0.719318,-1.51354,-0.00193684,0.708966,-1.47248,-0.00625451,0.69509,-1.35001,0.0207088,0.735683,-1.18866,0.00442047,0.897495,-1.09136,0.0113574,0.705116,-1.25511,-0.00514589,-0.00154878,0.00678745,-0.00777082,0.000725896,0.0249915,0.0120541,0.00946937,-0.00885047,0.00829731,0.0196859,-0.0117529,
-0.522496,-3.75529,10.3861,1.91083,0.533497,15.7609,-1.16799,9.74788,23.2024,0.732824,-0.250812,12.0004,0,0,0,0,0,0,0,0,0,0,0,0,0.00341466,0.763964,-1.53934,-0.0139845,0.725988,-1.47709,0.0253217,0.719532,-1.51375,-0.00175981,0.709427,-1.47277,-0.00628526,0.695616,-1.35028,0.0204705,0.735717,-1.18978,0.00442804,0.897067,-1.0922,0.0117839,0.705512,-1.25503,-0.00611094,-0.00214523,0.00675037,-0.0087826,0.000886586,0.0227362,0.0104661,0.00916978,-0.00949518,0.00671079,0.0197053,-0.0136908,
-0.525833,-3.72523,10.3747,1.90206,0.567242,15.7451,-1.17564,9.74155,23.2321,0.741972,-0.244902,12.0474,0,0,0,0,0,0,0,0,0,0,0,0,0.00327416,0.76391,-1.53921,-0.0141841,0.726007,-1.47663,0.0255401,0.719725,-1.51397,-0.0016243,0.709855,-1.4731,-0.00650041,0.696092,-1.35043,0.0200965,0.736351,-1.18974,0.00447296,0.897105,-1.09191,0.0120508,0.706013,-1.25457,-0.00653813,-0.00265007,0.00448858,-0.00923957,0.00092574,0.0186877,0.00941578,0.00796159,-0.010469,0.00564471,0.0186841,-0.015753,
-0.525308,-3.70414,10.3716,1.89835,0.602564,15.7607,-1.17427,9.74699,23.281,0.745256,-0.238644,12.0933,0,0,0,0,0,0,0,0,0,0,0,0,0.00315347,0.763858,-1.53915,-0.0143538,0.726023,-1.47633,0.0256992,0.71985,-1.51416,-0.00153309,0.710172,-1.47339,-0.00662318,0.696409,-1.35051,0.0198466,0.737008,-1.18929,0.0046254,0.897268,-1.0912,0.0121698,0.706386,-1.25405,-0.00689332,-0.00310413,0.00209024,-0.00963101,0.000877132,0.0147794,0.00844802,0.0061163,-0.0102434,0.00466897,0.0168813,-0.016363,
-0.524833,-3.6963,10.3768,1.90365,0.622936,15.7638,-1.17758,9.74191,23.3212,0.744496,-0.244273,12.1275,0,0,0,0,0,0,0,0,0,0,0,0,0.00299085,0.763776,-1.53913,-0.0145825,0.726039,-1.47601,0.0258994,0.71997,-1.5144,-0.00142376,0.710549,-1.47378,-0.00676477,0.69645,-1.35045,0.0197257,0.737378,-1.189,0.00476521,0.897235,-1.09069,0.012265,0.706592,-1.2538,-0.00651434,-0.00366128,0.000171227,-0.00927554,0.000397771,0.0122749,0.00844511,0.00426432,-0.009698,0.00465737,0.0148054,-0.0158758,
-0.480059,-3.79364,10.4275,1.8603,0.33286,15.6762,-1.03822,9.50711,22.8331,0.736943,-0.339578,11.8743,0,0,0,0,0,0,0,0,0,0,0,0,0.00289093,0.763715,-1.53913,-0.0147266,0.726042,-1.47583,0.0260361,0.720032,-1.51455,-0.00134767,0.710776,-1.47403,-0.00603678,0.694611,-1.34955,0.0188072,0.732095,-1.19042,0.00744106,0.893004,-1.09971,0.0122089,0.705054,-1.25863,-0.00609157,-0.00393449,-0.000340281,-0.00885848,4.21625e-05,0.0116092,0.00860664,0.0035329,-0.00932839,0.00481574,0.0138069,-0.0153371,
-0.485458,-3.73016,10.4179,1.84349,0.320596,15.5536,-1.07667,9.46679,22.7661,0.734721,-0.336202,11.9198,0,0,0,0,0,0,0,0,0,0,0,0,0.00277343,0.763626,-1.53915,-0.0149053,0.726036,-1.47557,0.0262391,0.720112,-1.51477,-0.00122822,0.711076,-1.47437,-0.00617957,0.695676,-1.34978,0.0183945,0.731842,-1.19239,0.00702246,0.892396,-1.10128,0.0123643,0.705441,-1.25824,-0.00386507,-0.00395241,-0.00162252,-0.0066676,-0.000691678,0.0118164,0.0109753,0.00488637,-0.0133534,0.00714851,0.0145886,-0.0179352,
-0.482316,-3.67065,10.423,1.84697,0.36539,15.5298,-1.09056,9.4759,22.8468,0.733713,-0.315304,12.0501,0,0,0,0,0,0,0,0,0,0,0,0,0.00270653,0.763541,-1.53922,-0.015034,0.726018,-1.47534,0.0265076,0.720248,-1.51516,-0.00104515,0.711429,-1.47486,-0.00615603,0.696674,-1.34989,0.0183617,0.732635,-1.19268,0.00708533,0.892764,-1.10045,0.0125728,0.70625,-1.25659,-0.00284732,-0.00389313,-0.00524148,-0.00567044,-0.00081142,0.00906364,0.0124086,0.00691597,-0.0209,0.00848398,0.0169001,-0.0253581,
-0.4852,-3.62936,10.4385,1.84464,0.424923,15.5616,-1.0907,9.48981,22.9558,0.726447,-0.292548,12.1731,0,0,0,0,0,0,0,0,0,0,0,0,0.00264634,0.763446,-1.53938,-0.0151566,0.725991,-1.47518,0.0267796,0.720395,-1.51567,-0.000860436,0.711795,-1.47547,-0.0062616,0.697299,-1.34987,0.018203,0.733661,-1.19207,0.00735189,0.893128,-1.09908,0.0126202,0.706988,-1.25507,-0.00263164,-0.00482681,-0.00864379,-0.00547916,-0.00170925,0.00527777,0.0123187,0.0058144,-0.0240649,0.0083279,0.0156664,-0.028591,
-0.481424,-3.61033,10.4514,1.85943,0.458415,15.5545,-1.08459,9.4965,23.0377,0.726146,-0.273765,12.2465,0,0,0,0,0,0,0,0,0,0,0,0,0.00259912,0.763346,-1.53955,-0.0152551,0.725948,-1.47511,0.0269985,0.72048,-1.51611,-0.000713688,0.712055,-1.47598,-0.00623884,0.697502,-1.34985,0.0183745,0.734185,-1.19218,0.007674,0.893267,-1.09802,0.012753,0.707516,-1.25425,-0.00259114,-0.00615361,-0.00991698,-0.00544562,-0.00300701,0.00370261,0.0120824,0.00377602,-0.0239487,0.00806703,0.0134086,-0.0284062,
-0.418719,-3.66634,10.459,1.80994,0.270953,15.3703,-0.961908,9.34897,22.7636,0.710124,-0.321055,12.1388,0,0,0,0,0,0,0,0,0,0,0,0,0.00254456,0.763193,-1.53977,-0.0153724,0.725863,-1.47503,0.0272599,0.720537,-1.51662,-0.000540687,0.712317,-1.47659,-0.00514487,0.696284,-1.34994,0.0173659,0.730641,-1.19547,0.0101538,0.890569,-1.10347,0.0126225,0.706826,-1.25676,-0.00233296,-0.00758568,-0.0100964,-0.00518151,-0.00455769,0.00304782,0.0117093,0.00155501,-0.0225448,0.00769409,0.01059,-0.026688,
-0.43082,-3.61855,10.4516,1.78316,0.268485,15.3023,-0.964822,9.32136,22.7343,0.721638,-0.291745,12.1905,0,0,0,0,0,0,0,0,0,0,0,0,0.00250939,0.763064,-1.53993,-0.0154532,0.725781,-1.47499,0.027442,0.720552,-1.51697,-0.000422663,0.71247,-1.47701,-0.0053853,0.696997,-1.35023,0.0168123,0.730479,-1.19668,0.0102721,0.890054,-1.10436,0.012939,0.707455,-1.25621,-0.00188194,-0.00839027,-0.0101535,-0.00475145,-0.00558334,0.00241836,0.0113746,0.000708313,-0.0225191,0.00736435,0.00886789,-0.0259386,
-0.433608,-3.56863,10.4759,1.78099,0.316466,15.3147,-0.969732,9.32602,22.8227,0.718143,-0.263723,12.3217,0,0,0,0,0,0,0,0,0,0,0,0,0.0024838,0.762866,-1.54024,-0.0155483,0.725641,-1.47499,0.02773,0.720572,-1.51758,-0.000231907,0.712676,-1.47769,-0.00542652,0.697712,-1.35027,0.0167115,0.731198,-1.1966,0.0104937,0.890161,-1.10353,0.0130869,0.708154,-1.25464,-0.000810939,-0.00825837,-0.0151549,-0.00372366,-0.00601526,-0.00197467,0.012076,0.000785426,-0.0275409,0.00799575,0.00836153,-0.0302269,
-0.438197,-3.53239,10.504,1.77903,0.374331,15.3515,-0.965354,9.33327,22.9268,0.710792,-0.233836,12.4398,0,0,0,0,0,0,0,0,0,0,0,0,0.00246901,0.762674,-1.54061,-0.0156274,0.725494,-1.47506,0.0279931,0.720577,-1.51822,-5.90988e-05,0.712839,-1.47837,-0.00551581,0.698147,-1.3502,0.0166053,0.732058,-1.19608,0.0108293,0.890257,-1.10233,0.0131175,0.708795,-1.25321,-0.000537821,-0.0092222,-0.0175629,-0.00346328,-0.0074091,-0.00413125,0.0118561,-0.000483448,-0.0293716,0.00773532,0.00632587,-0.0312095,
-0.435534,-3.51282,10.5201,1.78821,0.412086,15.3384,-0.953568,9.33468,23.0119,0.713709,-0.206905,12.5098,0,0,0,0,0,0,0,0,0,0,0,0,0.00245997,0.762496,-1.54093,-0.015689,0.725345,-1.47514,0.028201,0.720556,-1.51875,7.44835e-05,0.712933,-1.47893,-0.00547532,0.698284,-1.35023,0.016712,0.732541,-1.19639,0.0112359,0.89022,-1.10131,0.0132882,0.709313,-1.25247,-0.00050405,-0.0104764,-0.017582,-0.0034217,-0.00905659,-0.00398156,0.0113818,-0.00175397,-0.02932,0.00724616,0.00433711,-0.0304078,
-0.396752,-3.52306,10.5487,1.72652,0.324993,15.0957,-0.877861,9.22899,22.9,0.708422,-0.23957,12.4369,0,0,0,0,0,0,0,0,0,0,0,0,0.00244757,0.762246,-1.5413,-0.0157653,0.725124,-1.47521,0.0284473,0.7205,-1.51938,0.000229774,0.713007,-1.47958,-0.00478604,0.697795,-1.35003,0.0155114,0.730681,-1.20082,0.0128496,0.888192,-1.10393,0.0133383,0.708736,-1.2544,-0.000608921,-0.0120767,-0.0161199,-0.00350147,-0.0107578,-0.00247317,0.0111032,-0.00326562,-0.0279658,0.00697037,0.00260515,-0.0288186,
-0.402736,-3.47838,10.5614,1.71641,0.320662,15.0364,-0.87665,9.21928,22.9078,0.717695,-0.212309,12.4937,0,0,0,0,0,0,0,0,0,0,0,0,0.00243541,0.762019,-1.54158,-0.0158295,0.724922,-1.47525,0.0286435,0.720433,-1.51988,0.000351647,0.713045,-1.48009,-0.00491131,0.698353,-1.35007,0.0152583,0.730384,-1.20196,0.0130536,0.887922,-1.10427,0.0136145,0.709242,-1.25387,-0.00074071,-0.012912,-0.0158095,-0.00365856,-0.011233,-0.00319264,0.0106682,-0.00410561,-0.0276488,0.00653527,0.0017609,-0.0288166,
-0.411381,-3.432,10.6022,1.71266,0.359181,15.0656,-0.880642,9.22569,22.982,0.710387,-0.180237,12.6166,0,0,0,0,0,0,0,0,0,0,0,0,0.00241608,0.761712,-1.54202,-0.0159198,0.724663,-1.4754,0.028893,0.720314,-1.52056,0.000501356,0.713075,-1.48082,-0.00509023,0.698895,-1.34992,0.0150952,0.730852,-1.20179,0.0132193,0.887869,-1.10365,0.0136187,0.709826,-1.25246,-0.000814537,-0.0127529,-0.0203087,-0.0037967,-0.0104353,-0.0092232,0.010327,-0.00564232,-0.0289904,0.00614799,0.000862517,-0.0316732,
-0.413443,-3.39183,10.6429,1.72036,0.397267,15.0903,-0.891641,9.24372,23.0555,0.687488,-0.154605,12.7361,0,0,0,0,0,0,0,0,0,0,0,0,0.00239646,0.761422,-1.54249,-0.0160054,0.724432,-1.47564,0.0291216,0.720168,-1.52119,0.000637553,0.713082,-1.48153,-0.00515398,0.699301,-1.34968,0.0151421,0.731304,-1.20164,0.0132537,0.887984,-1.10293,0.0133433,0.710264,-1.25102,-0.00101726,-0.0137867,-0.0214732,-0.00402822,-0.0107282,-0.0112505,0.0105034,-0.00770289,-0.0282223,0.00629445,-0.000220609,-0.0322271,
-0.41215,-3.36788,10.6658,1.7291,0.419701,15.0777,-0.894686,9.25292,23.102,0.676253,-0.132131,12.8076,0,0,0,0,0,0,0,0,0,0,0,0,0.00237474,0.761159,-1.54286,-0.0160814,0.724232,-1.47584,0.0293111,0.720009,-1.52168,0.000751163,0.713067,-1.4821,-0.00516498,0.699423,-1.3496,0.0152119,0.731485,-1.20206,0.0133863,0.88792,-1.10249,0.0132511,0.710616,-1.25025,-0.00140796,-0.0153451,-0.0203114,-0.00442525,-0.0115553,-0.0109567,0.0104592,-0.00990635,-0.0258015,0.00624579,-0.00149315,-0.0310829,
-0.379019,-3.45528,10.7301,1.6455,0.279279,14.9196,-0.881374,9.12878,22.9181,0.625266,-0.209991,12.6267,0,0,0,0,0,0,0,0,0,0,0,0,0.00233709,0.760796,-1.54328,-0.0161855,0.723964,-1.47607,0.0295373,0.719757,-1.5222,0.000884962,0.713015,-1.48276,-0.00461838,0.6974,-1.34876,0.0135696,0.728629,-1.20513,0.0138437,0.885316,-1.10621,0.0124475,0.709094,-1.25413,-0.00196228,-0.0175044,-0.0175346,-0.00498373,-0.012624,-0.00986632,0.0101235,-0.0127861,-0.0215748,0.00593002,-0.00314743,-0.0288583,
-0.37057,-3.40283,10.7259,1.64351,0.28691,14.869,-0.888469,9.12817,22.9,0.637489,-0.190249,12.6574,0,0,0,0,0,0,0,0,0,0,0,0,0.00229727,0.760464,-1.54357,-0.01628,0.723731,-1.47624,0.0297147,0.71951,-1.52256,0.000987097,0.71295,-1.48327,-0.00453166,0.697964,-1.34904,0.0134092,0.728522,-1.20623,0.0138569,0.885005,-1.10683,0.0127378,0.709373,-1.25408,-0.00278976,-0.0192695,-0.0150229,-0.00589053,-0.0130077,-0.0101517,0.00904882,-0.0143995,-0.0192903,0.00488742,-0.00361761,-0.0289658,
-0.386126,-3.33716,10.7285,1.61873,0.349134,14.9128,-0.89133,9.1381,22.9583,0.636025,-0.150268,12.7765,0,0,0,0,0,0,0,0,0,0,0,0,0.00222236,0.760023,-1.54389,-0.0164239,0.723448,-1.47651,0.0298864,0.719181,-1.52299,0.00106693,0.712874,-1.48396,-0.00490925,0.698674,-1.34931,0.0127926,0.729378,-1.20583,0.0139198,0.884833,-1.10622,0.0127331,0.710029,-1.25274,-0.00339592,-0.0205736,-0.0148138,-0.00656435,-0.0127905,-0.0141904,0.00731523,-0.0151347,-0.0201533,0.00311872,-0.00342618,-0.033001,
-0.389388,-3.27962,10.7502,1.61981,0.410161,14.9623,-0.906193,9.16653,23.0222,0.61068,-0.121218,12.9043,0,0,0,0,0,0,0,0,0,0,0,0,0.00214875,0.759552,-1.54421,-0.0165679,0.723162,-1.47685,0.0300438,0.718833,-1.52344,0.00113137,0.712794,-1.48471,-0.00504384,0.699197,-1.34923,0.0126652,0.730187,-1.20534,0.0138002,0.88495,-1.1055,0.0123285,0.710462,-1.25123,-0.0034468,-0.0221877,-0.014513,-0.00666076,-0.0132344,-0.0162368,0.00710787,-0.0167429,-0.0198689,0.00286764,-0.00392957,-0.0349803,
-0.392937,-3.2463,10.7685,1.62344,0.453987,14.9772,-0.911976,9.18283,23.067,0.596214,-0.0939192,12.9836,0,0,0,0,0,0,0,0,0,0,0,0,0.00208562,0.759137,-1.54447,-0.016689,0.722916,-1.47715,0.030172,0.718512,-1.52378,0.00118309,0.712713,-1.48534,-0.00517546,0.69933,-1.34912,0.0126057,0.730707,-1.20538,0.0138234,0.884851,-1.10496,0.0121169,0.71083,-1.2504,-0.00356797,-0.0239114,-0.0135573,-0.00679634,-0.014179,-0.016522,0.00711267,-0.0189978,-0.0178711,0.00285878,-0.00535789,-0.0343767,
-0.398674,-3.13795,10.7456,1.60109,0.595791,14.8561,-0.961571,9.20299,23.1076,0.625339,-0.0659341,12.9324,0,0,0,0,0,0,0,0,0,0,0,0,0.00200749,0.758583,-1.54475,-0.0168382,0.722584,-1.47751,0.0303285,0.718053,-1.52413,0.0012462,0.712559,-1.48606,-0.00535564,0.700672,-1.34977,0.0120522,0.732896,-1.20792,0.0130778,0.884646,-1.10445,0.0127099,0.711086,-1.25196,-0.00349946,-0.0261783,-0.0120699,-0.00672835,-0.0159143,-0.0160367,0.00710181,-0.0224329,-0.0140742,0.0028706,-0.00839133,-0.0314399,
-0.393225,-3.09136,10.773,1.62354,0.635808,14.9055,-0.970193,9.23827,23.1386,0.61272,-0.0470356,13.02,0,0,0,0,0,0,0,0,0,0,0,0,0.00191694,0.757938,-1.54503,-0.0170063,0.722197,-1.47791,0.0304911,0.717485,-1.52443,0.00130786,0.71234,-1.48681,-0.00539252,0.700851,-1.34957,0.0122463,0.733268,-1.20754,0.0130448,0.884655,-1.10413,0.0125048,0.711202,-1.25115,-0.00488644,-0.026876,-0.0126089,-0.00813544,-0.0149473,-0.0194139,0.00591295,-0.0244108,-0.0121936,0.00172819,-0.00863865,-0.0326173,
-0.401078,-3.07799,10.8041,1.62408,0.651528,14.9599,-0.979089,9.24144,23.143,0.590024,-0.0401257,13.0934,0,0,0,0,0,0,0,0,0,0,0,0,0.001831,0.757512,-1.54524,-0.0171446,0.721974,-1.47825,0.0305811,0.717091,-1.52463,0.00133056,0.712212,-1.48735,-0.00563914,0.700683,-1.34926,0.0120985,0.733384,-1.20699,0.0129624,0.884308,-1.10424,0.0121031,0.71123,-1.25042,-0.00543313,-0.0264397,-0.013865,-0.00872568,-0.0133393,-0.0226264,0.00558823,-0.024749,-0.0119935,0.00136853,-0.007704,-0.034605,
-0.40781,-3.05089,10.8199,1.61765,0.682875,15.0108,-0.982517,9.24992,23.1524,0.578228,-0.0235614,13.1724,0,0,0,0,0,0,0,0,0,0,0,0,0.00171686,0.756932,-1.54555,-0.0173317,0.721691,-1.47877,0.0307055,0.716547,-1.52488,0.00136181,0.712048,-1.48812,-0.00585791,0.700595,-1.34925,0.0118111,0.733689,-1.20662,0.0130288,0.883916,-1.1043,0.0119234,0.711376,-1.24977,-0.00489044,-0.0264532,-0.0131524,-0.00821889,-0.0127804,-0.0235298,0.00572222,-0.0247779,-0.0112301,0.00147838,-0.0074322,-0.0349788,
-0.415645,-3.01737,10.8302,1.60516,0.721697,15.0471,-0.984595,9.25396,23.1624,0.570759,-0.00562316,13.2284,0,0,0,0,0,0,0,0,0,0,0,0,0.00161375,0.756292,-1.54584,-0.0175149,0.721378,-1.47932,0.0308476,0.716102,-1.52508,0.00139112,0.711911,-1.48874,-0.00606919,0.700551,-1.34929,0.011435,0.734062,-1.20646,0.0131446,0.883544,-1.10428,0.0118255,0.71155,-1.24934,-0.00384236,-0.0268718,-0.0111571,-0.00717456,-0.0133927,-0.0220657,0.0060715,-0.0248061,-0.0102851,0.0017397,-0.00790371,-0.0338861,
-0.378783,-3.11464,10.8475,1.55601,0.537194,14.8677,-0.95763,9.16406,22.9403,0.563533,-0.069901,13.0969,0,0,0,0,0,0,0,0,0,0,0,0,0.00155443,0.755858,-1.546,-0.0176274,0.721159,-1.47966,0.0309455,0.715553,-1.52529,0.00143184,0.711728,-1.48947,-0.00545092,0.698336,-1.3491,0.0104366,0.730469,-1.21001,0.0137355,0.881351,-1.10848,0.0117406,0.710174,-1.25239,-0.00361784,-0.0272836,-0.009785,-0.0069379,-0.0139706,-0.0205574,0.00615691,-0.0250853,-0.00880015,0.0019162,-0.00864616,-0.0319451,
-0.386706,-3.04852,10.8473,1.53925,0.563848,14.846,-0.959868,9.17146,22.9307,0.578095,-0.0305631,13.1551,0,0,0,0,0,0,0,0,0,0,0,0,0.00147886,0.755254,-1.5462,-0.0177761,0.720845,-1.4801,0.0310801,0.715004,-1.52548,0.00147346,0.711534,-1.49016,-0.00566173,0.698924,-1.34929,0.00999097,0.730628,-1.21085,0.0138174,0.880945,-1.10886,0.012036,0.710684,-1.25203,-0.00334809,-0.027587,-0.00936126,-0.00670243,-0.0143103,-0.0208616,0.00579027,-0.0248615,-0.00935875,0.0015793,-0.00899157,-0.0321892,
-0.397627,-2.97357,10.8685,1.53115,0.634472,14.9071,-0.962237,9.19789,22.9911,0.575276,0.0215342,13.2854,0,0,0,0,0,0,0,0,0,0,0,0,0.00140141,0.754592,-1.54646,-0.0179347,0.720504,-1.48065,0.0312091,0.714405,-1.52573,0.00150086,0.711312,-1.49097,-0.00593129,0.699623,-1.34924,0.00968987,0.73158,-1.21043,0.0138814,0.880818,-1.10809,0.0119889,0.711396,-1.25057,-0.00315088,-0.02761,-0.0119324,-0.00655605,-0.0140504,-0.0250786,0.00512161,-0.0250988,-0.0115594,0.000868981,-0.00938274,-0.0352119,
-0.401459,-2.93421,10.8937,1.53607,0.679479,14.9578,-0.96789,9.21008,23.0245,0.559363,0.0498586,13.3747,0,0,0,0,0,0,0,0,0,0,0,0,0.00135239,0.754147,-1.54666,-0.0180384,0.720278,-1.48107,0.0312898,0.714,-1.52592,0.0015133,0.711158,-1.49155,-0.00604627,0.69988,-1.34901,0.00967874,0.732165,-1.20997,0.0138568,0.880613,-1.10769,0.0117083,0.711739,-1.24955,-0.00303738,-0.0280474,-0.0126847,-0.00646102,-0.0142793,-0.0264705,0.00503934,-0.0257485,-0.0119268,0.000755405,-0.00995476,-0.0359857,
-0.40415,-2.88512,10.9164,1.54477,0.737953,14.9929,-0.967744,9.2336,23.0704,0.55096,0.0918887,13.4678,0,0,0,0,0,0,0,0,0,0,0,0,0.00128228,0.753457,-1.54696,-0.0181906,0.719919,-1.4817,0.0314122,0.713363,-1.5262,0.00153271,0.710899,-1.4924,-0.00615683,0.70004,-1.34886,0.00969347,0.732822,-1.20993,0.0139862,0.880359,-1.10709,0.011579,0.712193,-1.24866,-0.00277851,-0.029364,-0.011723,-0.00618967,-0.0157144,-0.0254139,0.00517235,-0.0271244,-0.0108252,0.000881913,-0.0115336,-0.03467,
-0.426307,-2.81495,10.9023,1.55667,0.846089,14.9362,-1.0676,9.2595,23.1174,0.581567,0.133937,13.41,0,0,0,0,0,0,0,0,0,0,0,0,0.00124,0.75298,-1.54713,-0.0182872,0.719657,-1.48209,0.0314963,0.712923,-1.52636,0.00154813,0.710706,-1.49294,-0.00659498,0.700807,-1.34925,0.00982107,0.734486,-1.21129,0.0122595,0.880363,-1.10637,0.0121559,0.712725,-1.2502,-0.00256518,-0.0302916,-0.0104842,-0.00595138,-0.016927,-0.0236952,0.00532172,-0.0279485,-0.00976634,0.00103278,-0.0127056,-0.0330298,
-0.419019,-2.78151,10.9214,1.5806,0.880834,14.9663,-1.06704,9.28471,23.1553,0.57734,0.153968,13.4716,0,0,0,0,0,0,0,0,0,0,0,0,0.00118219,0.752304,-1.54734,-0.0184191,0.719272,-1.48259,0.0316114,0.712303,-1.52657,0.00156939,0.710419,-1.49365,-0.00654043,0.700728,-1.34908,0.0101049,0.734731,-1.21122,0.0123644,0.880204,-1.10587,0.0120815,0.712816,-1.2498,-0.00318053,-0.0306472,-0.00928422,-0.00654472,-0.0170137,-0.0229895,0.00469454,-0.027864,-0.00942947,0.000458243,-0.0122777,-0.033348,
-0.427359,-2.74106,10.9456,1.58194,0.92447,15.0181,-1.07141,9.31435,23.198,0.558265,0.182979,13.5744,0,0,0,0,0,0,0,0,0,0,0,0,0.0010987,0.751577,-1.54756,-0.0185836,0.718883,-1.48315,0.0317176,0.71165,-1.5268,0.00157344,0.71015,-1.49448,-0.00678387,0.700755,-1.34885,0.0099562,0.735173,-1.21088,0.0123825,0.880125,-1.10535,0.011729,0.713127,-1.24882,-0.00343495,-0.0300676,-0.00894561,-0.00680996,-0.0158334,-0.0238737,0.00443284,-0.0268144,-0.0100235,0.00016221,-0.010689,-0.0350463,
-0.431225,-2.71795,10.9601,1.58357,0.946703,15.0436,-1.07539,9.32744,23.2059,0.544097,0.198731,13.6329,0,0,0,0,0,0,0,0,0,0,0,0,0.00103832,0.751036,-1.54772,-0.0187047,0.7186,-1.48358,0.0317978,0.71117,-1.52698,0.00157663,0.70996,-1.49511,-0.00691046,0.700633,-1.3487,0.00986893,0.735295,-1.21081,0.0123911,0.879887,-1.10536,0.0114751,0.713228,-1.24836,-0.00331004,-0.0301197,-0.00779379,-0.00668003,-0.015793,-0.0230592,0.00445558,-0.0266943,-0.00919396,0.000177065,-0.0105669,-0.0343925,
-0.436848,-2.68195,10.9685,1.57926,0.983185,15.0613,-1.0769,9.34837,23.224,0.535637,0.224005,13.6928,0,0,0,0,0,0,0,0,0,0,0,0,0.000968849,0.750371,-1.54786,-0.018848,0.718247,-1.48406,0.0318965,0.710585,-1.52717,0.00158129,0.709725,-1.49584,-0.00707243,0.700617,-1.34863,0.00965779,0.73559,-1.2109,0.0124642,0.879688,-1.10517,0.0113281,0.713442,-1.24795,-0.00301223,-0.030289,-0.0058744,-0.00635561,-0.0162966,-0.0208524,0.00451105,-0.0264911,-0.00796875,0.00024304,-0.0108501,-0.0325908,
-0.447156,-2.71249,11.0041,1.59564,0.96936,15.133,-1.08709,9.33244,23.1504,0.53257,0.205077,13.6199,0,0,0,0,0,0,0,0,0,0,0,0,0.000922625,0.749887,-1.54795,-0.0189475,0.717983,-1.48438,0.0319691,0.710165,-1.52729,0.00158571,0.70955,-1.49635,-0.00730094,0.699578,-1.34802,0.00986194,0.735062,-1.20986,0.0123521,0.878988,-1.10661,0.0112777,0.712918,-1.24974,-0.00285535,-0.0302824,-0.00460268,-0.0061751,-0.0166605,-0.0190829,0.00452995,-0.0261985,-0.00724207,0.000270329,-0.0110291,-0.0311642,
-0.441956,-2.66914,10.9987,1.60203,1.00577,15.1219,-1.0977,9.34765,23.1648,0.526632,0.214173,13.6706,0,0,0,0,0,0,0,0,0,0,0,0,0.000856299,0.749163,-1.54803,-0.0190929,0.717577,-1.48479,0.032079,0.709557,-1.52746,0.00159349,0.709298,-1.49709,-0.00727052,0.69965,-1.3481,0.00983662,0.735305,-1.21033,0.0122718,0.878737,-1.10656,0.0111804,0.712895,-1.24956,-0.00278857,-0.0300397,-0.00149119,-0.00605808,-0.0170528,-0.0148089,0.00461476,-0.0237252,-0.0084425,0.000360502,-0.00905257,-0.0314027,
-0.443341,-2.63752,11.0008,1.60472,1.03424,15.1191,-1.10091,9.36045,23.1875,0.52128,0.231205,13.7183,0,0,0,0,0,0,0,0,0,0,0,0,0.000811358,0.748684,-1.54803,-0.0191899,0.717303,-1.485,0.032153,0.709193,-1.52761,0.00159928,0.709167,-1.4976,-0.00734146,0.699753,-1.34802,0.00978873,0.735547,-1.21053,0.0122866,0.878655,-1.10633,0.0110877,0.713112,-1.24922,-0.00281299,-0.0298252,-0.000108368,-0.00605186,-0.0171212,-0.0129354,0.00459009,-0.0222581,-0.00951696,0.000324382,-0.00790023,-0.0318838,
-0.443965,-2.5899,11.0104,1.61269,1.07916,15.1311,-1.10326,9.3868,23.2225,0.516366,0.26013,13.7824,0,0,0,0,0,0,0,0,0,0,0,0,0.000743257,0.74797,-1.54803,-0.0193355,0.716889,-1.48531,0.0322603,0.708661,-1.52784,0.00160429,0.708973,-1.49835,-0.00742066,0.69991,-1.34784,0.00978896,0.735942,-1.2106,0.0123457,0.878605,-1.10591,0.0109978,0.71343,-1.24878,-0.00280569,-0.0296726,7.49904e-05,-0.00602489,-0.0173668,-0.0122583,0.00441811,-0.0221438,-0.00927984,0.000155578,-0.00831268,-0.0309012,
-0.44819,-2.5458,11.016,1.61676,1.12745,15.1457,-1.10114,9.40967,23.263,0.514046,0.293822,13.8475,0,0,0,0,0,0,0,0,0,0,0,0,0.000681134,0.747264,-1.54803,-0.0194745,0.71647,-1.48559,0.032366,0.708135,-1.52806,0.00160768,0.708766,-1.49908,-0.00754777,0.70002,-1.34773,0.0097365,0.736393,-1.21058,0.0124879,0.878506,-1.10539,0.0109573,0.713816,-1.24826,-0.00244442,-0.0292377,0.000269737,-0.00563952,-0.0175943,-0.0113881,0.0043587,-0.0217997,-0.00892345,0.000100247,-0.00892125,-0.0293022,
-0.485446,-2.43504,11.0086,1.64282,1.34426,15.2233,-1.19246,9.48017,23.4182,0.529555,0.349628,13.8675,0,0,0,0,0,0,0,0,0,0,0,0,0.000643755,0.746799,-1.54802,-0.0195629,0.716187,-1.48576,0.0324353,0.707788,-1.5282,0.00160889,0.708619,-1.49953,-0.00825759,0.701579,-1.34785,0.0101274,0.74005,-1.20933,0.0108954,0.879442,-1.10268,0.0112392,0.714668,-1.24831,-0.00229321,-0.0289256,0.000364251,-0.00547278,-0.0176681,-0.0108341,0.00431617,-0.0217557,-0.0083204,6.22662e-05,-0.00941157,-0.0279494,
-0.473822,-2.42606,11.0213,1.67536,1.38319,15.264,-1.19319,9.49822,23.4614,0.518323,0.346109,13.9072,0,0,0,0,0,0,0,0,0,0,0,0,0.000591354,0.746172,-1.54801,-0.0196849,0.715804,-1.48599,0.0325276,0.707315,-1.52837,0.00160791,0.708415,-1.50013,-0.00811859,0.70115,-1.34759,0.0105785,0.74041,-1.20879,0.0109599,0.879334,-1.10205,0.0110203,0.714444,-1.24818,-0.0029027,-0.0278583,0.00112704,-0.0060452,-0.0165869,-0.00992547,0.00386932,-0.0206624,-0.00766559,-0.000355911,-0.00808688,-0.0275815,
-0.475764,-2.42392,11.0313,1.68324,1.38874,15.2745,-1.19788,9.50105,23.4553,0.503795,0.339587,13.9298,0,0,0,0,0,0,0,0,0,0,0,0,0.000520409,0.745578,-1.54797,-0.0198247,0.715463,-1.4862,0.0326108,0.706886,-1.52853,0.00159819,0.708268,-1.50074,-0.0082361,0.700645,-1.34731,0.0105713,0.740227,-1.20876,0.0109569,0.879014,-1.10229,0.0107456,0.714245,-1.24835,-0.00324648,-0.0263367,0.00257219,-0.00636534,-0.0148386,-0.0086105,0.00383889,-0.0188792,-0.00675572,-0.000382374,-0.00601679,-0.0268905,
-0.477266,-2.41854,11.0307,1.68373,1.3858,15.2668,-1.20015,9.49739,23.4344,0.501394,0.335822,13.9363,0,0,0,0,0,0,0,0,0,0,0,0,0.000463132,0.745116,-1.54791,-0.019938,0.715207,-1.48634,0.0326801,0.706557,-1.52864,0.00159167,0.708169,-1.50121,-0.00831755,0.700318,-1.34724,0.0104705,0.739951,-1.20902,0.0109834,0.878653,-1.10275,0.0106946,0.714104,-1.24866,-0.00315047,-0.0251894,0.00346487,-0.00625861,-0.0138022,-0.00775132,0.00379629,-0.0178202,-0.00569257,-0.000407675,-0.00519674,-0.0255965,
-0.482812,-2.39815,11.0277,1.67569,1.39762,15.2735,-1.20305,9.50141,23.4246,0.499948,0.339673,13.9577,0,0,0,0,0,0,0,0,0,0,0,0,0.000396756,0.744579,-1.54783,-0.0200726,0.714917,-1.48651,0.0327624,0.70618,-1.52876,0.00158166,0.708063,-1.50176,-0.00847605,0.7002,-1.3472,0.0101987,0.739914,-1.20904,0.0110094,0.87839,-1.10301,0.0106553,0.71409,-1.24877,-0.00288439,-0.0237211,0.00387909,-0.00598244,-0.0126637,-0.00727815,0.00368667,-0.0165929,-0.00481839,-0.00049867,-0.00455876,-0.0241402,
-0.491847,-2.41888,11.0884,1.67112,1.43006,15.3992,-1.20927,9.48668,23.4169,0.46763,0.314119,13.9299,0,0,0,0,0,0,0,0,0,0,0,0,0.000331685,0.744031,-1.54774,-0.0202119,0.714627,-1.48668,0.0328495,0.705797,-1.52886,0.00156848,0.707959,-1.50231,-0.00869576,0.699328,-1.34601,0.00998614,0.74025,-1.20692,0.0109799,0.877778,-1.10324,0.0100515,0.713534,-1.24978,-0.00259038,-0.0221157,0.00373706,-0.0056802,-0.0115649,-0.00706108,0.00357794,-0.0154093,-0.00415884,-0.000592133,-0.00416326,-0.0225554,
-0.483136,-2.40801,11.0813,1.6793,1.45127,15.3985,-1.21521,9.47977,23.4118,0.46829,0.302652,13.9277,0,0,0,0,0,0,0,0,0,0,0,0,0.000291076,0.743684,-1.54767,-0.020302,0.714446,-1.48678,0.0329056,0.705559,-1.52893,0.00155797,0.707897,-1.50267,-0.00857868,0.699193,-1.34602,0.0100444,0.740458,-1.20698,0.0109224,0.877449,-1.10338,0.0100475,0.713285,-1.25015,-0.00261153,-0.02166,0.0052457,-0.00569548,-0.0114223,-0.00516449,0.00340538,-0.0143648,-0.0037795,-0.000759328,-0.00350077,-0.0216728,
-0.48544,-2.37784,11.0708,1.6799,1.47758,15.3853,-1.22161,9.48662,23.4172,0.469666,0.310076,13.941,0,0,0,0,0,0,0,0,0,0,0,0,0.000228919,0.743168,-1.54751,-0.0204375,0.71417,-1.48687,0.0329856,0.70523,-1.52901,0.00153831,0.70782,-1.50316,-0.00867923,0.69924,-1.346,0.00992452,0.740659,-1.20722,0.0108827,0.877277,-1.10334,0.0100504,0.713355,-1.25035,-0.00250426,-0.0212171,0.0070631,-0.00554738,-0.0114902,-0.00268187,0.00330829,-0.0133448,-0.00308588,-0.000834704,-0.00313756,-0.0200041,
-0.484905,-2.35509,11.0705,1.68561,1.49146,15.3778,-1.22583,9.4868,23.4171,0.470653,0.313383,13.9441,0,0,0,0,0,0,0,0,0,0,0,0,0.000175463,0.742711,-1.54736,-0.0205577,0.713921,-1.48692,0.0330574,0.70502,-1.52905,0.00152462,0.70777,-1.50348,-0.00871968,0.699224,-1.34584,0.00991191,0.740677,-1.20739,0.0108749,0.877086,-1.10338,0.0100526,0.713367,-1.25057,-0.00240431,-0.0203774,0.00706398,-0.00543147,-0.0110592,-0.0021953,0.00321738,-0.0128881,-0.00276966,-0.00089542,-0.0030821,-0.0191249,
-0.488202,-2.341,11.0722,1.6873,1.4987,15.3765,-1.22846,9.48835,23.4163,0.47127,0.318372,13.9602,0,0,0,0,0,0,0,0,0,0,0,0,0.000137482,0.742391,-1.54725,-0.0206441,0.713748,-1.48695,0.0331083,0.704744,-1.52911,0.00150395,0.707704,-1.50389,-0.00881523,0.699183,-1.34571,0.00985894,0.740651,-1.20745,0.0108758,0.876859,-1.10345,0.0100407,0.713397,-1.25066,-0.00233178,-0.0196813,0.00676604,-0.00535398,-0.0105845,-0.00228304,0.00315336,-0.0122556,-0.00255327,-0.000971729,-0.00291625,-0.0182832,
-0.502416,-2.34028,11.1223,1.6848,1.53621,15.4774,-1.2404,9.48267,23.4239,0.448256,0.31542,13.9346,0,0,0,0,0,0,0,0,0,0,0,0,8.82398e-05,0.74197,-1.5471,-0.0207598,0.713523,-1.487,0.0331771,0.704482,-1.52917,0.00148206,0.707641,-1.50428,-0.00911764,0.698806,-1.34467,0.00970318,0.741127,-1.20567,0.0107259,0.876514,-1.10336,0.00959891,0.713285,-1.25149,-0.00217053,-0.0187448,0.00632547,-0.00518628,-0.00999529,-0.00238299,0.00310335,-0.0116306,-0.00241018,-0.00101613,-0.0027897,-0.0174867,
-0.492675,-2.32184,11.1112,1.69748,1.55522,15.4705,-1.24425,9.48353,23.4315,0.448786,0.31162,13.9403,0,0,0,0,0,0,0,0,0,0,0,0,3.73054e-05,0.74153,-1.54695,-0.020883,0.713347,-1.48704,0.0332325,0.704279,-1.52921,0.00146339,0.707593,-1.50459,-0.008994,0.698718,-1.34468,0.0098084,0.741304,-1.20581,0.0107079,0.87635,-1.10326,0.00958645,0.713181,-1.25169,-0.00224844,-0.0182374,0.0075737,-0.00525209,-0.00974859,-0.00158324,0.00299824,-0.0108974,-0.002361,-0.00112108,-0.002369,-0.0170412,
-0.494981,-2.30276,11.1027,1.69789,1.57673,15.4587,-1.24919,9.49385,23.4401,0.448249,0.318158,13.957,0,0,0,0,0,0,0,0,0,0,0,0,-3.59162e-06,0.741202,-1.5468,-0.0209777,0.713112,-1.48705,0.033302,0.704031,-1.52926,0.00143415,0.707547,-1.50499,-0.00907668,0.698741,-1.34465,0.00972196,0.741458,-1.20597,0.0106836,0.876317,-1.10314,0.00954371,0.713274,-1.25176,-0.00224391,-0.0181029,0.0085713,-0.0052257,-0.00980703,0.000475804,0.0028736,-0.0100582,-0.00198425,-0.00123496,-0.00175951,-0.0162632,
-0.494726,-2.28154,11.0965,1.70229,1.59228,15.4525,-1.25229,9.5018,23.4464,0.448012,0.323714,13.9726,0,0,0,0,0,0,0,0,0,0,0,0,-5.22895e-05,0.74081,-1.54661,-0.0210919,0.712899,-1.48703,0.0333646,0.703814,-1.5293,0.00140641,0.70751,-1.50534,-0.00911911,0.698751,-1.34457,0.00968987,0.741539,-1.20606,0.0106879,0.876258,-1.10306,0.00951001,0.713341,-1.2518,-0.00219395,-0.0175946,0.00862734,-0.00516529,-0.00949222,0.000730673,0.00281673,-0.0096837,-0.00168139,-0.00128537,-0.00165713,-0.0156001,
-0.49752,-2.27051,11.0934,1.70285,1.59871,15.4512,-1.25499,9.50189,23.4448,0.446829,0.325608,13.9833,0,0,0,0,0,0,0,0,0,0,0,0,-8.65588e-05,0.740532,-1.54647,-0.0211736,0.71275,-1.48702,0.0334095,0.703662,-1.52933,0.00138571,0.707484,-1.50558,-0.00920159,0.698691,-1.3445,0.00962092,0.741518,-1.20607,0.0106829,0.876117,-1.10311,0.00946699,0.713353,-1.25184,-0.00211465,-0.0171014,0.00837968,-0.00508291,-0.00914005,0.000589287,0.00279031,-0.0093712,-0.00159077,-0.00131015,-0.0015652,-0.0152417,
-0.516923,-2.21829,11.1364,1.75111,1.72453,15.6285,-1.27228,9.57788,23.5535,0.445895,0.377819,14.0463,0,0,0,0,0,0,0,0,0,0,0,0,-0.000136004,0.740132,-1.54628,-0.0212943,0.712538,-1.48701,0.0334758,0.703443,-1.52936,0.00135369,0.707448,-1.50594,-0.00960041,0.699264,-1.34354,0.0103812,0.743611,-1.20285,0.0104334,0.877295,-1.10117,0.00941667,0.714271,-1.25104,-0.0020108,-0.0163577,0.00790136,-0.00497669,-0.00860135,0.000273817,0.00274758,-0.00892332,-0.00151289,-0.00135043,-0.00143157,-0.0147776,
-0.511203,-2.22047,11.1223,1.76028,1.74907,15.645,-1.27385,9.58182,23.576,0.436371,0.367492,14.0649,0,0,0,0,0,0,0,0,0,0,0,0,-0.000177751,0.73978,-1.5461,-0.021401,0.712352,-1.487,0.033537,0.703257,-1.5294,0.00132463,0.707422,-1.50626,-0.00953083,0.698891,-1.34357,0.01045,0.743876,-1.20246,0.01047,0.877223,-1.10079,0.00921822,0.714086,-1.251,-0.00178677,-0.0157907,0.00942126,-0.00470992,-0.00846702,0.00244989,0.00287093,-0.00760744,-0.00144311,-0.00123527,-0.000553422,-0.0140652,
-0.507534,-2.22346,11.1031,1.7638,1.75191,15.633,-1.27293,9.5812,23.5611,0.435664,0.360004,14.0512,0,0,0,0,0,0,0,0,0,0,0,0,-0.000208574,0.739498,-1.5459,-0.021484,0.712199,-1.48692,0.0335896,0.703132,-1.52942,0.00130346,0.70742,-1.5065,-0.00949166,0.698563,-1.34365,0.0104355,0.743772,-1.20251,0.0105417,0.877119,-1.10105,0.00918707,0.713966,-1.25144,-0.00168618,-0.015547,0.0116673,-0.00457092,-0.00854815,0.00524867,0.00294138,-0.00663668,-0.000596825,-0.00114726,3.31739e-05,-0.0125297,
-0.504552,-2.21384,11.086,1.76805,1.75488,15.6123,-1.27402,9.58306,23.5486,0.43971,0.356924,14.0415,0,0,0,0,0,0,0,0,0,0,0,0,-0.000244466,0.739164,-1.54564,-0.0215831,0.712015,-1.48679,0.0336545,0.702995,-1.52942,0.00127869,0.707424,-1.50676,-0.00946964,0.698429,-1.34367,0.010418,0.743655,-1.20272,0.0105871,0.87704,-1.10126,0.00923697,0.713924,-1.25182,-0.00157364,-0.0147722,0.0122914,-0.00443552,-0.00815025,0.00642355,0.00295383,-0.00588153,6.68164e-05,-0.00111397,0.00032215,-0.011125,
-0.504826,-2.2068,11.0736,1.76807,1.7543,15.6109,-1.27603,9.58099,23.5335,0.441237,0.352221,14.0387,0,0,0,0,0,0,0,0,0,0,0,0,-0.000271407,0.738907,-1.54542,-0.0216615,0.711874,-1.48667,0.0337075,0.702896,-1.52942,0.00125863,0.707432,-1.50695,-0.00949687,0.69833,-1.34369,0.010345,0.743524,-1.20263,0.0106032,0.876926,-1.10153,0.00924449,0.713856,-1.25205,-0.0014305,-0.01385,0.0118552,-0.00428647,-0.00752362,0.00631048,0.00294089,-0.00519698,8.02271e-05,-0.0011192,0.000594594,-0.0105477,
-0.472962,-2.22244,11.0147,1.71049,1.63377,15.355,-1.26612,9.49055,23.3688,0.458413,0.295317,13.9568,0,0,0,0,0,0,0,0,0,0,0,0,-0.000303486,0.738591,-1.54515,-0.0217621,0.711704,-1.48653,0.033778,0.702782,-1.52942,0.00123165,0.70745,-1.5072,-0.00894475,0.697769,-1.34452,0.00920237,0.74119,-1.20716,0.0108537,0.875191,-1.10453,0.00952971,0.712848,-1.25377,-0.00128167,-0.0126444,0.010811,-0.00413784,-0.00668769,0.00572286,0.00293414,-0.00445821,-8.83846e-05,-0.00112174,0.000856588,-0.0100229,
-0.483085,-2.19035,11.0139,1.70441,1.62554,15.3315,-1.26881,9.47665,23.3359,0.477642,0.311332,13.9676,0,0,0,0,0,0,0,0,0,0,0,0,-0.000330637,0.738328,-1.54494,-0.0218525,0.711571,-1.48644,0.0338409,0.702685,-1.52943,0.00120552,0.707466,-1.50742,-0.00915231,0.698138,-1.34447,0.00900304,0.740955,-1.20764,0.0108596,0.874837,-1.10517,0.00984541,0.713137,-1.25381,-0.00117086,-0.0111643,0.00674368,-0.00408797,-0.00523281,0.00120725,0.00268704,-0.0046008,-0.00105465,-0.00135985,0.000317414,-0.0106784,
-0.4903,-2.16431,11.023,1.70486,1.64205,15.3475,-1.27652,9.46726,23.3502,0.479276,0.324014,14.0197,0,0,0,0,0,0,0,0,0,0,0,0,-0.0003494,0.73814,-1.54486,-0.0219243,0.711488,-1.48646,0.0338878,0.702601,-1.52946,0.00117932,0.707468,-1.50763,-0.00929495,0.698463,-1.34435,0.00894498,0.741208,-1.20751,0.0107629,0.874583,-1.105,0.00984458,0.71336,-1.25312,-0.000947377,-0.00994198,0.00279978,-0.00391331,-0.00413895,-0.00296582,0.00258092,-0.00460764,-0.0026686,-0.0014922,3.7478e-05,-0.0122118,
-0.495035,-2.14687,11.0288,1.70853,1.66305,15.3698,-1.28243,9.46138,23.3684,0.476058,0.334646,14.0707,0,0,0,0,0,0,0,0,0,0,0,0,-0.000368367,0.737929,-1.54483,-0.0220089,0.711404,-1.48656,0.0339445,0.702499,-1.52953,0.00114604,0.707465,-1.50791,-0.00939611,0.698587,-1.34429,0.00893041,0.74152,-1.20727,0.0107119,0.874369,-1.10477,0.00975182,0.71354,-1.2525,-0.000828204,-0.00941337,0.000605781,-0.00381747,-0.00371277,-0.00514173,0.00257343,-0.00474372,-0.00361086,-0.00152236,-0.000290739,-0.0129514,
-0.49518,-2.13687,11.0329,1.71727,1.67749,15.3642,-1.28499,9.45574,23.3842,0.475464,0.343975,14.103,0,0,0,0,0,0,0,0,0,0,0,0,-0.000383301,0.73776,-1.54483,-0.0220777,0.711337,-1.48665,0.0339909,0.702411,-1.5296,0.0011187,0.707457,-1.50814,-0.00941496,0.6986,-1.34423,0.0090192,0.741714,-1.20749,0.0107122,0.874168,-1.10455,0.00971402,0.71369,-1.25214,-0.0008675,-0.00940893,6.25019e-06,-0.00385853,-0.0037623,-0.00555729,0.00258972,-0.00506066,-0.00360414,-0.00151186,-0.000636143,-0.0128065,
-0.496714,-2.24325,11.17,1.74106,1.6541,15.6195,-1.23612,9.47017,23.5077,0.372367,0.334653,14.2081,0,0,0,0,0,0,0,0,0,0,0,0,-0.000403574,0.737552,-1.54483,-0.0221637,0.711253,-1.48678,0.0340484,0.702294,-1.52968,0.00108595,0.707438,-1.50842,-0.00946644,0.696453,-1.34175,0.00936248,0.741201,-1.20297,0.0116595,0.874295,-1.10236,0.00780823,0.713487,-1.25049,-0.000968293,-0.00953432,-0.000294141,-0.00395495,-0.00387274,-0.00569048,0.00262995,-0.00560948,-0.00309027,-0.00146753,-0.00109014,-0.0122799,
-0.479141,-2.22698,11.1428,1.74906,1.68998,15.6019,-1.23504,9.49806,23.5481,0.364053,0.346363,14.2249,0,0,0,0,0,0,0,0,0,0,0,0,-0.000428366,0.737309,-1.54481,-0.02226,0.711146,-1.48688,0.0341123,0.702152,-1.52973,0.00105126,0.707406,-1.50869,-0.00917948,0.69644,-1.34206,0.00940489,0.741679,-1.20322,0.0117448,0.874635,-1.10161,0.00762359,0.713651,-1.25038,-0.00120571,-0.0115685,0.00446215,-0.00416263,-0.00591562,-0.000463073,0.00268226,-0.00639242,-0.000648867,-0.00143085,-0.00161828,-0.00992432,
-0.473574,-2.20534,11.1134,1.75007,1.69864,15.5581,-1.23837,9.52073,23.5509,0.361031,0.352789,14.2162,0,0,0,0,0,0,0,0,0,0,0,0,-0.000449798,0.737106,-1.54469,-0.0223282,0.711034,-1.48684,0.0341556,0.702043,-1.52972,0.00102918,0.707376,-1.50883,-0.00910689,0.696572,-1.34235,0.00934985,0.741669,-1.20384,0.0117293,0.874911,-1.10147,0.00754945,0.71372,-1.25061,-0.00142532,-0.0133454,0.00863685,-0.00432271,-0.00760171,0.00393071,0.0027343,-0.0072109,0.00171474,-0.00134216,-0.00214526,-0.00773533,
-0.469391,-2.18017,11.0944,1.75484,1.71054,15.539,-1.24048,9.5381,23.5493,0.361088,0.359318,14.2147,0,0,0,0,0,0,0,0,0,0,0,0,-0.000485659,0.736773,-1.54445,-0.0224331,0.710841,-1.48672,0.0342215,0.701862,-1.52966,0.00099762,0.707319,-1.509,-0.00906908,0.696675,-1.3424,0.00933022,0.741675,-1.20401,0.0117569,0.875031,-1.10138,0.00751981,0.713772,-1.25076,-0.00149861,-0.0140108,0.0104122,-0.00436777,-0.00814764,0.00557509,0.00273682,-0.00766906,0.00310953,-0.0013155,-0.00244686,-0.00654842,
-0.471466,-2.163,11.0789,1.75417,1.72076,15.5477,-1.2466,9.5445,23.5418,0.358573,0.361334,14.2229,0,0,0,0,0,0,0,0,0,0,0,0,-0.000514183,0.736496,-1.54425,-0.022519,0.71068,-1.48661,0.0342763,0.70171,-1.52959,0.000971366,0.707271,-1.50913,-0.00913042,0.69672,-1.34247,0.00923701,0.74171,-1.20375,0.0117005,0.875003,-1.10146,0.00744784,0.713765,-1.25074,-0.00134868,-0.0137092,0.0103392,-0.00421679,-0.00785807,0.00530835,0.00273813,-0.00742988,0.00315441,-0.00131501,-0.00232276,-0.00649851,
-0.473913,-2.0179,10.9887,1.76424,1.83712,15.3411,-1.31544,9.59193,23.5467,0.454309,0.416504,14.1636,0,0,0,0,0,0,0,0,0,0,0,0,-0.000541606,0.736201,-1.54402,-0.0226095,0.710512,-1.4865,0.0343365,0.701552,-1.52953,0.0009423,0.707223,-1.50927,-0.00919646,0.699081,-1.3439,0.00933532,0.74367,-1.20741,0.0105087,0.875723,-1.10131,0.009159,0.714726,-1.25196,-0.00116908,-0.013164,0.00992426,-0.00403882,-0.00745686,0.00489539,0.00272974,-0.00695138,0.00285642,-0.00132797,-0.00211551,-0.00654146,
-0.153073,1.50991,8.89991,3.67764,7.94121,14.2271,-3.00683,17.7372,32.8236,-0.079811,12.0177,25.1064,0,0,0,0,0,0,0,0,0,0,0,0,-0.000559237,0.736002,-1.54388,-0.022673,0.710405,-1.48644,0.0343793,0.701447,-1.52949,0.000920421,0.707193,-1.50938,-0.00337669,0.763085,-1.38185,0.0440648,0.854613,-1.22773,-0.0202057,1.02374,-0.932643,-0.00057821,0.925652,-1.05317,-0.00104831,-0.0112932,0.00672388,-0.00392494,-0.00543605,0.000996091,0.00258742,-0.00611277,0.00157165,-0.00145208,-0.00137435,-0.00804061,
-0.979725,7.51312,12.0065,5.03742,10.4594,14.9804,-4.11768,20.6754,40.7254,-0.225887,19.9965,33.2014,0,0,0,0,0,0,0,0,0,0,0,0,-0.000592539,0.736429,-1.54375,-0.0227532,0.711008,-1.48656,0.0344204,0.70182,-1.5291,0.000852231,0.707696,-1.50928,-0.0184547,0.875011,-1.32512,0.068741,0.90344,-1.21437,-0.0404246,1.07942,-0.787536,-0.00338452,1.07315,-0.904978,-0.00149556,0.0604977,0.00995033,-0.0029097,0.0690615,-0.00578317,0.000671233,0.0515834,0.033801,-0.00396356,0.0573982,0.019531,
-1.03474,7.4374,13.5126,4.95014,7.6077,15.1943,-3.37296,20.6549,40.8596,-0.482887,21.3231,35.4869,0,0,0,0,0,0,0,0,0,0,0,0,-0.00130429,0.738621,-1.54212,-0.0234794,0.71377,-1.48607,0.0337726,0.703641,-1.52662,0.000113473,0.71008,-1.50793,-0.0227668,0.877874,-1.29058,0.0638786,0.857848,-1.20737,-0.0300643,1.0827,-0.776647,-0.0112734,1.10307,-0.859088,-0.0809447,0.123087,0.179004,-0.0808027,0.175889,0.0746375,-0.076704,0.107566,0.216078,-0.0796605,0.16187,0.110748,
-1.08917,6.19074,12.789,3.96359,4.82667,15.5584,-2.92026,20.6515,38.0845,-0.384105,21.5872,34.8095,0,0,0,0,0,0,0,0,0,0,0,0,-0.00317158,0.741188,-1.53679,-0.0253346,0.717549,-1.48318,0.0319548,0.706008,-1.52074,-0.00173042,0.713676,-1.50446,-0.0265194,0.85874,-1.29101,0.0432291,0.812637,-1.19194,-0.024714,1.08636,-0.814475,-0.0122927,1.11337,-0.862436,-0.108308,0.152577,0.404732,-0.10699,0.223961,0.255379,-0.109177,0.148892,0.422279,-0.109345,0.219999,0.278824,
-0.482125,4.82522,9.2312,3.31865,3.46207,14.4276,-2.90273,18.4242,32.2864,-0.795449,17.9391,28.0752,0,0,0,0,0,0,0,0,0,0,0,0,-0.0051049,0.745052,-1.52427,-0.0272082,0.722742,-1.47365,0.0299001,0.710531,-1.50921,-0.00374791,0.719517,-1.49572,-0.0158895,0.839349,-1.33319,0.0312502,0.793717,-1.19167,-0.0251331,1.05458,-0.903268,-0.0203756,1.05624,-0.969622,-0.061684,0.200612,0.710189,-0.0574683,0.245324,0.600667,-0.0689442,0.276844,0.578113,-0.0661529,0.322504,0.477857,
-0.330727,5.30743,6.27078,3.29718,7.31186,15.2383,-5.45275,21.8344,34.6932,-0.372392,20.0124,29.9485,0,0,0,0,0,0,0,0,0,0,0,0,-0.00573392,0.749406,-1.50975,-0.0277396,0.727569,-1.46051,0.0291343,0.717087,-1.49863,-0.00444904,0.726613,-1.48639,-0.0122818,0.85539,-1.36779,0.0318729,0.870386,-1.15713,-0.0707544,1.129,-0.849752,-0.0118485,1.10598,-0.92526,-0.0163378,0.289837,0.853888,-0.0102777,0.301711,0.804047,-0.0228494,0.456002,0.552701,-0.01921,0.473781,0.507663,
0.557722,4.25301,3.84431,4.59359,11.6625,16.879,-7.91845,24.6356,41.8539,0.227709,22.436,33.854,0,0,0,0,0,0,0,0,0,0,0,0,-0.00608634,0.757786,-1.49002,-0.0279371,0.735949,-1.44136,0.0287028,0.730435,-1.48791,-0.00481414,0.740137,-1.47618,0.00331119,0.850268,-1.38984,0.055087,0.962895,-1.10459,-0.116062,1.20243,-0.712778,-0.00138986,1.17218,-0.84677,-0.022699,0.463064,0.925312,-0.0151446,0.455289,0.912945,-0.0242201,0.735703,0.432312,-0.0218741,0.736814,0.424289,
1.66779,1.44834,2.04566,6.381,13.1742,18.8137,-9.76339,24.4,44.8625,0.387273,20.6568,30.1482,0,0,0,0,0,0,0,0,0,0,0,0,-0.00696953,0.769768,-1.46962,-0.0286509,0.747718,-1.42098,0.0279491,0.748086,-1.47754,-0.00551108,0.757876,-1.46593,0.0212895,0.815746,-1.40196,0.0855545,1.00674,-1.04839,-0.151091,1.21839,-0.643493,0.000124566,1.16058,-0.899767,-0.0630775,0.600266,0.930642,-0.0553919,0.595523,0.932541,-0.0465666,0.814742,0.561256,-0.0429515,0.828735,0.550404,
2.83029,-0.860668,-0.615057,8.30027,11.9893,22.1364,-11.1367,23.0354,43.976,0.663925,15.7182,20.2113,0,0,0,0,0,0,0,0,0,0,0,0,-0.00862873,0.781383,-1.45286,-0.0301804,0.759454,-1.40423,0.0268378,0.762378,-1.46514,-0.00652639,0.772822,-1.45415,0.0386284,0.787701,-1.43289,0.11675,1.00029,-0.971186,-0.17837,1.20643,-0.639259,0.00304672,1.086,-1.06267,-0.128414,0.671225,0.951665,-0.121712,0.698276,0.934003,-0.0831746,0.770962,0.80412,-0.0763355,0.837121,0.733637,
4.57382,-1.90429,-6.15051,12.1711,10.0762,25.4259,-12.0636,20.8057,41.2212,-0.681669,3.48333,-2.06443,0,0,0,0,0,0,0,0,0,0,0,0,-0.00980222,0.794194,-1.43521,-0.0336256,0.776286,-1.3829,0.0249279,0.779365,-1.44483,-0.00824669,0.792298,-1.43641,0.0776496,0.769991,-1.52995,0.181755,0.986521,-0.887278,-0.196965,1.18418,-0.663472,-0.0228918,0.887241,-1.44698,0.131126,0.318407,0.522332,-0.180654,0.825965,1.01863,-0.0780656,0.810653,0.974224,-0.0687847,0.965854,0.823836,
2.16886,-2.22108,-7.63572,16.8112,4.45638,28.5481,-13.3744,16.3685,36.1131,-1.65324,-8.32093,-13.594,0,0,0,0,0,0,0,0,0,0,0,0,-0.00152352,0.796863,-1.44457,-0.0388325,0.798157,-1.35715,0.0229879,0.800794,-1.42091,-0.00915222,0.822141,-1.42519,0.0581134,0.758295,-1.65225,0.258936,0.911795,-0.801448,-0.223077,1.13249,-0.734346,-0.0379401,0.728967,-1.68809,0.617317,0.0554633,-2.10385,-0.241093,0.996496,1.11966,-0.0884147,1.04161,0.915548,0.0388374,1.77573,-0.480759,
-0.135735,-1.57577,-5.36,16.278,0.2633,28.4863,-14.2682,11.5441,30.6969,-1.31219,-8.27892,-10.1057,0,0,0,0,0,0,0,0,0,0,0,0,0.0112166,0.794883,-1.49299,-0.0425084,0.81478,-1.3383,0.0216047,0.819762,-1.40786,-0.00816463,0.847987,-1.45842,0.0349838,0.76145,-1.73519,0.248195,0.85336,-0.779165,-0.239105,1.07212,-0.826045,-0.0286394,0.730334,-1.80723,0.801628,-0.146122,-4.42266,-0.16075,1.03255,1.25895,-0.0393194,1.29769,0.723886,0.103375,1.00443,-5.04365,
0.892134,-0.748493,-1.55496,15.3874,-4.60624,24.9275,-16.6809,5.48194,28.7449,-0.375627,-3.30132,-0.697858,0,0,0,0,0,0,0,0,0,0,0,0,0.0246397,0.783465,-1.61327,-0.0432286,0.838368,-1.30255,0.0228779,0.856102,-1.39425,-0.00760383,0.826214,-1.62337,0.0481051,0.745345,-1.79666,0.23834,0.785235,-0.792946,-0.276585,1.01181,-0.857435,-0.0154652,0.691046,-1.85939,0.221366,-0.748949,-4.73957,0.0549377,0.935491,1.72266,0.116898,1.71227,0.433291,-0.0315262,-2.29606,-6.82398,
1.48161,-1.70583,0.669408,16.0969,-8.00027,21.7993,-17.1063,2.67345,27.2096,-0.534041,-3.35265,1.34325,0,0,0,0,0,0,0,0,0,0,0,0,0.026035,0.768743,-1.67503,-0.0417031,0.852733,-1.27239,0.0252345,0.885345,-1.3882,-0.00816381,0.779321,-1.7106,0.053908,0.706753,-1.78853,0.254442,0.735832,-0.811977,-0.28082,0.994833,-0.880953,-0.0162156,0.612861,-1.84816,0.0285585,-0.946452,-3.83999,0.106152,0.872618,1.95752,0.151836,1.86021,0.382865,0.0506612,-3.22372,-4.94951,
1.38969,-2.26221,4.87615,14.3542,-10.158,15.5235,-13.8317,0.200773,24.4898,-1.10653,-2.24407,4.31172,0,0,0,0,0,0,0,0,0,0,0,0,0.0279209,0.738521,-1.7413,-0.0395156,0.872741,-1.22443,0.027999,0.929063,-1.37658,-0.00532424,0.692034,-1.79121,0.0575525,0.646223,-1.70411,0.22391,0.714361,-0.876921,-0.221067,0.990089,-0.911706,-0.0208194,0.523357,-1.77503,0.133362,-1.56344,-1.57271,0.0745691,0.803982,1.9943,0.0739358,1.75315,0.599032,0.14128,-3.90731,-1.90108,
0.41574,-2.33676,6.50484,13.5628,-9.5624,14.3954,-11.3484,-0.075953,23.9315,-1.07753,-2.23701,5.6115,0,0,0,0,0,0,0,0,0,0,0,0,0.0313149,0.703273,-1.75074,-0.0386514,0.890446,-1.18214,0.028389,0.965374,-1.3603,-0.00188384,0.615055,-1.80834,0.0494768,0.594654,-1.58855,0.208839,0.743246,-0.862005,-0.178437,1.01325,-0.89613,-0.0190466,0.45446,-1.67581,0.323982,-2.02071,1.34205,0.0272911,0.814671,1.78457,-0.0150188,1.50505,0.887789,0.074209,-3.66429,0.932186,
-0.678607,-2.39064,5.38591,13.1987,-8.58301,16.1745,-10.5635,0.135911,24.5733,-0.873243,-0.8896,5.82204,0,0,0,0,0,0,0,0,0,0,0,0,0.0385306,0.652415,-1.68881,-0.0380566,0.909073,-1.14703,0.0278115,0.994531,-1.33713,-0.000531623,0.534048,-1.7575,0.0345444,0.525971,-1.45843,0.203235,0.781604,-0.805146,-0.164711,1.03596,-0.851874,-0.0139323,0.396843,-1.5396,0.255205,-2.53546,4.04724,0.040179,0.873438,1.46054,-0.0139843,1.19037,1.17551,0.0756692,-3.69815,3.4238,
-1.41304,-2.16321,7.4228,12.2374,-9.18331,17.2333,-10.5187,-1.48962,24.0276,-0.0784974,2.53719,9.59869,0,0,0,0,0,0,0,0,0,0,0,0,0.0399794,0.613727,-1.62403,-0.0371935,0.923518,-1.12519,0.027928,1.01201,-1.31682,0.00167328,0.480697,-1.70023,0.0151062,0.484466,-1.31825,0.187508,0.786244,-0.768392,-0.162391,1.01789,-0.835436,0.00342684,0.415452,-1.36485,0.025008,-2.74786,5.2195,0.0673123,0.907351,1.32813,0.0284281,1.00742,1.36024,0.0971906,-3.40316,4.91525,
-1.28659,3.54227,7.46912,11.2499,-11.4448,14.2215,-11.2335,-4.16188,18.8027,0.512186,8.91459,8.70729,0,0,0,0,0,0,0,0,0,0,0,0,0.0336892,0.542733,-1.47197,-0.0348854,0.945183,-1.09295,0.0302642,1.03294,-1.28024,0.00676584,0.41285,-1.54262,-0.00910881,0.514998,-1.12462,0.173434,0.766427,-0.788913,-0.168608,0.982318,-0.883887,0.0296748,0.51287,-1.14963,-0.592946,-2.81537,6.46405,0.11538,0.89623,1.38925,0.164165,0.765231,1.66483,0.415447,-1.89641,7.17083,
-2.83336,2.38091,4.12394,8.67815,-12.4885,9.41462,-7.88396,-6.86206,13.1128,-0.319433,13.9039,14.3179,0,0,0,0,0,0,0,0,0,0,0,0,0.0154876,0.496617,-1.32954,-0.0318967,0.965085,-1.06135,0.0352064,1.04828,-1.24116,0.0199243,0.401259,-1.38335,-0.066981,0.488556,-0.999326,0.130673,0.767846,-0.841608,-0.0996341,0.945082,-0.941931,0.0364676,0.672313,-0.839769,-0.945785,-1.56903,7.79893,0.146205,0.911277,1.48407,0.259851,0.658876,1.85818,0.682952,0.557797,8.65494,
-8.23543,-3.08545,25.4849,5.76967,-8.10368,-3.15757,-3.20498,-5.52186,2.52643,3.62156,18.3324,42.2225,0,0,0,0,0,0,0,0,0,0,0,0,0.00767711,0.520913,-1.30471,-0.0294422,0.980272,-1.03391,0.0393262,1.05638,-1.20316,0.0283055,0.440225,-1.34204,-0.138695,0.569996,-0.942243,0.0790719,0.855244,-1.03787,-0.0139945,0.959992,-1.07578,0.0987713,0.862819,-0.641188,0.102748,3.21392,-3.08298,0.110334,0.681747,1.6332,0.151301,0.122627,2.48872,0.141145,2.72789,-2.04189,
-12.7855,3.50515,23.8181,-0.076117,-0.286851,-20.3729,-0.546582,-3.12514,-14.6129,11.6673,27.4237,45.795,0,0,0,0,0,0,0,0,0,0,0,0,0.0103042,0.579672,-1.35028,-0.026198,0.989868,-0.998515,0.0395194,1.04868,-1.13655,0.029456,0.484396,-1.35844,-0.216988,0.722807,-0.970481,-0.0156242,0.992449,-1.33029,0.0265336,0.972101,-1.29405,0.241644,1.03637,-0.530617,0.158045,2.42627,-1.62717,0.365378,0.238227,1.18066,-0.0931319,-0.603739,3.30578,0.00166266,1.63045,-0.147008,
-15.4249,3.36903,23.6899,-1.851,-3.29655,-9.66733,-0.675152,-2.37676,-12.9955,13.8885,25.7988,44.2938,0,0,0,0,0,0,0,0,0,0,0,0,0.0138547,0.621565,-1.37637,-0.017462,1.01536,-1.03927,0.0309005,1.0439,-1.13289,0.0291847,0.510179,-1.35621,-0.258765,0.757732,-0.990278,-0.0259153,1.049,-1.48823,-0.00579187,1.00775,-1.51372,0.282288,1.02342,-0.542564,0.239364,2.28898,-1.36387,0.770038,2.85911,-8.34775,-0.74607,0.215879,-4.41685,0.0178867,1.34958,0.253849,
-15.9454,0.944889,25.5184,-0.687219,-3.42063,-3.82038,0.899305,-1.17516,-5.09313,12.1274,21.6457,42.8718,0,0,0,0,0,0,0,0,0,0,0,0,0.0199927,0.670942,-1.40213,-0.00246967,1.05257,-1.24591,0.0126321,1.04112,-1.28676,0.0310764,0.539701,-1.34827,-0.261207,0.760444,-0.970794,-0.000602327,1.01345,-1.61025,-0.00502437,1.0101,-1.66747,0.255076,0.978271,-0.555623,0.266334,2.20986,-0.997112,0.438846,0.705004,-9.00999,-1.03912,-0.295005,-8.80316,0.106985,1.37535,0.402193,
-17.114,-1.30709,26.6955,-0.857293,-4.63456,-3.66221,2.62191,-1.15597,-4.57369,11.6838,19.2875,38.1588,0,0,0,0,0,0,0,0,0,0,0,0,0.0245508,0.710044,-1.41641,0.00320029,1.04897,-1.38309,-0.00474367,1.02541,-1.42747,0.0333623,0.565345,-1.3403,-0.278357,0.756365,-0.951607,0.00140199,0.943621,-1.70166,0.0113485,0.975169,-1.78399,0.250412,0.963632,-0.630743,0.252223,2.14151,-0.628517,0.421326,-0.644185,-7.69971,-0.96491,-0.892801,-8.35275,0.141087,1.45459,0.481544,
-14.8879,-2.86689,26.0885,-0.00287652,-3.34149,-2.90546,2.9071,-0.875478,-2.70953,10.2775,15.3416,33.8756,0,0,0,0,0,0,0,0,0,0,0,0,0.0289138,0.755781,-1.42389,0.0123622,1.01855,-1.51956,-0.0204825,0.999391,-1.57883,0.0359241,0.599038,-1.32915,-0.238352,0.769726,-0.952138,0.0241708,0.894781,-1.75901,0.016712,0.942892,-1.84455,0.224542,0.931668,-0.698174,0.104582,2.01881,-0.0788624,0.362416,-1.92547,-5.70243,-0.478555,-1.23998,-6.61389,0.053574,1.64061,0.46014,
-12.399,-6.0145,24.5846,0.236301,-1.21134,-1.29179,1.97694,-2.08761,0.371041,10.6528,11.6391,30.3742,0,0,0,0,0,0,0,0,0,0,0,0,0.0285637,0.802401,-1.41797,0.0222812,0.957881,-1.64305,-0.0230962,0.964888,-1.72069,0.035099,0.642134,-1.32009,-0.200303,0.754552,-0.95427,0.0439977,0.840369,-1.81025,0.017993,0.873252,-1.87231,0.225218,0.916432,-0.757432,-0.104853,1.87933,0.510502,0.532283,-2.91768,-4.39133,0.157204,-1.64022,-4.83916,-0.109039,1.91515,0.31789,
-10.8858,-9.41858,24.209,-0.335381,-2.64526,-0.726528,1.22574,-4.02146,0.0538263,11.544,9.62256,27.1768,0,0,0,0,0,0,0,0,0,0,0,0,0.0252988,0.835127,-1.40501,0.033573,0.906041,-1.70789,-0.0179751,0.932855,-1.78511,0.0319095,0.678027,-1.31485,-0.179823,0.721889,-0.93677,0.0530509,0.764587,-1.83455,0.0162118,0.792083,-1.8794,0.234856,0.919504,-0.811215,-0.219926,1.7725,0.85781,0.78148,-2.85262,-3.46649,0.363632,-2.06721,-2.91103,-0.212185,2.03261,0.290772,
-8.97945,-12.2283,22.3316,-0.567236,-3.32184,0.685926,0.910245,-4.20488,1.61791,12.3075,6.34443,24.5541,0,0,0,0,0,0,0,0,0,0,0,0,0.0190862,0.872398,-1.38182,0.051473,0.840954,-1.76914,-0.0105109,0.877031,-1.83072,0.025972,0.723682,-1.30824,-0.155254,0.703195,-0.935964,0.0665408,0.676144,-1.82852,0.0150931,0.701074,-1.84862,0.239238,0.908099,-0.851766,-0.338466,1.62338,1.21708,0.775534,-3.19038,-2.19527,0.276653,-3.04041,-1.44559,-0.321008,2.11027,0.306565,
-7.9331,-13.481,21.0733,-0.557427,-5.2071,2.43048,0.656236,-4.57344,4.11397,12.3877,4.32452,21.1674,0,0,0,0,0,0,0,0,0,0,0,0,0.0127005,0.900545,-1.35759,0.0645834,0.78189,-1.79605,-0.00695893,0.817803,-1.84541,0.0199408,0.761874,-1.30209,-0.142748,0.705119,-0.927976,0.0775373,0.56892,-1.7799,0.011109,0.611452,-1.77305,0.234657,0.909105,-0.904004,-0.342539,1.51808,1.41967,0.705496,-3.61456,-0.856516,0.187501,-3.76436,-0.0747401,-0.321262,2.09622,0.40389,
-7.25366,-15.4643,17.214,-0.550214,-5.58012,6.22853,0.424881,-4.36725,7.09014,11.9194,0.217783,17.347,0,0,0,0,0,0,0,0,0,0,0,0,0.00605852,0.93292,-1.32443,0.0797202,0.702955,-1.80328,-0.0048685,0.735424,-1.83519,0.01375,0.807362,-1.29132,-0.135007,0.698437,-0.959887,0.0887052,0.471099,-1.66843,0.00556811,0.523489,-1.64901,0.222002,0.877979,-0.957658,-0.280517,1.42656,1.5754,0.580216,-3.98442,0.660132,0.0828512,-4.04955,1.74994,-0.258639,2.03673,0.558095,
-6.73034,-18.8192,11.9922,-0.515697,-2.85157,6.98676,0.784961,-1.72082,6.23058,10.7375,-4.18987,12.9893,0,0,0,0,0,0,0,0,0,0,0,0,0.000636224,0.963529,-1.28929,0.0898314,0.601422,-1.75275,-0.00388344,0.637858,-1.75986,0.00884196,0.850734,-1.27698,-0.128654,0.666355,-1.01977,0.0937215,0.383377,-1.50509,0.00950531,0.45252,-1.49281,0.197927,0.836548,-1.01657,-0.211469,1.37479,1.57316,0.405364,-5.07828,3.68598,-0.0269887,-4.70712,4.69836,-0.1877,1.89426,0.740747,
-6.26336,-20.8518,8.90179,-0.744914,1.2376,8.77251,0.588049,1.7797,6.06231,8.90866,-6.49676,11.732,0,0,0,0,0,0,0,0,0,0,0,0,-0.00239783,0.988555,-1.26233,0.0974544,0.513368,-1.67743,-0.00592609,0.55896,-1.67257,0.00624588,0.883507,-1.26233,-0.120999,0.655305,-1.05474,0.0933251,0.367634,-1.32425,0.00287724,0.443797,-1.35714,0.164491,0.821692,-1.01958,-0.144286,1.40171,1.39771,0.287667,-5.14053,5.91805,-0.0577036,-4.5076,6.27012,-0.114001,1.72054,0.899389,
-4.65947,-23.7849,3.49776,-0.329718,7.84464,11.8049,-1.14313,8.90248,5.20959,5.04591,-8.41864,7.66377,0,0,0,0,0,0,0,0,0,0,0,0,-0.00531985,1.02338,-1.23332,0.102533,0.405586,-1.50978,-0.00922288,0.468931,-1.51545,0.00407414,0.921143,-1.2379,-0.0939813,0.639946,-1.13559,0.101625,0.430478,-1.05228,-0.0385257,0.537744,-1.21292,0.0927954,0.814939,-1.06191,-0.120507,1.49781,1.04295,0.155422,-3.59755,7.42098,-0.260292,-2.84319,6.3498,-0.0923556,1.43191,1.11975,
-2.20188,-23.0896,1.0747,-0.270728,10.6707,12.9258,-1.69746,15.647,7.32631,1.64411,-8.74751,6.04481,0,0,0,0,0,0,0,0,0,0,0,0,-0.00764069,1.04811,-1.21865,0.104752,0.365459,-1.39446,-0.01646,0.441966,-1.42826,0.00207207,0.942701,-1.21917,-0.0538184,0.679756,-1.17115,0.0993947,0.494718,-0.842329,-0.068048,0.701838,-1.0945,0.0260986,0.826556,-1.07064,-0.187717,1.57241,0.85454,-0.0133048,-1.9786,9.68977,-0.633265,-0.752234,6.12824,-0.179252,1.31086,1.18009,
-1.69602,-18.0148,-0.799619,1.34455,10.7088,36.6781,-6.70956,15.5842,31.3229,-1.93829,-9.46507,4.43674,0,0,0,0,0,0,0,0,0,0,0,0,-0.00711423,1.08318,-1.19247,0.107399,0.430554,-1.41599,-0.0218836,0.487741,-1.3972,0.00289015,0.972195,-1.18622,-0.0338774,0.795932,-1.15941,0.137049,0.73783,-0.838236,-0.139537,0.877393,-0.901821,-0.02721,0.836331,-1.05295,0.124466,1.23127,1.45439,0.158998,3.43966,-2.72323,0.132567,3.24813,-2.26512,0.1571,1.10697,1.60705,
1.81706,-11.4231,-10.737,6.34087,15.4184,36.0136,-10.5222,16.8398,39.8647,-1.80015,-9.31587,-6.74963,0,0,0,0,0,0,0,0,0,0,0,0,-0.00589699,1.10007,-1.15883,0.108597,0.488487,-1.45379,-0.0202027,0.542745,-1.42941,0.00512505,0.989704,-1.15327,0.0251451,0.914928,-1.28092,0.221225,0.870362,-0.85594,-0.212355,0.94479,-0.752164,-0.0273361,0.849584,-1.21142,-0.0609667,0.688975,2.23446,-0.0812969,3.10263,-1.73981,-0.0256546,2.92925,-1.45349,0.00821393,0.89404,1.97291,
2.41876,-5.35427,-16.7388,14.6756,15.4511,37.3468,-13.5053,16.3666,45.2172,-2.08083,-6.21996,-18.1,0,0,0,0,0,0,0,0,0,0,0,0,-0.00858068,1.11015,-1.14535,0.10226,0.554397,-1.48519,-0.0242856,0.603539,-1.45336,0.000201808,1.00371,-1.13091,0.0330131,1.02507,-1.46195,0.354728,0.931083,-0.846249,-0.279598,0.987659,-0.658827,-0.0512386,0.894055,-1.47305,-0.0728345,0.375013,-0.374455,-0.438791,2.92587,-1.22497,-0.298279,2.64444,-0.84314,-0.415773,0.104893,-0.398594,
0.547308,-5.9483,-8.91671,17.8544,10.7239,37.4593,-11.6351,11.1217,43.1203,-1.18784,-6.09293,-10.1014,0,0,0,0,0,0,0,0,0,0,0,0,-0.00873373,1.12568,-1.23684,0.0900039,0.621843,-1.50873,-0.0328558,0.663129,-1.46641,-0.00785978,1.0239,-1.23138,0.00517444,1.03759,-1.64884,0.398213,0.904933,-0.852516,-0.256499,0.942456,-0.692249,-0.0427005,0.91769,-1.69694,0.120912,0.613066,-7.63533,-0.501578,2.69225,-0.75968,-0.369589,2.35627,-0.300956,-0.404667,0.139769,-8.61339,
0.850417,-0.892484,-8.07371,16.767,6.26481,34.106,-11.7813,7.38429,38.1961,-0.734369,-1.5753,-8.35399,0,0,0,0,0,0,0,0,0,0,0,0,-0.00419167,1.11301,-1.35564,0.0829171,0.663214,-1.51667,-0.0381282,0.69995,-1.46856,-0.0155638,1.00126,-1.36174,0.0158467,1.05735,-1.79146,0.375854,0.859007,-0.905575,-0.260715,0.908998,-0.775773,-0.0369274,0.916694,-1.84146,0.139831,-1.20499,-8.83146,-0.364128,2.50212,-0.275485,-0.256095,2.2852,-0.0515719,-0.244791,-1.70878,-10.017,
1.81862,0.248761,-2.79269,12.6034,2.69373,31.1791,-10.8365,2.90444,33.4553,-0.818291,0.665089,-2.01833,0,0,0,0,0,0,0,0,0,0,0,0,-0.00503934,1.06715,-1.55492,0.0782169,0.719736,-1.51349,-0.0406276,0.754977,-1.46685,-0.0151064,0.943156,-1.5872,0.0222125,1.01091,-1.88237,0.30514,0.842255,-0.932752,-0.237429,0.883288,-0.853629,-0.0219013,0.873016,-1.92184,-0.177647,-1.85664,-8.4539,-0.0681308,2.2471,0.423183,0.00688765,2.30703,0.151078,0.246984,-2.51268,-9.10376,
2.37495,-1.26795,0.252695,11.1089,0.193728,29.4631,-10.2418,2.18492,27.6902,-1.2969,-1.60985,-0.276646,0,0,0,0,0,0,0,0,0,0,0,0,-0.00742873,1.03478,-1.69112,0.0780305,0.758723,-1.50238,-0.0396531,0.796159,-1.4623,-0.00970366,0.899768,-1.73045,0.0338904,0.950817,-1.91639,0.28039,0.831183,-0.942641,-0.223331,0.909306,-0.947286,-0.0214075,0.793139,-1.97046,-0.0568893,-1.86114,-7.02388,0.0115993,2.10642,0.734852,0.0775112,2.24342,0.352953,0.362884,-2.36372,-7.17993,
1.24376,-2.86082,1.51421,9.27988,-3.66768,27.7345,-9.54471,-0.868125,23.6192,-1.27982,-3.32789,1.49959,0,0,0,0,0,0,0,0,0,0,0,0,-0.00384767,0.984384,-1.81619,0.0792556,0.807136,-1.48041,-0.0370288,0.849178,-1.45118,-0.00285233,0.840555,-1.86061,0.030417,0.857772,-1.91328,0.251526,0.804106,-0.941039,-0.205544,0.906095,-1.00526,-0.0199749,0.693159,-1.96964,0.356001,-2.27934,-3.80793,0.108334,1.94503,1.07283,0.153551,2.22143,0.50346,0.187824,-2.65493,-4.16447,
1.16999,-5.39685,2.87183,9.03595,-6.11525,26.5758,-10.1471,-2.62752,22.2592,-1.1986,-5.61303,3.21953,0,0,0,0,0,0,0,0,0,0,0,0,0.00231631,0.947509,-1.85976,0.0813705,0.837351,-1.46152,-0.0342892,0.884589,-1.44233,-0.0012104,0.797289,-1.90865,0.0374741,0.761878,-1.86832,0.250752,0.78623,-0.937256,-0.21251,0.908323,-1.01791,-0.0215207,0.593399,-1.91818,0.424271,-2.67381,-1.85692,0.155586,1.83533,1.25472,0.19163,2.18493,0.602043,0.0452983,-3.11162,-2.07967,
1.37091,-3.36713,5.76885,7.94547,-8.44775,21.8577,-10.9524,-4.2875,21.2693,-1.26883,-3.75149,6.27924,0,0,0,0,0,0,0,0,0,0,0,0,0.0116161,0.872674,-1.87258,0.0853766,0.875752,-1.4319,-0.029556,0.930708,-1.42652,-0.00107607,0.712585,-1.92313,0.0493778,0.680569,-1.75697,0.236237,0.776915,-0.988568,-0.221326,0.918373,-1.01269,-0.0242006,0.499558,-1.79607,0.392213,-3.99925,0.327787,0.195472,1.67318,1.40309,0.225034,2.00504,0.828613,-0.00167466,-4.42501,0.393918,
0.945641,-3.8221,6.48504,7.46705,-11.2328,21.0741,-9.801,-5.95763,20.74,-0.908432,-2.90583,6.69643,0,0,0,0,0,0,0,0,0,0,0,0,0.0173544,0.781809,-1.84882,0.0894398,0.914656,-1.39764,-0.0248988,0.976114,-1.40316,-0.000987316,0.613819,-1.89625,0.0463402,0.580798,-1.63424,0.229217,0.762269,-0.969764,-0.198973,0.923867,-0.987834,-0.0217748,0.418162,-1.66791,0.360323,-4.01863,2.95369,0.122604,1.58415,1.36618,0.126082,1.71336,1.16824,-0.130489,-4.36405,3.25686,
0.148459,-3.57953,5.88399,8.32369,-11.6926,21.1974,-9.38244,-6.86026,19.7601,-0.767221,-1.87803,6.9422,0,0,0,0,0,0,0,0,0,0,0,0,0.0231482,0.713966,-1.78205,0.0906882,0.939599,-1.37694,-0.0237545,1.00054,-1.38143,-0.00269247,0.542057,-1.82416,0.0380101,0.496862,-1.49862,0.243837,0.777072,-0.950669,-0.192825,0.920558,-0.972503,-0.0190334,0.353522,-1.511,0.371635,-4.64511,5.39158,0.0552867,1.52979,1.24874,0.0464276,1.36725,1.51707,-0.0730712,-4.71743,5.71182,
-0.312201,-0.422452,6.97897,8.24099,-13.289,18.4185,-9.21001,-8.79995,14.8825,-0.628388,2.80929,6.28473,0,0,0,0,0,0,0,0,0,0,0,0,0.027166,0.610714,-1.65286,0.0916077,0.972435,-1.35044,-0.0228983,1.02573,-1.34313,-0.00173702,0.44326,-1.68391,0.0233002,0.447589,-1.3165,0.243276,0.7784,-0.976602,-0.188416,0.897483,-1.0098,-0.00902141,0.353206,-1.33591,0.0553219,-4.74967,6.40042,0.0559839,1.45392,1.19037,0.059174,0.970246,1.9168,0.126526,-4.31235,7.1419,
-1.08453,5.31093,6.60258,6.07461,-13.107,15.4531,-8.35026,-10.3527,10.5399,0.068206,7.82265,4.94814,0,0,0,0,0,0,0,0,0,0,0,0,0.0248286,0.509943,-1.49485,0.0939459,1.00668,-1.32175,-0.0203091,1.04568,-1.29359,0.00450241,0.364795,-1.51787,-0.00158971,0.48304,-1.1363,0.208817,0.814497,-1.00158,-0.167305,0.881364,-1.03089,0.0159295,0.429169,-1.18918,-0.204712,-3.77255,7.28742,0.135173,1.4094,1.19795,0.147495,0.730727,2.17131,0.311268,-2.37894,7.29439,
-0.873196,-2.35539,17.7487,4.66943,-11.1857,12.149,-2.70795,-8.53677,7.08773,0.434601,14.2164,8.95351,0,0,0,0,0,0,0,0,0,0,0,0,0.0182545,0.469639,-1.39255,0.0964243,1.03226,-1.30013,-0.0175462,1.05801,-1.25331,0.0116519,0.344366,-1.40361,-0.00402109,0.503479,-1.09169,0.179929,0.8756,-1.03667,-0.067638,0.925215,-1.04815,0.0273436,0.59741,-1.01561,-0.195533,2.34258,-0.667306,-0.0426043,1.42761,1.30087,-0.026165,0.684984,2.33094,0.238023,-0.166115,6.88161,
-4.84659,-5.40517,23.0877,0.306648,-11.1333,3.08572,1.80522,-9.90579,-0.432173,3.45037,12.7225,31.7689,0,0,0,0,0,0,0,0,0,0,0,0,0.0100338,0.544372,-1.44014,0.0891687,1.06258,-1.26557,-0.0243278,1.07398,-1.19942,0.0124384,0.379234,-1.30701,-0.0894261,0.548947,-1.0671,0.0841352,0.899501,-1.1482,-0.00219544,0.916148,-1.12308,0.0646385,0.749457,-0.859909,-0.346504,3.14267,-1.42803,-0.324159,1.20209,1.87197,-0.326634,0.680729,2.57295,-0.321865,4.2443,-3.98799,
-7.22376,1.01343,22.5787,-3.37767,-9.725,-13.3389,3.01818,-7.67056,-14.2589,5.95377,19.2756,38.4042,0,0,0,0,0,0,0,0,0,0,0,0,0.0071312,0.592499,-1.45875,0.0863511,1.07824,-1.23154,-0.0274745,1.08267,-1.1559,0.0093026,0.438049,-1.35373,-0.126444,0.705756,-1.08282,0.02251,0.927867,-1.40055,0.0239073,0.954621,-1.32059,0.114351,0.892562,-0.71875,-0.0682674,2.89762,-1.05692,-0.0742184,0.808066,2.24637,-0.106769,0.34867,2.88948,-0.0978324,3.17925,-1.93335,
-9.93736,0.621118,22.5376,-3.70039,-6.17601,-10.9963,1.9072,-5.51462,-12.1261,9.94238,23.3646,41.0728,0,0,0,0,0,0,0,0,0,0,0,0,0.00807875,0.658668,-1.48342,0.0795996,1.08759,-1.25003,-0.0258148,1.08936,-1.16982,0.00883389,0.502878,-1.3824,-0.168734,0.757353,-1.10818,-0.0119061,0.945919,-1.59617,0.0218266,0.973109,-1.54738,0.190519,1.0056,-0.66081,0.118133,2.67033,-1.05545,-0.740236,-0.897623,-4.46744,0.396154,-0.488336,-4.7998,0.0279436,2.38052,-0.769722,
-13.6684,-3.80852,27.2939,-2.1992,-2.38397,-3.64495,0.944434,-3.1351,-5.56385,12.1937,20.5932,41.3355,0,0,0,0,0,0,0,0,0,0,0,0,0.0121268,0.716302,-1.50538,0.0576928,1.03778,-1.38159,-0.0133337,1.05401,-1.31332,0.0104269,0.551554,-1.39386,-0.228474,0.732324,-1.03977,-0.0166939,0.906971,-1.70972,0.0202871,0.936505,-1.70679,0.236268,0.996475,-0.655297,0.241852,2.60542,-0.93607,-1.05115,-2.67262,-8.0012,0.502615,-1.84873,-8.93153,0.126451,2.15413,-0.396855,
-14.6846,-6.37097,29.6944,-1.50847,-1.72924,-2.38962,1.32467,-2.48589,-3.21037,12.7934,18.9562,40.5556,0,0,0,0,0,0,0,0,0,0,0,0,0.016633,0.762542,-1.51913,0.0384068,0.979664,-1.5078,-0.00523116,1.00863,-1.45828,0.0129473,0.590301,-1.39939,-0.243338,0.729129,-0.998157,-0.0217015,0.837515,-1.78036,0.0268856,0.874425,-1.79613,0.249189,1.00592,-0.67039,0.214537,2.51848,-0.578313,-0.998601,-3.38273,-7.00047,0.245418,-2.7196,-8.53958,0.111027,2.1681,-0.255744,
-13.8243,-8.99786,29.915,-0.788099,-1.85089,-1.2153,1.63621,-1.97385,-1.01028,11.8143,16.4184,37.1932,0,0,0,0,0,0,0,0,0,0,0,0,0.0199768,0.815963,-1.52461,0.020566,0.906205,-1.63456,-0.00288399,0.942412,-1.61529,0.0142997,0.639033,-1.40335,-0.228249,0.728976,-0.979462,-0.0148672,0.763876,-1.82383,0.0280392,0.802336,-1.84251,0.229704,1.01134,-0.730888,0.0954829,2.34086,0.0378273,-0.644849,-3.32069,-5.10814,0.0358665,-3.18353,-6.38145,0.0183132,2.25473,-0.115308,
-12.3639,-11.8402,27.4245,-0.556683,-1.94678,0.428401,1.8993,-2.45689,1.23275,11.6185,13.4052,34.0424,0,0,0,0,0,0,0,0,0,0,0,0,0.020271,0.864777,-1.51561,0.0111443,0.831292,-1.72869,-0.00227626,0.867606,-1.73081,0.0131697,0.690176,-1.40477,-0.206585,0.718634,-0.993157,-0.00677603,0.682249,-1.83697,0.0331167,0.70733,-1.8472,0.220462,1.01228,-0.786983,-0.0628841,2.11241,0.728109,-0.238299,-3.47255,-3.54664,0.0262833,-3.53237,-4.24121,-0.120779,2.39478,-0.035641,
-10.913,-15.3429,24.4583,-0.532766,-3.55255,1.68008,1.93201,-3.57662,2.71619,12.0757,10.968,30.9741,0,0,0,0,0,0,0,0,0,0,0,0,0.0180179,0.900881,-1.49732,0.00947195,0.771254,-1.77571,-0.00111944,0.805214,-1.7847,0.00998704,0.734321,-1.40471,-0.18605,0.684684,-1.01286,-0.000857495,0.59376,-1.81006,0.0384377,0.618943,-1.80247,0.222443,1.01475,-0.839977,-0.172645,1.91781,1.21493,-0.019641,-3.44979,-1.98304,0.13535,-3.70461,-2.05212,-0.216992,2.47521,0.0479819,
-8.39082,-18.4961,20.0757,-0.422804,-3.87158,3.73164,1.5707,-2.4275,4.86332,11.6542,6.65195,26.5666,0,0,0,0,0,0,0,0,0,0,0,0,0.0134199,0.940318,-1.46556,0.0107213,0.688187,-1.79631,0.00420945,0.715479,-1.80009,0.0047161,0.788587,-1.40147,-0.146435,0.659527,-1.04801,0.00780126,0.486737,-1.73511,0.0423153,0.531516,-1.70591,0.208713,0.989611,-0.91063,-0.222897,1.69589,1.60527,0.145666,-4.00456,-0.203328,0.291737,-4.27248,0.17594,-0.241309,2.44688,0.238792,
-5.97878,-20.0646,16.6037,-0.838993,-5.56807,6.06184,1.35613,-3.24555,7.79695,10.3725,3.63915,19.907,0,0,0,0,0,0,0,0,0,0,0,0,0.00965123,0.969405,-1.43465,0.0146941,0.616397,-1.78602,0.00947078,0.641811,-1.78153,0.000762899,0.831776,-1.39517,-0.104968,0.655479,-1.07511,0.00664651,0.371185,-1.61729,0.0467763,0.441325,-1.55709,0.183365,0.973781,-1.01778,-0.180719,1.55484,1.76171,0.220209,-4.3992,1.78799,0.386484,-4.32287,2.52619,-0.182983,2.3173,0.471931,
-5.1132,-22.2629,13.3869,-0.626881,-2.50286,7.52943,1.07925,-1.03523,7.03424,8.75611,-0.258919,16.4943,0,0,0,0,0,0,0,0,0,0,0,0,0.006516,1.00226,-1.39525,0.0210906,0.522922,-1.73876,0.0158271,0.555982,-1.71718,-0.00229667,0.880373,-1.3815,-0.0907089,0.644686,-1.0932,0.0150643,0.325197,-1.48122,0.047187,0.403664,-1.43366,0.153116,0.945087,-1.05803,-0.130094,1.44247,1.79235,0.164132,-4.65112,3.68601,0.358636,-4.07903,4.75521,-0.115798,2.12121,0.720468,
-4.18222,-24.9526,9.11217,-0.302952,2.72769,6.4329,0.521769,3.49242,3.44683,7.28366,-4.27581,14.8501,0,0,0,0,0,0,0,0,0,0,0,0,0.00366157,1.03323,-1.35648,0.023273,0.417591,-1.62632,0.0222127,0.468797,-1.58653,-0.00477133,0.925121,-1.36394,-0.0766944,0.625112,-1.13441,0.0220346,0.319807,-1.32264,0.0366903,0.416474,-1.3253,0.123747,0.911615,-1.06598,-0.131863,1.3921,1.72314,0.130467,-4.50322,5.70522,0.152498,-3.539,6.06728,-0.119539,1.96279,0.854116,
-3.13667,-24.9526,4.65248,0.28569,9.37949,9.33877,-1.25524,9.63592,5.07554,4.0598,-5.64906,13.058,0,0,0,0,0,0,0,0,0,0,0,0,0.00157651,1.05843,-1.3269,0.0267129,0.351245,-1.52654,0.0227908,0.420693,-1.49152,-0.0067891,0.958681,-1.34709,-0.0586738,0.650707,-1.19126,0.0365546,0.415817,-1.13579,-0.000854172,0.526953,-1.21502,0.0636609,0.913006,-1.07565,-0.0983894,1.4042,1.55995,0.142002,-3.2378,6.75133,-0.0251304,-2.10646,5.62875,-0.102805,1.74276,1.03952,
0.839959,-21.7464,2.59734,2.46925,9.20923,11.4295,-2.24777,10.5068,18.857,1.16712,-6.00749,11.0544,0,0,0,0,0,0,0,0,0,0,0,0,-0.00176858,1.09245,-1.29311,0.0298201,0.312309,-1.34829,0.0155209,0.417455,-1.39089,-0.010651,0.995374,-1.3182,0.0028248,0.741478,-1.20514,0.0746195,0.479121,-0.888007,-0.0366377,0.719379,-1.13779,-0.000115991,0.92602,-1.07055,-0.32629,1.35719,1.24507,-0.00293381,-0.0192067,7.71458,-0.344975,3.38835,-2.7426,-0.326496,1.21834,1.42591,
-1.53863,-19.5001,2.64656,1.81313,11.3995,31.4095,-4.97821,15.3787,30.9969,-3.69114,-6.58902,6.51722,0,0,0,0,0,0,0,0,0,0,0,0,-0.0045243,1.11919,-1.27269,0.0282204,0.363466,-1.37728,0.0122816,0.467068,-1.4267,-0.0137094,1.01071,-1.29074,-0.0273045,0.799159,-1.17738,0.0606431,0.697888,-0.944749,-0.0782008,0.842247,-0.920749,-0.0804216,0.917573,-1.10854,0.158735,1.05471,1.44191,-0.0166001,3.88541,-4.23358,0.000932718,2.92011,-1.76096,0.0122055,0.814825,1.94647,
3.05419,-14.5575,-6.42628,7.96919,14.4887,30.8856,-7.67712,16.863,38.0217,-3.8392,-7.4107,-3.66071,0,0,0,0,0,0,0,0,0,0,0,0,-0.00167398,1.13266,-1.23198,0.0312401,0.437134,-1.43614,0.0163591,0.529586,-1.45822,-0.00921653,1.02552,-1.24177,0.0521241,0.887807,-1.27401,0.173093,0.803686,-0.941756,-0.123638,0.924332,-0.800876,-0.0784405,0.911244,-1.23214,-0.052944,0.60595,2.28598,-0.0929333,3.15092,-2.05258,-0.0126138,2.69336,-1.03779,0.0177129,0.625176,2.32783,
4.15353,-6.9053,-17.5346,16.3019,13.9576,33.6823,-14.5452,19.2083,44.9685,-4.51509,-6.27185,-16.1366,0,0,0,0,0,0,0,0,0,0,0,0,-0.00744377,1.13773,-1.17749,0.0216779,0.510486,-1.47826,0.0101438,0.589189,-1.4733,-0.0177311,1.03356,-1.19879,0.0707088,0.994097,-1.46515,0.303612,0.861525,-0.915549,-0.262268,1.0157,-0.670119,-0.120192,0.905241,-1.47084,0.0804766,-0.55238,0.951883,-0.441961,2.97192,-1.51853,-0.243,2.36094,-0.440859,-0.622367,-0.436583,0.652119,
2.25015,-5.52835,-11.8013,19.3757,8.87346,33.0721,-15.9693,16.8908,42.7777,-2.39111,-7.52724,-13.5652,0,0,0,0,0,0,0,0,0,0,0,0,-0.00505918,1.13817,-1.20859,0.0139138,0.562472,-1.50247,0.00642175,0.62952,-1.47817,-0.0283424,1.03495,-1.23101,0.0506914,1.02989,-1.6541,0.351476,0.816537,-0.941241,-0.291831,1.00803,-0.705546,-0.10283,0.896001,-1.69069,0.45341,-0.237481,-7.05659,-0.449875,2.83339,-1.22475,-0.241446,2.18184,-0.15758,-0.947605,-0.063753,-6.50954,
0.981813,-1.02161,-5.04425,15.3951,3.83336,30.6752,-13.8525,10.8415,38.6636,1.00526,-1.97159,-3.49134,0,0,0,0,0,0,0,0,0,0,0,0,0.0115661,1.10228,-1.40079,0.00545614,0.622745,-1.52315,0.00119793,0.677647,-1.47934,-0.0561909,1.00224,-1.42041,0.0525014,1.00604,-1.79759,0.276612,0.779259,-0.987119,-0.256572,0.947802,-0.77667,-0.0757249,0.884082,-1.80082,0.705347,-2.37331,-9.32203,-0.267494,2.65272,-0.66316,-0.180457,2.23171,-0.0092882,-1.15535,-2.51506,-9.68413,
1.83917,0.452777,-2.5976,13.4585,1.8862,26.8913,-13.9296,8.86243,32.4986,0.812388,-0.626742,-1.41722,0,0,0,0,0,0,0,0,0,0,0,0,0.0212074,1.05211,-1.55114,0.00268284,0.669053,-1.52999,-0.000670565,0.718713,-1.47876,-0.0704359,0.943902,-1.57211,0.0646093,0.970751,-1.88452,0.244229,0.785703,-1.04755,-0.255549,0.954551,-0.884971,-0.0658171,0.823573,-1.86876,0.304407,-2.7374,-8.74341,-0.0963721,2.5164,-0.198366,-0.0492943,2.28259,0.088677,-0.310195,-3.32856,-8.27672,
2.26705,-0.638223,-1.07749,11.8486,-0.212545,26.4364,-11.8138,6.75759,27.2147,-0.468347,-1.6381,-0.400547,0,0,0,0,0,0,0,0,0,0,0,0,0.0245425,0.994257,-1.70518,0.00123911,0.723049,-1.5294,-0.00129284,0.769008,-1.47468,-0.0685418,0.875544,-1.71391,0.0696074,0.906316,-1.92693,0.215528,0.798278,-1.04338,-0.216599,0.967449,-0.972558,-0.0653123,0.751514,-1.89875,0.117512,-2.33252,-6.17688,-0.0348248,2.41675,0.163774,-0.0155892,2.30927,0.223364,0.358871,-2.87974,-5.42524,
1.37538,-2.97296,1.01589,10.2756,-3.42328,26.0146,-10.5883,2.85464,24.322,-0.905843,-2.71137,1.39622,0,0,0,0,0,0,0,0,0,0,0,0,0.0302242,0.946009,-1.81839,0.00144652,0.775461,-1.52282,-0.00131728,0.821325,-1.4701,-0.0586362,0.813001,-1.80903,0.068675,0.816966,-1.93446,0.190062,0.790298,-1.03601,-0.193116,0.953828,-1.02255,-0.0611957,0.666626,-1.89267,0.410788,-2.29136,-4.11115,0.0545829,2.35518,0.422414,0.02186,2.4628,0.162677,0.425039,-2.96623,-3.33133,
1.1947,-5.16268,2.21409,10.7128,-5.96384,26.0061,-10.9349,-0.064106,24.0832,-1.30894,-4.14788,2.76613,0,0,0,0,0,0,0,0,0,0,0,0,0.0382174,0.902531,-1.87115,0.00268667,0.817331,-1.51328,-0.000843211,0.866637,-1.4674,-0.0523412,0.759197,-1.84966,0.0753371,0.716505,-1.89944,0.20022,0.783908,-1.02061,-0.198316,0.94826,-1.02426,-0.0662991,0.576357,-1.84424,0.47049,-2.81597,-2.09458,0.0841775,2.292,0.605894,0.0410386,2.52966,0.160796,0.300697,-3.28239,-1.3712,
0.966287,-4.33856,3.98506,10.7892,-9.53037,25.5689,-11.837,-3.01659,24.8153,-1.68457,-3.17371,4.51588,0,0,0,0,0,0,0,0,0,0,0,0,0.0478297,0.827096,-1.89243,0.0046773,0.866438,-1.49805,0.000375656,0.921308,-1.46217,-0.0473553,0.678921,-1.85489,0.0791637,0.615624,-1.82136,0.203978,0.764295,-1.00863,-0.212603,0.945337,-1.00005,-0.07301,0.488837,-1.74971,0.420604,-4.05132,-0.042457,0.0957337,2.17362,0.749644,0.0684085,2.4101,0.33419,0.15198,-4.04496,0.704941,
1.13481,-2.87325,5.42178,9.77754,-13.2795,24.8949,-11.4917,-4.61501,24.2905,-2.32982,-1.66156,5.14305,0,0,0,0,0,0,0,0,0,0,0,0,0.0548889,0.723472,-1.86609,0.00653196,0.916752,-1.47879,0.00194635,0.975268,-1.44948,-0.04482,0.580942,-1.81229,0.0822136,0.520887,-1.69915,0.186028,0.741552,-0.999057,-0.20528,0.958774,-0.983572,-0.0857432,0.413283,-1.62472,0.204471,-4.59385,2.08871,0.0526427,2.02414,0.827923,0.0523662,2.05991,0.741406,0.0439109,-4.19982,2.874,
0.724231,-2.82306,7.21604,9.96833,-13.6583,24.445,-10.9675,-5.39418,23.6391,-1.87351,-1.93388,6.72243,0,0,0,0,0,0,0,0,0,0,0,0,0.0569592,0.65397,-1.82803,0.00710978,0.948296,-1.46509,0.002721,1.00588,-1.43494,-0.0445518,0.519471,-1.7645,0.0764838,0.451654,-1.57212,0.189015,0.762695,-0.991819,-0.195471,0.965717,-0.970181,-0.0828788,0.353753,-1.50158,0.194237,-4.61353,3.81066,0.0202411,1.9168,0.880447,0.0372098,1.76956,1.0681,-0.130261,-3.98922,4.29886,
0.198806,0.439339,6.9304,10.2092,-14.2632,20.8891,-11.0588,-6.37281,18.0983,-1.33043,2.15165,4.79227,0,0,0,0,0,0,0,0,0,0,0,0,0.059892,0.542241,-1.70225,0.00756343,0.99196,-1.44246,0.00406921,1.04215,-1.40255,-0.0483492,0.425542,-1.63221,0.0635038,0.406848,-1.39385,0.194405,0.789595,-1.02974,-0.193827,0.969086,-1.02211,-0.0749973,0.346591,-1.35923,-8.63689e-05,-4.38108,5.5732,0.0372653,1.74062,1.00571,0.0969441,1.30789,1.5699,-0.0751206,-3.60777,5.67872,
-0.944145,6.68846,8.19495,8.86941,-10.9286,17.5506,-9.07649,-7.41016,16.9475,-0.384163,6.65101,6.17759,0,0,0,0,0,0,0,0,0,0,0,0,0.0584278,0.482232,-1.61882,0.00864684,1.01905,-1.42547,0.00632546,1.06129,-1.37538,-0.0482508,0.378907,-1.55235,0.0393139,0.482817,-1.24795,0.172999,0.874481,-1.07009,-0.153218,0.96344,-1.00894,-0.0556514,0.413435,-1.24552,-0.0595125,-3.69792,6.77929,0.094431,1.65417,1.10839,0.167558,1.12705,1.78133,-0.0127057,-2.63998,5.94323,
-0.494815,4.37804,4.30777,7.27285,-9.13858,14.9081,-7.26142,-7.17761,14.28,0.600443,10.624,2.71704,0,0,0,0,0,0,0,0,0,0,0,0,0.051832,0.424104,-1.43743,0.0113549,1.05837,-1.39791,0.0110656,1.08601,-1.32942,-0.0467361,0.346098,-1.40102,0.0242542,0.477866,-1.12607,0.147132,0.946321,-1.08937,-0.113989,0.986244,-1.00319,-0.0287151,0.539732,-1.15983,-0.567758,-0.789506,7.12057,0.108275,1.65338,1.14519,0.213016,0.939148,2.03484,0.217061,0.0143606,5.86035,
-4.41024,-2.90139,23.6661,5.58414,-10.1033,9.7935,-0.0449352,-9.18989,6.75607,4.44416,10.3771,23.2852,0,0,0,0,0,0,0,0,0,0,0,0,0.0461668,0.490846,-1.46912,0.009123,1.09342,-1.36928,0.0109578,1.10373,-1.27915,-0.0464663,0.395392,-1.38192,-0.0422716,0.553109,-1.11769,0.102575,0.957462,-1.14121,0.00394037,0.958472,-1.0733,0.0266197,0.699075,-1.04088,-0.252151,3.51437,-2.40977,-0.246832,1.45884,1.52795,-0.189457,0.66715,2.53668,-0.235796,3.51413,-2.51546,
-7.56491,1.04004,23.6451,0.784278,-10.4092,-1.0192,-0.375942,-10.6385,-4.26858,5.73421,15.2308,31.3415,0,0,0,0,0,0,0,0,0,0,0,0,0.0435243,0.54972,-1.50228,0.00623478,1.11536,-1.33741,0.00804185,1.11158,-1.22858,-0.0495081,0.452969,-1.41555,-0.0945169,0.67148,-1.12343,0.0194727,0.959445,-1.29045,-0.00021651,0.927647,-1.20899,0.053462,0.828624,-0.894076,-0.0151967,3.14264,-1.56014,-0.0312176,1.01893,2.00125,-0.0434821,0.290172,2.96981,-0.0393648,3.0168,-1.47806,
-10.8084,1.33765,24.2744,-2.59063,-11.2882,-17.2666,1.84499,-9.54849,-18.4422,11.7834,21.5086,37.3605,0,0,0,0,0,0,0,0,0,0,0,0,0.0453267,0.616091,-1.5323,0.00737583,1.13333,-1.29012,0.00781455,1.11336,-1.1639,-0.048835,0.514195,-1.43981,-0.14776,0.735961,-1.13244,-0.0379347,0.951168,-1.5336,0.0376369,0.934206,-1.42387,0.165824,0.989634,-0.78832,0.104829,2.91954,-1.26782,0.054748,0.705096,2.15285,-0.113758,-0.169279,2.30206,0.0127151,2.5781,-0.849231,
-11.4252,-0.79866,26.5117,-2.37413,-9.25821,-9.82586,0.238389,-7.64622,-11.6146,13.0979,21.5935,38.369,0,0,0,0,0,0,0,0,0,0,0,0,0.0488877,0.678248,-1.56005,0.00581541,1.14456,-1.31988,0.00465799,1.11713,-1.20122,-0.047999,0.565177,-1.4522,-0.15142,0.754076,-1.11977,-0.048808,0.956314,-1.7024,0.0117992,0.966355,-1.63378,0.193613,1.02767,-0.76613,0.226795,2.76067,-1.27559,-0.350088,-0.608651,-6.22943,0.0857648,-0.359148,-6.7647,0.106008,2.13532,-0.352986,
-14.603,-4.7256,27.9289,-1.8224,-4.6865,-4.47149,0.399216,-4.41214,-6.10772,14.4369,18.9505,36.3479,0,0,0,0,0,0,0,0,0,0,0,0,0.0534462,0.727071,-1.58103,-0.0050228,1.09827,-1.44082,0.00940818,1.08046,-1.33604,-0.0453967,0.602433,-1.45631,-0.203157,0.729187,-1.10737,-0.0567988,0.901564,-1.7934,0.0187336,0.919911,-1.76572,0.222475,1.01478,-0.801566,0.272111,2.68999,-1.04335,-0.569596,-3.40676,-8.28884,0.0631565,-2.4545,-9.73575,0.164469,2.07156,-0.187153,
-13.5305,-6.03008,29.0026,-1.39354,-2.27253,-3.71315,1.29579,-2.56965,-2.94964,13.5269,15.705,36.0036,0,0,0,0,0,0,0,0,0,0,0,0,0.0584536,0.78538,-1.59785,-0.01606,1.00295,-1.61041,0.00717298,1.0071,-1.54098,-0.042322,0.650392,-1.46106,-0.182851,0.760988,-1.08705,-0.0566491,0.803607,-1.90349,0.0245789,0.831765,-1.87686,0.20641,1.01136,-0.815457,0.143736,2.60474,-0.504809,-0.46603,-4.82867,-6.8924,-0.188037,-3.93002,-8.62429,0.0852038,2.30463,-0.275257,
-12.9418,-7.57282,28.0437,-1.59721,-2.26313,-2.39242,1.72025,-2.71645,-1.22668,13.0115,13.5456,34.4608,0,0,0,0,0,0,0,0,0,0,0,0,0.0599627,0.831468,-1.60226,-0.021792,0.917206,-1.71902,0.0039289,0.932521,-1.67191,-0.0415283,0.694083,-1.46678,-0.173459,0.776363,-1.09443,-0.0560683,0.720239,-1.96632,0.0292008,0.743118,-1.92666,0.195747,1.02188,-0.850728,0.0575265,2.52337,-0.0627105,-0.159995,-4.76114,-6.22705,-0.183501,-4.2782,-7.10253,0.0214547,2.49057,-0.32098,
-13.2123,-11.3552,26.1311,-1.45082,-1.29985,1.37585,1.89814,-1.72603,2.36999,12.8267,10.3402,33.3621,0,0,0,0,0,0,0,0,0,0,0,0,0.0606553,0.890428,-1.59727,-0.0232689,0.803413,-1.84815,0.0019345,0.825591,-1.80935,-0.0416452,0.755626,-1.4737,-0.179363,0.762418,-1.10834,-0.0503537,0.627239,-1.97082,0.0358688,0.645886,-1.9129,0.190655,1.02911,-0.875184,0.00628371,2.39708,0.422137,-0.0215807,-4.66097,-4.51268,-0.0176391,-4.53208,-4.48053,-0.0278821,2.6118,-0.246377,
-12.4798,-15.5307,24.8377,-1.11386,-3.2274,3.49341,1.8899,-2.36161,3.99128,13.0454,7.68294,31.1109,0,0,0,0,0,0,0,0,0,0,0,0,0.0603764,0.941483,-1.58345,-0.0238925,0.709556,-1.91431,0.00323215,0.731759,-1.8694,-0.0427153,0.813224,-1.47706,-0.167723,0.732605,-1.10656,-0.0451614,0.515726,-1.9145,0.0416332,0.549783,-1.84196,0.192143,1.03751,-0.912906,-0.0364498,2.24578,0.772904,-0.0310744,-4.12957,-1.94681,0.123422,-4.24835,-1.37894,-0.0712449,2.5849,-0.0458344,
-10.8776,-18.208,23.342,-0.747771,-5.29301,5.47394,1.73916,-3.13315,5.74499,13.1189,5.44062,27.7999,0,0,0,0,0,0,0,0,0,0,0,0,0.0593375,0.980451,-1.56712,-0.0246874,0.638245,-1.92993,0.00583953,0.659378,-1.87511,-0.0443881,0.858795,-1.4757,-0.140732,0.717782,-1.1099,-0.0405871,0.401766,-1.81777,0.0452863,0.46408,-1.73702,0.190795,1.03829,-0.963914,-0.0701196,2.08953,1.00295,-0.0703974,-4.28518,0.386096,0.239118,-4.22678,1.02758,-0.102129,2.46188,0.193538,
-9.71168,-22.9795,20.0298,-0.431756,-3.40844,6.81277,1.84375,-1.13656,6.73598,12.0134,2.12721,21.8184,0,0,0,0,0,0,0,0,0,0,0,0,0.0576652,1.024,-1.54233,-0.0259034,0.530924,-1.88295,0.0123235,0.561489,-1.81528,-0.0467532,0.910383,-1.46762,-0.121456,0.668234,-1.1381,-0.0328405,0.299724,-1.6612,0.0539204,0.396344,-1.57937,0.167987,1.02285,-1.05457,-0.0777645,1.89567,1.22377,0.0278961,-5.17086,2.99088,0.246714,-4.4147,3.46616,-0.112605,2.25482,0.499483,
-8.24743,-25.1467,17.2503,0.0621171,0.0926352,8.28111,1.61716,0.871763,5.9539,10.365,-1.54641,19.7924,0,0,0,0,0,0,0,0,0,0,0,0,0.0559675,1.05673,-1.51855,-0.0238723,0.442119,-1.81982,0.0161537,0.489691,-1.74587,-0.04911,0.949893,-1.45693,-0.0981967,0.656514,-1.15914,-0.0210808,0.272665,-1.49344,0.0562182,0.372059,-1.4525,0.134125,0.991944,-1.07548,-0.128667,1.7416,1.39853,0.0507845,-5.22922,5.37185,0.325773,-4.0786,5.65647,-0.159508,2.14402,0.659502,
-6.74534,-26.9065,12.1628,-0.0056681,5.95545,6.58618,0.859476,4.75601,3.05432,8.86938,-4.99129,18.2403,0,0,0,0,0,0,0,0,0,0,0,0,0.052164,1.09304,-1.4859,-0.0212828,0.337731,-1.67767,0.0214549,0.412719,-1.61033,-0.0537536,0.995089,-1.44013,-0.0766978,0.655633,-1.21461,-0.0144344,0.311159,-1.31914,0.042454,0.403798,-1.34674,0.099603,0.968081,-1.07974,-0.190031,1.58285,1.53227,0.212405,-4.12049,7.29629,0.16415,-2.91482,6.35724,-0.24154,1.94768,0.878105,
-5.77396,-26.5573,5.1889,-0.0815257,12.1574,10.4243,-0.94878,9.99669,5.09524,5.17843,-6.55235,15.3595,0,0,0,0,0,0,0,0,0,0,0,0,0.0481324,1.12678,-1.45241,-0.0141624,0.278229,-1.52455,0.0222935,0.373886,-1.49037,-0.0593356,1.03395,-1.41681,-0.0623173,0.69296,-1.30959,-0.0055613,0.447633,-1.08505,0.0035824,0.52711,-1.22097,0.0265827,0.966269,-1.09678,-0.167097,1.49857,1.48134,0.308103,-1.57786,7.63814,-0.0446279,-0.871894,5.40088,-0.251625,1.57222,1.24572,
-3.48578,-17.941,4.62192,2.12337,11.7888,36.1889,-4.54123,12.7362,20.5529,-0.739669,-6.19589,15.4431,0,0,0,0,0,0,0,0,0,0,0,0,0.0445146,1.15232,-1.42686,-0.0118556,0.291195,-1.45971,0.0187346,0.395835,-1.46105,-0.0641112,1.05708,-1.38977,-0.0267645,0.868044,-1.29628,0.0179474,0.631771,-0.942701,-0.0718947,0.733595,-1.1683,-0.0856847,0.977096,-1.05092,-0.241429,1.28094,1.42223,-0.268999,3.85715,-4.30738,-0.246326,3.24479,-2.47315,-0.248265,0.998112,1.7744,
-2.76092,-15.9795,3.63004,5.26375,14.4404,33.3158,-6.26022,14.9937,26.1143,-2.6259,-6.85019,7.63918,0,0,0,0,0,0,0,0,0,0,0,0,0.04035,1.17537,-1.39058,-0.0173844,0.370321,-1.53709,0.0151094,0.45799,-1.49452,-0.066893,1.07317,-1.3432,-0.0135932,0.912578,-1.25872,0.0725007,0.745593,-1.02119,-0.101301,0.821646,-1.05907,-0.115667,0.97059,-1.12883,-0.114419,0.847661,2.01249,-0.177815,3.44418,-2.74517,-0.0790895,2.78189,-1.20263,-0.0314917,0.671273,2.30634,
0.649357,-14.2103,-5.71365,10.7873,14.4564,32.4198,-10.3973,14.819,33.5871,-3.08242,-7.44273,-5.95976,0,0,0,0,0,0,0,0,0,0,0,0,0.0381192,1.18857,-1.33718,-0.0211402,0.443733,-1.58341,0.0140183,0.519242,-1.51677,-0.0666978,1.08672,-1.28844,0.0439877,0.942701,-1.34995,0.16673,0.814009,-1.0496,-0.178898,0.879711,-0.933866,-0.124562,0.971428,-1.31255,-0.181437,0.381845,2.78432,-0.252469,3.28267,-1.70019,-0.118424,2.78157,-0.848651,-0.0556103,0.611971,2.57412,
2.33434,-7.86426,-18.2225,17.7013,14.6264,34.2266,-16.6264,16.6926,40.6665,-2.57099,-6.03863,-15.1529,0,0,0,0,0,0,0,0,0,0,0,0,0.0332532,1.19119,-1.28398,-0.0276129,0.502071,-1.60919,0.0103292,0.568839,-1.52957,-0.0714704,1.0947,-1.25566,0.0673897,1.03616,-1.53521,0.280423,0.873055,-1.02837,-0.299885,0.961698,-0.811033,-0.13678,0.9801,-1.52736,-0.253794,-0.368167,2.44735,-0.421863,3.20983,-1.2676,-0.241896,2.73037,-0.637313,-0.567253,-0.146951,0.116061,
1.20307,-6.57174,-9.58941,20.6207,9.07972,33.8821,-18.2629,13.6423,41.2504,-0.26069,-6.67428,-9.54251,0,0,0,0,0,0,0,0,0,0,0,0,0.0294225,1.19863,-1.31328,-0.0368784,0.570658,-1.63336,0.00542249,0.626426,-1.54035,-0.0834428,1.10002,-1.32163,0.0532509,1.07214,-1.71723,0.324739,0.835143,-1.04841,-0.334152,0.95791,-0.802568,-0.111122,0.968268,-1.72399,0.0597165,-0.213916,-7.01563,-0.406552,3.03722,-0.949768,-0.22984,2.54958,-0.373511,-0.700911,-0.317961,-6.99307,
0.500595,-2.03369,-4.4812,17.3959,5.64391,33.3904,-15.6523,8.60381,39.5225,0.99076,-1.74172,-2.46303,0,0,0,0,0,0,0,0,0,0,0,0,0.0342952,1.14779,-1.50055,-0.0445265,0.641065,-1.64956,0.000468931,0.687245,-1.54632,-0.0980861,1.05439,-1.5051,0.045143,1.01626,-1.8579,0.265035,0.836596,-1.05675,-0.289201,0.926584,-0.83296,-0.0863054,0.933312,-1.82697,0.053352,-2.88919,-8.42924,-0.205562,2.83906,-0.436433,-0.15531,2.53321,-0.159855,-0.190458,-2.73211,-8.46677,
-0.524524,2.69122,2.49804,17.74,6.01126,33.5973,-15.6307,6.49859,33.622,0.475317,-0.42708,1.94783,0,0,0,0,0,0,0,0,0,0,0,0,0.0330587,1.09537,-1.62409,-0.0466898,0.685373,-1.65349,-0.00134875,0.727634,-1.54753,-0.0960913,1.00299,-1.6234,0.0157048,1.03249,-1.84291,0.272607,0.883568,-1.04644,-0.288052,0.927242,-0.935995,-0.0717418,0.885807,-1.82471,-0.238858,-3.41659,-8.07394,-0.0992619,2.71637,-0.116226,-0.0766753,2.48881,0.00685,0.479946,-3.34344,-7.23336,
0.245448,2.61527,2.29005,16.7943,3.51162,34.3504,-13.8676,3.42383,29.9217,-1.53835,-0.319056,1.44325,0,0,0,0,0,0,0,0,0,0,0,0,0.0232088,1.01735,-1.76503,-0.0481494,0.74878,-1.65037,-0.00252891,0.787243,-1.54466,-0.0789671,0.926382,-1.7469,0.00556538,0.982524,-1.83924,0.257011,0.89746,-1.01376,-0.255228,0.933428,-0.996362,-0.0811639,0.823132,-1.8231,-0.675464,-2.51717,-3.53972,-0.00580829,2.5921,0.368431,-0.0171362,2.56465,0.13042,0.787513,-2.97761,-3.13008,
0.858006,0.0725472,2.7652,15.0654,1.56988,33.0428,-14.2695,1.08396,28.3886,-2.01708,-1.256,1.82979,0,0,0,0,0,0,0,0,0,0,0,0,0.00832969,0.987365,-1.80468,-0.0470069,0.794492,-1.63978,-0.00188609,0.835175,-1.54277,-0.0655677,0.878681,-1.78333,-0.00366031,0.946196,-1.79776,0.231465,0.904416,-1.01364,-0.257942,0.944718,-1.02428,-0.0817653,0.770842,-1.79203,-0.843031,-1.29823,-1.32473,0.139196,2.48664,0.774788,0.103559,2.74494,0.0713925,0.625673,-2.59729,-1.28241,
0.842878,-0.749866,3.22236,14.6975,-2.48828,32.3769,-15.5472,-2.64669,28.1177,-1.84612,-1.33753,1.93989,0,0,0,0,0,0,0,0,0,0,0,0,-0.00968332,0.960282,-1.80942,-0.0422495,0.851975,-1.61563,0.00211853,0.902318,-1.5405,-0.0566899,0.818163,-1.79309,-0.0166708,0.909988,-1.73191,0.23168,0.882661,-0.989007,-0.274526,0.945703,-1.02404,-0.0849255,0.712842,-1.75163,-0.681771,-1.12015,0.578315,0.204765,2.32001,1.15961,0.18433,2.79606,0.159636,0.162868,-2.47506,0.189152,
0.665194,-0.875114,3.78063,14.0774,-5.02626,32.5245,-15.874,-4.62012,28.2115,-1.75602,-1.76536,2.5331,0,0,0,0,0,0,0,0,0,0,0,0,-0.0195888,0.941571,-1.79107,-0.0392041,0.887935,-1.59557,0.0050633,0.945963,-1.5361,-0.0552884,0.7796,-1.78375,-0.0259612,0.880604,-1.65703,0.222352,0.867979,-0.960992,-0.277901,0.948602,-1.01031,-0.0864683,0.663486,-1.69945,-0.564265,-1.37669,1.99538,0.17123,2.18261,1.32088,0.172735,2.64737,0.392707,0.0228485,-2.56719,1.16846,
-3.23305,3.4139,20.0566,16.4766,-11.8638,38.147,-16.3198,-8.87294,24.3315,-0.232862,3.45046,12.3008,0,0,0,0,0,0,0,0,0,0,0,0,-0.0320123,0.908941,-1.73332,-0.0365225,0.933492,-1.56448,0.0082462,0.999993,-1.52204,-0.055722,0.722112,-1.74726,-0.10978,0.92056,-1.2687,0.265565,0.78237,-0.822251,-0.284547,0.91292,-1.05125,-0.0608607,0.698284,-1.45751,-0.5801,-1.54158,3.05418,0.0768078,1.97341,1.48645,0.120086,2.26886,0.867789,-0.0276481,-2.645,2.01961,
-2.85963,-1.12495,14.8096,14.8712,-11.1807,34.9007,-14.0289,-10.4074,20.2286,-0.379707,4.98102,9.13437,0,0,0,0,0,0,0,0,0,0,0,0,-0.0479022,0.876592,-1.62064,-0.0350514,0.977285,-1.52432,0.0114945,1.04961,-1.49483,-0.0553569,0.671322,-1.6769,-0.12839,0.805813,-0.997283,0.239281,0.827337,-0.822484,-0.236371,0.925908,-1.08441,-0.0603385,0.706271,-1.29298,-0.870655,-1.53772,10.8196,0.120618,1.62979,2.05558,0.220171,2.00215,1.30275,0.0587338,-1.69934,6.65621,
-4.61649,-7.60696,25.0562,11.2793,-6.24682,26.1683,-7.58051,-7.68443,14.9161,3.09321,5.22876,18.1794,0,0,0,0,0,0,0,0,0,0,0,0,-0.057962,0.881638,-1.50973,-0.0334499,1.00056,-1.4853,0.015225,1.08099,-1.47144,-0.0521852,0.663767,-1.5713,-0.140008,0.806558,-0.997882,0.173371,0.927345,-0.918756,-0.117599,1.0002,-1.14327,0.00786156,0.852884,-1.2228,0.0577419,1.93199,1.71962,0.0532757,1.23344,2.77314,0.152872,1.80061,1.74071,0.11631,2.87371,0.548913,
-10.6524,-8.98887,20.9597,7.5617,-7.90416,16.352,-5.94614,-11.81,2.51091,7.1239,3.81747,23.1582,0,0,0,0,0,0,0,0,0,0,0,0,-0.0563641,0.911281,-1.44977,-0.0322839,1.01827,-1.41068,0.0168689,1.11435,-1.42249,-0.0507477,0.740081,-1.58801,-0.244569,0.780695,-0.960964,0.109873,0.88961,-0.986298,-0.0873784,0.942752,-1.29346,0.0830712,0.911233,-1.166,0.16729,1.0037,3.29142,0.142747,0.459917,3.88269,0.118077,1.31786,2.54769,0.131191,3.10883,0.0292377,
-14.1406,-9.24454,19.6389,7.41051,-8.63737,8.9908,-4.76387,-14.8027,-9.58685,9.71403,3.0412,22.4195,0,0,0,0,0,0,0,0,0,0,0,0,-0.0525741,0.924754,-1.3847,-0.0289613,1.02139,-1.33473,0.0191852,1.1337,-1.37112,-0.047932,0.791306,-1.57939,-0.303542,0.77487,-0.902454,0.111064,0.863699,-1.02643,-0.0641435,0.892999,-1.44442,0.133036,0.933998,-1.1474,0.187417,0.55608,3.82484,0.161606,-0.0197873,4.42546,0.10044,0.869049,3.08637,0.132886,2.67048,0.744339,
-15.718,-21.9098,33.0529,10.1502,-19.9747,22.2026,-0.951691,-28.6365,-24.6217,7.34341,-15.5012,-5.72966,0,0,0,0,0,0,0,0,0,0,0,0,-0.0487936,0.932387,-1.28962,-0.0257217,1.01494,-1.22424,0.0119805,1.13785,-1.33334,-0.0451561,0.848163,-1.55345,-0.32938,0.539421,-0.558652,0.163423,0.637361,-0.667476,-0.0197772,0.626053,-1.75396,0.0927718,0.635265,-1.6139,0.158754,0.164803,3.97256,0.140393,-0.440138,4.67753,-0.441657,0.270889,0.826508,0.134793,2.10656,1.33593,
-10.2904,-26.3831,37.1537,12.482,-26.8066,24.5362,-2.08347,-39.7733,-20.7027,1.96976,-33.5223,-21.241,0,0,0,0,0,0,0,0,0,0,0,0,-0.0461137,0.93196,-1.20089,-0.0233705,1.00119,-1.11893,-0.00126817,1.12275,-1.3545,-0.038659,0.882121,-1.52757,-0.233073,0.440802,-0.37501,0.203155,0.484731,-0.499477,-0.0466423,0.368114,-1.8989,0.0279905,0.274943,-1.92018,0.00424125,-0.350337,4.59437,-0.0128443,-0.888221,5.29637,-0.228951,-0.962151,-5.13307,0.942201,0.0707946,-0.196041,
-3.26677,-34.6971,28.4979,9.77562,-33.7636,18.824,-7.71267,-31.9722,16.4327,0.643634,-32.6152,18.402,0,0,0,0,0,0,0,0,0,0,0,0,-0.0527506,0.908605,-1.06751,-0.0305209,0.970124,-0.975802,-0.00835468,0.954932,-1.5607,-0.0062817,0.785181,-1.62316,-0.12842,0.220867,-0.301645,0.129901,0.29199,-0.378391,-0.16694,-0.0664787,-1.5678,0.0491982,-0.102362,-1.55631,-0.497239,-1.73803,7.56932,-0.52912,-1.96318,7.79642,-0.560839,-13.4475,-9.34615,1.33765,-8.9998,-8.18052,
5.62704,-26.077,-0.492147,2.03069,-27.6563,-10.9572,2.24133,21.4785,28.4994,2.88012,14.395,15.6144,0,0,0,0,0,0,0,0,0,0,0,0,-0.0634644,0.860207,-0.896253,-0.0420377,0.918489,-0.802455,-0.0377172,0.592009,-1.55923,0.00849271,0.495365,-1.60267,0.0189227,0.273454,-0.536857,-0.0266824,0.296415,-0.629475,-0.0884752,0.240651,-0.888047,0.0903168,0.129273,-1.11922,-0.608752,-3.4413,11.255,-0.658973,-3.64321,11.3728,-2.79612,-22.6684,4.6755,0.900113,-19.1834,6.09723,
10.8289,27.0831,-60.2554,-7.56653,20.9458,-55.9179,9.14009,60,57.982,-1.84678,60,72.2876,0,0,0,0,0,0,0,0,0,0,0,0,-0.066552,0.765159,-0.624434,-0.0468856,0.822679,-0.588389,-0.0996761,0.185169,-1.34774,0.0470483,0.146675,-1.43036,0.156781,1.09404,-1.42928,-0.176933,1.03029,-1.49627,0.0156329,1.13706,0.25,0.0862611,1.2512,0.25,0.807994,-4.99691,8.88265,0.229951,-5.29304,3.32472,-1.5545,-12.9508,16.6075,2.22416,-11.3038,11.1846,
3.66011,8.24644,-0.207466,-1.48354,-0.209844,-17.1015,6.19195,42.346,1.85746,-11.2626,53.3494,14.6404,0,0,0,0,0,0,0,0,0,0,0,0,-0.0434031,0.731227,-0.7013,-0.0403591,0.823086,-0.668954,-0.101751,0.0819007,-1.02997,0.0728918,0.0487783,-1.14989,0.0760929,1.05648,-1.52817,-0.0449184,1.05053,-1.83136,0.0691956,0.799705,0.0427488,-0.123848,0.955854,0.228856,1.61787,5.35701,-25.1503,0.684879,7.06636,-26.0172,1.78341,-1.59264,31.7455,0.245518,-1.92234,33.9949,
15.1671,22.9443,-15.0008,-13.0549,20.7966,-18.9104,9.73737,60,58.2591,-12.2948,59.7259,74.8045,0,0,0,0,0,0,0,0,0,0,0,0,0.0167564,0.843355,-1.20717,-0.0656529,0.936581,-1.25661,-0.0908198,0.211884,-1.04217,0.0785837,0.179082,-1.07576,0.392018,1.33901,-1.88323,-0.346952,1.38093,-2.26482,0.0867232,1.43639,-0.0209652,-0.146625,1.35714,0.234164,3.04018,2.39806,-12.3234,-1.34252,2.02353,-20.3008,0.0152758,2.55453,-1.1626,-0.0509526,2.81531,-1.53263,
21.6616,10.2489,-16.6386,-25.9605,8.30958,-15.9279,16.7861,60,50.8146,-18.3841,60,63.7405,0,0,0,0,0,0,0,0,0,0,0,0,0.103641,0.95247,-1.51435,-0.0970426,1.01053,-1.72978,-0.0843176,0.214532,-0.9831,0.080829,0.188446,-1.02645,0.682388,1.40906,-2.35251,-0.660773,1.3619,-2.76849,0.237274,1.63452,0.0674776,-0.244491,1.65573,0.25,5.64973,8.25752,-16.3669,-2.80256,6.12016,-22.8894,0.5008,-0.605395,3.87065,0.273074,-0.390062,3.59126,
12.8933,-0.284674,-13.5318,-15.4937,-0.0287676,-7.60702,20.9204,60,48.3855,-18.8525,60,52.2871,0,0,0,0,0,0,0,0,0,0,0,0,0.224774,1.0951,-1.74478,-0.184385,1.11704,-2.0427,-0.0749338,0.199921,-0.913186,0.0864388,0.176117,-0.958956,0.775744,1.41294,-2.56173,-0.744241,1.34617,-2.88739,0.326154,1.69911,0.127306,-0.24353,1.80343,0.149808,9.67223,9.86976,-17.4446,-8.49911,7.01719,-21.584,0.633002,-1.35379,4.91199,0.391236,-1.24958,4.83047,
-5.80249,-4.62428,-5.88345,5.10371,-7.18561,-3.68339,19.0339,60,43.2282,-22.9971,60,36.6972,0,0,0,0,0,0,0,0,0,0,0,0,0.522115,1.29464,-2.15504,-0.479952,1.24139,-2.49468,-0.0569099,0.162727,-0.786213,0.0987705,0.138888,-0.82928,0.840002,1.41496,-2.75698,-0.819298,1.22851,-2.97617,0.317705,1.73485,0.166827,-0.298237,1.90924,0.0160122,12.9368,6.24565,-15.1242,-13.2043,3.59849,-12.666,0.872159,-1.21762,5.10498,0.645369,-1.33403,5.44104,
-20.5547,-15.282,15.4726,23.8717,-24.5819,-2.5172,21.2031,60,30.789,-23.7599,60,19.3746,0,0,0,0,0,0,0,0,0,0,0,0,0.730742,1.3882,-2.43957,-0.704064,1.28633,-2.55798,-0.0401317,0.159867,-0.694376,0.11112,0.134704,-0.73297,0.561247,1.20131,-2.5697,-0.512268,0.84796,-2.57574,0.360472,1.47209,-0.0261346,-0.311403,1.76791,-0.281648,6.24029,2.7796,-12.5721,-7.40159,0.262042,0.855901,0.461146,0.844998,3.31351,0.289509,1.01838,3.02675,
-18.7694,-29.0384,5.85493,20.4217,-25.1684,5.53974,23.9797,59.4026,28.178,-16.6982,60,25.8267,0,0,0,0,0,0,0,0,0,0,0,0,0.779377,1.39758,-2.53172,-0.756376,1.2417,-2.52903,-0.0367772,0.202086,-0.66326,0.109242,0.198317,-0.732033,0.382278,0.807349,-2.44128,-0.319382,0.572009,-2.36373,0.401152,1.41451,-0.157868,-0.201718,1.72423,-0.416521,-1.70613,-1.90246,-0.489358,2.00722,-6.48047,1.97303,0.0591299,4.04485,-0.211912,-0.224792,6.43888,-4.70752,
-8.69339,-15.0972,13.366,3.64762,-3.72946,13.1016,15.2548,35.7668,16.0864,-5.61698,30.4509,19.9249,0,0,0,0,0,0,0,0,0,0,0,0,0.643892,1.22863,-2.49493,-0.601592,0.992722,-2.45671,-0.0358999,0.343629,-0.727839,0.0926656,0.426318,-0.856916,0.204834,0.54456,-2.16105,-0.215964,0.463168,-2.067,0.242549,1.25488,-0.584565,-0.052946,1.39937,-0.561741,-8.58599,-12.5147,2.77609,9.75661,-14.1089,4.62933,0.0332724,7.97321,-4.55906,-1.3287,12.8149,-2.05016,
6.77599,13.1232,17.6733,-9.31927,29.6759,19.0548,1.60077,24.1795,5.91706,-11.1694,18.0582,16.8414,0,0,0,0,0,0,0,0,0,0,0,0,0.449049,0.926104,-2.36802,-0.392739,0.708736,-2.2973,-0.0330202,0.533653,-0.834251,0.0952745,0.632024,-0.978756,0.285321,0.699204,-1.75022,-0.27439,0.880208,-1.61842,0.00362884,1.2698,-0.91016,-0.0926341,1.24497,-0.82381,-8.76723,-14.2237,9.05866,8.79361,-11.2472,10.1574,0.230516,9.06027,-5.60669,0.463568,8.69646,-4.62187,
8.37003,23.329,14.5247,-9.94378,40.6266,7.8013,4.88554,8.15663,-6.82781,-19.0474,-5.61622,6.18053,0,0,0,0,0,0,0,0,0,0,0,0,0.316386,0.724791,-2.17114,-0.269702,0.591444,-2.08823,-0.0269016,0.700403,-0.9283,0.105933,0.786537,-1.05565,0.289884,0.901382,-1.41636,-0.304824,1.30347,-1.43646,0.0718606,1.16739,-1.24024,-0.223088,0.96963,-1.08194,-5.45981,-7.5647,14.9934,4.45115,-0.813912,15.5812,0.303544,9.73746,-5.73818,0.528474,8.71463,-4.23676,
-14.1024,23.5752,-1.28788,4.4414,13.6958,18.6815,-4.94273,0.255007,29.8953,-4.91026,-21.916,46.1752,0,0,0,0,0,0,0,0,0,0,0,0,0.245473,0.680172,-1.79613,-0.227677,0.758851,-1.74967,-0.0207684,0.934206,-1.07968,0.114066,0.992654,-1.15393,-0.0524455,1.18529,-1.32314,-0.144744,1.42189,-1.02373,-0.0942155,1.24385,-0.743766,0.027203,0.860175,-0.433682,-1.26839,2.33672,15.1681,0.066609,12.6506,11.8028,0.501743,9.31956,-6.34435,0.0737888,8.1276,-3.64546,
-18.7583,16.5317,9.42694,4.86524,27.4266,27.1578,-7.15965,-13.7554,24.847,7.44937,-36.403,68.4541,0,0,0,0,0,0,0,0,0,0,0,0,0.216898,0.775424,-1.59995,-0.230962,0.963234,-1.5721,-0.0122113,1.04873,-1.05691,0.113537,1.11303,-1.19381,-0.226927,1.34651,-1.15745,-0.126368,1.59239,-1.01729,-0.14302,0.918616,-0.262899,0.256862,0.620152,0.0320089,-3.14005,8.26554,8.28344,0.492997,3.98719,1.86494,-0.0193544,3.6661,10.4576,0.240842,5.1638,-0.574358,
-23.366,17.1778,39.5472,8.83871,20.4821,23.4755,-10.6856,-0.0944252,24.242,0.0252336,-22.2806,53.0061,0,0,0,0,0,0,0,0,0,0,0,0,0.139497,0.957223,-1.47497,-0.213372,1.02461,-1.54884,-0.00258018,1.07952,-0.967995,0.125169,1.13345,-1.11399,-0.243991,1.39667,-0.859295,-0.0197496,1.46596,-1.09716,-0.163024,0.9873,-0.291648,0.152393,0.626477,0.0987258,1.26343,3.8843,-3.1583,1.00584,2.10678,0.759288,1.03404,-2.76534,7.19838,0.817821,-3.11268,7.60735,
-31.2205,17.7871,33.7234,10.0088,19.5015,8.54737,-0.883747,8.23602,-17.4287,-1.8153,-18.3932,32.7059,0,0,0,0,0,0,0,0,0,0,0,0,0.160694,1.01263,-1.49842,-0.196085,1.06057,-1.52992,0.0103095,0.954998,-0.72151,0.135575,1.00365,-0.872495,-0.386696,1.39553,-0.874102,0.00375126,1.45808,-1.33426,-0.0323017,0.908697,-0.612543,0.103644,0.427166,0.156232,0.618938,1.81775,0.340987,0.545687,1.31179,1.22994,-0.811041,-5.99032,13.0121,0.032833,-7.39635,13.2634,
-30.166,13.6376,25.5919,7.40553,12.0934,-0.189697,9.02545,7.99061,-9.81017,0.318519,-19.4257,1.29832,0,0,0,0,0,0,0,0,0,0,0,0,0.165546,1.03908,-1.47716,-0.184767,1.09505,-1.50718,-0.0387381,0.909652,-0.593171,0.129328,0.847459,-0.582741,-0.385443,1.32679,-0.955929,-0.00588196,1.43487,-1.46943,0.0204302,1.06349,-0.792121,0.114008,0.173577,0.033758,-0.0769341,1.21459,1.70883,1.35174,3.66476,1.25888,-3.20622,0.261365,-0.628943,-0.64507,-9.79879,18.1162,
-26.4204,14.8827,15.6266,2.88492,-5.76367,15.0995,6.92536,0.309044,-13.0744,13.3803,-27.4913,8.25706,0,0,0,0,0,0,0,0,0,0,0,0,0.140717,1.05943,-1.41447,-0.157397,1.21568,-1.5145,-0.0912546,0.951433,-0.686523,0.0967961,0.650868,-0.379247,-0.394232,1.34945,-1.02635,-0.0214694,1.32246,-1.22383,0.0067784,1.04608,-1.0906,0.28601,-0.111339,-0.227319,-1.66767,0.593396,3.17779,2.5506,6.46473,0.493135,-0.851968,2.72026,-5.08306,-1.65196,-8.01674,0.0549686,
-3.85466,2.74994,-6.31777,4.85866,-17.9337,9.52499,0.415789,-14.8337,-39.3124,-0.158031,-8.22614,-48.7537,0,0,0,0,0,0,0,0,0,0,0,0,0.108391,1.06688,-1.3611,-0.136907,1.2937,-1.48431,-0.089436,0.996367,-0.774399,0.0784984,0.499057,-0.402453,-0.0293559,1.13184,-1.36968,-0.0535574,1.04227,-1.13172,-0.0550382,0.844918,-1.79479,0.0760109,-0.018773,-1.35645,-2.06746,0.457124,3.24781,-0.152458,2.28056,5.48181,0.820048,3.61334,-9.33824,0.0117895,-11.2525,-2.06467,
6.84342,-14.8044,-6.48431,15.8346,-24.4467,10.8401,3.52049,-23.5614,-8.74889,-17.4176,21.0054,-25.1981,0,0,0,0,0,0,0,0,0,0,0,0,0.0596194,1.09582,-1.33879,-0.176478,1.31867,-1.43262,-0.0543174,1.06927,-1.1447,0.114905,0.283238,-0.712647,0.106327,0.887189,-1.49729,0.0578826,0.903256,-1.15138,0.067755,0.684934,-2.0393,-0.128727,0.396117,-1.98219,-2.37471,1.84987,-1.24052,-1.63601,0.888386,2.57138,1.77416,1.34616,-22.4746,2.23211,-8.2206,-24.7927,
-2.2114,-7.18364,4.73183,17.7574,-24.462,10.4262,0.716671,-8.53163,-5.04599,-16.3453,-2.21555,-30.5164,0,0,0,0,0,0,0,0,0,0,0,0,0.0326044,1.09313,-1.37922,-0.208097,1.3373,-1.36347,0.00741805,0.962674,-1.58753,0.124317,0.28678,-1.13685,0.0178678,0.875551,-1.37875,0.0843083,0.915925,-1.07074,0.131696,0.533707,-2.21523,-0.232178,0.65414,-2.29341,0.778267,-2.65748,-2.61431,-0.930605,0.714482,3.15239,3.39925,-8.36754,-16.3763,-1.8122,12.4557,-18.3859,
-9.82499,1.76328,6.84858,15.1941,-23.8713,9.27536,-1.61728,-2.68909,-6.47755,-17.0841,-9.35346,-8.97985,0,0,0,0,0,0,0,0,0,0,0,0,0.0548767,1.02903,-1.40694,-0.216764,1.34731,-1.31198,0.0603704,0.805795,-1.81004,0.0792819,0.470641,-1.52115,-0.0864064,0.904788,-1.27726,0.049762,0.9315,-1.03363,0.1362,0.415549,-2.36933,-0.365484,0.643186,-2.52622,1.14134,-4.77579,0.157842,-0.297295,0.556561,3.35205,3.21551,-10.4303,-13.4909,-4.09893,10.4686,-25.7216,
-11.905,3.04434,7.07726,7.22636,-25.5602,-3.07751,-10.8358,-8.27908,12.286,13.2225,-24.488,10.993,0,0,0,0,0,0,0,0,0,0,0,0,0.0443366,0.929326,-1.3607,-0.213476,1.35759,-1.22475,0.12651,0.560949,-2.10691,-0.0955755,0.62582,-2.04062,-0.23367,0.888322,-1.1459,-0.064256,0.903108,-1.15351,0.00470519,0.102836,-2.24221,-0.169176,0.2772,-2.43022,-1.88078,-2.94421,2.63155,0.544874,0.313222,3.88664,2.29808,-9.39843,-10.9597,-9.59472,2.9522,-18.0114,
-4.0087,1.93399,11.8667,-2.00944,-22.9976,-6.61823,-9.85255,-3.62593,25.1703,25.816,-14.4802,23.9877,0,0,0,0,0,0,0,0,0,0,0,0,-0.00805742,0.888787,-1.3008,-0.182838,1.35898,-1.13593,0.158795,0.383186,-2.24631,-0.269035,0.602616,-2.29632,-0.186684,0.871348,-0.939343,-0.157513,0.937649,-1.13199,-0.0355074,0.0201148,-1.83589,0.0602842,0.136126,-2.05977,-3.23098,-1.60731,4.45181,1.89019,-0.0975803,3.7971,-0.46339,-9.07945,-1.44297,-4.27971,-6.20931,-6.09854,
-2.97003,-24.3391,10.8412,-8.19263,-37.6229,-12.6923,0.895301,28.7437,41.9051,21.0021,21.2973,49.0179,0,0,0,0,0,0,0,0,0,0,0,0,0.0118234,0.951085,-1.34766,-0.151843,1.35728,-1.07446,0.111794,0.217208,-2.1764,-0.272634,0.439902,-2.30658,0.00995762,0.633389,-1.24665,-0.254732,0.669872,-1.19876,0.00308681,0.447373,-1.07429,0.211242,0.486179,-1.22232,1.59301,3.81433,-2.93634,1.40762,-0.102426,3.25328,-3.81901,-8.9359,10.3947,3.11728,-10.4178,5.89817,
-4.67428,-24.7121,-2.73057,8.62595,-26.9599,-38.8347,5.46784,29.7039,22.328,-7.47689,32.6999,9.52777,0,0,0,0,0,0,0,0,0,0,0,0,0.040063,1.03203,-1.39149,-0.129589,1.3543,-0.993729,0.0346184,0.124106,-1.71448,-0.125524,0.287364,-1.88779,-0.0129966,0.686454,-1.48,0.0493566,0.859164,-1.58496,0.0750492,0.714533,-0.467667,-0.00999363,0.836608,-0.84889,0.975557,3.16962,-1.18728,0.675573,-0.151484,3.50958,-1.80231,1.53868,25.6925,7.68393,-1.38417,26.4511,
1.84322,-16.4182,-4.95388,6.39762,-24.0766,-19.0913,0.941392,48.119,68.2583,0.433198,45.0577,54.1026,0,0,0,0,0,0,0,0,0,0,0,0,0.0453455,1.0765,-1.40637,-0.126492,1.35978,-1.01046,0.0176247,0.173896,-1.58014,-0.0618149,0.310997,-1.73037,0.071957,0.851597,-1.53253,0.0130871,0.949344,-1.71222,0.0284865,1.12731,-0.543253,-0.0674185,1.21062,-0.907428,-0.21088,2.24913,-1.10287,0.710676,0.834838,-10.8363,-0.191108,2.39928,-6.23872,-0.411888,2.45652,-4.9115,
7.90238,-7.94474,-5.25546,2.5069,-16.9169,-11.3435,-5.82592,60,56.8304,0.164661,54.7928,60.4488,0,0,0,0,0,0,0,0,0,0,0,0,0.0424509,1.11813,-1.4463,-0.0968541,1.35137,-1.27689,0.0153863,0.20298,-1.63587,-0.0660094,0.344725,-1.77637,0.184129,1.01904,-1.59979,0.00290259,0.925188,-1.89149,-0.0911775,1.48227,-0.62361,-0.0638097,1.36937,-0.695036,-0.0611663,1.38617,-1.77049,1.6554,-3.62398,-12.4776,-0.0194939,0.623432,-0.642352,-0.0242658,0.868288,-0.541811,
4.71831,-6.34989,-8.53369,0.273469,-6.79199,1.22912,-4.90931,60,45.1917,2.16703,60,68.3353,0,0,0,0,0,0,0,0,0,0,0,0,0.0463264,1.13276,-1.47809,-0.0656127,1.23928,-1.47409,0.0153109,0.208302,-1.6362,-0.0656922,0.35428,-1.77642,0.168452,1.01608,-1.71483,0.0129524,0.828701,-1.87539,-0.0727598,1.49079,-0.805473,-0.0238397,1.50033,-0.522544,1.11033,-0.0374893,-2.49266,2.24867,-8.77208,-12.9449,0.0363479,0.191846,0.276706,0.0749205,0.414274,0.348996,
-2.50896,-5.57492,1.56486,0.977576,0.637135,14.6831,-3.00808,60,39.9623,3.55602,60,60.4344,0,0,0,0,0,0,0,0,0,0,0,0,0.0959789,1.09572,-1.57508,-0.00663931,0.987551,-1.70959,0.0174648,0.212702,-1.62558,-0.0624029,0.360985,-1.75903,0.119516,0.923532,-1.71466,0.0930126,0.648765,-1.64788,-0.0330795,1.38954,-0.885156,0.007994,1.46318,-0.62964,2.11305,-2.16421,-5.1343,2.50182,-10.7058,-6.27161,0.126751,0.309995,0.42281,0.175448,0.268179,0.93437,
-2.80328,-1.54543,3.94759,-2.32308,6.7088,5.6228,-0.55581,52.8429,43.6126,2.55082,55.1413,48.1271,0,0,0,0,0,0,0,0,0,0,0,0,0.12641,1.03174,-1.64902,0.0475078,0.781166,-1.73883,0.0197827,0.226871,-1.62092,-0.0590677,0.371439,-1.74231,0.0934958,0.889217,-1.64424,0.0901302,0.621744,-1.52148,0.014892,1.22055,-0.830303,-0.00604867,1.39777,-0.838745,0.551681,-3.49619,-2.04693,2.59295,-8.59832,3.51748,0.159343,1.00525,-0.0715191,0.202904,0.726017,0.871613,
0.305656,2.69712,1.57299,-3.21888,6.05567,0.557347,-1.60316,51.0683,40.9583,2.25524,45.6078,42.9643,0,0,0,0,0,0,0,0,0,0,0,0,0.120137,0.964182,-1.6553,0.0890865,0.660339,-1.64955,0.0206983,0.249541,-1.62476,-0.0573684,0.389776,-1.72825,0.0938908,0.893304,-1.61031,0.0964083,0.605342,-1.474,-0.00957345,1.22476,-0.889913,-0.0160057,1.25951,-0.933441,-0.971767,-3.66413,0.500886,2.01199,-5.04473,5.05451,-0.0343233,1.42703,-0.300915,0.0109468,1.23755,0.416679,
1.92804,2.43857,1.4257,-4.34967,3.81051,-0.455885,-1.55574,48.0856,42.6587,1.74749,40.6829,37.7834,0,0,0,0,0,0,0,0,0,0,0,0,0.0919994,0.902548,-1.64076,0.122984,0.596818,-1.5653,0.0189586,0.285581,-1.63447,-0.0580881,0.422304,-1.72302,0.0855347,0.880648,-1.58276,0.0797552,0.614069,-1.46209,-0.012615,1.21905,-0.877376,-0.0281375,1.21572,-1.03207,-1.26866,-2.02391,0.979997,1.09561,-1.58984,3.40685,-0.100446,1.80853,-0.565962,-0.0556728,1.64164,0.121535,
1.3566,2.44383,0.755151,-2.98307,-1.26673,8.34112,-4.57367,44.3726,47.7163,0.921533,36.0577,33.9175,0,0,0,0,0,0,0,0,0,0,0,0,0.0688254,0.875726,-1.61878,0.133407,0.60618,-1.55903,0.0183108,0.316572,-1.64503,-0.0580284,0.450067,-1.72132,0.0689958,0.898871,-1.56239,0.0847585,0.662341,-1.48486,-0.0639698,1.19023,-0.801421,-0.0389346,1.16491,-1.10112,-0.748459,-0.650454,1.30336,0.170791,2.41977,-2.36771,0.0267982,2.04376,-0.732013,0.0714581,1.8105,0.107439,
3.66134,1.01794,-0.56565,-0.241638,-2.60041,11.2903,-6.3433,39.7424,50.773,2.86824,26.7129,27.2232,0,0,0,0,0,0,0,0,0,0,0,0,0.054827,0.870938,-1.59535,0.133493,0.661972,-1.59817,0.0177364,0.369121,-1.6624,-0.0574577,0.49756,-1.71981,0.0896721,0.888089,-1.56101,0.124596,0.690525,-1.43651,-0.103133,1.16408,-0.75837,-0.00915514,1.05074,-1.22314,-0.969364,-0.041484,1.36348,-0.137606,2.31714,-1.33277,-0.169164,2.21136,-0.583959,-0.117551,2.06214,0.0519502,
3.67134,-2.57425,-1.23295,2.93121,-1.31387,14.4026,-8.22812,37.8014,47.6901,4.85814,17.1679,18.9259,0,0,0,0,0,0,0,0,0,0,0,0,0.0439189,0.910428,-1.5977,0.12498,0.717079,-1.62501,0.00988013,0.420122,-1.66915,-0.0639052,0.547156,-1.71664,0.094974,0.916944,-1.6159,0.162974,0.766698,-1.39287,-0.152644,1.17397,-0.80263,0.0136133,0.925822,-1.36426,-0.479619,1.62926,0.12863,-0.467519,2.24606,-0.9083,-0.394854,2.03344,-0.0174944,-0.330345,2.03263,0.252657,
2.69259,-1.68665,-5.15593,4.63784,0.928238,17.0544,-10.6511,36.0415,44.6832,5.4671,8.37306,9.89862,0,0,0,0,0,0,0,0,0,0,0,0,0.0380459,0.932781,-1.59413,0.117616,0.752091,-1.63678,0.00412941,0.451488,-1.66675,-0.0685502,0.578773,-1.71054,0.0852798,0.933349,-1.68382,0.18835,0.839428,-1.34686,-0.199308,1.16987,-0.84696,0.0234176,0.79453,-1.51547,-0.0526255,0.954385,0.124001,-0.415272,2.15295,-0.615923,-0.298841,1.92749,0.22502,-0.227149,1.94089,0.461069,
0.0784438,2.55579,-1.52411,6.57663,2.11844,19.6153,-11.1749,32.6789,39.984,5.69126,0.166662,1.67019,0,0,0,0,0,0,0,0,0,0,0,0,0.0440669,0.941279,-1.61551,0.109625,0.798886,-1.64659,-0.00110282,0.493888,-1.66068,-0.0722211,0.621247,-1.69923,0.0550381,0.994312,-1.71366,0.217605,0.907006,-1.3003,-0.211927,1.15236,-0.924504,0.0257911,0.688516,-1.65272,0.291651,0.200553,-2.15233,-0.354297,2.12675,-0.316271,-0.233572,1.96491,0.280902,-0.166994,1.96286,0.493357,
-1.11468,1.65406,-0.982988,6.53321,1.0378,22.2195,-9.39016,27.0257,37.4085,6.19409,-4.76964,-4.30301,0,0,0,0,0,0,0,0,0,0,0,0,0.0499504,0.942067,-1.6546,0.102381,0.845531,-1.6501,-0.00624268,0.538628,-1.65486,-0.0760026,0.665303,-1.68891,0.0304183,0.98565,-1.73427,0.211767,0.934008,-1.24685,-0.184309,1.10016,-0.968775,0.031122,0.646423,-1.75412,0.0224537,0.412786,-1.88832,-0.287227,2.1269,-0.0224524,-0.224152,2.14378,0.18134,-0.167907,2.07291,0.398054,
-0.307159,0.0977041,0.445406,6.08935,-0.649102,24.2989,-7.56759,21.9072,36.4564,3.95218,-4.64317,-3.62359,0,0,0,0,0,0,0,0,0,0,0,0,0.0451001,0.955725,-1.68691,0.0985027,0.883692,-1.64804,-0.00958432,0.579211,-1.65328,-0.0717433,0.699899,-1.69411,0.0226291,0.98438,-1.73151,0.203981,0.940658,-1.19891,-0.151942,1.0532,-0.988961,0.0361582,0.657024,-1.80248,-0.515973,0.821293,-1.61019,-0.160013,2.10124,0.22396,-0.145595,2.31234,0.0451056,1.10133,1.26946,-1.29794,
1.10193,-0.46192,1.10497,7.746,-5.66695,25.1656,-6.45327,15.5734,33.9914,-0.45743,-2.81562,0.223907,0,0,0,0,0,0,0,0,0,0,0,0,0.0287812,0.968865,-1.7086,0.0953058,0.929433,-1.63979,-0.0126141,0.631542,-1.65285,-0.0275874,0.702449,-1.73469,0.0200677,0.972969,-1.70537,0.230903,0.894021,-1.16567,-0.134716,0.994419,-1.03478,0.0424889,0.634381,-1.80267,-0.878428,0.382015,-0.515287,-0.160099,2.06629,0.506093,-0.145741,2.43603,0.00147012,2.39535,-0.515627,-2.20158,
1.20305,0.481466,2.12431,8.21599,-10.4295,25.2177,-7.34624,10.1785,32.1169,-2.68228,-1.67659,1.85348,0,0,0,0,0,0,0,0,0,0,0,0,0.0114521,0.971854,-1.70998,0.0921495,0.974048,-1.62518,-0.0152398,0.68625,-1.65314,0.0221596,0.678014,-1.76697,0.0132516,0.978859,-1.66109,0.23889,0.849015,-1.14013,-0.150281,0.953732,-1.07006,0.0411203,0.598724,-1.76238,-0.613376,-0.0534531,0.313741,-0.0806964,1.97372,0.811261,-0.0450074,2.51833,-0.0265125,2.06951,-1.49133,-0.889574,
-0.412055,6.80118,6.20483,8.58836,-11.4196,23.9562,-8.97063,6.73113,30.5478,-2.96101,1.66644,6.33,0,0,0,0,0,0,0,0,0,0,0,0,0.00255023,0.969652,-1.69867,0.0912127,1.00858,-1.60839,-0.0153374,0.731688,-1.65328,0.0518308,0.648746,-1.77271,-0.0181393,1.08748,-1.54597,0.246531,0.861919,-1.13902,-0.177544,0.936439,-1.09721,0.0392593,0.618638,-1.64415,-0.403261,-0.178094,1.21861,-0.0254813,1.86298,1.03285,0.0273616,2.51677,0.0201633,1.26088,-1.84577,0.411652,
-0.183438,5.86741,4.21954,6.93965,-10.6133,21.6207,-9.5846,5.16674,28.3121,-3.04592,4.0656,9.54623,0,0,0,0,0,0,0,0,0,0,0,0,-0.00677491,0.97192,-1.66417,0.0908823,1.04798,-1.58318,-0.0141253,0.786068,-1.65112,0.0686658,0.612485,-1.75053,-0.0301113,1.10408,-1.49386,0.216105,0.911898,-1.14953,-0.186786,0.959928,-1.13082,0.0228458,0.641444,-1.48851,-0.611146,0.778608,2.85967,-0.0291217,1.73809,1.23902,0.0490232,2.44195,0.169227,0.292119,-1.37381,2.70287,
-0.157431,0.69916,1.3511,1.6003,-7.99237,20.1322,-8.54875,5.74243,24.3428,-2.85707,4.08795,21.0532,0,0,0,0,0,0,0,0,0,0,0,0,-0.0284739,1.01458,-1.57846,0.0894584,1.08856,-1.55207,-0.0133407,0.84282,-1.64428,0.0658634,0.601271,-1.64649,-0.0607439,1.10201,-1.44288,0.118764,0.995285,-1.1447,-0.165928,1.01694,-1.18499,0.0148777,0.761825,-1.27719,-0.898565,2.28307,3.39209,0.00639762,1.59022,1.26304,0.0869296,2.13014,0.510133,0.0293682,2.63473,-0.412146,
-1.59856,-4.0778,3.34461,-0.779557,-6.33516,18.19,-5.56729,4.79843,19.839,-1.68675,9.28911,31.0333,0,0,0,0,0,0,0,0,0,0,0,0,-0.0407898,1.04969,-1.53181,0.0907167,1.1122,-1.53349,-0.011209,0.871518,-1.63123,0.0682391,0.648096,-1.66802,-0.0947082,1.03812,-1.37,0.0802503,1.04231,-1.16702,-0.107849,1.0086,-1.23548,0.0417638,0.897981,-1.12228,-0.759419,1.91164,3.08588,0.113279,1.38396,1.09208,0.140045,1.52284,1.07073,0.128115,2.47475,-0.565346,
-4.18222,-8.6855,4.73605,-2.51078,-11.556,14.8125,-4.45521,0.74046,8.89544,-0.559878,11.4048,31.9867,0,0,0,0,0,0,0,0,0,0,0,0,-0.0585632,1.07127,-1.45426,0.0951531,1.13911,-1.51081,-0.00688173,0.89561,-1.59901,0.071811,0.690558,-1.66354,-0.163504,0.914468,-1.24172,0.0597309,0.964546,-1.20794,-0.0781325,0.934531,-1.38014,0.0697657,0.948583,-1.05864,-0.883057,0.0341934,3.8633,0.31253,1.08625,1.02515,0.29801,0.77789,1.74566,0.248551,1.54815,0.712837,
-8.1156,-12.5131,14.5083,-1.67345,-17.6032,10.8253,-2.25018,-0.39956,-3.21148,3.62017,13.6778,31.2491,0,0,0,0,0,0,0,0,0,0,0,0,-0.0551597,1.09425,-1.44329,0.0995898,1.15689,-1.49184,-0.00292757,0.904778,-1.56228,0.0747615,0.714047,-1.64519,-0.198681,0.901723,-1.15087,0.0735631,0.866359,-1.2571,-0.0405803,0.908626,-1.54599,0.141999,1.00187,-1.03826,0.123301,1.06882,0.875058,0.134432,0.902158,1.1583,0.0996032,0.339552,2.28186,0.0432799,1.1958,1.18439,
-9.55981,-16.4186,14.8423,-2.08992,-19.3942,6.14129,-0.586556,-3.7218,-6.25318,5.34491,12.5781,24.3237,0,0,0,0,0,0,0,0,0,0,0,0,-0.054042,1.11351,-1.41665,0.100643,1.17347,-1.461,-0.0053693,0.912503,-1.51937,0.0736426,0.738214,-1.61494,-0.224949,0.840049,-1.09924,0.0650368,0.84055,-1.29432,-0.0329546,0.864748,-1.62176,0.170057,1.00141,-1.12303,0.0888558,0.765665,1.4529,0.0730972,0.602131,1.68107,-0.517021,0.608485,0.345434,-0.0234067,1.05437,1.51743,
-9.22619,-21.4066,13.2924,-1.32083,-22.16,4.14956,1.29673,-3.71197,-2.55694,4.3646,8.09799,16.5268,0,0,0,0,0,0,0,0,0,0,0,0,-0.0514927,1.12783,-1.37858,0.102578,1.18325,-1.4166,-0.0248532,0.918088,-1.5489,0.0739976,0.761806,-1.57976,-0.216973,0.756401,-1.07217,0.0796881,0.79181,-1.26717,-0.0328903,0.838946,-1.66822,0.153081,0.946111,-1.22697,0.0693188,0.543474,1.97794,0.0343863,0.350315,2.2606,-0.965985,-0.356023,-2.22538,-0.00834605,1.13265,1.598,
-8.23911,-25.0792,9.00234,-0.410558,-25.5033,2.991,1.76137,-2.98823,-1.39914,4.2331,2.8252,9.05267,0,0,0,0,0,0,0,0,0,0,0,0,-0.0514788,1.13701,-1.32879,0.101718,1.18894,-1.36131,-0.0421675,0.894517,-1.59541,0.0728511,0.788755,-1.5456,-0.203557,0.691099,-1.08276,0.0905887,0.731513,-1.21805,-0.0312826,0.791165,-1.69519,0.146372,0.883401,-1.33236,-0.0695636,0.307888,2.51654,-0.111966,0.191577,2.71583,-0.645946,-1.49783,-2.27153,-0.10524,1.3224,1.48656,
-6.04594,-27.0503,4.92298,0.166836,-29.3334,3.20744,1.6914,-5.02003,-2.62149,2.74965,-4.63672,-2.35019,0,0,0,0,0,0,0,0,0,0,0,0,-0.0535703,1.1409,-1.27991,0.0988686,1.19128,-1.30944,-0.050162,0.861792,-1.63129,0.0703964,0.813872,-1.51984,-0.16799,0.653933,-1.09685,0.0960613,0.660529,-1.15263,-0.0281177,0.700943,-1.74077,0.1157,0.776965,-1.51708,-0.137292,0.148282,2.85842,-0.178466,0.0788531,3.00967,-0.266092,-2.12594,-1.88895,-0.143299,1.44823,1.38986,
-1.84397,-28.8798,-0.424353,1.41963,-34.508,6.20568,2.15171,-7.38713,-2.46199,-2.97347,-12.0987,-16.0225,0,0,0,0,0,0,0,0,0,0,0,0,-0.0573331,1.14234,-1.21378,0.0943069,1.1918,-1.2405,-0.0523218,0.800973,-1.67539,0.074031,0.83575,-1.50197,-0.097889,0.617302,-1.11954,0.112102,0.564264,-1.0228,-0.0138763,0.556163,-1.79016,0.0403202,0.620176,-1.789,-0.21478,0.00142801,3.11523,-0.244933,-0.00346386,3.20427,-0.0206713,-3.37633,-2.13919,0.621877,0.134513,0.131057,
0.79751,-31.719,-1.48558,2.80189,-39.0868,6.91742,-0.862261,-13.5716,-0.436301,-6.1095,-16.458,-16.367,0,0,0,0,0,0,0,0,0,0,0,0,-0.0622455,1.14173,-1.15627,0.0890143,1.19188,-1.1824,-0.0520422,0.740568,-1.7066,0.0880514,0.825216,-1.51141,-0.0568449,0.563437,-1.07741,0.130334,0.480681,-0.949294,-0.0633814,0.37472,-1.7689,0.0015207,0.487156,-1.91343,-0.278043,-0.0485213,3.23503,-0.294056,-0.0160899,3.27955,0.132559,-3.6389,-1.66112,0.750172,-1.18627,-3.19113,
-0.317266,-36.7521,2.79538,-0.857254,-45.9889,7.71775,-4.381,-17.9691,8.15722,-1.6032,-18.4807,9.75617,0,0,0,0,0,0,0,0,0,0,0,0,-0.0654363,1.13982,-1.07785,0.0855559,1.18829,-1.09959,-0.0478917,0.603603,-1.73411,0.0878628,0.72938,-1.69043,-0.0703341,0.467777,-0.918106,0.070538,0.342049,-0.839038,-0.129658,0.0355275,-1.60107,0.0330615,0.169614,-1.76353,0.0266046,-0.116667,3.32799,0.0173732,-0.308035,3.67358,-0.0645317,-7.37505,-0.466589,-0.783817,-6.83693,-7.65374,
-0.56552,-39.5031,5.17178,-3.31867,-49.7273,6.46933,-3.99944,-12.489,12.6756,3.11547,-13.192,14.596,0,0,0,0,0,0,0,0,0,0,0,0,-0.0617206,1.13416,-0.99872,0.0889501,1.17565,-1.00893,-0.0540579,0.469791,-1.71931,0.0698577,0.589785,-1.76224,-0.0651762,0.400498,-0.774339,0.0346811,0.243982,-0.751729,-0.153903,-0.099873,-1.36307,0.0844377,-0.0133212,-1.51515,0.208591,-0.471393,3.98288,0.185486,-0.841476,4.26497,-0.828902,-10.4681,3.84305,-1.28532,-11.0993,-0.558954,
1.06905,-28.5621,-2.39194,-9.73788,-27.2307,-32.5931,3.66386,12.8685,23.1382,9.80545,11.9908,26.9105,0,0,0,0,0,0,0,0,0,0,0,0,-0.0569584,1.11919,-0.912591,0.0930309,1.15285,-0.910218,-0.0941378,0.183934,-1.54718,0.0566153,0.28635,-1.65953,-0.0277118,0.563405,-0.775748,-0.0756376,0.605283,-1.29693,-0.100392,0.033654,-0.84049,0.244735,0.0902779,-0.937737,0.299729,-1.11447,5.51014,0.256173,-1.60297,6.29103,-2.22658,-11.7411,8.73866,0.300628,-12.6526,7.10451,
6.65791,5.04163,-44.7057,-3.94527,3.51381,-42.3744,4.18736,50.4092,34.8341,-8.25322,60,54.3043,0,0,0,0,0,0,0,0,0,0,0,0,-0.0511678,1.09124,-0.782937,0.082074,1.15001,-0.88899,-0.129876,-0.0181418,-1.26503,0.087482,0.0632556,-1.38535,0.0770793,1.14196,-1.40475,-0.0316176,1.26443,-1.7728,-0.0781565,0.6889,-0.0949091,0.0192707,0.931536,0.160139,0.21982,-1.25106,5.83664,-1.28209,1.54409,-3.46382,-0.745998,-6.40107,16.4015,2.50089,-7.41686,17.0541,
11.7924,-3.77712,-17.9416,-8.73256,-8.3017,-15.5194,2.00317,47.4516,52.8261,-10.9778,53.3587,73.9902,0,0,0,0,0,0,0,0,0,0,0,0,-0.0452006,1.10616,-0.769562,0.0529623,1.18484,-1.04535,-0.135324,-0.0398072,-1.09918,0.144128,0.0204583,-1.15289,0.195381,1.22927,-1.65075,-0.138459,1.19066,-2.02703,-0.0919624,0.953706,-0.328231,-0.0319109,1.14304,-0.0394711,0.799758,5.86022,-16.9576,-0.997568,4.78999,-21.3739,0.212079,3.99534,-5.79118,0.719827,4.65725,-7.08443,
6.65864,-7.02753,-7.92636,-5.51974,-10.7499,-1.45509,2.96747,60,47.9886,-13.0649,60,63.8537,0,0,0,0,0,0,0,0,0,0,0,0,-0.00152457,1.19065,-1.14678,0.0179415,1.239,-1.46698,-0.128489,0.000985053,-1.15057,0.153618,0.0667816,-1.218,0.249964,1.13936,-1.89771,-0.189851,1.04352,-2.16473,-0.0596449,1.15105,-0.319251,-0.070172,1.2368,-0.0885104,3.98512,2.3371,-18.5416,-3.28269,-0.000571898,-20.5119,0.454966,1.35238,-1.25882,0.420219,1.26622,-0.962076,
1.16597,-12.9141,-4.55315,-0.398639,-12.9993,2.25552,9.91009,60,53.2866,-13.3389,60,56.2841,0,0,0,0,0,0,0,0,0,0,0,0,0.11256,1.18741,-1.52198,-0.0820551,1.15505,-1.83952,-0.118689,0.0247778,-1.16057,0.159155,0.080793,-1.21624,0.288705,0.89592,-2.07917,-0.227099,0.738687,-2.20909,0.0719692,1.18907,-0.197881,-0.0763196,1.45146,-0.17496,4.73446,-1.73217,-14.4958,-4.21043,-5.50037,-12.5456,0.320074,0.970037,-0.188091,0.215433,0.614219,0.548097,
-3.39195,-11.3547,4.59038,5.01465,-10.3101,6.85542,12.3694,60,46.6543,-15.2772,60,48.0329,0,0,0,0,0,0,0,0,0,0,0,0,0.194174,1.10339,-1.75895,-0.154054,1.00223,-2.00761,-0.113742,0.0419832,-1.15669,0.160886,0.0959499,-1.19599,0.266423,0.675519,-2.05877,-0.176567,0.48212,-2.11756,0.11864,1.29689,-0.29524,-0.117892,1.44785,-0.287749,4.09204,-6.76563,-11.7115,-3.47382,-10.1645,-7.16831,0.228676,0.988139,0.402949,-0.030903,0.66849,1.06681,
-5.75232,-6.77704,1.25871,3.32656,-6.8691,6.32641,13.4,59.9621,42.582,-14.1125,60,43.8505,0,0,0,0,0,0,0,0,0,0,0,0,0.252038,0.910697,-1.92483,-0.192851,0.759297,-2.08434,-0.110652,0.0724867,-1.15065,0.157791,0.119604,-1.17688,0.187644,0.465168,-2.05138,-0.141293,0.258141,-1.99413,0.135,1.22268,-0.37565,-0.106266,1.55996,-0.361483,1.22813,-9.84837,-4.56607,-0.272693,-11.4969,-0.758454,0.0615621,1.83241,0.0238624,-0.228136,1.53212,0.553558,
-5.69025,-7.03651,3.57299,1.88256,-8.33655,12.07,12.4274,52.0849,38.2728,-13.1925,60,42.0873,0,0,0,0,0,0,0,0,0,0,0,0,0.252812,0.755287,-1.98646,-0.179056,0.584368,-2.08944,-0.111039,0.113852,-1.15565,0.152253,0.155953,-1.1737,0.12039,0.362594,-2.00238,-0.103061,0.138168,-1.83539,0.111959,1.14874,-0.477353,-0.099712,1.5096,-0.413472,-0.884955,-8.08978,-2.4714,1.2762,-9.00249,1.05732,-0.0903069,2.68562,-0.537085,-0.369764,2.43155,-0.152538,
-1.77732,-0.985527,5.53588,0.505061,-1.25671,6.2013,11.7139,39.4162,33.3888,-11.0241,59.0468,40.3452,0,0,0,0,0,0,0,0,0,0,0,0,0.201904,0.566571,-2.00215,-0.141832,0.373678,-1.98369,-0.115412,0.185796,-1.17606,0.142188,0.223632,-1.18846,0.0606706,0.270517,-1.88727,-0.0643801,0.0423304,-1.64953,0.0884729,1.0249,-0.609806,-0.075072,1.41516,-0.490692,-3.32806,-8.49858,0.434631,2.08599,-9.42633,6.76514,-0.27789,3.7415,-1.24701,-0.514001,3.60397,-1.09325,
2.38952,1.72923,6.28998,-0.250269,0.975826,5.21389,9.42529,32.5722,29.946,-11.2171,45.7035,39.8499,0,0,0,0,0,0,0,0,0,0,0,0,0.11641,0.393418,-1.95837,-0.100792,0.228443,-1.86852,-0.120799,0.259959,-1.2028,0.133057,0.296178,-1.21339,0.0447194,0.22113,-1.73876,-0.0302887,0.00101405,-1.51846,0.0407908,0.996026,-0.712218,-0.0867051,1.26914,-0.540259,-3.51807,-6.22502,3.21574,2.2933,-7.49134,7.79959,-0.298816,4.3953,-1.64679,-0.483221,4.33843,-1.57089,
2.91491,0.217651,7.1564,-1.50602,4.08933,2.33736,8.07847,26.7176,28.6665,-9.96465,35.7759,38.2948,0,0,0,0,0,0,0,0,0,0,0,0,0.0688579,0.305664,-1.87929,-0.0525713,0.0941862,-1.69938,-0.125971,0.360228,-1.23863,0.124434,0.395187,-1.2464,0.0398372,0.152011,-1.56178,-0.0122401,0.00589925,-1.41558,0.0154191,0.995763,-0.766183,-0.066796,1.19284,-0.592456,-2.50614,-4.81586,5.72597,2.06902,-4.9695,7.373,-0.16777,4.57599,-1.48983,-0.307219,4.4971,-1.29317,
1.99121,1.50117,1.12962,-1.15715,2.57014,0.00533199,7.2946,18.8939,17.2343,-9.51147,27.0949,26.4808,0,0,0,0,0,0,0,0,0,0,0,0,0.0316666,0.220766,-1.74426,-0.0154346,0.0194803,-1.56669,-0.127999,0.45715,-1.26316,0.119551,0.489692,-1.26494,0.0353121,0.132748,-1.4838,0.00644597,-0.00829387,-1.38015,0.0035995,0.938651,-0.974489,-0.058525,1.11573,-0.797213,-0.994838,-3.52343,7.33113,1.31143,-2.27651,5.69701,-0.0315019,4.21592,-0.754232,-0.157049,4.07636,-0.419801,
-0.803168,5.63577,6.19726,0.905774,3.53643,3.93095,4.92015,10.7705,9.44434,-9.34605,18.3665,20.8524,0,0,0,0,0,0,0,0,0,0,0,0,0.0180702,0.163958,-1.61987,0.00160225,-0.00255788,-1.4925,-0.128017,0.528227,-1.26891,0.117233,0.557868,-1.26409,-0.00327481,0.209862,-1.35888,0.04168,0.0414466,-1.31137,-0.0380689,0.84994,-1.10124,-0.0561533,1.01127,-0.874961,-0.206003,-1.72836,4.53149,0.72139,-0.620101,3.35079,0.0149807,3.8465,-0.123534,-0.105651,3.65032,0.30549,
-3.69228,-5.3012,26.9557,2.54068,1.30488,28.1682,3.31601,-4.2192,7.8366,-6.48396,7.5617,9.76253,0,0,0,0,0,0,0,0,0,0,0,0,0.0161056,0.188195,-1.59125,0.00940598,0.0586247,-1.51515,-0.126802,0.615345,-1.26884,0.116011,0.639205,-1.25556,-0.0516244,0.31186,-1.28763,0.0547653,0.306234,-1.21528,-0.0644668,0.673211,-1.12586,-0.00275483,0.898847,-1.06354,-0.0182633,6.72378,-5.69821,-0.0255072,6.8409,-6.48622,0.0624521,4.11214,0.0150718,-0.026741,3.73256,0.443733,
-3.75261,-5.97363,29.0979,6.37027,3.0528,29.1837,4.27271,-11.9425,4.86031,-2.52833,-4.93257,0.257807,0,0,0,0,0,0,0,0,0,0,0,0,0.0137974,0.332467,-1.68962,0.00704147,0.204199,-1.6286,-0.12878,0.703993,-1.26688,0.112551,0.722414,-1.23951,-0.0652569,0.43167,-1.27124,0.111877,0.471999,-1.23528,-0.0602673,0.615645,-1.16629,0.0574857,0.756588,-1.21569,-0.330765,6.34986,-3.38182,-0.335722,6.48679,-4.19509,-0.280283,3.93518,0.37327,-0.277911,3.78453,0.584365,
-4.62167,-5.75383,24.965,10.435,-0.142052,30.8248,2.72673,-17.8942,3.65243,-1.09902,-14.1811,-12.8333,0,0,0,0,0,0,0,0,0,0,0,0,0.00360903,0.477551,-1.74533,-0.00327538,0.354378,-1.70464,-0.137229,0.793918,-1.24963,0.10469,0.810024,-1.21919,-0.0925025,0.561937,-1.34188,0.174247,0.549492,-1.22147,-0.0975582,0.587299,-1.1534,0.0765207,0.667746,-1.41821,-0.369147,5.77505,-1.5415,-0.372932,6.04072,-2.36129,-0.302694,3.62789,0.911287,-0.250154,3.531,1.04865,
-2.86524,-5.06024,16.4572,12.5451,2.85234,38.3932,-2.12726,-18.4026,8.75218,-1.60601,-14.619,-15.7423,0,0,0,0,0,0,0,0,0,0,0,0,-0.00128799,0.576218,-1.76269,-0.00819413,0.458217,-1.73565,-0.141328,0.855807,-1.22918,0.101362,0.867274,-1.21673,-0.0589785,0.655768,-1.48194,0.214374,0.691134,-1.07923,-0.18537,0.62851,-1.02743,0.0683369,0.674826,-1.59249,-0.170966,5.24192,-0.564428,-0.168777,5.53227,-1.27244,-0.163911,3.27849,1.30239,-0.116868,2.24131,-2.73569,
-1.73052,-5.43185,4.83091,9.57204,5.3952,41.7657,-3.70589,-19.2305,6.78382,-1.98403,-15.7646,-17.656,0,0,0,0,0,0,0,0,0,0,0,0,-0.00203427,0.682941,-1.76438,-0.00885731,0.571304,-1.75084,-0.142552,0.920389,-1.193,0.100085,0.90107,-1.27671,-0.0315745,0.732736,-1.66731,0.167306,0.827032,-1,-0.20979,0.656704,-1.00543,0.0661716,0.708708,-1.71259,0.058786,4.53921,0.282264,0.0649791,4.81656,-0.260918,0.00431162,2.6266,1.96256,0.0660094,2.88039,-3.50974,
-0.704944,-7.22383,-1.98052,9.38585,5.45531,37.4084,-8.18291,-20.0992,3.78237,-3.30307,-9.31644,-2.54228,0,0,0,0,0,0,0,0,0,0,0,0,0.0014916,0.75959,-1.75472,-0.00520629,0.652279,-1.7487,-0.140363,0.96253,-1.15275,0.100246,0.902607,-1.41871,-0.000925158,0.76223,-1.76971,0.176001,0.891456,-1.05501,-0.28031,0.667942,-1.00557,0.0394353,0.664792,-1.77371,0.31779,4.0939,0.642253,0.322531,4.27745,0.413373,0.269899,2.16489,2.39574,-0.0230634,-2.09077,-9.4348,
0.284166,-8.01634,-2.62833,9.1668,3.23565,30.4863,-11.3099,-23.7478,3.1637,-1.60187,-4.55257,0.739977,0,0,0,0,0,0,0,0,0,0,0,0,0.00712206,0.822437,-1.74466,0.00403653,0.740688,-1.73247,-0.131245,1.00602,-1.09609,0.0935611,0.801687,-1.59115,0.0143427,0.710248,-1.78911,0.186062,0.925157,-1.14681,-0.321231,0.635691,-0.95077,0.0461688,0.528212,-1.79039,0.0627605,1.02553,0.101847,0.469216,3.83898,0.958122,0.478131,1.87768,2.68261,-0.558171,-5.827,-6.49899,
-1.05675,-6.13526,5.52906,5.87919,1.69121,25.3221,-9.81489,-26.7414,-0.814126,1.16864,-2.79204,5.28992,0,0,0,0,0,0,0,0,0,0,0,0,0.00640288,0.807046,-1.75186,0.0148088,0.82112,-1.70846,-0.120378,1.04301,-1.03216,0.0805828,0.665378,-1.69319,-0.0137385,0.631369,-1.67398,0.13661,0.96681,-1.21287,-0.284516,0.601936,-0.941367,0.083972,0.400857,-1.70543,-0.0283495,-1.95943,-0.692035,0.455495,3.51207,1.075,0.437384,1.37903,3.2264,-0.545682,-6.53146,-3.31287,
-2.3582,6.33271,16.9208,7.89341,0.743111,15.0233,-9.64797,-33.1356,1.14548,3.97237,1.23987,10.7552,0,0,0,0,0,0,0,0,0,0,0,0,0.00559076,0.762788,-1.74959,0.0213287,0.875804,-1.6918,-0.114372,1.06087,-0.975868,0.0747227,0.564743,-1.72479,-0.0405242,0.758594,-1.38095,0.175846,0.998936,-1.38694,-0.279586,0.485723,-0.830234,0.141171,0.374236,-1.5351,-0.0989569,-3.64632,1.8634,0.336144,3.34953,0.968845,0.311781,0.834809,3.81353,-0.1765,-6.50985,-0.178948,
-0.604415,-12.9662,25.7684,13.8967,-6.25243,13.4394,-4.82919,-26.5606,-12.6316,1.73186,8.09455,9.69515,0,0,0,0,0,0,0,0,0,0,0,0,0.00279501,0.828413,-1.7564,0.020971,0.954106,-1.67175,-0.11376,1.06626,-0.867861,0.0787394,0.428851,-1.68735,-0.0231191,0.722684,-1.30348,0.259151,0.945188,-1.40512,-0.214497,0.567654,-0.922106,0.125021,0.416452,-1.36886,-0.456034,3.97283,-0.476531,-0.442637,3.20109,0.680705,-0.395209,-0.479406,5.36006,0.452013,-4.8758,4.34541,
-4.21203,-19.1761,26.6628,10.9895,-6.54527,5.35909,2.64181,-20.0838,-26.2024,-0.986402,11.1914,7.31552,0,0,0,0,0,0,0,0,0,0,0,0,-0.010039,0.911251,-1.75739,0.00825781,1.02207,-1.6537,-0.128016,1.05383,-0.751628,0.0973603,0.360649,-1.55978,-0.100526,0.682887,-1.2635,0.194054,0.999487,-1.51929,-0.103373,0.695091,-1.08168,0.115322,0.516594,-1.20082,-0.424862,3.6756,0.278514,-0.428173,2.94607,1.12972,-0.71469,0.196202,4.47189,1.09684,-1.45249,6.90424,
-10.2861,-24.2736,28.4087,3.00315,-5.34684,-2.46193,8.57422,-9.65653,-29.6946,1.97243,14.5562,28.2828,0,0,0,0,0,0,0,0,0,0,0,0,-0.0161847,0.975423,-1.7471,0.00198487,1.07298,-1.62904,-0.139427,1.07336,-0.732924,0.114764,0.36965,-1.46082,-0.209616,0.646552,-1.2086,0.0497007,1.06315,-1.62618,0.00310621,0.973828,-1.35625,0.152712,0.784079,-1.03196,-0.195894,3.43648,0.671413,-0.210431,2.66989,1.45514,-0.40826,2.3235,-2.54897,0.0637154,4.57635,-2.60837,
-12.7173,-24.6616,26.3356,-0.0490603,-12.8928,-11.9103,7.14737,-8.13586,-12.3007,11.0138,24.5348,43.5888,0,0,0,0,0,0,0,0,0,0,0,0,-0.0182561,1.04472,-1.73135,0.00226607,1.12235,-1.60244,-0.128821,1.14092,-0.92398,0.112601,0.476631,-1.54773,-0.255338,0.690292,-1.22567,-0.00159528,0.958927,-1.78169,0.0557022,1.06971,-1.65096,0.3059,1.06301,-0.848733,-0.179007,2.87127,0.820483,-0.09073,2.16905,1.13973,1.66743,2.34394,-15.3796,-0.21241,4.28673,-2.8577,
-9.80649,-24.2739,30.3433,-1.09133,-18.1701,-16.9103,3.01263,-10.1988,-14.8376,14.3034,27.4395,44.8241,0,0,0,0,0,0,0,0,0,0,0,0,-0.0226915,1.09157,-1.71561,0.000115787,1.15072,-1.60598,-0.0956689,1.20226,-1.10398,0.107483,0.546069,-1.58779,-0.207534,0.729639,-1.13404,-0.0213728,0.829217,-2.00878,0.0515754,1.0962,-1.90747,0.360376,1.16276,-0.832182,-0.199904,2.42655,0.912917,-0.0503035,0.270664,-2.91324,2.82544,2.42519,-16.3081,-0.219022,3.59926,-1.81437,
-7.14458,-25.2443,31.666,-0.717818,-15.0864,-12.5734,-2.66259,-5.49497,-12.7588,19.3368,24.1634,41.2799,0,0,0,0,0,0,0,0,0,0,0,0,-0.0281485,1.13853,-1.69094,-0.000180564,1.09421,-1.69208,-0.0214209,1.1697,-1.40324,0.101718,0.618666,-1.61692,-0.168721,0.741401,-1.07023,-0.0118249,0.678233,-2.06348,0.0298602,0.946997,-1.98849,0.441858,1.16026,-0.899254,-0.326054,1.89015,1.37392,0.0429879,-4.32917,-4.3631,3.04614,-3.75201,-10.7946,-0.349526,3.12462,-1.00459,
-7.36108,-25.3844,27.7017,-1.12339,-3.03654,3.08611,-0.999356,-4.13941,3.33296,13.506,13.0042,36.67,0,0,0,0,0,0,0,0,0,0,0,0,-0.033057,1.17817,-1.64804,0.0069733,0.927553,-1.87164,0.0209824,1.07149,-1.71973,0.0955072,0.6927,-1.63467,-0.168933,0.764076,-1.074,3.20747e-05,0.570016,-2.03802,0.0386073,0.81242,-2.01426,0.336843,1.02948,-0.984325,-0.0622891,1.44949,2.15048,0.412011,-9.23778,-6.79814,1.09373,-5.61641,-10.8512,-0.129165,3.06597,-0.500464,
-8.4728,-23.7875,19.3695,-1.4333,0.882295,6.04533,2.03743,-3.70845,5.51394,10.9882,9.1107,34.497,0,0,0,0,0,0,0,0,0,0,0,0,-0.0330676,1.19872,-1.60869,0.0150704,0.778785,-1.94946,0.0306191,0.975414,-1.84632,0.094351,0.742097,-1.6404,-0.187002,0.803692,-1.16926,0.0052855,0.493096,-1.94727,0.0760553,0.697828,-1.94757,0.291551,1.00759,-1.02048,0.0035615,1.14487,2.66629,0.497293,-9.21956,-3.29143,0.256422,-6.42155,-6.15704,-0.0790009,3.05082,-0.223029,
-9.08605,-25.0481,10.1822,-1.11289,0.259725,6.79419,2.59897,-1.0313,6.11281,9.40279,6.57568,29.6644,0,0,0,0,0,0,0,0,0,0,0,0,-0.032506,1.22135,-1.5394,0.025083,0.587857,-1.96861,0.0349137,0.815157,-1.9195,0.0928669,0.811948,-1.6391,-0.195747,0.792435,-1.25689,0.0155419,0.378312,-1.81581,0.0919125,0.581857,-1.83281,0.263229,1.02131,-1.08958,0.059886,0.809909,2.97551,0.326737,-6.54707,0.894375,0.297758,-6.55567,-0.747161,-0.0182784,2.74411,0.310722,
-7.38214,-25.9068,7.74133,0.060701,-4.58228,11.2597,1.40135,-2.50801,8.05842,7.77004,3.66314,25.2269,0,0,0,0,0,0,0,0,0,0,0,0,-0.0309764,1.2331,-1.49159,0.0292905,0.502656,-1.94317,0.0399861,0.722346,-1.9151,0.0932692,0.853307,-1.63079,-0.161277,0.784409,-1.25445,0.0338968,0.252202,-1.6287,0.0825723,0.487329,-1.70165,0.236664,0.99922,-1.14927,0.119771,0.682754,2.94515,0.107023,-5.10705,3.35319,0.52272,-5.78772,2.04511,0.0648313,2.4234,0.698285,
-5.82082,-29.7926,4.71504,0.905808,-1.97787,15.1498,-0.112074,-0.54118,8.95734,4.06536,-0.308982,19.1313,0,0,0,0,0,0,0,0,0,0,0,0,-0.0276292,1.2479,-1.42379,0.0298699,0.392346,-1.83228,0.0516318,0.59979,-1.83976,0.0957788,0.903801,-1.60654,-0.128392,0.724615,-1.24939,0.0457372,0.195554,-1.33127,0.0628345,0.429705,-1.5229,0.173841,0.957088,-1.21659,0.154932,0.56205,2.70963,-0.0183919,-4.91427,6.89194,0.404568,-4.89637,4.70577,0.126702,1.79989,1.28679,
-2.46766,-29.8802,-3.64596,1.41089,9.01906,16.9152,-2.04516,6.50709,7.17688,-0.0691506,-3.13183,14.1416,0,0,0,0,0,0,0,0,0,0,0,0,-0.0254244,1.25878,-1.36599,0.0301217,0.281707,-1.62736,0.0541922,0.500463,-1.70655,0.0972325,0.936921,-1.57308,-0.0697828,0.729483,-1.34738,0.0568257,0.28166,-0.934853,0.01181,0.481046,-1.3346,0.0950172,0.922091,-1.26095,0.0155267,0.427038,2.5939,0.0321254,-5.01204,11.7627,-0.158811,-4.20834,7.37788,-0.0292728,1.28676,1.68101,
-7.50631,-25.6698,-8.25719,-3.48543,3.58107,51.2704,-6.85368,8.67266,6.03756,-5.75389,-1.77889,10.3651,0,0,0,0,0,0,0,0,0,0,0,0,-0.0199197,1.26526,-1.31715,0.0371009,0.332564,-1.67124,0.0506095,0.446753,-1.58251,0.101227,0.957333,-1.53901,-0.136134,0.808059,-1.37308,-0.00329516,0.523719,-0.859985,-0.0797566,0.539727,-1.21373,0.0132916,0.959828,-1.2835,0.619174,0.2909,2.87837,0.702025,3.85136,-3.69515,-0.175807,-1.97729,7.9141,0.509684,1.06453,2.04874,
2.14252,-12.7218,-15.8801,7.93171,15.1395,46.6563,-15.5545,13.9767,25.7591,-8.90502,-5.49448,8.39146,0,0,0,0,0,0,0,0,0,0,0,0,-0.00418953,1.26728,-1.24521,0.0534401,0.413726,-1.72677,0.0429598,0.455607,-1.47015,0.11519,0.983459,-1.4946,0.0480267,1.03046,-1.41438,0.207856,0.808362,-0.939729,-0.225608,0.829761,-1.08626,-0.0328163,0.929642,-1.2825,0.405204,-0.168427,3.65341,0.31176,3.64752,-1.87178,0.435178,3.66764,-2.58054,0.42482,1.4081,1.81907,
2.62872,-8.66776,-13.4037,11.9785,16.3844,46.0507,-17.6078,11.8945,36.4713,-7.31887,-3.90147,-6.34689,0,0,0,0,0,0,0,0,0,0,0,0,-4.40126e-05,1.26811,-1.2166,0.0526483,0.491592,-1.7574,0.0470368,0.524933,-1.50196,0.119938,1.01453,-1.4548,0.0574852,1.12381,-1.52637,0.267208,0.902355,-0.953301,-0.269695,0.838612,-0.870499,-0.00883734,0.988905,-1.50923,0.29744,0.406198,-2.01854,-0.0987017,3.44863,-1.01393,0.104196,2.97658,-0.967283,0.131222,1.38449,1.86275,
2.10814,-6.94109,-14.7354,20.0361,15.3699,48.0409,-16.5186,10.022,44.6646,-4.35542,-4.6441,-14.6875,0,0,0,0,0,0,0,0,0,0,0,0,0.00640828,1.27163,-1.26468,0.0485751,0.55253,-1.7696,0.0459032,0.578853,-1.51674,0.113572,1.03894,-1.43698,0.0510167,1.15192,-1.69577,0.398446,0.942248,-0.910692,-0.263675,0.860182,-0.728198,-0.00831493,0.987602,-1.72891,0.191844,0.198358,-4.98589,-0.44065,3.36925,-0.44499,-0.282335,3.02839,-0.719474,-1.30466,1.01139,-0.760411,
0.51952,-1.27995,-4.84663,20.785,10.373,38.5304,-16.2946,4.17165,44.7423,-0.386827,-4.15873,-5.33236,0,0,0,0,0,0,0,0,0,0,0,0,0.0128121,1.23789,-1.46507,0.0358102,0.630996,-1.76939,0.0371984,0.65196,-1.53015,0.066578,1.04464,-1.54357,0.0345495,1.12701,-1.84503,0.400091,0.921903,-1.05444,-0.267192,0.826905,-0.729871,-0.00201252,0.954092,-1.86991,0.375575,-2.67689,-8.9174,-0.416446,3.12603,0.439888,-0.248252,3.02794,-0.404014,-1.88092,-0.456423,-7.00906,
0.897233,-0.870903,-4.36745,20.2281,9.68883,31.5798,-16.4519,5.12346,39.6991,-0.517537,-3.57066,-5.31895,0,0,0,0,0,0,0,0,0,0,0,0,0.0178841,1.18579,-1.58806,0.0311056,0.678709,-1.75776,0.0351699,0.698961,-1.53344,0.0407959,1.02279,-1.64313,0.036274,1.06549,-1.94013,0.390882,0.948632,-1.156,-0.266425,0.883248,-0.811168,-0.00873266,0.899459,-1.96528,0.0634513,-3.19194,-8.33121,-0.244674,2.86496,0.842715,-0.0754593,2.78463,0.0143524,-1.22585,-1.7848,-6.8886,
1.48219,-1.95213,0.307491,18.0684,7.22508,28.2931,-13.5906,3.68906,31.9342,-1.01165,-1.96336,-0.285002,0,0,0,0,0,0,0,0,0,0,0,0,0.0153739,1.11423,-1.76284,0.0270915,0.738087,-1.73741,0.0342248,0.754684,-1.52552,0.0242562,0.967574,-1.79574,0.0389173,0.967232,-1.98773,0.351379,0.954271,-1.19185,-0.214133,0.899416,-0.925599,-0.0112267,0.830643,-2.01336,-0.10406,-3.40706,-7.04264,-0.129231,2.59168,0.951361,-0.0383557,2.37291,0.589633,-0.522171,-3.09323,-6.49114,
2.23432,-2.1288,-0.336021,12.818,3.24996,26.4678,-11.2569,2.47949,22.7136,-1.29552,-2.16381,-0.447195,0,0,0,0,0,0,0,0,0,0,0,0,0.015535,1.03148,-1.88442,0.0260289,0.798043,-1.71383,0.0339083,0.808883,-1.50704,0.0160717,0.888278,-1.91183,0.0582868,0.876808,-2.01913,0.260261,0.936906,-1.19967,-0.169946,0.926098,-1.06587,-0.0138085,0.739778,-2.04693,0.0650188,-3.54335,-3.92944,0.0360048,2.43748,1.00619,0.0249333,2.20409,0.86148,-0.193275,-3.33538,-3.87989,
2.13337,-5.32812,-0.0212688,10.6017,0.708639,27.3743,-9.87586,1.54162,17.3201,-1.20954,-4.65365,-0.362055,0,0,0,0,0,0,0,0,0,0,0,0,0.0162406,0.982228,-1.93213,0.0274556,0.8365,-1.69753,0.0346787,0.843643,-1.49224,0.0144496,0.842463,-1.95868,0.0581378,0.794385,-2.01095,0.224635,0.927243,-1.16615,-0.142476,0.942648,-1.14659,-0.00933199,0.673587,-2.04224,0.0949879,-2.77958,-2.39637,0.135067,2.37901,1.02875,0.0735243,2.16869,0.939342,-0.0546919,-2.57474,-2.35218,
0.705973,-3.78185,2.44797,8.72877,-5.0847,25.1803,-11.7091,-3.88639,16.0492,-1.13784,-4.25899,2.79941,0,0,0,0,0,0,0,0,0,0,0,0,0.0277036,0.897588,-1.97353,0.03423,0.89256,-1.67052,0.0395839,0.89908,-1.47356,0.0129454,0.764856,-2.00254,0.0600426,0.696407,-1.96357,0.205953,0.875571,-1.172,-0.162866,0.909548,-1.16209,-0.00939543,0.568542,-1.99119,0.595929,-4.04618,-1.05558,0.397761,2.3057,1.2436,0.319073,2.47898,0.60115,-0.0505032,-3.63238,-1.20837,
0.966635,-3.78461,4.17708,8.66728,-9.27099,26.1494,-12.5103,-7.31585,17.1341,-1.53063,-3.18519,4.72688,0,0,0,0,0,0,0,0,0,0,0,0,0.0375939,0.802545,-1.97512,0.0429666,0.942604,-1.64247,0.0466997,0.954651,-1.46128,0.0106602,0.676487,-2.00396,0.0642241,0.585964,-1.87814,0.212057,0.847654,-1.12618,-0.171486,0.903056,-1.13026,-0.0207855,0.475921,-1.89327,0.276681,-4.51519,0.642508,0.351492,2.2493,1.24818,0.283388,2.48785,0.595644,-0.110489,-4.35887,0.756034,
0.902557,-4.6469,5.723,9.35825,-10.5175,29.7628,-13.013,-9.09927,20.8608,-1.61805,-3.93586,7.17081,0,0,0,0,0,0,0,0,0,0,0,0,0.0401743,0.733059,-1.95772,0.0477771,0.978282,-1.62301,0.0505737,0.993408,-1.45065,0.00885166,0.609247,-1.98394,0.0632594,0.494505,-1.77893,0.226512,0.858848,-1.04287,-0.179211,0.903809,-1.04619,-0.0277138,0.390674,-1.76901,0.203956,-4.70753,2.28354,0.262307,2.19371,1.19169,0.208278,2.31741,0.769117,-0.218362,-4.49203,2.58336,
-0.201649,0.168617,8.91743,10.1824,-16.7247,29.1573,-14.949,-11.3674,20.2213,-0.642147,-0.711358,7.43739,0,0,0,0,0,0,0,0,0,0,0,0,0.0429716,0.61133,-1.87046,0.0524613,1.02892,-1.59467,0.0546602,1.04253,-1.42554,0.00354212,0.495587,-1.88089,0.0388296,0.44743,-1.57368,0.242326,0.791332,-1.02526,-0.212028,0.89452,-1.01492,-0.012782,0.328947,-1.58136,-0.0145351,-5.10173,4.11417,0.144532,2.03173,1.20019,0.156184,1.79263,1.31273,-0.142045,-4.69658,5.02051,
-0.62263,0.571032,10.5112,10.1818,-17.1878,26.3257,-14.5057,-12.2401,16.8189,-0.720831,1.80006,9.41101,0,0,0,0,0,0,0,0,0,0,0,0,0.0392485,0.520749,-1.79192,0.0548249,1.072,-1.56702,0.0580864,1.07686,-1.39089,0.00354107,0.413494,-1.79072,0.0239566,0.405024,-1.40382,0.242648,0.820254,-1.04491,-0.201169,0.89727,-1.02441,-0.010031,0.32797,-1.42082,-0.121348,-3.85329,6.01913,0.0824639,1.85656,1.32782,0.136995,1.31259,1.85436,-0.0142422,-3.61327,6.07416,
-1.12264,5.70377,6.25999,9.02908,-15.1624,22.1566,-13.4795,-12.9578,13.6398,-0.423943,7.85926,5.70423,0,0,0,0,0,0,0,0,0,0,0,0,0.0345737,0.457736,-1.65128,0.0558,1.10372,-1.54184,0.0600906,1.09607,-1.35248,0.00425267,0.354466,-1.65483,0.000623985,0.454727,-1.24155,0.221011,0.883546,-1.09137,-0.181903,0.889638,-1.02798,-0.000902548,0.405052,-1.27155,-0.413665,-3.26072,9.04154,0.0319635,1.69608,1.4551,0.0943664,0.891055,2.33769,0.0780033,-2.82057,8.54211,
-2.35826,0.882112,20.3431,9.78043,-13.0304,19.4402,-9.04037,-11.9775,8.92442,1.00293,13.31,8.00414,0,0,0,0,0,0,0,0,0,0,0,0,0.0203491,0.428853,-1.49471,0.0548658,1.14003,-1.50834,0.0608831,1.11133,-1.2954,0.00758959,0.326947,-1.47308,-0.0333294,0.560801,-1.19953,0.224426,0.956314,-1.10178,-0.108479,0.911649,-1.04059,0.027887,0.575577,-1.07462,-0.330035,3.54168,-2.28255,-0.252559,1.62551,1.62248,-0.152515,0.552679,2.82796,0.0630149,0.202593,7.72844,
-8.9898,2.32637,21.7993,2.50824,-9.52169,12.7601,-4.73495,-13.3312,4.11251,3.17915,15.9889,31.3366,0,0,0,0,0,0,0,0,0,0,0,0,0.0149487,0.504396,-1.53731,0.0499919,1.17047,-1.46711,0.0568851,1.1179,-1.22613,0.00553651,0.388431,-1.47025,-0.148984,0.650955,-1.18564,0.0946117,1.03215,-1.16388,-0.0315992,0.877102,-1.03892,0.0619776,0.789257,-0.966393,-0.0147136,3.18578,-1.36536,-0.0300861,1.0634,2.17655,-0.0731601,0.0484515,3.43553,-0.0416039,3.36474,-2.01361,
-10.5303,6.38127,22.079,0.917695,-9.44223,-2.83795,-1.66498,-10.6699,-8.52979,5.72351,20.9559,40.78,0,0,0,0,0,0,0,0,0,0,0,0,0.0167628,0.558791,-1.55664,0.0509942,1.18465,-1.42383,0.0560018,1.11323,-1.15808,0.00587681,0.442967,-1.49458,-0.173915,0.769467,-1.18261,0.0670319,1.0337,-1.39198,0.0217295,0.901727,-1.17886,0.108216,0.918263,-0.787214,0.0239078,2.89217,-0.837565,-0.0197908,0.633239,2.54978,-0.12222,-0.534897,4.10386,-0.0526848,2.88075,-1.0415,
-12.0948,3.87315,22.7144,-2.09651,-8.88598,-16.6832,0.740047,-4.15826,-19.6924,9.35551,22.1478,43.6761,0,0,0,0,0,0,0,0,0,0,0,0,0.0157358,0.619009,-1.57003,0.0491288,1.19377,-1.36549,0.0498824,1.09712,-1.08137,0.0032066,0.502149,-1.51025,-0.204428,0.775667,-1.17585,0.0107036,1.03249,-1.5972,0.0446534,0.990893,-1.43407,0.16995,0.985157,-0.729156,-0.00790806,2.63503,-0.574943,-0.00937812,0.00852172,2.18864,-0.570912,-0.935663,0.163234,-0.102571,2.45425,-0.397758,
-13.3987,0.476604,26.5444,-2.62448,-7.22887,-9.90632,0.97389,-3.7083,-10.7836,10.7419,20.4821,41.7169,0,0,0,0,0,0,0,0,0,0,0,0,0.0170732,0.665061,-1.582,0.0492641,1.19581,-1.37395,0.037332,1.09791,-1.14141,0.00235696,0.541341,-1.512,-0.222244,0.755687,-1.12281,-0.00089509,1.05258,-1.72574,0.0296892,1.04128,-1.62984,0.197782,0.979065,-0.750189,0.131265,2.50436,-0.71616,-0.0745988,-0.360561,-5.24575,-0.774579,0.329815,-8.93339,0.00359863,1.99593,0.101644,
-14.6273,-4.07295,28.2975,-1.39726,-3.98318,-2.68701,1.7376,-1.51206,-3.87702,12.5219,16.6556,37.7876,0,0,0,0,0,0,0,0,0,0,0,0,0.0200919,0.718575,-1.59527,0.0406099,1.15109,-1.53263,0.0232724,1.08195,-1.37135,0.00285932,0.58297,-1.50632,-0.242299,0.722398,-1.09477,-0.00310235,0.975677,-1.81941,0.0362075,1.0054,-1.77665,0.23082,0.947586,-0.80895,0.108763,2.37955,-0.42761,-0.559397,-3.14706,-7.26983,-0.570096,-1.49902,-10.2303,0.00885602,1.88794,0.315321,
-12.3058,-10.2026,28.286,-1.20855,-3.38537,-1.96449,1.12989,-1.38069,-2.01716,11.7676,10.4873,32.195,0,0,0,0,0,0,0,0,0,0,0,0,0.0216811,0.769524,-1.59877,0.0301145,1.0648,-1.66986,0.014924,1.03601,-1.56841,0.00287727,0.62604,-1.49933,-0.200934,0.657917,-1.08218,-0.00306287,0.862473,-1.88971,0.0280886,0.934113,-1.87409,0.216546,0.883141,-0.90401,0.0344119,2.2579,0.0702058,-0.342333,-4.30157,-5.6262,-0.225468,-2.34656,-8.21961,-0.00878049,2.0296,0.304171,
-9.51501,-11.5861,26.0268,-1.42205,-5.30281,-1.50074,1.5788,-3.08642,-0.926587,10.8466,8.52067,27.1257,0,0,0,0,0,0,0,0,0,0,0,0,0.0214482,0.80881,-1.59336,0.0260602,0.986653,-1.75436,0.0121934,0.991331,-1.68967,0.00216877,0.66353,-1.4939,-0.153485,0.667084,-1.10463,-0.00536804,0.739798,-1.92868,0.0340878,0.850192,-1.91824,0.196711,0.886939,-0.990389,-0.0590619,2.1062,0.474058,-0.17028,-4.59679,-4.49247,-0.208115,-2.59791,-6.46935,-0.0815609,2.09268,0.315248,
-7.68504,-12.8169,22.5872,-1.60666,-4.83323,0.356939,1.4298,-3.97328,0.605903,10.7587,5.7078,23.7076,0,0,0,0,0,0,0,0,0,0,0,0,0.0189021,0.852726,-1.57771,0.0238395,0.886801,-1.83295,0.00863147,0.932709,-1.79943,-0.000792007,0.709891,-1.48648,-0.125601,0.682279,-1.13846,-0.00867445,0.642322,-1.92284,0.0325132,0.765518,-1.91842,0.189483,0.882955,-1.04416,-0.145896,1.91242,0.873249,-0.100893,-4.78508,-2.94518,-0.0646148,-2.90123,-3.97237,-0.163103,2.11705,0.34455,
-6.76489,-15.7303,20.2275,-0.915012,-3.66699,3.22611,0.980458,-3.61979,2.98275,10.7816,2.37509,21.4472,0,0,0,0,0,0,0,0,0,0,0,0,0.0155728,0.893057,-1.55592,0.0207161,0.771946,-1.87874,0.00934173,0.85825,-1.86191,-0.00450985,0.756302,-1.47863,-0.111915,0.665304,-1.15387,-0.00141306,0.524906,-1.86203,0.0303053,0.66724,-1.86844,0.186438,0.867912,-1.07647,-0.137176,1.77993,1.04737,-0.167829,-5.51122,-1.28169,0.0958549,-3.82541,-1.85663,-0.15529,2.09083,0.373314,
-6.85785,-17.1435,17.9921,-0.788861,-4.4245,6.57464,0.765597,-4.72292,5.4825,11.0784,-0.133247,19.6385,0,0,0,0,0,0,0,0,0,0,0,0,0.0137254,0.924379,-1.53653,0.0187718,0.676246,-1.8867,0.0109081,0.788229,-1.87838,-0.00675573,0.793412,-1.47142,-0.113102,0.668397,-1.17431,0.00108748,0.412796,-1.74306,0.0285671,0.5616,-1.77143,0.19171,0.856264,-1.09928,-0.0653529,1.70249,1.07236,-0.102098,-5.59181,0.736556,0.114251,-4.30092,0.222213,-0.090427,1.99452,0.460637,
-7.30554,-20.1573,14.4369,-0.550665,-2.25849,8.25018,0.892977,-2.4967,5.97044,10.2967,-3.84434,16.5981,0,0,0,0,0,0,0,0,0,0,0,0,0.0133534,0.960855,-1.51395,0.0167744,0.550736,-1.83511,0.0128226,0.685437,-1.84113,-0.00774011,0.834616,-1.45911,-0.118956,0.647445,-1.21984,0.0037723,0.3175,-1.55902,0.0306491,0.474381,-1.63335,0.179069,0.822021,-1.13593,0.0158439,1.62208,0.966193,-0.0913621,-5.87196,3.85282,0.0486025,-5.06189,3.032,-0.0123399,1.75092,0.653731,
-7.08592,-24.3785,10.0403,-0.872554,0.0773516,9.73568,1.25638,0.876523,6.08703,7.85534,-6.82672,13.3722,0,0,0,0,0,0,0,0,0,0,0,0,0.0142345,0.9992,-1.49331,0.0154201,0.419836,-1.71335,0.0115333,0.568963,-1.74736,-0.00760448,0.873013,-1.44102,-0.113081,0.607628,-1.28648,-0.00229961,0.250943,-1.32554,0.0312777,0.430173,-1.47627,0.135708,0.796141,-1.1699,0.0464344,1.57891,0.74193,-0.0566825,-5.20359,6.44108,-0.0946853,-4.72776,4.90174,0.014904,1.44375,0.855252,
-6.32537,-24.7919,5.25242,-0.185065,6.38468,15.9163,0.02062,4.71527,7.76163,3.93815,-7.80758,12.8118,0,0,0,0,0,0,0,0,0,0,0,0,0.0148132,1.02447,-1.4831,0.014754,0.347425,-1.61157,0.00878399,0.503712,-1.6729,-0.00757685,0.894385,-1.42644,-0.0996048,0.625011,-1.36974,0.00399078,0.312962,-1.04211,0.00577325,0.460085,-1.33564,0.0635473,0.792385,-1.1615,0.0179869,1.56772,0.54588,-0.226063,-4.60009,8.55756,-0.10345,-3.95265,5.99305,-0.0146228,1.22086,0.977517,
-9.63809,-25.3854,3.17124,-4.73277,-5.59288,38.0129,-3.34961,4.62996,1.5044,-0.0989302,-7.62682,7.7391,0,0,0,0,0,0,0,0,0,0,0,0,0.0194112,1.06124,-1.46957,0.0171982,0.346976,-1.56328,0.00790875,0.435499,-1.50857,-0.00390585,0.920663,-1.39959,-0.139647,0.647636,-1.3872,-0.0511332,0.349227,-0.97348,-0.0527147,0.471704,-1.26413,0.00888224,0.816703,-1.21802,0.494369,1.46515,0.755193,0.541412,3.17595,-3.09673,0.00850946,-1.46592,6.6334,0.445709,1.06058,1.24828,
-4.80641,-23.3519,1.82564,0.171174,-4.25008,32.4585,-3.42814,7.15974,2.32605,-2.38956,-10.3566,3.57239,0,0,0,0,0,0,0,0,0,0,0,0,0.0313392,1.08976,-1.45359,0.0272839,0.394578,-1.59967,0.00361691,0.427869,-1.42315,0.00497112,0.93849,-1.37953,-0.0444687,0.701089,-1.37889,0.0465197,0.411857,-1.06856,-0.0841553,0.55845,-1.21176,-0.0235042,0.790931,-1.2772,0.353875,1.09732,1.26842,0.492665,2.88911,-1.80415,-0.777407,0.012329,5.16694,0.457457,1.24491,1.14194,
-1.43533,-17.5766,-1.05621,3.32003,-2.94145,31.9807,-6.76303,5.65883,13.5345,-1.90514,-11.4795,1.51998,0,0,0,0,0,0,0,0,0,0,0,0,0.0344374,1.10595,-1.4145,0.0322427,0.460688,-1.63082,-0.00338251,0.471678,-1.40484,0.0109533,0.971183,-1.35544,0.00990839,0.810592,-1.37457,0.0932393,0.491888,-1.08311,-0.1239,0.65524,-1.19811,-0.0208626,0.803777,-1.29368,0.0479054,0.739898,1.80689,0.0193235,2.58748,-1.03143,0.0747763,2.46505,-1.20257,0.0862594,1.2623,1.04263,
-1.39845,-19.1963,-6.02301,3.24897,-10.4462,32.388,-8.94167,1.5268,15.6523,-0.126773,-13.9285,-6.08352,0,0,0,0,0,0,0,0,0,0,0,0,0.0341166,1.11851,-1.37346,0.0313875,0.513164,-1.6489,-0.00319461,0.519995,-1.42326,0.0113464,0.994292,-1.32952,0.0089943,0.785376,-1.42103,0.0903831,0.396519,-1.08096,-0.165185,0.61625,-1.16222,0.00965112,0.771373,-1.39921,0.00929322,0.485526,1.8926,-0.00234083,2.23928,-0.639777,0.0178932,2.09289,-0.719405,0.0186295,0.92665,1.25026,
0.400244,-19.7594,-12.6729,6.0699,-15.2758,31.5148,-9.56378,-2.08674,17.4723,-1.14648,-13.1265,-13.9692,0,0,0,0,0,0,0,0,0,0,0,0,0.0344314,1.12593,-1.3404,0.0315685,0.550481,-1.65832,-0.00282479,0.554774,-1.43381,0.0116727,1.00799,-1.30573,0.0417117,0.778114,-1.514,0.141566,0.335649,-1.10095,-0.17648,0.5737,-1.13027,-0.00893128,0.788279,-1.51476,9.56586e-05,0.34984,1.7361,-0.0111298,1.92224,-0.477423,0.00706717,1.73759,-0.431999,0.00736785,0.579176,1.37374,
0.727727,-17.5279,-15.2571,8.90296,-16.1094,32.0962,-14.0804,-1.28826,19.2384,-2.40259,-4.70028,-5.28898,0,0,0,0,0,0,0,0,0,0,0,0,0.0361086,1.12958,-1.32022,0.031512,0.586933,-1.66933,-0.00206846,0.584288,-1.43729,0.0126814,0.998085,-1.34542,0.0537167,0.819659,-1.57689,0.19488,0.34054,-1.10329,-0.254851,0.59315,-1.08515,-0.0292802,0.835989,-1.60227,0.133731,0.268031,0.633708,0.0457119,1.42094,-0.535545,0.0985508,0.986479,0.0718343,0.0526121,-2.34168,-4.90986,
1.35752,-11.194,-7.34003,11.4495,-14.2306,31.9357,-16.0395,0.110129,21.1587,-1.49591,1.40537,-2.01633,0,0,0,0,0,0,0,0,0,0,0,0,0.040306,1.12773,-1.35138,0.0324102,0.615615,-1.68189,0.000840019,0.600452,-1.43128,0.0118644,0.928104,-1.4349,0.0722097,0.885372,-1.61532,0.239539,0.391296,-1.11711,-0.288597,0.619079,-1.03577,-0.0171175,0.816269,-1.65641,0.220659,-1.18645,-3.98703,-0.0318854,1.05169,-0.485146,0.0669583,0.50798,0.330082,-0.0544962,-4.19794,-5.64804,
1.38833,-10.4373,-7.27737,11.9913,-11.6628,33.2598,-16.5809,1.49378,23.5023,-0.86367,3.44646,-0.459358,0,0,0,0,0,0,0,0,0,0,0,0,0.043324,1.12117,-1.38986,0.0315751,0.63087,-1.68878,0.00166229,0.60729,-1.42571,0.00923652,0.842832,-1.5398,0.0759873,0.91386,-1.63959,0.247922,0.447692,-1.09684,-0.298154,0.646894,-0.987113,-0.00927186,0.797192,-1.68796,0.226751,-0.535983,-3.5878,-0.0512433,0.88227,-0.390469,0.0505894,0.38026,0.344779,-0.0857173,-3.30926,-4.27169,
1.33477,-6.74233,-5.71854,9.85162,-8.34293,35.5039,-14.699,1.25844,28.0076,-0.228401,2.29624,0.898273,0,0,0,0,0,0,0,0,0,0,0,0,0.0501095,1.07473,-1.48835,0.0303746,0.649672,-1.69496,0.00212491,0.616923,-1.41914,0.0088191,0.785905,-1.62504,0.0798539,0.914727,-1.66526,0.208196,0.521031,-1.05429,-0.2652,0.653657,-0.902785,0.00523553,0.773167,-1.69895,0.167316,-1.14319,-2.22888,-0.039697,0.704251,-0.148219,-0.00216192,0.423294,0.21772,0.0173917,-1.66491,-2.75749,
1.79138,-2.40448,0.152281,8.45099,-6.09759,33.6636,-12.2453,1.41058,31.8106,0.0666828,-0.0713071,1.04466,0,0,0,0,0,0,0,0,0,0,0,0,0.0524106,1.03661,-1.54068,0.0298195,0.659962,-1.69582,0.00179029,0.624067,-1.41637,0.00918464,0.767722,-1.65642,0.0882392,0.889892,-1.65403,0.181883,0.568693,-1.08318,-0.222206,0.664173,-0.832305,0.0129154,0.74009,-1.68629,0.0995497,-3.14717,-3.54794,-0.0486042,0.598797,0.0175225,-0.0413951,0.44181,0.173797,0.0769509,-0.804683,-1.493,
2.02491,-0.880876,3.70921,8.86402,-6.74287,31.3937,-9.93792,2.69661,31.7883,-1.35354,-0.715428,3.09839,0,0,0,0,0,0,0,0,0,0,0,0,0.0536213,0.954816,-1.60245,0.0272048,0.671595,-1.69384,-0.000113972,0.631545,-1.41011,0.0147693,0.751798,-1.67445,0.0916969,0.812395,-1.59579,0.182129,0.564502,-1.11926,-0.18506,0.687639,-0.818427,0.0026707,0.711579,-1.62645,0.0384715,-3.86237,-1.85717,-0.190659,0.473751,0.115569,-0.130053,0.215859,0.419136,0.382285,-0.831443,-0.254629,
2.5824,-10.2824,5.08193,10.4805,-6.42904,28.4289,-8.36398,5.81929,27.0289,-2.32282,0.276734,2.78754,0,0,0,0,0,0,0,0,0,0,0,0,0.0503919,0.920318,-1.6146,0.0210787,0.681265,-1.69012,-0.00428033,0.633278,-1.39614,0.0227593,0.727558,-1.65797,0.0881126,0.740223,-1.51378,0.201789,0.575324,-1.16672,-0.163017,0.737223,-0.880809,-0.012313,0.694337,-1.55967,-0.28209,0.209538,0.257206,-0.300761,0.33458,0.199176,-0.203642,-0.056833,0.73032,0.218803,-1.16884,1.4549,
2.44566,-13.485,7.75729,8.57654,-5.81745,24.8255,-6.12741,5.007,21.2882,-2.00572,0.357179,3.33516,0,0,0,0,0,0,0,0,0,0,0,0,0.0454304,0.922818,-1.60817,0.0158172,0.686405,-1.68504,-0.00780865,0.63183,-1.38244,0.0250796,0.708604,-1.62877,0.0820308,0.680937,-1.45161,0.163541,0.588919,-1.22089,-0.125056,0.722087,-0.971984,-0.012709,0.679801,-1.4915,-0.240355,0.100873,0.474158,-0.250951,0.253181,0.39017,-0.178436,-0.0238178,0.714925,-0.0403622,-1.07853,2.34155,
1.74124,-14.4075,7.39809,5.39376,-7.77007,18.2626,-3.48282,3.67708,15.7094,-0.945427,0.934713,1.26846,0,0,0,0,0,0,0,0,0,0,0,0,0.041184,0.924201,-1.59341,0.0115463,0.691468,-1.6727,-0.0113304,0.634777,-1.36998,0.0206777,0.688268,-1.56812,0.0672413,0.66345,-1.43137,0.10422,0.557551,-1.31778,-0.0798765,0.711111,-1.0707,-0.00671722,0.679054,-1.44394,-0.17116,0.0367742,0.841311,-0.164849,0.224817,0.698864,-0.159564,0.289605,0.416952,-0.31183,-0.800811,3.08955,
0.710849,-14.1365,4.85507,2.91979,-8.05389,16.3267,-1.83632,2.73785,12.1583,-1.26151,0.356542,3.95022,0,0,0,0,0,0,0,0,0,0,0,0,0.0378357,0.924545,-1.57166,0.00846701,0.696505,-1.65497,-0.0147803,0.644808,-1.36478,0.016553,0.680668,-1.53102,0.0458088,0.667805,-1.44866,0.0571039,0.558056,-1.33083,-0.0536071,0.713469,-1.14099,-0.0134877,0.677645,-1.39596,-0.151296,0.00877705,1.06098,-0.135977,0.244001,0.834027,-0.166197,0.576957,0.0834918,-0.217071,-0.290449,1.93247,
0.490606,-14.0532,3.33316,2.74703,-7.66623,14.4089,-1.88004,2.552,10.3106,-1.30518,0.296174,2.255,0,0,0,0,0,0,0,0,0,0,0,0,0.0344194,0.92519,-1.5526,0.00527617,0.70179,-1.64056,-0.0182984,0.657724,-1.36698,0.00989544,0.673345,-1.4642,0.0360137,0.671672,-1.45792,0.0481863,0.573493,-1.35371,-0.0595755,0.731113,-1.18891,-0.0233062,0.672891,-1.3301,-0.223842,0.0609541,1.04123,-0.214985,0.338819,0.759804,-0.216781,0.824684,-0.286969,-0.289395,-0.178434,2.84478,
0.710744,-14.3213,2.58828,2.61866,-5.94568,13.785,-1.65367,2.89873,11.2915,-1.41068,0.0626696,2.2761,0,0,0,0,0,0,0,0,0,0,0,0,0.0286302,0.92764,-1.53156,-0.00045195,0.710786,-1.62631,-0.0235307,0.678858,-1.37859,0.00366713,0.670675,-1.4054,0.0319283,0.672664,-1.45629,0.0374569,0.618198,-1.35821,-0.0619554,0.766795,-1.19742,-0.0331005,0.666527,-1.2656,-0.294083,0.16536,0.862019,-0.296488,0.474063,0.533619,-0.255381,1.07659,-0.737287,-0.339745,-0.161577,3.007,
-0.582372,-15.7636,3.66682,0.413382,-3.12263,17.0455,-1.0836,4.23568,14.201,-1.23526,-2.95156,9.66183,0,0,0,0,0,0,0,0,0,0,0,0,0.0253582,0.931458,-1.5207,-0.00377988,0.718564,-1.61968,-0.0264019,0.696408,-1.39203,0.000729496,0.690074,-1.41836,0.0120926,0.652985,-1.4416,0.000991665,0.674423,-1.30236,-0.0486899,0.801644,-1.15737,-0.024097,0.669169,-1.27464,-0.0817962,0.248663,0.37956,-0.0838598,0.386024,0.226227,-0.0790198,0.862393,-0.7194,-0.0723316,1.001,-0.976298,
-0.355925,-16.1156,5.52031,1.01534,-1.61349,19.4166,-1.40157,6.0952,16.053,-0.500505,-3.33641,8.86095,0,0,0,0,0,0,0,0,0,0,0,0,0.0246198,0.937137,-1.51762,-0.00458708,0.725762,-1.61868,-0.0273407,0.711115,-1.40544,-0.000112588,0.705509,-1.43341,0.0167114,0.652104,-1.41673,0.0122311,0.70601,-1.26764,-0.0543658,0.839316,-1.13049,-0.0106588,0.662778,-1.29044,-0.04391,0.243748,0.0159615,-0.0501901,0.292843,-0.0607187,-0.0471155,0.531008,-0.517271,-0.044186,0.547896,-0.55427,
-0.204283,-16.3721,6.67697,1.54585,-0.499702,20.814,-1.71472,7.04245,18.0203,-0.618661,-3.85866,9.27553,0,0,0,0,0,0,0,0,0,0,0,0,0.0234509,0.941918,-1.51953,-0.00596634,0.731238,-1.6218,-0.0283778,0.719688,-1.41462,-0.00111084,0.71459,-1.44339,0.0183663,0.65061,-1.40228,0.0204024,0.729077,-1.24844,-0.0605539,0.85813,-1.09905,-0.0133156,0.655505,-1.28762,-0.0418728,0.194544,-0.126882,-0.053093,0.21159,-0.155126,-0.0305341,0.317691,-0.368698,-0.0292238,0.338332,-0.393343,
-0.201079,-16.4657,6.73282,1.52006,0.321947,21.1997,-1.69278,7.72512,19.3944,-0.752363,-3.97749,9.93655,0,0,0,0,0,0,0,0,0,0,0,0,0.0229299,0.944847,-1.52158,-0.006689,0.734349,-1.62404,-0.0286616,0.724614,-1.42054,-0.00138,0.719818,-1.4496,0.0184326,0.649695,-1.40196,0.0197639,0.744771,-1.24159,-0.0598564,0.87274,-1.07722,-0.015467,0.65572,-1.27878,-0.0257079,0.129055,-0.0853316,-0.0361963,0.139576,-0.0918041,-0.01274,0.234359,-0.284095,-0.0124556,0.251172,-0.300965,
-0.0665118,-16.4544,6.42443,1.4861,0.550373,20.951,-1.5341,8.33023,19.8349,-0.660214,-3.91647,9.61932,0,0,0,0,0,0,0,0,0,0,0,0,0.0223578,0.946446,-1.5224,-0.00746263,0.736269,-1.62501,-0.0289552,0.728156,-1.42485,-0.00168966,0.723801,-1.45444,0.0202387,0.648115,-1.40567,0.0183797,0.74772,-1.24445,-0.057331,0.882602,-1.0679,-0.0142306,0.656375,-1.2843,-0.0277996,0.0256575,-0.00227546,-0.0359874,0.0441165,-0.0111509,-0.0147589,0.0912699,-0.112563,-0.01641,0.115557,-0.145327,
-0.0688517,-16.0794,5.91903,1.29647,0.552503,20.7153,-1.66046,8.75579,19.5345,-0.636962,-3.87608,9.33798,0,0,0,0,0,0,0,0,0,0,0,0,0.0218159,0.945944,-1.52159,-0.00817239,0.736274,-1.62441,-0.0291966,0.728781,-1.4257,-0.00198801,0.725045,-1.45617,0.0200457,0.65185,-1.41176,0.0146874,0.745331,-1.24582,-0.0595287,0.887695,-1.07024,-0.0138002,0.655128,-1.28738,-0.0158403,-0.0531804,0.0674401,-0.0217664,-0.0302065,0.0595457,-0.00433753,-0.00862171,0.00857823,-0.00706081,0.0170287,-0.0300504,
-0.272881,-15.3267,5.20846,1.16999,2.08459,23.4677,-2.92178,8.93067,20.161,-0.274118,-3.99841,8.59251,0,0,0,0,0,0,0,0,0,0,0,0,0.0216711,0.945263,-1.52071,-0.00837171,0.735848,-1.62362,-0.0292275,0.728594,-1.42546,-0.00204711,0.725129,-1.45636,0.0162545,0.664092,-1.42276,0.0122766,0.772115,-1.19398,-0.082435,0.890205,-1.05791,-0.00720764,0.652573,-1.30056,-0.0139076,-0.0764734,0.0992462,-0.0190755,-0.0499451,0.0902402,-0.00257348,-0.0233703,0.0301436,-0.00539494,0.00433883,-0.013124,
3.26131,1.46722,-6.73675,-1.23958,0.13657,-29.8048,3.92382,3.79087,-16.6054,8.22753,6.58657,13.0051,0,0,0,0,0,0,0,0,0,0,0,0,-0.000127412,0.0407753,-0.0839744,0.000214558,0.0388525,-0.0786564,-0.000290414,0.0373573,-0.0741426,-0.000117868,0.0383644,-0.0790816,0.0564596,0.456719,-1.05907,-0.0185838,0.412517,-1.41155,0.06685,0.464753,-1.11241,0.148326,0.5237,-0.639525,-0.082788,11.8943,-26.052,0.114263,11.3417,-24.1692,-0.128385,10.9533,-22.4995,-0.0350721,11.1705,-24.3497,
-3.72757,-0.0199471,-6.7214,-7.25703,-6.84749,-4.37351,-0.666063,-14.537,-14.9711,-2.14939,1.29111,-6.38868,0,0,0,0,0,0,0,0,0,0,0,0,0.00542241,0.316837,-0.689814,0.0147541,0.345525,-0.785635,-0.00158365,0.336592,-0.655625,0.0218104,0.296363,-0.577437,-0.020543,0.508051,-1.13319,-0.0977285,0.482779,-1.53707,0.0112686,0.339477,-1.37774,0.049012,0.491334,-0.758553,1.27748,5.85373,-9.81336,0.594713,7.99804,-20.5307,0.762743,8.1643,-13.7473,2.02527,5.24015,-1.98483,
-3.18484,10.1209,9.1479,-0.363143,10.3943,35.3637,-4.25216,-10.29,17.4679,-2.97144,-4.56094,-6.95367,0,0,0,0,0,0,0,0,0,0,0,0,0.0241813,0.424695,-0.895503,0.00111232,0.44725,-1.14228,0.011924,0.455957,-0.948635,0.0657155,0.410572,-0.626673,-0.0378356,0.750874,-1.03406,-0.0727597,0.735488,-0.987443,-0.0683394,0.369562,-1.11475,0.0509531,0.508233,-0.923569,-0.125607,4.34386,-9.31587,-2.05545,3.03264,-14.9154,-0.0901848,3.07682,-14.7801,1.19973,5.51794,-5.20865,
-13.325,-2.51666,15.6213,9.88709,22.2649,29.8708,-0.302437,34.9846,48.4907,-5.27029,3.87086,3.2632,0,0,0,0,0,0,0,0,0,0,0,0,0.0121345,0.489199,-0.997343,-0.0517212,0.468343,-1.24444,0.00693729,0.445224,-1.09466,0.0748988,0.49048,-0.712718,-0.26528,0.576311,-0.805596,0.022112,0.888849,-0.52353,-0.013022,0.98347,-0.253263,-0.0164883,0.697834,-0.861272,-1.07378,4.05991,-2.81959,-3.23682,0.479422,5.43297,-0.441848,-2.98947,-1.22994,0.135556,4.18533,-6.35205,
1.25872,-35.1651,1.26223,14.8755,-33.6867,-19.1669,-0.0508232,-13.5174,-37.8469,-1.50922,-7.06028,-15.4461,0,0,0,0,0,0,0,0,0,0,0,0,-0.0383094,0.567021,-0.945911,-0.0924532,0.528772,-0.981535,-0.00311913,0.410017,-0.887132,0.0591558,0.56725,-0.809816,-0.144387,-0.000939846,-0.708641,0.170389,0.0771733,-0.810407,-0.0137146,0.232844,-0.940517,-0.0218857,0.557142,-1.16291,-3.94054,2.1818,6.54869,-0.232911,4.91598,15.8772,-0.295516,2.09604,19.3949,-1.63781,3.61352,-2.20778,
1.20255,-30.7634,14.7928,12.4969,-25.8813,16.1591,3.75819,-1.41285,16.9462,-1.39243,-11.2987,6.7813,0,0,0,0,0,0,0,0,0,0,0,0,-0.109458,0.625446,-0.943447,-0.0708241,0.662922,-0.768758,-0.0249503,0.516472,-0.907355,0.0324439,0.668591,-0.962659,-0.131517,0.178666,-0.87603,0.136933,0.367505,-0.687309,0.00395621,0.590675,-0.786032,-0.0294143,0.592337,-1.06607,-1.34212,3.43913,-6.15826,-0.594583,5.35186,-6.48855,-1.20463,3.05224,-5.70748,-1.11654,3.94708,-6.92716,
0.477042,-20.7626,7.42654,9.78585,-22.2708,16.1205,-2.26396,7.97846,16.0771,-6.07048,-17.9934,1.40775,0,0,0,0,0,0,0,0,0,0,0,0,-0.128504,0.671836,-1.02804,-0.0891724,0.741711,-0.901901,-0.0407301,0.55618,-0.983639,0.0180908,0.722761,-1.05757,-0.137962,0.363914,-1.01756,0.0717747,0.433627,-0.768179,-0.0926158,0.76488,-0.81139,-0.100463,0.475587,-1.1671,-0.554006,2.12606,-3.80585,-0.518754,2.95898,-4.86988,-0.327638,1.94448,-3.66853,-0.249974,2.44379,-4.12893,
3.07991,-19.3011,1.21377,13.2269,-32.8084,12.1717,-6.99149,2.6695,3.53279,-5.94711,-8.62955,-16.6809,0,0,0,0,0,0,0,0,0,0,0,0,-0.131006,0.708636,-1.0935,-0.0906219,0.785108,-0.97092,-0.0378649,0.590969,-1.0491,0.0225498,0.762591,-1.12297,-0.0737592,0.402716,-1.15283,0.152643,0.237201,-0.827339,-0.15677,0.681007,-1.06458,-0.0753622,0.650652,-1.5009,0.0381503,1.37526,-2.48725,0.0848003,1.48525,-2.37489,0.250956,1.2681,-2.43551,0.312195,1.37384,-2.28085,
5.12038,-18.2483,-4.20309,12.0046,-25.2117,-1.5528,-9.96528,0.229063,10.0808,-1.70781,-4.68815,-9.01289,0,0,0,0,0,0,0,0,0,0,0,0,-0.127121,0.730401,-1.13176,-0.0859416,0.805682,-1.00306,-0.0309762,0.613378,-1.09075,0.0259826,0.787208,-1.19846,-0.017923,0.437941,-1.27064,0.149941,0.376947,-1.07215,-0.19182,0.668535,-0.994781,-0.00819095,0.740552,-1.62941,0.491963,1.20167,-1.90863,0.538282,0.906242,-1.24819,0.621606,1.5581,-2.66809,-0.0954095,1.17894,-8.16093,
3.20385,-12.1046,-7.99349,5.02978,-22.297,7.37634,-10.5134,4.07696,24.3666,0.352719,0.3005,-1.15833,0,0,0,0,0,0,0,0,0,0,0,0,-0.109632,0.76007,-1.17985,-0.0672772,0.825006,-1.0311,-0.0112408,0.651896,-1.1576,0.0156817,0.770957,-1.41399,-0.0272126,0.581284,-1.40189,0.0499559,0.448272,-0.949116,-0.175773,0.768723,-0.797976,0.010929,0.721571,-1.7128,0.738464,1.26187,-2.34393,0.787798,0.8759,-1.59298,0.813397,1.30472,-2.54862,-0.341178,-1.67594,-8.48683,
4.45116,-10.7227,-9.57022,8.36254,-24.4913,16.0601,-13.0993,9.09134,30.4264,-0.690102,2.07727,0.36473,0,0,0,0,0,0,0,0,0,0,0,0,-0.0963092,0.786463,-1.2357,-0.0528955,0.845573,-1.07432,0.00387796,0.672049,-1.20525,0.0105926,0.725911,-1.54814,-0.00123059,0.628201,-1.49668,0.114974,0.432256,-0.854913,-0.215997,0.855353,-0.710254,-0.000691783,0.705831,-1.72616,0.432315,1.12129,-2.65747,0.483501,0.977154,-2.21813,0.558968,0.550192,-1.77876,0.0385898,-1.7676,-5.64235,
4.87419,-5.50756,-6.61385,12.9854,-19.0822,18.6593,-18.7277,12.5143,38.9983,-1.72713,1.52086,1.90436,0,0,0,0,0,0,0,0,0,0,0,0,-0.0895032,0.799651,-1.28826,-0.0470036,0.860927,-1.11096,0.0118435,0.676257,-1.22868,0.0145385,0.702221,-1.62697,0.0226174,0.69939,-1.56167,0.201183,0.543253,-0.844443,-0.311072,0.907321,-0.561936,-0.00501392,0.685498,-1.72162,0.718024,-0.0037815,-4.67979,0.369369,0.894538,-2.22261,0.537387,0.107895,-1.29301,0.362083,-1.35591,-3.9501,
4.17835,-0.683119,-0.657185,15.8134,-18.838,20.9847,-18.3884,14.2086,42.2535,-1.7246,0.791375,3.37867,0,0,0,0,0,0,0,0,0,0,0,0,-0.0642776,0.761587,-1.40938,-0.0410134,0.878797,-1.15673,0.0224353,0.674091,-1.25038,0.0202056,0.678724,-1.68066,0.0536126,0.670952,-1.60297,0.249863,0.561452,-0.840595,-0.301119,0.923071,-0.504094,-0.00840336,0.665874,-1.66688,1.2809,-2.38989,-5.55014,0.102668,0.768905,-1.99835,0.329372,-0.285907,-0.671039,0.0839499,-0.83229,-1.45592,
1.96301,-1.51381,3.79421,16.8871,-21.9814,19.7059,-16.6028,16.9399,40.4712,-2.23243,0.741055,4.94021,0,0,0,0,0,0,0,0,0,0,0,0,-0.0300465,0.699165,-1.51159,-0.0415997,0.894879,-1.19955,0.0275632,0.663074,-1.25811,0.020646,0.663363,-1.68468,0.0569453,0.590104,-1.55633,0.263187,0.513769,-0.892553,-0.268562,0.952001,-0.524153,-0.0198484,0.658343,-1.56704,1.56752,-2.49144,-3.47514,-0.0687854,0.566867,-1.56743,0.175494,-0.582759,-0.0575121,0.00290889,-0.565094,0.849977,
1.17913,0.58938,6.87543,14.5666,-23.5416,12.8515,-15.2241,16.3663,32.2128,-1.63546,0.600585,4.8204,0,0,0,0,0,0,0,0,0,0,0,0,-0.00573051,0.660807,-1.54699,-0.0432173,0.902668,-1.22128,0.0298511,0.653201,-1.25661,0.0198444,0.656351,-1.66255,0.0655543,0.584779,-1.44838,0.218787,0.488211,-1.02648,-0.242007,0.930224,-0.66493,-0.0149051,0.649545,-1.48663,1.52308,-2.65052,-0.80646,-0.0868971,0.414706,-1.18772,0.151048,-0.627775,0.18314,-0.153203,-0.54162,2.69756,
-0.536976,2.78367,11.0988,9.68315,-22.4709,6.70271,-10.7744,15.5436,22.3706,-0.659565,0.73922,4.66382,0,0,0,0,0,0,0,0,0,0,0,0,0.0226375,0.603977,-1.54629,-0.0445976,0.910069,-1.24242,0.0338566,0.639335,-1.25026,0.0167627,0.649509,-1.59823,0.0429881,0.589393,-1.30569,0.130311,0.509895,-1.14303,-0.156671,0.906191,-0.835264,0.000576951,0.658184,-1.42789,0.920144,-1.9921,1.18568,-0.0351124,0.25628,-0.686929,0.164105,-0.481411,0.252408,-0.12814,-0.145603,2.61385,
-3.02256,2.09828,4.63362,4.50428,-19.7679,3.03538,-4.77145,15.1148,17.1198,0.622109,-0.29123,-0.6897,0,0,0,0,0,0,0,0,0,0,0,0,0.0385965,0.56772,-1.45565,-0.0448545,0.91673,-1.25688,0.0367496,0.634066,-1.24985,0.0129753,0.646081,-1.54216,-0.00356181,0.569512,-1.18406,0.0370245,0.569944,-1.2245,-0.0467309,0.909138,-0.947005,0.0185388,0.635922,-1.42509,0.391031,-1.11096,5.7245,-0.000520952,0.385888,-0.696825,0.100012,0.0078354,-0.257432,-0.17562,-0.148614,3.96041,
-4.12181,-2.81515,16.1567,3.22852,-20.2123,3.50394,1.75728,11.7323,15.1389,1.42573,-0.740023,0.691898,0,0,0,0,0,0,0,0,0,0,0,0,0.0391634,0.570653,-1.42851,-0.0460895,0.925717,-1.27039,0.036653,0.639145,-1.25977,0.0120496,0.648822,-1.4712,-0.0413558,0.546699,-1.18226,0.00591222,0.577927,-1.23115,0.0629754,0.870611,-1.01092,0.0359738,0.642204,-1.39622,-0.170414,0.832038,-1.45164,-0.204679,0.602134,-0.747723,-0.17197,0.554627,-0.806825,-0.0610592,0.208919,1.90672,
-4.26746,-2.23942,13.1518,2.98657,-22.5748,1.32256,2.93197,6.8041,15.2299,1.09901,1.08891,4.80787,0,0,0,0,0,0,0,0,0,0,0,0,0.0320414,0.586887,-1.44711,-0.0540699,0.941255,-1.28442,0.0288587,0.65996,-1.28532,0.0133749,0.651126,-1.43605,-0.0582216,0.569939,-1.22549,-0.0135963,0.555945,-1.27735,0.0687078,0.824277,-1.05582,0.0426108,0.671863,-1.29614,-0.387228,0.726268,-0.534935,-0.42251,0.76822,-0.518627,-0.411261,1.24074,-1.44835,0.282757,0.0287039,1.60411,
-3.2259,-1.529,12.0796,4.10744,-25.3893,-1.54696,2.27942,4.81728,11.7168,0.173229,3.19667,5.7529,0,0,0,0,0,0,0,0,0,0,0,0,0.0205379,0.60448,-1.45593,-0.0627791,0.956222,-1.29291,0.0206663,0.685567,-1.31467,0.0214122,0.650363,-1.39827,-0.0568254,0.600554,-1.24632,-0.00570772,0.523731,-1.33712,0.0461425,0.82244,-1.1581,0.0420995,0.705316,-1.18656,-0.571715,0.729479,-0.306337,-0.538064,0.890153,-0.491436,-0.487906,1.50595,-1.72513,0.535874,-0.096812,3.27295,
-7.47847,-2.32718,15.8442,0.961307,-25.0247,-5.13941,2.93774,5.02502,14.8106,2.98244,3.86217,18.9933,0,0,0,0,0,0,0,0,0,0,0,0,0.0135492,0.616118,-1.46301,-0.0735705,0.976272,-1.30543,0.0113088,0.718161,-1.35311,0.0241888,0.671723,-1.39288,-0.129364,0.597942,-1.19642,-0.0641287,0.54865,-1.42011,0.0581406,0.853542,-1.13924,0.0721685,0.79255,-1.11765,-0.212071,0.737492,-0.656574,-0.24556,0.836375,-0.648864,-0.201107,1.34497,-1.69325,-0.19086,1.54629,-2.14194,
-7.75785,-0.687832,21.5321,-0.737538,-23.1084,-5.23397,4.10401,6.9255,14.9819,5.44494,8.2287,23.4747,0,0,0,0,0,0,0,0,0,0,0,0,0.012706,0.632378,-1.48562,-0.0756016,0.994324,-1.32596,0.00965572,0.74188,-1.38668,0.0226775,0.694624,-1.42741,-0.130169,0.639093,-1.12938,-0.0927576,0.597796,-1.45568,0.0806963,0.889496,-1.14987,0.118244,0.863818,-1.03587,-0.0556949,0.587315,-1.07728,-0.114469,0.721901,-1.05578,-0.109321,0.662984,-1.08729,-0.104873,0.598317,-1.07767,
-7.88403,-0.877739,25.6263,-1.53148,-21.6734,-5.58388,3.63037,5.6983,11.7918,7.18059,10.0893,27.9062,0,0,0,0,0,0,0,0,0,0,0,0,0.0116286,0.641547,-1.50578,-0.077825,1.00655,-1.34654,0.00738816,0.749864,-1.40228,0.0204781,0.701402,-1.44281,-0.132801,0.640698,-1.0764,-0.108922,0.633201,-1.48566,0.069799,0.864275,-1.2122,0.147551,0.893064,-0.95879,-0.0331243,0.461693,-1.11687,-0.0993672,0.633031,-1.14851,-0.109874,0.330193,-0.74311,-0.106438,0.251174,-0.714095,
-8.86156,-1.65665,28.685,-2.33328,-19.8515,-5.9638,2.7159,3.76066,7.25774,8.98081,12.0374,33.0697,0,0,0,0,0,0,0,0,0,0,0,0,0.0119123,0.650119,-1.52865,-0.0790662,1.0186,-1.37041,0.00552667,0.754612,-1.41541,0.0186953,0.703936,-1.45469,-0.147537,0.630785,-1.0382,-0.122181,0.673054,-1.51184,0.0527082,0.827478,-1.29928,0.17991,0.923456,-0.866867,0.0510419,0.329624,-0.950234,-0.0211286,0.470222,-1.00822,-0.0671787,0.13722,-0.4836,-0.0633316,0.0201284,-0.410863,
-8.72346,-2.80483,26.214,-3.5072,-16.8415,-8.60632,3.08689,2.08891,3.45812,10.2162,13.2503,34.4957,0,0,0,0,0,0,0,0,0,0,0,0,0.013809,0.655717,-1.54639,-0.0788086,1.02684,-1.39005,0.00427584,0.756136,-1.42353,0.0175428,0.702379,-1.46066,-0.140747,0.611115,-1.09207,-0.141042,0.730052,-1.57213,0.0589729,0.794908,-1.36997,0.202032,0.938706,-0.838742,0.123824,0.195372,-0.68137,0.0468651,0.287863,-0.782226,-0.0436397,0.0242188,-0.284519,-0.0385145,-0.140141,-0.16114,
-9.97022,-3.97793,26.116,-3.31844,-13.858,-9.18802,2.23773,0.246181,-1.6468,10.5406,14.6632,37.5041,0,0,0,0,0,0,0,0,0,0,0,0,0.016382,0.658201,-1.55597,-0.0779525,1.02928,-1.40287,0.0038165,0.756071,-1.42727,0.0171771,0.699271,-1.46196,-0.158482,0.590336,-1.10046,-0.140605,0.762687,-1.61216,0.0441254,0.759474,-1.46403,0.20866,0.957814,-0.780961,0.195937,0.136326,-0.590454,-0.0708162,-0.447058,-1.29064,-0.0115219,-0.0328026,-0.208259,-0.00501402,-0.24632,-0.0274221,
-12.1805,-4.57335,23.7134,0.0676274,-10.5283,-0.645905,0.593861,-2.93424,-3.70806,9.2527,14.27,39.7872,0,0,0,0,0,0,0,0,0,0,0,0,0.0225753,0.660979,-1.57041,-0.0819457,1.00764,-1.45221,0.00547372,0.755372,-1.43838,0.0179913,0.691685,-1.46112,-0.188778,0.581364,-1.15924,-0.10041,0.719101,-1.59005,0.0220009,0.70128,-1.52954,0.188439,0.939781,-0.735892,0.308961,0.108064,-0.610735,-0.601772,-2.96749,-3.85286,0.175074,-0.0226696,-0.725588,0.0677285,-0.34709,0.0557555,
-11.094,-3.75222,20.9593,1.335,-0.384951,4.22493,-0.138841,-1.77765,0.986919,6.53033,12.465,38.4599,0,0,0,0,0,0,0,0,0,0,0,0,0.030536,0.663373,-1.58399,-0.0950392,0.892374,-1.51978,0.00903318,0.74936,-1.46546,0.0209063,0.683938,-1.45939,-0.158433,0.598452,-1.22429,-0.0785669,0.677711,-1.5089,0.00795612,0.69379,-1.51052,0.145602,0.897888,-0.755903,0.389256,0.100891,-0.653239,-0.238348,-6.34529,-2.01489,0.044224,-0.710389,-1.92528,0.18217,-0.387639,0.128916,
-13.1704,-1.48476,23.6792,0.17682,-13.1995,5.94477,2.15729,3.64652,13.9092,4.01562,15.1375,33.4551,0,0,0,0,0,0,0,0,0,0,0,0,0.0382596,0.664833,-1.59635,-0.0887575,0.888817,-1.53082,0.00839811,0.727813,-1.48942,0.0253289,0.675498,-1.4549,-0.185244,0.640181,-1.18977,-0.0716171,0.645604,-1.43861,0.0435511,0.745334,-1.25746,0.10822,0.932449,-0.83468,0.487583,0.071613,-0.731944,0.425502,-0.0984228,-0.484947,-0.124375,-1.49046,-0.639717,0.301871,-0.558427,0.364987,
-7.60472,1.82547,25.3491,2.45333,-13.7053,6.24684,3.6379,5.40246,18.4013,2.48828,14.2422,25.5504,0,0,0,0,0,0,0,0,0,0,0,0,0.0480659,0.665986,-1.60988,-0.0800728,0.885317,-1.53755,0.00819734,0.6987,-1.45304,0.0314567,0.664379,-1.44706,-0.0826171,0.698696,-1.16201,-0.028951,0.630465,-1.42931,0.0785048,0.796577,-1.12477,0.080703,0.910266,-0.973194,0.231752,-0.0146647,-0.397877,0.199094,-0.17311,-0.16303,0.12723,-0.0107051,-0.192544,0.122373,-0.399159,0.284473,
-5.79108,2.07189,25.073,3.18557,-13.3255,6.96985,4.18905,5.47963,19.9438,0.738665,10.4989,17.4974,0,0,0,0,0,0,0,0,0,0,0,0,0.0489236,0.664129,-1.61335,-0.0794552,0.880981,-1.5373,0.00802816,0.697966,-1.45766,0.0312148,0.657894,-1.44198,-0.0573375,0.697687,-1.15639,-0.0223487,0.631208,-1.40467,0.0828646,0.794772,-1.09585,0.0431662,0.841703,-1.11701,-0.0296024,-0.125676,0.0329918,-0.024844,-0.22886,0.180565,-0.0405782,-0.0862839,-0.02446,-0.0451897,-0.216335,0.208846,
-4.08014,1.07605,20.574,3.58065,-12.6145,6.5825,4.23365,5.6412,19.4763,0.464943,7.25138,12.6822,0,0,0,0,0,0,0,0,0,0,0,0,0.0478072,0.661436,-1.60905,-0.0802499,0.876532,-1.53101,0.00703564,0.697547,-1.45777,0.0301387,0.656016,-1.43931,-0.0305818,0.675286,-1.22117,-0.0184625,0.639174,-1.39634,0.0804247,0.80123,-1.10362,0.0348703,0.788112,-1.20681,-0.128474,-0.174629,0.421856,-0.101307,-0.244533,0.457836,-0.109587,0.0340798,0.0011275,-0.113725,0.00771011,0.0584124,
-3.12625,1.09994,14.9479,3.60525,-11.5583,4.98401,3.27298,7.97234,20.1134,0.479287,5.37394,11.7178,0,0,0,0,0,0,0,0,0,0,0,0,0.0440039,0.657161,-1.59585,-0.0832694,0.871387,-1.51872,0.00389106,0.70001,-1.4583,0.0269204,0.659004,-1.44053,-0.0183472,0.670693,-1.30175,-0.0219413,0.654022,-1.40832,0.0590962,0.850559,-1.09481,0.0312343,0.763813,-1.23194,-0.168369,-0.197596,0.682003,-0.129002,-0.220432,0.604265,-0.131501,0.171024,-0.0675673,-0.134459,0.216964,-0.136179,
-3.90463,1.24684,13.5898,2.99638,-11.8487,7.38564,2.40597,8.08932,20.2996,-0.0792637,3.40342,10.6447,0,0,0,0,0,0,0,0,0,0,0,0,0.0411733,0.652928,-1.58017,-0.0852343,0.866856,-1.50521,0.00184958,0.705061,-1.46032,0.0251176,0.663569,-1.44389,-0.0318177,0.670872,-1.31472,-0.0318221,0.646516,-1.35558,0.0442861,0.859538,-1.0963,0.0215108,0.734029,-1.25747,-0.0610438,-0.144406,0.561086,-0.0326151,-0.14999,0.468825,-0.0399807,0.226075,-0.154756,-0.0661724,0.262174,-0.217747,
-3.56768,2.00465,12.1149,2.90208,-11.2863,8.57384,1.73067,8.51593,20.7593,-0.332981,1.97222,9.87481,0,0,0,0,0,0,0,0,0,0,0,0,0.0402581,0.650914,-1.57214,-0.0857676,0.864955,-1.49881,0.0012385,0.708779,-1.4647,0.0241845,0.669411,-1.44966,-0.0265673,0.683626,-1.33681,-0.0342812,0.656694,-1.33164,0.0313666,0.871284,-1.09474,0.0167492,0.714304,-1.28013,-0.0598424,-0.114167,0.460131,-0.0390711,-0.0933772,0.344607,-0.0408997,0.234353,-0.228557,-0.0422012,0.276053,-0.3057,
-3.69436,2.36997,12.203,3.15206,-10.9465,9.77317,1.26337,8.57571,21.4707,-0.464763,1.2731,10.0614,0,0,0,0,0,0,0,0,0,0,0,0,0.0390372,0.648712,-1.56355,-0.0866437,0.863667,-1.49318,0.000434555,0.714054,-1.47072,0.0233555,0.675762,-1.45768,-0.029343,0.689601,-1.33312,-0.030261,0.663953,-1.31082,0.0226727,0.876901,-1.0894,0.0141486,0.707174,-1.28635,-0.0369751,-0.0672853,0.261468,-0.0283393,-0.0210134,0.142371,-0.0223727,0.211622,-0.276724,-0.0231221,0.252526,-0.354633,
-3.69607,2.45498,12.2205,3.35357,-10.5389,10.3198,1.11379,8.70913,22.3557,-0.499621,1.13769,10.6311,0,0,0,0,0,0,0,0,0,0,0,0,0.0386466,0.647924,-1.56052,-0.086964,0.863662,-1.49193,0.000226066,0.717329,-1.47544,0.0231374,0.679579,-1.46348,-0.0291502,0.691356,-1.33362,-0.0265293,0.672493,-1.30308,0.0201881,0.882287,-1.07906,0.0137486,0.707839,-1.28225,-0.0181933,-0.0368078,0.143596,-0.0164794,0.0136709,0.0370575,-0.00881985,0.201999,-0.30813,-0.00931216,0.231426,-0.368565,
-3.88273,2.32398,12.7456,3.51484,-10.3847,10.8222,1.02721,8.73494,23.043,-0.560099,1.06465,11.2737,0,0,0,0,0,0,0,0,0,0,0,0,0.038407,0.647422,-1.55883,-0.0872459,0.864303,-1.49238,0.000143068,0.721413,-1.4823,0.0230422,0.684167,-1.47142,-0.0324048,0.689171,-1.32623,-0.0237117,0.676734,-1.29773,0.0187683,0.885607,-1.07327,0.0127848,0.709496,-1.27775,-0.00661923,-0.0154297,0.0262451,-0.0113685,0.0380293,-0.0647577,-0.00156652,0.164306,-0.303504,-0.00225377,0.182488,-0.345215,
-4.01088,2.34492,13.5062,3.69811,-10.2002,11.2908,1.08213,8.78771,23.588,-0.543815,1.11648,11.7247,0,0,0,0,0,0,0,0,0,0,0,0,0.0382829,0.64705,-1.55922,-0.0875428,0.865259,-1.49486,9.34787e-05,0.724503,-1.48891,0.0229686,0.687619,-1.47891,-0.0348045,0.68906,-1.31507,-0.0207495,0.681016,-1.29371,0.0196814,0.887423,-1.06806,0.0129507,0.711506,-1.27485,-0.00496073,-0.0191068,-0.0433055,-0.0136011,0.0371589,-0.126639,-0.00266261,0.0960493,-0.245074,-0.00398347,0.10959,-0.278576,
-3.97986,2.9565,14.1191,3.56653,-10.2624,11.1449,1.38006,8.44532,23.3305,-0.300109,1.4095,11.5262,0,0,0,0,0,0,0,0,0,0,0,0,0.0382016,0.646647,-1.56012,-0.0877726,0.865763,-1.49705,4.50879e-05,0.725601,-1.49237,0.0228939,0.688923,-1.48288,-0.0343657,0.699367,-1.30528,-0.023437,0.680006,-1.29894,0.0250078,0.880759,-1.07449,0.0172453,0.716596,-1.28066,-0.00629952,-0.0315964,-0.0572066,-0.0155971,0.0254631,-0.138327,-0.00395335,0.0490876,-0.192768,-0.00586956,0.0625342,-0.224658,
-4.04812,3.16878,14.3552,3.58279,-10.3426,11.0756,1.32931,8.44837,23.2248,-0.312077,1.46886,11.8021,0,0,0,0,0,0,0,0,0,0,0,0,0.0380484,0.645723,-1.56124,-0.0881181,0.866069,-1.49992,-3.61515e-05,0.726103,-1.49584,0.022763,0.689741,-1.48705,-0.035798,0.701746,-1.30155,-0.0234791,0.678235,-1.30244,0.0240479,0.880056,-1.07806,0.0169233,0.717327,-1.27805,-0.00746667,-0.0486115,-0.0400255,-0.0153577,0.00653911,-0.118843,-0.00260668,0.0105624,-0.13737,-0.00505978,0.0268796,-0.170756,
-4.07825,3.28629,14.2834,3.56316,-10.3372,11.0372,1.34901,8.40721,23.2451,-0.292069,1.52345,12.074,0,0,0,0,0,0,0,0,0,0,0,0,0.0378385,0.644427,-1.56175,-0.0884873,0.866078,-1.50235,-9.13098e-05,0.726227,-1.49874,0.0226445,0.690315,-1.49082,-0.0365869,0.702306,-1.30231,-0.0241711,0.677981,-1.30456,0.0243675,0.879143,-1.07965,0.0171757,0.718709,-1.27608,-0.00841644,-0.0572046,-0.00760411,-0.0143126,-0.00449182,-0.0879672,-0.0020965,0.001782,-0.108389,-0.00484286,0.0212239,-0.146247,
-4.13159,3.32123,14.1712,3.48383,-10.3379,11.0321,1.36104,8.34346,23.2023,-0.286313,1.56316,12.1431,0,0,0,0,0,0,0,0,0,0,0,0,0.0377362,0.643492,-1.56175,-0.0886793,0.865948,-1.50362,-0.000111305,0.726216,-1.50033,0.0225794,0.690595,-1.493,-0.0375383,0.701945,-1.30393,-0.0256706,0.677637,-1.30546,0.0246114,0.877826,-1.0815,0.0172562,0.719474,-1.2764,-0.00472584,-0.0590582,0.00492398,-0.0101965,-0.0106657,-0.0738597,-0.000717454,-0.00272793,-0.0927122,-0.0035918,0.0140078,-0.127898,
-4.12809,3.36929,14.1193,3.48298,-10.3224,11.0726,1.35851,8.28993,23.1691,-0.283941,1.57178,12.1933,0,0,0,0,0,0,0,0,0,0,0,0,0.0376523,0.642057,-1.56151,-0.0888889,0.865609,-1.50522,-0.000121169,0.726021,-1.50224,0.0224978,0.690775,-1.49573,-0.0375143,0.701356,-1.30437,-0.0258348,0.6774,-1.3059,0.0245729,0.876345,-1.08327,0.0172278,0.719459,-1.27741,-0.00337475,-0.0599323,0.0129719,-0.00833326,-0.0161587,-0.0611741,-0.00018883,-0.0122884,-0.0698435,-0.00328258,0.00323633,-0.103261,
-3.99896,3.42191,14.5036,3.41396,-10.6595,11.4373,1.69337,8.05311,22.8539,-0.28578,1.52381,11.984,0,0,0,0,0,0,0,0,0,0,0,0,0.0375948,0.641105,-1.56127,-0.089021,0.865333,-1.50613,-0.000119713,0.725792,-1.50326,0.0224486,0.690796,-1.49727,-0.0352409,0.701385,-1.29701,-0.027221,0.670941,-1.29991,0.0306784,0.871698,-1.08966,0.0171567,0.718508,-1.28238,-0.00389146,-0.0591483,0.0168873,-0.00830869,-0.0178004,-0.0531554,0.00029315,-0.0157015,-0.0587799,-0.00292826,0.000190473,-0.0916244,
-3.95421,3.52562,14.3334,3.39837,-10.6434,11.2559,1.64286,7.99583,22.7965,-0.333397,1.52505,12.072,0,0,0,0,0,0,0,0,0,0,0,0,0.0375018,0.639694,-1.5607,-0.0892048,0.864847,-1.50714,-9.02586e-05,0.725423,-1.50453,0.0223979,0.690803,-1.49929,-0.0344767,0.701851,-1.29889,-0.0275954,0.670514,-1.30331,0.0298779,0.870444,-1.09172,0.0163219,0.718638,-1.2824,-0.00256363,-0.0594436,0.0366181,-0.00547057,-0.0249649,-0.0250621,0.00299581,-0.0109232,-0.0511641,-0.000434168,0.00325528,-0.0794618,
-3.93355,3.62938,14.1365,3.3905,-10.5491,11.1688,1.68022,7.95429,22.837,-0.281351,1.58962,12.1287,0,0,0,0,0,0,0,0,0,0,0,0,0.0374627,0.638363,-1.55965,-0.0892933,0.864201,-1.5074,-1.94792e-05,0.725233,-1.50558,0.0223925,0.690886,-1.50091,-0.0341016,0.702359,-1.30089,-0.0277577,0.671354,-1.30449,0.030626,0.869581,-1.09182,0.0172589,0.719875,-1.28263,-0.00138601,-0.0608926,0.0528195,-0.00335333,-0.0319188,-0.00494791,0.00293385,-0.00841108,-0.04466,-0.000555591,0.00267676,-0.0685228,
-3.89132,3.70825,14.0296,3.41001,-10.4944,11.1434,1.66941,7.9469,22.8515,-0.281796,1.61661,12.1663,0,0,0,0,0,0,0,0,0,0,0,0,0.03744,0.637274,-1.55868,-0.0893486,0.863607,-1.50743,3.31074e-05,0.725068,-1.50633,0.0223817,0.690909,-1.50207,-0.0333518,0.702739,-1.30185,-0.0274454,0.671713,-1.30485,0.030491,0.869229,-1.09214,0.0172467,0.72031,-1.28287,-0.00123508,-0.0598193,0.0533568,-0.00295902,-0.0331759,-0.00070811,0.00320629,-0.0100292,-0.0394452,-0.000348505,0.000236547,-0.0614605,
-3.84941,3.7611,13.9565,3.44941,-10.4632,11.1514,1.65108,7.91225,22.8244,-0.284954,1.61834,12.1985,0,0,0,0,0,0,0,0,0,0,0,0,0.0374141,0.636,-1.55758,-0.0894118,0.862895,-1.50745,0.000115487,0.724828,-1.50715,0.0223848,0.690888,-1.50334,-0.0326109,0.702553,-1.3023,-0.0267871,0.671628,-1.30475,0.0302735,0.868313,-1.09333,0.017223,0.720254,-1.28337,-0.00109388,-0.0559355,0.046557,-0.00280124,-0.0313726,-0.00176546,0.00422607,-0.0114309,-0.0358991,0.000584995,-0.00179356,-0.0555481,
-3.72202,3.69805,14.099,3.32017,-10.6053,11.3056,1.87752,7.77599,22.7556,-0.353725,1.42525,11.822,0,0,0,0,0,0,0,0,0,0,0,0,0.0373939,0.634828,-1.55665,-0.0894705,0.862235,-1.50751,0.000221803,0.724573,-1.50792,0.0224102,0.690834,-1.50451,-0.030302,0.7004,-1.29908,-0.0291854,0.66847,-1.30209,0.0345346,0.86558,-1.09531,0.0160333,0.716651,-1.29124,-0.000694774,-0.050905,0.0376931,-0.00249401,-0.0287581,-0.00399582,0.00537593,-0.0114605,-0.034606,0.00166518,-0.00295024,-0.0510824,
-3.65643,3.78045,14.0202,3.34159,-10.5805,11.2586,1.84459,7.78132,22.7661,-0.379666,1.39045,11.8274,0,0,0,0,0,0,0,0,0,0,0,0,0.0373821,0.633941,-1.55602,-0.0895148,0.861729,-1.50758,0.000328682,0.724378,-1.50854,0.0224493,0.690788,-1.50542,-0.0291218,0.701082,-1.29994,-0.0288376,0.668439,-1.30295,0.0340797,0.865533,-1.09578,0.0156348,0.71602,-1.29203,-0.000712079,-0.0487171,0.0354622,-0.00241544,-0.0280203,-0.00208517,0.00650838,-0.00987263,-0.035581,0.00270522,-0.00149612,-0.0505983,
-3.64763,3.88817,13.9623,3.35481,-10.5108,11.2836,1.83232,7.78487,22.8481,-0.385785,1.41412,11.9189,0,0,0,0,0,0,0,0,0,0,0,0,0.0373673,0.632796,-1.5552,-0.0895689,0.861064,-1.50762,0.000496211,0.72416,-1.50942,0.0225252,0.69076,-1.50662,-0.0289659,0.701965,-1.3003,-0.0286404,0.669064,-1.30254,0.0340469,0.865419,-1.09522,0.0156216,0.716427,-1.29155,-0.000386866,-0.0466156,0.0317441,-0.00208152,-0.0273092,-0.00237856,0.0072043,-0.0086646,-0.0374297,0.00338096,-0.00135807,-0.0499871,
-3.6292,3.94679,13.9419,3.37798,-10.4693,11.3148,1.81924,7.78165,22.9066,-0.398817,1.42091,11.9793,0,0,0,0,0,0,0,0,0,0,0,0,0.0373626,0.632065,-1.55473,-0.0896013,0.860633,-1.50767,0.00061486,0.724021,-1.51003,0.0225825,0.690732,-1.50741,-0.0286302,0.702354,-1.30034,-0.0282479,0.66941,-1.30207,0.0339442,0.865217,-1.09478,0.0154573,0.716496,-1.2912,-0.000221849,-0.0449433,0.0275669,-0.00196685,-0.0266221,-0.00370153,0.0077076,-0.00880658,-0.0378845,0.00385121,-0.0021544,-0.0487478,
-3.60383,4.00811,13.9412,3.41653,-10.4269,11.3041,1.79208,7.79122,22.9675,-0.418911,1.43095,12.042,0,0,0,0,0,0,0,0,0,0,0,0,0.0373596,0.631019,-1.55415,-0.0896454,0.860006,-1.50777,0.000819006,0.723797,-1.51093,0.0226931,0.69066,-1.50854,-0.0281669,0.702503,-1.29999,-0.0275831,0.669584,-1.3024,0.0337056,0.865131,-1.09455,0.0152512,0.716554,-1.29108,-7.17884e-05,-0.0424801,0.0209384,-0.00172411,-0.0257416,-0.00470719,0.00926763,-0.00991458,-0.0371925,0.00533578,-0.00376952,-0.0453612,
-3.61238,4.38218,14.0082,3.38967,-10.2686,11.2013,1.73561,7.75774,23.0322,-0.319618,1.6249,12.1553,0,0,0,0,0,0,0,0,0,0,0,0,0.0373586,0.630109,-1.55376,-0.0896819,0.859448,-1.50789,0.00103641,0.723562,-1.51173,0.0228232,0.690555,-1.5095,-0.0283205,0.708461,-1.29855,-0.0281042,0.671924,-1.30441,0.0329254,0.864238,-1.09412,0.0172136,0.719905,-1.28984,1.6941e-05,-0.0404694,0.0156748,-0.00161043,-0.0251468,-0.00558696,0.0101581,-0.0114431,-0.0353282,0.00616066,-0.00591628,-0.0412666,
-3.61079,4.40524,14.0141,3.41027,-10.2762,11.1954,1.72636,7.72333,23.0371,-0.326236,1.63428,12.2259,0,0,0,0,0,0,0,0,0,0,0,0,0.0373583,0.629397,-1.55351,-0.089712,0.859,-1.50799,0.00121856,0.723346,-1.51234,0.0229331,0.690431,-1.51021,-0.0282973,0.70824,-1.29829,-0.0277668,0.671375,-1.30465,0.0329321,0.863393,-1.0946,0.0171958,0.719935,-1.28919,-0.000146215,-0.0382559,0.0126937,-0.00182559,-0.0239699,-0.00645574,0.00993645,-0.0115229,-0.0340025,0.00593682,-0.00644378,-0.0389796,
-3.60541,4.38539,14.0029,3.41406,-10.2687,11.2287,1.72623,7.67578,23.0436,-0.331666,1.61979,12.2482,0,0,0,0,0,0,0,0,0,0,0,0,0.0373537,0.628612,-1.55327,-0.0897561,0.858514,-1.50815,0.00142751,0.723133,-1.5131,0.0230541,0.690323,-1.51107,-0.0282041,0.707237,-1.29836,-0.0277496,0.671127,-1.30425,0.0331144,0.862401,-1.09523,0.0171935,0.719628,-1.28963,-0.000149646,-0.0338891,0.00953117,-0.00205357,-0.0208617,-0.00785724,0.00919275,-0.0089144,-0.0338276,0.00518656,-0.00446302,-0.0383679,
-3.59177,4.38752,13.9809,3.42099,-10.2492,11.2429,1.71728,7.65431,23.0579,-0.344407,1.61587,12.2701,0,0,0,0,0,0,0,0,0,0,0,0,0.037351,0.627838,-1.55307,-0.0898065,0.858038,-1.50835,0.00164274,0.72292,-1.51387,0.0231727,0.690212,-1.51194,-0.0279574,0.706592,-1.29864,-0.0276761,0.671058,-1.3042,0.0331585,0.861784,-1.09562,0.0170707,0.719423,-1.28997,-0.000110045,-0.0311534,0.00721627,-0.00212196,-0.0192446,-0.00822764,0.00893832,-0.00932947,-0.0301513,0.00488884,-0.00514174,-0.0343717,
-3.58149,4.39216,13.9679,3.42643,-10.2344,11.2471,1.70897,7.63993,23.0578,-0.35352,1.61462,12.2772,0,0,0,0,0,0,0,0,0,0,0,0,0.0373493,0.62735,-1.55297,-0.0898407,0.857735,-1.50848,0.00178535,0.722759,-1.51432,0.0232502,0.690117,-1.51246,-0.0277717,0.706222,-1.29881,-0.0276121,0.67104,-1.30426,0.0331497,0.861311,-1.09596,0.0169808,0.719254,-1.29024,-9.38461e-05,-0.0300984,0.0058551,-0.00214128,-0.0187733,-0.00837816,0.00892546,-0.0108532,-0.0265852,0.0048351,-0.00670609,-0.0306395,
-3.44552,4.10854,13.764,3.30591,-10.3989,11.1648,1.9235,7.61494,22.9775,-0.454526,1.33467,11.8841,0,0,0,0,0,0,0,0,0,0,0,0,0.0373474,0.626701,-1.55286,-0.0898883,0.857326,-1.50867,0.00198027,0.72249,-1.51484,0.0233544,0.689938,-1.51307,-0.0253011,0.70045,-1.30246,-0.0298526,0.667651,-1.30596,0.0372402,0.860505,-1.09777,0.0152419,0.713899,-1.29782,-7.97457e-05,-0.0290741,0.00427945,-0.00218837,-0.0184497,-0.00866532,0.00877532,-0.0133851,-0.0213787,0.00463182,-0.00934876,-0.0252425,
-3.42714,4.19897,13.7743,3.30039,-10.3667,11.1981,1.88864,7.67747,23.0076,-0.482232,1.32383,11.8503,0,0,0,0,0,0,0,0,0,0,0,0,0.0373482,0.626011,-1.55279,-0.08994,0.856887,-1.5089,0.00219499,0.722128,-1.5153,0.0234687,0.689676,-1.51361,-0.0249533,0.701407,-1.30236,-0.0299973,0.667808,-1.30568,0.036857,0.861145,-1.09754,0.0148854,0.713322,-1.29885,0.000310545,-0.028989,-0.000206698,-0.00196841,-0.0181157,-0.0116885,0.00987344,-0.0175254,-0.0172217,0.00563737,-0.0129364,-0.0212918,
-3.42222,4.29109,13.7827,3.31759,-10.3321,11.2474,1.86227,7.70425,23.0655,-0.501038,1.34048,11.9082,0,0,0,0,0,0,0,0,0,0,0,0,0.0373538,0.625543,-1.55282,-0.0899709,0.856601,-1.50911,0.00236418,0.721828,-1.51557,0.0235699,0.689457,-1.51395,-0.0248585,0.702608,-1.30233,-0.029716,0.668173,-1.30508,0.0365768,0.861291,-1.09678,0.0146742,0.713389,-1.29816,0.000304254,-0.029185,-0.00300601,-0.00198366,-0.0174729,-0.014199,0.0107911,-0.0187607,-0.0176845,0.00654199,-0.0134424,-0.0221078,
-3.42689,4.35817,13.7954,3.3322,-10.2921,11.3072,1.84144,7.71372,23.1289,-0.516063,1.35752,11.972,0,0,0,0,0,0,0,0,0,0,0,0,0.0373602,0.624906,-1.5529,-0.0900152,0.856227,-1.50944,0.00260389,0.721431,-1.51599,0.0237162,0.689179,-1.51447,-0.0249366,0.703203,-1.30219,-0.0294953,0.668548,-1.30434,0.0364409,0.861105,-1.09611,0.0145506,0.713461,-1.29759,0.000317399,-0.0287951,-0.00364588,-0.00200303,-0.0168326,-0.0150771,0.0108891,-0.0175722,-0.0198262,0.00664324,-0.0122152,-0.0242918,
-3.41536,4.40826,13.7877,3.34962,-10.2538,11.3152,1.83535,7.72055,23.1813,-0.516745,1.38018,11.9993,0,0,0,0,0,0,0,0,0,0,0,0,0.0373676,0.624215,-1.55298,-0.0900635,0.855923,-1.5097,0.00279833,0.721118,-1.51635,0.0238341,0.68896,-1.51491,-0.0247204,0.703417,-1.3024,-0.0292278,0.668931,-1.30446,0.0365196,0.860917,-1.09552,0.0146507,0.713649,-1.29753,0.000290617,-0.028976,-0.00315412,-0.00202992,-0.0170901,-0.0147383,0.0107324,-0.0175435,-0.0198202,0.00647491,-0.0123911,-0.0240637,
-3.49813,4.83425,13.9155,3.36743,-10.0377,11.3284,1.66232,7.67918,23.2156,-0.421789,1.65869,12.2356,0,0,0,0,0,0,0,0,0,0,0,0,0.0373729,0.623748,-1.55303,-0.0900953,0.855539,-1.51002,0.00303319,0.720718,-1.51677,0.023975,0.688671,-1.51542,-0.026218,0.710684,-1.30013,-0.0289336,0.672456,-1.30452,0.0336069,0.859721,-1.09525,0.0165156,0.718374,-1.29367,0.000349823,-0.0293067,-0.00322122,-0.00196546,-0.0177227,-0.0144246,0.0106837,-0.0188989,-0.0179952,0.00640087,-0.0139119,-0.0219822,
-3.50687,4.84788,13.9188,3.39196,-10.0233,11.3601,1.65947,7.63641,23.2284,-0.419448,1.68686,12.3302,0,0,0,0,0,0,0,0,0,0,0,0,0.0373763,0.623057,-1.5531,-0.0901471,0.855121,-1.51036,0.00327852,0.720278,-1.51719,0.024118,0.688349,-1.51594,-0.0263969,0.710315,-1.30007,-0.0285617,0.672352,-1.30424,0.033751,0.858622,-1.09549,0.0166539,0.718675,-1.29253,-0.000363594,-0.0270394,-0.00126247,-0.00264541,-0.0161298,-0.0129498,0.00917203,-0.0152908,-0.0192288,0.00495601,-0.0105066,-0.0236603,
-3.50272,4.78655,13.9112,3.38957,-10.0273,11.3682,1.66322,7.5912,23.2101,-0.422467,1.66698,12.31,0,0,0,0,0,0,0,0,0,0,0,0,0.0373683,0.622652,-1.5531,-0.0901922,0.854881,-1.51055,0.00341426,0.720076,-1.51752,0.0241865,0.688219,-1.51634,-0.0263328,0.708886,-1.30018,-0.0286556,0.672097,-1.30424,0.0339238,0.857718,-1.09618,0.0166369,0.718288,-1.29333,-0.000469253,-0.0242676,-0.000176326,-0.00281018,-0.0143579,-0.011538,0.00822466,-0.011598,-0.0202371,0.00402055,-0.00732173,-0.024674,
-3.48972,4.77034,13.8944,3.3901,-10.0149,11.37,1.66028,7.58346,23.213,-0.430138,1.66435,12.3038,0,0,0,0,0,0,0,0,0,0,0,0,0.0373572,0.6221,-1.55311,-0.0902601,0.854554,-1.51082,0.00360578,0.719809,-1.51797,0.0242769,0.688051,-1.5169,-0.0261087,0.708107,-1.3005,-0.0287158,0.672033,-1.30443,0.0340503,0.857323,-1.09648,0.0165755,0.718083,-1.29391,-0.000502681,-0.0221834,-0.000351416,-0.0028679,-0.013163,-0.010615,0.00787148,-0.0112032,-0.0173243,0.00364523,-0.00700033,-0.0218959,
-3.48923,4.77107,13.8992,3.3876,-10.0036,11.3908,1.65087,7.58073,23.2182,-0.443853,1.66034,12.3111,0,0,0,0,0,0,0,0,0,0,0,0,0.0373463,0.62163,-1.55312,-0.0903232,0.854276,-1.51104,0.00377786,0.719561,-1.51832,0.0243557,0.687897,-1.51735,-0.0261102,0.707701,-1.30044,-0.0288241,0.671994,-1.30427,0.034049,0.857024,-1.09666,0.0164021,0.717856,-1.29416,-0.000485596,-0.0206565,-0.000885051,-0.00286385,-0.0121609,-0.0102966,0.0078049,-0.0112611,-0.014881,0.00355704,-0.00697211,-0.0196425,
-3.39608,4.50918,13.8083,3.30066,-10.1414,11.4248,1.78517,7.55695,23.1106,-0.53936,1.43368,12.0001,0,0,0,0,0,0,0,0,0,0,0,0,0.0373385,0.62131,-1.55314,-0.090369,0.854088,-1.51121,0.00390193,0.719384,-1.51855,0.0244118,0.687788,-1.51766,-0.0244249,0.702654,-1.30211,-0.0304515,0.669324,-1.30381,0.0366114,0.856425,-1.0988,0.0147176,0.713639,-1.30008,-0.000503382,-0.0195915,-0.000994487,-0.0028873,-0.0114641,-0.0099121,0.00769158,-0.0109183,-0.0136745,0.00343374,-0.00660184,-0.0185668,
-3.37747,4.56616,13.8019,3.29564,-10.1119,11.4343,1.76681,7.5869,23.146,-0.554405,1.41953,11.9795,0,0,0,0,0,0,0,0,0,0,0,0,0.0373268,0.620853,-1.55316,-0.0904385,0.853822,-1.51144,0.00408696,0.71913,-1.51886,0.0244942,0.68764,-1.5181,-0.0240977,0.703252,-1.30227,-0.0306129,0.669609,-1.30386,0.0364717,0.856729,-1.09847,0.0145346,0.713255,-1.3009,-0.000488038,-0.0190304,-0.00140954,-0.00290904,-0.0109808,-0.0097429,0.00797369,-0.0105267,-0.0136185,0.0036805,-0.00593133,-0.0188286,
-3.38107,4.6504,13.8059,3.30483,-10.071,11.4683,1.74931,7.61429,23.2196,-0.565305,1.43906,12.041,0,0,0,0,0,0,0,0,0,0,0,0,0.0373141,0.62043,-1.5532,-0.0905041,0.853583,-1.51166,0.00426651,0.7189,-1.51918,0.0245793,0.687516,-1.51853,-0.0241817,0.70435,-1.30225,-0.0305172,0.670126,-1.3035,0.0363388,0.857009,-1.09751,0.0144274,0.713511,-1.30029,-0.000666561,-0.0193465,-0.00183094,-0.00308481,-0.0106663,-0.0107342,0.00814968,-0.0101748,-0.0152504,0.00386056,-0.00521075,-0.0208343,
-3.38711,4.69931,13.8192,3.3151,-10.042,11.5118,1.73584,7.62495,23.2708,-0.5735,1.44917,12.0819,0,0,0,0,0,0,0,0,0,0,0,0,0.0373014,0.620079,-1.55324,-0.0905604,0.853391,-1.51186,0.00441262,0.718718,-1.51946,0.0246482,0.687424,-1.51892,-0.0243061,0.704879,-1.30204,-0.0303892,0.670459,-1.30292,0.036237,0.857018,-1.09687,0.0143441,0.713601,-1.29994,-0.000722139,-0.0196243,-0.00178097,-0.00315827,-0.0107182,-0.0111502,0.00805829,-0.0102453,-0.0156333,0.00376245,-0.00523738,-0.0213731,
-3.38326,4.73756,13.817,3.32781,-10.0081,11.5249,1.7291,7.63715,23.3197,-0.575071,1.46777,12.1115,0,0,0,0,0,0,0,0,0,0,0,0,0.0372855,0.619642,-1.55327,-0.0906299,0.853149,-1.5121,0.00458839,0.718485,-1.5198,0.0247293,0.6873,-1.51938,-0.0242519,0.70512,-1.30209,-0.0302269,0.670813,-1.3029,0.0362864,0.856985,-1.09629,0.0143923,0.713789,-1.29983,-0.000722327,-0.0201288,-0.00109603,-0.00313998,-0.0113238,-0.0105985,0.00793961,-0.0109181,-0.0147341,0.00362985,-0.00605285,-0.020331,
-3.50111,5.1294,13.9807,3.3911,-9.78818,11.597,1.56296,7.62834,23.3941,-0.468395,1.74174,12.4121,0,0,0,0,0,0,0,0,0,0,0,0,0.037273,0.619276,-1.55328,-0.0906857,0.85294,-1.51229,0.00473089,0.718281,-1.52005,0.0247941,0.687183,-1.51973,-0.0264054,0.711868,-1.29911,-0.0291296,0.674586,-1.30176,0.0334076,0.856596,-1.09515,0.0163954,0.718624,-1.29468,-0.000669354,-0.0204608,-0.000703328,-0.00306509,-0.0118268,-0.0100964,0.00792021,-0.0116786,-0.0135928,0.00359475,-0.00693404,-0.0190174,
-3.50487,5.11609,13.9836,3.41837,-9.78403,11.6025,1.55534,7.59118,23.3882,-0.469639,1.75874,12.4829,0,0,0,0,0,0,0,0,0,0,0,0,0.037257,0.618831,-1.55328,-0.0907531,0.852679,-1.51249,0.00490219,0.718029,-1.52034,0.0248704,0.687033,-1.52014,-0.0264993,0.711219,-1.29899,-0.0287047,0.674413,-1.30178,0.0334243,0.855725,-1.09553,0.0164344,0.718835,-1.29378,-0.000959614,-0.0192993,0.00143841,-0.00317131,-0.0114441,-0.00754011,0.00743112,-0.0099314,-0.013113,0.00314176,-0.0053487,-0.0183844,
-3.50083,5.06058,13.9732,3.4157,-9.78519,11.5888,1.55727,7.56144,23.3591,-0.468756,1.74471,12.4525,0,0,0,0,0,0,0,0,0,0,0,0,0.0372344,0.618401,-1.55322,-0.0908271,0.852415,-1.51262,0.00507328,0.717827,-1.52063,0.0249384,0.686934,-1.52055,-0.026445,0.709862,-1.29905,-0.0288201,0.674152,-1.30204,0.0336159,0.855053,-1.09628,0.0165034,0.718533,-1.29465,-0.000850666,-0.0168166,0.00344789,-0.00295098,-0.0107167,-0.00377766,0.00698826,-0.00777294,-0.0109076,0.00268419,-0.00374548,-0.0156906,
-3.48752,5.02909,13.9496,3.41166,-9.78757,11.5594,1.55958,7.55127,23.3397,-0.469747,1.73681,12.4265,0,0,0,0,0,0,0,0,0,0,0,0,0.0372213,0.618145,-1.55316,-0.0908738,0.85225,-1.51267,0.00518326,0.717709,-1.5208,0.0249795,0.686878,-1.52078,-0.0262152,0.709077,-1.29941,-0.0289391,0.673965,-1.30259,0.0337622,0.85477,-1.09675,0.0165205,0.718348,-1.29531,-0.00082398,-0.0154522,0.00353676,-0.00291838,-0.0100421,-0.00280711,0.00680969,-0.00716856,-0.00944866,0.00250245,-0.00329923,-0.0141147,
-3.49168,5.02213,13.9504,3.40419,-9.78776,11.574,1.55241,7.54536,23.3287,-0.47849,1.72699,12.4265,0,0,0,0,0,0,0,0,0,0,0,0,0.037204,0.617827,-1.55309,-0.0909378,0.852043,-1.51273,0.00533102,0.717559,-1.52099,0.0250325,0.686812,-1.52108,-0.0263054,0.70869,-1.29937,-0.0291384,0.673796,-1.30239,0.0337743,0.854533,-1.0971,0.0164092,0.718121,-1.29557,-0.000740531,-0.0136838,0.00253021,-0.00290212,-0.00878602,-0.00305859,0.00664856,-0.00654277,-0.00825283,0.00233874,-0.00277691,-0.0129542,
-3.4196,4.80617,13.9413,3.35876,-9.88922,11.7328,1.62244,7.4983,23.1985,-0.570207,1.55608,12.2492,0,0,0,0,0,0,0,0,0,0,0,0,0.037187,0.61752,-1.55304,-0.0910077,0.851847,-1.51281,0.00548741,0.717411,-1.52117,0.0250854,0.686752,-1.52138,-0.0250104,0.704508,-1.29951,-0.0300352,0.671791,-1.29959,0.0351956,0.853553,-1.09963,0.0147862,0.714972,-1.29906,-0.000697786,-0.0121213,0.00175668,-0.00293209,-0.00769774,-0.00325792,0.00639278,-0.00583103,-0.00740656,0.00208256,-0.00223279,-0.0121002,
-3.40005,4.83186,13.921,3.35821,-9.85568,11.7162,1.60828,7.49873,23.2046,-0.576745,1.5446,12.2183,0,0,0,0,0,0,0,0,0,0,0,0,0.0371769,0.617329,-1.55301,-0.0910536,0.851723,-1.51285,0.00559006,0.717323,-1.52129,0.0251189,0.68672,-1.52157,-0.0246602,0.704782,-1.29981,-0.0300855,0.672256,-1.29987,0.0350466,0.853494,-1.09965,0.0147057,0.714741,-1.29981,-0.000551145,-0.0121866,0.00274163,-0.00276013,-0.00832639,-0.00140908,0.00656991,-0.00519288,-0.0077787,0.00223259,-0.00191524,-0.0118784,
-3.40071,4.89962,13.9125,3.36774,-9.80873,11.7062,1.5983,7.51992,23.2663,-0.574739,1.56739,12.2529,0,0,0,0,0,0,0,0,0,0,0,0,0.0371632,0.617026,-1.55293,-0.0911185,0.851507,-1.51286,0.00574949,0.717205,-1.52149,0.0251743,0.686674,-1.52186,-0.0246878,0.705688,-1.29985,-0.0299758,0.672859,-1.30001,0.0350256,0.853775,-1.09877,0.0147987,0.715108,-1.29947,-0.000609243,-0.0128905,0.0037538,-0.0027148,-0.0093917,0.000108473,0.00660405,-0.00477624,-0.00901323,0.0022695,-0.00196494,-0.0121459,
-3.40234,4.93953,13.9205,3.37923,-9.78071,11.719,1.58959,7.53315,23.3136,-0.575562,1.5776,12.2747,0,0,0,0,0,0,0,0,0,0,0,0,0.0371515,0.616791,-1.55286,-0.0911679,0.851333,-1.51285,0.0058676,0.717119,-1.52166,0.0252143,0.686636,-1.52208,-0.0247315,0.706171,-1.29964,-0.0298183,0.673184,-1.29978,0.0349828,0.853925,-1.09809,0.0148212,0.715246,-1.2993,-0.000682548,-0.0131216,0.00357395,-0.00277876,-0.00971948,0.000110343,0.00652751,-0.00486794,-0.00946009,0.00218827,-0.00224766,-0.0122358,
-3.3984,4.96446,13.9187,3.39118,-9.75788,11.7174,1.58437,7.53942,23.3489,-0.574593,1.58663,12.2891,0,0,0,0,0,0,0,0,0,0,0,0,0.0371356,0.616501,-1.55278,-0.0912299,0.851117,-1.51285,0.00601032,0.717009,-1.52187,0.0252615,0.686583,-1.52234,-0.0246784,0.70633,-1.2996,-0.0296651,0.673377,-1.2998,0.0350282,0.853925,-1.09765,0.0148833,0.715349,-1.2993,-0.000758191,-0.0132294,0.0035451,-0.00284361,-0.00990492,0.000208579,0.00645498,-0.00503178,-0.00939971,0.00210876,-0.00249821,-0.0120047,
-3.51237,5.22691,14.2287,3.49104,-9.64464,12.0663,1.45097,7.50295,23.343,-0.526072,1.8003,12.5932,0,0,0,0,0,0,0,0,0,0,0,0,0.037117,0.616183,-1.5527,-0.0912984,0.850879,-1.51284,0.00616509,0.716917,-1.52204,0.0252992,0.686537,-1.52256,-0.0267698,0.710784,-1.29388,-0.0279185,0.675198,-1.29345,0.0327576,0.853163,-1.09792,0.0158031,0.719182,-1.29397,-0.000780759,-0.0132402,0.00352859,-0.0028576,-0.00990851,0.000199572,0.00645757,-0.00523254,-0.00907494,0.00210262,-0.00265947,-0.0117239,
-3.49582,5.20558,14.2009,3.52041,-9.62596,12.0093,1.44065,7.46372,23.3206,-0.530911,1.8199,12.6416,0,0,0,0,0,0,0,0,0,0,0,0,0.0371034,0.615969,-1.55261,-0.091343,0.850712,-1.51281,0.00626843,0.716809,-1.52223,0.0253455,0.686484,-1.5228,-0.026489,0.71017,-1.29412,-0.0274223,0.675316,-1.29424,0.0326738,0.852393,-1.09849,0.0157616,0.719528,-1.29329,-0.000978498,-0.0136216,0.00884479,-0.00264898,-0.0115602,0.00664279,0.00647155,-0.00368373,-0.0082424,0.0021088,-0.00137886,-0.0100789,
-3.48221,5.17565,14.1586,3.52071,-9.60988,11.9088,1.44785,7.45703,23.2933,-0.517212,1.82516,12.5957,0,0,0,0,0,0,0,0,0,0,0,0,0.0370775,0.615635,-1.55229,-0.0914011,0.850397,-1.51251,0.00642266,0.716742,-1.52239,0.0253946,0.686464,-1.52299,-0.0262714,0.70928,-1.29436,-0.0274624,0.675211,-1.29549,0.0329553,0.852243,-1.09905,0.0160553,0.719621,-1.29417,-0.00109739,-0.0139693,0.0154164,-0.00226499,-0.0140591,0.0153501,0.00635983,-0.0024948,-0.00543002,0.00197235,-0.000852556,-0.00595168,
-3.46972,5.1695,14.1272,3.51816,-9.6,11.8533,1.45537,7.46895,23.2958,-0.509359,1.8309,12.5722,0,0,0,0,0,0,0,0,0,0,0,0,0.0370594,0.615414,-1.55204,-0.0914368,0.850168,-1.51225,0.0065233,0.716705,-1.52247,0.0254251,0.68645,-1.52307,-0.0260633,0.708963,-1.29465,-0.0275433,0.675159,-1.29619,0.0331889,0.852431,-1.09906,0.0162247,0.719712,-1.29464,-0.00113184,-0.0135026,0.0160471,-0.00223197,-0.0141733,0.0167174,0.00624153,-0.00223729,-0.00450042,0.00185489,-0.000831741,-0.00462555,
-3.47437,5.1727,14.118,3.51397,-9.59806,11.8541,1.44766,7.47089,23.2813,-0.513728,1.82321,12.5675,0,0,0,0,0,0,0,0,0,0,0,0,0.0370332,0.615107,-1.55168,-0.091491,0.849843,-1.51187,0.00667142,0.716654,-1.52257,0.0254679,0.686432,-1.52318,-0.0261711,0.708758,-1.29453,-0.0276752,0.674912,-1.29585,0.0331929,0.85242,-1.09941,0.0161844,0.719559,-1.29483,-0.00103852,-0.0121587,0.0139076,-0.00227831,-0.0128677,0.0148454,0.00612479,-0.00206583,-0.00422004,0.00174221,-0.000679906,-0.0045045,
-3.44043,5.11049,14.1237,3.46733,-9.61245,11.9228,1.44863,7.40366,23.0838,-0.543573,1.76899,12.4225,0,0,0,0,0,0,0,0,0,0,0,0,0.037011,0.614852,-1.55139,-0.0915419,0.849573,-1.51156,0.00680489,0.716611,-1.52266,0.025505,0.68642,-1.52328,-0.025575,0.707406,-1.29419,-0.0285764,0.674413,-1.29434,0.0333406,0.851164,-1.10309,0.0156756,0.71857,-1.29757,-0.00100076,-0.0111536,0.0124211,-0.00234708,-0.0118497,0.0134779,0.00601863,-0.00180226,-0.00417445,0.00164026,-0.000400876,-0.00462983,
-3.77774,5.96056,12.7494,4.9565,-6.32517,9.48239,1.11656,11.7271,27.4839,-0.561974,5.78548,16.9108,0,0,0,0,0,0,0,0,0,0,0,0,0.0369948,0.614678,-1.5512,-0.0915801,0.849387,-1.51135,0.00690082,0.716588,-1.52274,0.025531,0.686419,-1.52336,-0.0317261,0.722699,-1.31899,-0.00154191,0.734006,-1.3385,0.0273985,0.92978,-1.02321,0.0153673,0.791626,-1.21608,-0.00106266,-0.0107929,0.012137,-0.0024431,-0.0115533,0.0134775,0.0060078,-0.000848373,-0.0055897,0.00164766,0.000496876,-0.00586945,
-3.94864,6.16128,12.2419,5.29493,-4.86625,9.33463,0.97841,14.6593,30.8161,-0.634536,10.6386,21.5978,0,0,0,0,0,0,0,0,0,0,0,0,0.0370291,0.614753,-1.55134,-0.0916076,0.849498,-1.51159,0.00699576,0.716569,-1.52262,0.0255155,0.686419,-1.52334,-0.0345711,0.727584,-1.32987,0.00468882,0.761904,-1.34326,0.0248151,0.983075,-0.961633,0.0138545,0.879838,-1.13035,0.00590442,0.024686,-0.0337768,0.000762798,0.0269864,-0.0424529,0.000920054,-0.000817175,0.0211056,-0.00378764,-0.000301801,0.0093629,
-3.95067,6.58068,12.7796,5.54565,-4.36581,9.61739,0.589201,16.0626,32.02,-0.997156,13.7542,24.1419,0,0,0,0,0,0,0,0,0,0,0,0,0.0371862,0.615623,-1.55233,-0.0915741,0.850402,-1.51274,0.00698747,0.716563,-1.52179,0.0254162,0.686472,-1.52289,-0.0343399,0.737558,-1.32213,0.00932223,0.773305,-1.34019,0.0176786,1.00864,-0.937167,0.00708583,0.936845,-1.08249,0.00929571,0.0698565,-0.0658793,0.00202762,0.0697163,-0.0706954,-0.000659054,0.000761006,0.074637,-0.00611946,0.00906889,0.0444117,
-4.12546,6.99496,13.446,5.57091,-4.28672,10.2806,0.372612,16.0846,31.4182,-1.2484,15.062,25.0383,0,0,0,0,0,0,0,0,0,0,0,0,0.0373432,0.617977,-1.55354,-0.0915557,0.852597,-1.51388,0.00692372,0.71704,-1.51929,0.0252239,0.68734,-1.52144,-0.0375277,0.74982,-1.30999,0.00971783,0.778794,-1.3276,0.013476,1.01127,-0.94348,0.00210549,0.963822,-1.06369,0.00419765,0.14244,-0.0282182,-0.000477886,0.126389,-0.0193029,-0.00679671,0.0545916,0.139731,-0.0128419,0.0802518,0.0764338,
-3.97015,6.43965,13.2631,5.19647,-4.14997,11.7982,0.36786,14.8306,28.7322,-1.6662,13.6868,23.2144,0,0,0,0,0,0,0,0,0,0,0,0,0.037385,0.621253,-1.55347,-0.0915672,0.855371,-1.51351,0.00672778,0.718798,-1.51645,0.0249184,0.689664,-1.51996,-0.0347856,0.745442,-1.31097,0.00290281,0.785705,-1.29679,0.0129501,0.993269,-0.988754,-0.00604052,0.944498,-1.09541,0.000425961,0.217084,0.0414092,-0.000345801,0.176845,0.0675939,-0.0142407,0.147402,0.161555,-0.0203022,0.182778,0.0756093,
-4.39825,7.24406,12.8717,5.22606,-3.62792,12.3594,-0.707449,14.4393,27.8775,-1.52564,13.469,23.3613,0,0,0,0,0,0,0,0,0,0,0,0,0.0373588,0.627845,-1.55098,-0.0915204,0.860457,-1.50991,0.00631983,0.724412,-1.51265,0.0243693,0.696238,-1.51849,-0.0426557,0.770268,-1.3116,0.00369294,0.80241,-1.27749,-0.00704347,0.997702,-1.00157,-0.00405315,0.953264,-1.09279,-0.00141533,0.327354,0.16347,0.00592818,0.241864,0.23524,-0.0152956,0.328691,0.12875,-0.0208854,0.370757,0.0290855,
-4.78293,7.33733,12.5902,5.32506,-3.78266,12.0488,-1.29573,13.5055,27.6535,-1.15158,12.7955,23.6505,0,0,0,0,0,0,0,0,0,0,0,0,0.0372145,0.636432,-1.54597,-0.0913952,0.866534,-1.50259,0.00590326,0.734214,-1.51084,0.0238407,0.706947,-1.51883,-0.0501615,0.784357,-1.30793,0.00552463,0.807748,-1.2701,-0.0184922,0.99751,-1.00657,0.00191079,0.958619,-1.09048,-0.0126399,0.443635,0.278768,0.00307126,0.305215,0.410219,-0.0255684,0.542131,0.045139,-0.0303104,0.581374,-0.0506252,
-5.06922,7.00773,12.7292,5.41327,-3.99468,11.571,-1.50033,12.6512,27.0697,-0.712895,12.3162,23.42,0,0,0,0,0,0,0,0,0,0,0,0,0.0368328,0.644196,-1.5411,-0.0913744,0.871755,-1.49521,0.00540891,0.743826,-1.51025,0.0232732,0.717136,-1.51971,-0.0560218,0.788527,-1.29915,0.0070198,0.810318,-1.26854,-0.0230488,0.99486,-1.01695,0.0089881,0.963169,-1.09564,-0.0209857,0.516944,0.32118,-0.000886222,0.342044,0.497882,-0.0360258,0.642064,0.0344106,-0.040437,0.675336,-0.0535652,
-5.21548,5.6355,13.0193,5.48259,-5.23109,10.5507,-1.41554,10.8269,25.0411,-0.148582,10.9242,22.2442,0,0,0,0,0,0,0,0,0,0,0,0,0.0363767,0.656623,-1.53371,-0.0915311,0.879824,-1.48325,0.0043948,0.759001,-1.50913,0.0221641,0.732979,-1.52045,-0.0596174,0.778792,-1.28573,0.00762182,0.797407,-1.27264,-0.0232129,0.979449,-1.0515,0.0174522,0.956215,-1.1165,-0.0356627,0.602119,0.343986,-0.0162121,0.387877,0.573961,-0.0571559,0.720981,0.0716581,-0.0614281,0.752117,-0.0148128,
-5.49859,5.01857,14.1539,5.81936,-4.54699,11.139,-1.32168,9.83595,23.096,0.328471,10.0697,22.2193,0,0,0,0,0,0,0,0,0,0,0,0,0.035438,0.670708,-1.52631,-0.0920617,0.888856,-1.47025,0.00294415,0.775251,-1.5068,0.0206216,0.74993,-1.52004,-0.0659234,0.78393,-1.25829,0.012935,0.82018,-1.24795,-0.0232895,0.978747,-1.08263,0.0242555,0.958668,-1.11456,-0.0423798,0.671486,0.325986,-0.0247476,0.427654,0.60419,-0.0673139,0.753524,0.129601,-0.0714487,0.783792,0.045762,
-6.30666,4.36132,15.8243,6.02056,-4.78567,10.8015,-1.37745,8.72069,21.4336,0.998055,10.1368,23.3495,0,0,0,0,0,0,0,0,0,0,0,0,0.0346745,0.686172,-1.51977,-0.0924801,0.898576,-1.45691,0.00157432,0.79166,-1.5029,0.0191559,0.766891,-1.51776,-0.0807251,0.789428,-1.22243,0.0167587,0.826308,-1.23968,-0.0251358,0.975285,-1.10686,0.0354945,0.97683,-1.08881,-0.0223993,0.732093,0.294365,-0.00690123,0.450517,0.636715,-0.0508929,0.765956,0.193631,-0.0552402,0.783289,0.134897,
-7.22522,4.61279,17.6059,6.25054,-5.19232,9.53724,-1.38259,7.8774,20.4474,1.95686,11.3595,26.4961,0,0,0,0,0,0,0,0,0,0,0,0,0.0344546,0.699829,-1.51403,-0.0923964,0.90675,-1.44442,0.000851152,0.806095,-1.49927,0.0183553,0.781526,-1.51495,-0.0971141,0.809128,-1.1823,0.0216612,0.827165,-1.24632,-0.0253805,0.976706,-1.12072,0.0527029,1.01568,-1.02765,-0.00614329,0.777022,0.355067,0.0125713,0.452867,0.75462,-0.0334185,0.836777,0.207088,-0.0376333,0.844038,0.169894,
-8.43652,4.22451,19.5727,5.90796,-6.78944,6.66171,-1.33911,6.06136,17.6508,3.76159,12.7492,30.0086,0,0,0,0,0,0,0,0,0,0,0,0,0.0344944,0.7173,-1.50499,-0.0918911,0.916457,-1.42585,0.000275656,0.82505,-1.49381,0.0176843,0.800504,-1.51005,-0.118548,0.820436,-1.13404,0.0166338,0.806914,-1.27444,-0.0247008,0.963796,-1.16315,0.0852999,1.06069,-0.9552,0.0106531,0.80444,0.461107,0.033838,0.424763,0.925308,-0.0192216,0.872041,0.297429,-0.0237377,0.867216,0.282205,
-10.1163,3.27428,21.9561,4.77759,-7.97574,1.01297,-1.30119,3.38271,11.025,7.06297,14.511,33.7314,0,0,0,0,0,0,0,0,0,0,0,0,0.0348659,0.731838,-1.49597,-0.0910888,0.92373,-1.40801,1.87686e-05,0.840479,-1.48716,0.0173447,0.815676,-1.50342,-0.147904,0.817855,-1.07922,-0.00225899,0.791207,-1.35522,-0.0238241,0.929592,-1.27264,0.145426,1.10628,-0.875581,0.0355425,0.809268,0.536214,0.0600286,0.381657,1.05035,-0.00564771,0.843603,0.429786,-0.010268,0.817785,0.444374,
-12.5784,0.819281,23.6827,2.61003,-8.67945,-8.20852,-0.542781,-1.71688,-3.6382,10.2692,14.2499,35.0793,0,0,0,0,0,0,0,0,0,0,0,0,0.0361567,0.749767,-1.48367,-0.089309,0.93164,-1.38394,1.80324e-05,0.858354,-1.4758,0.0172535,0.832486,-1.4912,-0.189863,0.791725,-1.03486,-0.0385728,0.785204,-1.4969,-0.00975283,0.852889,-1.52299,0.203948,1.11509,-0.832614,0.0818767,0.826888,0.556484,0.100256,0.347495,1.10846,0.00299085,0.78684,0.579486,-0.000565985,0.71847,0.634946,
-14.6842,-0.68475,26.0489,0.571758,-8.97763,-9.92709,0.00963122,-3.81899,-11.678,12.5046,11.4548,36.3829,0,0,0,0,0,0,0,0,0,0,0,0,0.0387816,0.770157,-1.47124,-0.0830245,0.937443,-1.37741,-0.00174158,0.876326,-1.47035,0.0173519,0.848331,-1.47404,-0.223697,0.78654,-0.982033,-0.048698,0.760529,-1.62814,-0.0111323,0.82621,-1.71331,0.245382,1.07809,-0.788883,0.137718,0.880994,0.476235,0.731223,-0.418141,-2.14622,-0.292288,0.590338,-0.9361,0.0206071,0.656573,0.722749,
-14.7487,-1.54298,27.8049,0.25831,-5.24443,-6.00149,0.260023,-3.69696,-7.4193,13.1282,7.91421,37.1066,0,0,0,0,0,0,0,0,0,0,0,0,0.0408996,0.784591,-1.46382,-0.0666816,0.911163,-1.43498,-0.009772,0.880613,-1.51084,0.0177361,0.85943,-1.46299,-0.223433,0.78624,-0.943576,-0.024476,0.737877,-1.71251,-0.0288443,0.818366,-1.81325,0.257029,1.02622,-0.76586,0.116892,0.907594,0.449334,1.14611,-2.38128,-5.14582,-0.727222,0.151881,-5.11847,0.0182766,0.699456,0.686436,
-14.1596,-2.51159,28.6865,-0.0732775,-1.14078,-0.782126,1.38663,-2.91161,-1.28551,12.4108,5.68321,35.077,0,0,0,0,0,0,0,0,0,0,0,0,0.0426686,0.804311,-1.45381,-0.039987,0.83655,-1.56023,-0.0279493,0.865878,-1.64848,0.0178947,0.874341,-1.44684,-0.212839,0.787448,-0.916623,0.00127439,0.686993,-1.75511,-0.0303784,0.76706,-1.86916,0.243622,0.998612,-0.782695,0.0592591,0.880089,0.477189,1.30147,-3.93602,-5.51989,-0.844577,-1.40188,-6.02893,0.00233674,0.639808,0.806138,
-13.3985,-3.64402,26.6727,-0.351234,0.576046,3.06893,1.80379,-2.81502,2.2742,11.7113,4.14011,31.5023,0,0,0,0,0,0,0,0,0,0,0,0,0.0432315,0.823264,-1.44171,-0.0109393,0.749579,-1.6565,-0.0433063,0.821685,-1.75341,0.0176878,0.888431,-1.42786,-0.200301,0.784713,-0.936381,0.027846,0.636662,-1.72253,-0.0297015,0.692954,-1.84845,0.229874,0.984823,-0.825451,0.00231589,0.846508,0.622276,1.38024,-3.77028,-3.72247,-0.586404,-2.36958,-4.1673,-0.022843,0.645236,0.90572,
-11.4404,-5.13131,24.27,-1.17542,-1.82797,3.40619,2.25867,-3.22551,4.08102,11.1458,2.47716,29.7525,0,0,0,0,0,0,0,0,0,0,0,0,0.0426318,0.838291,-1.42914,0.0121217,0.688754,-1.69916,-0.0501854,0.774783,-1.80358,0.0168938,0.900546,-1.4112,-0.167172,0.772044,-0.963603,0.0309372,0.550637,-1.6718,-0.0151748,0.617729,-1.7788,0.217777,0.967925,-0.839206,-0.0549167,0.826511,0.741292,1.22793,-3.20471,-1.05632,-0.18505,-3.00693,-1.50986,-0.0539911,0.682593,0.948335,
-10.5291,-6.05113,21.4187,-1.67031,-3.17027,6.01507,2.11167,-3.71274,6.89993,10.7318,0.602875,26.8654,0,0,0,0,0,0,0,0,0,0,0,0,0.0403289,0.85649,-1.41158,0.0361728,0.634878,-1.70873,-0.052708,0.713805,-1.82152,0.0148441,0.916421,-1.39029,-0.155266,0.773673,-0.995822,0.0345761,0.506631,-1.58861,-0.0140245,0.557637,-1.69092,0.206403,0.950658,-0.86951,-0.127018,0.831235,0.804609,0.87916,-2.15741,0.328641,0.00884715,-2.70914,0.157211,-0.108964,0.711208,0.987357,
-10.4862,-8.79233,18.7617,-1.29725,-1.1506,5.18601,1.24245,-1.35003,4.40619,9.73131,-1.15284,22.4293,0,0,0,0,0,0,0,0,0,0,0,0,0.0382042,0.875157,-1.39631,0.0479114,0.574873,-1.66185,-0.0469061,0.640773,-1.77017,0.0131697,0.929099,-1.36551,-0.15491,0.743934,-1.03592,0.03505,0.456868,-1.46442,-0.0136552,0.4991,-1.5768,0.188274,0.923744,-0.917715,-0.0750242,0.875026,0.588959,0.327706,-2.96647,3.15149,0.325749,-3.57887,3.46047,-0.0558659,0.476841,1.22181,
-9.79326,-10.9677,15.1255,-1.07653,1.92282,7.92728,0.771912,0.985128,5.48943,7.95808,-2.80205,19.17,0,0,0,0,0,0,0,0,0,0,0,0,0.0367843,0.891595,-1.38738,0.0520516,0.524865,-1.60077,-0.0429679,0.581135,-1.70693,0.0120233,0.936804,-1.34282,-0.144561,0.722794,-1.09873,0.0350961,0.464073,-1.30457,-0.0220103,0.487432,-1.45841,0.153995,0.898345,-0.952101,-0.100392,0.935361,0.417065,0.0799902,-2.92579,4.64674,0.211533,-3.41045,4.544,-0.0831363,0.381571,1.28875,
-8.23432,-12.4422,10.6913,-0.534563,4.18194,8.37056,-0.1167,5.09938,4.45959,5.64049,-4.1451,15.0774,0,0,0,0,0,0,0,0,0,0,0,0,0.0333673,0.913364,-1.38107,0.0509822,0.469189,-1.47654,-0.0412189,0.515779,-1.59643,0.00899687,0.94463,-1.3147,-0.122954,0.721298,-1.18136,0.0375641,0.478773,-1.10794,-0.0442354,0.527373,-1.33695,0.105515,0.880351,-0.999364,-0.201869,1.04365,0.162858,-0.113018,-2.03047,6.61245,-0.0273359,-2.47872,5.45089,-0.184442,0.338738,1.2591,
-9.43296,-13.006,8.69943,-1.38813,0.701398,21.9744,-2.16859,7.19944,3.78487,1.67876,-6.91157,10.1888,0,0,0,0,0,0,0,0,0,0,0,0,0.0314486,0.940133,-1.37738,0.0505666,0.489055,-1.45594,-0.0428183,0.485513,-1.47508,0.00741499,0.954729,-1.28551,-0.135263,0.741399,-1.21006,0.030047,0.567221,-1.10214,-0.082768,0.608613,-1.23615,0.0432329,0.847131,-1.06151,0.146563,1.15313,0.279611,0.144196,1.99874,-1.39771,-0.0159151,-0.238303,5.19811,0.161793,0.552018,1.18414,
-5.52356,-11.5828,8.02466,1.56445,4.48225,19.8128,-1.04333,9.6006,9.23767,0.533301,-8.96187,4.0011,0,0,0,0,0,0,0,0,0,0,0,0,0.035532,0.958649,-1.3704,0.0544648,0.519793,-1.47134,-0.0456015,0.495097,-1.40223,0.0117521,0.966008,-1.26787,-0.0579579,0.785206,-1.20494,0.0894094,0.663774,-1.13551,-0.0806841,0.711028,-1.07367,0.0287591,0.831401,-1.16336,0.212007,1.13525,0.597449,0.198613,1.90928,-0.745912,-0.492341,1.26423,4.90725,0.223379,0.865811,0.970522,
-1.53514,-7.1082,4.31788,5.34121,6.63911,24.1437,-3.69134,12.5807,26.9615,1.40732,-11.115,1.88129,0,0,0,0,0,0,0,0,0,0,0,0,0.0339966,0.982031,-1.35097,0.0523845,0.565104,-1.48771,-0.0505072,0.546712,-1.41309,0.0114289,0.987788,-1.24616,-0.00252835,0.880046,-1.24193,0.140036,0.74653,-1.0716,-0.124854,0.836994,-0.953059,0.0308195,0.813008,-1.18102,-0.263183,0.8328,0.932905,-0.289111,1.8552,-0.69865,-0.220971,1.88041,-0.922196,-0.189353,0.834512,0.945143,
-0.649142,-5.55314,-2.36284,6.84299,8.3305,28.2233,-7.01122,13.557,33.9849,0.13834,-10.9334,-6.19676,0,0,0,0,0,0,0,0,0,0,0,0,0.0282167,0.998575,-1.3298,0.0460006,0.604367,-1.50197,-0.0551063,0.58297,-1.42502,0.00743924,1.00262,-1.22189,0.0115252,0.92128,-1.3414,0.164658,0.811936,-1.00699,-0.185783,0.880402,-0.820354,0.00752634,0.821058,-1.29292,-0.149386,0.723302,0.958235,-0.176009,1.71434,-0.55526,-0.097793,1.55653,-0.404626,-0.074194,0.526517,1.27217,
0.920807,-3.32256,-10.641,11.3897,7.90535,31.2727,-9.49636,12.8616,39.2345,-1.42232,-7.69465,-16.4998,0,0,0,0,0,0,0,0,0,0,0,0,0.0260851,1.01094,-1.31266,0.0433751,0.634371,-1.51131,-0.0562299,0.609369,-1.43027,0.00711311,1.00877,-1.20287,0.037562,0.9717,-1.4752,0.244155,0.832098,-0.9604,-0.231893,0.888254,-0.723066,-0.0189974,0.882839,-1.47661,-0.160877,0.646888,0.9452,-0.192686,1.64981,-0.54044,-0.0917228,1.37613,-0.188013,-0.00764318,0.426875,0.802343,
1.3523,0.100039,-5.76638,16.5611,6.30931,29.9139,-12.4301,10.6179,40.4028,-1.8544,-1.52074,-8.16301,0,0,0,0,0,0,0,0,0,0,0,0,0.0198964,1.02822,-1.35186,0.0382067,0.669848,-1.52321,-0.0587121,0.636952,-1.43142,0.00810249,1.00246,-1.28895,0.0355549,1.04078,-1.59407,0.331775,0.83594,-0.995125,-0.287911,0.868699,-0.695479,-0.0255933,0.932736,-1.6618,-0.272822,0.328095,-4.19715,-0.230477,1.56988,-0.482914,-0.0976839,1.18235,0.0409953,0.000629407,-1.2855,-6.8577,
1.66842,1.90309,-5.48294,17.2255,4.2323,30.0701,-13.3653,9.76987,39.0797,-1.79395,1.22794,-6.85073,0,0,0,0,0,0,0,0,0,0,0,0,0.0166513,1.02325,-1.41921,0.034863,0.694493,-1.52939,-0.0599186,0.655615,-1.42984,0.00706229,0.968267,-1.39388,0.0373033,1.05189,-1.69257,0.341414,0.821573,-0.993695,-0.30552,0.871521,-0.715169,-0.0257889,0.92705,-1.78642,-0.295869,-0.181889,-5.30653,-0.202855,1.53172,-0.337135,-0.0792795,1.16941,0.126397,-0.0071507,-1.94159,-8.18857,
1.31373,0.703066,-2.09687,13.3645,0.792821,32.4802,-10.8249,7.5829,36.832,-1.12345,2.08344,-1.05879,0,0,0,0,0,0,0,0,0,0,0,0,0.0103847,1.02415,-1.55723,0.0314788,0.730587,-1.53464,-0.0611839,0.684398,-1.42603,0.00745963,0.926599,-1.59832,0.0296708,1.03984,-1.77475,0.272094,0.793243,-0.947605,-0.258668,0.86247,-0.750224,-0.0134402,0.9101,-1.87278,-0.14055,0.0886667,-5.48161,-0.0725804,1.47403,-0.107392,-0.0203963,1.22835,0.18729,-0.0144663,-1.66161,-7.79786,
1.66752,-0.126238,-0.878139,11.3423,-2.60943,33.1437,-11.262,7.00028,33.4696,-1.27399,-0.394397,-0.755183,0,0,0,0,0,0,0,0,0,0,0,0,0.00825404,1.02425,-1.65685,0.0309557,0.762089,-1.53352,-0.0608555,0.711795,-1.42067,0.00750183,0.896315,-1.73303,0.034501,1.02193,-1.81823,0.23738,0.760243,-0.92415,-0.263806,0.880275,-0.802755,-0.0121677,0.857852,-1.92934,-0.12441,-0.000561712,-4.44314,0.00613026,1.39329,0.206511,0.0553977,1.25895,0.286548,0.106759,-0.956153,-5.5787,
1.77764,-1.13511,0.201255,10.1171,-4.45108,31.3476,-11.5922,5.79089,31.0138,-1.02844,-2.22958,-0.137244,0,0,0,0,0,0,0,0,0,0,0,0,0.00717206,1.02159,-1.72173,0.0316038,0.786274,-1.52675,-0.0592145,0.734774,-1.41478,0.00892127,0.880862,-1.81293,0.0387951,0.992392,-1.82491,0.217644,0.747908,-0.939616,-0.266024,0.882943,-0.83991,-0.00787433,0.809012,-1.94609,-0.021322,-0.261468,-3.26451,0.0639539,1.30052,0.524852,0.120915,1.31023,0.335718,0.0581568,-0.956769,-3.99254,
2.6062,-4.06308,0.10234,8.87385,-6.45663,28.532,-11.4924,3.96709,27.0422,-1.22634,-3.78773,0.567599,0,0,0,0,0,0,0,0,0,0,0,0,0.00781487,1.00929,-1.77423,0.0334567,0.813506,-1.51095,-0.0561173,0.764331,-1.40674,0.00940699,0.85212,-1.87979,0.0575487,0.907297,-1.82637,0.197687,0.735021,-0.964218,-0.26039,0.880942,-0.902022,-0.0126555,0.728412,-1.94385,0.0717578,-0.859055,-1.65004,0.0882443,1.18885,0.854679,0.143029,1.35918,0.398555,0.00716683,-1.67567,-2.27275,
2.12939,-4.78588,1.1677,8.40596,-9.24102,25.8685,-11.1455,1.37419,24.3024,-1.06253,-4.34407,1.7737,0,0,0,0,0,0,0,0,0,0,0,0,0.0102685,0.986035,-1.79756,0.0351136,0.838627,-1.48936,-0.0532587,0.794416,-1.39699,0.00957513,0.81338,-1.9127,0.0603036,0.844711,-1.79413,0.190662,0.706584,-0.984583,-0.251551,0.863748,-0.93945,-0.00965386,0.662512,-1.90719,0.345852,-1.65941,-0.543733,0.0828939,1.09926,1.05223,0.133001,1.35504,0.479071,0.00274109,-2.19647,-0.817055,
1.334,-3.39259,2.38962,8.41852,-11.713,22.8474,-11.02,-0.747695,22.4693,-0.994826,-3.354,3.16667,0,0,0,0,0,0,0,0,0,0,0,0,0.0198057,0.943258,-1.79932,0.0366151,0.857781,-1.46985,-0.0509695,0.818299,-1.38766,0.00953227,0.763921,-1.91627,0.0645663,0.784007,-1.74345,0.192386,0.678741,-1.01866,-0.247382,0.846994,-0.960931,-0.00869304,0.596211,-1.8446,0.626572,-2.98124,0.379582,0.0827026,1.03654,1.09332,0.120729,1.29218,0.555986,-0.00420331,-3.26114,0.430601,
0.765031,-1.84107,3.25838,8.25016,-13.7987,20.0344,-10.2723,-2.69499,20.6309,-1.05891,-1.62361,3.59625,0,0,0,0,0,0,0,0,0,0,0,0,0.0319714,0.869562,-1.77842,0.0379314,0.880145,-1.44639,-0.0490301,0.845456,-1.37414,0.00956052,0.685713,-1.88958,0.0618875,0.718934,-1.6688,0.189383,0.66209,-1.04891,-0.233784,0.834585,-0.976876,-0.00911728,0.533024,-1.7592,0.489085,-3.5797,1.5392,0.0442616,1.00314,1.01495,0.0615862,1.16505,0.676863,0.0175745,-3.76347,1.98582,
0.506399,-1.24279,3.58393,7.55459,-14.8007,18.8298,-8.99893,-3.8254,18.6954,-1.29856,-0.680263,3.71589,0,0,0,0,0,0,0,0,0,0,0,0,0.0393335,0.787223,-1.73016,0.0384371,0.904321,-1.42447,-0.0484118,0.871223,-1.35611,0.0107929,0.600886,-1.83,0.0547568,0.65485,-1.5808,0.176225,0.668338,-1.05574,-0.211803,0.833614,-0.989209,-0.010704,0.477405,-1.66177,0.189936,-3.35428,2.57276,0.013195,1.012,0.805549,0.00690766,0.976054,0.824453,0.0645718,-3.39509,3.07601,
-0.11302,-0.710754,5.69491,7.47855,-13.5207,17.207,-8.26625,-4.2904,17.003,-1.41568,0.322096,6.40626,0,0,0,0,0,0,0,0,0,0,0,0,0.0408361,0.738836,-1.69025,0.0387356,0.920733,-1.41298,-0.0483046,0.885871,-1.34233,0.0125573,0.553001,-1.78302,0.0415088,0.623424,-1.4775,0.175558,0.708606,-1.07888,-0.198313,0.835781,-1.00364,-0.0110637,0.459986,-1.54241,0.0833421,-3.1316,3.33676,0.0259222,1.02981,0.649201,0.00878482,0.853007,0.902929,0.064738,-3.02107,3.79291,
-1.17696,0.333952,7.42607,6.95069,-12.4511,15.3959,-7.43003,-5.28283,13.5617,-1.23751,2.57056,6.92938,0,0,0,0,0,0,0,0,0,0,0,0,0.0405012,0.671599,-1.60552,0.0400469,0.946131,-1.40045,-0.0474744,0.904554,-1.31991,0.0142601,0.491188,-1.68673,0.0164082,0.592606,-1.32911,0.169022,0.755473,-1.10716,-0.180752,0.832309,-1.04229,-0.00741898,0.464517,-1.39921,-0.0823093,-2.59921,4.32052,0.0794066,1.09163,0.40835,0.0554337,0.72742,0.948595,0.0250904,-2.24302,4.93567,
-1.45684,1.94118,5.74528,6.12752,-8.81784,14.5193,-6.82788,-5.19436,12.8417,-0.43011,5.41378,5.15787,0,0,0,0,0,0,0,0,0,0,0,0,0.0342016,0.632302,-1.52087,0.041438,0.964381,-1.39553,-0.0464609,0.916033,-1.30506,0.0139898,0.461693,-1.59508,-0.00955521,0.586428,-1.20019,0.15574,0.842839,-1.12402,-0.168417,0.845254,-1.04213,0.00438511,0.509118,-1.27944,-0.527657,-2.48013,6.60657,0.0883912,1.18501,0.230085,0.0668474,0.723039,0.899553,-0.0545269,-1.55856,6.77892,
-2.61149,-5.64892,18.3139,7.04369,-10.1081,15.4818,-2.2224,-5.3943,9.61356,0.772503,8.42483,6.7073,0,0,0,0,0,0,0,0,0,0,0,0,0.0257378,0.612074,-1.42425,0.0420281,0.992929,-1.39339,-0.0459859,0.932935,-1.28669,0.0133604,0.448933,-1.45008,-0.0266118,0.591142,-1.16463,0.165345,0.855079,-1.11076,-0.0907378,0.861876,-1.08529,0.0241658,0.611891,-1.11676,-0.148746,2.49867,-2.2415,-0.145154,1.40351,0.0347945,-0.132748,0.825584,0.813084,-0.0990015,0.2988,6.45855,
-6.36305,-7.40649,20.6638,1.44802,-11.7888,10.8133,-0.0894239,-6.93374,4.64421,1.01727,7.84576,26.5347,0,0,0,0,0,0,0,0,0,0,0,0,0.0192966,0.66391,-1.45571,0.0359657,1.02669,-1.38785,-0.0513222,0.956363,-1.26865,0.0115865,0.489016,-1.37134,-0.100472,0.593912,-1.10735,0.0585685,0.853349,-1.17402,-0.0560323,0.863199,-1.15882,0.0272895,0.721082,-0.972317,-0.124578,1.97588,-0.835445,-0.113816,1.25278,0.526315,-0.0942389,1.0054,0.775969,-0.0853381,2.73214,-2.54897,
-8.73676,-4.53039,22.2085,-0.647342,-10.9014,-1.61478,1.8209,-5.19428,-5.98072,4.54996,13.7302,33.0253,0,0,0,0,0,0,0,0,0,0,0,0,0.0191321,0.693918,-1.46653,0.0358558,1.04417,-1.37656,-0.0513611,0.970307,-1.25367,0.011608,0.524519,-1.39557,-0.139691,0.669824,-1.08016,0.0241036,0.878044,-1.37906,-0.0182426,0.899908,-1.32634,0.0943381,0.838052,-0.8277,0.000844101,1.78067,-0.532403,0.000538928,0.980411,0.820798,0.000344235,0.734632,1.10219,0.000106931,1.9523,-0.995831,
-10.9522,-3.78232,22.4937,-3.58422,-9.92401,-14.3704,2.65944,-1.74145,-14.183,10.3766,17.4267,37.5126,0,0,0,0,0,0,0,0,0,0,0,0,0.0187245,0.733093,-1.47443,0.0352951,1.06377,-1.35346,-0.0519921,0.982363,-1.2381,0.0107132,0.5653,-1.40939,-0.180174,0.715219,-1.07433,-0.030121,0.907008,-1.58243,-0.00368036,0.954856,-1.54164,0.197998,0.931794,-0.738303,0.00708777,1.55515,-0.271093,-0.00759106,0.723241,0.987286,-0.0012741,0.126983,-1.3955,-0.0422042,1.51693,-0.334737,
-14.2576,-6.91281,24.4496,-2.28558,-7.09243,-6.33372,1.25826,-1.12232,-9.59303,13.1157,15.7099,37.3516,0,0,0,0,0,0,0,0,0,0,0,0,0.0200632,0.766594,-1.48147,0.0311434,1.07317,-1.39297,-0.0507515,0.978076,-1.29686,0.0100789,0.587389,-1.41259,-0.235057,0.690556,-1.04922,-0.0293452,0.919247,-1.69158,-0.0230933,0.95379,-1.69687,0.2481,0.915218,-0.737265,0.125542,1.51706,-0.375419,-0.578495,-0.762862,-5.60559,0.146074,-0.118552,-6.89306,-0.0136479,1.28925,-0.115967,
-15.3061,-7.27503,26.1985,-0.689101,-2.59745,-2.66397,1.41357,-0.766972,-2.40097,14.1496,13.7841,37.1239,0,0,0,0,0,0,0,0,0,0,0,0,0.0220562,0.790392,-1.48676,0.0180445,1.03898,-1.50205,-0.0489881,0.972104,-1.48105,0.0103331,0.614121,-1.41319,-0.252587,0.705921,-1.01933,-0.0242155,0.891891,-1.7739,-0.0208364,0.935174,-1.8017,0.267821,0.903759,-0.737524,0.111523,1.46063,-0.271918,-0.908445,-3.05122,-6.82651,0.0748739,-0.702327,-8.46377,0.00679784,1.1922,0.0210576,
-14.7385,-7.83878,26.9828,-0.589422,0.145431,-0.963225,1.30345,-1.11025,-1.12109,13.0531,11.4464,35.9149,0,0,0,0,0,0,0,0,0,0,0,0,0.0243314,0.824339,-1.48937,0.00247722,0.950914,-1.63974,-0.0468972,0.944173,-1.64546,0.0104654,0.643552,-1.41199,-0.240959,0.726876,-0.997605,-0.0179529,0.834095,-1.83121,-0.0216385,0.883009,-1.86962,0.247982,0.893071,-0.75675,0.0819486,1.37685,0.0357176,-0.296798,-3.65027,-5.3153,0.0476544,-1.25208,-6.22647,0.0057238,1.26505,0.0683777,
-13.4442,-7.70563,27.1647,-1.07691,-3.52278,-1.12968,2.09127,-2.79236,-1.14372,12.8105,11.3355,34.9409,0,0,0,0,0,0,0,0,0,0,0,0,0.0252375,0.848347,-1.48624,0.000453068,0.890762,-1.71753,-0.0459796,0.919323,-1.73503,0.0102233,0.666865,-1.41033,-0.218574,0.750654,-0.983199,-0.0191046,0.723953,-1.86948,-0.00720784,0.818262,-1.9068,0.241806,0.915684,-0.771205,0.0192178,1.29582,0.279044,0.00069033,-3.13982,-4.01544,0.0228799,-1.53667,-4.61316,-0.0407966,1.30528,0.117362,
-13.1107,-9.29634,25.9932,-0.99165,-4.24188,0.51645,1.79884,-4.11731,0.780694,13.3665,10.3269,32.8317,0,0,0,0,0,0,0,0,0,0,0,0,0.0249235,0.875638,-1.47678,0.00164592,0.828603,-1.78538,-0.0451402,0.882328,-1.8133,0.0086203,0.695655,-1.40652,-0.214011,0.745839,-0.986588,-0.0147603,0.651951,-1.85792,-0.00805432,0.743002,-1.89464,0.249087,0.925803,-0.801853,-0.017055,1.19855,0.537305,0.0496162,-3.04112,-2.50329,0.133826,-1.96978,-2.91888,-0.078236,1.29515,0.235945,
-12.3309,-11.9896,23.4178,-0.198531,-3.2765,3.15055,1.11084,-3.94454,3.31545,13.55,8.08166,29.5488,0,0,0,0,0,0,0,0,0,0,0,0,0.0245815,0.900932,-1.46234,0.0024174,0.749851,-1.82278,-0.0393257,0.825994,-1.85642,0.00690106,0.723808,-1.39978,-0.200449,0.719202,-1.01178,8.08984e-05,0.561089,-1.79583,-0.00875636,0.652603,-1.83001,0.250468,0.912549,-0.851039,-0.0254574,1.10803,0.757047,0.038902,-3.94747,-0.926705,0.316931,-3.10665,-1.03506,-0.0854621,1.2773,0.351041,
-11.5789,-13.3541,20.0268,-0.154672,-3.4425,5.42327,1.02092,-3.93391,5.14475,12.7962,5.69103,26.2015,0,0,0,0,0,0,0,0,0,0,0,0,0.0240281,0.920275,-1.44709,0.0042969,0.678747,-1.82543,-0.034378,0.766068,-1.85961,0.00533486,0.74696,-1.3929,-0.187314,0.711728,-1.05373,0.00653423,0.477261,-1.69614,-0.00621716,0.569853,-1.73396,0.235544,0.891961,-0.90255,-0.0249513,1.04668,0.893475,0.154292,-4.24402,0.937681,0.293295,-3.80996,0.981012,-0.0748577,1.2689,0.426648,
-10.8625,-15.4268,15.4191,-0.576746,-1.70192,5.96178,1.43319,-1.33578,4.31264,11.1173,1.9525,22.1427,0,0,0,0,0,0,0,0,0,0,0,0,0.0236654,0.944872,-1.42512,0.0102677,0.573769,-1.76996,-0.0292256,0.666604,-1.80435,0.0040284,0.776763,-1.38139,-0.174087,0.69774,-1.11533,0.010188,0.399506,-1.55531,0.00126694,0.502224,-1.62219,0.204946,0.852016,-0.961893,-0.00770248,1.01916,0.899728,0.317978,-4.37921,3.24656,0.135498,-4.28063,3.17024,-0.0371564,1.21469,0.516535,
-9.56063,-17.7287,12.3073,-0.713757,-2.02236,7.72933,1.41956,0.244749,4.55017,8.63293,-0.51989,18.2103,0,0,0,0,0,0,0,0,0,0,0,0,0.0235287,0.967759,-1.40726,0.0165632,0.481973,-1.67687,-0.0269522,0.577921,-1.7224,0.003496,0.80258,-1.36942,-0.150631,0.680259,-1.16051,0.0108793,0.3127,-1.36922,0.00169386,0.456424,-1.49989,0.15983,0.829606,-1.01939,-0.0100986,1.06457,0.702032,0.222859,-4.0487,5.10654,0.0866526,-3.84837,4.27124,-0.0192001,1.11462,0.578491,
-8.92385,-17.678,8.13788,-0.0905001,4.6169,13.7406,0.0176001,3.24477,6.1593,5.15438,-1.2105,17.7179,0,0,0,0,0,0,0,0,0,0,0,0,0.0231929,0.985352,-1.39772,0.0201003,0.423318,-1.59564,-0.0263453,0.524873,-1.65902,0.00305824,0.819826,-1.36006,-0.140544,0.70048,-1.23303,0.020693,0.376483,-1.11928,-0.0239331,0.477335,-1.38527,0.0951212,0.83161,-1.01838,-0.0453838,1.11671,0.511331,0.0683857,-3.99601,6.92163,0.0639272,-3.25522,4.94291,-0.0505076,1.03255,0.596797,
-11.2874,-18.0099,6.13037,-2.2891,-1.21989,31.5614,-2.6905,5.57969,3.08792,1.0541,-0.856278,15.711,0,0,0,0,0,0,0,0,0,0,0,0,0.0233111,1.01069,-1.38769,0.021287,0.39943,-1.52208,-0.0254052,0.469061,-1.53642,0.00301157,0.842201,-1.34663,-0.175631,0.721229,-1.25822,-0.0133618,0.463115,-1.03221,-0.073066,0.518351,-1.29453,0.0280977,0.861405,-1.03991,0.191971,1.1608,0.5504,0.213011,2.62367,-2.56603,0.0384192,-1.59376,5.67538,0.18091,1.0625,0.643429,
-6.81177,-15.7135,4.79211,1.67501,3.9295,26.4833,-2.63504,10.5523,7.1033,-2.12611,-3.29453,12.9083,0,0,0,0,0,0,0,0,0,0,0,0,0.0290877,1.0307,-1.37342,0.0271786,0.443411,-1.5537,-0.0291477,0.459063,-1.44847,0.00863913,0.863697,-1.33561,-0.0862222,0.778541,-1.2511,0.0658971,0.592846,-1.11396,-0.0980761,0.655504,-1.15409,-0.021256,0.849019,-1.08495,0.260955,1.02476,1.07548,0.252505,2.38304,-1.27648,-0.642237,0.140016,5.0488,0.267712,1.38182,0.488018,
-3.50053,-13.6463,2.74156,4.22704,6.09969,25.8157,-3.85815,8.855,24.5965,-1.46775,-4.77052,8.22598,0,0,0,0,0,0,0,0,0,0,0,0,0.0342564,1.05145,-1.3427,0.0320074,0.495166,-1.57152,-0.0477708,0.493301,-1.36194,0.0140144,0.899267,-1.32817,-0.0233568,0.831599,-1.24121,0.114182,0.681844,-1.12077,-0.114498,0.76771,-1.01397,-0.00609646,0.868079,-1.1688,0.184334,0.863622,1.57792,0.162531,2.31533,-0.569059,0.104519,3.46526,-3.03234,0.200918,1.69734,0.299841,
-1.58097,-11.7692,-3.25299,6.37419,6.1221,26.6884,-6.8684,10.7325,29.7018,-0.927457,-6.52067,1.28528,0,0,0,0,0,0,0,0,0,0,0,0,0.0355501,1.06833,-1.30153,0.0328003,0.548365,-1.58276,-0.0465739,0.559136,-1.40706,0.0157677,0.93621,-1.31698,0.00546404,0.87276,-1.30153,0.146596,0.729433,-1.11126,-0.172311,0.828953,-0.901194,-0.00151877,0.862096,-1.27221,-0.0409788,0.56265,1.80739,-0.0641223,2.13147,-0.420037,-0.0262037,2.2819,-1.04387,-0.0129454,1.35799,0.653737,
0.692888,-7.13634,-11.5473,10.8982,7.84938,28.4394,-10.4404,11.8488,34.4054,-1.37339,-5.53726,-9.27528,0,0,0,0,0,0,0,0,0,0,0,0,0.0341285,1.07596,-1.2725,0.0309281,0.581373,-1.58941,-0.0475583,0.592224,-1.41892,0.0150023,0.955273,-1.30403,0.0419678,0.9599,-1.42363,0.2232,0.790264,-1.08704,-0.240838,0.870151,-0.811075,-0.0128894,0.88983,-1.44325,-0.145403,0.418422,1.79702,-0.17957,2.022,-0.449569,-0.105534,1.90958,-0.54093,-0.0892512,1.07659,0.899044,
1.29473,-2.09166,-9.37882,15.4097,7.5107,32.1885,-11.9042,9.25915,37.0828,-1.54669,-3.41326,-11.7732,0,0,0,0,0,0,0,0,0,0,0,0,0.0286379,1.08222,-1.29393,0.0246815,0.628612,-1.60214,-0.051446,0.6329,-1.4264,0.0128958,0.974731,-1.33053,0.045862,1.02322,-1.59535,0.29515,0.82853,-1.03528,-0.274326,0.853247,-0.758599,-0.018825,0.91204,-1.65838,-0.193003,-0.640608,-3.99951,-0.296614,1.93599,-0.561704,-0.196762,1.58886,-0.196477,-0.109975,-0.0193019,-3.47677,
1.08128,0.872688,-4.16604,15.3528,4.95036,33.853,-12.0942,5.85985,36.6525,-1.21665,-1.03314,-5.26884,0,0,0,0,0,0,0,0,0,0,0,0,0.0241873,1.05461,-1.42119,0.0189932,0.670457,-1.61296,-0.0553788,0.667363,-1.42956,0.0114702,0.961066,-1.46122,0.0371605,1.02674,-1.72566,0.292132,0.821519,-1.01053,-0.279467,0.825237,-0.766926,-0.0105919,0.910292,-1.8088,-0.204309,-1.33643,-6.98874,-0.183419,1.86559,-0.399667,-0.128153,1.56846,-0.11549,0.00179866,-0.977476,-7.69346,
1.45191,0.752905,-3.69811,14.1381,3.16984,34.482,-12.1399,5.145,33.8987,-1.01904,-0.172185,-4.35048,0,0,0,0,0,0,0,0,0,0,0,0,0.021546,1.03027,-1.51882,0.0172393,0.699677,-1.61751,-0.0565707,0.692485,-1.4307,0.0114508,0.936988,-1.56987,0.0386592,1.003,-1.80601,0.272076,0.816153,-0.997034,-0.278545,0.837318,-0.81557,-0.00300511,0.886498,-1.89608,-0.283715,-1.2513,-6.72076,-0.067809,1.79795,-0.197787,-0.0381303,1.5671,-0.0370081,0.124427,-1.44709,-7.55052,
2.22852,-0.826299,-0.997376,11.2557,-0.286985,35.4683,-11.1706,2.84008,32.5782,-1.31963,-0.732653,-1.17659,0,0,0,0,0,0,0,0,0,0,0,0,0.0147663,1.00353,-1.67158,0.017265,0.741599,-1.61794,-0.0561234,0.730555,-1.43045,0.016099,0.900249,-1.74334,0.0498526,0.950246,-1.86613,0.223935,0.792124,-0.968205,-0.256975,0.835189,-0.83694,-0.00199762,0.832467,-1.96597,-0.165987,-1.169,-5.39034,0.0617717,1.70324,0.148358,0.0687749,1.61932,0.0361092,0.180175,-1.66407,-6.14891,
2.21534,-2.33658,-0.711071,10.4666,-2.76418,34.9392,-11.4001,1.89338,30.0923,-1.52653,-2.70882,-1.19094,0,0,0,0,0,0,0,0,0,0,0,0,0.0135691,0.979196,-1.7545,0.0193195,0.777942,-1.61089,-0.0539787,0.766318,-1.42813,0.0183416,0.866979,-1.83851,0.0535655,0.900124,-1.87954,0.212936,0.780053,-0.960748,-0.257326,0.852989,-0.874844,-0.00503313,0.771373,-1.99006,-0.0086319,-1.11796,-3.42571,0.101291,1.60015,0.454727,0.120022,1.59641,0.188089,0.133847,-1.41641,-3.96888,
2.03647,-3.23709,0.86504,10.1439,-5.69896,32.781,-12.2532,0.291521,27.258,-1.34593,-3.66903,1.00788,0,0,0,0,0,0,0,0,0,0,0,0,0.0152883,0.953544,-1.80819,0.021209,0.805631,-1.60032,-0.0514207,0.794214,-1.42306,0.0201905,0.836808,-1.90228,0.0595289,0.834924,-1.87079,0.20956,0.750575,-0.981352,-0.268762,0.849414,-0.916281,-0.00290889,0.701339,-1.98171,0.220426,-1.8261,-2.39334,0.119678,1.48382,0.701355,0.166332,1.52472,0.341464,0.0419272,-2.10099,-2.9872,
1.66652,-3.07511,1.9623,9.58935,-7.91714,29.2797,-12.5794,-1.61811,24.6136,-1.2153,-3.03338,2.51594,0,0,0,0,0,0,0,0,0,0,0,0,0.0223992,0.902996,-1.84005,0.0241904,0.836519,-1.58158,-0.0472341,0.826895,-1.41366,0.0203265,0.779231,-1.94391,0.0651534,0.758374,-1.82886,0.203192,0.736385,-1.01802,-0.269467,0.844716,-0.949723,-0.00192827,0.623972,-1.93231,0.380535,-2.71061,-0.748455,0.142069,1.33875,0.953634,0.19811,1.44347,0.501698,-0.00484142,-3.05879,-1.04339,
1.4501,-2.74233,3.62385,9.05252,-9.65049,25.8898,-11.7807,-3.32854,22.3551,-1.31631,-2.20172,3.97539,0,0,0,0,0,0,0,0,0,0,0,0,0.0299621,0.838646,-1.84105,0.0268096,0.864697,-1.55909,-0.0434513,0.85733,-1.40056,0.0198434,0.708383,-1.94696,0.0680621,0.682694,-1.7533,0.194624,0.729644,-1.05423,-0.252937,0.839646,-0.971594,-0.00498332,0.554353,-1.85025,0.358556,-3.24169,0.667949,0.0984738,1.23479,1.04312,0.143913,1.30885,0.687775,-0.0273124,-3.48328,0.746555,
1.39214,-2.54437,4.82963,8.76339,-11.0428,22.6085,-10.7734,-4.21919,20.1597,-1.6208,-2.06484,5.07095,0,0,0,0,0,0,0,0,0,0,0,0,0.0353454,0.779849,-1.81938,0.0279818,0.886441,-1.54049,-0.0416005,0.879619,-1.38667,0.0190995,0.647238,-1.92273,0.0723548,0.616729,-1.65759,0.188928,0.724364,-1.09661,-0.234938,0.840715,-0.992141,-0.0130653,0.492102,-1.74989,0.357433,-3.57071,2.26044,0.0492388,1.18251,1.0026,0.0777026,1.15528,0.855121,-0.0823661,-3.59313,2.46386,
0.611312,-2.25463,5.36492,8.31419,-11.3786,20.7573,-9.48304,-5.318,18.0777,-1.50281,-1.74465,5.76958,0,0,0,0,0,0,0,0,0,0,0,0,0.0407604,0.707558,-1.76758,0.0285119,0.912252,-1.51988,-0.040659,0.903038,-1.36597,0.0180015,0.576706,-1.86591,0.0618843,0.557262,-1.56114,0.180292,0.743494,-1.11448,-0.212383,0.838161,-1.00397,-0.0135047,0.44061,-1.64413,0.305834,-3.33979,3.32737,0.0187428,1.16494,0.855537,0.021234,0.9721,1.01799,-0.127797,-3.18924,3.57134,
-0.355185,-1.62542,5.25239,8.19409,-10.3588,19.631,-8.82959,-5.96691,15.7611,-1.54446,-0.104764,5.43619,0,0,0,0,0,0,0,0,0,0,0,0,0.0468733,0.646502,-1.69322,0.0289131,0.933271,-1.50635,-0.0404304,0.918786,-1.34638,0.0153221,0.519153,-1.78595,0.0440305,0.501864,-1.43825,0.178682,0.783365,-1.12775,-0.200672,0.836283,-1.02241,-0.0180459,0.410018,-1.51414,0.110461,-3.51648,4.87283,0.0239955,1.17441,0.662282,0.00907029,0.794029,1.14312,-0.161545,-3.2765,5.28493,
-1.20977,1.29495,5.97229,8.34052,-9.19395,17.8933,-7.90424,-7.07723,12.5287,-1.29284,2.50188,4.91663,0,0,0,0,0,0,0,0,0,0,0,0,0.0467982,0.572611,-1.57957,0.0296183,0.959919,-1.49469,-0.0400718,0.934759,-1.32063,0.0121544,0.454483,-1.66371,0.0206357,0.488157,-1.28427,0.182601,0.833627,-1.1555,-0.182919,0.828534,-1.05433,-0.0162394,0.412964,-1.37611,-0.127316,-3.29996,5.70513,0.0408446,1.24883,0.423379,0.026474,0.686031,1.17664,-0.149341,-2.65856,6.05616,
-1.37466,2.50234,4.32388,6.88279,-7.3419,17.3892,-7.61799,-7.81922,11.6678,-0.344463,5.63157,2.97789,0,0,0,0,0,0,0,0,0,0,0,0,0.038729,0.512397,-1.45416,0.0311753,0.988922,-1.48804,-0.0387242,0.950175,-1.29597,0.00991149,0.412345,-1.53709,-0.0033873,0.480329,-1.16159,0.159792,0.900571,-1.1651,-0.173977,0.831905,-1.04926,0.000547148,0.468849,-1.27797,-0.523189,-2.37004,6.53724,0.106181,1.37921,0.206673,0.0994789,0.730227,1.05645,-0.0947643,-1.40215,6.2632,
-1.10931,-3.82056,18.1502,7.94725,-8.04975,18.0855,-0.638197,-7.25271,10.7524,-0.0715443,10.1668,9.29452,0,0,0,0,0,0,0,0,0,0,0,0,0.0349286,0.545255,-1.46931,0.0288516,1.01501,-1.48379,-0.0408897,0.964418,-1.27669,0.00612383,0.403909,-1.44161,0.00203502,0.549858,-1.18316,0.160703,0.917727,-1.14461,-0.0643638,0.86067,-1.04515,-0.00620493,0.596988,-1.09606,-0.388798,2.26315,-1.33998,-0.386347,1.4996,0.316293,-0.36271,0.859192,1.10127,-0.336965,0.251402,5.39494,
-4.98647,-2.68686,18.3334,2.16376,-8.93018,14.7285,1.34137,-8.31997,6.40609,0.037055,10.3639,29.0726,0,0,0,0,0,0,0,0,0,0,0,0,0.0223331,0.590676,-1.4843,0.0165523,1.04736,-1.4724,-0.0525356,0.984699,-1.25138,-0.00148977,0.439092,-1.3947,-0.0792613,0.606621,-1.16673,0.0451984,0.927196,-1.17922,-0.0384434,0.862451,-1.09551,-0.0109106,0.719906,-0.947267,-0.334009,1.97993,-0.481696,-0.326789,1.28942,0.775684,-0.314611,0.886833,1.20371,-0.308446,2.82271,-2.47998,
-7.00076,-1.33042,21.3969,-0.415847,-11.3233,2.92252,1.95492,-7.97894,-4.37632,1.66135,14.1528,35.0187,0,0,0,0,0,0,0,0,0,0,0,0,0.0216872,0.635559,-1.49406,0.0159207,1.07137,-1.44684,-0.0530358,1.00002,-1.21658,-0.00202806,0.492428,-1.42539,-0.104308,0.668638,-1.11459,0.0096711,0.891887,-1.35306,-0.0156228,0.867195,-1.23937,0.0296674,0.812047,-0.811181,0.039448,1.74985,-0.292501,0.0400658,0.806569,1.24182,0.0571069,0.374181,1.73492,0.0455006,1.90346,-0.68732,
-8.73006,0.331844,22.6751,-3.25541,-11.802,-11.1419,3.04975,-5.21649,-16.1079,5.64087,19.5492,40.0848,0,0,0,0,0,0,0,0,0,0,0,0,0.0229626,0.662245,-1.49761,0.0171518,1.08223,-1.42548,-0.0512171,1.00282,-1.18983,-0.000801329,0.519983,-1.43182,-0.131112,0.721456,-1.09206,-0.0377212,0.886983,-1.58292,0.0109377,0.906724,-1.44657,0.1056,0.927353,-0.709987,0.142192,1.62486,-0.2056,0.131885,0.590693,1.3793,0.204871,-0.0381012,1.10384,0.117338,1.58674,-0.213418,
-12.1717,-2.68644,23.8654,-2.44531,-6.89878,-7.60421,1.95998,-4.19416,-8.23162,10.2059,20.5407,40.5868,0,0,0,0,0,0,0,0,0,0,0,0,0.0283941,0.7001,-1.50374,0.0141877,1.07596,-1.44567,-0.0443413,1.00443,-1.25971,0.00269909,0.552665,-1.43128,-0.183938,0.701918,-1.08036,-0.0509231,0.881057,-1.70524,0.00633667,0.91783,-1.62464,0.193187,0.965026,-0.68738,0.274121,1.54803,-0.321781,-0.630993,-2.12274,-3.70678,0.459618,-0.316055,-6.57734,0.15051,1.18843,0.181993,
-14.5882,-4.18646,26.2604,-1.17175,-1.03112,-3.14398,0.671741,-2.16495,-6.74575,12.8656,19.5888,40.8586,0,0,0,0,0,0,0,0,0,0,0,0,0.0344515,0.733648,-1.50983,-0.00337352,0.996566,-1.54725,-0.0312878,0.982822,-1.36215,0.00482212,0.570743,-1.42736,-0.221988,0.707127,-1.039,-0.0481472,0.843392,-1.79115,-0.00253101,0.894798,-1.74343,0.242993,0.963881,-0.676284,0.268902,1.51545,-0.202619,-0.717109,-4.10749,-5.70569,0.505489,-1.48688,-7.90252,0.129895,1.12989,0.250327,
-15.0421,-5.69813,27.0723,-0.943766,-1.26027,-2.11128,1.02265,-1.5917,-3.09798,13.0369,17.9513,38.4802,0,0,0,0,0,0,0,0,0,0,0,0,0.0382716,0.757657,-1.51118,-0.012898,0.929343,-1.62962,-0.0243029,0.940048,-1.52542,0.00717932,0.597108,-1.42262,-0.228221,0.702652,-1.01842,-0.0439625,0.772659,-1.84033,0.0029392,0.841605,-1.81711,0.246918,0.964954,-0.71695,0.213932,1.48491,0.0164869,-0.42488,-4.08742,-5.26548,0.264261,-2.1237,-7.19179,0.0826226,1.26675,0.184119,
-13.4631,-7.21917,26.0057,-0.616086,-1.39149,0.259585,1.57649,-1.80535,0.511624,11.7516,14.8349,36.6796,0,0,0,0,0,0,0,0,0,0,0,0,0.0417574,0.792278,-1.50543,-0.0176193,0.836697,-1.74066,-0.0221635,0.884743,-1.67926,0.00809912,0.630466,-1.41976,-0.200481,0.706851,-1.01817,-0.0307674,0.689131,-1.86169,0.00777617,0.769308,-1.84769,0.221652,0.949497,-0.751085,0.077742,1.40037,0.440605,-0.0594757,-3.73589,-3.84253,0.0389944,-2.5242,-5.43087,-0.00345003,1.50659,0.0540707,
-12.7304,-9.14281,23.6304,-0.565917,-2.41529,1.80964,1.81575,-3.01711,2.22424,11.1576,12.5965,34.3135,0,0,0,0,0,0,0,0,0,0,0,0,0.0424058,0.822037,-1.49164,-0.0170649,0.760538,-1.8009,-0.0208869,0.827035,-1.7644,0.00736412,0.665489,-1.41912,-0.188764,0.69879,-1.03735,-0.023259,0.604744,-1.83624,0.0146575,0.681301,-1.82159,0.208665,0.947832,-0.793996,0.00893131,1.31346,0.753212,0.125135,-3.41852,-2.08513,0.0773314,-2.7768,-2.9832,-0.0477868,1.62908,0.0378232,
-11.6874,-11.3152,20.9991,-0.621704,-3.67238,3.62781,1.85561,-3.57745,3.82391,11.0118,10.9862,31.587,0,0,0,0,0,0,0,0,0,0,0,0,0.0423893,0.845031,-1.47637,-0.01378,0.70079,-1.82393,-0.0185723,0.77498,-1.798,0.0063992,0.695063,-1.41793,-0.170442,0.680065,-1.06513,-0.0189107,0.518549,-1.77324,0.0224368,0.602227,-1.75372,0.20473,0.948198,-0.840254,-0.0101595,1.24564,0.899633,0.188619,-3.52828,-0.466594,0.22216,-3.2911,-0.771356,-0.0575679,1.63123,0.102991,
-9.32114,-13.5779,16.9616,-1.25755,-2.96087,4.74131,1.89961,-2.54957,5.08582,9.54869,9.18321,27.7919,0,0,0,0,0,0,0,0,0,0,0,0,0.0420455,0.874062,-1.45386,-0.00907832,0.610263,-1.80606,-0.0114292,0.687487,-1.78389,0.00512708,0.724105,-1.41533,-0.127791,0.666101,-1.11457,-0.0248516,0.427332,-1.66797,0.0338801,0.515777,-1.64231,0.177384,0.943015,-0.903973,-0.0110317,1.18888,0.944023,0.216676,-3.94463,1.58535,0.329112,-3.83024,1.50081,-0.0414223,1.58715,0.184735,
-8.70746,-15.5619,14.8874,-1.02882,-2.82195,7.25774,1.77328,-2.60506,6.32776,8.23978,6.51184,24.4005,0,0,0,0,0,0,0,0,0,0,0,0,0.0419051,0.893062,-1.43906,-0.00545691,0.550287,-1.77589,-0.00664504,0.629425,-1.75413,0.00458154,0.758661,-1.41064,-0.116524,0.648936,-1.13962,-0.0206737,0.366379,-1.53958,0.0398436,0.453189,-1.53141,0.153755,0.927274,-0.958902,-0.00342226,1.18611,0.878756,0.106608,-4.05167,3.18826,0.435328,-3.93774,3.28987,-0.0195604,1.53439,0.247202,
-7.94448,-19.3249,11.3973,-0.715255,1.05626,6.12952,1.22862,0.692378,4.12755,6.97262,3.04706,21.6911,0,0,0,0,0,0,0,0,0,0,0,0,0.0416231,0.921914,-1.42049,-0.00570022,0.44934,-1.66254,0.00448919,0.532118,-1.64345,0.00412577,0.794499,-1.4044,-0.103908,0.61064,-1.19092,-0.0189003,0.337219,-1.37931,0.0387804,0.418752,-1.40929,0.12965,0.89819,-1.00205,-0.0331769,1.22488,0.682643,-0.0059722,-4.01276,5.24901,0.365222,-3.8486,4.8618,-0.0382177,1.47555,0.243526,
-7.32325,-19.7473,7.66373,-0.0915315,6.92621,9.45502,0.022559,4.87056,4.60007,4.07844,1.73025,21.047,0,0,0,0,0,0,0,0,0,0,0,0,0.0406761,0.941934,-1.41105,-0.00582653,0.392981,-1.57647,0.00826492,0.477986,-1.56833,0.00308781,0.81776,-1.40071,-0.0950078,0.624365,-1.25521,-0.00981271,0.408194,-1.18775,0.015585,0.459894,-1.30456,0.0745965,0.89547,-1.01011,-0.077427,1.26724,0.503961,-0.070949,-3.38304,6.62481,0.211138,-3.25868,5.50412,-0.0808097,1.4132,0.242223,
-8.88904,-18.3395,5.75639,-1.29309,2.71306,26.8228,-2.45911,7.66913,3.02526,0.0836273,1.78163,19.928,0,0,0,0,0,0,0,0,0,0,0,0,0.0387442,0.970919,-1.40301,-0.006926,0.35699,-1.45287,0.00911242,0.428425,-1.44962,0.000976698,0.847834,-1.39516,-0.121924,0.681671,-1.28676,-0.0295757,0.495503,-1.05453,-0.0359707,0.53066,-1.22215,0.00306176,0.925012,-1.0234,0.0290494,1.35049,0.354164,0.0263059,2.72506,-2.72984,-0.0113689,-1.13678,5.26966,0.0172506,1.36843,0.288141,
-5.41378,-17.8255,7.2044,1.6644,3.31024,24.5832,-1.14361,8.60816,4.52984,-3.59724,-1.91877,16.6045,0,0,0,0,0,0,0,0,0,0,0,0,0.0415136,1.00264,-1.38979,-0.00434999,0.420811,-1.50713,0.000321406,0.436729,-1.34191,0.00354652,0.88349,-1.3889,-0.0527352,0.719564,-1.23118,0.0295696,0.563045,-1.1087,-0.0470103,0.643098,-1.12046,-0.0574204,0.903386,-1.08124,0.127832,1.25357,0.844186,0.111764,2.50704,-1.48315,-0.810908,1.52341,4.24977,0.135586,1.67389,0.175785,
-1.82531,-13.86,7.00871,4.4088,5.80598,24.4457,-1.94588,11.1933,21.9798,-3.14921,-2.07042,14.2814,0,0,0,0,0,0,0,0,0,0,0,0,0.0415308,1.02031,-1.37335,-0.00496187,0.459584,-1.52666,-0.00148119,0.478716,-1.36287,0.00448024,0.909796,-1.38498,0.00463436,0.800198,-1.207,0.0701541,0.642372,-1.11763,-0.0388824,0.763966,-1.01827,-0.054331,0.923822,-1.11454,-0.113331,0.9744,1.18919,-0.154122,2.35963,-1.08289,-0.0617738,2.49747,-1.68158,-0.0474473,1.57879,0.329385,
-1.18172,-13.4517,2.31608,4.82295,6.20694,26.2829,-2.6413,11.6661,27.0363,-3.0173,-3.73385,7.27269,0,0,0,0,0,0,0,0,0,0,0,0,0.0372478,1.03899,-1.33881,-0.00992584,0.513316,-1.54703,-0.00479301,0.531044,-1.38732,0.00144238,0.943399,-1.37147,0.0118773,0.815873,-1.24355,0.0734214,0.696292,-1.08945,-0.0558528,0.810945,-0.92031,-0.0562969,0.916786,-1.21404,-0.1187,0.655752,1.624,-0.132692,2.14262,-0.619887,-0.0927702,2.07132,-0.750365,-0.0879783,1.26118,0.770125,
1.29685,-10.779,-5.98658,8.08854,6.49294,29.266,-5.97342,13.5903,31.4657,-3.48679,-5.88841,-1.446,0,0,0,0,0,0,0,0,0,0,0,0,0.0349279,1.05044,-1.29976,-0.0125065,0.558425,-1.55695,-0.0064951,0.573801,-1.39872,-0.000151153,0.967779,-1.35021,0.0534925,0.867495,-1.34659,0.1289,0.741677,-1.03651,-0.118717,0.880394,-0.836951,-0.0668063,0.89367,-1.3409,-0.15322,0.398205,1.89516,-0.17287,1.99218,-0.356361,-0.110437,1.81797,-0.315796,-0.0995813,1.00692,1.08759,
2.23946,-5.45499,-13.4087,11.6943,6.6911,32.3327,-10.9025,14.8289,34.7704,-4.35827,-7.54166,-11.8754,0,0,0,0,0,0,0,0,0,0,0,0,0.0327014,1.05378,-1.27119,-0.0159822,0.593258,-1.56218,-0.00826628,0.604376,-1.4017,-0.0015603,0.984128,-1.32883,0.0725449,0.942455,-1.4932,0.190488,0.777083,-0.982329,-0.208721,0.92775,-0.773163,-0.082129,0.875312,-1.50471,-0.0267054,-0.37096,0.665619,-0.188047,1.89959,-0.244943,-0.0680518,1.64258,-0.11164,-0.0405612,0.864879,1.22356,
2.29021,-3.45978,-7.55138,14.7744,4.78135,31.3309,-14.5474,12.6845,35.9896,-2.39444,-7.15119,-10.2155,0,0,0,0,0,0,0,0,0,0,0,0,0.0323888,1.05634,-1.31423,-0.0200315,0.634069,-1.56631,-0.00940867,0.639667,-1.40352,-0.00789889,0.999172,-1.35345,0.0766887,0.981459,-1.64103,0.242731,0.780609,-1.00014,-0.275737,0.923348,-0.75225,-0.0772373,0.863596,-1.6824,0.0812666,-0.366045,-5.79035,-0.17913,1.82129,-0.106488,-0.0559151,1.62107,-0.0942635,-0.788431,-0.169722,-4.37606,
1.51643,1.16405,-8.26043,15.1065,1.93972,29.4199,-15.6709,9.81054,35.1609,-0.255947,-2.53937,-9.72178,0,0,0,0,0,0,0,0,0,0,0,0,0.0390418,1.01312,-1.4022,-0.022686,0.66629,-1.56562,-0.0101024,0.669872,-1.40552,-0.028873,0.969199,-1.4257,0.0714768,0.963892,-1.72568,0.248003,0.759506,-1.02615,-0.295825,0.904676,-0.770393,-0.0715765,0.849658,-1.76677,0.148607,-2.15093,-5.295,-0.121451,1.77064,0.139352,-0.0243768,1.72428,-0.127069,-1.16264,-2.24188,-5.02073,
1.92709,-0.278969,-1.35608,13.3184,-2.14485,29.3601,-13.6028,7.10854,33.3194,-0.126548,0.0143762,-0.700419,0,0,0,0,0,0,0,0,0,0,0,0,0.0400397,0.985372,-1.55713,-0.0248113,0.704629,-1.56084,-0.0107265,0.708316,-1.40783,-0.0457703,0.914715,-1.58591,0.0763586,0.919681,-1.8025,0.214382,0.721831,-1.01826,-0.25974,0.894559,-0.803592,-0.0654823,0.819498,-1.83079,0.0391357,-1.85222,-6.744,-0.0904175,1.71719,0.267894,-0.0516306,1.74154,-0.0479645,-0.532007,-2.91738,-7.09321,
1.96873,-0.795859,0.171206,11.8672,-5.85413,29.6574,-12.6677,5.41165,29.8982,-1.05421,-0.373527,0.380029,0,0,0,0,0,0,0,0,0,0,0,0,0.0413097,0.943241,-1.67498,-0.0263409,0.741665,-1.55284,-0.0118617,0.746759,-1.40765,-0.0515777,0.849892,-1.7079,0.0795816,0.867332,-1.83168,0.188066,0.689248,-0.998912,-0.243078,0.902252,-0.862353,-0.0708781,0.755132,-1.85985,0.0756787,-1.87728,-4.88317,-0.0415865,1.65067,0.449312,-0.0273662,1.74471,0.0515992,-0.0040626,-2.68791,-4.85384,
1.88254,-2.04911,1.18652,10.4836,-7.78595,28.2208,-12.3048,3.99157,26.8978,-1.12884,-1.94173,1.24566,0,0,0,0,0,0,0,0,0,0,0,0,0.0437057,0.909229,-1.74277,-0.0267855,0.770708,-1.54304,-0.0121498,0.77822,-1.406,-0.0504695,0.805872,-1.77451,0.083994,0.806437,-1.82225,0.163643,0.680797,-1.00931,-0.235947,0.908434,-0.913499,-0.0691645,0.69066,-1.84991,0.185176,-2.00247,-3.08794,-0.00559116,1.57824,0.630255,-0.00224869,1.76122,0.105544,0.0559022,-2.44162,-2.99598,
1.91838,-2.35847,2.39612,8.81819,-9.73548,25.0656,-11.9095,2.28689,25.2078,-1.21608,-2.35015,2.57111,0,0,0,0,0,0,0,0,0,0,0,0,0.0492336,0.860832,-1.78614,-0.0264118,0.804276,-1.52671,-0.0118527,0.8173,-1.40326,-0.0498393,0.750454,-1.81601,0.0941691,0.737815,-1.77718,0.135012,0.675793,-1.04406,-0.227583,0.917297,-0.940404,-0.0715532,0.619683,-1.80145,0.307266,-2.44858,-1.05739,0.0333868,1.48272,0.822278,0.0246161,1.78498,0.138364,0.0121219,-2.69014,-0.983319,
1.56391,-3.22742,3.87419,8.26969,-12.3693,23.0649,-10.8272,0.326692,23.6661,-1.47521,-2.83222,3.88547,0,0,0,0,0,0,0,0,0,0,0,0,0.0550754,0.806261,-1.79634,-0.0259197,0.838954,-1.5056,-0.0115394,0.859799,-1.39892,-0.0492026,0.692053,-1.82424,0.094836,0.665891,-1.70631,0.124721,0.660235,-1.0575,-0.208413,0.921693,-0.960401,-0.0758644,0.554798,-1.72985,0.346069,-2.49606,0.598507,0.00863945,1.41096,0.878017,-0.000502991,1.70971,0.251342,0.00489278,-2.62047,0.725288,
1.10346,-2.86223,4.14518,8.40746,-13.0385,21.9229,-10.5033,-0.607799,22.7898,-1.69757,-2.83888,4.38038,0,0,0,0,0,0,0,0,0,0,0,0,0.061224,0.763508,-1.77659,-0.0259828,0.861182,-1.49202,-0.0117404,0.886046,-1.39382,-0.0494798,0.647971,-1.80236,0.0961681,0.611634,-1.62981,0.126732,0.668842,-1.06656,-0.203149,0.9265,-0.967097,-0.0822013,0.495947,-1.64751,0.454702,-3.05047,2.18207,-0.00451662,1.36656,0.82083,-0.0134607,1.57377,0.377754,-0.0567331,-3.06803,2.29797,
0.641195,-1.37946,2.67614,8.51675,-14.1718,20.7809,-10.69,-1.98931,21.1099,-1.74197,-1.04049,2.84818,0,0,0,0,0,0,0,0,0,0,0,0,0.0698861,0.690661,-1.71096,-0.0260998,0.890731,-1.4753,-0.0119661,0.918323,-1.38356,-0.0511508,0.575453,-1.73266,0.0913169,0.554723,-1.55077,0.128615,0.676577,-1.07449,-0.206514,0.927325,-0.982207,-0.0853311,0.445379,-1.56042,0.298611,-3.38727,3.408,-0.00412657,1.32963,0.70186,-0.00564315,1.38026,0.535815,-0.0766388,-3.39642,3.68077,
0.153592,-0.997375,3.28664,8.00687,-13.9521,20.4265,-10.1739,-2.92058,19.293,-1.65717,0.330907,4.28609,0,0,0,0,0,0,0,0,0,0,0,0,0.072847,0.616446,-1.63271,-0.0262237,0.922681,-1.46048,-0.012005,0.941944,-1.37299,-0.0522984,0.519776,-1.67109,0.0765413,0.501794,-1.4608,0.119315,0.71262,-1.07141,-0.197034,0.929643,-1.00133,-0.0858642,0.424267,-1.46255,0.0275519,-2.94916,3.42696,-0.0012564,1.33265,0.540256,-0.00148449,1.24666,0.638024,-0.104971,-3.10216,3.99085,
-0.509951,1.0736,4.43526,6.72675,-12.6066,18.5421,-8.5108,-4.32841,16.6688,-1.20537,2.89713,4.45205,0,0,0,0,0,0,0,0,0,0,0,0,0.0716186,0.562158,-1.55839,-0.0262683,0.946888,-1.45178,-0.011821,0.970062,-1.35641,-0.0546957,0.455052,-1.56833,0.0559967,0.487778,-1.34353,0.0959892,0.762156,-1.10018,-0.16583,0.928201,-1.02981,-0.0792055,0.435039,-1.34442,-0.194032,-2.86917,4.1011,-0.00144012,1.35907,0.442046,0.0223855,1.12558,0.719114,-0.0792641,-2.22102,4.36812,
-1.20014,4.22237,6.25955,5.55103,-9.98822,16.6274,-6.46851,-4.88188,15.0868,-1.02074,6.36028,5.34177,0,0,0,0,0,0,0,0,0,0,0,0,0.063789,0.512893,-1.48246,-0.0261943,0.977587,-1.44366,-0.0107843,0.994081,-1.34028,-0.0557161,0.423531,-1.4875,0.0284157,0.522712,-1.21974,0.0749482,0.842709,-1.13127,-0.126138,0.940103,-1.04156,-0.0765899,0.504607,-1.23703,-0.414109,-2.04576,4.54991,0.00655715,1.42776,0.307934,0.0689299,1.06282,0.745882,-0.0707323,-1.05617,4.68567,
-1.00196,4.49185,3.55845,4.75945,-8.09322,15.8027,-4.886,-4.95917,15.0339,-2.04069,9.21931,4.93317,0,0,0,0,0,0,0,0,0,0,0,0,0.0548374,0.488246,-1.40471,-0.0261754,1.00127,-1.4398,-0.00930323,1.01098,-1.32847,-0.0562973,0.416833,-1.41,0.0133207,0.534207,-1.15552,0.0599263,0.904374,-1.14615,-0.0946364,0.955948,-1.03173,-0.0942845,0.591514,-1.14622,-0.71192,-1.09111,5.63741,-0.0132558,1.53546,0.193306,0.107041,1.07365,0.715006,-0.0270048,0.215643,5.31913,
-5.05134,-1.8482,19.1437,2.61288,-7.3281,16.4232,-0.412554,-4.5491,11.17,-0.674413,10.569,21.1633,0,0,0,0,0,0,0,0,0,0,0,0,0.0484113,0.513719,-1.37313,-0.0232616,1.03602,-1.4383,-0.00455487,1.02828,-1.30429,-0.0525269,0.466435,-1.44217,-0.0386034,0.564467,-1.11603,0.0271466,0.947794,-1.13895,-0.00787535,0.959952,-1.05872,-0.0612506,0.718213,-1.09119,0.147517,2.5774,-2.77961,0.088654,1.37544,0.0228799,0.127738,0.439556,1.29796,0.108115,1.82153,-1.03294,
-5.60357,-1.92082,20.1779,1.41349,-9.5156,12.0153,-0.232261,-7.10337,4.23812,0.470254,11.6852,28.1069,0,0,0,0,0,0,0,0,0,0,0,0,0.0493039,0.562585,-1.41529,-0.0233149,1.06342,-1.43309,-0.00433763,1.0348,-1.27052,-0.0524603,0.504877,-1.46035,-0.0527021,0.595222,-1.09537,0.00144369,0.927296,-1.1979,-0.00866349,0.914585,-1.13969,-0.044382,0.775512,-0.973422,-0.00375717,2.06438,-1.43461,-0.028758,1.12718,0.511259,-0.00314505,0.272941,1.64301,-0.0144132,1.77761,-0.736535,
-7.49702,-0.882321,21.1725,0.0897468,-11.2606,1.72375,0.615225,-9.66865,-5.33807,3.41098,15.4183,35.4679,0,0,0,0,0,0,0,0,0,0,0,0,0.049128,0.598071,-1.43578,-0.0237865,1.08134,-1.41944,-0.00432245,1.03897,-1.23903,-0.0526349,0.536599,-1.47127,-0.0871534,0.644206,-1.08197,-0.0226187,0.905497,-1.35784,0.00692858,0.868609,-1.27552,0.00929383,0.872688,-0.841582,0.00085805,1.89988,-0.951741,-0.0141766,0.882762,0.924489,0.00198969,0.166087,1.85075,-0.00272183,1.70362,-0.463852,
-10.4179,-0.713151,20.5568,-2.23822,-12.2825,-11.9362,1.75742,-7.37149,-15.7842,7.60543,19.8195,40.2487,0,0,0,0,0,0,0,0,0,0,0,0,0.0501726,0.641296,-1.45376,-0.0232571,1.09845,-1.39278,-0.00427885,1.03907,-1.19966,-0.0522886,0.573968,-1.4765,-0.135653,0.685158,-1.10234,-0.0614872,0.894506,-1.57144,0.0281808,0.899357,-1.45977,0.0873902,0.979558,-0.744551,0.109704,1.73643,-0.682679,0.0753145,0.592106,1.17216,0.0154808,-0.173752,0.821193,0.0427251,1.38217,0.00470959,
-12.5557,-1.46518,21.8227,-2.00066,-9.17375,-10.4695,1.12499,-6.84761,-11.5452,10.7402,21.3607,41.4869,0,0,0,0,0,0,0,0,0,0,0,0,0.0528316,0.66857,-1.46558,-0.0235416,1.10186,-1.39936,-0.00410121,1.03893,-1.22948,-0.0512887,0.593221,-1.47367,-0.168601,0.697212,-1.09587,-0.067173,0.909133,-1.69189,0.0165451,0.922105,-1.61327,0.146695,1.01629,-0.709569,0.209355,1.68915,-0.827019,-0.221707,-0.792277,-3.12189,0.00586637,0.234596,-5.31302,0.0827069,1.06019,0.29932,
-15.1375,-4.56603,24.3897,-1.09219,-2.48213,-3.90766,1.04796,-3.06197,-4.4619,13.2075,19.6113,39.8514,0,0,0,0,0,0,0,0,0,0,0,0,0.0578633,0.705194,-1.48462,-0.0333168,1.04023,-1.51507,-0.00256599,1.01161,-1.39304,-0.0493046,0.613693,-1.4644,-0.209622,0.676479,-1.06851,-0.0671565,0.868993,-1.78685,0.0182914,0.883097,-1.73468,0.194086,0.999996,-0.724923,0.236568,1.65927,-0.835393,-0.427217,-3.85337,-6.1337,0.0551086,-2.22575,-7.96014,0.0994015,0.90854,0.455551,
-14.663,-7.03189,25.7512,-1.1528,-0.315136,-1.89173,1.31803,-1.47278,-1.55315,13.1295,16.4395,37.8939,0,0,0,0,0,0,0,0,0,0,0,0,0.0625528,0.744901,-1.50077,-0.0389651,0.938947,-1.64995,-0.00208595,0.941838,-1.56325,-0.0474328,0.638127,-1.45522,-0.199582,0.67086,-1.04901,-0.0619303,0.798523,-1.86098,0.0211282,0.812874,-1.8134,0.192738,0.974569,-0.756842,0.136449,1.64423,-0.502608,-0.0612669,-4.11564,-5.39701,-0.0229142,-3.12237,-6.78066,0.0443685,1.14709,0.28728,
-12.8545,-8.13038,26.6202,-1.25419,-3.49444,-1.45565,1.89065,-3.41183,-0.634809,12.5663,16.0186,35.6017,0,0,0,0,0,0,0,0,0,0,0,0,0.0638555,0.77097,-1.50624,-0.0390455,0.878354,-1.72241,-0.00236774,0.89155,-1.65231,-0.047278,0.658311,-1.45187,-0.168392,0.675901,-1.02972,-0.0601358,0.696888,-1.89565,0.0310933,0.72542,-1.83778,0.180676,0.993041,-0.799133,0.0449592,1.61199,-0.228502,0.0523458,-3.60345,-4.48455,-0.0279406,-3.18072,-5.31442,-0.015994,1.32861,0.166022,
-12.2358,-10.9392,25.5845,-1.03477,-3.83659,1.13515,1.91559,-3.90329,2.22336,12.1667,13.6634,33.9737,0,0,0,0,0,0,0,0,0,0,0,0,0.0639895,0.805776,-1.50709,-0.0375859,0.804898,-1.8032,-0.00208179,0.82241,-1.74503,-0.0482286,0.689752,-1.4493,-0.159093,0.657672,-1.03796,-0.0553226,0.620625,-1.87822,0.0362399,0.641683,-1.80723,0.170967,0.987508,-0.829054,-0.0187222,1.55189,0.120692,0.0329177,-3.4991,-2.9227,0.106724,-3.35371,-3.13575,-0.0616202,1.50736,0.0778103,
-11.3349,-14.1849,22.8821,-0.860196,-2.80742,2.91237,1.98608,-2.74265,3.88705,12.4152,10.7507,32.9674,0,0,0,0,0,0,0,0,0,0,0,0,0.0629102,0.841867,-1.49943,-0.0369677,0.710895,-1.84583,0.00349697,0.731541,-1.7844,-0.0502826,0.72792,-1.44826,-0.145454,0.631745,-1.0678,-0.050943,0.525333,-1.82022,0.0485527,0.549506,-1.73092,0.171817,0.977341,-0.848071,-0.0694782,1.46015,0.476431,0.0508638,-4.11027,-0.835436,0.273321,-4.03847,-0.525256,-0.110946,1.64857,0.0237609,
-10.5163,-15.7802,20.6677,-1.04766,-4.18162,4.87619,2.09377,-3.28962,5.49319,11.9624,9.53927,31.1274,0,0,0,0,0,0,0,0,0,0,0,0,0.0618476,0.864772,-1.49023,-0.0353249,0.648434,-1.85001,0.0077414,0.669713,-1.78211,-0.052088,0.754675,-1.44771,-0.130769,0.623843,-1.09443,-0.0516158,0.437089,-1.73821,0.0585695,0.474492,-1.63766,0.162516,0.981887,-0.878895,-0.0431412,1.40504,0.611779,0.0842574,-4.13463,0.70738,0.389874,-4.13751,1.36206,-0.0884156,1.64298,0.0873354,
-9.70554,-18.865,17.1081,-0.84009,-1.80346,5.01336,1.67893,-0.838492,4.75815,11.1129,6.58466,26.9624,0,0,0,0,0,0,0,0,0,0,0,0,0.0617376,0.897559,-1.4749,-0.0333875,0.54167,-1.79946,0.019291,0.565516,-1.7143,-0.0532598,0.792435,-1.44325,-0.114242,0.598429,-1.1426,-0.0457416,0.360386,-1.61573,0.0648776,0.410632,-1.51503,0.147818,0.961956,-0.944747,0.0148184,1.34044,0.649111,0.0892281,-4.53732,2.82888,0.460184,-4.26671,3.44512,-0.0297702,1.52164,0.252812,
-8.64777,-21.4237,14.6788,-0.798387,0.149979,5.10791,1.27677,1.89391,3.65404,9.12555,3.85645,23.646,0,0,0,0,0,0,0,0,0,0,0,0,0.0621936,0.926731,-1.46086,-0.0309477,0.449969,-1.72652,0.0276178,0.482205,-1.63251,-0.0537796,0.824985,-1.43666,-0.0943276,0.58017,-1.17424,-0.0432032,0.317832,-1.48666,0.0638221,0.396641,-1.40961,0.111604,0.941799,-0.995432,0.0217234,1.31269,0.602687,0.069075,-4.12085,4.49133,0.396922,-3.66661,4.78075,-0.0163536,1.42684,0.345362,
-7.89832,-21.6295,12.8373,-0.791696,3.82269,6.27526,0.654476,4.08589,3.5265,7.77599,2.75626,23.383,0,0,0,0,0,0,0,0,0,0,0,0,0.0623199,0.947737,-1.45178,-0.0294164,0.392275,-1.6571,0.0317392,0.433648,-1.56316,-0.0543154,0.847316,-1.43087,-0.0815087,0.597306,-1.20072,-0.0421122,0.347875,-1.36971,0.0506709,0.419295,-1.34004,0.0853632,0.942116,-0.99342,-0.00680887,1.3088,0.539666,0.0519039,-3.48039,5.29521,0.214871,-2.70853,4.85825,-0.0520394,1.3654,0.376009,
-7.5477,-21.7857,8.6379,-0.75229,8.60762,8.07902,-0.355419,6.55696,3.12186,5.48878,1.95475,21.901,0,0,0,0,0,0,0,0,0,0,0,0,0.0613318,0.979424,-1.4405,-0.0288447,0.330895,-1.51625,0.0327573,0.393229,-1.44913,-0.0567631,0.878722,-1.42126,-0.0780799,0.627171,-1.27051,-0.0414703,0.440737,-1.18423,0.0218479,0.490253,-1.25596,0.038325,0.955182,-1.00897,-0.0666362,1.33987,0.395092,0.0321557,-1.42571,5.65667,-0.135888,-0.678152,4.16798,-0.14385,1.2503,0.430584,
-8.16125,-19.3328,8.80502,-1.31841,5.10374,25.8345,-2.14051,8.14863,2.12682,0.717643,0.480149,19.7588,0,0,0,0,0,0,0,0,0,0,0,0,0.0609486,1.00928,-1.43234,-0.0277338,0.356312,-1.50391,0.0272488,0.400039,-1.36774,-0.0589934,0.905434,-1.41069,-0.0842677,0.702179,-1.25746,-0.048349,0.539769,-1.1279,-0.0206974,0.587098,-1.20138,-0.0453007,0.955154,-1.03482,0.096865,1.35682,0.451693,0.102541,2.77022,-2.86332,-0.27585,1.1887,3.90161,0.0196966,1.25247,0.507922,
-3.89964,-15.3631,8.68168,1.86156,7.04761,25.0039,-2.54084,10.8701,15.1205,-0.586272,-0.684067,18.3645,0,0,0,0,0,0,0,0,0,0,0,0,0.0625398,1.02942,-1.42232,-0.0263167,0.397764,-1.53916,0.0268451,0.432332,-1.36759,-0.0579552,0.925639,-1.40163,-0.00933382,0.787363,-1.2371,0.00586738,0.608413,-1.14568,-0.0201527,0.70291,-1.13648,-0.0696633,0.955892,-1.04923,-0.0296686,1.1388,0.836133,-0.0507946,2.52118,-1.86815,-0.0244655,2.22869,-1.33849,-0.0320409,1.30443,0.565431,
-3.60478,-13.8924,6.14288,2.33391,6.50463,22.4518,-2.82075,10.7996,20.5171,-0.815466,-2.37649,12.8915,0,0,0,0,0,0,0,0,0,0,0,0,0.0594935,1.05063,-1.39671,-0.0298251,0.451862,-1.57183,0.0242187,0.480038,-1.39102,-0.0605725,0.95475,-1.38771,-0.00888692,0.826386,-1.23953,0.0095112,0.648799,-1.20179,-0.0294374,0.748454,-1.05032,-0.0778618,0.954177,-1.129,-0.0867448,0.866085,1.39011,-0.0946769,2.40383,-1.16666,-0.0724114,2.20183,-0.988048,-0.0752486,1.30279,0.743064,
-1.70318,-13.3259,1.93291,4.47362,5.57576,23.9774,-4.00333,11.4427,24.3784,-1.04415,-5.18309,6.21438,0,0,0,0,0,0,0,0,0,0,0,0,0.0581507,1.06689,-1.36169,-0.0311612,0.50305,-1.59169,0.0231711,0.52764,-1.40955,-0.0616674,0.981165,-1.36748,0.0228041,0.844821,-1.26953,0.0457863,0.679132,-1.18149,-0.0533365,0.803591,-0.987808,-0.0842931,0.923663,-1.22089,-0.133823,0.617746,1.74213,-0.134168,2.28266,-0.787043,-0.11366,2.0748,-0.656981,-0.11126,1.12246,1.02661,
0.310243,-11.7999,-4.09371,7.70432,6.68861,26.9561,-7.18912,13.1936,28.701,-1.69476,-7.13858,-0.875495,0,0,0,0,0,0,0,0,0,0,0,0,0.0529776,1.07607,-1.32869,-0.0351095,0.543412,-1.60492,0.0199356,0.562822,-1.41797,-0.064715,0.99974,-1.34729,0.0512512,0.876001,-1.34163,0.0968876,0.737263,-1.13749,-0.117113,0.863964,-0.907582,-0.101339,0.901362,-1.32416,-0.225108,0.442123,1.87879,-0.246933,2.20733,-0.69289,-0.193655,1.87178,-0.349811,-0.177534,0.959869,1.19303,
1.38704,-8.38023,-13.4791,11.4281,5.86366,31.2551,-13.0224,13.9222,32.1409,-2.26903,-7.97618,-10.7075,0,0,0,0,0,0,0,0,0,0,0,0,0.0495499,1.08446,-1.28771,-0.0405304,0.590781,-1.61941,0.0163008,0.601305,-1.4228,-0.0677659,1.01845,-1.3191,0.0681904,0.943235,-1.47325,0.159278,0.766594,-1.07249,-0.224889,0.90867,-0.843131,-0.112299,0.898661,-1.4702,-0.201008,0.3404,1.81907,-0.243671,2.11448,-0.652664,-0.135034,1.65713,-0.144008,-0.100168,0.770852,1.33172,
1.69758,-3.80895,-8.92582,16.1344,3.28947,32.8128,-16.5964,11.7014,34.4432,-0.967289,-6.35321,-10.5164,0,0,0,0,0,0,0,0,0,0,0,0,0.0457724,1.0891,-1.31846,-0.0464855,0.640381,-1.63469,0.0134811,0.63901,-1.4249,-0.0722417,1.02844,-1.34264,0.0744404,0.991474,-1.63835,0.238137,0.766846,-1.05692,-0.292865,0.902972,-0.801351,-0.104514,0.889814,-1.65691,-0.0671372,-0.866941,-4.81559,-0.266761,2.03673,-0.575159,-0.14033,1.56471,-0.0821371,-0.448713,-0.706332,-3.76024,
1.34421,-0.753881,-4.17405,15.546,-0.169656,32.7558,-16.7719,7.96266,35.0024,-0.170502,-1.99039,-4.43012,0,0,0,0,0,0,0,0,0,0,0,0,0.045489,1.04557,-1.44636,-0.0512692,0.684475,-1.64401,0.0108458,0.674979,-1.42759,-0.0817453,0.987391,-1.45892,0.0683001,0.963456,-1.7628,0.226939,0.745824,-1.05793,-0.29651,0.875518,-0.796626,-0.0909827,0.874119,-1.77763,-0.0497781,-2.09036,-7.34994,-0.135855,1.96883,-0.289799,-0.0737251,1.70388,-0.16636,-0.187529,-2.3553,-7.27722,
1.74459,-0.304268,-3.17098,14.2638,-3.7442,32.5516,-15.7907,6.47983,32.8046,-0.302533,-0.490776,-3.05025,0,0,0,0,0,0,0,0,0,0,0,0,0.0444867,1.00827,-1.55101,-0.0527378,0.715489,-1.6466,0.00988707,0.703023,-1.43024,-0.0829199,0.941483,-1.56413,0.0710624,0.927636,-1.83367,0.203826,0.710053,-1.05753,-0.279279,0.878264,-0.83809,-0.0846546,0.836978,-1.84639,-0.157177,-2.29464,-6.87512,-0.0848919,1.91399,-0.0848956,-0.0629964,1.75468,-0.131436,0.115071,-2.92056,-6.93015,
2.08256,0.249501,-0.0873709,12.9003,-5.46019,32.4135,-13.9993,4.64397,31.0441,-1.37539,-0.0023284,-0.0695887,0,0,0,0,0,0,0,0,0,0,0,0,0.0412342,0.956892,-1.69083,-0.0543,0.75656,-1.64564,0.00848347,0.741495,-1.43167,-0.0758527,0.877154,-1.7049,0.0770462,0.883233,-1.87231,0.178857,0.716922,-1.05092,-0.247646,0.883389,-0.868076,-0.0869485,0.782081,-1.88649,-0.0627202,-2.38929,-5.49657,-0.0425978,1.82227,0.164372,-0.0488233,1.75567,-0.0257135,0.425068,-2.9037,-5.51,
2.08862,-0.409713,1.13743,12.3965,-6.59191,31.321,-13.7566,3.04275,29.4012,-1.89832,-0.928648,1.11088,0,0,0,0,0,0,0,0,0,0,0,0,0.0412978,0.903807,-1.7884,-0.0547848,0.799007,-1.63781,0.00766227,0.784105,-1.43129,-0.0669728,0.813708,-1.80236,0.0808167,0.829979,-1.87265,0.170498,0.735497,-1.05337,-0.242907,0.897726,-0.894927,-0.091738,0.717257,-1.88672,0.0471805,-2.02826,-3.2062,-0.00330169,1.7216,0.457269,-0.0137408,1.78132,0.0548836,0.29791,-2.4312,-3.19507,
1.92451,-2.15422,1.80038,12.0749,-7.97789,30.231,-13.8369,2.03431,26.8985,-1.80305,-2.13203,1.68422,0,0,0,0,0,0,0,0,0,0,0,0,0.0430876,0.872786,-1.82511,-0.0547548,0.825914,-1.62908,0.00756766,0.812411,-1.42966,-0.064135,0.776263,-1.83879,0.0842183,0.767319,-1.8451,0.16499,0.734819,-1.05964,-0.24405,0.906733,-0.93596,-0.0944477,0.656815,-1.85987,0.187601,-2.02582,-1.61088,0.00615172,1.64869,0.60437,-0.00112453,1.75188,0.141829,0.0754776,-2.46534,-1.57981,
1.67038,-2.36567,3.46032,10.0224,-12.4265,25.7168,-13.0144,-0.0883629,24.1818,-1.7198,-1.97158,3.51451,0,0,0,0,0,0,0,0,0,0,0,0,0.0493758,0.819988,-1.84071,-0.0543441,0.86405,-1.61232,0.00785513,0.853665,-1.42467,-0.0643812,0.714189,-1.85445,0.0892982,0.698736,-1.77813,0.128882,0.688508,-1.11956,-0.227896,0.907516,-0.976655,-0.0969487,0.590637,-1.79195,0.291867,-2.39065,-0.0104538,0.0305704,1.53982,0.769631,0.0267182,1.69455,0.254973,-0.0396744,-2.67987,-0.0426509,
1.48293,-2.73962,4.61969,9.02898,-14.4313,23.3143,-11.9978,-1.10573,22.2898,-1.78443,-2.56248,4.5821,0,0,0,0,0,0,0,0,0,0,0,0,0.0539664,0.77547,-1.83247,-0.0538857,0.894096,-1.59613,0.00834064,0.886724,-1.41833,-0.0654931,0.665965,-1.84643,0.0912396,0.644121,-1.69913,0.110677,0.679699,-1.14611,-0.209446,0.918198,-1.00007,-0.102777,0.534469,-1.71332,0.315053,-2.49142,1.50792,0.0122136,1.46635,0.798176,0.0108291,1.57598,0.396837,-0.147868,-2.59433,1.52155,
0.929329,-1.80617,4.19093,8.73469,-14.5544,21.9401,-11.2689,-1.88193,21.2992,-1.74179,-2.15989,4.34252,0,0,0,0,0,0,0,0,0,0,0,0,0.0599063,0.727818,-1.7936,-0.0538062,0.919925,-1.58259,0.00837665,0.91326,-1.40958,-0.0682346,0.617546,-1.80696,0.0890798,0.599591,-1.61676,0.105061,0.701476,-1.16056,-0.196652,0.924589,-1.00422,-0.106804,0.48227,-1.62599,0.375117,-2.91463,3.07499,0.00168559,1.41099,0.706353,-0.00424306,1.39168,0.552884,-0.210845,-2.93351,3.11717,
0.295083,-0.882191,2.86533,8.29651,-15.4238,20.7526,-10.9812,-3.10657,18.9287,-1.63183,0.0686545,2.91822,0,0,0,0,0,0,0,0,0,0,0,0,0.0665665,0.656889,-1.70542,-0.05381,0.95339,-1.56785,0.00826667,0.943779,-1.39422,-0.0732944,0.544872,-1.71578,0.0766438,0.548962,-1.53045,0.0969998,0.718477,-1.17326,-0.191415,0.925781,-1.02699,-0.108409,0.449534,-1.53356,0.143982,-2.80768,3.75445,-0.00109431,1.39089,0.527725,-0.000686201,1.17596,0.704976,-0.166388,-2.95124,3.94635,
-0.607013,-0.381486,4.70956,7.39228,-12.8034,20.496,-9.69055,-3.65508,17.8315,-1.24685,1.58768,5.78307,0,0,0,0,0,0,0,0,0,0,0,0,0.0672341,0.617447,-1.65264,-0.05383,0.975818,-1.56056,0.0083663,0.961664,-1.38241,-0.0751316,0.504095,-1.6606,0.0564742,0.527524,-1.43949,0.0804876,0.789076,-1.17483,-0.167631,0.930187,-1.03309,-0.103107,0.451337,-1.42277,0.0084551,-2.53573,3.89626,-0.00267406,1.40699,0.399574,0.00595608,1.0688,0.767339,-0.162121,-2.49411,4.05433,
-1.3292,2.53238,5.87509,6.98405,-11.7982,17.3315,-8.34347,-5.15955,14.8822,-0.352334,4.97587,5.18512,0,0,0,0,0,0,0,0,0,0,0,0,0.0624748,0.560126,-1.54646,-0.0540861,1.01038,-1.5532,0.00885974,0.985822,-1.36328,-0.0784988,0.455039,-1.54523,0.0233922,0.539273,-1.29668,0.0722162,0.844396,-1.23035,-0.141421,0.923897,-1.06636,-0.0873214,0.498811,-1.28845,-0.455746,-2.04405,4.36818,-0.0207877,1.48271,0.236038,0.0433627,0.974258,0.804551,-0.0738394,-1.42691,4.96568,
-2.88923,3.796,5.32844,3.09244,-8.02443,16.7212,-5.56635,-5.54882,14.0892,-0.826282,7.01477,16.3813,0,0,0,0,0,0,0,0,0,0,0,0,0.0496449,0.528879,-1.46238,-0.0535309,1.04373,-1.55026,0.0112949,1.0057,-1.34502,-0.0770993,0.455463,-1.49155,-0.0202907,0.557616,-1.1941,0.0074976,0.946465,-1.24554,-0.0830703,0.929024,-1.05835,-0.0861559,0.656365,-1.2551,-0.531798,-1.23081,5.2374,0.146733,1.48608,0.0210796,0.209036,0.739945,0.93188,0.182316,2.24158,-1.87565,
-3.95332,-0.149667,19.7085,4.58816,-7.65404,16.1613,-2.46643,-4.82496,11.4966,-0.0627569,11.7774,21.7239,0,0,0,0,0,0,0,0,0,0,0,0,0.0451045,0.534248,-1.42517,-0.0502416,1.06686,-1.55155,0.01516,1.01414,-1.32745,-0.0734117,0.485821,-1.51211,-0.01969,0.61998,-1.17204,0.0368881,0.974669,-1.26188,-0.0247939,0.93824,-1.07679,-0.0699493,0.756995,-1.15007,0.216457,2.70271,-3.21477,0.113317,1.43531,-0.127411,0.149425,0.361214,1.27211,0.14066,1.74289,-1.00656,
-6.04705,-0.161179,19.5615,2.03466,-9.74929,13.0985,-2.15367,-7.81831,4.44539,1.03414,13.2202,28.2425,0,0,0,0,0,0,0,0,0,0,0,0,0.0461127,0.586682,-1.47266,-0.0505375,1.0996,-1.55045,0.015744,1.02044,-1.2924,-0.0730329,0.52729,-1.53279,-0.0631799,0.647964,-1.1606,-0.0138381,0.963486,-1.30253,-0.0228253,0.886725,-1.16081,-0.0537825,0.824939,-1.04417,0.019973,1.96207,-1.33217,-0.00899711,1.25712,0.298221,0.017978,0.257853,1.55109,0.0136841,1.75028,-0.760112,
-8.31047,-0.172143,21.8925,0.547442,-13.2389,4.66712,-1.00822,-10.2108,-5.2487,4.12139,16.0158,35.4758,0,0,0,0,0,0,0,0,0,0,0,0,0.046706,0.627717,-1.49504,-0.0504083,1.12437,-1.53873,0.0160861,1.0251,-1.25576,-0.0726024,0.565177,-1.54629,-0.103795,0.683135,-1.12343,-0.0404217,0.916827,-1.4309,-0.00231382,0.844128,-1.29297,0.00261242,0.911147,-0.916942,0.018287,1.78898,-0.807819,0.0010134,1.01349,0.701898,-0.0020996,0.14296,1.77906,0.00856884,1.67361,-0.47871,
-10.7062,1.26487,23.8666,-1.25104,-14.605,-9.10573,1.08291,-9.13695,-16.134,6.87482,20.365,41.8062,0,0,0,0,0,0,0,0,0,0,0,0,0.047382,0.655431,-1.50586,-0.0500283,1.13892,-1.52552,0.0158239,1.02621,-1.22829,-0.0722826,0.590756,-1.55168,-0.144231,0.733934,-1.09204,-0.0704803,0.900375,-1.6616,0.0349761,0.86372,-1.47098,0.054447,1.01064,-0.798465,0.093051,1.696,-0.614725,0.0700994,0.82501,0.900839,-0.0164106,0.110973,1.54778,0.0529475,1.51582,-0.21092,
-14.1421,-2.41957,23.1175,-1.86514,-11.0892,-11.1087,2.01039,-6.07957,-10.1588,11.3583,21.773,42.6032,0,0,0,0,0,0,0,0,0,0,0,0,0.0514546,0.694583,-1.51913,-0.0485476,1.14517,-1.5188,0.0121834,1.01658,-1.25606,-0.0702665,0.622763,-1.5515,-0.198407,0.702506,-1.11682,-0.0868406,0.893457,-1.78742,0.0407312,0.873146,-1.63447,0.13912,1.05675,-0.771217,0.222088,1.58628,-0.550493,-0.133876,-1.53058,-2.03639,-0.244591,-1.00514,-5.91883,0.0877535,1.16449,0.173483,
-17.5655,-5.4735,24.2773,-2.00498,-11.3233,-5.34431,1.86677,-1.96536,-3.7628,15.114,22.1035,40.2653,0,0,0,0,0,0,0,0,0,0,0,0,0.0566433,0.728572,-1.53154,-0.0515866,1.1296,-1.57469,0.00938894,0.964615,-1.41758,-0.068985,0.644828,-1.54462,-0.254158,0.678995,-1.10827,-0.0990831,0.850332,-1.8604,0.0423765,0.828656,-1.75278,0.207944,1.07713,-0.80006,0.2619,1.52599,-0.554047,-0.337401,-2.24234,-5.76101,-0.0291401,-3.06242,-8.15179,0.0650423,0.929451,0.380892,
-16.2668,-6.87905,24.3251,-0.644698,-4.46608,-2.42107,1.27374,-0.884081,-2.32537,13.9261,18.9032,38.611,0,0,0,0,0,0,0,0,0,0,0,0,0.061109,0.755925,-1.53933,-0.060998,1.04872,-1.67726,0.0105732,0.902815,-1.54467,-0.067774,0.663046,-1.53874,-0.227947,0.680405,-1.10727,-0.0911041,0.778132,-1.90964,0.0357265,0.774399,-1.82465,0.187303,1.04391,-0.829379,0.20486,1.51413,-0.312173,-0.561744,-5.78696,-5.7556,0.0609419,-3.43268,-7.26298,0.057287,1.13591,0.224481,
-13.8655,-8.91965,23.0271,-0.309997,-1.34522,1.8203,1.25639,-1.44355,1.75182,12.062,15.0112,36.9029,0,0,0,0,0,0,0,0,0,0,0,0,0.0637536,0.789026,-1.54196,-0.0682289,0.909608,-1.78827,0.0118034,0.828451,-1.68394,-0.0672577,0.692567,-1.53742,-0.186406,0.675763,-1.12271,-0.0772585,0.676763,-1.90064,0.0352956,0.69341,-1.83218,0.151931,1.014,-0.868017,0.0593111,1.49454,0.0176519,-0.103686,-6.36736,-4.44478,0.0198248,-3.3243,-5.50299,-0.0037027,1.48205,-0.0475364,
-13.2925,-12.1276,21.7285,-0.503095,-1.9762,3.79193,2.07932,-1.95481,3.86248,11.3669,12.1339,36.1588,0,0,0,0,0,0,0,0,0,0,0,0,0.0640664,0.824524,-1.53842,-0.0677422,0.803154,-1.84536,0.012195,0.770338,-1.75524,-0.0676298,0.721095,-1.53947,-0.17759,0.651977,-1.13612,-0.0727485,0.577903,-1.84281,0.0509659,0.624457,-1.7765,0.138298,0.994715,-0.886101,0.000769591,1.46527,0.221178,0.126527,-5.78478,-2.02867,0.0294895,-3.3715,-2.79523,-0.0227185,1.61955,-0.124129,
-12.1778,-13.3018,20.8381,-1.1384,-2.55347,5.0309,2.25579,-2.7198,4.79918,10.8551,10.7957,35.8446,0,0,0,0,0,0,0,0,0,0,0,0,0.0640525,0.847786,-1.53424,-0.0617541,0.694507,-1.86774,0.0133215,0.702074,-1.79001,-0.0680629,0.757316,-1.542,-0.157403,0.652855,-1.14647,-0.0743067,0.495784,-1.76517,0.0599929,0.54945,-1.70449,0.12879,1.00653,-0.892345,-0.00126396,1.43366,0.272069,0.248897,-4.65347,0.339216,0.172852,-3.15249,-0.0532923,-0.015651,1.61736,-0.0630282,
-10.8824,-15.5268,19.5032,-1.32396,-1.08234,4.68776,1.89326,-1.39136,3.52573,10.2269,9.51859,33.9202,0,0,0,0,0,0,0,0,0,0,0,0,0.0640086,0.878584,-1.52836,-0.0581517,0.593945,-1.82883,0.0195088,0.628606,-1.75823,-0.0684175,0.79099,-1.54119,-0.133828,0.641239,-1.16548,-0.0787691,0.42669,-1.65467,0.0650456,0.48841,-1.61515,0.117031,1.0114,-0.920256,0.000760461,1.37378,0.252782,0.105555,-4.50927,2.71735,0.339595,-3.51079,2.41322,-0.0151007,1.44659,0.128394,
-9.90354,-17.8663,17.8862,-1.64907,0.160555,6.31898,1.51672,-0.362891,4.64429,9.36007,8.20502,32.0187,0,0,0,0,0,0,0,0,0,0,0,0,0.0640743,0.903046,-1.52402,-0.0561194,0.521265,-1.77611,0.0245583,0.57017,-1.71314,-0.0687723,0.815812,-1.53757,-0.115699,0.622122,-1.19143,-0.0852146,0.392239,-1.5264,0.0630674,0.45378,-1.51615,0.100903,1.00799,-0.946618,0.00888908,1.3419,0.225754,0.0271264,-4.03166,4.11962,0.334041,-3.35478,3.43904,-0.0155027,1.31368,0.268805,
-9.06716,-20.2032,15.1625,-1.51264,3.36007,5.8953,0.802216,2.94211,4.00886,8.01175,6.37138,29.9946,0,0,0,0,0,0,0,0,0,0,0,0,0.0641083,0.932202,-1.51956,-0.0577232,0.442321,-1.66775,0.0302442,0.502121,-1.62568,-0.0694504,0.842864,-1.52991,-0.100918,0.607854,-1.23793,-0.0899416,0.399533,-1.37629,0.0505699,0.463089,-1.40729,0.0747397,0.996651,-0.971074,-0.00514868,1.31333,0.181643,-0.144093,-3.17412,5.63063,0.175388,-2.82715,4.44584,-0.0451663,1.15938,0.411971,
-11.3398,-20.1911,12.1581,-2.90093,2.86523,24.8034,-1.46219,6.56096,3.57438,3.92336,5.8246,28.377,0,0,0,0,0,0,0,0,0,0,0,0,0.0651069,0.96332,-1.51456,-0.0581031,0.437746,-1.63089,0.0323087,0.45505,-1.52301,-0.0695848,0.869158,-1.51792,-0.136579,0.637377,-1.28347,-0.106336,0.565579,-1.24671,0.00744889,0.534638,-1.3107,0.0048198,1.00961,-0.982415,0.137292,1.25788,0.30669,0.13786,2.31421,-2.04064,0.0527236,-1.21312,4.50149,0.09383,1.05557,0.597736,
-7.16918,-17.4182,11.3467,0.0990728,4.38432,23.1424,-1.01191,9.9781,5.16749,-0.0252673,4.62312,24.7373,0,0,0,0,0,0,0,0,0,0,0,0,0.068309,0.982469,-1.50671,-0.0548094,0.473172,-1.65555,0.030778,0.448742,-1.46009,-0.0668191,0.886558,-1.50758,-0.0577507,0.70258,-1.27725,-0.0485877,0.62481,-1.27477,0.000486597,0.639088,-1.22408,-0.062947,1.00974,-1.03802,0.13105,1.12463,0.707606,0.135066,2.19764,-1.22196,-0.363397,0.272744,4.34069,0.132352,1.19537,0.604605,
-4.37512,-14.7568,8.13368,1.88454,3.50492,20.9165,-1.83874,7.4554,17.4404,-1.45989,2.56689,21.0683,0,0,0,0,0,0,0,0,0,0,0,0,0.0701128,1.00716,-1.48068,-0.0527617,0.526268,-1.67362,0.0192755,0.49152,-1.38807,-0.0643534,0.920713,-1.49544,-0.00781394,0.769949,-1.28847,-0.0163635,0.66233,-1.30714,-0.0104962,0.723118,-1.1493,-0.0879104,1.01859,-1.09739,0.0495252,0.950104,1.35441,0.0652002,2.21027,-0.422324,0.111831,2.93473,-2.39329,0.0912562,1.56465,0.458033,
-3.25297,-12.7706,5.75607,2.96251,2.41285,20.3709,-2.68729,8.34785,19.0488,-1.7251,1.58203,16.2258,0,0,0,0,0,0,0,0,0,0,0,0,0.0699442,1.02235,-1.45346,-0.0526229,0.56514,-1.67837,0.0201138,0.534838,-1.41177,-0.063594,0.948062,-1.48557,0.00873292,0.814867,-1.29603,-0.000247069,0.678267,-1.31425,-0.0290131,0.756152,-1.09035,-0.0951426,1.0241,-1.16941,-0.06314,0.755054,1.61259,-0.0454655,2.11621,-0.191136,-0.00816321,2.1247,-0.76169,-0.00559455,1.44463,0.646319,
-1.53991,-11.5058,2.03543,5.47813,1.09594,22.1795,-3.90983,8.9663,21.6374,-1.58956,-1.1722,9.18691,0,0,0,0,0,0,0,0,0,0,0,0,0.0671002,1.03656,-1.41586,-0.055117,0.610484,-1.68145,0.0184759,0.57789,-1.42201,-0.0650174,0.977367,-1.46859,0.0329934,0.845749,-1.32101,0.038757,0.696541,-1.28225,-0.0568159,0.800859,-1.03745,-0.0976368,0.996534,-1.27312,-0.18665,0.561718,1.76736,-0.175034,2.02066,-0.12441,-0.128458,1.83167,-0.27043,-0.113615,1.23688,0.868765,
-1.67743,-10.9628,-0.743524,9.12795,2.11603,25.1474,-6.52494,7.97502,22.533,-0.968831,-3.88637,2.14769,0,0,0,0,0,0,0,0,0,0,0,0,0.0631335,1.04751,-1.37713,-0.0590052,0.653657,-1.68397,0.0159022,0.615237,-1.42444,-0.067118,1.00159,-1.44674,0.0279976,0.863357,-1.33388,0.102233,0.75486,-1.23013,-0.10519,0.813096,-1.01571,-0.0863485,0.963746,-1.37239,-0.141688,0.463456,1.73451,-0.144351,1.91674,-0.103584,-0.0750816,1.61513,-0.0292995,-0.0493575,1.0028,1.07851,
-1.70079,-8.71216,-5.70245,11.9279,3.72039,29.2375,-10.4043,8.59781,24.3756,-1.07035,-6.62877,-4.01823,0,0,0,0,0,0,0,0,0,0,0,0,0.0612918,1.05549,-1.34665,-0.0610002,0.687453,-1.68581,0.0153062,0.64311,-1.42405,-0.0671896,1.01828,-1.4264,0.0279449,0.911209,-1.39563,0.153052,0.815814,-1.1574,-0.173963,0.849307,-0.979939,-0.0857581,0.927295,-1.46237,-0.0740507,0.43159,1.67134,-0.0861434,1.85526,-0.0969901,-0.0030441,1.5239,0.0281164,0.0272695,0.902496,1.13342,
-1.35579,-6.76218,-9.96309,15.022,3.90613,32.3829,-14.4267,7.8254,26.9646,-1.11849,-8.35007,-10.7648,0,0,0,0,0,0,0,0,0,0,0,0,0.0584738,1.06224,-1.32393,-0.0621662,0.727692,-1.68781,0.0162639,0.676333,-1.42403,-0.0662152,1.03258,-1.4103,0.0303514,0.956704,-1.48074,0.21006,0.858017,-1.10213,-0.243349,0.867986,-0.935098,-0.083734,0.911362,-1.57805,-0.106078,0.532193,0.743545,-0.0275195,1.81208,-0.094575,0.0822033,1.5086,-0.0406485,0.0860855,0.935129,0.854946,
0.467873,-3.43624,-6.29929,16.8039,2.40672,32.8091,-17.8136,5.73133,29.5202,-0.769342,-5.1918,-6.94187,0,0,0,0,0,0,0,0,0,0,0,0,0.0510869,1.06964,-1.35025,-0.0623567,0.767045,-1.68943,0.0185973,0.709721,-1.42577,-0.064523,1.03748,-1.44122,0.0385237,0.999685,-1.58428,0.243463,0.868582,-1.09393,-0.301537,0.864376,-0.89263,-0.0774583,0.919522,-1.69486,-0.643807,-0.228423,-3.65113,0.00900896,1.76545,-0.0314601,0.114585,1.5415,-0.109777,0.0321666,-0.719905,-3.89361,
1.44067,0.324461,-3.62823,17.1497,-1.18311,33.1308,-18.8198,3.13446,29.9275,-0.573885,-1.33453,-3.75374,0,0,0,0,0,0,0,0,0,0,0,0,0.037677,1.04776,-1.42429,-0.0616641,0.798488,-1.68878,0.020873,0.738233,-1.42816,-0.0646011,1.00435,-1.51997,0.0354743,1.00699,-1.66092,0.25148,0.833935,-1.084,-0.317585,0.848038,-0.888611,-0.0728739,0.907062,-1.7708,-0.867678,-1.42599,-5.21456,0.0406726,1.7404,0.0734623,0.113679,1.61379,-0.140276,0.0660462,-2.23141,-5.57872,
-0.583707,5.69293,7.49893,16.0888,-6.00657,35.6937,-16.8868,-2.77853,28.083,-0.50864,3.89717,5.6498,0,0,0,0,0,0,0,0,0,0,0,0,0.018016,1.01084,-1.54594,-0.060467,0.839852,-1.6852,0.0231869,0.777792,-1.43102,-0.0608328,0.943181,-1.64934,-0.0160783,1.06661,-1.56094,0.233946,0.786355,-1.02925,-0.281141,0.781473,-0.922876,-0.0620801,0.929559,-1.7053,-0.71749,-1.45865,-4.62439,0.057691,1.70238,0.213135,0.0826401,1.65612,-0.0751136,0.244465,-2.58133,-4.84882,
0.329838,4.67092,6.74216,14.516,-7.90005,36.4637,-16.0918,-3.67387,26.1336,-1.58018,1.1326,5.82104,0,0,0,0,0,0,0,0,0,0,0,0,0.00711571,0.991247,-1.59005,-0.0595582,0.866696,-1.68029,0.0243628,0.804411,-1.43142,-0.0569162,0.90655,-1.69966,-0.0151665,1.05056,-1.48957,0.206179,0.77704,-1.00345,-0.265607,0.792379,-0.955691,-0.0765445,0.865604,-1.63996,-0.86409,-0.782492,-0.675539,0.0553154,1.64942,0.42356,0.0797058,1.6734,0.0173798,0.278124,-1.88035,-1.40983,
1.27442,0.735742,4.00879,13.1049,-7.79698,34.9696,-17.0328,-3.90184,24.0145,-2.20401,-1.16268,4.50486,0,0,0,0,0,0,0,0,0,0,0,0,-0.0180768,0.991931,-1.55306,-0.0574902,0.904349,-1.66515,0.0277488,0.843863,-1.42871,-0.0503466,0.87401,-1.68229,-0.0281994,1.02172,-1.39796,0.185026,0.811265,-1.00343,-0.27498,0.825158,-0.985616,-0.0841446,0.81242,-1.53846,-1.01731,0.501593,2.51202,0.129703,1.48742,0.791455,0.212635,1.59615,0.197586,0.191737,-1.23597,1.89201,
-0.10588,-2.70114,7.77004,14.0017,-8.83448,32.2683,-15.7504,-4.2062,20.5331,-1.62332,-0.476184,4.48093,0,0,0,0,0,0,0,0,0,0,0,0,-0.0342161,1.00627,-1.49796,-0.0546838,0.935347,-1.64506,0.0330778,0.877092,-1.42174,-0.0490336,0.845919,-1.62556,-0.0350347,0.992794,-1.31904,0.201735,0.81922,-1.02557,-0.247104,0.847819,-1.0342,-0.0844081,0.785673,-1.42353,0.0338109,1.08885,1.15054,0.0562822,1.35974,1.00194,0.189131,1.44234,0.434386,-0.179043,-1.5763,3.68399,
-1.92155,-5.57895,9.82902,7.9478,-6.09912,28.927,-9.92155,-3.97229,16.0228,-1.6856,-2.16237,15.1642,0,0,0,0,0,0,0,0,0,0,0,0,-0.033808,1.02033,-1.47575,-0.0544184,0.956002,-1.62754,0.0354028,0.898894,-1.41272,-0.0502614,0.842008,-1.59249,-0.0667104,0.942178,-1.24474,0.092026,0.88401,-1.06308,-0.140138,0.867701,-1.09814,-0.0761533,0.868087,-1.32529,0.062179,0.711436,1.59796,0.0592443,1.18864,1.17692,0.148211,1.25373,0.71054,0.145306,1.99818,-0.26026,
-2.31605,-15.5535,20.1747,7.68677,-10.6228,34.5922,-6.27556,-3.67802,11.8224,-1.0091,1.9274,12.0852,0,0,0,0,0,0,0,0,0,0,0,0,-0.03125,1.03293,-1.43295,-0.0517315,0.979933,-1.59611,0.0384661,0.923168,-1.38824,-0.0469248,0.879504,-1.58367,-0.0699607,0.762849,-1.00334,0.0917315,0.814657,-0.920524,-0.0728419,0.882711,-1.13121,-0.0618149,0.956225,-1.339,0.103866,0.388316,1.91857,0.113162,0.851434,1.42488,0.0853461,0.807163,1.28565,0.105637,1.27345,0.762044,
-4.85443,-19.5736,22.4783,9.20399,-11.5452,34.257,-6.35375,-5.67858,2.36982,-0.128416,0.33303,2.38469,0,0,0,0,0,0,0,0,0,0,0,0,-0.0290529,1.03833,-1.38603,-0.0492695,0.995375,-1.56031,0.0396092,0.93829,-1.35558,-0.0452109,0.904056,-1.56153,-0.11416,0.684439,-0.891891,0.121696,0.80335,-0.869693,-0.074584,0.861467,-1.26299,-0.0454821,0.950077,-1.48372,0.0964061,0.0607327,2.61075,0.110621,0.546609,2.07059,0.0406277,0.807397,1.51269,0.0630566,1.22117,1.05286,
-6.62361,-21.3968,20.9437,11.8253,-14.179,31.6217,-7.24266,-13.1203,-9.53994,-0.709215,-9.65727,-10.7974,0,0,0,0,0,0,0,0,0,0,0,0,-0.0278139,1.03602,-1.3338,-0.0477414,1.0017,-1.51764,0.0401022,0.956286,-1.33338,-0.0445397,0.928719,-1.54678,-0.14689,0.636628,-0.826699,0.169303,0.753318,-0.83847,-0.0913654,0.766207,-1.46778,-0.0573007,0.815594,-1.71997,0.0413405,-0.316487,3.85927,0.0622767,0.287689,3.18495,0.00663356,1.48109,1.19336,0.00408688,1.90857,0.706777,
-7.08365,-22.123,18.2875,13.6232,-19.4056,26.5289,-8.58723,-32.8529,-16.3601,-1.98783,-21.7081,-10.3559,0,0,0,0,0,0,0,0,0,0,0,0,-0.027717,1.02072,-1.2173,-0.0470115,1.00311,-1.42081,0.0330107,0.998107,-1.33438,-0.0463283,0.966491,-1.58369,-0.156711,0.589093,-0.701128,0.201484,0.645594,-0.785387,-0.129948,0.482689,-1.63913,-0.0891891,0.565391,-1.89942,-0.00611069,-0.898186,5.61226,0.0244388,-0.143159,4.67735,-0.208607,2.50275,-0.222807,-0.205285,-0.195797,-3.89413,
-8.45885,-22.9075,28.5994,12.9681,-22.0735,21.3427,-8.69088,-53.9253,-31.8707,1.27397,-25.9233,-1.54957,0,0,0,0,0,0,0,0,0,0,0,0,-0.0290945,0.993504,-1.07996,-0.0477579,0.994611,-1.30785,0.0284938,1.05216,-1.33921,-0.0554464,0.887696,-1.68758,-0.188081,0.525876,-0.340605,0.183644,0.573756,-0.743135,-0.135838,0.1615,-1.91415,-0.0507888,0.191193,-1.9146,-0.158566,-1.56224,6.70276,-0.133909,-0.596419,5.39824,-0.192997,2.74374,0.138359,-0.565444,-6.88023,-6.07599,
-1.79003,-25.845,27.7557,11.2787,-22.4714,24.2068,0.772043,-38.1788,-12.2165,-4.32185,-3.66796,6.18511,0,0,0,0,0,0,0,0,0,0,0,0,-0.0349874,0.957364,-0.948514,-0.0533578,0.98001,-1.20638,0.0172587,1.06177,-1.386,-0.0631576,0.707417,-1.77228,-0.0864507,0.405051,-0.180696,0.133109,0.538344,-0.573835,-0.0167662,0.217562,-1.89478,-0.149903,0.204647,-1.76014,-0.578031,-2.51787,8.04128,-0.56835,-1.01125,5.87948,-1.46856,-4.58489,-8.7593,-0.249528,-13.3247,-3.06531,
7.67059,-28.7382,-9.49831,0.871558,-26.875,13.7814,3.93111,15.7615,49.6655,1.61388,17.5391,25.4995,0,0,0,0,0,0,0,0,0,0,0,0,-0.0503966,0.883073,-0.730074,-0.0686785,0.95009,-1.05492,-0.025205,0.760252,-1.60474,-0.0623512,0.407365,-1.80235,0.0725249,0.222419,-0.503155,-0.0691443,0.402606,-0.530189,0.00107909,0.455541,-0.952519,-0.0445869,0.33715,-1.29815,-0.505503,-4.22095,12.2105,-0.498432,-1.79813,8.37705,-1.38083,-18.067,-7.66304,-0.353799,-11.8894,1.23986,
16.753,23.3101,-69.4876,-18.4758,23.8095,-67.7203,-5.11342,60,60.0299,9.54308,60,81.8134,0,0,0,0,0,0,0,0,0,0,0,0,-0.0350252,0.774888,-0.498418,-0.0638964,0.892166,-0.826001,-0.0225356,0.394286,-1.48614,-0.0676633,0.235976,-1.65305,0.331883,1.16827,-1.62729,-0.377767,1.19183,-1.65864,-0.0725632,1.2998,0.25,0.117421,1.33513,0.25,1.90389,-0.9302,4.11079,0.673845,-4.0712,12.1805,1.31217,-12.6149,19.6987,0.353653,-4.12222,12.6967,
11.2126,13.848,4.53376,-9.36986,12.1997,-21.518,1.31087,55.7655,71.0713,-3.76368,44.4802,16.4179,0,0,0,0,0,0,0,0,0,0,0,0,0.00774824,0.789532,-0.657641,-0.0551283,0.900295,-0.824852,-0.0065804,0.309787,-1.18376,-0.0609491,0.23492,-1.32562,0.299468,1.29733,-1.65342,-0.263441,1.39242,-2.01954,0.0345576,1.47025,0.140044,-0.12884,1.15463,0.25,2.68443,7.82281,-32.9453,-1.15962,8.25939,-24.5499,0.528733,4.47768,0.965554,0.0164983,3.39103,39.0229,
11.2899,16.6254,-19.6936,-13.0673,1.41423,-15.803,4.41794,56.4981,77.7115,-12.201,60,86.9303,0,0,0,0,0,0,0,0,0,0,0,0,0.12812,0.942895,-1.30325,-0.141819,1.09682,-1.50154,0.00743712,0.395627,-1.25697,-0.0471807,0.355391,-1.29166,0.541145,1.38528,-2.13527,-0.531536,1.32423,-2.49541,0.106209,1.45963,0.183541,-0.249186,1.72454,0.25,6.34806,4.28089,-14.4819,-4.64846,6.16303,-21.589,0.563619,1.12329,0.842707,0.605957,1.80745,-1.18835,
14.5134,5.69589,-15.7005,-13.8814,-3.42632,-13.5258,13.8524,60,64.4264,-13.7867,60,65.5969,0,0,0,0,0,0,0,0,0,0,0,0,0.273936,1.08965,-1.65159,-0.27093,1.21015,-1.93103,0.017781,0.381543,-1.18526,-0.0352608,0.344689,-1.23115,0.779797,1.47582,-2.57576,-0.781798,1.28396,-2.87738,0.27797,1.57041,0.14805,-0.274676,1.90023,0.118549,7.39386,8.63523,-19.516,-7.89794,4.15879,-21.402,0.254437,-1.90123,4.94748,0.343835,-1.86528,4.79818,
12.0427,-4.97613,-20.9843,-8.19469,-4.33873,-13.1823,18.3628,60,56.2817,-13.8126,60,51.7804,0,0,0,0,0,0,0,0,0,0,0,0,0.402008,1.21291,-1.89322,-0.408502,1.25004,-2.20755,0.019932,0.340177,-1.08886,-0.031514,0.303861,-1.13717,0.903236,1.37078,-2.77382,-0.857043,1.22085,-2.99277,0.358117,1.76216,0.153514,-0.274939,2.09473,0.0190507,8.6249,7.58831,-15.2493,-9.15282,1.51859,-16.6695,0.131879,-3.02245,6.69383,0.235681,-2.99334,6.56206,
-7.97713,-8.07625,3.5822,7.75049,-5.80076,-12.8262,16.0684,60,42.386,-19.5674,60,37.4351,0,0,0,0,0,0,0,0,0,0,0,0,0.660474,1.35232,-2.34199,-0.658552,1.24115,-2.56217,0.0280246,0.262743,-0.917005,-0.0210703,0.227254,-0.965908,0.899986,1.28896,-2.83214,-0.857786,1.08823,-2.95886,0.336674,1.83635,0.0856348,-0.357506,2.00933,-0.0527375,11.7502,2.551,-16.9668,-10.3935,-1.44989,-4.99517,0.504076,-2.92235,7.08842,0.590787,-2.84377,7.10515,
-13.1971,-9.08593,-9.1598,15.2458,-15.9158,-13.7426,21.5262,60,36.4951,-17.9433,60,26.7406,0,0,0,0,0,0,0,0,0,0,0,0,0.83919,1.35808,-2.53599,-0.807568,1.20108,-2.56104,0.0326484,0.223534,-0.78026,-0.0148579,0.194842,-0.839951,0.708543,1.16647,-2.75778,-0.647989,0.826969,-2.75291,0.417378,1.68144,0.054,-0.345756,1.91541,-0.220946,3.33975,-0.807071,-1.68842,-3.59385,-2.58892,1.77189,-0.203397,-0.600196,5.21623,-0.14229,-0.0140351,4.05814,
-12.6643,-9.72331,-13.3796,13.7208,-15.2468,-1.02283,21.7745,60,25.0426,-15.8445,60,18.8292,0,0,0,0,0,0,0,0,0,0,0,0,0.837241,1.32749,-2.52769,-0.809814,1.12995,-2.52743,0.0278854,0.239098,-0.715568,-0.0206357,0.22914,-0.800475,0.525728,1.05134,-2.72892,-0.470316,0.643524,-2.48587,0.417314,1.52406,-0.194855,-0.314972,1.72163,-0.465873,-2.48277,-3.03602,1.28459,2.75088,-6.3925,1.83811,-0.197747,2.21202,1.99813,-0.191135,3.37979,-0.236678,
-15.3775,-21.4914,7.4479,7.38341,-4.61373,14.2122,14.5585,43.5682,17.0274,-6.84756,43.2575,37.2995,0,0,0,0,0,0,0,0,0,0,0,0,0.724355,1.2297,-2.49926,-0.682277,0.940248,-2.49132,0.0285276,0.346931,-0.737305,-0.0283889,0.370264,-0.872989,0.207738,0.661189,-2.32698,-0.284876,0.529882,-2.18343,0.29588,1.36961,-0.564945,-0.166771,1.45747,-0.4218,-7.24246,-5.43148,1.12625,8.04089,-9.97579,1.51201,0.0810475,7.04384,-4.19313,-0.424155,9.18818,-6.93562,
-3.08667,-0.581877,16.2749,-3.38322,17.0121,20.9915,3.36276,39.6727,15.2607,-6.27521,36.0425,48.9195,0,0,0,0,0,0,0,0,0,0,0,0,0.562417,1.09264,-2.46494,-0.511926,0.794712,-2.46794,0.0295553,0.472304,-0.813542,-0.0345775,0.521706,-0.964831,0.235904,0.782598,-2.04939,-0.320133,0.834695,-1.99716,0.0927466,1.46457,-0.701457,-0.150612,1.44798,-0.229303,-8.26199,-9.15015,3.65564,7.7399,-8.22948,2.72296,0.0626459,8.27877,-5.05333,-0.0592683,8.27929,-4.70304,
2.54687,18.3516,12.5751,-10.6427,21.0261,5.58878,-1.51524,9.65105,10.5252,-3.90435,29.487,39.1936,0,0,0,0,0,0,0,0,0,0,0,0,0.418151,0.927034,-2.29402,-0.383391,0.687968,-2.2366,0.0420051,0.6868,-0.935605,-0.0262486,0.723705,-1.07636,0.226196,1.00991,-1.6958,-0.372699,1.08631,-1.77538,0.0419082,1.14684,-0.891917,-0.0755906,1.51896,-0.485305,-7.28023,-7.66303,11.2929,6.2393,0.490466,10.9881,0.838841,8.69499,-4.51245,0.66141,7.91795,-3.71425,
-0.125882,14.2074,5.83887,-0.629217,8.82912,7.8887,-3.12293,-0.722134,15.8248,-4.66146,24.8812,49.9168,0,0,0,0,0,0,0,0,0,0,0,0,0.290063,0.848233,-2.04152,-0.302615,0.777667,-2.02781,0.0615338,0.855525,-1.01451,-0.0105001,0.880524,-1.13612,0.141444,1.11625,-1.49175,-0.274826,1.16751,-1.5578,0.0306158,1.0698,-0.809307,-0.0754015,1.55081,-0.299463,-4.47119,0.29639,13.5547,1.19868,7.00666,9.97882,0.790242,6.94848,-2.52147,0.6066,6.65803,-2.16707,
-3.79042,5.85269,4.43253,5.89516,-4.43121,4.25512,-4.43749,2.43142,35.6394,-0.697112,40.9092,61.3855,0,0,0,0,0,0,0,0,0,0,0,0,0.212978,0.913231,-1.78313,-0.297949,0.945434,-1.87893,0.0741058,0.955502,-1.04413,-0.000938961,0.974131,-1.15713,0.0439474,1.16713,-1.34186,-0.184266,1.10786,-1.46367,0.0199313,1.17832,-0.427994,0.00694529,1.88306,-0.055949,-3.05903,4.50646,11.0208,0.198545,7.42493,10.3246,0.809939,5.45743,-0.973339,0.628192,5.04558,-0.455816,
5.02567,-8.3116,-5.20588,6.72668,-11.6628,-2.46051,-4.54256,11.9933,44.9382,-4.27581,36.6671,56.5587,0,0,0,0,0,0,0,0,0,0,0,0,0.148096,1.00321,-1.58418,-0.279472,1.05226,-1.64404,0.0923262,1.04504,-1.02281,0.0137459,1.05676,-1.12857,0.107671,1.01977,-1.34433,-0.102155,0.994245,-1.41507,0.031493,1.33642,-0.123755,-0.0458903,1.79415,-0.0172882,-4.02723,5.12362,10.2208,1.68096,4.70671,8.36337,0.664852,2.24022,2.50538,0.553229,2.16078,2.53421,
3.05977,-4.31383,-3.10608,4.5832,-0.282405,1.94627,-6.05405,21.7553,39.4509,-1.76091,28.8202,51.4735,0,0,0,0,0,0,0,0,0,0,0,0,0.0705319,1.09823,-1.4288,-0.233226,1.11843,-1.51879,0.105332,1.06368,-0.935395,0.0251494,1.07805,-1.0461,0.0547286,1.09729,-1.31362,-0.0685096,1.14322,-1.32624,0.0129678,1.44835,-0.0458875,0.00961026,1.59924,0.0483718,-2.18275,2.36798,5.24491,2.48679,0.914358,4.80209,0.541115,-0.332313,5.26221,0.503475,-0.0860955,4.84593,
-8.22284,7.97569,1.02781,1.39982,14.0731,4.60017,-7.32005,21.6455,30.9737,5.52279,3.07656,51.4478,0,0,0,0,0,0,0,0,0,0,0,0,0.0591285,1.11933,-1.35621,-0.167248,1.11495,-1.42639,0.113205,1.03056,-0.787015,0.0330101,1.05355,-0.913409,-0.0900649,1.28484,-1.26912,-0.0297923,1.37416,-1.21815,-0.0142917,1.34918,0.0344131,0.139708,1.05182,0.246825,0.00956221,0.626268,2.09012,3.42234,0.101993,3.80731,0.170956,-2.28975,7.89154,0.192011,-1.7621,6.86946,
-13.5416,14.6316,8.70582,-3.32101,22.6552,8.28865,-13.2876,8.23618,20.3801,12.0566,-25.7837,38.7294,0,0,0,0,0,0,0,0,0,0,0,0,0.0464542,1.13821,-1.3302,-0.101603,1.13603,-1.36438,0.114825,0.978504,-0.619515,0.0359549,1.00805,-0.769793,-0.254803,1.47775,-1.14001,-0.0290862,1.63506,-1.08899,-0.117213,0.995615,0.097185,0.266451,0.415236,0.25,-1.68194,2.24634,0.975005,4.06079,2.66215,3.80985,0.291979,-4.05283,10.5769,0.34485,-3.7896,9.64402,
-25.9863,4.03557,13.9613,-4.21618,6.3944,-9.9341,7.17619,4.77024,-10.4734,6.64463,-28.3818,8.56,0,0,0,0,0,0,0,0,0,0,0,0,-0.025853,1.22582,-1.28371,-0.0173425,1.25413,-1.26013,0.0859047,0.909134,-0.42456,0.0493889,0.854096,-0.463698,-0.528425,1.42495,-1.0537,0.00445767,1.622,-1.26453,0.0907267,0.977842,-0.531943,0.204349,0.0361701,0.172504,-0.919569,3.84247,-0.728095,3.00844,7.68809,5.38434,-3.83943,-0.550747,2.53738,1.04342,-9.22451,14.684,
-18.7702,-2.85462,11.6601,-6.82836,-15.5335,-16.0394,16.4124,10.9154,-22.858,3.7686,1.8921,27.2033,0,0,0,0,0,0,0,0,0,0,0,0,-0.0823951,1.29646,-1.25483,0.0153499,1.45224,-1.21839,-0.000926828,0.931235,-0.464855,0.0882687,0.645253,-0.382269,-0.469617,1.31009,-1.02632,-0.0991603,1.46616,-1.5371,0.215086,1.16305,-0.985196,0.215025,0.293862,0.0911125,-1.40389,2.00241,0.504598,0.294611,9.05484,-0.827504,-2.5176,1.01912,-3.20042,1.77943,-11.7881,-0.648537,
-3.06132,-15.0576,3.40028,-3.18369,-35.3264,2.95446,3.81412,-14.4819,-35.683,-0.905129,11.845,-18.0185,0,0,0,0,0,0,0,0,0,0,0,0,-0.11414,1.31884,-1.2271,-0.000826086,1.57013,-1.25117,-0.0144011,0.964048,-0.565853,0.118704,0.447582,-0.405729,-0.191997,1.06227,-1.10943,-0.13916,1.11537,-1.37141,0.0756533,0.861486,-1.67949,0.17104,0.290245,-0.791746,-0.678214,0.525721,1.70648,-2.45817,5.73016,-5.31525,0.632703,4.9117,-14.2038,2.10199,-11.3881,-1.78469,
10.9201,-23.5409,-8.52889,8.68633,-1.44108,13.0534,-3.55773,-26.1927,-12.9381,-16.0887,3.99479,-42.066,0,0,0,0,0,0,0,0,0,0,0,0,-0.137574,1.33141,-1.1866,-0.110621,1.54222,-1.31364,0.0367204,1.07442,-1.05454,0.169782,0.278502,-0.585614,0.0200023,0.920388,-1.29097,-0.119182,1.27339,-1.0312,0.0478719,0.638614,-2.02887,-0.0602568,0.2142,-1.72205,-1.25186,0.519201,1.54937,-5.08734,-7.41377,1.37815,2.31726,1.23508,-22.5835,1.90923,-4.18412,-11.3544,
15.7688,-26.9914,-9.11623,7.45201,4.41995,2.07477,3.45392,-16.2629,3.02616,-15.1998,7.80468,-8.03314,0,0,0,0,0,0,0,0,0,0,0,0,-0.173641,1.34361,-1.15696,-0.169061,1.36038,-1.23611,0.0727436,0.981053,-1.47563,0.184346,0.251268,-1.00741,0.0477695,0.873971,-1.287,-0.0566581,1.19846,-0.966369,0.156535,0.421139,-2.05728,-0.122413,0.428827,-2.1333,-1.99512,0.645164,1.09125,-0.705486,-7.40288,7.0895,0.641439,-8.07355,-19.4539,-0.928903,1.08948,-29.9395,
13.5885,-24.0646,-5.23314,5.24427,2.97862,7.20483,0.341992,-9.04895,14.2043,-8.194,-13.2343,0.640259,0,0,0,0,0,0,0,0,0,0,0,0,-0.212743,1.35921,-1.14403,-0.155402,1.26578,-1.13198,0.0836532,0.775162,-1.74193,0.129837,0.384794,-1.29561,-0.0349682,0.957638,-1.22721,0.00376804,1.18355,-0.828186,0.131075,0.160942,-1.84165,-0.138039,0.427581,-2.13206,-2.11714,1.09892,0.365502,1.95004,-4.16725,5.27993,1.25901,-13.7407,-10.9384,-3.63287,8.65979,-25.9137,
6.60057,-37.5882,0.399912,-0.598106,-17.3326,15.1071,-10.3305,0.584932,18.5239,7.34714,-20.0414,9.08789,0,0,0,0,0,0,0,0,0,0,0,0,-0.241047,1.39283,-1.14714,-0.172216,1.30235,-1.14988,0.132347,0.458977,-1.84978,0.032492,0.475865,-1.75807,-0.13589,0.768991,-1.15199,-0.194103,1.04962,-0.898769,0.0300076,0.000893414,-1.49729,0.00555035,0.121474,-2.03616,-0.453859,1.82067,-0.37035,-0.336502,1.90694,-0.719835,2.61214,-14.3219,0.47956,-4.90496,0.305468,-13.546,
8.8328,-53.4612,0.495199,-4.87547,-25.4771,10.3933,-11.5235,21.6293,25.6545,12.5344,-4.67789,27.6218,0,0,0,0,0,0,0,0,0,0,0,0,-0.239706,1.42718,-1.15291,-0.167688,1.32999,-1.15056,0.160562,0.234793,-1.78497,-0.0424339,0.429753,-1.91407,-0.072971,0.51438,-1.1502,-0.244112,0.910117,-0.95275,-0.0468283,0.244388,-1.03797,0.0903039,0.152297,-1.56287,0.187585,1.80945,-0.192429,0.373408,1.32445,0.270287,0.0649831,-11.7231,8.57248,-2.9077,-5.87899,-4.61441,
14.4801,-36.3303,-22.3613,2.134,-27.6819,-40.2075,-7.61538,56.3543,34.55,5.29947,45.2749,53.6513,0,0,0,0,0,0,0,0,0,0,0,0,-0.235066,1.46076,-1.14594,-0.158985,1.35228,-1.13231,0.119091,0.064467,-1.50402,-0.05729,0.263154,-1.84971,0.034306,0.840118,-1.52323,-0.108244,0.87281,-1.8181,-0.120864,0.979327,-0.339479,0.0741205,0.848825,-0.534094,0.186331,1.21939,0.894663,0.364868,0.728492,1.38265,-3.10121,-3.35386,16.3888,1.07117,-7.25724,10.3931,
19.4538,-22.4656,-25.2054,4.07483,-17.1898,-6.32034,-15.3139,57.7278,69.0496,-7.41822,41.095,59.6314,0,0,0,0,0,0,0,0,0,0,0,0,-0.216211,1.47604,-1.15456,-0.156819,1.36114,-1.26766,0.0987491,0.0833812,-1.44434,-0.0267981,0.209975,-1.66668,0.1742,1.10025,-1.67127,-0.0855939,0.967823,-1.91107,-0.154976,1.17983,-0.296508,-0.143187,0.995175,-0.676097,1.12154,0.998575,-1.78547,-0.0874647,-2.468,-16.1483,0.755034,1.43156,-3.28808,0.564914,1.16168,-2.8607,
8.50152,-18.4224,-4.79678,6.15506,-1.40988,7.70008,-6.14914,60,49.0492,-3.28101,47.926,50.2612,0,0,0,0,0,0,0,0,0,0,0,0,-0.154153,1.47886,-1.2707,-0.152878,1.18538,-1.58595,0.110852,0.088523,-1.46713,-0.0166179,0.214544,-1.67873,0.211165,1.05996,-1.70808,-0.0163464,0.830654,-1.85622,0.00396495,1.31914,-0.566243,-0.0723573,1.07256,-0.745938,6.43942,-2.56512,-10.6993,0.752311,-10.0556,-12.5361,0.150203,-0.513895,0.2775,0.119631,-0.40834,0.579132,
-4.37356,-5.23868,1.68521,7.27984,-5.90374,12.244,2.22548,60,45.7156,4.13535,60,51.6213,0,0,0,0,0,0,0,0,0,0,0,0,-0.0130232,1.35297,-1.44837,-0.127548,1.00433,-1.74376,0.104342,0.074128,-1.45063,-0.0230461,0.203553,-1.66303,0.161535,0.951313,-1.69234,0.0818947,0.572299,-1.69204,0.128601,1.27945,-0.585986,0.0364896,1.33282,-0.69429,7.76349,-9.36246,-8.39074,2.35528,-9.92099,-5.2218,-0.495115,-0.763273,1.02225,-0.47827,-0.575261,0.921905,
-5.01798,2.4873,4.19833,2.458,-1.59427,12.0265,4.67402,60,40.7442,2.82556,60,44.8379,0,0,0,0,0,0,0,0,0,0,0,0,0.109389,1.14444,-1.58736,-0.0561196,0.821154,-1.78959,0.0902561,0.0631837,-1.43102,-0.0366575,0.195992,-1.64664,0.139869,0.895473,-1.65292,0.121203,0.517217,-1.50265,0.160127,1.20342,-0.670223,0.000319917,1.293,-0.810857,3.7191,-8.98911,-4.33581,4.05265,-8.40126,2.08643,-0.461743,-0.184803,0.611017,-0.439889,-0.0915252,0.628026,
-1.65192,5.73739,3.60962,-5.69911,5.68002,1.11833,2.12679,57.2106,34.624,0.0533661,53.3142,41.4491,0,0,0,0,0,0,0,0,0,0,0,0,0.149477,0.978528,-1.63839,0.044073,0.671693,-1.69919,0.0867297,0.0670717,-1.42767,-0.0398249,0.200271,-1.63911,0.132885,0.880156,-1.59914,0.0926965,0.516448,-1.43316,0.123422,1.12674,-0.80515,-0.0402829,1.18833,-0.880981,0.410764,-6.19327,-0.805911,4.65189,-7.89916,7.5073,-0.0603871,0.594973,-0.213974,-0.0436426,0.571665,0.137746,
0.64208,6.43812,0.148841,-9.60616,8.07661,0.583275,0.60506,49.7162,32.3732,0.345421,52.8556,45.4918,0,0,0,0,0,0,0,0,0,0,0,0,0.14104,0.894741,-1.63278,0.112539,0.545829,-1.55493,0.0847952,0.0917722,-1.4447,-0.041626,0.22323,-1.64719,0.121119,0.900033,-1.60239,0.0371599,0.570562,-1.38163,0.0904083,1.04562,-0.895468,-0.0409168,1.23015,-0.845492,-0.965394,-3.41504,0.845854,3.03351,-3.73127,4.97123,-0.164631,1.52514,-1.20286,-0.17023,1.40278,-0.776826,
-0.48495,3.47667,-0.398423,-7.81195,-0.587448,12.1157,-3.45356,38.9803,39.0997,-4.92501,50.7687,48.4962,0,0,0,0,0,0,0,0,0,0,0,0,0.118111,0.858731,-1.6201,0.128663,0.579985,-1.59304,0.0874934,0.135487,-1.48278,-0.0393471,0.261181,-1.66766,0.0746126,0.909205,-1.61418,0.00732916,0.636578,-1.42227,0.0374957,0.922133,-0.842068,-0.116959,1.25059,-0.819806,-1.05969,-0.389246,0.40247,0.632543,2.05561,-1.51299,0.390939,2.38067,-2.14477,0.364643,2.02713,-1.03567,
2.23222,-1.60406,2.6512,-5.98907,-4.40577,10.737,-2.88068,38.6188,43.2386,-5.83905,45.2128,46.8815,0,0,0,0,0,0,0,0,0,0,0,0,0.0952261,0.863176,-1.61425,0.139222,0.616242,-1.60973,0.0946991,0.181663,-1.52293,-0.0325888,0.30121,-1.68705,0.0782063,0.853766,-1.56127,0.0406748,0.601775,-1.43705,0.0481873,0.967929,-0.80476,-0.133401,1.19919,-0.870803,-1.76017,0.603633,0.14573,0.316112,2.0056,-0.688628,0.179183,2.56991,-2.07748,0.163547,2.32,-1.10428,
3.74162,-3.2264,2.847,-3.76466,-8.11798,8.25051,-2.56637,39.7717,46.9299,-4.74316,37.2439,41.3084,0,0,0,0,0,0,0,0,0,0,0,0,0.0560415,0.874107,-1.60453,0.139543,0.658768,-1.62014,0.0934492,0.235385,-1.56106,-0.0337606,0.352207,-1.70846,0.0789994,0.811268,-1.50352,0.0662026,0.571291,-1.48054,0.0409178,1.03369,-0.754397,-0.125232,1.10301,-0.98303,-1.37719,-0.127622,1.50492,-0.149487,1.83707,-0.317912,-0.179363,2.29728,-1.42428,-0.159869,2.25005,-0.783214,
3.32416,-6.60827,3.38141,-1.4676,-9.21034,7.68647,-1.84851,39.2571,44.5337,-1.39816,31.2659,35.0164,0,0,0,0,0,0,0,0,0,0,0,0,0.0422245,0.892214,-1.58855,0.131615,0.696171,-1.62447,0.0853632,0.280871,-1.58242,-0.0409242,0.398331,-1.71977,0.0843727,0.809133,-1.50871,0.0860034,0.580618,-1.48796,0.0327042,1.05602,-0.791161,-0.0834011,1.03108,-1.09312,-0.558893,1.13268,0.56109,-0.578354,1.58606,-0.0990653,-0.582072,1.87566,-0.563577,-0.521148,1.96408,-0.305915,
3.37455,-6.07111,0.161816,-1.19097,-7.87266,7.48997,-2.72385,36.7024,40.0771,0.293651,27.6929,28.1574,0,0,0,0,0,0,0,0,0,0,0,0,0.0306961,0.908762,-1.57397,0.119732,0.722483,-1.62414,0.0733974,0.311645,-1.58674,-0.0515383,0.4311,-1.7213,0.0718915,0.824616,-1.54022,0.0771976,0.624038,-1.48375,0.00279195,1.03175,-0.859996,-0.0645757,0.990808,-1.20675,-0.616004,0.801729,0.941412,-0.638003,1.36564,0.12862,-0.644137,1.61302,-0.0591685,-0.561504,1.71726,0.0793623,
3.7307,-5.28538,-3.11766,-0.125365,-5.99496,7.45624,-4.9276,35.1489,36.711,1.36139,22.9493,22.3995,0,0,0,0,0,0,0,0,0,0,0,0,0.0191837,0.924214,-1.55135,0.107629,0.750206,-1.61853,0.0612902,0.344905,-1.58455,-0.0617025,0.466346,-1.71574,0.0718538,0.849316,-1.57303,0.0891562,0.680807,-1.47246,-0.0440656,1.03158,-0.911289,-0.04977,0.934247,-1.29779,-0.463247,0.647791,1.06934,-0.494811,1.20999,0.321008,-0.481648,1.45443,0.176717,-0.391725,1.54734,0.326686,
2.33371,-0.463404,-2.25093,0.187095,-4.12706,8.84348,-6.21598,35.4749,35.618,2.34557,17.881,17.2874,0,0,0,0,0,0,0,0,0,0,0,0,0.0184495,0.92124,-1.54014,0.0982638,0.776456,-1.61131,0.0525395,0.376048,-1.58034,-0.0685225,0.499572,-1.70809,0.0739209,0.879969,-1.59092,0.0887729,0.741161,-1.44061,-0.0722006,1.06763,-0.927865,-0.0349079,0.87443,-1.38394,0.398452,-1.00362,-0.301218,-0.393941,1.21437,0.302869,-0.358183,1.42338,0.148839,-0.275979,1.52008,0.300451,
1.64913,1.04088,-1.86446,0.701411,-3.59832,11.3864,-6.48779,33.1634,36.7657,3.59828,13.0636,13.2642,0,0,0,0,0,0,0,0,0,0,0,0,0.0286641,0.895839,-1.5501,0.0914083,0.798908,-1.60638,0.0463139,0.402229,-1.5787,-0.0734008,0.527446,-1.70394,0.0775843,0.868745,-1.61075,0.0917279,0.775597,-1.39098,-0.0830836,1.05457,-0.909719,-0.017187,0.817274,-1.45819,0.578604,-1.40614,-0.817366,-0.379907,1.2868,0.255937,-0.349485,1.50852,0.0157706,-0.281401,1.59827,0.14007,
1.44985,0.94825,-0.508657,1.12266,-3.65626,13.4764,-7.0328,30.3311,37.5896,4.4901,8.63388,12.1407,0,0,0,0,0,0,0,0,0,0,0,0,0.0391373,0.87458,-1.57603,0.083033,0.82877,-1.60093,0.0384434,0.438022,-1.58155,-0.0800554,0.565139,-1.70462,0.0797109,0.867765,-1.62455,0.0913018,0.808235,-1.34796,-0.10083,1.04518,-0.90544,-0.00830619,0.780795,-1.48876,0.434274,-0.735038,-1.20005,-0.37104,1.4038,0.242505,-0.348477,1.70159,-0.224274,-0.302163,1.79288,-0.149138,
1.19551,0.742258,-0.180892,0.836922,-3.90604,15.4493,-7.78908,28.5347,37.4213,4.88883,5.96017,12.1045,0,0,0,0,0,0,0,0,0,0,0,0,0.0478874,0.863036,-1.59745,0.0756845,0.860184,-1.59599,0.0315546,0.476146,-1.58759,-0.0860799,0.605315,-1.70932,0.0812443,0.865358,-1.63003,0.0812044,0.836145,-1.30837,-0.119104,1.05169,-0.916639,-0.00508112,0.773511,-1.49694,0.355066,-0.34139,-0.894976,-0.296293,1.4355,0.20531,-0.276185,1.73341,-0.288416,-0.241058,1.8281,-0.235333,
1.27479,0.515801,0.0397661,0.364268,-3.53324,16.8581,-8.399,27.8321,37.2124,5.01823,5.16864,12.6607,0,0,0,0,0,0,0,0,0,0,0,0,0.0529685,0.859265,-1.60863,0.0715989,0.883049,-1.59303,0.0277456,0.5035,-1.59196,-0.0893576,0.634128,-1.71283,0.0851423,0.863284,-1.62705,0.0707694,0.86536,-1.28067,-0.131913,1.06501,-0.923967,-0.00402372,0.786466,-1.48941,0.274873,-0.163751,-0.585114,-0.227717,1.42242,0.178847,-0.212348,1.69492,-0.262522,-0.180478,1.7833,-0.207288,
0.113957,2.12364,1.33965,0.100896,-4.22843,17.2994,-8.51925,26.685,35.586,5.2834,4.47154,11.6844,0,0,0,0,0,0,0,0,0,0,0,0,0.0581182,0.856988,-1.61671,0.0673978,0.916676,-1.58884,0.0237905,0.543235,-1.59732,-0.0925768,0.675741,-1.7166,0.0659496,0.893733,-1.59692,0.0649245,0.884955,-1.26852,-0.13523,1.08143,-0.956322,0.000346825,0.812271,-1.50761,0.175984,-0.0570387,-0.139461,-0.131625,1.37988,0.176696,-0.12605,1.61974,-0.183832,-0.0958863,1.68756,-0.105601,
-0.0703461,1.05969,1.11592,-0.995387,-6.44835,19.2441,-8.32187,24.3609,34.8594,5.38615,2.97135,10.2362,0,0,0,0,0,0,0,0,0,0,0,0,0.0602126,0.858063,-1.61554,0.0655031,0.949111,-1.58486,0.0218458,0.580636,-1.60018,-0.0937775,0.714378,-1.71714,0.0564521,0.885622,-1.58104,0.0459353,0.875769,-1.22904,-0.131187,1.07435,-0.969878,0.00339684,0.820476,-1.53091,-0.075824,0.253381,0.434031,-0.0449107,1.34142,0.180997,-0.0527332,1.55195,-0.107002,-0.0230931,1.59112,0.00355707,
0.208569,0.847527,0.763779,-1.57546,-7.57301,20.4835,-8.77209,23.1979,34.5716,5.1282,1.51506,9.51918,0,0,0,0,0,0,0,0,0,0,0,0,0.0566201,0.864247,-1.60568,0.0650872,0.97046,-1.58159,0.0212961,0.605481,-1.6018,-0.0938765,0.739788,-1.7169,0.0491087,0.89235,-1.56527,0.0358419,0.876178,-1.20137,-0.138885,1.07821,-0.976375,-0.000427257,0.819616,-1.54326,-0.345386,0.38786,0.810667,-0.0183545,1.3264,0.238217,-0.0210437,1.55665,-0.0963926,0.00639159,1.59748,0.0169952,
0.682335,0.636369,0.403797,-1.71168,-10.0892,21.5189,-9.50641,21.0044,34.0455,4.77435,-1.21741,8.16097,0,0,0,0,0,0,0,0,0,0,0,0,0.0444554,0.872781,-1.5843,0.0647956,1.00177,-1.57446,0.0212204,0.642506,-1.60332,-0.0932944,0.77807,-1.71581,0.0373233,0.895688,-1.54897,0.0334255,0.860272,-1.17193,-0.151304,1.07418,-0.985117,-0.00525712,0.807627,-1.56467,-0.597,0.346391,0.855216,-0.0075953,1.28142,0.344548,0.00976121,1.52085,-0.0247015,0.0376081,1.57948,0.0841025,
0.586646,1.04481,0.543417,-1.8007,-10.7674,22.6859,-9.647,19.9799,34.1313,4.52151,-2.79015,6.81141,0,0,0,0,0,0,0,0,0,0,0,0,0.0350074,0.877725,-1.57236,0.064835,1.02182,-1.56851,0.0215881,0.666189,-1.60289,-0.0924577,0.802642,-1.7135,0.0257768,0.905092,-1.53562,0.0321796,0.866249,-1.14295,-0.153021,1.0769,-0.980031,-0.00846643,0.801087,-1.58341,-0.607963,0.255779,0.820944,0.00258721,1.22823,0.400067,0.0241559,1.44967,0.0699331,0.0544479,1.50258,0.190839,
0.466889,1.68155,1.02005,-1.36319,-12.293,22.9786,-9.90428,18.3636,32.8217,4.43088,-4.37748,4.27807,0,0,0,0,0,0,0,0,0,0,0,0,0.0208704,0.883001,-1.55427,0.0648733,1.04781,-1.55867,0.0221229,0.696658,-1.5994,-0.0912064,0.834119,-1.70718,0.00720398,0.922487,-1.51019,0.0401216,0.861597,-1.12482,-0.157135,1.07403,-0.994921,-0.00868673,0.799307,-1.61722,-0.676967,0.272339,0.780131,0.00102688,1.13963,0.490667,0.0250537,1.3288,0.235898,0.0598338,1.36825,0.372162,
0.321994,1.08531,0.806509,-1.0663,-15.5028,23.1107,-9.87724,16.1243,30.7994,4.35011,-6.61777,0.830635,0,0,0,0,0,0,0,0,0,0,0,0,0.00597015,0.890084,-1.53797,0.065106,1.07384,-1.54596,0.0229233,0.726367,-1.59109,-0.0894789,0.864411,-1.69517,-0.00922836,0.921357,-1.4938,0.0459606,0.826139,-1.10691,-0.155656,1.05838,-1.01744,-0.00805779,0.783415,-1.66109,-0.643284,0.352615,0.901576,0.00738791,1.04413,0.576165,0.0307535,1.18675,0.417363,0.0711381,1.20165,0.579976,
0.27941,1.02412,0.402155,-0.807728,-17.6723,22.7991,-9.9335,14.7644,29.9814,3.99772,-7.86539,-2.24226,0,0,0,0,0,0,0,0,0,0,0,0,-0.00483002,0.896604,-1.52285,0.0653107,1.09001,-1.53606,0.0235188,0.744825,-1.5837,-0.0882194,0.88293,-1.68496,-0.023365,0.928564,-1.48213,0.0513174,0.800853,-1.09986,-0.155517,1.05045,-1.0227,-0.0125761,0.776898,-1.70353,-0.721575,0.407603,1.02066,0.0211636,0.982596,0.662041,0.0480862,1.13611,0.48536,0.0903706,1.1298,0.678014,
1.47153,1.07324,-0.306691,1.92852,-21.8687,21.2594,-10.6029,11.9403,28.6135,1.19944,-5.56322,-4.09729,0,0,0,0,0,0,0,0,0,0,0,0,-0.0223442,0.905492,-1.50201,0.0659304,1.11066,-1.52001,0.0249091,0.769062,-1.57205,-0.0783014,0.892503,-1.67524,-0.0243385,0.938416,-1.4799,0.101241,0.742876,-1.1077,-0.166098,1.02147,-1.03322,-0.0205357,0.761054,-1.7503,-0.878454,0.409778,0.846211,0.00752522,0.911361,0.787576,0.0541912,1.07878,0.567967,1.0987,-0.925839,-0.0172089,
2.15401,0.869021,-0.528358,5.28706,-28.2314,18.5809,-11.6287,7.90832,25.8643,-1.90829,-1.4915,-1.62806,0,0,0,0,0,0,0,0,0,0,0,0,-0.0423178,0.915492,-1.48762,0.0648038,1.13227,-1.4991,0.02527,0.795546,-1.55833,-0.0420894,0.843093,-1.69734,-0.0265277,0.94512,-1.48331,0.158077,0.648223,-1.13033,-0.186655,0.976693,-1.06982,-0.0254386,0.731494,-1.77971,-0.714194,0.422517,0.425384,-0.087235,0.893889,0.945169,-0.0150887,1.14154,0.557791,1.56894,-2.58135,-1.61235,
1.37333,1.78584,0.933179,5.69098,-32.0653,16.5973,-12.0613,5.59714,22.7726,-2.49931,-0.0481682,0.730325,0,0,0,0,0,0,0,0,0,0,0,0,-0.0512416,0.921765,-1.48296,0.0629895,1.14646,-1.48302,0.024703,0.814376,-1.54967,-0.0202166,0.800638,-1.72118,-0.0394766,0.966989,-1.46115,0.163194,0.591887,-1.14692,-0.195347,0.955249,-1.11833,-0.0261763,0.71222,-1.75926,-0.403474,0.389692,0.147843,-0.0998624,0.868622,1.04894,-0.0230247,1.19494,0.528339,1.2064,-2.67489,-1.56925,
0.653087,0.0597217,2.01348,4.6556,-33.9313,14.0465,-11.334,4.12006,19.9938,-1.89105,0.419055,2.93378,0,0,0,0,0,0,0,0,0,0,0,0,-0.0555756,0.931084,-1.47975,0.0612148,1.16488,-1.45852,0.0245191,0.84111,-1.53824,-0.00173088,0.747014,-1.74803,-0.0470203,0.969199,-1.43333,0.143459,0.574389,-1.16487,-0.181864,0.956347,-1.15785,-0.0200125,0.682197,-1.71197,-0.101414,1.13146,0.299903,-0.0734155,0.807862,1.16891,-0.00948603,1.23221,0.515494,0.491978,-2.21335,-0.528014,
-0.0515298,-1.90276,3.76955,2.70665,-34.1176,11.1128,-9.42204,2.56247,17.1701,-1.01512,1.07347,4.09926,0,0,0,0,0,0,0,0,0,0,0,0,-0.0575181,0.962552,-1.47187,0.0597742,1.18322,-1.42887,0.0243854,0.870891,-1.52578,0.00312995,0.701826,-1.73768,-0.060826,0.970204,-1.39069,0.107255,0.586729,-1.1847,-0.147124,0.958173,-1.19638,-0.0134587,0.668237,-1.62766,-0.072447,1.29089,0.386334,-0.0528877,0.728027,1.28691,-0.00609438,1.24335,0.526079,0.0570776,-1.6227,1.08427,
-0.926688,-3.21583,6.58209,0.425278,-32.0355,8.99222,-7.31314,2.37939,14.1956,-0.291258,2.46437,9.45052,0,0,0,0,0,0,0,0,0,0,0,0,-0.0588072,0.982976,-1.46523,0.0588048,1.19453,-1.40784,0.0241318,0.890619,-1.5171,0.00353674,0.680804,-1.71544,-0.0785762,0.96594,-1.33128,0.0642832,0.634661,-1.20062,-0.109662,0.973979,-1.24084,-0.00200954,0.684752,-1.46498,-0.0892247,1.26604,0.436434,-0.068869,0.690291,1.33617,-0.0252796,1.22521,0.555044,-0.00765954,-1.24846,2.40266,
-3.72542,-6.64819,10.5253,-4.09784,-30.1888,7.14916,-3.50029,0.731958,7.92782,2.45068,4.76899,19.4436,0,0,0,0,0,0,0,0,0,0,0,0,-0.0620124,1.01018,-1.45387,0.0560647,1.20952,-1.3776,0.0223474,0.917794,-1.50465,0.00246615,0.663938,-1.63148,-0.134241,0.928891,-1.2453,-0.0224002,0.68136,-1.20233,-0.0445793,0.969383,-1.33973,0.0445528,0.801401,-1.26537,-0.137307,1.20968,0.525503,-0.120962,0.633428,1.38381,-0.100379,1.16969,0.635043,-0.0755084,1.55082,0.384726,
-8.64538,-9.95931,15.5228,-5.29868,-23.9986,1.76133,-1.17987,-2.33919,-0.863392,7.48111,11.0126,27.6245,0,0,0,0,0,0,0,0,0,0,0,0,-0.0629111,1.03803,-1.44245,0.0553093,1.22128,-1.34363,0.0211226,0.941019,-1.48484,0.00159924,0.707384,-1.64371,-0.218864,0.893092,-1.14488,-0.0399812,0.796164,-1.26287,-0.000938643,0.924292,-1.46754,0.1374,0.955108,-1.13916,0.037774,1.1042,0.468678,0.0320544,0.342809,1.48906,-0.0186093,0.788455,1.00821,-0.0066999,1.45121,0.0696054,
-10.8393,-14.1516,18.1397,-4.03513,-19.9087,-5.55677,-0.294032,-2.85735,-7.43555,10.727,13.6743,28.7791,0,0,0,0,0,0,0,0,0,0,0,0,-0.0619053,1.05493,-1.43452,0.0561126,1.22529,-1.31891,0.019651,0.950774,-1.46893,0.00153745,0.727913,-1.63873,-0.256936,0.831011,-1.08675,-0.0157135,0.869603,-1.36712,0.00411715,0.910517,-1.58193,0.196291,1.01666,-1.10197,0.0625538,1.02019,0.54886,0.0470524,0.192299,1.61385,-0.311294,0.357354,0.678193,-0.00867784,1.2261,0.412578,
-11.7996,-19.2033,19.8984,-2.58428,-18.3293,-9.53326,1.23309,-3.56057,-3.58471,13.3016,12.2627,26.7457,0,0,0,0,0,0,0,0,0,0,0,0,-0.0611177,1.07824,-1.41949,0.0565055,1.22844,-1.27824,0.00202641,0.949654,-1.49984,0.000652106,0.756349,-1.62715,-0.275956,0.759704,-1.03605,0.00871799,0.898744,-1.39574,-0.00475763,0.87057,-1.65829,0.239986,1.01684,-1.12398,-0.00915268,0.935559,0.66159,-0.0244667,0.108925,1.70586,-0.892341,-0.43838,-2.84987,-0.0767996,1.14684,0.516046,
-12.9005,-21.8225,21.6238,-1.87982,-18.6529,-11.4762,1.66363,-2.5941,-2.95752,15.7568,11.9386,25.6904,0,0,0,0,0,0,0,0,0,0,0,0,-0.0619444,1.09265,-1.40852,0.0554595,1.2302,-1.25143,-0.0108903,0.934062,-1.54243,-0.00125854,0.774068,-1.61853,-0.299713,0.724192,-0.991805,0.0176507,0.894909,-1.40645,-0.0069964,0.843987,-1.69918,0.279779,1.02672,-1.1338,-0.0982141,0.865255,0.719584,-0.110923,0.117788,1.63912,-0.805257,-1.31113,-3.14679,-0.16652,1.08726,0.538909,
-12.9732,-22.5091,21.4387,-1.03031,-20.9121,-11.6124,1.72658,-0.205727,-0.455718,18.1296,11.5217,24.3911,0,0,0,0,0,0,0,0,0,0,0,0,-0.0660629,1.11176,-1.38901,0.0499989,1.23315,-1.2227,-0.0270568,0.889838,-1.61969,-0.00704799,0.800007,-1.60608,-0.308911,0.726612,-0.969381,0.021277,0.862792,-1.40369,-0.0118367,0.81532,-1.72188,0.313318,1.04527,-1.14633,-0.213048,0.736643,0.91169,-0.305221,0.301207,0.921165,-0.494155,-2.16265,-2.86951,-0.283069,1.09328,0.497142,
-13.0993,-23.6433,20.0805,-1.38629,-24.8358,-11.7964,1.13819,0.911579,-0.172204,19.1215,10.1822,24.3506,0,0,0,0,0,0,0,0,0,0,0,0,-0.0702225,1.1269,-1.36654,0.04345,1.23549,-1.20619,-0.0331517,0.844245,-1.66861,-0.0127686,0.824685,-1.59545,-0.313045,0.718455,-0.965067,0.00876768,0.772545,-1.40787,-0.0167213,0.798303,-1.73423,0.327965,1.04752,-1.13716,-0.142168,0.654829,1.11142,-0.289575,-0.347815,0.391,-0.130286,-1.91021,-1.90932,-0.211712,1.15193,0.474946,
-14.6004,-22.5195,18.8257,-2.48084,-31.4174,-14.0061,1.71229,0.459995,0.10973,20.1749,9.13167,22.4402,0,0,0,0,0,0,0,0,0,0,0,0,-0.0719481,1.13805,-1.34541,0.0411721,1.23804,-1.18109,-0.034661,0.814685,-1.69573,-0.0157898,0.845118,-1.58629,-0.339003,0.747893,-0.963602,-0.00557107,0.671804,-1.38035,-0.00626406,0.775637,-1.73575,0.34695,1.04675,-1.15966,-0.0486824,0.58925,1.20769,-0.0500196,0.152439,1.69253,-0.0835874,-1.44868,-1.28389,-0.124552,1.08788,0.569228,
-15.0581,-21.8755,16.8031,-2.63486,-35.3666,-15.3915,2.25011,-0.0609248,-0.914799,19.5,4.24736,16.4599,0,0,0,0,0,0,0,0,0,0,0,0,-0.071854,1.15002,-1.31825,0.0411054,1.2392,-1.14187,-0.0360069,0.787546,-1.715,-0.0173771,0.866962,-1.57142,-0.344235,0.768791,-0.971537,-0.00549174,0.596193,-1.36132,0.00445044,0.749746,-1.74977,0.336267,0.974244,-1.24713,0.0428626,0.504407,1.25891,0.0400069,0.000675352,1.84545,-0.0138656,-1.12115,-0.554356,-0.0275545,0.918415,0.764397,
-15.5085,-21.1253,12.198,-1.38034,-39.7082,-15.1043,3.2946,-2.42437,-2.42362,17.7219,-3.95397,4.37287,0,0,0,0,0,0,0,0,0,0,0,0,-0.0705035,1.16028,-1.29071,0.0424453,1.23861,-1.10151,-0.035065,0.765644,-1.72612,-0.0174931,0.884814,-1.55247,-0.350215,0.790569,-1.02878,0.0196738,0.51553,-1.31746,0.0285427,0.689459,-1.78847,0.304862,0.836182,-1.44209,0.069115,0.439474,1.2268,0.0710596,-0.0340756,1.79274,0.113237,-0.981,-0.558816,0.00425691,0.710672,0.943186,
-14.0803,-20.8978,4.22306,1.53688,-49.8711,-7.84767,3.08681,-5.01624,-1.90752,11.142,-8.63739,-11.8468,0,0,0,0,0,0,0,0,0,0,0,0,-0.0690786,1.16818,-1.27011,0.0439873,1.23829,-1.07087,-0.0305087,0.745698,-1.73921,-0.0171288,0.895732,-1.5344,-0.321758,0.803207,-1.15935,0.0756633,0.331851,-1.16106,0.0411421,0.607772,-1.8098,0.187205,0.755825,-1.71574,0.10165,0.457973,1.03826,0.114054,0.00930876,1.60386,0.474434,-1.42762,-1.09731,0.0535586,0.52361,1.04075,
-4.55653,-23.5909,-7.13784,3.97188,-59.3329,9.85246,-0.0391935,-6.40222,0.406954,-9.91649,-10.9578,-17.2157,0,0,0,0,0,0,0,0,0,0,0,0,-0.0649301,1.1792,-1.25161,0.0486002,1.23803,-1.03704,-0.012695,0.695942,-1.76526,0.017311,0.899457,-1.57775,-0.139807,0.767131,-1.35803,0.129681,0.157806,-0.808524,0.0182058,0.482563,-1.79577,-0.049621,0.665469,-2.04337,0.243495,0.514934,0.713686,0.270871,-0.0440086,1.50878,0.965965,-2.96312,-1.15823,3.46402,-1.06195,-4.66281,
-0.520128,-33.902,2.82832,2.79714,-58.3703,15.3879,-6.97548,-13.6394,5.61037,-10.7853,-11.9917,-0.10586,0,0,0,0,0,0,0,0,0,0,0,0,-0.0629919,1.18953,-1.23371,0.0511426,1.23711,-1.00256,0.00286839,0.629218,-1.78441,0.0940645,0.839909,-1.6844,-0.0698345,0.588229,-1.14999,0.105542,0.170915,-0.659992,-0.103152,0.266604,-1.69396,-0.0302069,0.510118,-1.9739,0.0798797,0.461413,0.986829,0.108226,-0.150227,1.91852,0.635762,-3.50244,-0.353193,2.19464,-3.41489,-8.78704,
-0.631832,-41.2263,20.4702,0.0351458,-60,11.6804,-8.89848,-17.8129,1.61123,-3.01901,-22.4826,13.2595,0,0,0,0,0,0,0,0,0,0,0,0,-0.0587718,1.1964,-1.20964,0.0558617,1.22909,-0.955509,0.00652333,0.543464,-1.76694,0.0969527,0.746342,-1.8364,-0.059995,0.453867,-0.779293,0.067436,-0.0043785,-0.634468,-0.177357,0.00721163,-1.64598,-4.44315e-05,0.101317,-1.76427,0.313645,0.214974,1.77713,0.334135,-0.776569,3.32051,-0.674972,-6.48946,2.80079,-1.28657,-7.21875,-5.16245,
0.271829,-37.741,24.3649,-3.9813,-60,2.5695,-2.64202,-9.28496,9.39279,3.99593,-11.5896,13.9327,0,0,0,0,0,0,0,0,0,0,0,0,-0.0494616,1.1927,-1.14903,0.065152,1.19753,-0.851534,-0.0424904,0.360107,-1.69542,0.0516428,0.526097,-1.8335,-0.0304286,0.486834,-0.581808,0.00595473,-0.0997868,-0.606189,-0.207572,-0.136571,-1.41478,0.0546432,-0.107521,-1.43422,0.430547,-0.600895,3.79565,0.403028,-2.06363,6.06913,-3.57635,-10.0179,3.35717,-2.12828,-12.9219,4.45975,
13.5414,5.71373,-29.0542,-12.3066,16.6541,-66.2084,1.62195,40.251,65.475,8.15337,53.8693,89.9368,0,0,0,0,0,0,0,0,0,0,0,0,-0.038043,1.16434,-1.05942,0.0729484,1.14668,-0.711002,-0.114403,0.174953,-1.61563,0.0283346,0.289099,-1.72062,0.222911,1.21224,-1.39232,-0.136843,1.33475,-1.61032,-0.217784,0.553682,-0.181558,0.15556,0.816549,0.25,0.450618,-1.71044,5.96927,0.426746,-3.50578,9.30331,-4.05994,-10.7894,7.44402,-0.642211,-13.8108,10.2484,
-6.78896,-13.6046,-6.56228,-2.4375,-18.8108,-2.53383,-0.0985762,29.7347,3.07978,-1.06422,46.1604,64.2011,0,0,0,0,0,0,0,0,0,0,0,0,-0.00321574,1.19554,-1.09609,0.0748367,1.21529,-0.910758,-0.169886,0.00822291,-1.16623,0.0248604,0.0926337,-1.19542,0.0320402,1.06074,-1.62633,0.0129624,1.18169,-2.00781,-0.185111,0.444418,0.04503,0.059985,1.04834,0.0534658,4.84891,3.43932,-12.5559,-0.536439,9.42371,-32.1134,-0.410443,-3.19109,35.2996,1.66449,3.55742,2.49319,
1.22593,-5.06467,-11.9707,-1.35516,-10.6013,-3.24426,-2.60727,50.9118,47.5523,-8.11912,60,58.0142,0,0,0,0,0,0,0,0,0,0,0,0,0.123117,1.20227,-1.31956,-0.0107959,1.27618,-1.4052,-0.131989,0.05982,-1.20354,0.0661372,0.148958,-1.25734,0.228669,1.05929,-1.86163,-0.152093,1.07051,-2.11436,-0.135445,0.971374,-0.265522,-0.045782,1.3424,-0.102966,2.54413,-1.55498,-9.91271,-3.56455,-0.394878,-19.8666,1.34289,-0.431303,2.24371,1.09087,-0.77751,3.04241,
14.2616,-9.45095,-9.75079,-6.15631,-15.0405,-4.73743,-1.67488,60,47.9202,-13.6297,60,45.8321,0,0,0,0,0,0,0,0,0,0,0,0,0.137515,1.1615,-1.49757,-0.0590231,1.23246,-1.69463,-0.115995,0.0389738,-1.14509,0.077066,0.121722,-1.18493,0.422355,0.890941,-2.08326,-0.273353,0.800946,-2.28627,-0.117547,1.31218,-0.145942,-0.152674,1.46322,-0.19091,0.780324,-3.01654,-12.4791,-3.12879,-4.82917,-15.446,0.883078,-1.37938,3.90735,0.552211,-1.85093,4.91047,
2.40852,-4.73662,2.22493,3.40942,-8.96971,3.86229,11.0376,60,42.6653,-13.054,60,39.3971,0,0,0,0,0,0,0,0,0,0,0,0,0.192303,1.04524,-1.77896,-0.146242,1.04882,-1.99107,-0.101726,0.0132412,-1.05446,0.0835648,0.0848413,-1.07267,0.368297,0.744222,-2.0988,-0.224332,0.563543,-2.27467,0.106641,1.35254,-0.162647,-0.15621,1.53881,-0.21917,4.03955,-6.56646,-11.009,-4.28022,-9.84463,-10.8113,0.234765,-0.721265,3.54679,-0.07421,-1.10571,4.19196,
-10.3315,-8.00523,2.4773,5.38102,-9.37685,14.671,11.0308,58.9839,28.1698,-8.42809,60,30.7856,0,0,0,0,0,0,0,0,0,0,0,0,0.280855,0.891207,-1.94926,-0.213302,0.823043,-2.15119,-0.101604,0.0121103,-1.00146,0.0784146,0.0782872,-1.01169,0.200198,0.514982,-2.08248,-0.161156,0.303246,-2.03034,0.098434,1.10316,-0.413771,-0.0845141,1.42559,-0.361897,3.27521,-7.04841,-5.44665,-1.39609,-10.6733,-4.45773,-0.0159609,0.568857,2.30716,-0.296102,0.276148,2.75168,
-6.4205,-10.3845,-0.0155735,3.35107,-11.9197,1.80025,11.0744,40.0131,21.462,-7.48973,59.6975,25.2932,0,0,0,0,0,0,0,0,0,0,0,0,0.292711,0.747964,-2.01214,-0.212072,0.609567,-2.12339,-0.0989528,0.0729128,-0.990196,0.0661316,0.136681,-0.994027,0.130942,0.283725,-2.08669,-0.109429,0.000318706,-1.93903,0.105126,0.937247,-0.639518,-0.0945167,1.37274,-0.588665,-1.376,-8.41593,-2.26915,1.27461,-11.9939,4.6331,0.0832924,4.18073,-1.20819,-0.74774,4.60316,-1.66572,
-0.955976,-6.09199,9.65656,0.210235,-8.98248,8.40567,8.60605,30.7601,18.0086,-7.49882,38.5462,29.1538,0,0,0,0,0,0,0,0,0,0,0,0,0.231163,0.579979,-2.0443,-0.16082,0.388803,-2.04384,-0.102407,0.168304,-1.02899,0.0499108,0.266484,-1.03083,0.0985503,0.204939,-1.89479,-0.067842,-0.111866,-1.75822,0.0490014,0.892922,-0.783762,-0.112095,1.20578,-0.647021,-3.52095,-8.07512,-0.796535,2.72418,-10.3079,4.05755,-0.154782,5.0522,-2.51164,-0.784173,7.28603,-4.46895,
5.60117,-2.76104,17.7159,2.12609,2.11437,14.8194,6.41652,30.6172,31.4369,-4.85849,5.63243,3.08253,0,0,0,0,0,0,0,0,0,0,0,0,0.166491,0.425021,-2.02194,-0.111802,0.192853,-1.94515,-0.10541,0.269677,-1.08541,0.0277076,0.436287,-1.05739,0.156241,0.0886041,-1.56185,0.0135191,-0.129955,-1.43613,0.00449011,1.02419,-0.630935,-0.118917,0.876915,-0.892946,-3.42495,-8.74551,4.21598,2.64809,-11.0382,7.32029,-0.206686,6.04506,-3.57833,-1.78105,10.3345,3.31228,
2.51606,5.71089,2.43684,1.85729,10.3288,6.4035,6.86473,30.4276,38.467,-4.80915,2.97098,10.0221,0,0,0,0,0,0,0,0,0,0,0,0,0.116546,0.247478,-1.84425,-0.0563865,-0.0158757,-1.73766,-0.109553,0.40289,-1.16177,0.00674335,0.597095,-1.05556,0.130044,0.100232,-1.41503,0.0560877,-0.0855822,-1.23195,0.00750025,1.1486,-0.565603,-0.0901973,0.832954,-0.938164,-0.985357,-7.67188,11.7612,2.40488,-7.86813,11.8946,-0.237101,5.88135,-3.15429,-0.290325,5.55626,-1.98073,
-1.46188,0.352671,-2.16666,3.14377,11.9557,7.71743,7.99116,26.9397,34.2966,-4.46467,-4.73031,3.18248,0,0,0,0,0,0,0,0,0,0,0,0,0.105128,0.119953,-1.61775,-0.00481801,-0.129448,-1.49052,-0.119423,0.535372,-1.22299,-0.00464243,0.713123,-1.07008,0.0726917,0.0163277,-1.39966,0.115664,0.0115846,-1.03547,0.00892638,1.19284,-0.662434,-0.101174,0.76785,-1.02371,-0.178953,-3.36226,7.86754,1.93487,-2.33274,9.61666,-0.517756,5.12275,-1.92555,-0.469192,4.30017,-0.351385,
-2.39639,2.70356,-2.88878,3.918,13.9163,12.1728,5.84306,17.7633,25.7112,-3.96499,-8.06609,-0.659485,0,0,0,0,0,0,0,0,0,0,0,0,0.101769,0.0836822,-1.52462,0.0235579,-0.141048,-1.35591,-0.129071,0.611099,-1.24503,-0.0136393,0.77499,-1.06721,0.0441042,0.0682178,-1.42303,0.153002,0.122013,-0.827791,-0.0435518,1.08214,-0.812602,-0.105135,0.74733,-1.06387,-0.430667,-1.9745,4.70895,1.77856,0.306707,9.3743,-0.633055,4.52455,-1.07087,-0.592942,3.636,0.468567,
-4.66495,7.6919,1.88445,2.36738,11.6482,44.3934,0.388404,2.63364,16.6793,-0.307613,-7.78168,-11.0324,0,0,0,0,0,0,0,0,0,0,0,0,0.0864737,0.0496336,-1.45897,0.0565335,-0.0827017,-1.22917,-0.143082,0.702815,-1.25806,-0.0272181,0.844672,-1.04498,-0.023171,0.165407,-1.38084,0.0953217,0.375598,-0.74114,-0.149921,0.885113,-0.970728,-0.0458581,0.795414,-1.19682,-0.758618,-0.735752,1.34043,-0.130016,7.53238,-9.75114,-0.424728,4.10708,-0.486589,-0.39866,2.81803,1.48974,
-1.87783,6.75486,0.383504,-0.235742,13.7139,47.6111,-5.57766,-9.4485,11.4085,2.74628,-8.9727,-10.6488,0,0,0,0,0,0,0,0,0,0,0,0,0.0557815,0.0632275,-1.43168,0.061226,0.0834128,-1.40832,-0.144946,0.80859,-1.27454,-0.0297326,0.906075,-1.04331,-0.0432516,0.243595,-1.37586,0.0711204,0.545274,-0.720949,-0.241359,0.791053,-1.09548,0.0201703,0.792574,-1.33025,-1.98277,1.75855,1.49257,0.433297,6.49362,-5.44754,0.152754,4.71332,-0.86666,-0.000898041,1.51677,-2.85175,
0.894076,3.43969,-2.4421,-0.715014,14.5025,51.039,-7.89354,-16.9151,14.2679,3.15105,-10.6301,-15.0462,0,0,0,0,0,0,0,0,0,0,0,0,0.0155949,0.108434,-1.40851,0.0723751,0.196468,-1.48886,-0.138573,0.894823,-1.28972,-0.0233509,0.957941,-1.09066,-0.0465731,0.276301,-1.41976,0.082784,0.660812,-0.684984,-0.266579,0.745552,-1.05666,0.0607775,0.844609,-1.51442,-2.39629,3.21831,1.01291,0.715282,6.13134,-3.79201,0.473993,4.83621,-0.805477,0.820005,2.44268,-4.58909,
-1.55436,-3.48816,0.295311,7.55391,13.4091,52.6338,-10.6205,-19.6784,15.226,-0.44819,-15.6126,-8.4227,0,0,0,0,0,0,0,0,0,0,0,0,-0.0247086,0.195688,-1.41358,0.0893759,0.325232,-1.55581,-0.12529,0.99631,-1.30033,0.00614227,1.01156,-1.22542,-0.0318657,0.326215,-1.54597,0.249034,0.752334,-0.681931,-0.296592,0.777556,-1.02564,0.057388,0.746528,-1.69103,0.644843,5.9262,-4.20931,0.681822,5.60087,-2.53921,0.666074,4.2483,-0.0655828,1.81483,0.575591,-9.54759,
-4.71607,-4.43424,1.26634,7.28137,11.9485,53.7295,-7.91117,-26.8209,16.3484,-0.693062,-15.5201,-8.23455,0,0,0,0,0,0,0,0,0,0,0,0,-0.0140897,0.297645,-1.47812,0.0983741,0.421403,-1.59269,-0.115392,1.06563,-1.29279,0.0301093,1.0403,-1.32887,-0.0804592,0.393707,-1.55479,0.247133,0.805409,-0.670179,-0.241939,0.693499,-0.969963,0.0595351,0.743366,-1.77334,0.59208,5.39872,-3.04637,0.500201,5.09543,-1.66184,0.528374,3.52977,0.781838,1.28415,-0.45057,-9.00629,
-5.52802,-3.79072,2.05084,5.04095,12.9575,53.7045,-6.59444,-27.8131,13.3074,0.522826,-19.9248,-17.7203,0,0,0,0,0,0,0,0,0,0,0,0,-0.00246051,0.407192,-1.53103,0.108792,0.525493,-1.61756,-0.104388,1.13188,-1.2632,0.0507369,1.01517,-1.46147,-0.0888688,0.494684,-1.56302,0.21187,0.905959,-0.66733,-0.210423,0.705684,-0.957824,0.0802256,0.753682,-1.83268,0.430871,4.77932,-2.11671,0.349096,4.42675,-0.801099,0.423631,2.42914,1.93785,0.610584,3.07952,-1.49797,
-1.38759,-7.60073,-0.127365,10.3959,3.62628,41.7777,-13.7815,-26.1196,6.76277,-1.55681,-8.31792,0.698132,0,0,0,0,0,0,0,0,0,0,0,0,0.00342602,0.511708,-1.56903,0.112976,0.622552,-1.62679,-0.0949264,1.17134,-1.19833,0.0675026,0.979094,-1.62127,-0.0186701,0.506865,-1.60954,0.302889,0.812048,-0.866155,-0.331765,0.733262,-0.969303,0.0629983,0.663942,-1.84392,0.0957236,4.07465,-1.16689,0.0274329,3.77556,0.0318056,0.419655,1.12515,3.24083,0.727262,-5.00858,-7.19108,
-0.734286,-9.07621,-1.08636,11.5374,1.25253,30.7392,-13.6293,-28.2757,3.07195,-1.2456,-5.19978,1.53256,0,0,0,0,0,0,0,0,0,0,0,0,0.0035749,0.573773,-1.58201,0.112059,0.680011,-1.62097,-0.08822,1.18504,-1.14147,0.0778722,0.875253,-1.70877,-0.0103071,0.531709,-1.62209,0.319192,0.815565,-1.04502,-0.324301,0.692052,-0.961708,0.071275,0.539268,-1.82247,-0.0162345,3.75705,-0.621119,-0.0806231,3.44606,0.521237,0.358253,0.645329,3.78619,0.490422,-7.37742,-4.3255,
-2.3509,-13.5154,2.59273,8.55637,0.23606,25.4861,-9.08918,-28.6943,-6.61704,-0.475025,0.927255,6.28102,0,0,0,0,0,0,0,0,0,0,0,0,0.00251391,0.652736,-1.59196,0.109789,0.751088,-1.60773,-0.083787,1.19055,-1.04916,0.0852461,0.702644,-1.76896,-0.0427519,0.520814,-1.55898,0.261468,0.855854,-1.12618,-0.24684,0.664444,-1.02003,0.0862663,0.458098,-1.70373,-0.0770671,3.47757,-0.432832,-0.118925,3.07004,0.554954,0.06736,-0.134132,4.56603,0.295077,-7.98738,-1.49635,
-2.77631,-12.3249,11.0671,9.57215,-1.92774,17.8176,-9.51352,-30.0916,-14.1828,0.758509,1.42377,10.2802,0,0,0,0,0,0,0,0,0,0,0,0,-0.00031844,0.732993,-1.60052,0.106257,0.821255,-1.59428,-0.0842636,1.18056,-0.933056,0.0922799,0.538094,-1.75974,-0.0565433,0.615088,-1.40917,0.273985,0.878477,-1.25109,-0.25916,0.614739,-1.02819,0.115304,0.373439,-1.50216,-0.175589,3.24454,-0.301307,-0.192813,2.81942,0.587851,-0.0587849,-0.571533,4.97263,0.282118,-5.82212,2.15908,
-3.13953,-11.3398,16.514,8.8343,-3.04134,10.9086,-6.49615,-25.2386,-19.7702,0.923925,4.20272,10.4788,0,0,0,0,0,0,0,0,0,0,0,0,-0.0037883,0.783674,-1.604,0.102633,0.865324,-1.58426,-0.0864794,1.17035,-0.85715,0.0970125,0.461682,-1.71108,-0.0698371,0.678572,-1.30868,0.254189,0.898385,-1.36596,-0.22044,0.670166,-1.10087,0.12062,0.385984,-1.33628,-0.273975,3.08843,-0.150789,-0.277062,2.69984,0.609841,-0.484266,-1.26195,3.53631,0.208037,-4.64785,5.63076,
-2.40638,-16.4565,20.613,5.56293,-4.52328,6.66803,1.89936,-16.8367,-30.1577,-1.14889,9.1158,9.53791,0,0,0,0,0,0,0,0,0,0,0,0,-0.0142305,0.855031,-1.60404,0.0923693,0.929413,-1.57108,-0.104302,1.17664,-0.807017,0.102979,0.376279,-1.53051,-0.0775794,0.649978,-1.22522,0.174482,0.934684,-1.43415,-0.106692,0.916506,-1.33704,0.0936731,0.470353,-1.10826,-0.598782,2.87696,0.123596,-0.581525,2.67397,0.479425,-1.12824,1.40509,0.559113,0.353926,-2.18984,7.60328,
-11.6891,-19.9545,27.958,-2.77431,0.0653906,-4.95814,9.89532,-11.0606,-20.2387,2.18985,11.7972,38.6692,0,0,0,0,0,0,0,0,0,0,0,0,-0.026647,0.915725,-1.60096,0.0804625,0.986051,-1.56123,-0.126773,1.22853,-0.899475,0.107169,0.378077,-1.46615,-0.24895,0.639259,-1.09302,0.0210448,1.06364,-1.63682,0.0265898,1.16122,-1.5741,0.137835,0.74137,-0.92058,-0.298672,2.63827,-0.0116778,-0.274259,2.33431,0.444934,-0.811311,4.08812,-9.3697,-0.279591,4.54665,-4.81269,
-11.3698,-13.1724,26.4474,-1.75444,-8.6903,-10.8896,7.41892,-5.87539,-11.2814,12.2207,25.8804,50.1735,0,0,0,0,0,0,0,0,0,0,0,0,-0.0331085,0.954562,-1.60044,0.0726675,1.02332,-1.5761,-0.116374,1.27093,-1.12184,0.100173,0.46232,-1.54069,-0.25917,0.788637,-1.11501,0.0146354,0.933816,-1.83064,0.0763864,1.19367,-1.84051,0.304726,1.04104,-0.70718,-0.590897,2.2481,0.13936,-0.798515,2.09322,-1.7279,1.76826,0.903388,-15.6919,-0.539031,3.30514,-2.40577,
-10.908,-8.07088,32.7229,-1.31123,-9.2873,-6.23578,-0.267422,-10.8124,-8.44474,11.5245,25.657,53.8576,0,0,0,0,0,0,0,0,0,0,0,0,-0.0436556,1.0001,-1.59733,0.0569312,1.0377,-1.66338,-0.0675844,1.31611,-1.39204,0.0906535,0.526097,-1.57916,-0.248095,0.918296,-0.99998,0.01785,0.835493,-1.96299,0.0364437,1.1717,-2.02991,0.29593,1.07734,-0.639866,-0.186756,1.98426,0.0730793,-0.465685,-1.01881,-5.69044,3.3272,1.59439,-14.799,-0.13018,2.58979,-1.22019,
-12.9687,-12.1097,35.8145,-1.449,-9.36724,-2.7231,-1.97577,-8.20133,-3.88172,16.6472,23.7607,51.2007,0,0,0,0,0,0,0,0,0,0,0,0,-0.0458721,1.03653,-1.59319,0.0472939,0.987496,-1.76107,0.00207206,1.28415,-1.64292,0.0889458,0.572372,-1.59451,-0.284949,0.871046,-0.92882,0.00982711,0.702223,-1.99514,0.0484431,1.03566,-2.12103,0.387374,1.07367,-0.677959,-0.100309,1.6713,0.403222,-0.339818,-3.51265,-5.63923,2.51454,-3.03659,-12.4524,-0.129804,2.11716,-0.439206,
-14.9708,-16.0997,31.8684,-2.15884,-5.19465,2.25852,0.552844,-5.90888,2.17862,15.8456,19.0851,45.6113,0,0,0,0,0,0,0,0,0,0,0,0,-0.047312,1.07125,-1.5804,0.0437113,0.901693,-1.85861,0.0273698,1.20712,-1.84879,0.0859917,0.607994,-1.59709,-0.319793,0.819725,-0.969032,-0.00131398,0.609272,-1.96574,0.0666549,0.915334,-2.13684,0.368814,1.01701,-0.765233,-0.00869422,1.25887,0.976102,-0.176417,-6.04917,-4.5283,0.893242,-5.63284,-10.0117,-0.161337,1.89496,0.0781729,
-13.2761,-15.9173,24.7336,-1.3166,-1.74484,3.20791,1.96403,-2.94407,5.2304,12.9893,15.8808,39.1013,0,0,0,0,0,0,0,0,0,0,0,0,-0.0479947,1.08888,-1.54995,0.0397121,0.754469,-1.91871,0.0379055,1.0616,-2.00451,0.0819431,0.648956,-1.59074,-0.29173,0.8318,-1.04454,0.00845688,0.500667,-1.90353,0.0821108,0.777187,-2.07011,0.310638,0.998197,-0.865899,-0.0718471,0.987645,1.70205,-0.223575,-6.78571,-1.31832,0.25959,-7.05471,-4.9101,-0.228399,1.84857,0.424923,
-11.9601,-17.1385,15.5199,-0.760213,-1.59812,4.41192,1.89019,-1.94605,5.30893,11.9495,12.6494,33.5701,0,0,0,0,0,0,0,0,0,0,0,0,-0.0499556,1.10888,-1.50173,0.0367564,0.60957,-1.92129,0.0446938,0.902363,-2.05838,0.0762928,0.693532,-1.57769,-0.270436,0.821015,-1.14767,0.0208141,0.399577,-1.81193,0.0908504,0.658753,-1.97026,0.285804,0.98387,-0.946434,-0.0923741,0.72548,2.19635,-0.0647854,-5.52861,0.890676,0.360235,-6.36248,-0.256841,-0.236915,1.84394,0.638366,
-10.3948,-19.2238,11.494,0.756379,-3.21583,6.51028,0.908755,-3.52954,6.85186,11.061,10.8073,28.1519,0,0,0,0,0,0,0,0,0,0,0,0,-0.0511193,1.11976,-1.46578,0.036465,0.528649,-1.89551,0.0509431,0.808136,-2.04352,0.0730662,0.72239,-1.56614,-0.241445,0.791812,-1.18422,0.0498397,0.303866,-1.6867,0.0852685,0.548722,-1.84072,0.269281,0.975537,-1.02762,-0.0406496,0.659366,2.21784,-0.01154,-5.08178,2.76358,0.543968,-5.96567,2.39004,-0.149569,1.73098,0.814786,
-7.25768,-22.7653,9.64878,1.20621,-3.09123,8.97808,0.071584,-3.24822,7.68364,7.40162,6.42388,20.7137,0,0,0,0,0,0,0,0,0,0,0,0,-0.0512943,1.13549,-1.41461,0.0391247,0.422289,-1.82131,0.0604437,0.683363,-1.97355,0.0711363,0.761331,-1.54372,-0.182887,0.743076,-1.17274,0.0680303,0.221774,-1.51042,0.0737652,0.456262,-1.68687,0.204844,0.927768,-1.13335,0.0111466,0.656904,2.02998,0.213111,-4.40951,4.51135,0.367277,-5.13464,4.49085,-0.0265087,1.51675,1.03134,
-3.71009,-26.4267,6.67839,1.09014,0.323205,7.89033,0.10026,0.185353,6.64393,5.27433,2.39604,17.0389,0,0,0,0,0,0,0,0,0,0,0,0,-0.0519189,1.15003,-1.37194,0.0471394,0.325044,-1.69074,0.0637106,0.57253,-1.84885,0.0702888,0.79311,-1.52041,-0.122349,0.691139,-1.18876,0.0826127,0.183449,-1.30814,0.0639435,0.411247,-1.50881,0.163377,0.882795,-1.1764,-0.0908731,0.659953,1.88699,0.478275,-4.50607,7.30722,-0.0485851,-5.03108,6.69912,-0.0858308,1.40923,1.04526,
-1.20464,-27.2906,2.66907,0.221036,5.49061,8.1744,-0.835167,4.5863,4.50503,3.68565,0.199546,15.9895,0,0,0,0,0,0,0,0,0,0,0,0,-0.0549416,1.1652,-1.33228,0.0615494,0.239037,-1.52677,0.0582812,0.477255,-1.70103,0.0675582,0.82347,-1.49809,-0.0821439,0.692363,-1.22756,0.0887895,0.221178,-1.09651,0.0328861,0.432633,-1.36821,0.129775,0.870411,-1.17401,-0.161941,0.713814,1.71694,0.709541,-3.59601,8.60548,-0.31198,-3.91139,7.66665,-0.146505,1.32345,1.01928,
0.078607,-24.9691,-1.92089,0.858874,9.8805,11.8785,-3.32931,10.1705,5.95458,1.31623,0.811486,15.7762,0,0,0,0,0,0,0,0,0,0,0,0,-0.0580544,1.179,-1.30347,0.0753176,0.191786,-1.38043,0.0487909,0.425817,-1.57884,0.0646799,0.846243,-1.47962,-0.0621524,0.751527,-1.28934,0.113168,0.305504,-0.85635,-0.033968,0.541997,-1.23715,0.0834209,0.900208,-1.15822,-0.168886,0.809994,1.49891,0.679389,-2.01442,9.41445,-0.679129,-2.10033,7.13268,-0.158597,1.19811,1.05591,
-5.39162,-23.8782,-0.032294,-0.304078,8.84992,29.9082,-6.59699,8.26401,13.6316,-4.40566,3.74626,8.5302,0,0,0,0,0,0,0,0,0,0,0,0,-0.0499154,1.19754,-1.26689,0.0879806,0.258387,-1.44465,0.0356623,0.418322,-1.43019,0.0720636,0.873011,-1.45334,-0.119862,0.791105,-1.20546,0.114039,0.523178,-0.989315,-0.107142,0.611505,-0.964019,0.0176126,0.98364,-1.25655,0.858079,0.846744,1.89487,0.96517,3.17423,-2.70255,-0.698473,1.31171,6.67105,0.783807,1.29909,1.27405,
3.90908,-14.2464,-6.16824,10.1637,17.1519,29.1763,-12.6171,16.5525,36.5687,-3.54899,0.295905,10.2382,0,0,0,0,0,0,0,0,0,0,0,0,-0.0326822,1.21053,-1.21855,0.105599,0.322007,-1.48401,0.0488639,0.482435,-1.4569,0.0886602,0.900613,-1.42358,0.0428421,0.957233,-1.24455,0.292931,0.725612,-1.00566,-0.175124,0.870749,-0.837458,0.0296391,0.947696,-1.19644,0.135975,0.174882,2.63221,0.077514,2.80351,-1.59273,0.165427,2.66932,-1.38852,0.16824,1.27427,1.25262,
5.39986,-9.39254,-16.8222,13.2416,22.1643,32.5827,-15.5702,18.8606,45.43,-3.61357,2.0811,0.0710845,0,0,0,0,0,0,0,0,0,0,0,0,-0.039009,1.20704,-1.16791,0.0966063,0.371678,-1.51258,0.042623,0.524035,-1.47059,0.0830224,0.922555,-1.40122,0.0478823,1.03254,-1.3841,0.321361,0.86247,-0.96829,-0.251411,0.938143,-0.662432,0.00743014,0.995118,-1.3537,-0.344907,-0.113977,2.73985,-0.488951,2.68295,-1.47044,-0.334279,2.17516,-0.545068,-0.302224,1.06103,1.41267,
3.40651,-4.25498,-10.83,19.8443,20.0663,35.5032,-12.5164,15.9919,47.6839,-2.37254,-3.04276,-12.4322,0,0,0,0,0,0,0,0,0,0,0,0,-0.0344614,1.20363,-1.19313,0.0856788,0.429421,-1.5418,0.0351135,0.569618,-1.4784,0.0726333,0.946155,-1.37366,0.0488339,1.09884,-1.57471,0.422828,0.881022,-0.93715,-0.210677,0.927144,-0.618018,-0.00199037,0.933209,-1.57494,0.652631,-0.838012,-5.64286,-0.722856,2.65095,-1.24858,-0.55671,2.04001,-0.201527,-0.96209,1.29487,0.756522,
0.592475,-3.18048,-7.59593,20.7284,17.8486,34.1393,-10.9803,12.6664,42.871,-2.17215,-1.94811,-10.1781,0,0,0,0,0,0,0,0,0,0,0,0,-0.0204262,1.20846,-1.31261,0.0692837,0.486913,-1.56511,0.0222077,0.613507,-1.47948,0.0516121,0.974474,-1.41997,0.0276233,1.13757,-1.7544,0.426938,0.894129,-0.97234,-0.192137,0.907354,-0.698183,-0.0117284,0.968141,-1.77781,1.13903,-0.399122,-9.27907,-0.587423,2.52683,-0.853863,-0.449272,1.94177,0.0557633,-0.728658,0.888784,-5.27941,
1.22629,0.713825,-4.69194,16.2874,15.072,28.594,-10.8661,10.805,38.9785,-0.809929,-2.48538,-6.49971,0,0,0,0,0,0,0,0,0,0,0,0,0.00149715,1.17887,-1.47183,0.0613919,0.531253,-1.57606,0.0160832,0.648864,-1.47744,0.0393058,0.977866,-1.52884,0.0513325,1.13271,-1.87786,0.34677,0.884942,-1.06979,-0.190003,0.911812,-0.765439,0.00616695,0.938595,-1.91303,0.841476,-1.80703,-9.79963,-0.32868,2.43383,-0.416402,-0.260351,2.03174,0.100699,-0.562616,0.180831,-8.1282,
1.86477,-0.31794,-2.66315,12.2797,10.7847,28.4085,-9.7288,7.48934,34.8671,-0.0711305,-1.85782,-3.42999,0,0,0,0,0,0,0,0,0,0,0,0,0.0118752,1.13464,-1.65124,0.0580689,0.583793,-1.57952,0.0132143,0.695487,-1.47511,0.0277692,0.96803,-1.68658,0.0549766,1.07149,-1.95218,0.279784,0.857282,-1.06438,-0.165421,0.901924,-0.836763,0.0166254,0.908479,-1.98424,0.280999,-1.75298,-7.71585,-0.0474403,2.36511,-0.0422066,-0.0534274,2.14706,0.134432,-0.300987,-0.787479,-7.18949,
1.79413,-2.34703,-0.196172,11.6429,6.12156,29.0063,-9.52418,5.44331,29.7809,-0.449941,-2.84526,-0.189791,0,0,0,0,0,0,0,0,0,0,0,0,0.0184703,1.09791,-1.80284,0.0576876,0.63558,-1.57937,0.012521,0.742159,-1.47032,0.0260233,0.940633,-1.83448,0.0631825,0.993586,-1.99811,0.268935,0.823703,-1.05029,-0.161362,0.909757,-0.919413,0.0190817,0.835302,-2.02957,0.36947,-1.88373,-5.85747,-0.0135122,2.34734,0.0518801,-0.0218724,2.09701,0.288212,0.0378624,-1.63774,-5.85578,
1.13314,-4.46622,0.346068,11.0855,2.4349,28.6082,-9.4574,2.7709,24.6964,-0.734923,-4.39955,0.334137,0,0,0,0,0,0,0,0,0,0,0,0,0.0260907,1.0607,-1.88385,0.0576399,0.677631,-1.57722,0.0124038,0.779838,-1.46431,0.0273852,0.905964,-1.91541,0.0630499,0.90092,-2.00521,0.260262,0.797767,-1.05078,-0.158598,0.899312,-1.0043,0.0184805,0.750223,-2.03691,0.499787,-2.40084,-3.90052,0.0326618,2.3181,0.191977,0.0290526,2.11121,0.335865,0.136203,-2.31455,-3.89804,
0.758631,-4.86985,1.50067,10.1135,-1.76074,27.4058,-10.3242,-1.46692,21.7825,-0.807688,-4.37866,2.21645,0,0,0,0,0,0,0,0,0,0,0,0,0.0373114,0.995653,-1.94601,0.059621,0.727906,-1.57034,0.0142315,0.827414,-1.4575,0.0304511,0.842484,-1.97745,0.0668056,0.79134,-1.9822,0.248313,0.769596,-1.05839,-0.169054,0.873271,-1.05262,0.0195458,0.650187,-2.00041,0.479751,-3.53744,-1.93977,0.146954,2.25204,0.417497,0.135252,2.21614,0.270009,0.115498,-3.44317,-1.93288,
0.763621,-4.19278,4.47183,9.09503,-2.91005,26.706,-10.3615,-3.52816,21.6828,-1.43922,-4.15007,5.73283,0,0,0,0,0,0,0,0,0,0,0,0,0.0435106,0.927093,-1.96733,0.0627948,0.767868,-1.56143,0.0171981,0.867812,-1.4529,0.0324273,0.776318,-1.99685,0.0678441,0.70783,-1.90059,0.234452,0.786412,-1.05864,-0.165334,0.87635,-1.04948,0.00865127,0.563936,-1.89763,0.319292,-4.37036,-0.445135,0.192294,2.18332,0.526439,0.17905,2.22097,0.280606,0.0730744,-4.18385,-0.153424,
1.00178,-3.79505,5.03804,9.55685,-6.02066,27.9061,-11.2263,-5.76571,23.0281,-2.0781,-3.20289,5.84622,0,0,0,0,0,0,0,0,0,0,0,0,0.0472562,0.822804,-1.95814,0.067251,0.819358,-1.54822,0.0215054,0.919964,-1.44478,0.0345188,0.677454,-1.9779,0.0692805,0.606734,-1.80615,0.24617,0.778971,-1.02308,-0.177504,0.883282,-1.01173,-0.00497268,0.477316,-1.78563,0.116422,-4.49379,1.84547,0.157619,2.11078,0.542685,0.155997,2.08236,0.438447,-0.0521865,-4.33594,2.62709,
0.949661,-3.12775,4.22525,10.1069,-9.03693,28.9333,-12.3225,-7.03559,23.1575,-1.97222,-2.26109,4.45592,0,0,0,0,0,0,0,0,0,0,0,0,0.0485163,0.722717,-1.89427,0.0696617,0.864913,-1.53675,0.0241596,0.962385,-1.4315,0.0312078,0.581746,-1.89464,0.0668822,0.510529,-1.69377,0.255883,0.766914,-0.993977,-0.196694,0.892407,-0.985224,-0.0117239,0.395403,-1.66064,0.0335896,-4.74591,3.77912,0.0751567,2.02611,0.510637,0.0975703,1.77043,0.770752,-0.216124,-4.43765,4.6746,
0.698384,-2.42066,3.82458,10.1293,-10.0434,28.4673,-12.8972,-7.97414,21.9794,-1.73249,-0.826471,4.58625,0,0,0,0,0,0,0,0,0,0,0,0,0.0479767,0.628216,-1.80953,0.0707027,0.904299,-1.52623,0.0258799,0.994242,-1.41222,0.026917,0.495906,-1.79407,0.059284,0.425718,-1.58028,0.256191,0.784298,-0.990662,-0.206023,0.896248,-0.975461,-0.0121487,0.339836,-1.52647,-0.042488,-4.84263,4.88032,0.0403446,1.913,0.549423,0.0791901,1.43582,1.13475,-0.231178,-4.30966,5.62879,
0.292809,-1.12362,5.61617,10.1672,-9.33761,26.4653,-12.3349,-8.7026,19.2886,-1.74708,1.47397,5.48825,0,0,0,0,0,0,0,0,0,0,0,0,0.045661,0.547905,-1.72792,0.0713719,0.937825,-1.51568,0.0273839,1.01746,-1.3888,0.0239333,0.427061,-1.69965,0.0473078,0.377508,-1.45114,0.257173,0.827417,-1.01443,-0.194434,0.896852,-0.990359,-0.0147421,0.329859,-1.39759,-0.112352,-4.58233,5.33724,0.028809,1.81398,0.612868,0.0749286,1.14955,1.45869,-0.211148,-3.78895,6.18061,
-0.297108,5.66425,6.92501,10.1367,-8.90655,21.4679,-12.029,-11.079,16.6895,-0.577486,5.50781,3.05783,0,0,0,0,0,0,0,0,0,0,0,0,0.0412257,0.454194,-1.6022,0.0718883,0.976705,-1.50122,0.0290113,1.03933,-1.35261,0.0201161,0.35773,-1.56022,0.0264965,0.42869,-1.27554,0.256921,0.87166,-1.08822,-0.1872,0.86694,-0.990952,0.00437312,0.375666,-1.29209,-0.284999,-3.9261,6.13425,0.0222762,1.73835,0.692778,0.0763338,0.887435,1.77864,-0.160209,-2.51186,6.49401,
-1.16178,6.64873,7.1685,8.16976,-6.36752,19.9644,-9.84046,-11.3878,14.7844,0.52912,9.42206,4.99592,0,0,0,0,0,0,0,0,0,0,0,0,0.0322141,0.394781,-1.49647,0.0727725,1.01471,-1.48552,0.0310355,1.05674,-1.31062,0.018996,0.328828,-1.45582,-0.00201276,0.454624,-1.16556,0.22216,0.955586,-1.09985,-0.145776,0.871855,-0.974551,0.0280178,0.483263,-1.20565,-0.400386,-1.8652,6.12885,0.025867,1.73094,0.693048,0.0643479,0.677215,2.05536,-0.018287,-0.515638,4.86858,
-1.58191,0.00774288,20.0033,9.93535,-8.02545,18.4304,-4.96396,-10.6958,9.26247,1.79114,11.2839,11.8365,0,0,0,0,0,0,0,0,0,0,0,0,0.0231673,0.430063,-1.48132,0.06805,1.0532,-1.4687,0.0273727,1.0692,-1.26044,0.0184808,0.334721,-1.37683,-0.0249442,0.535681,-1.1886,0.231047,0.964747,-1.10274,-0.0778313,0.892106,-1.01129,0.0488352,0.585388,-0.994946,-0.591237,3.22291,-2.16874,-0.539172,1.7559,0.942893,-0.456809,0.530986,2.46719,-0.0675827,1.39041,5.09274,
-7.94195,0.842821,22.4438,1.93763,-6.28271,10.7215,-3.63952,-11.848,5.07238,2.72441,13.2435,29.6853,0,0,0,0,0,0,0,0,0,0,0,0,0.018335,0.48413,-1.5114,0.063516,1.07941,-1.44591,0.0232454,1.07521,-1.21214,0.0140232,0.406616,-1.39264,-0.125329,0.593912,-1.15085,0.0991706,1.00455,-1.20097,-0.043112,0.865158,-1.02637,0.0635954,0.741455,-0.907478,0.0224453,2.8862,-1.45191,0.0129853,1.20306,1.52787,-0.00563306,0.164071,2.85843,0.00114492,2.87367,-1.66739,
-8.50465,3.03956,24.099,0.0476307,-8.65984,-6.55325,0.588577,-9.96673,-12.4056,6.35232,17.3704,36.4142,0,0,0,0,0,0,0,0,0,0,0,0,0.0212153,0.549109,-1.53978,0.0655904,1.1015,-1.40382,0.0237871,1.06979,-1.13335,0.0153293,0.464913,-1.41321,-0.135046,0.687556,-1.13129,0.0636904,0.969499,-1.46237,0.0294785,0.869565,-1.238,0.126994,0.853442,-0.767871,-0.0498572,2.54167,-0.90665,-0.0845198,0.777525,1.85158,-0.153082,-0.581029,3.69436,-0.117094,2.22151,-0.511494,
-9.24186,3.14333,25.2276,-3.19903,-6.42605,-13.3021,0.545972,-3.33386,-18.1703,9.54276,20.2428,40.5182,0,0,0,0,0,0,0,0,0,0,0,0,0.0202001,0.588353,-1.55283,0.0644146,1.1079,-1.38717,0.0200158,1.06018,-1.10557,0.0130573,0.497924,-1.418,-0.147842,0.724192,-1.12124,0.00725301,0.978056,-1.64631,0.022613,0.970877,-1.49381,0.183581,0.928828,-0.685608,-0.000262224,2.40432,-0.82761,0.0306351,-0.39741,-0.528134,-0.22396,-0.87646,-1.76826,-0.0910854,1.92049,-0.131421,
-12.2659,0.44459,30.2635,-3.83338,-6.85835,-10.383,0.629394,-3.10562,-12.5429,12.3195,19.3798,39.1125,0,0,0,0,0,0,0,0,0,0,0,0,0.0218005,0.639625,-1.57184,0.0649124,1.10984,-1.4088,0.0147769,1.04714,-1.16919,0.0120415,0.534815,-1.41517,-0.19661,0.72252,-1.05056,-0.00849438,0.992871,-1.74839,0.0100731,1.00972,-1.66431,0.2359,0.93652,-0.694053,0.140725,2.28593,-0.885095,-0.113332,0.236126,-4.60785,-0.493392,0.582014,-8.16032,-0.00403356,1.50778,0.304913,
-14.1755,-2.96536,31.0758,-1.01365,-1.82995,-2.91955,1.63235,-1.46623,-3.50605,13.0828,15.9937,35.5403,0,0,0,0,0,0,0,0,0,0,0,0,0.0255384,0.693137,-1.58907,0.0501741,1.07455,-1.5739,0.0031634,1.04153,-1.42179,0.0123498,0.569932,-1.40566,-0.228141,0.710691,-1.03938,0.000839621,0.952275,-1.8413,0.0202474,0.975368,-1.80106,0.250178,0.910814,-0.746726,0.124001,2.18379,-0.468193,-0.944304,-2.71956,-6.5486,-0.384853,-1.20706,-9.641,-0.00125353,1.53044,0.389523,
-14.0358,-4.46183,30.1471,-0.741496,-1.68188,-2.79834,1.49242,-1.47252,-3.46818,12.1857,13.01,32.4855,0,0,0,0,0,0,0,0,0,0,0,0,0.0272048,0.727602,-1.59271,0.0365814,1.02543,-1.66239,-0.000546102,1.01432,-1.54924,0.0123185,0.596205,-1.4002,-0.225272,0.716177,-1.04602,0.00309455,0.89438,-1.90062,0.020459,0.931331,-1.88143,0.233741,0.889782,-0.800349,0.0831216,2.12968,-0.044168,-0.611267,-3.06981,-5.72453,-0.187302,-1.71773,-8.22351,-0.00417701,1.74261,0.28122,
-11.7866,-7.08468,27.8098,-0.641343,-2.27478,-0.705889,1.52834,-1.86393,0.242686,11.2249,8.77034,29.6015,0,0,0,0,0,0,0,0,0,0,0,0,0.0273871,0.773132,-1.58702,0.0293609,0.95713,-1.77872,-0.00230181,0.970754,-1.71458,0.011278,0.638072,-1.39618,-0.189342,0.710082,-1.06502,0.0115215,0.810843,-1.94315,0.0247834,0.86226,-1.92282,0.21183,0.863686,-0.854418,-0.0741433,2.00939,0.500225,-0.188792,-3.20611,-4.63188,-0.0214754,-2.27959,-6.49788,-0.108096,2.02135,0.108418,
-11.1308,-7.83572,25.5437,-1.11379,-5.57221,-0.189789,2.14569,-3.59232,0.610636,11.2628,7.55169,26.9288,0,0,0,0,0,0,0,0,0,0,0,0,0.0249317,0.808136,-1.5744,0.0276978,0.899798,-1.84502,-0.0021729,0.926758,-1.80423,0.00839383,0.675784,-1.39478,-0.182824,0.727603,-1.08308,0.00667442,0.688188,-1.95568,0.0379544,0.77363,-1.92971,0.207038,0.882268,-0.902358,-0.164315,1.89246,0.821453,-0.023608,-3.3702,-3.27601,0.0340616,-2.68318,-4.17338,-0.187434,2.11384,0.0856494,
-9.75856,-10.2834,24.4325,-1.02706,-6.14029,1.38761,1.5695,-4.83343,2.18638,11.64,5.04929,25.1794,0,0,0,0,0,0,0,0,0,0,0,0,0.0210126,0.84828,-1.55331,0.0286074,0.82554,-1.89843,-0.000390677,0.867657,-1.86962,0.00389743,0.722372,-1.39206,-0.162254,0.719307,-1.07524,0.0108138,0.587783,-1.92785,0.0358583,0.681793,-1.89385,0.208911,0.883032,-0.928929,-0.178379,1.77215,1.03401,0.0268915,-3.85351,-1.6697,0.235665,-2.99393,-1.95505,-0.202347,2.1039,0.162717,
-8.55243,-13.9085,21.8196,-0.624641,-4.57499,3.84389,0.725734,-3.92313,4.72953,12.2155,1.70572,22.2238,0,0,0,0,0,0,0,0,0,0,0,0,0.0168613,0.889224,-1.52717,0.0286039,0.71338,-1.91649,0.00784695,0.78037,-1.88812,-0.000788874,0.771637,-1.38643,-0.14405,0.69046,-1.09352,0.0179881,0.462099,-1.8497,0.0310211,0.575767,-1.80116,0.215084,0.868186,-0.972553,-0.165397,1.65359,1.12832,0.0226513,-5.13637,-0.0947392,0.304914,-4.07225,0.0297367,-0.190292,2.00249,0.299703,
-8.05852,-16.1211,18.6845,-0.506643,-4.64898,6.90486,0.656594,-4.24715,6.52516,11.8579,-1.22532,18.5973,0,0,0,0,0,0,0,0,0,0,0,0,0.0142392,0.918317,-1.50655,0.0297983,0.621863,-1.90452,0.0116161,0.706428,-1.87162,-0.00391245,0.80674,-1.37985,-0.13614,0.676916,-1.12988,0.022259,0.357053,-1.71653,0.0302279,0.479675,-1.67472,0.206947,0.845457,-1.0268,-0.117951,1.57999,1.12897,0.0510998,-5.50867,1.9082,0.20392,-4.56902,2.39129,-0.144777,1.86374,0.456019,
-7.67246,-20.0502,14.9026,-0.421816,-1.47078,7.66538,1.03798,-1.57909,5.56431,10.6235,-5.01482,14.2086,0,0,0,0,0,0,0,0,0,0,0,0,0.0127015,0.95243,-1.48315,0.0318855,0.496564,-1.8303,0.0142042,0.600442,-1.78985,-0.0059914,0.845017,-1.36728,-0.12799,0.638023,-1.17996,0.0279078,0.278244,-1.53479,0.0347541,0.406515,-1.52887,0.185311,0.807175,-1.08724,-0.0364387,1.53213,0.984966,0.112803,-5.85377,4.7708,0.051261,-5.0483,4.88311,-0.0566049,1.62972,0.66297,
-7.28224,-22.435,12.5967,-0.49237,1.66111,8.30764,1.10787,0.857849,4.64843,8.69032,-7.54709,13.6977,0,0,0,0,0,0,0,0,0,0,0,0,0.012388,0.980053,-1.46706,0.0350451,0.400262,-1.7374,0.0131788,0.516673,-1.70173,-0.00660721,0.872937,-1.35444,-0.120423,0.622094,-1.21167,0.0288672,0.25334,-1.35128,0.0326354,0.376183,-1.40997,0.150688,0.783404,-1.08006,-0.0124291,1.52626,0.805289,0.0847697,-5.41214,7.18268,-0.020976,-4.76932,6.33227,-0.0217043,1.45711,0.773844,
-6.71777,-23.7456,8.25171,-0.359468,7.33542,11.9599,-0.048202,5.46511,4.8695,5.78273,-9.01528,12.0664,0,0,0,0,0,0,0,0,0,0,0,0,0.0120291,1.01402,-1.4526,0.038349,0.303402,-1.58651,0.0104724,0.430161,-1.57789,-0.00715952,0.902421,-1.33605,-0.11091,0.633071,-1.28534,0.0344435,0.314035,-1.11198,0.00518899,0.419088,-1.29863,0.0968093,0.777883,-1.08642,-0.0243686,1.55185,0.526423,0.0803693,-3.75034,7.8551,-0.134658,-3.37449,5.82784,-0.0358052,1.20317,0.924069,
-8.31472,-24.7622,6.50141,-2.14318,-1.56589,28.5515,-2.41448,6.43323,2.55875,3.05053,-8.17922,7.71853,0,0,0,0,0,0,0,0,0,0,0,0,0.0108426,1.04853,-1.44408,0.0384425,0.254975,-1.41181,0.0041951,0.380472,-1.45272,-0.00889011,0.925443,-1.31353,-0.137574,0.649609,-1.3126,0.00374905,0.307099,-0.942635,-0.0491767,0.461556,-1.22221,0.0480502,0.808632,-1.13641,0.0843239,1.56744,0.40569,0.130575,2.46263,-1.52605,-0.289428,-1.09647,5.62185,0.0451028,0.974801,1.12396,
-3.18953,33.1475,-56.5398,0.446271,21.3926,-42.9696,-3.11948,17.8299,-21.2306,7.23034,12.9969,-22.1842,0,0,0,0,0,0,0,0,0,0,0,0,0,0,0,0,0,0,0,0,0,0,0,0,-0.0579915,0.602682,-1.028,0.00811402,0.388957,-0.781265,-0.0567179,0.32418,-0.386011,0.131461,0.236307,-0.403349,0,0,0,0,0,0,0,0,0,0,0,0,
-2.41749,-1.14773,14.6175,-2.28042,1.65175,14.5445,-3.70442,4.20723,20.5495,2.45496,-0.338861,16.4732,0,0,0,0,0,0,0,0,0,0,0,0,-0.0154027,0.269087,-0.576165,0.00320569,0.203655,-0.410581,-0.00745554,0.171067,-0.344052,0.0159062,0.173517,-0.346218,-0.0923325,0.621521,-0.990004,-0.0286589,0.514724,-0.670295,-0.0944048,0.450627,-0.311221,0.112338,0.349681,-0.384366,-1.00759,11.4064,-20.7659,0.293263,8.58726,-16.016,-0.598772,6.20478,-10.4132,1.58266,5.57104,-10.3174,
-3.56654,0.550045,5.0559,0.817788,7.53205,9.94996,1.3284,10.993,37.8519,-3.35028,5.55787,24.6948,0,0,0,0,0,0,0,0,0,0,0,0,-0.040486,0.44699,-0.79327,0.00196237,0.328915,-0.567739,-0.0292693,0.273539,-0.45636,0.0563083,0.247084,-0.458151,-0.154914,0.690268,-0.923959,0.00272956,0.63311,-0.508329,-0.051896,0.619311,0.14956,0.052125,0.437717,-0.093267,-1.51501,7.12793,-6.80209,-0.430885,5.11037,-3.71245,-1.42937,4.45804,-2.51462,1.73345,2.73721,-2.57013,
-16.3884,-18.4071,7.01591,4.53663,-5.81003,0.160741,7.26452,40.6932,44.6332,-2.80018,38.8397,20.0766,0,0,0,0,0,0,0,0,0,0,0,0,-0.0658498,0.566229,-0.883072,-0.00522807,0.424127,-0.596831,-0.0384386,0.323366,-0.517069,0.0654247,0.280167,-0.536196,-0.403198,0.364524,-0.807396,0.0689718,0.435884,-0.527045,0.103593,1.04968,0.25,0.0246382,0.953043,-0.180498,-1.2032,4.06296,-1.5854,-0.253131,3.58702,2.04305,0.304007,-0.414422,-1.35802,0.3094,-1.01756,-0.285135,
-2.34627,-28.5622,-1.36086,5.3888,-31.4984,4.256,7.70916,39.7732,37.1043,-10.1776,47.4125,21.8425,0,0,0,0,0,0,0,0,0,0,0,0,-0.0992488,0.604652,-0.871802,-0.00644607,0.479192,-0.556676,-0.0353888,0.300117,-0.514594,0.06783,0.256836,-0.527263,-0.263247,0.0801076,-0.764973,0.0915331,0.00103295,-0.396643,0.0988664,0.975419,0.171248,-0.127534,1.1277,-0.121186,-3.70757,-0.159874,4.02025,2.77855e-05,2.88868,2.52544,-0.180622,-1.46203,0.342802,-0.315226,0.269334,0.273164,
9.00995,-23.9417,11.9324,7.42862,-7.55135,-2.02159,0.389132,27.2102,36.1314,-7.42802,-35.0678,-14.2199,0,0,0,0,0,0,0,0,0,0,0,0,-0.167137,0.599642,-0.852165,-0.0131511,0.545336,-0.665999,-0.0371481,0.293119,-0.525936,0.0478682,0.410595,-0.49012,-0.0225418,0.208575,-0.699591,0.10568,0.448356,-0.74648,-0.03296,0.810059,0.0995499,-0.13775,0.2035,-0.716048,-0.587333,1.35163,-1.96715,-0.496077,1.23192,-1.33601,-0.0882163,0.678569,-0.960948,-1.54499,13.1542,0.996611,
10.0603,-21.9103,-19.9055,17.5448,-2.03253,10.3446,2.9784,25.5702,29.6237,-6.64738,-8.82559,-55.2209,0,0,0,0,0,0,0,0,0,0,0,0,-0.182454,0.604404,-0.846829,-0.0281962,0.556942,-0.665094,-0.0449507,0.29997,-0.526494,0.0119452,0.626034,-0.487448,-0.0412625,0.202206,-1.18188,0.248763,0.547453,-0.491753,-0.0200424,0.748398,0.060187,-0.209036,0.775906,-1.50369,-1.27484,-0.117008,0.820975,-1.28444,0.839251,-0.450438,-0.893581,-0.503733,1.46876,-3.0592,9.4825,-0.373508,
6.72169,0.62047,-15.6601,10.5267,-14.4468,-11.7467,-15.3308,21.1571,-1.87198,3.85795,-14.5076,0.57774,0,0,0,0,0,0,0,0,0,0,0,0,-0.182165,0.583386,-0.921358,-0.0440504,0.573862,-0.678031,-0.0545816,0.290838,-0.50071,-0.0631854,0.804038,-0.863234,0.00795979,0.48125,-1.43992,0.154449,0.326693,-0.900018,-0.31909,0.678149,-0.531132,-0.0790353,0.775217,-1.71824,2.07509,-3.4655,-7.14497,0.217117,0.473603,-0.257022,0.434872,0.0805354,0.110437,-2.62761,7.17916,-26.4461,
-0.698375,11.9225,4.02054,4.50422,-11.7567,-2.38173,-14.1779,6.88419,-5.049,7.9052,-5.299,1.83081,0,0,0,0,0,0,0,0,0,0,0,0,-0.113109,0.455667,-1.08178,-0.0235293,0.582585,-0.693521,-0.0384401,0.310589,-0.523669,-0.120325,0.833889,-1.22699,-0.0179363,0.535117,-1.40803,0.112584,0.37869,-0.838595,-0.308268,0.549633,-0.731945,-0.0346766,0.72234,-1.70568,3.29604,-4.19595,-12.2023,1.65668,0.301397,-3.10964,-0.368125,3.47958,-3.55898,-1.77475,-0.464551,-15.644,
-7.39405,1.71745,31.4041,-0.604939,-4.97796,-5.30332,2.11858,-11.1019,-10.6774,3.52715,2.7298,-2.17249,0,0,0,0,0,0,0,0,0,0,0,0,-0.0532934,0.406921,-1.28138,0.00072967,0.603163,-0.731782,-0.0817857,0.407967,-0.594818,-0.131894,0.800134,-1.469,-0.0810929,0.374351,-0.949242,0.0359516,0.555739,-0.896379,-0.161957,0.404498,-0.948367,-0.0599219,0.74298,-1.82605,3.25838,-1.94934,-7.29799,1.4123,1.31648,-2.08307,-3.62667,6.06171,-4.87103,0.239618,-3.26291,-9.70291,
-3.81553,6.9001,12.0358,3.73681,1.63199,-8.72234,-1.17672,-11.038,19.0562,7.98231,-3.96963,6.99659,0,0,0,0,0,0,0,0,0,0,0,0,-0.000204159,0.358542,-1.22984,0.0310137,0.640455,-0.78732,-0.168469,0.512853,-0.715349,-0.108209,0.735465,-1.64335,-0.0280588,0.380916,-0.650575,0.138405,0.738366,-1.04381,-0.299738,0.409717,-0.58831,0.0814974,0.599243,-1.77392,1.26862,-3.14973,11.0132,1.20539,2.08508,-2.99156,-3.35728,2.98086,-6.705,1.36196,-1.95699,-7.87662,
2.19788,-13.9999,37.4954,7.40823,-14.4465,0.0408678,4.83439,0.38642,8.85972,5.60752,-3.68755,4.90326,0,0,0,0,0,0,0,0,0,0,0,0,0.00837005,0.352136,-1.14373,0.0542691,0.688701,-0.866635,-0.209806,0.51593,-0.750003,-0.0789066,0.698316,-1.73175,0.0572896,0.206979,-0.671123,0.223521,0.528183,-1.07173,-0.13289,0.562204,-0.647368,0.0849024,0.537173,-1.71537,0.273719,3.34239,-6.38996,1.0559,3.12115,-6.2895,-0.33557,1.19923,-1.78599,1.88999,-2.87517,-2.22371,
1.82309,-13.7593,29.0709,11.7678,-25.8578,5.44835,14.6389,1.06829,11.9856,-1.7993,0.554616,9.18382,0,0,0,0,0,0,0,0,0,0,0,0,-0.0050159,0.404543,-1.24047,0.0533749,0.750035,-0.976428,-0.224805,0.56249,-0.822135,-0.0197781,0.615775,-1.73657,0.00207239,0.207007,-0.794345,0.242883,0.35997,-0.988196,0.0109972,0.63812,-0.681541,0.0463413,0.509508,-1.53892,-0.79624,1.60823,-2.51892,-0.747168,2.44678,-3.38642,-0.927688,1.71743,-2.36276,3.01993,-3.5552,0.936921,
0.219015,-10.6954,23.0028,11.5168,-23.5628,3.2429,14.1799,-5.6418,12.8581,-5.66016,2.5241,7.32016,0,0,0,0,0,0,0,0,0,0,0,0,-0.0217978,0.433626,-1.27343,0.0366539,0.79535,-1.03072,-0.246588,0.60236,-0.870503,0.0452161,0.548872,-1.6917,-0.0323061,0.277783,-0.882763,0.230706,0.420624,-1.02139,-0.0127148,0.567304,-0.7134,0.0266658,0.498085,-1.39312,-0.442762,1.18,-0.842222,-0.468867,1.64045,-1.51652,-0.731599,2.06318,-2.343,2.57772,-2.9541,5.05666,
-3.76747,-2.35639,17.9498,8.29117,-21.4572,3.70762,13.523,-6.22822,8.19339,-6.80265,3.86028,8.09629,0,0,0,0,0,0,0,0,0,0,0,0,-0.025063,0.452622,-1.28019,0.032685,0.819172,-1.04586,-0.255491,0.641438,-0.91276,0.0806086,0.505636,-1.58214,-0.0961079,0.440753,-0.958005,0.179403,0.466728,-0.996383,-0.0225719,0.596462,-0.834822,-0.000356887,0.508648,-1.20336,-0.0777791,0.946438,-0.127618,-0.123164,1.15156,-0.547925,-0.395827,2.08587,-2.17045,1.30531,-2.05257,7.07595,
-8.02066,0.792202,18.2384,0.107128,-19.8434,-2.58413,15.1157,-4.59735,3.47411,-3.56736,1.52318,8.91322,0,0,0,0,0,0,0,0,0,0,0,0,-0.0249159,0.471559,-1.27869,0.0319714,0.841326,-1.05197,-0.261843,0.686663,-0.958401,0.0886454,0.475634,-1.40495,-0.168648,0.513061,-0.941232,0.0351633,0.511095,-1.10185,0.00652666,0.672155,-0.964008,0.0139083,0.480795,-0.96808,0.0641078,0.828013,0.178731,0.0380146,0.933737,-0.0886065,-0.197443,2.1108,-2.1014,-0.301766,-0.688516,8.39691,
-6.68193,-2.49303,18.7917,-3.45568,-20.1927,-12.2141,14.9486,-3.14196,-14.0267,-1.4198,-1.44153,11.284,0,0,0,0,0,0,0,0,0,0,0,0,-0.0243451,0.484241,-1.2751,0.0324213,0.856252,-1.05294,-0.264628,0.720494,-0.991895,0.078757,0.471468,-1.27912,-0.147496,0.464289,-0.92546,-0.0317116,0.521431,-1.27883,0.000184491,0.733804,-1.31694,0.0210971,0.425851,-0.750681,-0.0507649,0.775384,0.243526,-0.0397945,0.987525,-0.116414,-0.213303,2.15222,-2.13928,-0.973053,-0.593007,9.87779,
-1.92089,-7.00111,13.8883,-4.46676,-13.6679,-20.2325,6.77035,-0.454711,-9.50876,5.8104,0.891649,25.1364,0,0,0,0,0,0,0,0,0,0,0,0,-0.0279971,0.503075,-1.2728,0.0290247,0.881556,-1.06723,-0.244556,0.776781,-1.11031,0.0584947,0.474774,-1.10234,-0.0627433,0.401817,-1.03214,-0.0547511,0.648016,-1.48113,-0.0244272,0.811283,-1.51448,0.171001,0.610569,-0.831505,0.00546981,0.79549,-0.36226,-0.0782829,0.457334,-1.40644,2.96486,1.30684,-7.06699,0.209689,3.65394,-5.68928,
-4.4772,-7.62982,12.9963,-3.3197,-13.849,-8.73848,-0.55158,-0.239256,-1.71834,10.4031,8.44275,21.768,0,0,0,0,0,0,0,0,0,0,0,0,-0.025864,0.519208,-1.29008,0.027527,0.907332,-1.13986,-0.15586,0.773086,-1.25297,0.062724,0.519965,-1.17481,-0.0982651,0.404679,-1.0942,-0.0484445,0.664475,-1.57711,-0.0316757,0.773265,-1.58131,0.260306,0.712132,-0.847743,0.275076,0.739308,-1.23512,-0.477073,0.273273,-8.50575,4.10096,0.138378,-9.07786,0.257723,1.18136,-2.09971,
-5.09468,-6.56608,14.3349,0.365183,-1.5635,0.398905,-2.58813,-1.3339,1.41214,8.64776,8.86976,28.1269,0,0,0,0,0,0,0,0,0,0,0,0,-0.0170446,0.536188,-1.32422,0.00343952,0.840938,-1.33873,-0.0749455,0.768959,-1.42511,0.0696081,0.534507,-1.20413,-0.0941413,0.443246,-1.12108,-0.0310879,0.647932,-1.60285,-0.0190683,0.72456,-1.60094,0.237921,0.721803,-0.749815,0.474645,0.80792,-1.75689,-1.25788,-5.02879,-8.29204,3.14521,-0.615596,-6.15704,0.338591,0.795284,-1.7441,
-7.01896,-3.18535,19.7653,-0.408152,2.4898,8.97599,-2.79021,-2.01243,4.8934,6.24249,10.6557,34.5987,0,0,0,0,0,0,0,0,0,0,0,0,-0.00600912,0.551308,-1.36027,-0.0122797,0.737161,-1.46182,-0.0301208,0.748071,-1.50833,0.0782093,0.549103,-1.24218,-0.110339,0.521386,-1.07193,-0.0362897,0.591687,-1.48307,-0.0185869,0.663681,-1.53651,0.209953,0.756222,-0.658689,0.711572,0.855372,-2.17049,-0.506889,-5.82827,-5.63583,1.90254,-1.46056,-3.57963,0.557461,0.408814,-1.39269,
-9.23699,1.69151,18.1513,-1.16977,9.39228,20.0835,-0.784733,0.19029,6.80701,-1.90638,9.65831,33.9716,0,0,0,0,0,0,0,0,0,0,0,0,0.0104056,0.569629,-1.40973,-0.0182617,0.62136,-1.51388,-0.00818874,0.708039,-1.54272,0.090727,0.554948,-1.26952,-0.13309,0.626378,-1.15335,-0.0453801,0.639008,-1.1278,-0.0115316,0.638994,-1.41201,0.0739703,0.735572,-0.688292,0.747088,0.794287,-2.25041,-0.178745,-4.67869,0.639136,0.333819,-2.21542,0.212279,0.547091,0.153339,-1.11327,
-7.76151,1.91176,14.3254,-1.05386,12.0704,9.83489,1.40448,2.95179,2.79699,-4.03867,10.167,28.0109,0,0,0,0,0,0,0,0,0,0,0,0,0.0225265,0.583495,-1.44951,-0.0230162,0.557588,-1.44404,-0.0106511,0.668903,-1.51745,0.0989153,0.557294,-1.28916,-0.100672,0.642925,-1.25949,-0.0608536,0.682536,-0.966413,0.0025546,0.647465,-1.35923,0.0359465,0.747265,-0.816876,0.547539,0.753825,-2.15248,-0.570662,-2.88796,9.13021,-0.376762,-2.29492,3.28074,0.319662,0.156345,-1.1306,
-7.32055,1.44489,12.1525,-3.32816,9.65374,22.5323,0.914039,5.80757,7.76147,-11.2118,5.24242,26.3581,0,0,0,0,0,0,0,0,0,0,0,0,0.0387574,0.601579,-1.48923,-0.0107649,0.575814,-1.47625,-0.0172408,0.636333,-1.44595,0.11088,0.568711,-1.31876,-0.069687,0.653382,-1.30788,-0.0476965,0.777622,-1.11341,-0.00241045,0.723739,-1.21286,-0.0716642,0.692137,-0.886628,0.753391,0.780156,-1.21033,0.720516,0.803188,-1.43128,-0.0546495,-0.555699,2.81044,0.65101,0.858893,-1.43938,
-4.06618,-1.3041,12.1311,0.0506647,7.0159,15.38,3.6179,1.31901,0.495481,-8.89178,2.38052,21.5721,0,0,0,0,0,0,0,0,0,0,0,0,0.0514374,0.619116,-1.50723,0.00145588,0.592511,-1.49464,-0.0185081,0.638885,-1.35074,0.122876,0.596125,-1.35708,-0.0113581,0.621884,-1.30555,0.0130576,0.745788,-1.2349,0.0395692,0.690806,-1.1675,-0.0276245,0.688699,-1.02996,0.340237,0.80905,-0.577077,0.326349,0.785719,-0.608001,-0.23536,0.853701,5.32353,0.341261,1.50612,-1.98902,
-0.856698,-0.983529,13.8334,2.31183,4.90044,17.453,3.53863,1.42318,13.1912,-7.69242,2.0451,18.2758,0,0,0,0,0,0,0,0,0,0,0,0,0.0519818,0.632758,-1.5176,0.00174193,0.607846,-1.5089,-0.0202105,0.666479,-1.37356,0.124611,0.618709,-1.38749,0.0320225,0.634097,-1.28436,0.0389181,0.720894,-1.21911,0.0392829,0.739641,-1.19963,-0.0155059,0.697641,-1.11307,-0.133925,0.587307,-0.558354,-0.14841,0.731783,-0.841585,-0.148054,1.44483,-2.01389,-0.0077897,1.27564,-1.7683,
-2.10149,-1.52923,12.8328,1.14609,4.98338,19.4464,2.72833,2.68386,15.3834,-7.98941,0.40765,18.6444,0,0,0,0,0,0,0,0,0,0,0,0,0.0501218,0.642811,-1.52755,-0.000390379,0.62012,-1.52331,-0.0223772,0.689999,-1.40548,0.123643,0.642962,-1.42194,0.0102924,0.632873,-1.31171,0.0183389,0.731698,-1.19389,0.0246991,0.770498,-1.1678,-0.0217186,0.683967,-1.13038,-0.049515,0.545894,-0.534087,-0.0644362,0.640775,-0.738111,-0.0772942,0.96867,-1.28361,-0.00304828,1.02648,-1.44916,
-2.17689,-2.2393,13.8569,1.79122,4.07356,21.8885,2.34194,1.54183,15.0704,-6.68036,-1.02299,16.1781,0,0,0,0,0,0,0,0,0,0,0,0,0.0487736,0.654411,-1.53916,-0.00207572,0.633793,-1.53953,-0.0244342,0.710065,-1.43196,0.123182,0.664569,-1.45266,0.00575765,0.627186,-1.30125,0.0266232,0.724551,-1.16245,0.0140094,0.760868,-1.18809,-0.000495303,0.671552,-1.19546,-0.104994,0.412195,-0.428788,-0.11821,0.510059,-0.63844,-0.126413,0.695731,-0.920658,-0.0677128,0.781699,-1.12876,
-1.68793,-1.40565,13.8884,2.5164,4.89821,20.915,2.25911,2.07946,16.4987,-6.489,-1.27088,16.1127,0,0,0,0,0,0,0,0,0,0,0,0,0.0467792,0.660043,-1.54515,-0.00426767,0.64101,-1.54877,-0.0266268,0.719571,-1.44462,0.121822,0.675575,-1.46871,0.0118066,0.644618,-1.30279,0.0368395,0.743381,-1.18478,0.0100796,0.775397,-1.16847,0.00105841,0.673622,-1.20631,-0.130869,0.309598,-0.310499,-0.141947,0.406785,-0.497526,-0.133475,0.550523,-0.727979,-0.085009,0.646379,-0.933776,
-1.61835,-0.728649,13.2614,2.50303,4.79143,19.8958,2.00413,2.89843,17.7945,-6.67837,-1.43116,16.5182,0,0,0,0,0,0,0,0,0,0,0,0,0.0440351,0.665403,-1.54981,-0.00720402,0.64837,-1.55691,-0.029142,0.730147,-1.45843,0.120217,0.688137,-1.48651,0.010863,0.65843,-1.31348,0.0343223,0.744508,-1.20446,0.00407277,0.796348,-1.15243,-0.00328438,0.678349,-1.20898,-0.114506,0.191747,-0.146142,-0.121714,0.275642,-0.28412,-0.0985074,0.41259,-0.535762,-0.0634518,0.495999,-0.696793,
-1.43044,-0.386143,12.8539,2.541,4.7778,19.4345,2.23129,3.24869,17.9433,-6.21061,-1.08834,16.0946,0,0,0,0,0,0,0,0,0,0,0,0,0.0413962,0.668451,-1.55186,-0.00998255,0.653277,-1.56201,-0.0313764,0.737432,-1.46797,0.118613,0.697293,-1.49958,0.0116075,0.663894,-1.31959,0.0322751,0.745079,-1.21435,0.00585848,0.803273,-1.15078,0.00298421,0.68678,-1.22075,-0.115525,0.0753039,-0.0438423,-0.120458,0.150729,-0.174023,-0.10187,0.206966,-0.276555,-0.0827707,0.283427,-0.421729,
-1.43374,-0.203081,12.603,2.58657,4.52902,18.5778,2.09822,3.39515,17.742,-6.00708,-0.842639,15.515,0,0,0,0,0,0,0,0,0,0,0,0,0.039687,0.669134,-1.55222,-0.0117628,0.65506,-1.56432,-0.0329106,0.739695,-1.47112,0.1173,0.700676,-1.50486,0.0104691,0.666191,-1.32343,0.0319806,0.740201,-1.23056,0.00240601,0.804722,-1.15336,0.00558459,0.690735,-1.23157,-0.0962494,0.0228968,-0.0107019,-0.100382,0.0854126,-0.122823,-0.086557,0.100729,-0.147259,-0.0762684,0.164363,-0.268681,
-1.87634,0.941936,12.8475,2.3919,5.38748,19.7778,1.50481,3.09258,17.7138,-5.62894,-0.327071,14.8802,0,0,0,0,0,0,0,0,0,0,0,0,0.0380081,0.669133,-1.55225,-0.0135246,0.656186,-1.56646,-0.0344684,0.74076,-1.47298,0.115865,0.702861,-1.50892,0.00176541,0.685791,-1.31851,0.0277208,0.755116,-1.20964,-0.00922235,0.797467,-1.15236,0.0114937,0.69877,-1.24265,-0.0650051,-0.0142848,0.00454418,-0.0685568,0.0298124,-0.0847958,-0.0645973,0.0146134,-0.0442179,-0.0619415,0.0567025,-0.130772,
-1.69872,1.03621,12.5373,2.63733,5.37543,19.3605,1.4873,3.07032,17.7048,-5.45888,-0.326203,14.6602,0,0,0,0,0,0,0,0,0,0,0,0,0.0367412,0.668571,-1.55174,-0.0148633,0.65647,-1.56784,-0.0358491,0.740751,-1.47345,0.1145,0.703632,-1.51112,0.00362369,0.686376,-1.32193,0.0307874,0.754451,-1.21673,-0.011101,0.796627,-1.15175,0.0129612,0.699024,-1.24746,-0.0681922,-0.0316399,0.0566014,-0.0702995,0.00749812,-0.0273227,-0.0700855,0.00158563,-0.0063449,-0.0698512,0.0404358,-0.0881926,
-1.58326,0.999123,12.2631,2.79157,5.21818,18.8987,1.45795,3.08338,17.6358,-5.38393,-0.397791,14.5517,0,0,0,0,0,0,0,0,0,0,0,0,0.0354249,0.667997,-1.55044,-0.0162034,0.656605,-1.56798,-0.0371366,0.740856,-1.47346,0.113214,0.704457,-1.51258,0.00379068,0.684951,-1.32447,0.0316659,0.751764,-1.22433,-0.0133621,0.797216,-1.15274,0.0125903,0.699056,-1.25096,-0.087012,-0.0370365,0.0919246,-0.088199,0.00863924,0.00130229,-0.0835302,0.00911977,0.00202814,-0.0835574,0.0559751,-0.0903066,
-1.55759,0.920357,12.0849,2.77949,5.10166,18.6728,1.50757,3.04916,17.5947,-5.26859,-0.443148,14.4149,0,0,0,0,0,0,0,0,0,0,0,0,0.0335825,0.667221,-1.54837,-0.0180693,0.656777,-1.56778,-0.0388988,0.741083,-1.47336,0.111441,0.705656,-1.51438,0.00271329,0.6829,-1.32572,0.029881,0.749768,-1.22794,-0.0139577,0.796851,-1.15325,0.0131495,0.699239,-1.25471,-0.0778995,-0.0322454,0.0892599,-0.0790154,0.00715524,0.0102024,-0.0754485,0.0100265,0.00627461,-0.0763588,0.0501371,-0.0737562,
-1.56468,0.896746,12.0896,2.78374,5.08561,18.5809,1.49331,3.02597,17.5646,-5.21827,-0.435495,14.3329,0,0,0,0,0,0,0,0,0,0,0,0,0.0319879,0.666573,-1.54655,-0.0196967,0.656927,-1.5676,-0.0404679,0.741282,-1.4732,0.109837,0.706658,-1.51586,0.00164396,0.682139,-1.32467,0.0289683,0.749595,-1.22964,-0.0151935,0.796508,-1.15362,0.0130208,0.699888,-1.25699,-0.057909,-0.0225699,0.0632387,-0.05954,0.00617789,0.00382753,-0.0573456,0.00635959,0.00674208,-0.059233,0.0350639,-0.0526042,
-1.8698,1.13712,12.4375,2.85847,5.18585,19.1671,1.25897,2.63861,17.1967,-5.11381,-0.352255,14.0147,0,0,0,0,0,0,0,0,0,0,0,0,0.0311095,0.666261,-1.54566,-0.0206041,0.657046,-1.5676,-0.0413355,0.741374,-1.47309,0.108937,0.707182,-1.51666,-0.00460897,0.686374,-1.3179,0.0295826,0.751611,-1.21919,-0.0201397,0.789529,-1.16023,0.0141937,0.7018,-1.26339,-0.0526163,-0.0171504,0.0497102,-0.0545592,0.00844652,-0.00269599,-0.0517758,0.00550586,0.00588754,-0.0539205,0.0312365,-0.0472096,
-1.77522,1.2052,12.4472,3.06854,5.14837,18.9661,1.23265,2.55917,17.1919,-5.07153,-0.415256,14.1244,0,0,0,0,0,0,0,0,0,0,0,0,0.0299428,0.665947,-1.54462,-0.0218201,0.65729,-1.56766,-0.0424554,0.74157,-1.47303,0.107764,0.707951,-1.51775,-0.00419379,0.687482,-1.31662,0.0320497,0.751381,-1.22273,-0.0217478,0.788648,-1.16055,0.0137965,0.701875,-1.26281,-0.0568313,-0.011539,0.0514073,-0.0587237,0.0147995,0.0029009,-0.0520711,0.0167407,-0.00298608,-0.053718,0.0450321,-0.057101,
-1.76197,1.21967,12.3385,3.1135,5.12602,18.8582,1.25105,2.54108,17.2005,-5.03569,-0.443738,14.2525,0,0,0,0,0,0,0,0,0,0,0,0,0.0289289,0.665775,-1.54368,-0.0228618,0.657585,-1.56755,-0.0433588,0.741941,-1.47314,0.10684,0.708829,-1.5188,-0.00522353,0.687635,-1.31736,0.0315759,0.751442,-1.22437,-0.0224875,0.789005,-1.16068,0.013368,0.70268,-1.26189,-0.0646765,-0.00966222,0.0608308,-0.066346,0.0200578,0.00903275,-0.0572936,0.0263625,-0.00861476,-0.0584781,0.0586408,-0.0680121,
-1.50371,2.16104,10.9999,3.90714,8.51289,18.0854,0.839798,5.87189,20.8906,-5.53066,2.90678,17.6704,0,0,0,0,0,0,0,0,0,0,0,0,0.0276029,0.665618,-1.54243,-0.0242255,0.658034,-1.56734,-0.0445283,0.742547,-1.47335,0.105641,0.710093,-1.52022,-0.0015359,0.704747,-1.34075,0.0449557,0.813471,-1.23823,-0.0308349,0.850185,-1.09383,0.00345621,0.764711,-1.20088,-0.0549561,-0.00495776,0.0514124,-0.0567629,0.0200719,0.00871954,-0.0481467,0.026787,-0.00948693,-0.0497291,0.0539904,-0.0594045,
-1.19976,6.09199,10.6079,4.65237,13.3988,18.5036,-0.623623,10.3751,27.4156,-5.91413,10.1073,23.8388,0,0,0,0,0,0,0,0,0,0,0,0,0.0264538,0.665908,-1.54156,-0.0254132,0.658884,-1.56744,-0.0455515,0.743327,-1.47342,0.10456,0.71147,-1.5214,0.00321858,0.777861,-1.34799,0.0577023,0.904436,-1.23167,-0.0582246,0.933436,-0.974821,-0.00440368,0.897511,-1.08936,-0.0434335,0.0363525,0.0214737,-0.0450121,0.0591842,-0.0203861,-0.0407771,0.0449768,0.00418353,-0.0438056,0.069387,-0.0425438,
-1.64155,10.2616,11.856,5.04061,15.2058,19.4911,-1.975,13.2585,34.1195,-5.41706,16.0275,30.6547,0,0,0,0,0,0,0,0,0,0,0,0,0.0256422,0.666966,-1.54117,-0.0262405,0.660381,-1.56791,-0.0463562,0.744421,-1.47316,0.103699,0.713068,-1.52211,-0.00665913,0.856784,-1.32398,0.0629561,0.941397,-1.21453,-0.0847385,0.988912,-0.851802,0.00261661,1.00945,-0.966691,-0.0750127,0.0990773,0.0496974,-0.0748893,0.138961,-0.0309063,-0.0755723,0.104686,0.030603,-0.0791385,0.151944,-0.0594002,
-1.383,9.11985,11.8582,5.36566,13.6202,19.8126,-1.38626,12.8528,34.1524,-4.88482,17.1656,32.3001,0,0,0,0,0,0,0,0,0,0,0,0,0.0227203,0.670841,-1.53834,-0.0291159,0.665822,-1.56831,-0.0493242,0.748433,-1.47108,0.100605,0.718971,-1.52356,-0.00832756,0.843436,-1.316,0.0626738,0.923397,-1.20782,-0.0804558,0.988525,-0.84383,0.00554797,1.04138,-0.937103,-0.180353,0.207166,0.205966,-0.176236,0.30355,0.00801546,-0.181098,0.195707,0.192476,-0.190735,0.314806,-0.0248545,
-1.37833,7.60522,11.1645,5.24892,12.4294,19.9212,-1.46352,12.9,31.5111,-4.97802,17.5288,32.4868,0,0,0,0,0,0,0,0,0,0,0,0,0.0181848,0.676429,-1.53153,-0.0335098,0.674005,-1.56666,-0.0537827,0.753196,-1.46384,0.095769,0.726989,-1.52203,-0.0133059,0.824312,-1.31584,0.0557729,0.913641,-1.19948,-0.0865199,0.995293,-0.876423,-0.00166957,1.05845,-0.925626,-0.19648,0.293528,0.387978,-0.187983,0.416962,0.151936,-0.187235,0.23073,0.442605,-0.211723,0.389777,0.175258,
-1.31414,6.19573,9.84566,5.00669,11.9427,19.9954,-2.10303,12.7444,29.1229,-5.32531,17.7122,31.8329,0,0,0,0,0,0,0,0,0,0,0,0,0.0151919,0.68253,-1.52325,-0.0363108,0.682243,-1.56228,-0.0565324,0.757904,-1.45428,0.0924662,0.734526,-1.51701,-0.0133591,0.807588,-1.32703,0.0504767,0.915494,-1.18802,-0.0989086,0.999639,-0.905776,-0.00962028,1.07161,-0.926987,-0.142315,0.37913,0.525754,-0.129656,0.492306,0.327305,-0.126476,0.306128,0.580509,-0.160801,0.459824,0.343425,
-1.0639,5.05444,8.0337,5.35256,13.0446,20.5266,-3.58317,13.3194,30.0638,-5.33278,18.7009,32.3617,0,0,0,0,0,0,0,0,0,0,0,0,0.0127827,0.692348,-1.50966,-0.038381,0.69431,-1.55237,-0.0585509,0.766548,-1.44051,0.089625,0.746384,-1.50792,-0.00945691,0.800803,-1.34092,0.0566158,0.951107,-1.16118,-0.125981,1.02436,-0.872715,-0.0108788,1.10664,-0.90472,-0.0884859,0.505867,0.692701,-0.0709666,0.599583,0.549558,-0.0697071,0.477891,0.647098,-0.108294,0.618308,0.452253,
-0.226039,3.3603,5.51778,6.2176,13.3637,20.2055,-3.34406,11.9213,27.881,-5.71774,15.6034,25.663,0,0,0,0,0,0,0,0,0,0,0,0,0.0110552,0.70497,-1.49279,-0.039685,0.708871,-1.53818,-0.0598002,0.778802,-1.42521,0.0874883,0.761751,-1.49672,0.00420264,0.786608,-1.36523,0.071287,0.975313,-1.14731,-0.122494,1.01571,-0.893862,-0.0197332,1.07049,-1.01189,-0.0838056,0.627643,0.832051,-0.0634131,0.716993,0.718016,-0.0578196,0.616035,0.746316,-0.0996906,0.765057,0.556898,
0.0591616,1.49424,3.59733,7.21627,13.0193,21.786,-4.48384,10.3137,26.7646,-5.05201,11.2797,18.2413,0,0,0,0,0,0,0,0,0,0,0,0,0.00960173,0.717394,-1.47722,-0.0407658,0.722858,-1.52439,-0.0607105,0.791038,-1.41124,0.0858293,0.776772,-1.48617,0.00821612,0.769142,-1.38306,0.0886531,0.986934,-1.10232,-0.143591,1.00334,-0.899691,-0.00865611,1.01178,-1.13569,-0.0752057,0.751073,0.878506,-0.0545733,0.836017,0.793082,-0.0414512,0.757213,0.76153,-0.0803834,0.914392,0.574789,
1.11987,-0.711582,0.599744,9.18792,12.2868,24.8458,-6.31758,8.28868,27.316,-4.47722,5.00306,8.00917,0,0,0,0,0,0,0,0,0,0,0,0,0.00802241,0.735937,-1.45797,-0.0419168,0.743261,-1.50663,-0.0613716,0.810274,-1.39542,0.0844489,0.799647,-1.47448,0.0258843,0.753021,-1.41866,0.123231,0.999608,-1.02843,-0.177069,0.992967,-0.876865,0.00134839,0.928344,-1.31327,-0.0763716,0.917322,0.867925,-0.0582249,1.00684,0.808332,-0.0254338,0.977465,0.669178,-0.0518412,1.15293,0.476388,
2.74684,-3.06118,-4.41371,11.8576,10.053,29.6387,-9.3611,5.62823,28.6575,-4.64856,-2.54992,-4.10603,0,0,0,0,0,0,0,0,0,0,0,0,0.00633398,0.757939,-1.43975,-0.0432617,0.767287,-1.48933,-0.0616689,0.833916,-1.38184,0.0837455,0.827502,-1.46539,0.0537033,0.737171,-1.49404,0.170193,0.988168,-0.925587,-0.232016,0.974265,-0.842522,-0.00128005,0.825777,-1.5286,-0.0786256,1.06606,0.793342,-0.0653079,1.16411,0.75954,-0.00444661,1.16164,0.558213,-0.0154705,1.36391,0.349647,
2.67483,-3.32022,-7.87248,14.6777,8.37227,33.5483,-12.321,4.05289,32.3968,-4.13666,-5.95317,-11.0995,0,0,0,0,0,0,0,0,0,0,0,0,0.00593656,0.774932,-1.43441,-0.0444011,0.78673,-1.47778,-0.0616844,0.853209,-1.37334,0.0817051,0.849178,-1.46588,0.0574788,0.74168,-1.59761,0.220008,0.979875,-0.844762,-0.285704,0.968027,-0.768309,-0.00801874,0.777057,-1.69454,0.0888855,0.828534,-0.612864,-0.0751188,1.25041,0.704396,-5.96364e-05,1.25673,0.488732,-0.443417,1.10362,-0.820346,
1.94132,-3.34337,-5.11276,15.5963,3.83512,33.2918,-14.8676,2.14482,34.8585,-1.88265,-4.89011,-6.44755,0,0,0,0,0,0,0,0,0,0,0,0,0.0124389,0.778684,-1.49503,-0.0458189,0.817416,-1.46036,-0.0611171,0.884646,-1.36206,0.0593981,0.853123,-1.54631,0.0607492,0.706615,-1.7077,0.236863,0.928732,-0.829418,-0.329434,0.966415,-0.71128,-0.0123623,0.738289,-1.83416,0.397637,-0.344689,-3.65785,-0.0271464,1.27068,0.78335,0.0611901,1.30693,0.519029,-1.14676,-0.792072,-5.21338,
1.35708,-2.6861,-3.61074,15.4806,-1.54348,31.7968,-16.4622,0.305422,32.1405,-0.403945,-3.829,-3.91284,0,0,0,0,0,0,0,0,0,0,0,0,0.0228002,0.75907,-1.56145,-0.0457064,0.844762,-1.44066,-0.0587529,0.912601,-1.34808,0.0338986,0.814865,-1.6412,0.0588486,0.675686,-1.75796,0.235717,0.85656,-0.831105,-0.354291,0.956913,-0.737792,-0.00360251,0.679473,-1.89036,0.347544,-1.05557,-3.99851,-0.00125044,1.21799,0.960404,0.115342,1.1843,0.791967,-0.921452,-2.00978,-5.43955,
1.45327,-2.42988,1.24858,13.6751,-5.28725,28.8657,-15.4103,-1.12064,26.9265,-0.436638,-3.45505,1.81375,0,0,0,0,0,0,0,0,0,0,0,0,0.0275152,0.733834,-1.63884,-0.045896,0.865883,-1.42222,-0.0568465,0.931571,-1.33013,0.0217518,0.770665,-1.74303,0.06146,0.631667,-1.75131,0.202587,0.806567,-0.861891,-0.333696,0.942127,-0.802423,-0.00192223,0.609607,-1.88134,0.22983,-1.77183,-4.13036,-0.0047516,1.12493,1.08472,0.101991,0.945128,1.16509,-0.480796,-3.00175,-5.23368,
0.871456,-2.08675,5.34634,11.9838,-8.1776,24.7432,-13.1626,-2.95409,21.1113,-0.814619,-2.74165,5.01687,0,0,0,0,0,0,0,0,0,0,0,0,0.0327588,0.685521,-1.70043,-0.0455607,0.889126,-1.39588,-0.0547229,0.950093,-1.30031,0.0157783,0.693331,-1.82011,0.0566783,0.567319,-1.65853,0.173578,0.773326,-0.90388,-0.290897,0.922,-0.868093,-0.00282774,0.518682,-1.79755,0.24673,-2.45242,-1.69009,0.03822,1.00477,1.28717,0.0961331,0.782769,1.47798,-0.115953,-3.81335,-2.09792,
0.25178,-1.85574,7.25432,11.123,-9.36641,21.097,-11.6756,-5.04785,18.2092,-1.02797,-2.43328,7.03242,0,0,0,0,0,0,0,0,0,0,0,0,0.0366958,0.640124,-1.70689,-0.0445925,0.906572,-1.37129,-0.0531633,0.963851,-1.27234,0.0146245,0.625496,-1.83307,0.0501001,0.513439,-1.53037,0.160523,0.766888,-0.941456,-0.262161,0.896319,-0.888748,-0.00574959,0.448166,-1.67361,0.269698,-2.83996,1.36371,0.0879596,0.935452,1.41315,0.100393,0.740887,1.60454,-0.0514471,-4.0666,0.965361,
-0.456237,-0.735055,6.98591,9.86561,-9.38554,15.646,-10.0097,-7.86702,13.8598,-0.988082,0.9075,7.09783,0,0,0,0,0,0,0,0,0,0,0,0,0.040662,0.575597,-1.64034,-0.042033,0.926735,-1.33999,-0.0508396,0.979299,-1.23559,0.0138607,0.535626,-1.77395,0.0359537,0.463652,-1.36832,0.141759,0.785914,-1.01001,-0.229306,0.857402,-0.926769,-0.00516222,0.418035,-1.50903,0.109599,-3.01217,4.43066,0.134969,0.911324,1.39043,0.107784,0.645915,1.73642,-0.0323226,-4.09722,4.15154,
-2.40116,2.47187,10.3846,9.30065,-8.25232,11.8173,-7.23519,-10.6641,8.99722,-0.565107,4.15358,10.3975,0,0,0,0,0,0,0,0,0,0,0,0,0.0391961,0.523275,-1.5566,-0.0387058,0.947578,-1.31121,-0.0483749,0.992877,-1.19668,0.0154479,0.465322,-1.69467,-0.00663695,0.48655,-1.18787,0.135155,0.829884,-1.05788,-0.1769,0.816534,-0.972914,0.00446001,0.445818,-1.33243,-0.0664773,-2.49543,5.49756,0.145392,0.988429,1.17537,0.0923828,0.536232,1.8388,-0.0217929,-2.90349,5.29216,
-3.80497,4.08418,5.13249,8.87246,-6.1116,11.1811,-6.64777,-11.3192,8.5778,1.11171,10.4028,7.59467,0,0,0,0,0,0,0,0,0,0,0,0,0.035014,0.480686,-1.43062,-0.0363185,0.966692,-1.29337,-0.0469414,1.00105,-1.16262,0.0146556,0.422403,-1.57122,-0.0502553,0.488053,-1.064,0.12911,0.892696,-1.06259,-0.165096,0.808622,-0.944192,0.0340054,0.552889,-1.16307,-0.49158,-2.04392,8.35065,0.125605,1.13433,0.839954,0.08293,0.408736,1.90882,-0.0263731,-1.79225,8.25198,
-5.54864,-6.27312,25.5932,9.257,-11.6571,7.40264,-0.284904,-10.1313,-1.26112,1.97355,10.5508,11.4675,0,0,0,0,0,0,0,0,0,0,0,0,0.0234204,0.494124,-1.36373,-0.036564,0.994648,-1.2786,-0.047184,1.0094,-1.11985,0.0171239,0.418809,-1.39228,-0.0870485,0.480419,-0.989744,0.121322,0.827901,-1.12278,-0.0612846,0.837883,-1.07646,0.0563544,0.655963,-0.913091,-0.29286,3.0663,-2.79101,-0.31849,1.38108,0.64882,-0.27257,0.387663,2.0264,0.102292,1.38481,8.271,
-12.7699,-4.55388,25.792,3.85073,-6.9737,-8.75478,2.77392,-8.64628,-13.1781,4.48538,14.1464,34.1267,0,0,0,0,0,0,0,0,0,0,0,0,0.0163456,0.557503,-1.40433,-0.0441024,1.02436,-1.25618,-0.0542696,1.01947,-1.07034,0.0136618,0.479935,-1.37848,-0.213562,0.554997,-0.978165,0.0272364,0.928336,-1.37314,-0.00377366,0.874503,-1.24161,0.0960522,0.816488,-0.802427,0.0694335,2.45336,-1.30716,0.040503,0.940315,1.29006,0.00186532,0.373814,2.08803,0.0256043,2.42449,-1.35773,
-13.248,1.60699,24.4563,0.0258944,-4.38228,-14.1444,2.43392,-2.9784,-17.5529,9.39154,18.3051,40.6021,0,0,0,0,0,0,0,0,0,0,0,0,0.0204619,0.594969,-1.4232,-0.0378208,1.0372,-1.24841,-0.0517722,1.02629,-1.05914,0.0163811,0.513907,-1.39253,-0.213476,0.697522,-1.01311,-0.0115346,0.977361,-1.5638,-0.00224435,0.985226,-1.4685,0.190772,0.911898,-0.677584,0.211881,2.2408,-1.05632,0.788805,0.606271,-1.77906,0.161173,0.400018,-2.75654,0.111077,1.99137,-0.711248,
-13.8434,3.40421,27.2311,-1.41245,-4.56431,-12.7238,0.720386,-2.08738,-15.5904,13.9674,18.5431,45.9382,0,0,0,0,0,0,0,0,0,0,0,0,0.0209345,0.640804,-1.44204,-0.0187921,1.04373,-1.31385,-0.046676,1.02181,-1.15799,0.0143712,0.554761,-1.40545,-0.23034,0.769008,-0.974411,-0.0251072,1.00803,-1.69714,-0.0274293,1.04534,-1.63547,0.264389,0.948087,-0.584541,0.0129267,2.0261,-0.839633,0.591731,1.44474,-4.6428,0.187878,1.87872,-5.92834,-0.12026,1.71658,-0.437974,
-18.4706,1.94365,31.4719,-1.96724,-3.35534,-3.33266,1.77899,-3.42633,-4.1351,15.4946,19.2467,47.8154,0,0,0,0,0,0,0,0,0,0,0,0,0.024539,0.688082,-1.4618,-0.00255885,1.05035,-1.49584,-0.0427253,1.05216,-1.39133,0.0142949,0.590636,-1.40853,-0.303056,0.786354,-0.914248,-0.0215795,0.961175,-1.81085,-0.00740656,0.999979,-1.78626,0.298711,0.984251,-0.534894,0.251583,1.92293,-0.753645,0.511724,-0.860785,-7.774,0.09086,0.30916,-9.77005,0.0823646,1.33451,0.130463,
-19.2314,0.976604,31.6329,-1.60566,-2.96058,-3.08246,2.16243,-3.09195,-4.34791,15.8629,18.2063,45.3382,0,0,0,0,0,0,0,0,0,0,0,0,0.0289203,0.718021,-1.47157,0.00228307,1.0242,-1.59863,-0.0412533,1.04321,-1.51964,0.0159627,0.610863,-1.40385,-0.312046,0.795389,-0.911771,-0.0182983,0.906333,-1.87141,-0.000209574,0.957597,-1.87306,0.307775,0.982281,-0.566691,0.265703,1.82149,-0.468977,0.263157,-1.95663,-6.62228,0.0527657,-0.898064,-8.38344,0.10374,1.2343,0.392017,
-17.559,-1.12357,30.7558,-0.626613,-1.97456,-0.393451,2.04147,-1.51777,-0.00124359,13.6119,15.5822,39.7366,0,0,0,0,0,0,0,0,0,0,0,0,0.0337713,0.759343,-1.47542,0.00606811,0.963,-1.74197,-0.0376666,1.00208,-1.70549,0.0176788,0.640606,-1.39143,-0.281048,0.792528,-0.912641,-0.00334892,0.829457,-1.91015,0.00836973,0.897249,-1.91913,0.266375,0.965403,-0.649309,0.135504,1.63817,0.109568,0.0603755,-2.98349,-4.92018,0.272518,-2.35991,-6.52692,0.0368918,1.26756,0.600025,
-16.5942,-3.42492,27.2845,-0.277977,-3.63156,0.769953,2.39262,-2.67217,-0.318304,12.9277,13.4672,34.1686,0,0,0,0,0,0,0,0,0,0,0,0,0.0349913,0.793538,-1.4661,0.00826026,0.896654,-1.82331,-0.0324096,0.962036,-1.78704,0.0176953,0.661814,-1.38137,-0.267268,0.779931,-0.947596,0.00981405,0.729118,-1.92215,0.0228505,0.827505,-1.93964,0.251565,0.951932,-0.739592,-0.016698,1.48695,0.685249,0.201909,-3.10163,-3.44798,0.359268,-2.62614,-4.48587,-0.0360488,1.38297,0.627208,
-14.1923,-5.63034,25.1075,0.116218,-5.32192,0.879944,1.71148,-4.04743,1.76002,12.5171,9.83539,29.5056,0,0,0,0,0,0,0,0,0,0,0,0,0.0333941,0.819191,-1.44963,0.0129807,0.839553,-1.86478,-0.0230231,0.899753,-1.86656,0.0150292,0.697818,-1.36687,-0.229327,0.761988,-0.958217,0.0249666,0.626448,-1.90533,0.0245798,0.735905,-1.91357,0.237179,0.928912,-0.811798,-0.142993,1.38007,1.06689,0.301669,-3.55492,-1.72797,0.503709,-2.75789,-2.41416,-0.166051,1.5971,0.568582,
-11.3384,-7.6816,21.6042,0.17072,-4.6997,2.16628,0.854626,-3.92273,3.86338,12.6586,5.93015,25.6488,0,0,0,0,0,0,0,0,0,0,0,0,0.0286564,0.848152,-1.4223,0.0214131,0.750501,-1.8856,-0.0106225,0.830883,-1.89545,0.0102063,0.734614,-1.35503,-0.186113,0.749948,-0.985051,0.0400846,0.516332,-1.85646,0.0233859,0.641773,-1.83696,0.231995,0.898525,-0.871469,-0.263313,1.26689,1.35807,0.475676,-4.54423,-0.313101,0.564354,-3.59905,-0.359135,-0.255709,1.71389,0.526006,
-10.1436,-9.17204,18.4972,-0.13128,-4.64645,5.10458,0.473757,-4.63588,5.6973,12.0345,2.59238,22.0991,0,0,0,0,0,0,0,0,0,0,0,0,0.0236782,0.870434,-1.39675,0.0318415,0.666997,-1.88187,-0.00228689,0.763619,-1.887,0.00547722,0.765805,-1.34545,-0.169016,0.743665,-1.01406,0.0505183,0.417227,-1.75691,0.0212164,0.542644,-1.72811,0.216589,0.868569,-0.924682,-0.252565,1.22208,1.41703,0.643616,-5.05051,0.982538,0.454959,-4.17654,1.68976,-0.235195,1.69981,0.579556,
-9.37532,-11.9603,14.9348,-0.527988,-2.09269,6.36863,0.82333,-2.49622,4.8027,10.5116,-1.45007,17.7207,0,0,0,0,0,0,0,0,0,0,0,0,0.019075,0.897347,-1.36701,0.0465693,0.550679,-1.83453,0.00439847,0.664585,-1.82269,0.00132688,0.801722,-1.33111,-0.157126,0.720224,-1.05415,0.0580296,0.332987,-1.6098,0.0251526,0.460781,-1.60307,0.187483,0.826362,-0.985406,-0.175421,1.23254,1.26246,0.643502,-5.48909,3.32864,0.176749,-4.84055,4.04259,-0.151672,1.5585,0.718282,
-8.26546,-15.0187,12.909,-0.945721,0.105638,5.97395,0.833868,-0.450916,4.60721,9.05221,-4.01142,14.8099,0,0,0,0,0,0,0,0,0,0,0,0,0.0159728,0.925371,-1.34238,0.0595885,0.438715,-1.74431,0.00528574,0.56361,-1.72785,-0.00120133,0.83456,-1.31438,-0.138531,0.695083,-1.07574,0.0570776,0.278387,-1.45776,0.0204993,0.405397,-1.47493,0.160111,0.807875,-1.01874,-0.129023,1.30715,0.975568,0.448678,-4.9576,5.43682,0.00159821,-4.58378,5.16871,-0.100015,1.4132,0.805754,
-7.95661,-16.7024,10.8785,-0.905513,4.02919,8.34787,0.041399,2.27369,4.68384,7.71706,-5.20675,15.3164,0,0,0,0,0,0,0,0,0,0,0,0,0.0136667,0.949773,-1.32745,0.066504,0.361378,-1.64749,0.00388486,0.49041,-1.6392,-0.00302444,0.858961,-1.29954,-0.13579,0.69134,-1.10622,0.0565468,0.300344,-1.28248,0.00194977,0.402152,-1.36471,0.133329,0.806607,-0.993302,-0.146398,1.38258,0.71598,0.198815,-4.10338,6.51543,-0.0821272,-3.95994,5.78487,-0.120896,1.29292,0.848239,
-7.71253,-17.743,6.98548,-0.606216,8.75787,12.0043,-1.64786,7.5295,3.92865,5.16053,-4.76694,14.0471,0,0,0,0,0,0,0,0,0,0,0,0,0.00992051,0.981387,-1.31534,0.068252,0.291429,-1.49012,-0.00167936,0.420231,-1.51282,-0.00648617,0.885236,-1.27978,-0.136517,0.707286,-1.17482,0.0570546,0.377214,-1.0146,-0.0459699,0.477276,-1.25406,0.0811084,0.834324,-0.99285,-0.189734,1.48193,0.413048,-0.00535813,-2.24427,7.86058,-0.437842,-2.44004,5.72407,-0.190459,1.09266,0.963388,
-9.19603,-18.881,7.16793,-2.41397,3.71817,33.8617,-3.32468,9.96124,4.93761,1.27618,-5.00204,11.0099,0,0,0,0,0,0,0,0,0,0,0,0,0.00685999,1.01498,-1.30722,0.0685669,0.300278,-1.41373,-0.016296,0.39759,-1.40303,-0.010012,0.908345,-1.25747,-0.157873,0.721525,-1.15897,0.0306027,0.486126,-0.940584,-0.0997484,0.586585,-1.1493,0.014375,0.854111,-1.02304,0.0754029,1.52263,0.547651,0.181078,3.61305,-4.35478,-0.702889,0.240821,5.00967,0.0361676,1.12176,1.04652,
-5.8036,-18.4015,6.34918,1.74049,9.34895,27.8516,-1.76807,10.3308,11.3147,-0.198833,-7.12849,4.52819,0,0,0,0,0,0,0,0,0,0,0,0,0.0110166,1.04106,-1.29092,0.0738926,0.35906,-1.46705,-0.0324669,0.423948,-1.31804,-0.00690176,0.931926,-1.23975,-0.0875175,0.750147,-1.132,0.113925,0.631791,-1.03081,-0.106662,0.694776,-0.942834,-0.00593764,0.853914,-1.13064,0.21346,1.33401,1.32853,0.256276,3.13959,-2.14353,-1.28481,2.53594,5.17879,0.139922,1.57656,0.817974,
-0.395306,-12.5449,0.017561,7.28356,11.3366,29.557,-6.09964,14.6365,31.5744,2.01998,-11.1909,4.95755,0,0,0,0,0,0,0,0,0,0,0,0,0.00678603,1.06386,-1.24563,0.0694915,0.431902,-1.5075,-0.0378429,0.503541,-1.37333,-0.0113377,0.971403,-1.22063,-0.0165829,0.856018,-1.17075,0.184854,0.734227,-1.01865,-0.16444,0.862104,-0.846367,0.0100138,0.818365,-1.10056,-0.494437,0.618779,2.27823,-0.521462,2.93963,-1.48346,-0.479555,2.82469,-1.43977,-0.469806,1.54101,0.914773,
0.627318,-8.57623,-9.14994,7.76758,15.1282,32.3968,-10.1484,15.7516,37.7199,1.20561,-10.031,-5.16462,0,0,0,0,0,0,0,0,0,0,0,0,-0.00240925,1.07148,-1.20215,0.0595989,0.482426,-1.53124,-0.046483,0.548986,-1.39073,-0.0197168,0.993992,-1.19845,-0.00215698,0.926861,-1.28921,0.188422,0.845222,-0.980033,-0.24113,0.912421,-0.728907,-0.00747859,0.842884,-1.2407,-0.340802,0.345548,2.42312,-0.379061,2.68087,-1.15569,-0.309571,2.35408,-0.733075,-0.29584,0.955587,1.57833,
2.06798,-1.88413,-10.8613,12.3801,12.3199,32.8115,-10.6132,12.0506,39.2592,0.685895,-7.29371,-18.9204,0,0,0,0,0,0,0,0,0,0,0,0,-0.0082334,1.07282,-1.19077,0.053537,0.538643,-1.55336,-0.0506218,0.596232,-1.40093,-0.0222751,1.00808,-1.16671,0.018008,1.01114,-1.46259,0.266748,0.844845,-0.987347,-0.251582,0.881317,-0.695809,-0.0139852,0.90443,-1.46837,-0.347055,-0.837966,-2.27165,-0.363064,2.51177,-0.933659,-0.244238,2.01616,-0.265192,-0.127751,0.884902,1.29395,
1.16421,-2.11667,-8.95944,15.863,11.1618,34.6938,-11.1867,10.3508,35.3497,-1.18284,-4.42017,-13.9684,0,0,0,0,0,0,0,0,0,0,0,0,-0.0126168,1.07762,-1.23543,0.0467183,0.582849,-1.56918,-0.055028,0.630099,-1.40257,-0.0198154,1.02139,-1.20447,0.00292674,1.04786,-1.61588,0.324229,0.864249,-0.965079,-0.264857,0.876778,-0.759212,-0.0254645,0.971782,-1.68186,-0.171842,0.266711,-6.64765,-0.3333,2.39734,-0.815704,-0.196617,1.78699,0.0193686,0.48452,0.939889,-6.8267,
1.2051,0.317141,-3.93179,14.2091,8.1482,33.0546,-10.9152,5.50625,32.7244,-1.21357,-1.32065,-4.38084,0,0,0,0,0,0,0,0,0,0,0,0,-0.0138138,1.06775,-1.40668,0.0420651,0.633967,-1.58263,-0.0574573,0.669424,-1.401,-0.00715003,1.01603,-1.40864,0.00539688,1.04758,-1.74327,0.297531,0.856858,-0.993986,-0.256884,0.831788,-0.805724,-0.0119159,0.96407,-1.83174,-0.082508,-0.792709,-8.10024,-0.0880445,2.28378,-0.377322,-0.0295664,1.90208,0.0088298,0.528581,-0.853909,-10.4944,
2.40404,-0.678405,-3.19739,11.6929,3.53437,33.7238,-10.0499,2.70497,29.8388,-1.57336,-0.357603,-2.62063,0,0,0,0,0,0,0,0,0,0,0,0,-0.0166244,1.04253,-1.5764,0.0423323,0.687803,-1.58551,-0.0566107,0.717704,-1.40134,0.00216464,0.977522,-1.62399,0.0221325,0.99806,-1.85576,0.257152,0.824468,-0.970789,-0.236769,0.83441,-0.858871,-0.0129427,0.91325,-1.94571,-0.151336,-0.981854,-6.75986,0.0678816,2.21235,0.0476084,0.0784405,2.06325,-0.00152643,0.412476,-1.76519,-8.37473,
2.29071,-1.87972,-1.91951,10.5321,0.85599,32.7248,-10.8469,1.70203,26.305,-1.65559,-1.98613,-2.16583,0,0,0,0,0,0,0,0,0,0,0,0,-0.0174017,1.02509,-1.67299,0.0440877,0.722624,-1.58251,-0.0547371,0.751164,-1.40101,0.00768203,0.947689,-1.74054,0.0255304,0.95203,-1.91186,0.240472,0.808324,-0.977706,-0.246679,0.851283,-0.921813,-0.011438,0.849074,-2.01592,0.0391972,-1.18825,-6.23248,0.14948,2.14305,0.299723,0.161183,2.11359,0.0281673,0.335549,-1.90983,-7.2111,
1.51693,-2.37763,0.395524,9.36254,-2.7397,31.1998,-10.9424,-1.73142,24.1976,-1.29205,-3.09476,0.352147,0,0,0,0,0,0,0,0,0,0,0,0,-0.0126693,0.990283,-1.79027,0.0483276,0.768516,-1.57189,-0.0502342,0.798537,-1.39997,0.0115091,0.899898,-1.87554,0.0255736,0.884116,-1.93151,0.225849,0.785428,-0.984055,-0.241642,0.838868,-0.958253,-0.0101922,0.762873,-2.04297,0.325791,-1.92308,-4.53552,0.22285,2.03881,0.628383,0.230512,2.19421,0.0536934,0.0547125,-2.46757,-5.31154,
1.49069,-3.22259,1.41576,8.93796,-6.28725,30.7049,-11.2069,-4.36233,22.3321,-1.30701,-3.82656,1.98408,0,0,0,0,0,0,0,0,0,0,0,0,-0.00499924,0.941489,-1.86165,0.0534803,0.811916,-1.55506,-0.0448756,0.846508,-1.39726,0.0118027,0.838872,-1.96002,0.0325127,0.79987,-1.91506,0.223504,0.76021,-0.969076,-0.240687,0.836807,-0.984171,-0.0119465,0.665458,-2.01874,0.318036,-2.53689,-2.41856,0.229636,1.91302,0.846835,0.242929,2.1271,0.215298,0.000446488,-3.1729,-2.89645,
1.60674,-4.20619,2.99222,8.70964,-8.15412,29.9592,-11.8832,-5.61524,21.7713,-1.64499,-4.49899,3.84194,0,0,0,0,0,0,0,0,0,0,0,0,-8.69749e-05,0.892825,-1.88961,0.0574341,0.845232,-1.53854,-0.0405805,0.883475,-1.39142,0.0115507,0.7786,-1.99301,0.0403261,0.713632,-1.85848,0.223477,0.755411,-0.961986,-0.248272,0.845955,-0.981755,-0.0191177,0.571184,-1.94919,0.342209,-3.13856,-0.711094,0.234834,1.78553,0.973074,0.255674,1.97314,0.422445,-0.0232111,-3.83826,-0.795601,
1.54972,-2.76088,5.52839,7.77318,-10.9262,26.5715,-11.9607,-6.60255,19.99,-1.72897,-2.56427,5.68058,0,0,0,0,0,0,0,0,0,0,0,0,0.00755088,0.814123,-1.88279,0.0624306,0.882632,-1.5158,-0.0350859,0.923951,-1.37854,0.00985926,0.6851,-1.98232,0.0473818,0.63354,-1.74292,0.210768,0.737299,-0.997553,-0.244827,0.859973,-0.99102,-0.025318,0.487635,-1.82694,0.356102,-3.98397,1.20251,0.214086,1.62936,1.07322,0.236066,1.7132,0.735417,-0.114322,-4.60907,1.59175,
1.092,-3.00354,5.70144,6.90641,-12.8374,25.3589,-11.0771,-7.77409,18.8076,-1.26297,-2.07707,6.1596,0,0,0,0,0,0,0,0,0,0,0,0,0.0128995,0.727944,-1.8459,0.0665475,0.920394,-1.48921,-0.0304208,0.962015,-1.35693,0.00723182,0.588884,-1.93798,0.0441,0.550588,-1.63235,0.196627,0.736725,-0.992103,-0.227042,0.867634,-0.97982,-0.0246007,0.419277,-1.70647,0.346684,-3.75058,3.3576,0.137772,1.51979,1.10124,0.146087,1.43506,1.07425,-0.271012,-4.0285,3.65174,
0.589296,-2.83306,5.12961,7.19704,-12.3025,24.4132,-10.9907,-8.37468,17.9205,-0.990155,-1.69968,6.45591,0,0,0,0,0,0,0,0,0,0,0,0,0.0177585,0.668446,-1.78145,0.0683336,0.944154,-1.47192,-0.0285853,0.982843,-1.33744,0.00343065,0.526794,-1.8683,0.0381953,0.487112,-1.525,0.202272,0.767994,-0.993181,-0.225273,0.869231,-0.967647,-0.0221038,0.36568,-1.57503,0.297073,-3.96684,4.98636,0.0941965,1.45202,1.06536,0.0960548,1.18111,1.34351,-0.230133,-3.97866,5.37449,
-0.123364,-1.68677,5.01254,6.96248,-13.7394,22.1698,-10.808,-9.46035,13.0793,-1.0426,1.85729,4.98587,0,0,0,0,0,0,0,0,0,0,0,0,0.0209264,0.571909,-1.64952,0.0700381,0.978043,-1.4472,-0.0267191,1.00632,-1.30018,0.00075884,0.435214,-1.72032,0.0180524,0.415479,-1.3832,0.198564,0.773708,-1.01152,-0.220936,0.861284,-1.00635,-0.0179677,0.354783,-1.42519,-0.0192804,-3.84272,5.35256,0.0591442,1.38943,0.996059,0.0700334,0.824054,1.71185,0.00702053,-3.48945,6.24795,
-1.30094,3.16217,6.37235,5.39461,-11.4928,19.7517,-9.72704,-10.846,11.1848,-0.293685,6.28086,6.96144,0,0,0,0,0,0,0,0,0,0,0,0,0.0184291,0.509622,-1.55972,0.0711316,1.00297,-1.42956,-0.0253954,1.01975,-1.26783,0.00226801,0.385212,-1.61889,-0.010801,0.447893,-1.24161,0.171318,0.839043,-1.03849,-0.199808,0.84519,-1.0037,-0.00172982,0.418659,-1.27599,-0.170398,-3.64291,6.17985,0.064235,1.37595,0.975942,0.0746262,0.691658,1.85688,0.0410024,-2.46739,6.61,
-0.853808,6.32658,3.19225,3.02214,-10.5561,17.3037,-7.00863,-11.7893,9.60499,-0.270662,11.7684,5.48308,0,0,0,0,0,0,0,0,0,0,0,0,0.00834056,0.44441,-1.41814,0.0721336,1.03389,-1.40869,-0.0240089,1.03407,-1.22569,0.00372488,0.355137,-1.46742,-0.0320912,0.491649,-1.14277,0.127387,0.889345,-1.06424,-0.150154,0.839983,-0.986676,0.00275111,0.560384,-1.13267,-0.761077,-2.07133,6.64055,0.00933172,1.44799,0.911472,0.039245,0.619037,1.96702,0.120614,-0.266591,7.1823,
-3.77311,0.482651,17.7231,2.25377,-10.448,15.048,-3.17551,-10.9383,5.94396,0.271536,11.9767,24.5908,0,0,0,0,0,0,0,0,0,0,0,0,-0.00620351,0.439792,-1.34655,0.0714322,1.06088,-1.39312,-0.023804,1.04439,-1.18909,0.00714724,0.375789,-1.36723,-0.080529,0.550729,-1.11191,0.109021,0.918957,-1.09065,-0.0834143,0.859399,-1.00851,0.011098,0.690359,-0.949603,-0.174885,3.12162,-2.67662,-0.103541,1.46792,0.882078,-0.0572553,0.424346,2.21537,-0.0301371,2.95818,-0.900664,
-7.32777,1.06051,19.5464,-1.09622,-10.5669,4.86473,-0.226109,-10.3307,-2.33542,1.79129,14.8904,34.5529,0,0,0,0,0,0,0,0,0,0,0,0,-0.00831948,0.50231,-1.39328,0.0699036,1.08886,-1.36984,-0.0247824,1.04703,-1.13269,0.00595329,0.43921,-1.41471,-0.142095,0.605456,-1.0888,0.0498435,0.931232,-1.23937,-0.028871,0.854938,-1.08169,0.0382544,0.79072,-0.829108,-0.0165951,2.56251,-1.55533,-0.00393501,1.05418,1.28383,0.000686787,-0.130283,2.856,-0.008182,2.46809,-1.30252,
-8.93781,3.01281,19.7383,-3.823,-10.9123,-10.0386,2.75524,-5.87055,-17.4134,5.32607,18.8344,38.6842,0,0,0,0,0,0,0,0,0,0,0,0,-0.00731366,0.555204,-1.42183,0.0708036,1.10747,-1.33771,-0.0244976,1.03816,-1.06549,0.00640957,0.48728,-1.43246,-0.1678,0.685134,-1.10128,0.0027839,0.93229,-1.46998,0.0249615,0.914227,-1.28302,0.103724,0.894581,-0.745749,0.0617126,2.29629,-1.17128,0.0455102,0.709766,1.53559,-0.0194383,-0.525287,3.0274,0.0145695,1.98177,-0.50842,
-9.84328,2.71998,21.0834,-3.88496,-7.86294,-12.2483,2.48555,-2.18909,-12.8209,7.93288,20.3123,41.2033,0,0,0,0,0,0,0,0,0,0,0,0,-0.00563168,0.595249,-1.44286,0.0684879,1.11389,-1.33119,-0.0255415,1.03101,-1.07851,0.00690254,0.51933,-1.43738,-0.180183,0.716469,-1.1003,-0.0200497,0.951636,-1.62403,0.021059,0.982728,-1.50181,0.152967,0.941621,-0.69199,0.134968,2.19286,-1.24598,-0.547001,-0.589378,-2.14307,0.0430456,-0.259096,-5.81167,0.055926,1.61874,-0.114817,
-14.402,-0.0799751,27.0581,-3.14434,-8.101,-5.80455,1.92529,-1.24343,-4.67661,11.8405,22.4302,43.0925,0,0,0,0,0,0,0,0,0,0,0,0,-0.000956512,0.647245,-1.47405,0.0515437,1.10188,-1.42313,-0.0191606,1.00871,-1.27595,0.00907141,0.553795,-1.43555,-0.254229,0.716452,-1.02491,-0.0380471,0.918989,-1.73036,0.0265227,0.947187,-1.66343,0.228555,1.00475,-0.645117,0.262254,2.15907,-1.30847,-0.990637,-1.08788,-6.16284,0.326273,-1.18897,-9.24153,0.128371,1.31797,0.211999,
-15.5781,-1.62451,29.9545,-1.05879,-2.28498,-3.82836,1.30056,-0.946487,-4.24547,12.3085,19.5086,42.0396,0,0,0,0,0,0,0,0,0,0,0,0,0.00569574,0.694499,-1.49938,0.0238494,1.03784,-1.54409,-0.0100593,0.973103,-1.43425,0.0124081,0.582796,-1.42957,-0.268186,0.734506,-0.985416,-0.0360533,0.874222,-1.80724,0.023664,0.91073,-1.76976,0.240819,0.983187,-0.657032,0.28586,2.12494,-0.936806,-1.24215,-3.72992,-5.91382,0.307899,-1.38001,-7.89306,0.141164,1.39608,0.249901,
-14.7485,-3.27024,30.033,-0.491136,-1.95071,-1.51239,1.36522,-1.91996,-1.34018,12.4316,17.489,38.8428,0,0,0,0,0,0,0,0,0,0,0,0,0.00927792,0.727811,-1.51032,0.00685552,0.973928,-1.63836,-0.00629182,0.949499,-1.55796,0.0139451,0.606745,-1.4262,-0.25341,0.735103,-0.97982,-0.0309482,0.803189,-1.85912,0.023876,0.861103,-1.83201,0.241644,0.976109,-0.713871,0.167025,2.03962,-0.475372,-0.88226,-4.13328,-5.90534,0.163337,-1.63434,-7.62904,0.0510179,1.57004,0.186356,
-13.0438,-5.46284,28.5297,-0.527498,-1.74384,0.117162,1.31261,-2.49004,0.70341,11.5013,14.0587,36.0903,0,0,0,0,0,0,0,0,0,0,0,0,0.011197,0.771059,-1.51305,-0.00522933,0.882453,-1.74706,-0.00296614,0.905128,-1.69503,0.0138484,0.644255,-1.42297,-0.225025,0.734089,-0.989156,-0.0235066,0.715529,-1.8827,0.0254235,0.785185,-1.85324,0.22153,0.95941,-0.763149,0.0286739,1.90526,0.157971,-0.265417,-4.13165,-4.2098,0.13823,-2.28157,-5.22507,-0.0438148,1.81938,0.110933,
-11.6393,-8.10319,25.8653,-0.596047,-3.62497,1.28066,1.56174,-4.05808,1.99666,11.0746,11.2062,33.4787,0,0,0,0,0,0,0,0,0,0,0,0,0.0103548,0.814779,-1.50157,-0.0068281,0.792013,-1.81823,-0.000262207,0.84694,-1.78035,0.011665,0.690524,-1.42053,-0.203852,0.724617,-1.00822,-0.0162179,0.605569,-1.86767,0.0305646,0.685068,-1.82691,0.208836,0.958895,-0.807649,-0.0789228,1.74682,0.705242,0.0442276,-3.68303,-2.22217,0.074298,-2.69161,-2.53201,-0.127883,1.97454,0.127724,
-9.87257,-9.14038,24.2126,-0.730442,-6.42035,2.93822,1.46069,-5.35898,4.00346,11.2734,11.044,30.7831,0,0,0,0,0,0,0,0,0,0,0,0,0.00885999,0.841802,-1.48794,-0.00516392,0.734534,-1.84261,0.00101575,0.80144,-1.80717,0.00943906,0.722267,-1.41773,-0.173827,0.729289,-1.01706,-0.0149582,0.488854,-1.81447,0.0324961,0.594745,-1.75931,0.209851,0.9872,-0.850292,-0.0973519,1.6401,0.936639,0.106532,-3.94003,-0.77248,0.150404,-3.33847,-0.761733,-0.139283,1.9596,0.236533,
-8.71999,-11.9959,20.061,-0.7248,-5.02024,5.61302,1.1106,-4.08369,5.7941,10.4608,6.93936,26.3561,0,0,0,0,0,0,0,0,0,0,0,0,0.00671708,0.879464,-1.4623,-0.00101423,0.634794,-1.84213,0.00467455,0.71353,-1.80196,0.00634878,0.768513,-1.40974,-0.154064,0.711017,-1.05954,-0.00910349,0.390271,-1.70377,0.0320904,0.504934,-1.64693,0.193201,0.957027,-0.917316,-0.0683078,1.51737,1.16128,0.155495,-4.68249,1.10949,0.220709,-4.10506,1.51821,-0.102166,1.90495,0.403943,
-8.26004,-14.5779,16.3241,-0.694021,-2.89377,7.78374,1.23855,-3.0731,6.36557,9.27565,3.56817,22.5807,0,0,0,0,0,0,0,0,0,0,0,0,0.00598957,0.903302,-1.44297,0.00153262,0.556177,-1.8116,0.00797415,0.645695,-1.76504,0.00514578,0.798784,-1.40257,-0.145186,0.686242,-1.10636,-0.0080924,0.327988,-1.56143,0.0386326,0.437787,-1.5286,0.17202,0.924393,-0.975728,-0.0303409,1.46643,1.21616,0.0914693,-5.36478,3.31976,0.248705,-4.64546,3.68792,-0.0542131,1.85576,0.497445,
-7.54874,-19.0299,11.7874,-0.903761,2.07166,7.21225,1.03775,0.79314,4.597,7.3706,-0.810028,19.2723,0,0,0,0,0,0,0,0,0,0,0,0,0.00568492,0.938144,-1.41477,0.0037145,0.426654,-1.69288,0.0122769,0.531594,-1.64748,0.00446194,0.841832,-1.38909,-0.131778,0.639765,-1.16419,-0.00877883,0.300899,-1.37851,0.034328,0.398401,-1.39494,0.137972,0.884194,-1.01906,-0.00651538,1.45506,1.10807,0.120349,-4.99345,5.59874,0.0972544,-4.51042,5.16282,-0.0152966,1.7444,0.599773,
-6.75692,-20.9263,6.7497,-0.300154,7.54988,10.2693,-0.229577,5.77849,4.55173,3.96346,-3.27748,17.093,0,0,0,0,0,0,0,0,0,0,0,0,0.00530679,0.970532,-1.39278,0.00590746,0.338544,-1.56527,0.0121529,0.448922,-1.53935,0.00400491,0.878567,-1.37477,-0.11876,0.638472,-1.24113,-0.000341088,0.363647,-1.14384,0.00643098,0.443319,-1.26968,0.0748957,0.870085,-1.04018,-0.0370741,1.47944,0.883801,-0.0241755,-3.42734,7.17189,-0.0472945,-3.38148,5.71135,-0.0358137,1.56165,0.727649,
-5.2503,-20.3123,4.1281,-0.629919,9.80219,10.0656,-1.27219,10.0852,4.24055,1.19377,-2.88702,16.3045,0,0,0,0,0,0,0,0,0,0,0,0,0.00402077,0.997671,-1.37926,0.00485014,0.297051,-1.43327,0.00816535,0.406145,-1.44619,0.00265453,0.904827,-1.36052,-0.0951715,0.678367,-1.28285,-0.0118192,0.425717,-0.948395,-0.0277268,0.538547,-1.18315,0.0202808,0.897377,-1.03656,-0.114043,1.52808,0.65233,-0.159386,-1.51419,9.22368,-0.389935,-1.55728,5.68161,-0.124627,1.37629,0.840779,
-6.55905,-18.0062,3.9394,-1.74408,6.1331,31.5768,-4.19328,10.0554,5.08862,-4.32062,-4.83136,12.3474,0,0,0,0,0,0,0,0,0,0,0,0,0.00849343,1.03071,-1.36089,0.00964655,0.361203,-1.47582,0.0012214,0.405583,-1.33903,0.00671651,0.935173,-1.33919,-0.0960539,0.750987,-1.2539,-0.00696648,0.576177,-0.97676,-0.0864663,0.63397,-1.09201,-0.0579077,0.895038,-1.08123,0.449415,1.4562,1.08057,0.461312,3.16136,-2.29369,-0.349746,1.39217,4.72095,0.425718,1.45774,1.02266,
0.184679,-13.0152,0.994007,6.06044,9.86263,30.3617,-5.46436,12.9854,23.0671,-4.14845,-7.15286,9.34039,0,0,0,0,0,0,0,0,0,0,0,0,0.0138469,1.0568,-1.32826,0.0143858,0.426806,-1.512,0.00316518,0.466842,-1.35405,0.0128466,0.967437,-1.31548,0.0120976,0.849186,-1.24901,0.117672,0.700824,-1.00505,-0.0995086,0.793698,-0.982943,-0.0649865,0.884945,-1.10975,-0.15605,0.886779,1.86944,-0.210946,2.89352,-1.3774,-0.101497,2.77313,-1.47558,-0.0735388,1.45321,1.09725,
1.40285,-10.1967,-5.76673,7.82444,12.7185,32.1528,-8.28959,14.1598,30.9432,-4.27515,-6.50866,-0.780513,0,0,0,0,0,0,0,0,0,0,0,0,0.00852584,1.06911,-1.29049,0.00789638,0.477047,-1.53277,-0.00097825,0.512885,-1.37312,0.00934412,0.991251,-1.29289,0.0277035,0.903467,-1.32331,0.14201,0.796526,-0.978688,-0.156224,0.852237,-0.840868,-0.0719627,0.911528,-1.25974,-0.19338,0.603559,2.20077,-0.248993,2.69602,-0.932402,-0.138281,2.50256,-0.927492,-0.109292,1.17995,1.44666,
3.0472,-6.14688,-14.5042,12.9385,11.7156,34.8848,-11.999,15.5581,36.5775,-4.69194,-8.31013,-13.2355,0,0,0,0,0,0,0,0,0,0,0,0,0.00690726,1.07651,-1.25277,0.00383074,0.534126,-1.54856,-0.00277716,0.566402,-1.39045,0.00813089,1.01427,-1.2575,0.0596426,0.980995,-1.46766,0.230398,0.830685,-0.934594,-0.225528,0.926724,-0.747253,-0.0806554,0.896571,-1.44474,-0.0815317,0.496286,1.492,-0.265202,2.55286,-0.620267,-0.140155,2.36647,-0.667759,-0.106283,1.02028,1.63191,
2.40285,-3.01872,-8.15459,16.3402,9.86116,30.6014,-13.5145,11.3028,39.324,-2.03778,-6.86335,-11.9178,0,0,0,0,0,0,0,0,0,0,0,0,0.00749431,1.08241,-1.30352,-0.00377931,0.593936,-1.55994,-0.00726601,0.622244,-1.40417,-0.00381578,1.0338,-1.289,0.0612092,1.01787,-1.62868,0.284025,0.852623,-1.01329,-0.258652,0.904298,-0.706736,-0.0765596,0.897671,-1.66002,0.306369,-0.295093,-5.40514,-0.283866,2.42589,-0.297582,-0.173204,2.33902,-0.536061,-1.09063,-0.34665,-4.71596,
1.40044,-1.33322,-5.38914,16.8113,6.24801,28.173,-14.8704,10.0108,36.8566,-0.562662,-3.44064,-6.55652,0,0,0,0,0,0,0,0,0,0,0,0,0.0152168,1.06481,-1.40106,-0.00775273,0.631921,-1.56284,-0.00969709,0.659208,-1.41138,-0.0235925,1.01043,-1.38767,0.0556381,1.00037,-1.74551,0.290083,0.822045,-1.05553,-0.285069,0.914739,-0.752584,-0.0704467,0.886861,-1.78531,0.457072,-1.22843,-7.53084,-0.239069,2.33822,-0.15036,-0.152819,2.24634,-0.346118,-1.11907,-1.86425,-8.5076,
1.46845,-1.09441,-1.56595,14.3489,1.25785,29.0813,-12.034,6.66132,33.6189,-0.121164,0.753729,-0.660931,0,0,0,0,0,0,0,0,0,0,0,0,0.0243579,1.02471,-1.57732,-0.0128552,0.686744,-1.56477,-0.01342,0.711028,-1.41552,-0.0436702,0.942422,-1.59149,0.0597013,0.941766,-1.82654,0.24178,0.783328,-1.03679,-0.237649,0.901388,-0.806054,-0.0636954,0.84837,-1.85764,0.264133,-1.92629,-6.74506,-0.191061,2.25234,-0.0236923,-0.165907,2.11584,-0.0546094,-0.544565,-3.29254,-7.76522,
1.73649,-1.49195,-1.30365,12.7153,-1.8281,29.4265,-12.2165,6.2008,29.0007,-0.858099,-0.754433,-0.724898,0,0,0,0,0,0,0,0,0,0,0,0,0.0280423,0.992144,-1.66498,-0.0153802,0.722363,-1.5639,-0.015827,0.744678,-1.41523,-0.048821,0.890889,-1.69144,0.0662949,0.896212,-1.86227,0.212077,0.761067,-1.02463,-0.241414,0.925952,-0.886042,-0.0671509,0.778979,-1.89511,0.204113,-2.10239,-5.30413,-0.113948,2.19821,0.129709,-0.105986,2.09403,0.0581475,-0.0833585,-3.00035,-5.82056,
1.53642,-1.60696,1.1171,10.8408,-4.65763,29.084,-11.7616,2.85637,26.1818,-1.04792,-1.58116,1.37685,0,0,0,0,0,0,0,0,0,0,0,0,0.0334538,0.936711,-1.77136,-0.016228,0.773855,-1.5568,-0.0166556,0.795755,-1.41334,-0.0472692,0.823741,-1.80315,0.06951,0.827621,-1.86388,0.181538,0.758031,-1.01333,-0.230332,0.919518,-0.935261,-0.0650522,0.704425,-1.89357,0.248151,-2.44055,-3.44782,0.0202079,2.10407,0.448245,0.00520459,2.1948,0.0624108,0.0388066,-2.76734,-3.52783,
1.81518,-2.60137,2.35985,9.27967,-8.24404,27.2678,-12.1165,0.233061,24.6664,-1.23466,-2.66635,2.65781,0,0,0,0,0,0,0,0,0,0,0,0,0.0390893,0.880704,-1.81997,-0.0148962,0.818945,-1.54365,-0.0157974,0.844896,-1.41171,-0.0468807,0.762478,-1.85148,0.0799429,0.746321,-1.82312,0.156613,0.734563,-1.02464,-0.233963,0.922658,-0.959981,-0.0685577,0.620505,-1.84652,0.23987,-2.66096,-1.40721,0.0851844,2.00168,0.709853,0.0652339,2.24658,0.0991168,0.0235681,-2.85677,-1.32496,
1.81078,-4.10014,4.04642,9.19419,-10.0639,26.9067,-12.0358,-1.20229,24.748,-1.68733,-3.87757,4.45436,0,0,0,0,0,0,0,0,0,0,0,0,0.0424474,0.838753,-1.83241,-0.0135416,0.850308,-1.53116,-0.0146784,0.880454,-1.4092,-0.0462805,0.718041,-1.86211,0.0852697,0.668021,-1.75638,0.156247,0.73015,-1.01542,-0.231358,0.929465,-0.951665,-0.076621,0.54654,-1.77268,0.302471,-2.93894,0.0750674,0.0800966,1.91957,0.810607,0.065756,2.16551,0.231453,0.0103346,-3.08609,0.257946,
1.15534,-2.4834,3.71679,9.65113,-13.6825,25.319,-11.9943,-3.45631,22.9997,-1.83542,-1.90834,3.75448,0,0,0,0,0,0,0,0,0,0,0,0,0.0514179,0.755664,-1.79975,-0.0124396,0.894684,-1.51105,-0.0138111,0.928849,-1.39932,-0.0477594,0.632746,-1.82279,0.083813,0.588147,-1.66438,0.163612,0.704533,-1.02257,-0.23137,0.927588,-0.962459,-0.0835723,0.47513,-1.67625,0.347994,-3.73889,2.0716,0.0176287,1.79119,0.85975,0.0158642,1.88165,0.570918,-0.0746074,-3.75585,2.39162,
0.830731,-2.09456,4.55969,9.35819,-13.5843,24.7273,-11.5193,-4.48956,22.5602,-1.78972,-1.8369,4.93202,0,0,0,0,0,0,0,0,0,0,0,0,0.0551909,0.699053,-1.76607,-0.0123845,0.922691,-1.49695,-0.0136636,0.957392,-1.38832,-0.0487548,0.576979,-1.78464,0.079108,0.537316,-1.58163,0.157875,0.731506,-1.01815,-0.22286,0.930797,-0.951982,-0.085635,0.423991,-1.58436,0.269285,-3.77833,3.10241,0.00339182,1.70509,0.892631,0.0075135,1.68158,0.799163,-0.132605,-3.65413,3.3796,
0.1434,-1.40339,4.19975,9.11612,-14.4762,22.8723,-11.4689,-5.65057,18.8077,-1.43816,0.590108,4.03689,0,0,0,0,0,0,0,0,0,0,0,0,0.0590453,0.608284,-1.6728,-0.012236,0.961937,-1.47523,-0.0132587,0.993111,-1.36418,-0.0517423,0.490416,-1.68276,0.0623506,0.467925,-1.46922,0.153758,0.750663,-1.02954,-0.220817,0.933923,-0.9838,-0.0803995,0.39221,-1.46845,0.0213292,-3.50908,3.8871,0.00752065,1.58673,0.911561,0.0295349,1.33068,1.17402,-0.076658,-3.32858,4.30537,
-1.147,1.33984,5.60085,6.90078,-13.4584,19.0975,-9.22889,-6.88253,13.3525,-0.665513,3.77122,5.15039,0,0,0,0,0,0,0,0,0,0,0,0,0.057443,0.539061,-1.58649,-0.0117259,0.99597,-1.45487,-0.012038,1.01953,-1.33527,-0.0527033,0.430109,-1.59102,0.032356,0.459297,-1.32855,0.115098,0.80077,-1.07687,-0.17726,0.930423,-1.04602,-0.0662635,0.418199,-1.33692,-0.129327,-3.18157,4.77012,0.0413932,1.51242,0.940196,0.0787129,1.10095,1.42013,-0.0446079,-2.45902,4.90261,
-1.90337,6.52411,9.36138,5.32478,-9.31818,16.1318,-7.09175,-7.85657,13.4099,-0.337159,9.6141,9.59169,0,0,0,0,0,0,0,0,0,0,0,0,0.0520211,0.493721,-1.5208,-0.0105403,1.02297,-1.43787,-0.010022,1.03821,-1.30849,-0.0519824,0.399838,-1.52296,0.0044838,0.540643,-1.22006,0.0889899,0.902608,-1.11369,-0.134496,0.928384,-1.01498,-0.0561909,0.535786,-1.2186,-0.395102,-2.19079,3.98858,0.0829932,1.49907,0.94354,0.136482,1.00881,1.51856,0.0587179,-1.18721,3.97108,
-2.05638,3.81369,4.07555,3.54761,-8.45038,13.6999,-5.34047,-8.50807,10.7179,-1.04928,9.90287,15.2018,0,0,0,0,0,0,0,0,0,0,0,0,0.036963,0.462336,-1.39064,-0.00920669,1.0569,-1.41777,-0.00681071,1.05975,-1.27415,-0.0509881,0.401275,-1.40857,-0.0297639,0.524474,-1.11608,0.0595812,0.953435,-1.14155,-0.0968126,0.931561,-1.02356,-0.0646449,0.667704,-1.15076,-0.896441,-0.220065,6.12536,0.130959,1.53333,0.828764,0.216872,0.809726,1.70251,0.165639,2.6393,-0.567984,
-4.90996,-1.13469,21.1701,3.31386,-10.264,11.4377,-0.7207,-9.0195,4.19041,1.93783,13.0459,27.8018,0,0,0,0,0,0,0,0,0,0,0,0,0.0302148,0.510924,-1.39158,-0.00681227,1.08921,-1.40132,-0.0030627,1.06992,-1.2293,-0.0480057,0.462713,-1.45185,-0.0604986,0.588911,-1.09227,0.0511376,0.948289,-1.16734,-0.0172248,0.912748,-1.07606,-0.0145687,0.78337,-0.994226,-0.0440426,3.0133,-2.61564,-0.0703451,1.39646,0.794908,-0.0323414,0.208265,2.35434,-0.0548887,2.55015,-1.46237,
-8.74477,-0.760044,22.4164,-0.271552,-12.4034,-0.715137,0.301164,-11.1249,-7.67175,4.62402,16.4831,35.6548,0,0,0,0,0,0,0,0,0,0,0,0,0.0284863,0.570116,-1.43163,-0.00900436,1.11591,-1.37826,-0.00512684,1.07093,-1.17221,-0.0501871,0.515864,-1.47676,-0.128998,0.639689,-1.07162,-0.013093,0.92345,-1.3477,0.000833455,0.867342,-1.22266,0.0345603,0.89068,-0.855954,0.0461758,2.5481,-1.4532,0.0259314,1.01014,1.33116,0.0148067,-0.0402734,2.72057,0.0206038,2.29544,-0.839037,
-10.2076,0.973315,22.317,-2.32035,-12.3791,-15.2418,1.83393,-7.7495,-18.1784,8.45279,21.0362,41.2322,0,0,0,0,0,0,0,0,0,0,0,0,0.0308923,0.614301,-1.45448,-0.00710251,1.13112,-1.35132,-0.00426057,1.06828,-1.13345,-0.0486061,0.554465,-1.48723,-0.150106,0.709654,-1.0875,-0.045908,0.930663,-1.5787,0.0287845,0.920469,-1.42786,0.107482,1.00203,-0.750314,0.140377,2.37283,-1.18508,0.10336,0.752145,1.51983,-0.00913931,-0.21118,1.10314,0.0733771,1.98894,-0.389834,
-12.7282,-1.01636,23.3253,-2.85768,-10.7363,-13.6564,1.40638,-5.25662,-12.8348,12.7775,22.6954,42.1803,0,0,0,0,0,0,0,0,0,0,0,0,0.0337446,0.664031,-1.47917,-0.00639958,1.14528,-1.34304,-0.00603128,1.05462,-1.1605,-0.0481371,0.592569,-1.4899,-0.191499,0.717724,-1.09245,-0.0613985,0.953857,-1.71464,0.0168608,0.941061,-1.60346,0.185629,1.05505,-0.720045,0.188793,2.20526,-1.14192,-0.0929212,0.115516,-3.76762,-0.081841,-0.549494,-6.40439,0.044241,1.52289,0.089942,
-15.4439,-3.55668,25.3173,-1.82265,-6.0203,-4.53681,1.28558,-3.52282,-5.21546,13.5826,20.649,40.1041,0,0,0,0,0,0,0,0,0,0,0,0,0.0383624,0.703209,-1.49931,-0.0134665,1.1117,-1.46531,-0.00524907,1.02983,-1.31916,-0.0463588,0.617905,-1.48577,-0.232712,0.709353,-1.07377,-0.0646466,0.89883,-1.81471,0.0201909,0.901644,-1.73981,0.205367,1.03852,-0.747148,0.297131,2.16367,-1.06275,-0.55125,-3.15987,-8.15574,0.0631213,-1.95971,-9.95582,0.145751,1.38058,0.289015,
-14.6338,-5.3226,26.602,-1.01101,-2.14554,-2.38723,1.4162,-1.68725,-1.73201,12.9636,17.2095,38.233,0,0,0,0,0,0,0,0,0,0,0,0,0.0444603,0.750313,-1.51815,-0.0260322,1.01422,-1.62844,-0.0035515,0.968324,-1.51796,-0.0429369,0.650324,-1.48003,-0.214688,0.722697,-1.05557,-0.0605783,0.810975,-1.89853,0.023125,0.832886,-1.83015,0.196701,1.01537,-0.778628,0.211475,2.11319,-0.644503,-0.493905,-5.0184,-6.92632,0.0283372,-3.20103,-8.57671,0.120305,1.59321,0.191161,
-13.0827,-7.49184,25.6399,-1.10957,-1.54197,-0.921529,1.8231,-1.98967,0.0813904,11.8661,14.0747,36.0373,0,0,0,0,0,0,0,0,0,0,0,0,0.0473538,0.800014,-1.52634,-0.0326493,0.894659,-1.76656,-0.00317932,0.886529,-1.68193,-0.0415319,0.692646,-1.47768,-0.188455,0.730357,-1.06349,-0.0554136,0.709168,-1.95085,0.0301195,0.738499,-1.87204,0.174747,1.01019,-0.820991,0.0628934,2.03373,-0.101716,-0.0791471,-4.81112,-5.11888,0.00462706,-3.41779,-5.85427,0.0162643,1.88339,0.0446926,
-11.731,-10.1011,24.3681,-1.05616,-4.12449,0.967453,1.95611,-4.11406,2.27853,11.3433,12.5325,32.8029,0,0,0,0,0,0,0,0,0,0,0,0,0.0477868,0.832022,-1.5252,-0.0331164,0.823657,-1.83306,-0.00274715,0.83377,-1.75524,-0.0416982,0.723938,-1.47718,-0.165233,0.712895,-1.07636,-0.0524356,0.604322,-1.94034,0.0352005,0.645936,-1.84219,0.163688,1.01664,-0.879404,0.00829212,1.97174,0.176958,-0.00355294,-4.4105,-3.81545,0.0727812,-3.45379,-3.92243,-0.0261588,1.98127,0.041682,
-10.9835,-13.6883,23.1093,-0.946089,-4.97836,3.73732,1.85379,-4.36915,4.64865,11.4219,9.84673,31.2521,0,0,0,0,0,0,0,0,0,0,0,0,0.0475085,0.874317,-1.51751,-0.0326716,0.731484,-1.89539,0.00036606,0.757197,-1.81438,-0.042727,0.768243,-1.47553,-0.15315,0.686786,-1.08159,-0.0495069,0.498821,-1.8801,0.0426634,0.553872,-1.76821,0.162948,1.01365,-0.903751,-0.029291,1.87448,0.481391,0.0111941,-4.34341,-1.60906,0.262535,-3.78539,-1.17182,-0.0609843,2.02815,0.108785,
-9.4891,-17.0531,20.5338,-0.893701,-3.67712,5.10905,1.56753,-2.40519,5.02761,11.3358,6.40451,28.4555,0,0,0,0,0,0,0,0,0,0,0,0,0.0463247,0.91758,-1.50259,-0.0327835,0.616881,-1.89649,0.00854006,0.655446,-1.80034,-0.0446694,0.816399,-1.47122,-0.128159,0.664541,-1.10546,-0.0479591,0.38561,-1.77204,0.0478327,0.465847,-1.65524,0.158338,0.997379,-0.9456,-0.0597349,1.7422,0.726685,0.0328015,-5.02378,0.964395,0.32976,-4.4571,1.64039,-0.0946907,1.97191,0.251888,
-8.94497,-19.7948,17.5701,-0.887612,-2.67153,7.27348,1.70584,-1.84753,6.26863,10.5625,3.64641,24.8292,0,0,0,0,0,0,0,0,0,0,0,0,0.0453557,0.948134,-1.48815,-0.0312979,0.530088,-1.86678,0.0132703,0.579848,-1.76171,-0.0463971,0.851181,-1.46538,-0.118322,0.642432,-1.14146,-0.0462755,0.312855,-1.6302,0.0554099,0.40143,-1.52922,0.143157,0.978269,-1.00024,-0.0318274,1.65619,0.832158,0.0354711,-5.15349,3.18772,0.339911,-4.42526,3.6212,-0.0761386,1.85744,0.418804,
-8.29359,-23.3465,14.1023,-0.511728,1.73118,6.88222,1.27079,1.63511,4.33596,8.92297,-0.229236,21.7317,0,0,0,0,0,0,0,0,0,0,0,0,0.0450289,0.983545,-1.4694,-0.0305372,0.418706,-1.7677,0.0200233,0.485997,-1.66005,-0.0478263,0.889791,-1.45362,-0.106184,0.610563,-1.18505,-0.0391039,0.289418,-1.45839,0.0524013,0.38104,-1.40376,0.112274,0.940272,-1.03819,-0.012848,1.5736,0.854002,0.0225344,-4.91223,5.62772,0.283336,-4.11542,5.42213,-0.0652505,1.66985,0.620726,
-7.31037,-23.8358,10.9126,-0.778376,7.03749,8.73357,0.264786,5.73019,4.89091,6.70582,-1.65266,20.9124,0,0,0,0,0,0,0,0,0,0,0,0,0.0446786,1.0084,-1.45585,-0.0293618,0.351834,-1.68094,0.0225521,0.430721,-1.58168,-0.0491336,0.915421,-1.44267,-0.0892139,0.625105,-1.23014,-0.042457,0.353365,-1.30187,0.0317669,0.431089,-1.30884,0.069708,0.935239,-1.03772,-0.0298445,1.53031,0.834037,0.0322978,-3.86295,6.73067,0.134458,-3.1722,5.61953,-0.0941853,1.52369,0.755222,
-6.98674,-22.9191,5.65533,-0.910843,11.2516,11.149,-0.912187,9.51562,4.89203,4.19168,-1.9107,19.1108,0,0,0,0,0,0,0,0,0,0,0,0,0.0431879,1.04457,-1.43701,-0.0282749,0.291588,-1.52288,0.0217944,0.381894,-1.45999,-0.0525545,0.948414,-1.42155,-0.0871402,0.676748,-1.30979,-0.0454772,0.459122,-1.08701,-0.00194677,0.526888,-1.21014,0.0171693,0.954645,-1.04188,-0.100725,1.49371,0.745568,-0.0196004,-1.13177,7.12448,-0.218655,-0.856095,4.91634,-0.198262,1.2519,0.983715,
-7.6688,-19.8753,5.28517,-1.15612,7.31127,30.9879,-4.05481,9.16667,2.64165,-2.20954,-4.21945,14.9153,0,0,0,0,0,0,0,0,0,0,0,0,0.0455666,1.07644,-1.41685,-0.0248245,0.348789,-1.55552,0.0168138,0.395099,-1.35402,-0.052364,0.975457,-1.39703,-0.0831629,0.760705,-1.28307,-0.0339779,0.589191,-1.08428,-0.0651495,0.625339,-1.14515,-0.084634,0.941172,-1.0871,0.327043,1.39437,1.15162,0.362603,3.2838,-2.81653,-0.251761,1.94252,4.91446,0.241495,1.29652,1.18374,
-2.37262,-14.9794,4.26371,4.73263,11.3112,30.0198,-5.23945,12.7138,20.4786,-2.85496,-4.8072,12.9461,0,0,0,0,0,0,0,0,0,0,0,0,0.0486512,1.09546,-1.39488,-0.0219028,0.399143,-1.59277,0.0197441,0.445159,-1.39029,-0.0493542,0.995005,-1.37616,0.00480514,0.85627,-1.26414,0.0625971,0.706253,-1.11456,-0.0753813,0.767101,-1.07051,-0.101049,0.948154,-1.09784,-0.0216203,1.01318,1.6262,-0.047296,3.09993,-2.06578,0.00419737,2.77389,-1.60595,0.00651347,1.2391,1.31192,
-0.978104,-14.1467,-1.53803,6.34644,11.5526,31.1289,-7.15986,12.1653,26.3434,-2.86873,-6.12152,3.43199,0,0,0,0,0,0,0,0,0,0,0,0,0.0435089,1.11346,-1.34666,-0.0277502,0.471822,-1.63365,0.0154127,0.506309,-1.41495,-0.053297,1.0232,-1.34155,0.0211735,0.876401,-1.30078,0.0826847,0.778797,-1.11219,-0.118574,0.810368,-0.964181,-0.108911,0.947494,-1.2263,-0.13908,0.615657,2.25642,-0.1514,2.9617,-1.36047,-0.11634,2.53219,-0.861576,-0.105572,1.08776,1.61488,
1.50711,-9.85891,-11.9429,11.4727,9.74297,32.1426,-12.9847,12.7002,31.3389,-2.29844,-7.60645,-8.46912,0,0,0,0,0,0,0,0,0,0,0,0,0.0405665,1.12375,-1.29261,-0.0309731,0.535516,-1.65812,0.0130771,0.560745,-1.43039,-0.0553291,1.04515,-1.30303,0.0609335,0.955158,-1.42407,0.169681,0.806206,-1.1057,-0.228583,0.870006,-0.878461,-0.101918,0.938387,-1.39819,-0.214958,0.325729,2.61803,-0.242624,2.8583,-0.97752,-0.170313,2.39395,-0.546077,-0.146626,0.963606,1.79755,
1.6516,-6.83115,-22.13,16.6639,9.14107,33.4165,-17.1193,13.5,34.8265,-2.18776,-8.14669,-21.7089,0,0,0,0,0,0,0,0,0,0,0,0,0.036658,1.12825,-1.25131,-0.0357899,0.580444,-1.67237,0.0101341,0.597219,-1.43679,-0.0577062,1.05976,-1.27396,0.0597227,1.02213,-1.58857,0.256484,0.837114,-1.09233,-0.306989,0.914114,-0.813183,-0.102562,0.94626,-1.62074,-0.212802,0.552812,1.9892,-0.32711,2.7643,-0.841373,-0.179136,2.18288,-0.293277,-0.15518,1.05785,1.46438,
1.16686,-1.95203,-5.68862,16.471,5.92818,31.9475,-15.7233,8.37091,36.0419,0.495839,-4.19097,-5.51923,0,0,0,0,0,0,0,0,0,0,0,0,0.0336224,1.12004,-1.38422,-0.0433852,0.64524,-1.68997,0.0053896,0.648934,-1.44273,-0.065323,1.06148,-1.40026,0.0544946,1.03528,-1.7462,0.247068,0.839679,-1.12889,-0.28773,0.872451,-0.794616,-0.0729074,0.945832,-1.77331,-0.0104941,-1.50554,-7.90034,-0.275579,2.64775,-0.604472,-0.221243,2.17915,-0.219706,-0.507209,-1.20541,-8.33247,
1.4383,-0.510351,-2.21537,15.702,1.06883,32.6205,-14.061,5.95325,33.7322,-0.224148,-0.695444,-1.96791,0,0,0,0,0,0,0,0,0,0,0,0,0.0330606,1.07009,-1.55145,-0.0479385,0.702324,-1.70004,0.00113796,0.696609,-1.44568,-0.071356,1.00815,-1.57313,0.055564,0.982711,-1.84736,0.232365,0.805299,-1.11864,-0.259686,0.874386,-0.833611,-0.0708212,0.901369,-1.86654,-0.111452,-2.38652,-7.81067,-0.158503,2.55267,-0.357596,-0.157989,2.1247,-0.0378667,0.140868,-2.87634,-7.87187,
1.75777,-0.677064,-1.69425,13.6262,-2.54876,32.1161,-13.3243,4.66382,29.2848,-1.15164,-0.57465,-1.39465,0,0,0,0,0,0,0,0,0,0,0,0,0.0317217,1.0252,-1.66788,-0.0498076,0.747573,-1.70414,-0.000971184,0.734656,-1.44506,-0.0650246,0.953333,-1.69034,0.061511,0.931879,-1.90501,0.196524,0.782263,-1.124,-0.245226,0.88845,-0.910093,-0.0680269,0.844689,-1.92037,-0.0663102,-2.47541,-6.30422,-0.0432983,2.47592,-0.11578,-0.0609485,2.10825,0.0767485,0.548062,-3.00042,-6.25382,
1.26777,-1.09557,1.50202,11.1317,-5.99032,32.3071,-12.4581,2.07007,24.7302,-1.61667,-1.31084,1.31058,0,0,0,0,0,0,0,0,0,0,0,0,0.0310849,0.970714,-1.78564,-0.049504,0.800948,-1.70319,-0.00128824,0.781357,-1.44244,-0.0530113,0.889793,-1.80534,0.054075,0.868912,-1.90791,0.154729,0.770105,-1.10996,-0.22725,0.889552,-0.988589,-0.0673347,0.773115,-1.92551,-0.00184377,-2.50197,-4.5704,0.0562051,2.38552,0.178187,0.0167608,2.15592,0.128803,0.460491,-2.83691,-4.4001,
1.20985,-2.34763,2.35089,9.95807,-9.2414,31.6302,-12.3457,-0.749627,22.7068,-1.62675,-2.57559,2.16805,0,0,0,0,0,0,0,0,0,0,0,0,0.0312416,0.917387,-1.85664,-0.0473392,0.856842,-1.69477,-0.00025343,0.833926,-1.43869,-0.0463993,0.830842,-1.87373,0.0534195,0.80257,-1.87178,0.137739,0.763118,-1.10322,-0.222199,0.89292,-1.02038,-0.072035,0.70453,-1.8905,0.00551837,-2.20405,-1.76862,0.122907,2.27033,0.502828,0.0770488,2.21907,0.167023,0.120434,-2.42866,-1.71695,
1.33666,-3.3333,3.68392,9.61765,-11.7617,30.3738,-13.358,-2.63382,22.168,-1.86952,-3.70652,3.71242,0,0,0,0,0,0,0,0,0,0,0,0,0.0315569,0.881036,-1.87295,-0.0449016,0.892246,-1.68487,0.00160985,0.86948,-1.43571,-0.0454148,0.790811,-1.88977,0.0574161,0.736786,-1.81321,0.135582,0.749111,-1.1096,-0.236532,0.893846,-1.02561,-0.0792591,0.632107,-1.82972,0.0475523,-2.55581,-0.221328,0.17163,2.1607,0.703347,0.144555,2.20774,0.21516,0.00448855,-2.7901,-0.227462,
1.16823,-2.43108,4.2008,9.71988,-15.0275,28.099,-14.0842,-4.95975,21.7094,-1.85935,-2.70768,4.08875,0,0,0,0,0,0,0,0,0,0,0,0,0.03296,0.815894,-1.85274,-0.0411113,0.937838,-1.66716,0.00514618,0.916426,-1.42887,-0.0475158,0.720019,-1.86906,0.0562395,0.664679,-1.71841,0.140675,0.730039,-1.12804,-0.245901,0.893052,-1.02046,-0.0867938,0.554289,-1.73457,0.0622984,-3.26985,1.77099,0.154647,1.99921,0.862516,0.153679,2.04121,0.418599,-0.167186,-3.55972,1.83778,
0.855826,-1.52789,3.87101,9.39205,-17.1907,26.3604,-13.2015,-6.5972,20.322,-1.80663,-1.21142,3.64126,0,0,0,0,0,0,0,0,0,0,0,0,0.0334573,0.736851,-1.79317,-0.0383828,0.983778,-1.64579,0.00810832,0.961404,-1.41447,-0.0522028,0.634015,-1.80816,0.0487812,0.59852,-1.61626,0.134754,0.731464,-1.13749,-0.229145,0.896916,-1.01925,-0.0924702,0.491683,-1.63381,-0.00722905,-3.37793,3.25503,0.0724873,1.84078,0.886682,0.0847316,1.69465,0.786328,-0.22671,-3.67602,3.30441,
-1.72376,3.61958,9.34757,9.86118,-17.1335,22.1283,-11.3805,-8.62622,18.859,-0.236533,1.9086,7.44171,0,0,0,0,0,0,0,0,0,0,0,0,0.0324113,0.687405,-1.74363,-0.0375244,1.01244,-1.63169,0.00927481,0.986315,-1.39969,-0.054813,0.580677,-1.7584,-0.000347274,0.647154,-1.44327,0.14303,0.758044,-1.20082,-0.195719,0.876216,-1.02243,-0.0664584,0.503392,-1.49313,-0.0433095,-3.24076,3.98453,0.0384952,1.74547,0.871932,0.0587919,1.4282,1.05016,-0.224423,-3.4218,3.97104,
-2.60369,4.77404,9.18231,8.66453,-14.6082,18.7849,-9.13414,-8.08118,14.2581,-0.300647,5.94415,8.50068,0,0,0,0,0,0,0,0,0,0,0,0,0.0285743,0.62614,-1.64939,-0.0367438,1.04954,-1.61283,0.0107435,1.01347,-1.3725,-0.05751,0.516066,-1.66768,-0.0327726,0.644662,-1.29494,0.121683,0.837923,-1.24388,-0.153142,0.901564,-1.06742,-0.0633253,0.545655,-1.34455,-0.427993,-2.08631,5.72906,0.0271999,1.64949,0.837251,0.0669144,1.07009,1.40061,-0.0106625,-2.39818,5.15082,
-3.78999,0.700233,15.0194,5.23,-10.1248,16.5824,-4.90529,-6.52419,10.1701,0.586334,9.02832,17.8278,0,0,0,0,0,0,0,0,0,0,0,0,0.00931819,0.606979,-1.49516,-0.0356148,1.08867,-1.59393,0.0132048,1.03506,-1.33521,-0.0542341,0.495915,-1.5451,-0.0637162,0.689283,-1.2187,0.0625246,0.955525,-1.26814,-0.072,0.938396,-1.09286,-0.039589,0.742995,-1.26117,-0.126057,2.12584,0.103255,0.0931506,1.55667,0.742356,0.121681,0.670953,1.75508,0.121748,2.53395,-1.22853,
-6.22445,1.98153,20.0968,3.67184,-10.0864,13.3026,-2.5557,-7.88563,5.51667,2.14784,14.0825,26.4506,0,0,0,0,0,0,0,0,0,0,0,0,0.0109351,0.65389,-1.52264,-0.0344402,1.11496,-1.57976,0.0142314,1.04369,-1.2998,-0.0529534,0.54041,-1.56721,-0.100658,0.766245,-1.1871,0.0333891,0.976572,-1.30788,-0.0320413,0.913526,-1.13102,-0.013065,0.874054,-1.11742,0.0482275,2.33221,-0.912519,0.0326513,1.37503,0.917221,0.0059438,0.403734,2.09236,0.0255702,2.37102,-0.951024,
-9.36919,1.50557,21.8592,0.680607,-13.2814,1.31721,-0.993959,-9.79147,-6.16909,5.87324,16.949,34.7827,0,0,0,0,0,0,0,0,0,0,0,0,0.0117631,0.701652,-1.533,-0.033765,1.14216,-1.55415,0.0141304,1.05134,-1.25086,-0.0525683,0.591859,-1.58386,-0.156789,0.797178,-1.14279,-0.0196934,0.937112,-1.48539,-0.00354977,0.882989,-1.28668,0.0553944,0.975646,-0.971465,0.0548961,2.08242,-0.220816,0.0518488,1.11324,1.36901,0.0119733,0.295691,2.33279,0.0359443,2.31071,-0.611529,
-16.613,0.478175,26.193,2.6778,-14.416,0.240349,-1.5863,-6.776,-13.1404,10.0177,17.4125,36.417,0,0,0,0,0,0,0,0,0,0,0,0,0.0140359,0.74203,-1.53516,-0.0316305,1.16196,-1.5243,0.0135913,1.05496,-1.21565,-0.0510162,0.636104,-1.59252,-0.282557,0.815267,-1.06144,0.0220862,0.929122,-1.46938,-0.0193476,0.927502,-1.43176,0.134741,1.02134,-0.939581,0.166867,1.97215,-0.0766355,0.153677,0.894428,1.54443,-0.125187,-0.130165,0.697085,0.110546,2.09741,-0.280868,
-18.8604,-0.334259,27.616,1.99878,-14.4297,-3.29473,0.193655,-6.59728,-14.2172,11.0432,15.1095,36.0811,0,0,0,0,0,0,0,0,0,0,0,0,0.0184629,0.787443,-1.53569,-0.027743,1.18065,-1.48634,0.00637205,1.05572,-1.21225,-0.0490879,0.671189,-1.59458,-0.319396,0.840656,-1.03008,0.0129056,0.940647,-1.49146,-0.0133323,0.950401,-1.51967,0.154696,1.00722,-0.939204,0.154545,1.81166,0.10698,0.131605,0.683126,1.67405,-0.709665,0.447039,-1.49508,0.0916184,1.87331,-0.0195973,
-20.485,-3.8158,28.3099,2.15449,-15.5373,-4.55386,2.42977,-3.04166,-2.18833,14.578,13.7176,32.2133,0,0,0,0,0,0,0,0,0,0,0,0,0.0198228,0.815155,-1.53171,-0.0267198,1.19056,-1.45835,-0.00812807,1.0449,-1.33887,-0.0486512,0.711676,-1.59342,-0.351385,0.800515,-1.00545,0.0130077,0.926713,-1.48209,0.00637661,0.937786,-1.59119,0.214769,1.02003,-1.00383,0.0380893,1.67256,0.352373,0.0169573,0.569807,1.80456,-0.906676,-1.58313,-6.49403,-0.0499221,1.80106,0.119165,
-21.1807,-6.32478,28.0525,2.76263,-18.017,-5.64703,1.67194,-0.087327,-0.636946,15.546,11.4204,29.5184,0,0,0,0,0,0,0,0,0,0,0,0,0.0201414,0.850211,-1.51976,-0.0268304,1.20122,-1.41547,-0.0219984,0.989843,-1.45662,-0.0502641,0.751656,-1.59028,-0.364739,0.78552,-0.986157,0.0231639,0.887314,-1.44931,-0.00251998,0.899363,-1.634,0.230127,1.02117,-1.05004,0.00679052,1.53709,0.719975,-0.00719197,0.417969,2.10349,-0.333684,-2.71612,-5.06608,-0.069149,1.89054,0.108144,
-21.4192,-7.53595,27.6571,2.91125,-21.322,-5.92693,1.12027,0.231334,-0.355759,16.7067,10.3346,28.1847,0,0,0,0,0,0,0,0,0,0,0,0,0.0200158,0.876741,-1.5037,-0.0271634,1.20771,-1.3753,-0.0247853,0.941617,-1.53098,-0.0517219,0.786764,-1.58884,-0.370208,0.786085,-0.966717,0.024693,0.830382,-1.40639,-0.00766623,0.861294,-1.65882,0.248952,1.04028,-1.07464,-0.0239405,1.41661,1.04261,-0.0328609,0.316031,2.34264,-0.0992914,-2.58284,-3.70849,-0.0942337,2.00484,0.0533372,
-23.7667,-18.78,40.9853,6.13637,-37.6379,14.3951,2.47393,-6.25488,-5.19579,17.0836,-2.44337,14.7752,0,0,0,0,0,0,0,0,0,0,0,0,0.0193727,0.905917,-1.47631,-0.0279344,1.21274,-1.3201,-0.0263737,0.89011,-1.59578,-0.0538365,0.83198,-1.58777,-0.413282,0.605351,-0.68504,0.0830374,0.533317,-0.971326,0.0167509,0.705752,-1.76828,0.254277,0.855932,-1.31714,-0.0162825,1.2494,1.40809,-0.0182905,0.14971,2.65968,-0.0567054,-2.15823,-2.38403,-0.0763093,2.08931,0.0609223,
-18.6534,-24.847,41.3882,9.1799,-43.6943,24.788,1.78939,-15.0371,-9.43164,6.05005,-21.0483,-13.8978,0,0,0,0,0,0,0,0,0,0,0,0,0.0195478,0.930356,-1.43896,-0.0276998,1.21236,-1.25501,-0.0267308,0.847377,-1.64131,-0.0547479,0.878894,-1.58554,-0.317671,0.507602,-0.610509,0.141876,0.407287,-0.684932,0.0127919,0.498696,-1.90956,0.057239,0.573062,-1.835,0.0590769,0.886442,2.32046,0.08154,-0.324735,3.64795,0.213531,-2.30017,-2.9567,0.0606837,2.34861,0.0985313,
-10.2397,-29.2725,33.5046,10.1493,-45.9683,25.1973,-4.50466,-22.5527,3.32702,-2.89786,-35.2844,-8.27323,0,0,0,0,0,0,0,0,0,0,0,0,0.0203371,0.939837,-1.37896,-0.0259862,1.19836,-1.1702,-0.0195152,0.781621,-1.71442,-0.0471371,0.912605,-1.61072,-0.167284,0.413331,-0.628624,0.159498,0.324575,-0.526953,-0.0877712,0.197413,-1.82647,-0.0663558,0.262333,-1.90292,-0.0441451,0.174802,4.3132,0.0290613,-1.16099,5.65639,0.416991,-5.32154,-5.27188,1.02268,-0.267013,-4.33218,
-1.80065,-30.4054,28.5134,9.01144,-43.6752,4.04035,-6.24773,-10.6155,12.6396,-1.79178,-20.139,18.9779,0,0,0,0,0,0,0,0,0,0,0,0,0.0146271,0.927931,-1.23455,-0.0294866,1.15399,-0.995256,-0.0240035,0.568272,-1.78031,-0.0311529,0.747024,-1.72323,-0.0291489,0.339924,-0.470984,0.126659,0.27839,-0.633681,-0.173648,-0.00655526,-1.55473,-0.0679871,-0.0198033,-1.50542,-0.337243,-1.07499,7.49044,-0.235247,-2.49054,8.80351,-1.1015,-11.6667,-0.129375,-0.130059,-12.2425,-3.88785,
4.48776,-10.9284,-14.9016,-3.39851,-22.1831,-41.2038,1.23299,42.1679,51.923,11.3437,43.0766,65.6697,0,0,0,0,0,0,0,0,0,0,0,0,0.00633242,0.889281,-1.03264,-0.0358743,1.08163,-0.760989,-0.0720948,0.295779,-1.69358,-0.0435935,0.406923,-1.65196,0.0735194,0.613497,-0.95739,-0.110083,0.548825,-1.11211,-0.152787,0.657953,-0.517556,0.143067,0.64363,-0.169984,-0.440268,-2.35535,10.578,-0.379441,-3.95614,12.1623,-3.15059,-12.3602,7.08789,-0.598549,-16.6987,8.79957,
5.06381,16.6503,-43.2033,-3.32847,14.7232,-46.737,9.636,59.0817,53.6881,-1.54368,60,36.6484,0,0,0,0,0,0,0,0,0,0,0,0,0.00405178,0.852734,-0.870285,-0.040015,1.03526,-0.64999,-0.115749,0.150104,-1.50612,-0.0421827,0.192233,-1.41575,0.111247,1.137,-1.49729,-0.108128,1.28504,-1.70638,0.0205708,1.05898,0.25,-0.047037,1.26264,0.25,0.462183,-0.56414,4.84343,-0.23209,-0.547214,-6.31352,-1.18801,-5.052,23.8324,0.709272,-9.78181,30.5376,
9.53759,21.6042,-7.35505,-8.92782,21.3937,-10.0277,5.09043,36.0148,80.4972,-6.19809,60,90,0,0,0,0,0,0,0,0,0,0,0,0,0.0463335,0.863522,-1.02685,-0.0480673,1.07471,-0.978248,-0.108974,0.210142,-1.18522,-0.00704946,0.258346,-1.32105,0.268141,1.39189,-1.78333,-0.22126,1.60473,-2.08783,0.0213221,1.03307,0.098798,-0.0807535,1.75801,0.25,1.4788,4.14234,-19.0284,-0.332101,4.30968,-28.333,1.15326,5.13667,-5.48675,1.19132,3.86593,-2.69397,
25.8705,7.7124,-19.6799,-25.018,-4.98253,-18.7712,9.96733,60,67.3089,-13.4158,60,79.9695,0,0,0,0,0,0,0,0,0,0,0,0,0.0913564,0.995474,-1.43773,-0.0751943,1.18533,-1.5689,-0.0860027,0.255389,-1.19386,0.0143035,0.289653,-1.30199,0.663611,1.38123,-2.31828,-0.606351,1.30054,-2.67182,0.127553,1.35548,0.107614,-0.201672,2.02676,0.25,3.11304,7.50237,-15.9724,-2.33092,6.28837,-23.272,0.987899,0.22598,2.3734,0.853968,-0.122096,2.99436,
23.966,-6.1365,-20.9231,-22.9629,-15.3525,-18.1119,16.1104,60,59.1015,-14.1823,60,71.1274,0,0,0,0,0,0,0,0,0,0,0,0,0.170212,1.12399,-1.6689,-0.147551,1.28012,-1.8871,-0.0699682,0.23909,-1.12931,0.0276648,0.268913,-1.22972,0.85724,1.29868,-2.65977,-0.820454,1.144,-2.95887,0.258337,1.65431,0.113972,-0.200884,2.21339,0.25,7.67804,8.74703,-18.6524,-7.80378,4.36986,-22.6865,1.08131,-1.96461,5.15489,0.895611,-2.283,5.69858,
-4.3135,-8.42577,-5.38269,3.47031,-4.99077,1.47805,15.6703,60,48.2528,-22.0631,60,50.475,0,0,0,0,0,0,0,0,0,0,0,0,0.487012,1.26745,-2.14977,-0.465142,1.24503,-2.43091,-0.0379157,0.163946,-0.970477,0.0548719,0.181868,-1.04962,0.940555,1.19745,-2.86089,-0.911407,0.970804,-3.06068,0.298023,1.86418,0.150835,-0.302086,2.27264,0.153343,16.2546,2.54211,-18.7383,-15.5638,-5.6065,-20.0639,1.55909,-3.67096,7.45522,1.35023,-4.35373,8.71538,
-20.0363,-6.21698,1.5908,20.1162,-12.1614,-13.7047,19.4761,60,38.3333,-24.3417,60,21.7413,0,0,0,0,0,0,0,0,0,0,0,0,0.777582,1.27173,-2.48844,-0.747093,1.11981,-2.58035,-0.00580552,0.0927494,-0.805597,0.0824845,0.0938417,-0.854202,0.735007,1.1077,-2.85288,-0.696187,0.718144,-2.82718,0.385546,1.66384,0.13072,-0.329145,2.14792,-0.180065,9.83036,-1.55806,-12.0194,-9.62022,-5.5168,0.071926,1.13793,-2.66512,7.31345,0.945625,-3.38116,8.52015,
-21.6958,-26.0526,-13.0132,26.2641,-28.2177,4.22107,24.1879,60,30.8211,-16.1934,60,15.9071,0,0,0,0,0,0,0,0,0,0,0,0,0.852719,1.23722,-2.55251,-0.836504,1.02012,-2.55291,0.00557907,0.0648916,-0.689568,0.0851801,0.0790816,-0.748848,0.44213,0.686861,-2.78526,-0.375805,0.2802,-2.40875,0.457519,1.5518,0.0400969,-0.238167,2.04123,-0.379399,-0.49259,-2.34279,0.117687,-0.514255,-6.93215,2.0598,0.371579,-0.302294,5.17249,-0.883714,3.31597,2.45148,
-13.1163,-9.03713,-5.70522,6.27023,0.748503,10.5722,17.3476,60,9.83548,-8.30292,60,17.906,0,0,0,0,0,0,0,0,0,0,0,0,0.745718,1.10362,-2.52393,-0.72266,0.785152,-2.49685,0.0146088,0.107968,-0.637176,0.0596086,0.252548,-0.805632,0.233151,0.58352,-2.57654,-0.288066,0.311674,-2.19227,0.349061,1.41574,-0.466079,-0.131638,1.75935,-0.701955,-8.37497,-10.8715,1.56193,9.79581,-14.8832,3.43328,0.581816,4.01428,-0.236201,-1.23091,11.7108,-6.77984,
1.89146,9.12873,13.0985,-5.06752,20.3735,9.77789,5.09122,32.8632,2.86955,-6.40033,10.6715,-9.10785,0,0,0,0,0,0,0,0,0,0,0,0,0.516497,0.846764,-2.49268,-0.482545,0.49376,-2.36772,0.036742,0.290494,-0.745117,0.0220952,0.58872,-0.943735,0.166863,0.651021,-2.21195,-0.224549,0.539495,-1.91897,0.164156,1.26033,-1.04047,-0.161252,1.37425,-1.26574,-11.7341,-11.0526,1.30106,10.6985,-9.92113,8.27952,1.06477,11.3767,-10.619,-2.04653,18.0736,-4.77909,
0.419109,18.8477,30.6858,3.69907,21.9741,21.9081,-3.65871,-3.92876,13.3579,-6.30992,-24.1388,-27.0849,0,0,0,0,0,0,0,0,0,0,0,0,0.329172,0.694182,-2.42898,-0.322831,0.39589,-2.21498,0.0607256,0.518381,-0.902359,-0.030597,0.971457,-0.951654,0.046827,0.849021,-1.62619,-0.0232762,0.755745,-1.47828,0.0351447,0.928492,-0.993123,-0.260003,1.27408,-1.64092,-8.86004,-5.73975,7.48203,7.09803,-1.21229,10.3392,1.25098,14.7138,-10.1944,-3.5041,22.6572,-6.01383,
-3.23568,19.0112,16.6747,1.90462,32.2417,14.556,-11.3802,-4.252,20.3521,9.0182,-30.223,-0.445007,0,0,0,0,0,0,0,0,0,0,0,0,0.186721,0.659884,-2.13103,-0.202911,0.459999,-1.92209,0.0841857,0.794728,-1.03658,-0.144599,1.36798,-1.17116,-0.0384139,1.06043,-1.18222,-0.00967307,1.22899,-1.10727,-0.109444,1.00883,-0.844118,-0.200298,1.22204,-1.60089,-5.08153,1.67729,19.7278,4.84635,5.58477,16.8106,0.405861,8.90431,-5.42604,-6.71203,12.3313,-12.8835,
-17.93,44.2624,34.406,9.05701,57.7156,30.2989,-14.2879,-14.341,60.9583,34.5616,-2.73313,58.7315,0,0,0,0,0,0,0,0,0,0,0,0,0.110933,0.743304,-1.83214,-0.115973,0.610735,-1.68458,0.0925185,0.965323,-1.12133,-0.270773,1.45989,-1.39235,-0.19971,1.6946,-1.17153,0.0675518,1.81435,-1.20401,-0.167582,0.897271,-0.0829061,0.262963,1.35769,-0.521541,0.469229,4.47725,1.07091,0.576015,4.71302,-2.1487,-0.00978616,5.88786,-2.13617,-2.89227,-1.60441,-6.02068,
-4.73868,23.8788,6.62698,9.16001,44.8668,13.1787,1.71622,12.9866,49.3082,9.872,-41.5386,2.83628,0,0,0,0,0,0,0,0,0,0,0,0,0.106648,0.80721,-1.80014,-0.11671,0.683037,-1.6963,0.0834986,1.04598,-1.13556,-0.263939,1.39208,-1.34406,-0.0117389,1.35879,-1.59492,0.0272884,1.64762,-1.46352,0.082421,1.40842,-0.216285,0.0763491,0.420968,-0.651514,-0.984764,3.58778,2.58872,-0.688932,4.54739,-0.208675,-0.986384,3.85966,0.69547,4.91325,-6.59599,19.5854,
-4.13491,8.75489,6.44893,9.29668,24.8572,31.3927,-5.59998,23.9635,40.2157,5.0365,-51.62,21.5104,0,0,0,0,0,0,0,0,0,0,0,0,0.063231,0.901354,-1.75758,-0.140458,0.82033,-1.72608,0.0526274,1.09636,-1.07822,-0.118031,1.24783,-0.905998,-0.064535,1.24699,-1.64138,0.013544,1.51089,-1.2821,-0.0754257,1.56468,-0.217372,-0.0492688,0.442444,-0.53751,-1.60679,5.69718,-0.0323159,-0.459201,7.2909,-3.87416,-0.801635,0.996667,3.96174,-0.697003,4.06877,-0.690871,
-12.4598,10.1093,9.32301,0.391158,28.4771,28.1258,-5.11104,11.945,14.9532,9.80606,-39.9214,0.537839,0,0,0,0,0,0,0,0,0,0,0,0,0.0495701,1.02909,-1.75315,-0.131828,0.949642,-1.75581,0.0538691,1.07995,-0.941739,-0.116797,1.24722,-0.793933,-0.157881,1.33622,-1.58774,-0.0974687,1.58693,-1.26045,-0.0229033,1.23774,-0.440704,0.0810721,0.418077,-0.500714,0.583342,3.76835,-0.125242,0.83255,3.65204,-0.489383,0.493643,-1.81481,7.00208,0.598186,-3.15637,8.66068,
-19.7055,13.5025,18.3396,3.16054,28.2603,28.3534,-8.76377,-20.3075,2.61993,20.4736,-60,-15.0137,0,0,0,0,0,0,0,0,0,0,0,0,0.0615967,1.09463,-1.74073,-0.111647,1.01118,-1.75776,0.0622224,1.04569,-0.802009,-0.104906,1.16613,-0.601593,-0.26746,1.45126,-1.38678,-0.0172317,1.63396,-1.23894,-0.0899927,0.623041,-0.492614,0.289485,-0.223758,-0.477576,0.892996,3.39574,0.626586,1.12905,3.32933,0.10101,0.217746,-1.63234,7.99822,0.676633,-5.32009,12.1304,
-21.2055,15.3424,20.3666,5.50687,24.6087,18.4764,-6.14602,-27.0078,-29.4618,10.5663,-60,-22.023,0,0,0,0,0,0,0,0,0,0,0,0,0.0785542,1.16305,-1.72165,-0.0905809,1.08279,-1.75365,0.0327646,1.02781,-0.610413,-0.0761296,1.07088,-0.434935,-0.276544,1.52854,-1.32782,0.0369126,1.63209,-1.41763,-0.150176,0.424141,-0.866444,0.190164,-0.551011,-0.776196,0.9306,2.64392,0.718925,0.836267,3.11277,0.00252002,-2.17541,-3.44117,8.54449,2.26658,-2.28789,1.80761,
-9.65586,0.27512,10.7398,3.46638,7.80584,18.2247,2.08081,-11.0349,-55.2186,-2.80252,-49.7228,-74.0123,0,0,0,0,0,0,0,0,0,0,0,0,0.0914828,1.20774,-1.71472,-0.0800169,1.13734,-1.76088,0.0133302,0.95762,-0.561077,-0.0374874,0.997602,-0.439725,-0.0716215,1.28813,-1.51485,-0.00970834,1.37767,-1.45915,-0.0143062,0.616746,-1.76953,-0.0380282,-0.153397,-1.83253,0.380624,2.30361,0.140851,0.222547,3.00704,-0.905304,-2.00045,-4.28512,-6.24802,1.54043,-7.54567,-1.44,
-4.91984,-15.1322,13.7307,1.55525,-8.45747,21.9,12.641,-2.19712,-11.4253,-5.76535,-4.58222,-15.4849,0,0,0,0,0,0,0,0,0,0,0,0,0.0983922,1.26078,-1.72151,-0.077876,1.20767,-1.79422,-0.0516726,0.845225,-1.05425,-0.0266901,0.835755,-0.883314,0.0244188,1.05856,-1.48893,-0.0411656,1.1462,-1.4455,0.107695,0.631273,-2.22477,-0.132373,0.320328,-2.20456,0.472946,2.22772,-0.521645,0.257682,2.82025,-1.5113,-2.15319,-5.31679,-29.4184,-0.0262221,-13.2035,-31.7687,
-1.48856,-20.5062,19.6938,3.63253,-16.424,25.0859,8.78925,-3.09135,-9.10354,-5.59258,27.0459,-7.78948,0,0,0,0,0,0,0,0,0,0,0,0,0.105342,1.29611,-1.72502,-0.0742673,1.25329,-1.81316,-0.0664841,0.717617,-1.43638,-0.0257981,0.522434,-1.30293,0.0892434,0.995577,-1.35752,-0.00364802,1.05133,-1.37799,0.0983491,0.415641,-2.43899,-0.11864,0.389119,-2.38107,0.335087,2.2093,0.288126,0.139742,2.95373,-0.639625,0.153651,-7.50964,-25.5778,0.270166,-19.099,-28.6158,
-1.0257,-23.9152,14.465,3.68989,-21.9883,16.7662,-4.92596,-7.73861,10.4772,6.87441,16.2436,14.0054,0,0,0,0,0,0,0,0,0,0,0,0,0.110849,1.34715,-1.69174,-0.0725917,1.32566,-1.79814,-0.0082099,0.523413,-1.98627,-0.0381104,0.167677,-1.92362,0.100257,0.97766,-1.35411,-0.00165314,1.02165,-1.43764,0.0336248,0.0888607,-2.39228,0.0278443,0.158248,-2.33706,0.24619,1.9964,2.28033,0.117627,2.92635,1.70058,4.01493,-8.97875,-18.2264,-1.80383,-9.31233,-20.4134,
-4.32964,-31.6373,9.39041,1.62214,-29.0528,11.4999,-10.0101,-0.677378,16.4781,7.74646,0.191343,18.2568,0,0,0,0,0,0,0,0,0,0,0,0,0.119056,1.38642,-1.62762,-0.0668802,1.38407,-1.74351,0.0759911,0.34781,-2.24391,-0.0868124,0.103516,-2.20376,0.058022,0.863122,-1.35366,-0.0234273,0.933246,-1.44117,-0.0222003,0.0467035,-2.1572,0.030297,0.0949851,-2.09617,0.540413,1.5865,3.15426,0.426538,2.36542,2.84949,2.56089,-8.82416,-6.5051,-0.725246,-0.366979,-6.85498,
-3.7971,-40.1513,-1.14444,-2.15145,-31.6295,5.87036,-7.40614,15.4062,18.952,4.8222,2.19371,24.2028,0,0,0,0,0,0,0,0,0,0,0,0,0.127566,1.40827,-1.57476,-0.060245,1.41843,-1.6961,0.0871158,0.208389,-2.27447,-0.075743,0.101442,-2.23274,0.072109,0.716244,-1.4827,-0.0896053,0.909085,-1.49123,-0.0738325,0.223519,-1.85014,0.0564355,0.130603,-1.69868,0.41498,1.16119,3.44883,0.298131,2.00853,2.99878,-0.803338,-8.09673,2.43697,1.35979,-0.327706,2.87268,
-1.57811,-34.5906,-14.0109,2.58303,-40.1004,-13.0794,1.51558,43.2087,52.5492,-3.62725,43.4122,55.7665,0,0,0,0,0,0,0,0,0,0,0,0,0.132336,1.42788,-1.49479,-0.058212,1.45932,-1.63,0.0341351,0.11117,-2.1243,-0.0346565,0.0966807,-2.04443,0.105404,0.821804,-1.62808,-0.0139222,0.788027,-1.77133,-0.0442142,0.875787,-0.832852,-0.0333198,0.884984,-0.591257,0.0538033,0.697891,3.71107,-0.0817144,1.76614,2.94774,-3.236,-0.641507,10.2669,2.05598,-0.0308472,13.4212,
-5.3375,-10.1545,-8.97968,6.64753,-20.2605,-8.44476,-1.30287,45.2965,82.6818,-4.51647,45.7192,69.3848,0,0,0,0,0,0,0,0,0,0,0,0,0.145318,1.37001,-1.46186,-0.0634989,1.46081,-1.58188,-0.00743846,0.191104,-1.83517,-0.00708308,0.160131,-1.85626,0.0861908,0.920466,-1.70077,0.0340625,0.902138,-1.76395,-0.0126474,1.07847,-0.512863,-0.0744902,1.10878,-0.784724,1.1586,-8.09475,-2.31129,-0.712031,-5.81482,-0.871731,0.564654,1.94942,-5.53042,0.449485,3.5869,-5.80582,
1.59017,9.66785,1.85979,5.10949,0.884602,-0.278211,-5.91764,54.4025,79.251,-4.24785,57.6685,62.5059,0,0,0,0,0,0,0,0,0,0,0,0,0.149704,1.19925,-1.52093,-0.0679329,1.28879,-1.62691,0.00159817,0.223306,-1.89526,0.000750712,0.203967,-1.91844,0.144825,1.0108,-1.65469,0.0455915,0.89856,-1.74933,-0.093919,1.27246,-0.529223,-0.066123,1.32325,-0.873413,-1.03251,-11.1292,-5.12008,0.630198,-12.4151,-3.5861,0.368998,1.83401,-2.28833,0.316554,2.1622,-2.79417,
11.3353,11.1433,5.04095,2.99483,-2.04322,8.8976,-1.90816,60,47.3068,-4.1635,60,74.0062,0,0,0,0,0,0,0,0,0,0,0,0,0.0978683,0.967572,-1.62653,-0.0210596,1.01014,-1.70297,0.0022181,0.250443,-1.90921,0.000606495,0.236588,-1.95629,0.23349,0.937627,-1.61436,0.118839,0.65468,-1.6153,-0.0404058,1.39501,-1.03376,-0.0835915,1.4548,-0.639367,-2.15342,-7.10573,-2.42862,2.61088,-9.72619,-2.26454,-0.242305,0.657831,0.468427,-0.259659,0.900645,-0.875095,
4.8356,1.19123,-4.70927,-3.7626,1.99708,3.41556,-1.04965,60,36.7002,0.0961837,60,77.8264,0,0,0,0,0,0,0,0,0,0,0,0,0.085903,0.879622,-1.64248,0.045651,0.825124,-1.71124,-0.00207603,0.257336,-1.89442,-0.00381665,0.247171,-1.9629,0.219235,0.833609,-1.71004,0.0946435,0.581608,-1.57434,-0.0218662,1.37763,-1.19442,-0.00277234,1.70289,-0.547396,1.38758,-2.06776,0.551857,3.58733,-8.55023,2.28559,-0.0215624,0.379474,1.00007,-0.0215259,0.499631,0.0146738,
-1.17337,-3.04474,-0.989234,-9.81502,9.11563,-2.17876,-0.686481,52.5928,33.155,0.843585,60,71.4944,0,0,0,0,0,0,0,0,0,0,0,0,0.125458,0.85728,-1.65874,0.107263,0.687769,-1.63063,0.00499743,0.2661,-1.87002,0.00346694,0.252283,-1.94609,0.184766,0.771152,-1.73353,0.0288226,0.635619,-1.58256,0.00652202,1.2346,-1.2337,0.0331655,1.79499,-0.606859,2.46408,-0.940173,-1.73568,3.05599,-6.65769,2.67926,0.427963,0.374748,1.02375,0.438799,-0.00902729,1.20173,
-0.298615,-2.33352,2.2105,-11.4446,10.3825,-2.58559,-1.29351,44.2217,20.8245,2.54158,60,55.9087,0,0,0,0,0,0,0,0,0,0,0,0,0.168114,0.833153,-1.69013,0.146794,0.593342,-1.60348,0.0116202,0.275131,-1.84643,0.010316,0.248945,-1.91263,0.201882,0.74342,-1.69123,-0.0459377,0.710558,-1.63666,-0.00596794,1.09317,-1.43107,0.0627882,1.9,-0.83976,1.19769,-1.44546,-1.26175,0.469093,-2.18647,0.42253,0.181204,0.427954,1.12219,0.191329,-0.235166,1.72165,
1.14761,3.39752,4.64599,-8.28583,4.10036,-1.04327,-2.94289,40.3827,20.4199,1.20228,60,45.1487,0,0,0,0,0,0,0,0,0,0,0,0,0.180876,0.803526,-1.70111,0.135156,0.586868,-1.60606,0.0146759,0.284663,-1.82832,0.0136205,0.244894,-1.88033,0.217259,0.805359,-1.60837,-0.069149,0.701605,-1.65498,-0.0332662,1.04107,-1.43087,0.0416075,1.97428,-1.00329,0.474126,-1.83151,0.252442,-1.63943,1.22787,-0.915202,0.170039,0.677661,0.799902,0.187225,-0.132282,1.71579,
0.105571,3.64664,3.64566,-3.35581,1.39499,-2.18227,-2.91009,39.1123,31.0617,-0.984475,60,36.3768,0,0,0,0,0,0,0,0,0,0,0,0,0.187225,0.771947,-1.68507,0.0801158,0.636129,-1.62056,0.0214002,0.306018,-1.8202,0.0207861,0.245959,-1.84594,0.195156,0.813702,-1.55901,-0.0796226,0.744029,-1.67466,-0.0194561,1.058,-1.25587,0.0157462,1.94726,-1.14036,0.183688,-0.750079,1.82648,-3.01656,2.52196,-0.440602,0.368327,1.24809,-0.013292,0.392934,0.242066,1.35026,
0.678711,0.935518,0.470559,1.1506,0.595047,-0.35376,-1.26351,40.0842,43.1178,-1.23153,60,31.3366,0,0,0,0,0,0,0,0,0,0,0,0,0.1843,0.773923,-1.62739,0.0101309,0.691457,-1.63554,0.0283996,0.34025,-1.82846,0.0284312,0.257669,-1.82451,0.179212,0.811645,-1.52306,-0.0728333,0.786627,-1.67494,0.0122461,1.12695,-1.06381,0.0139351,1.8618,-1.23447,-0.53251,0.632891,2.9266,-3.17424,2.57741,-1.00755,0.208373,1.76918,-0.589811,0.24125,0.792837,0.61973,
2.99571,-0.543976,-1.15525,2.71255,-1.88521,-1.01955,-1.01469,43.0723,47.1024,-0.903114,60,29.9677,0,0,0,0,0,0,0,0,0,0,0,0,0.171156,0.789455,-1.58335,-0.0385445,0.733441,-1.64828,0.0316756,0.374923,-1.84165,0.0322807,0.276521,-1.81904,0.19595,0.807018,-1.52425,-0.0626555,0.77438,-1.68596,0.0175871,1.22413,-1.01071,0.0211734,1.80187,-1.27296,-0.906713,0.838856,2.44776,-2.2437,2.29827,-0.584908,0.133235,2.01887,-0.77841,0.162341,1.26208,0.0371061,
5.07513,-2.78383,-2.14427,4.73641,-6.92039,0.147308,-2.22298,45.9447,42.7272,-1.97822,60,38.3215,0,0,0,0,0,0,0,0,0,0,0,0,0.152873,0.80454,-1.54258,-0.068975,0.775534,-1.65882,0.0343981,0.421748,-1.85968,0.0354564,0.311246,-1.82626,0.225468,0.770793,-1.54107,-0.00431219,0.69611,-1.67075,-0.00156999,1.32984,-1.11081,0.00433241,1.79225,-1.14999,-0.601331,0.515414,1.23733,-0.655531,1.4178,-0.446402,0.135967,2.22257,-0.855143,0.147997,1.84692,-0.626051,
6.09078,-5.00619,-1.28073,4.18156,-10.8437,0.826072,-2.20897,46.8675,36.9795,-4.89201,60,47.9238,0,0,0,0,0,0,0,0,0,0,0,0,0.148929,0.808493,-1.52963,-0.067807,0.785678,-1.6617,0.0375335,0.463717,-1.87608,0.0386544,0.348841,-1.84178,0.267265,0.713946,-1.54301,0.0355016,0.574946,-1.64066,0.00589798,1.39633,-1.23686,-0.0418258,1.80132,-1.00311,0.232027,-0.107728,0.30255,0.833565,-0.414735,0.183944,0.260563,2.45885,-1.01229,0.258667,2.26209,-0.998282,
3.16561,-9.22019,-1.12694,0.110702,-6.8592,0.735407,0.283754,42.689,37.3416,-5.02388,60,58.0513,0,0,0,0,0,0,0,0,0,0,0,0,0.166159,0.792369,-1.52674,-0.0307026,0.745071,-1.65133,0.0438331,0.527278,-1.9028,0.0447889,0.40911,-1.87061,0.266352,0.580907,-1.54409,0.0388679,0.515219,-1.60201,0.0587035,1.39587,-1.26406,-0.0371426,1.77761,-0.857044,1.30279,-1.33903,0.0960055,2.06427,-3.2126,1.09844,0.296733,2.82421,-1.22828,0.28758,2.66514,-1.28062,
-0.294459,-7.32638,-0.339123,-4.30609,0.497498,0.664981,2.1229,37.3519,41.1878,-4.08476,60,62.287,0,0,0,0,0,0,0,0,0,0,0,0,0.201861,0.734185,-1.52273,0.0174153,0.650934,-1.62035,0.0504239,0.591267,-1.92966,0.0511499,0.468687,-1.89731,0.25091,0.475983,-1.5236,0.00815742,0.505052,-1.56185,0.098606,1.3659,-1.21825,-0.0139021,1.75335,-0.800875,1.6623,-3.81931,0.161855,2.10939,-4.73389,1.41816,0.292845,2.91814,-1.14463,0.281616,2.69607,-1.1016,
-0.278446,-4.31646,0.816858,-4.91537,2.72171,1.18556,3.09688,35.2362,43.4095,-4.04921,60,63.3097,0,0,0,0,0,0,0,0,0,0,0,0,0.222912,0.665406,-1.52111,0.0448218,0.581678,-1.60284,0.0538686,0.637284,-1.94564,0.0544064,0.511639,-1.91348,0.250746,0.426475,-1.4954,-0.00514441,0.500843,-1.538,0.115659,1.36897,-1.18326,-0.014195,1.71339,-0.791771,1.00518,-4.90261,0.331718,1.20401,-3.98202,1.32251,0.16756,2.7814,-0.821434,0.153404,2.64468,-0.897692,
-0.44429,3.08779,2.65187,-2.29374,4.13578,0.439962,3.50329,34.6722,49.587,-6.51091,54.6098,63.4287,0,0,0,0,0,0,0,0,0,0,0,0,0.234316,0.539324,-1.50796,0.054205,0.511691,-1.57056,0.0579346,0.698646,-1.95683,0.0579552,0.572697,-1.9286,0.230916,0.428889,-1.44032,0.00860291,0.523653,-1.52434,0.12907,1.40627,-1.06092,-0.0539364,1.64559,-0.787518,0.142933,-5.08986,0.593701,-0.119096,-1.93215,1.1679,0.2273,2.35945,-0.173404,0.198263,2.44402,-0.371642,
-0.153472,5.04173,3.27756,-0.183249,3.49139,0.13333,5.07705,33.4841,54.1794,-8.56911,49.5079,62.3102,0,0,0,0,0,0,0,0,0,0,0,0,0.231521,0.449538,-1.48673,0.0466127,0.492304,-1.55147,0.0636798,0.744688,-1.95217,0.0629504,0.622219,-1.92877,0.216418,0.440315,-1.38261,0.0284414,0.551148,-1.52419,0.164023,1.41321,-0.947923,-0.0859585,1.58916,-0.784896,-0.376224,-3.08276,1.36063,-0.453427,-0.141632,0.759279,0.245462,1.82481,0.585634,0.210625,2.04118,0.334942,
0.414132,3.21731,1.41457,0.0904586,2.08491,-0.448465,5.71041,34.3795,54.7921,-9.64287,47.5368,60.3818,0,0,0,0,0,0,0,0,0,0,0,0,0.223711,0.416012,-1.46455,0.0402057,0.497377,-1.54198,0.0676041,0.769395,-1.93705,0.0663135,0.651022,-1.91781,0.212977,0.426699,-1.37477,0.0324864,0.558235,-1.53707,0.178914,1.43639,-0.899138,-0.102662,1.56688,-0.787573,-0.558053,-1.46085,1.95736,-0.286119,0.701262,0.399331,0.22869,1.28079,1.27388,0.194022,1.57539,0.989573,
1.29503,0.647786,-0.949324,0.120584,-0.18664,-0.220618,5.86353,36.0881,50.5897,-9.90505,45.9607,54.8848,0,0,0,0,0,0,0,0,0,0,0,0,0.208252,0.403787,-1.41782,0.0377842,0.523016,-1.53742,0.0720825,0.787315,-1.89164,0.0700562,0.6777,-1.88023,0.209565,0.417142,-1.38452,0.039551,0.558558,-1.53979,0.183351,1.45313,-0.893372,-0.10624,1.53685,-0.815804,-0.679319,0.0481951,1.54506,-0.0130051,1.18969,0.0502617,0.142346,0.295426,2.39726,0.11597,0.718223,2.03258,
1.28606,-0.0141932,-1.21638,0.0885948,-0.213021,-0.164822,5.48142,36.2146,45.9032,-9.28238,44.0845,48.7993,0,0,0,0,0,0,0,0,0,0,0,0,0.196944,0.409274,-1.39867,0.0390127,0.542417,-1.53681,0.0741643,0.786857,-1.84223,0.0717385,0.685333,-1.83761,0.201385,0.42246,-1.39853,0.0457951,0.569664,-1.5391,0.176963,1.43743,-0.91021,-0.0945118,1.49412,-0.865451,-0.578786,0.410806,0.679896,0.158019,0.950882,0.0217409,0.0958459,-0.240451,2.97651,0.0770097,0.221514,2.59404,
1.18287,-0.108701,-1.34836,-0.22073,-0.0460858,-0.173784,4.70036,34.7378,39.687,-8.30202,41.2073,42.5166,0,0,0,0,0,0,0,0,0,0,0,0,0.185541,0.419155,-1.39133,0.0450184,0.559745,-1.5363,0.0754239,0.77763,-1.77249,0.0726958,0.686533,-1.77696,0.190983,0.43274,-1.41295,0.0528386,0.581911,-1.53851,0.161658,1.39294,-0.944407,-0.0778026,1.43529,-0.912151,-0.490863,0.475512,0.0884203,0.361577,0.7029,0.0289634,0.0236041,-0.497656,3.2542,0.0136701,-0.0142463,2.80427,
0.980771,0.417039,-0.153223,-0.622979,0.453203,-0.197956,4.21413,31.3698,33.4877,-7.56216,37.3357,37.7063,0,0,0,0,0,0,0,0,0,0,0,0,0.17496,0.430922,-1.3946,0.0554194,0.574764,-1.53535,0.0754182,0.766454,-1.69554,0.0725356,0.686981,-1.71171,0.179194,0.455068,-1.4066,0.0595286,0.602435,-1.53773,0.151335,1.32408,-0.985067,-0.0657874,1.36888,-0.941573,-0.415516,0.506114,-0.281462,0.471656,0.593735,0.037475,-0.0215092,-0.388988,3.10464,-0.0253373,0.093793,2.58413,
0.745104,0.966486,-0.640311,-1.07116,0.318158,-0.0822823,3.12854,28.4525,30.0759,-7.23852,34.8059,36.5705,0,0,0,0,0,0,0,0,0,0,0,0,0.168933,0.438685,-1.39712,0.0627281,0.583963,-1.5346,0.074788,0.762111,-1.64824,0.0718738,0.690301,-1.67316,0.170337,0.474019,-1.41114,0.0579521,0.610304,-1.53509,0.129929,1.27346,-1.00864,-0.0614933,1.33271,-0.933966,-0.371048,0.542707,-0.0726452,0.449155,0.628114,0.0307016,-0.0532022,-0.182545,2.83458,-0.0537064,0.292696,2.26956,
0.670939,1.12822,-0.459983,-1.55616,0.566568,0.21415,2.57404,25.1652,26.4557,-6.71446,32.5798,35.8745,0,0,0,0,0,0,0,0,0,0,0,0,0.160573,0.454011,-1.39931,0.0706115,0.598517,-1.53376,0.072903,0.761197,-1.59057,0.0700263,0.699723,-1.62862,0.160132,0.501226,-1.41198,0.0502303,0.629726,-1.52758,0.115801,1.22071,-1.02934,-0.0558375,1.30925,-0.91651,-0.386221,0.815876,-0.131335,0.241774,0.638867,0.0696146,-0.119243,0.0601238,2.45124,-0.115583,0.524532,1.82853,
0.260925,1.5856,-0.261951,-2.0963,1.32874,0.755271,1.96533,22.7457,25.2214,-6.27148,31.6067,36.6707,0,0,0,0,0,0,0,0,0,0,0,0,0.152226,0.475972,-1.40206,0.0731391,0.613264,-1.53165,0.0704698,0.764219,-1.54984,0.0676793,0.710846,-1.59921,0.146643,0.538153,-1.41019,0.0355006,0.658295,-1.5122,0.101455,1.18549,-1.02171,-0.050914,1.30752,-0.883478,-0.315557,1.0191,-0.102883,0.0145452,0.637757,0.174658,-0.145093,0.235626,2.12549,-0.139528,0.672443,1.49687,
-0.0679615,2.35622,0.171249,-2.27008,1.65854,1.12414,1.59959,20.3189,24.7296,-6.02546,30.2285,36.9985,0,0,0,0,0,0,0,0,0,0,0,0,0.146906,0.495252,-1.40342,0.0714853,0.625235,-1.52574,0.0670651,0.772432,-1.50434,0.0644186,0.728833,-1.56833,0.134494,0.577855,-1.40323,0.0220957,0.680244,-1.49164,0.0909213,1.15478,-0.997652,-0.0501395,1.30431,-0.858624,-0.341487,1.21497,-0.0891863,-0.247973,0.759404,0.417655,-0.159719,0.394675,1.74335,-0.152909,0.790292,1.13084,
0.175104,2.14279,0.596015,-1.97453,1.06935,1.08072,2.04473,18.7097,25.1823,-6.20983,29.8057,37.5554,0,0,0,0,0,0,0,0,0,0,0,0,0.138071,0.526199,-1.40422,0.0613634,0.644662,-1.51233,0.0630706,0.780944,-1.46824,0.0605914,0.745943,-1.54591,0.126112,0.617563,-1.39353,0.0047185,0.696268,-1.46698,0.0936293,1.13235,-0.958289,-0.0586595,1.3119,-0.831716,-0.462689,1.60124,-0.00463809,-0.633853,0.982777,0.785305,-0.202219,0.343099,1.59178,-0.193872,0.734514,0.958624,
0.062749,2.37055,0.0108236,-1.63501,0.343391,1.27149,1.68564,18.9294,26.7963,-6.39068,30.695,39.509,0,0,0,0,0,0,0,0,0,0,0,0,0.130079,0.555898,-1.40285,0.0485906,0.662416,-1.49746,0.0595783,0.78594,-1.44019,0.0572468,0.757823,-1.5291,0.116131,0.656596,-1.39689,-0.008338,0.700242,-1.44016,0.0835777,1.13642,-0.901621,-0.0653197,1.33495,-0.780193,-0.461054,1.75989,0.176101,-0.831149,0.965043,1.04441,-0.203155,0.192626,1.56961,-0.194714,0.58163,0.933679,
0.283939,1.72318,-0.496275,-1.09759,-0.734667,1.66384,1.37138,19.6874,28.6154,-6.47588,32.3362,41.6049,0,0,0,0,0,0,0,0,0,0,0,0,0.119695,0.597327,-1.39925,0.0287407,0.681295,-1.47139,0.0550985,0.787014,-1.40483,0.0529578,0.767505,-1.50785,0.108442,0.694563,-1.40592,-0.0219615,0.691818,-1.39822,0.0731746,1.14222,-0.830224,-0.0713456,1.36561,-0.718381,-0.501582,2.01379,0.0719648,-0.93946,0.729693,1.31138,-0.209552,-0.0839714,1.65993,-0.200448,0.310733,1.00878,
0.474241,0.970625,-0.977737,-0.487706,-0.766984,2.87127,0.63153,20.4309,30.3034,-6.42746,34.3486,44.3115,0,0,0,0,0,0,0,0,0,0,0,0,0.108181,0.645001,-1.39862,0.00749677,0.692051,-1.43602,0.050253,0.780911,-1.36311,0.0483353,0.770884,-1.48187,0.101134,0.727069,-1.41723,-0.0291189,0.683768,-1.3284,0.0549339,1.13901,-0.752353,-0.0750082,1.39531,-0.638558,-0.478784,1.96841,-0.0254409,-0.847865,0.17299,1.69313,-0.207825,-0.408559,1.82673,-0.198015,-0.00273404,1.15047,
0.499044,1.10843,-1.28572,0.0759957,0.604921,5.0557,-0.635562,20.8877,32.365,-6.87051,36.2274,48.3768,0,0,0,0,0,0,0,0,0,0,0,0,0.101175,0.674394,-1.40019,-0.0042298,0.69263,-1.40827,0.0470677,0.772646,-1.33289,0.0453076,0.769189,-1.46262,0.0955756,0.754067,-1.43189,-0.026113,0.697303,-1.23711,0.0287517,1.13155,-0.679397,-0.0860422,1.42094,-0.541191,-0.448328,1.81868,-0.254448,-0.710873,-0.193265,2.4213,-0.206565,-0.63781,1.9874,-0.196516,-0.211801,1.27865,
1.16434,-0.211784,-1.13899,0.11842,2.93071,5.89836,-1.92951,22.2897,31.7808,-7.13176,38.5667,50.1743,0,0,0,0,0,0,0,0,0,0,0,0,0.0902549,0.715774,-1.41038,-0.0175322,0.685743,-1.32921,0.0413253,0.751041,-1.27919,0.0398245,0.758759,-1.42753,0.0966647,0.765011,-1.44797,-0.027284,0.732564,-1.10014,-0.00288594,1.11886,-0.619947,-0.0985874,1.43904,-0.461537,-0.450999,1.62212,-0.515772,-0.363762,-0.197529,3.72243,-0.278946,-1.14422,2.48759,-0.267163,-0.639462,1.64171,
1.20315,-0.436607,-1.12423,-0.0386589,2.77859,4.00177,-1.92005,21.8769,30.7581,-6.71726,40.2141,51.252,0,0,0,0,0,0,0,0,0,0,0,0,0.0823748,0.74438,-1.41873,-0.0208963,0.687433,-1.25292,0.0343815,0.722497,-1.22077,0.0331545,0.742047,-1.38923,0.0943228,0.772629,-1.45732,-0.0246869,0.740368,-1.0169,-0.0121227,1.07349,-0.569302,-0.100156,1.44519,-0.397301,-0.303338,1.10574,-0.554433,-0.0943468,0.0738182,4.98857,-0.354267,-1.42908,2.81808,-0.341579,-0.856149,1.83548,
0.706734,-0.346166,-0.63511,0.177449,1.61608,2.85391,-2.14534,21.6801,29.8548,-6.38433,41.0952,52.5511,0,0,0,0,0,0,0,0,0,0,0,0,0.0784956,0.758676,-1.42793,-0.0212768,0.693086,-1.17189,0.0278809,0.697709,-1.17314,0.026861,0.727128,-1.3587,0.0848453,0.776735,-1.45962,-0.0177268,0.738983,-0.948,-0.0256756,1.03676,-0.527254,-0.103346,1.44074,-0.33763,-0.198611,0.744136,-0.615499,0.00989085,0.504591,5.25572,-0.444594,-1.68451,3.14943,-0.431697,-1.02602,2.00432,
-0.281988,-1.79812,-0.0180331,-0.63799,-2.07358,0.845501,-1.36026,22.5356,24.9744,-5.01181,42.4526,51.2845,0,0,0,0,0,0,0,0,0,0,0,0,0.0748687,0.770432,-1.44026,-0.018133,0.710116,-1.05357,0.0160771,0.651779,-1.09015,0.0153539,0.698587,-1.30625,0.0650503,0.747937,-1.45327,-0.0212516,0.699472,-0.893801,-0.0255486,0.993512,-0.515221,-0.0922806,1.42765,-0.297668,-0.143347,0.3116,-0.387394,0.25915,0.826753,4.41225,-0.516195,-2.0779,3.69256,-0.504493,-1.30795,2.32638,
-1.39279,-3.3105,0.638347,-1.59176,-4.08389,-1.16796,-1.36317,21.8298,19.0145,-4.3542,42.9992,49.9716,0,0,0,0,0,0,0,0,0,0,0,0,0.0705941,0.771094,-1.44417,-0.0109455,0.722098,-0.968099,0.00557633,0.605565,-1.00719,0.00508018,0.669325,-1.25375,0.0363569,0.703482,-1.43412,-0.0286076,0.652738,-0.872183,-0.0328654,0.934747,-0.538011,-0.0874437,1.40796,-0.266267,-0.272365,-0.22676,-0.0473989,0.344637,0.149505,3.57963,-0.417294,-2.06932,3.77251,-0.408121,-1.3189,2.41105,
-2.73495,-4.78855,0.935798,-1.20595,-3.45703,0.270104,-3.01096,19.3046,13.591,-4.46031,42.9888,50.0548,0,0,0,0,0,0,0,0,0,0,0,0,0.0639585,0.761871,-1.44124,-0.00482559,0.719693,-0.9196,-0.000388258,0.571525,-0.942489,-0.000737888,0.647642,-1.2118,-0.0025329,0.645237,-1.40905,-0.0182759,0.637879,-0.835707,-0.0637402,0.865274,-0.582327,-0.0901987,1.39281,-0.227598,-0.512266,-0.903508,0.463563,0.258991,-0.579286,2.41335,-0.262997,-1.74911,3.45442,-0.255573,-1.1137,2.2646,
-4.29661,-5.96203,3.18611,-0.917383,-1.02513,-0.29291,-3.3142,13.3732,11.0468,-4.37048,42.0802,50.4724,0,0,0,0,0,0,0,0,0,0,0,0,0.0485825,0.735132,-1.43066,-0.000200042,0.699081,-0.88068,-0.00321661,0.542089,-0.876808,-0.00339523,0.628289,-1.16633,-0.0602239,0.571467,-1.34489,-0.0111815,0.638233,-0.827037,-0.0649094,0.753666,-0.591508,-0.0839321,1.37116,-0.186695,-0.937635,-1.68863,0.850588,0.174112,-1.28972,1.80182,-0.0438376,-0.964666,2.58039,-0.0328035,-0.679144,1.89321,
-6.54916,-3.33271,6.43527,-0.132202,0.735879,-1.005,-2.13704,7.92547,6.21053,-4.19402,39.2849,52.7379,0,0,0,0,0,0,0,0,0,0,0,0,0.025225,0.6932,-1.40389,0.00252176,0.674851,-0.853985,-0.00342643,0.530064,-0.834503,-0.0032874,0.618325,-1.13414,-0.148752,0.533423,-1.21028,0.00446358,0.646697,-0.838064,-0.0417703,0.650523,-0.648362,-0.0789602,1.31552,-0.117135,-1.67753,-3.03056,2.34089,0.132779,-1.26907,1.04481,0.0156274,-0.722367,2.23736,0.0177884,-0.521755,1.7762,
-9.45372,4.41826,10.9057,-0.840437,1.74663,-9.9589,0.529219,4.12748,-6.25226,-4.40015,35.3912,54.3193,0,0,0,0,0,0,0,0,0,0,0,0,-0.0234638,0.616398,-1.32854,0.00830949,0.652647,-0.843407,-0.00112497,0.517396,-0.786826,-0.000376394,0.605635,-1.09235,-0.283766,0.574893,-0.978249,0.00759443,0.659125,-1.02043,0.0133638,0.582684,-0.828579,-0.0712362,1.22592,-0.035657,-2.7016,-3.72278,4.64473,0.445061,-0.772406,0.123775,0.148702,-0.298128,2.1977,0.279365,-0.708626,2.11046,
-3.77492,3.66204,11.1395,-3.42785,1.36589,-9.58552,-0.246766,7.43356,-10.1721,-5.71605,31.3969,45.3634,0,0,0,0,0,0,0,0,0,0,0,0,-0.0957552,0.547966,-1.20158,0.0224731,0.652413,-0.896456,0.00313443,0.529427,-0.791086,0.0107973,0.583487,-1.03654,-0.29262,0.53358,-0.750114,-0.0159101,0.693975,-1.22716,0.002715,0.703613,-1.03736,-0.0699964,1.10947,-0.112625,-3.91813,-2.47405,7.60628,0.731543,0.511098,-4.77952,0.124276,1.19258,-1.87373,0.706889,-1.37107,3.02886,
3.69818,-11.1783,3.30999,-2.83,-3.25235,-3.98328,0.278151,6.06403,-1.95061,-6.36541,28.9883,28.7795,0,0,0,0,0,0,0,0,0,0,0,0,-0.168732,0.515814,-1.05399,0.0332722,0.663023,-0.997062,0.00357813,0.565448,-0.855049,0.0275082,0.552751,-0.973677,-0.229278,0.24984,-0.649134,-0.00428363,0.642735,-1.33246,0.00206927,0.790394,-1.12098,-0.0538118,1.01733,-0.327168,-3.90454,-1.91686,10.5317,0.424682,1.18694,-8.03536,-0.200632,3.50443,-7.04211,1.05156,-1.90918,3.76583,
0.930098,-22.2152,28.5556,4.4537,3.38507,-4.71226,2.38882,-2.61092,-15.5129,6.73211,24.0572,18.8543,0,0,0,0,0,0,0,0,0,0,0,0,-0.203674,0.558783,-1.04659,0.0273311,0.676303,-1.13868,-0.00891008,0.642481,-0.973996,0.0447585,0.515913,-0.89481,-0.188515,0.305906,-0.7549,0.0770197,0.745726,-1.41183,-0.00763325,0.726103,-1.41477,0.16691,0.929872,-0.46818,-0.0535302,4.61499,-6.95151,-0.956012,0.240666,-5.72836,-1.28811,4.00563,-4.84977,-0.00765142,-0.716348,2.56129,
3.53314,-21.4888,20.2899,2.96961,4.00297,-1.06255,-0.0832547,-5.93307,-8.52119,7.67571,6.24206,5.78248,0,0,0,0,0,0,0,0,0,0,0,0,-0.217049,0.649892,-1.14631,0.0203223,0.690472,-1.27941,-0.0385894,0.749747,-1.155,0.0324605,0.531651,-0.865797,-0.170878,0.372519,-0.864784,0.105612,0.799573,-1.47756,-0.0573606,0.764035,-1.61801,0.157411,0.694211,-0.744216,-0.552052,3.46294,-2.67004,0.956296,1.10976,-5.46408,-0.52731,3.73273,-9.4134,-0.446343,1.49928,0.502511,
5.66603,-27.4311,11.5133,1.27273,-1.37969,4.78278,0.00702003,-5.21833,-2.45609,8.64808,-3.9154,-6.94674,0,0,0,0,0,0,0,0,0,0,0,0,-0.226457,0.702386,-1.17597,0.0445708,0.710216,-1.34821,-0.0408953,0.785063,-1.28724,0.0255102,0.563406,-0.864048,-0.144273,0.308042,-1.01156,0.130132,0.74032,-1.40518,-0.0487305,0.750694,-1.65426,0.167754,0.569337,-0.998539,-0.636617,3.1901,-1.37279,1.90731,1.68632,-4.39792,-0.243309,1.84893,-9.85013,-0.458166,2.35643,-0.250173,
7.22247,-24.4341,5.87003,-2.28701,-6.62733,4.89427,1.24231,-2.44891,2.71786,7.76927,-12.6511,-1.89031,0,0,0,0,0,0,0,0,0,0,0,0,-0.24364,0.776221,-1.19661,0.0930913,0.738548,-1.39805,-0.0468812,0.791423,-1.49141,0.0272061,0.626901,-0.903946,-0.137722,0.430894,-1.10935,0.113726,0.627927,-1.30205,-0.0281276,0.71079,-1.64069,0.166869,0.497747,-1.00082,-0.776082,3.02282,-0.595049,1.90107,0.301774,0.214167,-0.117145,-1.10331,-6.07148,-0.0487901,3.08201,-1.90997,
6.23566,-22.4927,6.80514,-5.80685,-6.81028,3.03962,-0.151192,-1.35654,0.271172,5.09351,-16.8644,1.18244,0,0,0,0,0,0,0,0,0,0,0,0,-0.258749,0.843583,-1.21177,0.126689,0.719595,-1.36162,-0.0456643,0.750809,-1.57616,0.0204942,0.69493,-0.93019,-0.161453,0.537773,-1.12047,0.0575029,0.522614,-1.20115,-0.0397869,0.650977,-1.64797,0.108175,0.481171,-0.9339,-0.491323,3.15175,-0.990847,1.112,-2.23539,3.21453,0.263584,-2.29679,-2.345,-0.150602,2.83763,-0.770277,
-0.135563,-29.5499,4.70259,-6.42193,-24.6841,15.2676,0.233904,-2.58556,4.58893,2.27031,-14.5499,-5.43305,0,0,0,0,0,0,0,0,0,0,0,0,-0.260141,0.894647,-1.22892,0.131646,0.781174,-1.3988,-0.038773,0.715369,-1.60515,0.0247086,0.734967,-0.934213,-0.256888,0.461303,-1.17856,0.032019,0.453487,-1.18391,-0.0220772,0.592672,-1.5695,0.0828158,0.542602,-1.02707,0.174695,3.17554,-1.07369,0.523583,3.70073,-1.91601,0.380205,-2.31264,-1.45986,0.514215,2.20546,0.180971,
-0.553524,-34.7018,1.44606,-6.17717,-28.1042,14.9868,0.665485,-0.167776,3.23286,0.41115,-16.861,-10.0304,0,0,0,0,0,0,0,0,0,0,0,0,-0.252161,0.960762,-1.24542,0.146715,0.854827,-1.42637,-0.0346186,0.657015,-1.60468,0.0396189,0.778133,-0.921444,-0.252384,0.421475,-1.23008,0.0538263,0.447618,-1.18151,-0.0215424,0.557182,-1.49671,0.0669044,0.536206,-1.08334,0.300711,2.80058,-0.334639,0.593486,3.17097,-0.844229,0.0298373,-2.95722,1.50305,0.605309,1.97499,0.625677,
-0.342277,-37.6228,-1.92958,-5.52646,-28.7165,14.385,0.242505,0.15702,4.88118,0.00518757,-16.7853,-16.3189,0,0,0,0,0,0,0,0,0,0,0,0,-0.247864,1.00774,-1.24475,0.155896,0.90919,-1.43551,-0.0365833,0.608773,-1.57337,0.0490837,0.814198,-0.913869,-0.247854,0.404286,-1.27022,0.0701081,0.481989,-1.18307,-0.0367788,0.524743,-1.40059,0.0643675,0.578885,-1.1968,0.190451,2.46261,0.293756,0.448953,2.90024,-0.277971,-0.140698,-2.6548,2.56781,0.464123,2.13504,0.421019,
2.52333,-40.2953,-6.61931,-3.05215,-29.2575,13.7272,-0.367962,-1.53713,5.13358,-2.17404,-14.6723,-19.7531,0,0,0,0,0,0,0,0,0,0,0,0,-0.244937,1.06179,-1.23017,0.164833,0.974372,-1.43539,-0.0428151,0.55151,-1.49285,0.0563765,0.86216,-0.959127,-0.196198,0.397668,-1.32395,0.120355,0.526096,-1.17888,-0.0620335,0.4545,-1.27477,0.0203021,0.633726,-1.46637,0.0873789,2.09364,0.811899,0.336564,2.5568,0.211715,-0.382804,-2.11025,3.81155,0.10553,1.17134,-4.52498,
3.16861,-45.2494,-6.49113,-4.38603,-25.5256,19.0895,-1.25321,-4.81683,-4.74534,-2.52727,-17.8157,-16.684,0,0,0,0,0,0,0,0,0,0,0,0,-0.242726,1.10136,-1.21218,0.172181,1.02221,-1.42813,-0.0522353,0.511684,-1.41154,0.0582788,0.900373,-1.0707,-0.180488,0.340945,-1.29991,0.105865,0.632144,-1.06628,-0.0915199,0.346147,-1.32164,0.0112001,0.618942,-1.74716,0.14139,1.90353,0.925362,0.410349,2.26231,0.451089,-0.504133,-2.38206,5.38325,-0.0344763,1.29834,-11.4007,
8.45461,-40.8533,-3.96695,1.43733,-27.6779,10.5789,-10.5461,-12.5951,-2.17455,-2.57463,-8.08973,-5.70204,0,0,0,0,0,0,0,0,0,0,0,0,-0.236966,1.1444,-1.18773,0.184421,1.07137,-1.4116,-0.0617266,0.499098,-1.36383,0.0495475,0.828139,-1.3261,-0.0803815,0.453132,-1.21938,0.221518,0.63092,-1.19248,-0.246922,0.408073,-1.53774,-0.00941725,0.521082,-1.86694,0.0875107,1.57415,1.23666,0.335002,1.91842,0.818002,0.200223,4.21594,-4.10583,-0.371349,-4.88801,-13.3578,
4.91996,-53.4156,11.2861,-5.34202,-32.7893,5.84444,-2.95888,-29.1649,-18.5783,1.71512,-9.85195,2.34817,0,0,0,0,0,0,0,0,0,0,0,0,-0.239102,1.17142,-1.15941,0.186914,1.10772,-1.3946,-0.065833,0.567369,-1.42921,0.0397447,0.693492,-1.50636,-0.156132,0.240203,-0.904664,0.0908553,0.56837,-1.25955,-0.158841,0.0908666,-1.84935,0.0511373,0.272585,-1.8599,-0.198126,1.22154,1.51385,0.0326506,1.736,0.879638,-1.19808,1.64293,-2.51637,-0.604736,-7.38774,-12.1071,
11.9959,-56.3978,14.0912,-4.29872,-40.5561,9.89704,5.3569,-19.8819,4.06793,4.42016,-2.39158,12.8691,0,0,0,0,0,0,0,0,0,0,0,0,-0.249168,1.18605,-1.12334,0.18006,1.13705,-1.37687,-0.0886884,0.565864,-1.54776,0.0314666,0.514005,-1.70509,-0.0592495,0.176292,-0.786158,0.0780454,0.449761,-1.15897,-0.0603577,0.0456329,-1.74497,0.105505,0.117742,-1.64072,-0.861319,0.478418,2.47431,-0.72894,1.53073,1.15972,-2.11039,-4.85043,-8.28579,-0.193371,-10.7794,-5.18277,
9.7148,-56.8427,9.85512,-7.80788,-41.117,-0.799669,4.35443,-3.22884,12.8965,6.51883,1.03686,8.55551,0,0,0,0,0,0,0,0,0,0,0,0,-0.26665,1.18772,-1.04938,0.163753,1.16323,-1.33295,-0.122809,0.354819,-1.6562,0.0452583,0.292327,-1.72654,-0.104974,0.147126,-0.7327,0.00651568,0.441135,-1.24913,-0.0548141,-0.0786015,-1.48143,0.213389,0.00393474,-1.45954,-0.457022,-0.216533,4.20134,-0.46677,0.77875,3.00558,-0.341505,-11.4496,-1.82432,1.51576,-9.38801,3.40516,
14.838,-31.3828,-16.6229,-12.6503,-24.4181,-33.6089,2.69623,40.5009,59.0412,7.27569,35.2692,57.4911,0,0,0,0,0,0,0,0,0,0,0,0,-0.271921,1.17916,-0.968205,0.157872,1.1711,-1.27213,-0.118575,0.179388,-1.651,0.0792818,0.168156,-1.6613,-0.0135443,0.58159,-1.08383,-0.0853188,0.737189,-1.74417,-0.048472,0.555979,-0.435838,0.29858,0.57394,-0.422946,-0.348463,-0.82424,5.70207,-0.402879,0.307184,4.24832,0.644117,-10.9935,4.32922,2.65873,-7.19507,5.89911,
19.7852,-2.00893,-41.3589,-0.822738,-23.9515,-10.369,-5.90561,49.7411,24.3982,-22.9031,39.4484,25.4016,0,0,0,0,0,0,0,0,0,0,0,0,-0.28003,1.15562,-0.82881,0.133148,1.17876,-1.25157,-0.0900293,-0.00405776,-1.38016,0.14883,0.0542006,-1.37528,0.0736505,1.12388,-1.44537,0.0294328,0.726102,-1.77719,-0.1113,0.815224,-0.0678294,-0.18535,0.729384,-0.0141724,-0.184875,0.146294,4.13794,-2.71199,-0.524936,-10.3002,2.63097,-2.60032,26.5444,2.51289,-1.28519,27.4773,
6.16323,-13.2301,-3.77171,2.26212,10.8497,-0.668936,1.3023,38.8084,65.9315,-15.0236,46.3045,60.5935,0,0,0,0,0,0,0,0,0,0,0,0,-0.22046,1.2131,-1.02033,0.0514664,1.03485,-1.50729,-0.065707,0.0804651,-1.21916,0.171047,0.120082,-1.264,0.0908658,1.05223,-1.65304,-0.0141063,0.884411,-1.82849,-0.0397174,0.913294,-0.23633,-0.0935443,1.04054,-0.245996,6.08871,2.43474,-17.2375,-3.26035,-10.6242,-9.44296,0.0706251,3.88733,-6.59757,0.261742,2.40045,-2.55741,
2.6678,-10.5294,-5.79796,-1.06986,-3.78888,3.34581,7.82771,58.425,48.2846,-9.38184,56.5957,54.7372,0,0,0,0,0,0,0,0,0,0,0,0,-0.0673958,1.17058,-1.31192,0.0021407,0.825305,-1.68635,-0.074075,0.103811,-1.24247,0.161391,0.132813,-1.26121,0.182354,0.850944,-1.82478,-0.0639642,0.549034,-1.87044,0.0412479,1.1679,-0.332837,-0.040875,1.16188,-0.233491,6.14912,-3.91694,-12.4497,-1.42551,-6.33669,-7.48362,-0.824974,0.0555448,0.969514,-0.968212,0.00156413,0.992946,
-0.479822,-9.03652,-2.95798,-0.547115,-9.22887,-0.597322,15.4329,59.0901,44.853,-6.7916,60,48.5357,0,0,0,0,0,0,0,0,0,0,0,0,0.0267951,1.07497,-1.5048,-0.0162787,0.739582,-1.77681,-0.0921544,0.100587,-1.21434,0.140127,0.131105,-1.23874,0.184082,0.696082,-1.89922,-0.0530458,0.394997,-1.88673,0.159074,1.17091,-0.345819,-0.0191128,1.35916,-0.311487,5.07257,-6.55675,-10.4084,-0.819486,-5.40182,-3.02692,-0.897394,-0.123398,1.61973,-1.09255,-0.0628395,1.36857,
-4.97684,-1.00966,6.90961,-1.45837,-1.88452,0.856079,14.66,58.0506,44.874,-9.08783,60,49.9542,0,0,0,0,0,0,0,0,0,0,0,0,0.122265,0.903329,-1.69688,-0.0232006,0.599879,-1.82069,-0.10634,0.106316,-1.18628,0.12146,0.136369,-1.21125,0.14507,0.605202,-1.81051,-0.0448316,0.334678,-1.85699,0.146901,1.18433,-0.342879,-0.0637331,1.41515,-0.269213,3.46174,-8.54852,-7.31087,0.149261,-7.05641,-1.58484,-0.406547,0.688965,0.840473,-0.609898,0.59648,1.03202,
-2.39065,5.03754,5.38535,-2.15979,1.77996,1.01333,12.7238,58.8003,46.4103,-11.9027,60,49.908,0,0,0,0,0,0,0,0,0,0,0,0,0.161655,0.756511,-1.78146,-0.0163562,0.479972,-1.84039,-0.111605,0.127215,-1.17895,0.112611,0.155004,-1.19857,0.152869,0.592092,-1.74697,-0.0413747,0.307052,-1.8367,0.110794,1.24543,-0.330464,-0.119205,1.37846,-0.276506,1.05967,-7.82255,-1.93804,0.435424,-6.27255,-0.449928,-0.273246,1.50082,0.142498,-0.470642,1.37491,0.447517,
0.548408,3.80238,0.795554,-2.80373,1.75508,1.82922,12.1033,54.2168,47.8645,-12.4387,60,49.4081,0,0,0,0,0,0,0,0,0,0,0,0,0.159077,0.624697,-1.78297,-0.0071794,0.369927,-1.84092,-0.11701,0.170334,-1.18318,0.102964,0.19525,-1.19566,0.143769,0.554202,-1.7354,-0.0470858,0.275347,-1.80109,0.0949015,1.23209,-0.327102,-0.137504,1.40063,-0.300986,-0.772417,-4.26645,1.01171,0.338264,-3.86499,0.20054,-0.248996,2.32197,-0.4335,-0.437257,2.19166,-0.111802,
2.53591,-0.0963736,0.547838,-1.91648,-0.309792,0.811217,10.7767,52.4653,47.3705,-12.6232,55.6352,50.2666,0,0,0,0,0,0,0,0,0,0,0,0,0.133505,0.56489,-1.75952,-0.00408854,0.306485,-1.82595,-0.122791,0.233874,-1.19687,0.0927959,0.256034,-1.20199,0.142447,0.514137,-1.71877,-0.0413909,0.239369,-1.77642,0.064884,1.2808,-0.354667,-0.150853,1.35778,-0.298466,-1.13562,-1.49726,0.94076,-0.0750854,-1.87867,1.0628,-0.252541,2.84204,-0.582968,-0.431941,2.7561,-0.318166,
2.20351,-2.03687,0.362036,-1.34174,-1.07256,0.948573,10.1054,50.7038,45.7281,-12.2414,52.3432,49.4724,0,0,0,0,0,0,0,0,0,0,0,0,0.118448,0.547827,-1.74543,-0.00597916,0.28375,-1.81025,-0.126397,0.280508,-1.2049,0.0863352,0.301246,-1.2055,0.134653,0.477842,-1.70471,-0.0345431,0.221133,-1.75481,0.050735,1.29902,-0.387187,-0.148666,1.34618,-0.309516,-0.729015,-1.00683,1.04329,-0.127376,-1.31743,1.16703,-0.20174,2.95225,-0.418737,-0.379829,2.84885,-0.107452,
2.62279,-5.02873,-1.24198,-1.92141,-7.15814,-1.96588,10.1049,53.3811,48.3834,-11.3991,57.877,55.3335,0,0,0,0,0,0,0,0,0,0,0,0,0.108836,0.523368,-1.72193,-0.00766459,0.256809,-1.78249,-0.130076,0.346048,-1.20997,0.0787586,0.363853,-1.20268,0.147941,0.390588,-1.71208,-0.0433628,0.0893055,-1.7774,0.0489935,1.41468,-0.332505,-0.138899,1.50894,-0.185766,-0.262204,-1.26342,0.990728,-0.0233295,-1.14141,1.24761,-0.142251,2.99641,-0.068222,-0.317803,2.83488,0.331567,
1.74691,-5.8535,1.0907,-1.32254,-5.80143,1.25175,8.3752,50.7331,46.8856,-11.5187,54.3106,52.0408,0,0,0,0,0,0,0,0,0,0,0,0,0.106719,0.490687,-1.70849,-0.00782301,0.227058,-1.76539,-0.132695,0.41705,-1.20472,0.0719411,0.429935,-1.18636,0.141935,0.320971,-1.67656,-0.0319077,0.0506286,-1.73302,0.0175687,1.43499,-0.336583,-0.145231,1.50452,-0.206798,0.105533,-1.93382,0.369623,-0.00117782,-2.16789,0.293486,-0.0615002,2.91858,0.478909,-0.23654,2.66201,1.01947,
1.17802,-6.33436,2.9164,0.0127833,-4.28944,4.59329,7.72177,46.6079,44.4467,-10.7069,49.8764,46.3456,0,0,0,0,0,0,0,0,0,0,0,0,0.109357,0.451466,-1.70046,-0.00784817,0.180947,-1.75878,-0.133413,0.463729,-1.19386,0.0684674,0.471983,-1.16617,0.135676,0.237935,-1.61443,-0.00767689,-0.00674504,-1.64507,0.00482615,1.40719,-0.358653,-0.133871,1.46509,-0.277456,0.149714,-3.00547,1.00853,-0.00186831,-3.35201,0.922691,-0.0658942,2.93465,0.827501,-0.234257,2.63587,1.40773,
1.35309,-5.1844,3.85015,1.38825,-3.7701,5.79264,6.56447,39.4817,40.6454,-9.61639,41.7969,39.4652,0,0,0,0,0,0,0,0,0,0,0,0,0.11047,0.370182,-1.66115,-0.00646268,0.100123,-1.71467,-0.136147,0.529562,-1.17057,0.0622974,0.53128,-1.13084,0.13449,0.138978,-1.51321,0.0254661,-0.093146,-1.51227,-0.0223214,1.34728,-0.391193,-0.122761,1.38138,-0.355698,-0.0177663,-4.18435,2.38125,0.204352,-3.81094,2.96624,-0.168937,3.05151,1.23358,-0.312137,2.75471,1.75974,
1.62651,-3.42694,5.18778,1.11326,-2.07189,5.71417,6.02432,31.0389,35.6622,-8.03239,32.671,34.6812,0,0,0,0,0,0,0,0,0,0,0,0,0.108926,0.266234,-1.59172,0.00480814,0.0109715,-1.62434,-0.141791,0.603315,-1.13419,0.0536698,0.597949,-1.08248,0.136482,0.0541556,-1.3776,0.0486765,-0.152395,-1.36335,-0.0421666,1.26731,-0.426983,-0.105784,1.28254,-0.378673,-0.0616114,-4.57631,3.66025,0.721943,-3.84071,4.80035,-0.302774,3.04491,1.79684,-0.409776,2.7675,2.23796,
0.437118,0.427354,2.66607,-0.445665,2.11125,4.29018,6.74408,22.665,27.1795,-6.90194,27.5713,26.6687,0,0,0,0,0,0,0,0,0,0,0,0,0.108216,0.188123,-1.52411,0.0204261,-0.0520928,-1.53931,-0.148223,0.656465,-1.09598,0.045498,0.645886,-1.03602,0.119011,0.0450511,-1.30686,0.0428629,-0.133083,-1.26357,-0.0381209,1.16069,-0.522394,-0.0952654,1.23031,-0.458145,0.0869961,-4.60906,5.15687,0.933162,-3.64761,6.04188,-0.382489,2.81524,2.42662,-0.466691,2.54013,2.84123,
-0.607121,3.06674,4.82307,-1.58538,2.9189,2.13333,6.85699,11.988,16.2471,-5.6006,15.9113,19.0641,0,0,0,0,0,0,0,0,0,0,0,0,0.108705,0.10392,-1.42969,0.0408339,-0.114303,-1.42573,-0.157081,0.715709,-1.02737,0.033763,0.699748,-0.957409,0.0949963,0.0588433,-1.21525,0.0352409,-0.127222,-1.22279,-0.0490305,1.0212,-0.633977,-0.0857426,1.06528,-0.495894,-0.0815808,-3.08108,3.87293,0.709869,-2.01635,5.01562,-0.507894,2.67459,2.99428,-0.540118,2.3295,3.51068,
-1.36979,4.4689,3.10344,-0.968817,12.3209,9.53884,6.44345,-1.04923,8.57154,-3.37717,-19.2017,-15.9189,0,0,0,0,0,0,0,0,0,0,0,0,0.103052,0.0632372,-1.35995,0.0470218,-0.133744,-1.34292,-0.168453,0.766408,-0.968587,0.0100847,0.771046,-0.78806,0.0628085,0.088221,-1.15705,0.0314003,0.0752912,-1.03129,-0.0774202,0.844381,-0.712491,-0.108952,0.599858,-0.704059,-0.468664,-1.71933,4.47581,0.0609072,-0.457757,4.22281,-0.798137,2.96541,3.06318,-1.76102,5.43684,11.4105,
-6.79331,13.5172,4.16573,0.979512,26.7043,5.19549,2.96865,-5.98438,-9.95302,1.82841,-19.9163,-10.0148,0,0,0,0,0,0,0,0,0,0,0,0,0.0926041,0.0451908,-1.26117,0.040711,-0.115014,-1.21826,-0.185711,0.829654,-0.882039,-0.0376793,0.8859,-0.652641,-0.0413672,0.289462,-1.06875,0.0437186,0.446839,-0.91609,-0.152661,0.791845,-0.935418,-0.0810369,0.570351,-0.775374,-0.319506,-0.0457209,3.56519,-0.452277,2.332,6.34661,-0.63937,2.16939,3.89841,-2.3406,1.42283,1.81364,
-6.99175,19.2969,4.40413,3.63855,24.2678,22.3988,-0.48849,-8.68605,-17.0339,4.29613,-6.86654,-8.5809,0,0,0,0,0,0,0,0,0,0,0,0,0.0856609,0.0593695,-1.21345,0.0365113,-0.0424091,-1.1586,-0.190403,0.863649,-0.836922,-0.0724944,0.868272,-0.649023,-0.0702559,0.48344,-1.02915,0.09261,0.675396,-0.986862,-0.201819,0.818951,-1.11611,-0.0520396,0.66362,-0.85348,-0.879818,2.23722,3.18473,-0.307285,8.45082,-7.19635,-0.0774431,3.45983,0.932387,-1.76173,-2.43851,-1.48014,
-13.6704,-7.35515,29.1554,5.99174,5.20582,24.5909,3.6586,-12.5967,-21.5383,8.47729,-31.5185,-24.2177,0,0,0,0,0,0,0,0,0,0,0,0,0.0729615,0.223965,-1.31607,0.0317879,0.173169,-1.36731,-0.185952,0.95893,-0.900565,-0.0881224,0.858006,-0.668641,-0.18218,0.370591,-1.01362,0.131957,0.552511,-1.13395,-0.121284,0.858805,-1.43256,0.0685617,0.434569,-1.06164,-0.201329,8.56645,-6.95574,-0.268008,8.69888,-6.53126,-0.0565723,3.93878,-4.2896,0.0779644,4.57192,1.44587,
-17.1872,-14.6363,33.0849,4.89358,2.55343,19.906,5.39874,-16.6939,-34.6673,8.48014,-42.4556,-18.9096,0,0,0,0,0,0,0,0,0,0,0,0,0.0683468,0.371631,-1.41106,0.0266084,0.32865,-1.45923,-0.190902,1.06127,-0.914927,-0.0885937,0.940845,-0.667193,-0.250464,0.364021,-0.948598,0.108484,0.646513,-1.23855,-0.107925,0.999289,-1.64502,0.0770698,0.308353,-1.02139,-0.193004,7.89878,-4.24961,-0.216905,8.29393,-4.31598,-0.463882,7.38057,-3.04888,0.350749,4.26032,-0.317233,
-11.8742,-17.5602,31.3992,8.67769,-10.037,21.928,1.40902,-20.2883,-2.71902,8.65175,-45.2482,-28.1499,0,0,0,0,0,0,0,0,0,0,0,0,0.062182,0.532521,-1.48288,0.019807,0.498097,-1.52902,-0.189618,1.22124,-1.17353,-0.0823381,1.03692,-0.623011,-0.170053,0.43515,-0.993987,0.160314,0.553126,-1.21416,-0.134253,1.00259,-1.70347,0.0775703,0.337518,-1.02857,-0.499316,6.78044,-2.50549,-0.527657,7.25754,-2.56158,0.908935,4.59034,-14.6821,0.0795631,3.76724,3.24669,
-13.2731,-22.4323,32.8696,6.9731,-14.5999,19.6909,1.98875,-25.3352,-11.2208,7.29976,-45.0014,-32.451,0,0,0,0,0,0,0,0,0,0,0,0,0.0509389,0.668098,-1.52355,0.007987,0.645059,-1.5738,-0.184041,1.32255,-1.30127,-0.0792011,1.11455,-0.572783,-0.200056,0.446322,-0.972876,0.12419,0.579905,-1.26503,-0.13668,0.983787,-1.72838,0.0649049,0.405542,-1.0672,-0.295382,5.68591,-1.43464,-0.323295,6.12024,-1.50452,0.342299,3.72391,-6.81682,0.347818,3.33673,2.92108,
-13.5469,-23.68,35.0819,5.07015,-18.0182,19.3262,3.40515,-23.529,-19.9613,6.79616,-46.9313,-28.5872,0,0,0,0,0,0,0,0,0,0,0,0,0.0475668,0.761267,-1.54335,0.00408949,0.745516,-1.59496,-0.185804,1.39847,-1.35362,-0.0710097,1.16999,-0.553749,-0.206459,0.486099,-0.932205,0.0875913,0.587859,-1.27646,-0.136214,1.11326,-1.72378,0.0629438,0.441121,-1.07135,-0.235876,4.74764,-0.816122,-0.265306,5.19279,-1.00489,-0.376521,4.35685,-0.220795,0.317381,3.80205,0.06625,
-11.493,-24.585,39.5424,3.99243,-25.1245,23.9871,3.78685,-18.0027,-19.6045,10.9975,-48.2285,-35.0223,0,0,0,0,0,0,0,0,0,0,0,0,0.0405653,0.852035,-1.55215,-0.00350745,0.847624,-1.61171,-0.192302,1.46746,-1.38576,-0.068635,1.22793,-0.554863,-0.18198,0.523644,-0.83369,0.0547194,0.528947,-1.19337,-0.132949,1.22512,-1.80321,0.127977,0.439843,-1.14131,-0.414999,3.62415,-0.0149759,-0.438863,4.22073,-0.543597,-0.290215,2.59659,-1.86396,-0.102117,2.71327,1.53771,
-9.56514,-20.408,30.3218,4.67647,-26.765,25.9589,1.42522,-25.4622,-14.2863,8.74225,-40.2253,-34.5108,0,0,0,0,0,0,0,0,0,0,0,0,0.0313082,0.924103,-1.54273,-0.013241,0.934834,-1.61714,-0.193974,1.51967,-1.43811,-0.0631986,1.27468,-0.559254,-0.151104,0.6347,-0.965074,0.0628458,0.549758,-1.13881,-0.162575,1.12524,-1.83525,0.1284,0.599803,-1.26022,-0.259733,2.49487,0.805273,-0.273163,3.10322,0.194069,0.167637,2.09343,-4.19797,0.997602,1.72607,-2.24559,
-10.0483,-19.6309,19.831,8.74456,-27.3573,23.7996,1.72864,-31.3323,-17.3237,2.61749,-26.6933,-29.7536,0,0,0,0,0,0,0,0,0,0,0,0,0.028339,0.957846,-1.52433,-0.0163034,0.978053,-1.60885,-0.186292,1.52735,-1.50553,-0.0446989,1.31585,-0.604369,-0.156496,0.661038,-1.12171,0.140516,0.558272,-1.15269,-0.159482,1.01605,-1.77859,0.0584467,0.907131,-1.4193,-0.0653607,1.83691,1.28522,-0.0664008,2.37185,0.716184,-0.141149,1.784,1.28061,1.69751,2.34111,-8.37086,
-7.99089,-19.0157,12.4948,12.9063,-30.833,21.4366,-0.427536,-35.8848,-9.98425,-1.41781,-20.1738,-30.3296,0,0,0,0,0,0,0,0,0,0,0,0,0.0297117,0.989638,-1.49386,-0.0148365,1.02028,-1.58921,-0.182247,1.541,-1.48528,-0.0096538,1.39931,-0.772117,-0.108867,0.681997,-1.22345,0.226746,0.510579,-1.16837,-0.176961,0.901524,-1.59646,0.00687781,1.11931,-1.78337,0.205027,1.16415,1.32082,0.211538,1.55518,0.949728,0.399045,0.396582,2.14969,1.2928,2.6522,-14.0497,
-7.98725,-18.3853,11.2086,11.5641,-26.701,18.9239,-3.49179,-35.5747,-7.31901,-0.998555,-18.3892,-24.8972,0,0,0,0,0,0,0,0,0,0,0,0,0.0374438,1.01004,-1.46749,-0.0069357,1.04286,-1.57354,-0.172671,1.53649,-1.44724,0.00181555,1.46841,-0.979904,-0.0922921,0.69592,-1.23721,0.219036,0.589973,-1.20504,-0.213521,0.864333,-1.49098,-0.00511656,1.24872,-2.10643,0.473209,0.615937,0.809358,0.480196,0.995513,0.746583,0.691693,-0.774282,2.72977,0.342939,3.50357,-20.5899,
-13.6711,-20.2043,17.1256,8.53361,-29.0685,12.2291,-0.181109,-25.261,-25.6938,-0.910178,-18.4266,-0.539406,0,0,0,0,0,0,0,0,0,0,0,0,0.0468673,1.01749,-1.45735,0.00262917,1.05887,-1.56286,-0.152962,1.49445,-1.37043,-0.00256817,1.52242,-1.46481,-0.184239,0.658734,-1.13232,0.175524,0.54424,-1.33362,-0.128372,0.952912,-1.7196,-0.0289418,1.10202,-2.24801,0.53347,0.262637,0.417145,0.542014,0.424288,0.210733,0.851989,-2.51314,3.60519,-0.300208,-2.60856,-23.6313,
-9.32392,-16.46,13.6928,9.24451,-30.6329,13.1807,2.36296,-20.6245,-23.6177,-3.37229,-2.36429,-0.597342,0,0,0,0,0,0,0,0,0,0,0,0,0.0570724,1.01912,-1.4474,0.0130743,1.0647,-1.55821,-0.136799,1.43346,-1.33026,-0.00724609,1.35298,-1.83436,-0.105195,0.716086,-1.17672,0.188957,0.514802,-1.31082,-0.0791297,0.946049,-1.94336,-0.0757921,0.984805,-2.29973,0.221786,-0.11498,0.663735,0.238362,0.215953,0.23653,0.449355,-3.43498,-5.61277,-0.220967,-9.93633,-13.8878,
-4.54417,-11.7155,6.69284,7.09192,-32.2826,13.7323,0.703442,-21.3127,-13.6436,-4.00097,-0.166264,0.699461,0,0,0,0,0,0,0,0,0,0,0,0,0.0574446,1.0147,-1.43119,0.0138222,1.06831,-1.55175,-0.132251,1.3803,-1.47058,-0.0132796,1.1706,-2.04691,-0.0252304,0.792231,-1.27458,0.143472,0.486991,-1.28462,-0.0807482,0.804484,-2.16309,-0.10694,0.838642,-2.35295,-0.00164082,-0.289108,1.06717,0.0215766,0.172222,0.533249,1.18291,-5.75401,-13.58,-0.639091,-10.0507,-9.73982,
-6.61241,-6.87796,5.23179,-0.282811,-22.6039,9.96661,-0.466527,-13.4566,6.52374,-0.886881,-4.54308,9.57197,0,0,0,0,0,0,0,0,0,0,0,0,0.0606558,1.00874,-1.40077,0.0175964,1.07138,-1.53071,-0.0954845,1.13106,-1.80476,-0.0380219,0.963363,-2.21513,-0.0475994,0.879012,-1.26131,0.0251113,0.663216,-1.31072,-0.0639883,0.459788,-2.1168,-0.0962456,0.636532,-2.21468,0.365763,-0.142906,1.35478,0.38674,0.0859244,1.18511,1.22157,-13.0353,-13.1589,-1.28634,-7.46257,-5.30423,
-3.92021,-8.54337,7.9885,-2.81774,-19.6828,8.91142,-2.88855,-2.58611,25.5555,6.06812,-4.19384,24.8888,0,0,0,0,0,0,0,0,0,0,0,0,0.0680919,1.00801,-1.37857,0.0253206,1.07315,-1.50951,-0.080508,0.90139,-1.95204,-0.0616358,0.852083,-2.25524,0.0110496,0.853045,-1.18925,-0.0111702,0.720704,-1.30499,-0.107269,0.331068,-1.67072,-0.00599763,0.532385,-1.78763,0.434934,0.0112446,1.34686,0.450416,0.165594,1.29837,0.787053,-15.9898,-5.60148,-1.67112,-7.43862,0.460978,
-2.00544,-17.8994,10.0878,-7.18199,-33.4587,0.529039,-0.600259,15.3761,14.4849,6.20002,9.29855,27.0085,0,0,0,0,0,0,0,0,0,0,0,0,0.0788125,1.0113,-1.34624,0.0362798,1.07938,-1.47693,-0.0743353,0.538849,-1.88777,-0.0813778,0.677978,-2.088,0.0575765,0.693809,-1.11702,-0.0788734,0.482117,-1.41986,-0.0957106,0.399288,-1.31947,0.0436421,0.627125,-1.19741,0.465256,0.242913,1.39988,0.471421,0.338522,1.45006,-0.319658,-12.8066,9.31736,0.375598,-6.71972,12.2079,
-6.04564,-15.8722,-0.988574,-6.08915,-27.1418,-8.02715,2.77279,22.5506,21.6957,1.54878,16.4036,27.818,0,0,0,0,0,0,0,0,0,0,0,0,0.0870703,1.01945,-1.31043,0.0446451,1.09084,-1.44176,-0.0943029,0.360542,-1.72104,-0.0538266,0.578645,-1.8429,-0.0136854,0.74388,-1.26828,-0.056744,0.617362,-1.53227,-0.0673534,0.606081,-0.974534,0.0161107,0.772601,-0.762177,0.28004,0.397579,1.83687,0.284863,0.611403,1.69401,-0.71698,-5.02554,10.7568,1.27654,-3.18668,17.5676,
-3.60747,-13.5537,-10.0191,-3.24815,-19.3887,-8.91414,2.41784,15.9737,37.879,0.354165,11.9256,49.0543,0,0,0,0,0,0,0,0,0,0,0,0,0.0908544,1.02715,-1.27788,0.0485474,1.10292,-1.41358,-0.101,0.326386,-1.50283,-0.0362059,0.575879,-1.6242,0.0293272,0.793052,-1.41435,-0.00622211,0.771131,-1.54053,-0.058046,0.677913,-0.793107,-0.0270727,0.927796,-0.968567,0.124156,0.37677,1.3963,0.131013,0.633394,1.07332,-0.0307771,1.86684,0.642046,0.0823092,4.12768,-7.21903,
-0.174306,-6.58347,-2.49829,-1.77547,-19.4767,-9.95585,4.86743,30.0758,34.0216,0.218739,27.136,34.1617,0,0,0,0,0,0,0,0,0,0,0,0,0.0882543,1.01525,-1.29337,0.0493977,1.11394,-1.41198,-0.101658,0.351645,-1.54236,-0.0358755,0.610686,-1.68215,0.0701932,0.81527,-1.44029,0.0163296,0.772565,-1.61778,-0.0140468,0.892691,-0.920266,-0.0330042,1.10223,-1.06713,-0.455031,-2.45316,-3.10146,-0.0240429,0.389552,-0.757418,-0.0271099,-0.17682,0.107506,-0.0337873,-0.0560314,-0.186229,
-0.905343,-13.1945,-5.51357,-4.59769,-22.3366,-8.9988,5.88889,36.2791,25.1645,1.70287,31.6808,36.946,0,0,0,0,0,0,0,0,0,0,0,0,0.086312,1.01045,-1.31944,0.0486269,1.12045,-1.43549,-0.102038,0.335869,-1.52543,-0.0365508,0.596382,-1.67049,0.0704118,0.777809,-1.46474,-0.0345924,0.72677,-1.64912,0.00633173,0.959774,-1.03022,-0.00475987,1.13859,-0.968847,0.0171303,0.221884,-1.37652,0.0114615,0.380071,-1.52825,0.0396805,-1.09127,1.15123,0.0253506,-1.03291,0.913597,
1.17232,-17.6682,-2.21093,-9.29233,-20.4985,-14.4971,8.05538,45.0093,32.6956,-2.06599,37.6453,48.6099,0,0,0,0,0,0,0,0,0,0,0,0,0.090546,1.01835,-1.35479,0.0525517,1.12944,-1.47036,-0.0976984,0.312514,-1.50303,-0.0323266,0.572966,-1.64925,0.12447,0.713312,-1.45177,-0.10453,0.770466,-1.78427,0.0606406,1.10044,-0.88296,-0.057954,1.22433,-0.734612,0.385288,0.49509,-1.73497,0.362693,0.419273,-1.53755,0.362926,-0.92971,0.782211,0.364717,-1.01121,0.94164,
-2.64746,-21.5511,1.89164,-5.34574,-16.1838,-5.22968,8.43809,39.1329,36.7454,-3.26054,36.8116,49.4274,0,0,0,0,0,0,0,0,0,0,0,0,0.100989,1.03141,-1.39281,0.0558109,1.1304,-1.51722,-0.0884518,0.296147,-1.49126,-0.0230676,0.553369,-1.63071,0.0678504,0.659992,-1.41395,-0.0786024,0.770872,-1.7634,0.0770555,0.985395,-0.807463,-0.0706315,1.19373,-0.7045,0.458237,0.623917,-1.69703,-1.13722,-1.9946,-4.61664,0.369341,-0.680119,0.479698,0.35807,-0.884268,0.841141,
-5.32176,-19.4849,-0.271473,2.57533,-7.86971,6.12895,5.00661,36.3446,38.9458,-2.66122,37.7761,48.413,0,0,0,0,0,0,0,0,0,0,0,0,0.108608,1.0422,-1.42137,0.0100859,1.02918,-1.6163,-0.0829341,0.284382,-1.48188,-0.0179835,0.537097,-1.61469,0.0237928,0.705444,-1.47364,-0.0379615,0.635846,-1.65856,0.0160186,0.923469,-0.753311,-0.0595443,1.19367,-0.703179,0.364968,0.535124,-1.44627,-2.89885,-7.64636,-4.69611,0.242104,-0.663809,0.625407,0.208541,-0.924699,0.955497,
-4.67289,-18.2308,-0.401294,3.81182,-2.4571,7.97,5.75395,39.3851,38.2245,-1.7604,39.4134,47.7756,0,0,0,0,0,0,0,0,0,0,0,0,0.114247,1.05228,-1.45024,-0.0394337,0.821339,-1.66125,-0.0798351,0.268087,-1.46243,-0.0158638,0.515349,-1.59008,0.0321536,0.731217,-1.49119,-0.00499571,0.488638,-1.50617,0.0250856,0.960361,-0.734649,-0.0490034,1.20266,-0.686159,0.0876291,0.317981,-1.02853,-1.0654,-8.8008,0.310841,0.00926794,-0.727792,1.00205,-0.0345975,-0.895185,1.07791,
-1.74136,-12.8393,42.5584,-2.44521,-16.0782,41.4184,-1.45618,-16.9953,25.1901,6.63724,-21.9377,37.1462,0,0,0,0,0,0,0,0,0,0,0,0,-0.0018838,0.164839,-0.364695,0.00268844,0.151376,-0.351959,0.000545737,0.128659,-0.234277,-0.00110771,0.136558,-0.236872,-0.0488869,0.601079,-1.13918,-0.022072,0.458318,-1.10022,-0.0234508,0.352044,-0.690172,0.11378,0.319909,-0.484482,-0.468785,20.4625,-47.3083,0.601881,18.3111,-45.8737,0.0757622,16.2675,-27.9246,-0.176894,17.79,-28.2026,
-0.575205,-9.6293,-2.59949,-4.40611,2.55102,-32.0185,2.73877,-10.1199,-47.979,2.48442,-15.0238,-26.2661,0,0,0,0,0,0,0,0,0,0,0,0,-0.00925529,0.448176,-0.901452,0.0087234,0.365973,-0.87614,0.00182982,0.408543,-0.540613,0.00303625,0.45474,-0.517732,-0.0164119,0.460042,-1.09522,-0.0898799,0.494988,-1.59345,0.0510902,0.424376,-1.46827,0.0757854,0.369004,-0.862602,0.100883,5.71219,-4.47651,-0.565038,2.5249,-4.12967,-0.0163616,6.10591,-1.69016,0.842655,5.72685,4.05458,
3.08687,-0.30843,-5.28318,-8.71865,6.65677,37.8141,0.936536,-12.5932,-3.84386,-6.92295,-11.4101,-17.9622,0,0,0,0,0,0,0,0,0,0,0,0,-0.0102725,0.546271,-1.00122,-0.0083995,0.431958,-1.05066,-0.00447956,0.501432,-0.68382,0.0377507,0.521339,-0.535788,0.0478354,0.615155,-1.18691,-0.197252,0.709217,-0.912745,-0.00490122,0.484235,-1.50356,-0.028366,0.393806,-1.12991,0.0605899,2.27614,-2.73903,-0.926795,4.77359,-16.7938,-0.533182,6.47078,-22.9122,1.82585,2.44211,-8.17484,
-14.3718,3.96632,9.47868,3.55521,18.3931,7.2022,-0.802721,35.0408,61.5812,-0.772285,14.1287,31.3745,0,0,0,0,0,0,0,0,0,0,0,0,-0.00654428,0.570268,-1.06841,-0.0643425,0.480435,-1.17687,-0.0096713,0.55458,-1.12941,0.0615353,0.535365,-0.782274,-0.259747,0.686916,-1.04457,-0.132805,0.833777,-0.770586,-0.025943,1.14774,-0.442647,0.0467426,0.759509,-0.602286,0.247596,1.36074,-4.53729,-4.06703,0.578196,8.41298,-0.0512342,-1.34275,-13.2274,-0.0229515,-1.00043,-11.9306,
-3.40338,-19.2166,20.0466,22.3111,-21.3218,7.74154,-1.05217,2.53398,11.5932,-3.87932,11.2429,-22.2126,0,0,0,0,0,0,0,0,0,0,0,0,-0.0166424,0.5907,-1.10483,-0.130891,0.534116,-1.02816,-0.00592227,0.519939,-1.13966,0.0428766,0.489464,-0.858668,-0.158268,0.280282,-0.705528,0.177832,0.314912,-0.629332,-0.00792794,0.550976,-0.381211,-0.0820708,0.614307,-1.09182,-2.43669,1.19087,1.06399,-2.96184,5.14756,7.88564,0.523256,-0.459428,16.734,-1.66266,-2.4314,5.21625,
1.87785,-13.8724,8.28333,9.07238,-10.7225,-0.778481,5.60866,-1.15486,25.9386,1.27741,-1.20767,20.6461,0,0,0,0,0,0,0,0,0,0,0,0,-0.0708072,0.590602,-1.02615,-0.136367,0.602319,-0.815499,-0.00734815,0.581781,-0.907147,0.033718,0.573402,-1.02316,-0.0859721,0.485803,-1.16728,0.0776548,0.375427,-0.456789,0.0503442,0.659826,-0.641848,0.0145601,0.643861,-0.851332,-1.50662,4.50468,-8.9141,1.49934,-0.975888,11.3931,-1.3531,3.0263,-6.30401,-1.29505,2.82382,-6.2198,
-3.07783,-13.4668,23.3255,12.8203,-19.3667,20.0499,-9.80042,0.371197,17.5339,-13.8453,-8.73997,17.004,0,0,0,0,0,0,0,0,0,0,0,0,-0.0866656,0.651072,-1.15255,-0.15325,0.689014,-0.973114,-0.0180183,0.613705,-0.980906,0.0236348,0.608153,-1.10111,-0.143913,0.48961,-0.911293,0.0765612,0.433773,-0.792785,-0.183569,0.66166,-0.767812,-0.214932,0.487162,-0.883858,-0.03931,2.54796,-5.58684,-0.10038,2.96022,-5.62876,0.3862,1.25907,-3.22982,0.402285,1.15857,-2.80852,
2.03249,-9.04526,20.4534,16.1954,-29.2059,9.69223,-13.6199,-3.28069,-4.56197,-12.4478,-2.76835,-2.48615,0,0,0,0,0,0,0,0,0,0,0,0,-0.0694117,0.694024,-1.25012,-0.135168,0.723243,-1.03681,0.0128566,0.633563,-1.03684,0.054299,0.618131,-1.12851,-0.0179249,0.572646,-0.984311,0.175482,0.226468,-0.924533,-0.200143,0.584942,-1.16875,-0.138097,0.572787,-1.19455,0.444045,1.31635,-3.24111,0.494659,1.04629,-1.95379,1.05829,0.336975,-1.49617,1.03668,0.152459,-0.636711,
1.18888,-13.5922,9.41872,11.8519,-23.2003,-9.00893,-4.95218,-5.24249,-3.24368,-1.52227,-3.81495,-4.61502,0,0,0,0,0,0,0,0,0,0,0,0,-0.0715261,0.714725,-1.29702,-0.13662,0.742214,-1.06799,0.0020559,0.642818,-1.08535,0.0456016,0.620951,-1.14863,-0.0506826,0.493816,-1.16194,0.0786755,0.339724,-1.24778,-0.0991517,0.593904,-1.23749,-0.0470981,0.54577,-1.26173,-0.0236019,0.801245,-1.10494,-0.00591858,0.590702,-0.488626,-0.341243,1.41791,-2.84649,-1.98679,-0.17776,-0.892,
-1.23349,-9.5717,6.93183,6.88307,-15.8469,-12.4702,-4.35722,-0.556361,2.62057,4.39701,1.18141,-2.85265,0,0,0,0,0,0,0,0,0,0,0,0,-0.0698111,0.728178,-1.31004,-0.134745,0.750885,-1.07124,0.00405717,0.671312,-1.12674,0.00356045,0.612558,-1.16845,-0.0872056,0.583796,-1.21441,-0.00462871,0.483239,-1.31203,-0.0688007,0.723732,-1.16778,2.42628e-05,0.609097,-1.29344,0.153775,0.905945,-0.929234,0.151856,0.625747,-0.429586,0.194467,1.91082,-2.70996,-2.55083,-0.762097,-2.23449,
-0.663301,-6.43062,5.08775,4.5904,-7.56343,2.50114,0.332748,2.33195,12.4723,6.08135,2.83778,1.10857,0,0,0,0,0,0,0,0,0,0,0,0,-0.0676204,0.752719,-1.34231,-0.125968,0.76047,-1.12436,0.00538073,0.716047,-1.19411,-0.0371087,0.592063,-1.23681,-0.0821041,0.671897,-1.30377,-0.0284752,0.621175,-1.1729,0.00675869,0.817378,-1.06024,0.0454015,0.625081,-1.30641,-0.0740575,1.103,-1.64887,0.428725,-0.0543384,-2.87264,-0.142756,1.8007,-2.83846,-0.857384,-0.567689,-2.74253,
-1.33408,-5.02166,12.0477,7.55777,-9.38277,9.81365,0.36201,4.08185,22.7886,-0.259996,5.21363,3.57029,0,0,0,0,0,0,0,0,0,0,0,0,-0.0703812,0.778876,-1.38568,-0.129578,0.788301,-1.17271,0.0016127,0.753694,-1.25658,-0.03222,0.586125,-1.27767,-0.096981,0.729023,-1.23925,0.0038906,0.66231,-1.07065,0.00613967,0.882767,-0.936586,0.0040542,0.6835,-1.25823,-0.071617,1.26652,-2.21908,-0.120559,1.36294,-2.33341,-0.0627928,1.67621,-2.88265,1.25282,0.0788809,-1.38946,
1.06848,-9.06316,15.1521,10.2175,-11.1442,10.7312,-2.06754,4.21437,28.8944,-0.585915,1.9209,10.1838,0,0,0,0,0,0,0,0,0,0,0,0,-0.0728118,0.801499,-1.42573,-0.132872,0.813608,-1.21522,0.000351822,0.783156,-1.30761,-0.0129447,0.598133,-1.30444,-0.0601966,0.676413,-1.21876,0.0445611,0.656987,-1.09421,-0.0406879,0.913227,-0.873044,-0.0273215,0.685117,-1.2174,-0.208137,1.21301,-2.09382,-0.254809,1.40558,-2.26436,-0.105361,1.63307,-2.77418,-0.113781,1.59068,-2.99818,
1.06049,-10.7224,17.6302,10.1353,-11.4775,11.7271,-1.70951,5.48017,30.8167,-1.08486,2.0171,12.5983,0,0,0,0,0,0,0,0,0,0,0,0,-0.0771222,0.825043,-1.46843,-0.138053,0.841565,-1.26076,-0.000728121,0.813038,-1.36026,-0.0146221,0.627339,-1.36061,-0.0632085,0.660095,-1.20731,0.039698,0.669366,-1.11049,-0.0320987,0.946273,-0.864108,-0.035525,0.696803,-1.19927,-0.164022,0.916811,-1.8162,-0.199457,1.11475,-1.92355,-0.00881758,1.02652,-1.96029,-0.0359999,1.00192,-2.06923,
0.69875,-10.3797,18.4477,8.77217,-12.0279,11.272,-0.665858,7.18846,29.1599,-0.797674,2.2859,12.4497,0,0,0,0,0,0,0,0,0,0,0,0,-0.0794622,0.837251,-1.49501,-0.14091,0.857002,-1.28912,-0.00062524,0.824775,-1.38534,-0.0149317,0.639124,-1.38746,-0.0712981,0.669505,-1.20928,0.0130494,0.666101,-1.13795,-0.0124807,0.972574,-0.896829,-0.0299791,0.698704,-1.20681,-0.138736,0.640956,-1.51828,-0.169107,0.849059,-1.64332,0.00767108,0.522494,-1.27324,-0.0166292,0.550547,-1.39651,
0.315917,-9.28534,18.7343,7.77386,-13.2865,10.8014,0.117456,7.62397,24.9537,-0.244359,2.6537,12.545,0,0,0,0,0,0,0,0,0,0,0,0,-0.0820233,0.847256,-1.52244,-0.144061,0.871572,-1.31969,-0.000340691,0.830366,-1.40437,-0.0151111,0.646056,-1.40961,-0.0793612,0.688809,-1.21487,-0.0065861,0.646998,-1.16148,0.00236251,0.971957,-0.969912,-0.0195858,0.69993,-1.20581,-0.094167,0.317073,-1.00985,-0.11819,0.519402,-1.1665,0.0173444,0.0908751,-0.587979,-0.000973446,0.171878,-0.74237,
-0.138115,-9.01014,16.9576,5.52861,-13.7852,8.33994,0.340686,6.50836,20.0095,0.162587,2.81519,10.5514,0,0,0,0,0,0,0,0,0,0,0,0,-0.0828319,0.851618,-1.53939,-0.145338,0.88002,-1.34015,0.000811891,0.830368,-1.41316,-0.0142979,0.647797,-1.4215,-0.0843713,0.690743,-1.24619,-0.0443468,0.636659,-1.20766,0.00978842,0.947912,-1.05728,-0.00891202,0.699897,-1.24064,0.0296938,0.0900065,-0.461861,0.0143792,0.222386,-0.584903,0.0850132,-0.0241419,-0.242198,0.0742427,0.0279562,-0.335557,
-0.189145,-8.78218,14.8395,4.87885,-14.1926,5.2764,0.360017,5.57625,17.4561,1.08069,3.5662,10.554,0,0,0,0,0,0,0,0,0,0,0,0,-0.0818919,0.852108,-1.54394,-0.144609,0.882334,-1.34667,0.0023222,0.830051,-1.41601,-0.0129204,0.648159,-1.42564,-0.083208,0.692361,-1.27984,-0.0541947,0.627803,-1.26088,0.0117444,0.931362,-1.10377,0.00938455,0.714237,-1.24162,0.0648658,-0.00217199,-0.174472,0.0521734,0.107443,-0.309937,0.0878911,-0.00230743,-0.157176,0.0811573,0.0378349,-0.240441,
-0.678584,-8.87631,13.3431,4.13618,-14.2572,3.66363,0.442658,4.56932,16.3522,1.71507,4.76863,11.5278,0,0,0,0,0,0,0,0,0,0,0,0,-0.0798592,0.851392,-1.54574,-0.14289,0.884091,-1.35214,0.00441074,0.830612,-1.41963,-0.0109334,0.649369,-1.43112,-0.0884845,0.688802,-1.30471,-0.064436,0.626758,-1.29231,0.0156779,0.914902,-1.12751,0.0234024,0.73753,-1.22869,0.113439,-0.0367638,-0.0480015,0.0993173,0.057725,-0.207257,0.0983519,0.0370175,-0.158686,0.096334,0.0445458,-0.218945,
-0.71986,-8.8481,13.0441,3.9453,-14.3555,3.08909,0.228048,3.93671,15.357,1.93694,5.91676,12.7533,0,0,0,0,0,0,0,0,0,0,0,0,-0.0772592,0.850663,-1.54708,-0.140604,0.885281,-1.3569,0.00650342,0.831157,-1.42281,-0.00885062,0.649855,-1.43535,-0.0858225,0.688723,-1.31324,-0.0649026,0.626514,-1.30996,0.0142295,0.903116,-1.14878,0.0299517,0.757619,-1.21036,0.138267,-0.0325391,-0.101668,0.12125,0.068533,-0.282098,0.109383,0.011677,-0.158402,0.109549,0.00568852,-0.210385,
-0.959726,-8.69977,13.3223,3.75195,-14.4315,3.66052,0.00707473,3.40835,15.0886,1.87439,7.03304,14.2184,0,0,0,0,0,0,0,0,0,0,0,0,-0.0735897,0.850147,-1.55082,-0.137387,0.887308,-1.36518,0.00936943,0.831164,-1.42693,-0.00596128,0.64952,-1.44056,-0.0854618,0.691669,-1.31546,-0.0642602,0.628104,-1.31173,0.0138499,0.892856,-1.1587,0.0325244,0.776324,-1.18929,0.170421,-0.00917266,-0.209473,0.15003,0.0973938,-0.400277,0.132973,-0.00848993,-0.186639,0.13462,-0.032684,-0.221465,
-0.658288,-8.66634,13.1164,3.77612,-14.2388,3.86441,-0.0780768,3.37556,15.0341,1.76357,7.74526,14.9422,0,0,0,0,0,0,0,0,0,0,0,0,-0.0707724,0.850074,-1.55469,-0.134915,0.888998,-1.37218,0.0115583,0.830869,-1.43,-0.00374131,0.648785,-1.44415,-0.0767606,0.692448,-1.3249,-0.0609969,0.633686,-1.317,0.0148346,0.891347,-1.16303,0.0330854,0.787713,-1.17974,0.182743,-0.00169964,-0.265498,0.160758,0.109262,-0.460611,0.143488,-0.0273618,-0.194781,0.145501,-0.0578948,-0.222241,
-0.762269,-8.48389,13.5178,3.67563,-14.1729,5.24664,-0.313797,3.52502,15.7129,1.25171,8.06507,15.501,0,0,0,0,0,0,0,0,0,0,0,0,-0.0662221,0.850053,-1.5618,-0.130906,0.891696,-1.38396,0.0151986,0.829844,-1.43471,-5.46501e-05,0.646984,-1.44942,-0.0734424,0.695849,-1.32661,-0.0581793,0.637689,-1.30526,0.0149317,0.892213,-1.15559,0.028202,0.790661,-1.17456,0.202864,0.00149609,-0.323641,0.180174,0.112488,-0.510096,0.166176,-0.052633,-0.200624,0.168001,-0.0904845,-0.213258,
-0.690977,-8.29888,13.7088,3.66371,-13.9233,6.75957,-0.520272,3.85772,16.688,0.605663,7.86916,15.5039,0,0,0,0,0,0,0,0,0,0,0,0,-0.0616033,0.850015,-1.56909,-0.126779,0.894044,-1.39516,0.0190694,0.828518,-1.43911,0.0038464,0.644791,-1.45396,-0.0673189,0.698849,-1.33046,-0.054038,0.644174,-1.28862,0.0154394,0.896516,-1.14209,0.0207184,0.784504,-1.17868,0.209231,-0.00847872,-0.324662,0.187253,0.10024,-0.499763,0.178124,-0.0654716,-0.195729,0.179055,-0.102743,-0.201895,
-0.40779,-8.16635,13.5873,3.76367,-13.5461,7.87991,-0.655039,4.26195,17.5811,0.0854836,7.34378,15.0698,0,0,0,0,0,0,0,0,0,0,0,0,-0.0576826,0.849546,-1.57498,-0.123284,0.895826,-1.40462,0.0224502,0.827087,-1.44274,0.00723236,0.642804,-1.45792,-0.0590865,0.699815,-1.3365,-0.0495112,0.652074,-1.27583,0.015793,0.902091,-1.12856,0.0140287,0.77321,-1.19025,0.183655,-0.0382761,-0.261723,0.163237,0.0776263,-0.442624,0.160495,-0.0759439,-0.167434,0.160175,-0.0952435,-0.19308,
-0.0871326,-8.08133,13.2285,3.85503,-13.2055,8.59832,-0.761259,4.69065,18.2994,-0.290124,6.79395,14.5712,0,0,0,0,0,0,0,0,0,0,0,0,-0.0547128,0.848511,-1.57887,-0.120662,0.896967,-1.41187,0.0250793,0.82563,-1.4454,0.00984489,0.641221,-1.46131,-0.0513057,0.699184,-1.34418,-0.0461792,0.658521,-1.26759,0.0157148,0.908155,-1.11699,0.00900115,0.762037,-1.20232,0.152515,-0.0731279,-0.178061,0.134181,0.0505117,-0.368159,0.136784,-0.0843271,-0.131804,0.135399,-0.0828383,-0.18159,
-0.0776757,-7.35599,12.5013,3.72274,-12.6979,9.09236,-1.18408,5.01425,18.7726,-0.405125,6.90955,14.427,0,0,0,0,0,0,0,0,0,0,0,0,-0.0517575,0.846384,-1.58149,-0.118075,0.897638,-1.41879,0.0277772,0.823664,-1.44774,0.0125008,0.639552,-1.46505,-0.0492092,0.708855,-1.35653,-0.0469343,0.667219,-1.26232,0.00991779,0.911771,-1.10924,0.00873013,0.762841,-1.20791,0.121018,-0.115619,-0.0713859,0.105566,0.0138202,-0.270235,0.112115,-0.0935312,-0.0860398,0.109855,-0.0714612,-0.158118,
0.246582,-7.08626,12.1771,3.98803,-12.6361,9.18852,-1.42495,5.34802,18.934,-0.722571,6.76466,14.606,0,0,0,0,0,0,0,0,0,0,0,0,-0.0494037,0.843128,-1.58197,-0.116053,0.89761,-1.42418,0.0300439,0.821263,-1.44919,0.0147015,0.638033,-1.46863,-0.0423976,0.709445,-1.36014,-0.0414267,0.667572,-1.26351,0.00674563,0.915048,-1.10627,0.00406474,0.759223,-1.20783,0.0770836,-0.147933,0.0130498,0.0646623,-0.0088561,-0.195294,0.0797449,-0.105456,-0.0408882,0.0764168,-0.0551304,-0.145682,
0.304716,-7.00233,11.9584,3.9851,-12.5321,9.33914,-1.53053,5.38462,18.8506,-0.860658,6.73869,14.6223,0,0,0,0,0,0,0,0,0,0,0,0,-0.0483608,0.840658,-1.58145,-0.115194,0.897386,-1.42699,0.0311895,0.819536,-1.44966,0.0157878,0.637217,-1.47088,-0.0407686,0.708196,-1.36261,-0.0410437,0.668892,-1.26248,0.00563135,0.913861,-1.10764,0.00228784,0.75802,-1.20932,0.0626952,-0.157263,0.043075,0.0517453,-0.0194874,-0.161593,0.0693512,-0.109311,-0.0221118,0.0656443,-0.0525069,-0.131448,
0.30296,-6.83827,11.545,3.87235,-12.3432,9.43623,-1.60833,5.4004,18.7666,-0.93267,6.83018,14.6806,0,0,0,0,0,0,0,0,0,0,0,0,-0.0468738,0.836827,-1.58004,-0.113952,0.896682,-1.43031,0.0327836,0.816952,-1.45,0.0173005,0.635884,-1.47366,-0.0393975,0.707236,-1.3678,-0.0418969,0.671066,-1.26266,0.00558232,0.911721,-1.10912,0.00228286,0.758221,-1.21018,0.0601319,-0.160693,0.0711718,0.0503864,-0.036512,-0.119693,0.0623667,-0.104481,-0.0100548,0.0592761,-0.0564639,-0.105198,
0.34171,-6.75098,11.3975,3.88062,-12.2253,9.35265,-1.65832,5.34618,18.6698,-0.949151,6.88246,14.6377,0,0,0,0,0,0,0,0,0,0,0,0,-0.0459469,0.834263,-1.57878,-0.113176,0.896027,-1.43202,0.0337212,0.815337,-1.45014,0.018192,0.634984,-1.47524,-0.0378816,0.706313,-1.3689,-0.0410642,0.672322,-1.26524,0.00542238,0.9093,-1.11094,0.00269601,0.758259,-1.21216,0.0565993,-0.159032,0.081103,0.0475066,-0.0436054,-0.0998011,0.0566036,-0.0990133,-0.00771218,0.0538182,-0.0568805,-0.0936578,
0.299114,-6.56944,11.5716,3.81593,-12.6514,9.03148,-1.15022,5.12215,18.1039,-0.871063,6.73638,13.9735,0,0,0,0,0,0,0,0,0,0,0,0,-0.0446637,0.830534,-1.57685,-0.112102,0.894923,-1.43424,0.0349829,0.813038,-1.45033,0.0193902,0.633593,-1.47732,-0.0375797,0.706133,-1.36391,-0.0413537,0.663368,-1.27294,0.0156608,0.903124,-1.12147,0.00506112,0.754152,-1.22596,0.0502817,-0.151466,0.0777401,0.041779,-0.0467215,-0.0889065,0.0486153,-0.09302,-0.00913411,0.0460893,-0.0586883,-0.0825922,
0.260287,-6.3093,11.4954,3.76335,-12.6547,8.8078,-1.23868,5.10318,18.089,-0.934803,6.83329,14.1496,0,0,0,0,0,0,0,0,0,0,0,0,-0.043587,0.827331,-1.57522,-0.111206,0.893904,-1.4361,0.0360216,0.811166,-1.45071,0.0203727,0.632381,-1.47916,-0.0370852,0.708102,-1.36398,-0.0412662,0.662328,-1.27853,0.0152527,0.901619,-1.12292,0.00503641,0.75508,-1.22486,0.0540645,-0.137941,0.0682125,0.0462982,-0.0455053,-0.0786401,0.0535514,-0.0712664,-0.03387,0.0507257,-0.0471187,-0.0905251,
0.237406,-6.16853,11.5295,3.77235,-12.6455,8.73826,-1.25657,5.03739,18.2021,-0.955563,6.93578,14.3364,0,0,0,0,0,0,0,0,0,0,0,0,-0.04267,0.825239,-1.57424,-0.110408,0.893214,-1.43733,0.0369485,0.810217,-1.4515,0.0212504,0.631743,-1.48074,-0.0364727,0.708971,-1.36285,-0.0401838,0.661979,-1.28109,0.0160085,0.900075,-1.12248,0.00568034,0.756662,-1.22349,0.05747,-0.12567,0.0539299,0.0499989,-0.0401988,-0.0805398,0.0582586,-0.0529132,-0.0590712,0.0551155,-0.0362428,-0.104202,
0.176817,-5.93651,11.6119,3.76848,-12.55,9.00572,-1.27302,5.02837,18.4619,-1.00766,7.08347,14.6483,0,0,0,0,0,0,0,0,0,0,0,0,-0.041355,0.822402,-1.57331,-0.109279,0.892382,-1.43955,0.0382735,0.809072,-1.45318,0.0225005,0.630917,-1.48341,-0.0364295,0.710776,-1.36134,-0.0393138,0.663203,-1.27919,0.0168384,0.898993,-1.12,0.00578952,0.758555,-1.22084,0.0522699,-0.11274,0.0258458,0.0442382,-0.0304581,-0.103305,0.0522714,-0.0459564,-0.0762072,0.0491997,-0.0352062,-0.114947,
0.172108,-5.75205,11.6922,3.83093,-12.4715,9.25538,-1.31244,5.03752,18.6594,-1.08398,7.17083,14.881,0,0,0,0,0,0,0,0,0,0,0,0,-0.0403066,0.819997,-1.57295,-0.108412,0.891774,-1.442,0.0393222,0.808048,-1.4549,0.0234816,0.630107,-1.48597,-0.0357413,0.711891,-1.35999,-0.0375918,0.664151,-1.27748,0.016911,0.89807,-1.1182,0.00512243,0.759227,-1.21918,0.043882,-0.107657,0.0112003,0.0356513,-0.0265269,-0.115048,0.0443489,-0.0479592,-0.0783272,0.0412345,-0.0384574,-0.11537,
0.00806996,-5.53142,12.2462,4.07442,-12.3387,9.82294,-1.49398,4.94551,18.5555,-1.04593,7.83078,15.4119,0,0,0,0,0,0,0,0,0,0,0,0,-0.0396597,0.818282,-1.5728,-0.107895,0.891346,-1.44385,0.0399834,0.807253,-1.45613,0.0240923,0.629465,-1.48778,-0.0382425,0.714204,-1.34987,-0.0328075,0.666093,-1.26899,0.0141299,0.89549,-1.1212,0.00628007,0.77046,-1.21115,0.0388201,-0.107149,0.00823438,0.0307876,-0.0278866,-0.114227,0.0400196,-0.0513868,-0.0746043,0.0368133,-0.042251,-0.109754,
0.0724418,-5.38867,12.1757,4.15693,-12.306,9.52359,-1.5734,4.92699,18.6551,-1.15606,8.02003,15.8069,0,0,0,0,0,0,0,0,0,0,0,0,-0.0387788,0.815693,-1.57246,-0.107194,0.890577,-1.4463,0.0409185,0.806065,-1.4579,0.0249464,0.628471,-1.4903,-0.0362625,0.714163,-1.35003,-0.0306257,0.665586,-1.27562,0.0136469,0.894419,-1.12132,0.00514012,0.773285,-1.20638,0.0366427,-0.108612,0.0322035,0.0301789,-0.0381041,-0.0757885,0.0408161,-0.0375082,-0.0795998,0.037066,-0.0307101,-0.106302,
0.0625479,-5.29672,11.9906,4.10425,-12.2721,9.20094,-1.55378,4.8977,18.7584,-1.17309,8.15924,15.9659,0,0,0,0,0,0,0,0,0,0,0,0,-0.0379707,0.813269,-1.5713,-0.106506,0.889578,-1.44734,0.0418391,0.805477,-1.45971,0.025778,0.627991,-1.49259,-0.0356234,0.713303,-1.35119,-0.0308346,0.664769,-1.28108,0.0149383,0.893741,-1.12125,0.00566708,0.775642,-1.20546,0.036976,-0.111883,0.064092,0.0320343,-0.0513671,-0.0312208,0.0412413,-0.0240086,-0.079492,0.0372136,-0.0213659,-0.096673,
0.0676207,-5.19382,11.8555,4.07088,-12.2179,9.09999,-1.52574,4.89464,18.7873,-1.16185,8.28065,15.9907,0,0,0,0,0,0,0,0,0,0,0,0,-0.0373389,0.81122,-1.57003,-0.105959,0.888576,-1.44776,0.0425246,0.804999,-1.46101,0.0263938,0.62754,-1.49416,-0.0350267,0.713021,-1.35211,-0.0310133,0.664529,-1.28297,0.0159297,0.892973,-1.12155,0.00629315,0.777114,-1.20602,0.0330845,-0.115087,0.0722963,0.0284064,-0.0581601,-0.0205563,0.0350104,-0.0311334,-0.0650567,0.0312876,-0.0300362,-0.0793475,
0.0566833,-5.04452,11.7955,4.08059,-12.1098,9.16835,-1.56477,4.88457,18.7526,-1.19525,8.38048,16.0164,0,0,0,0,0,0,0,0,0,0,0,0,-0.0366793,0.80867,-1.56847,-0.105403,0.88725,-1.44822,0.0432017,0.804147,-1.46222,0.0269934,0.626708,-1.49566,-0.0347366,0.71316,-1.35178,-0.0304524,0.665069,-1.28226,0.0156718,0.891498,-1.12281,0.00607076,0.777647,-1.20642,0.0278699,-0.115851,0.067915,0.0231574,-0.0612064,-0.0226229,0.0281265,-0.0445878,-0.0472658,0.0247233,-0.0437972,-0.0601268,
0.0528813,-4.87302,11.6482,4.02846,-12.0853,8.92587,-1.48327,4.74658,18.3284,-1.10119,8.54188,15.7664,0,0,0,0,0,0,0,0,0,0,0,0,-0.0360825,0.805918,-1.56693,-0.104919,0.88578,-1.44881,0.043797,0.802966,-1.4632,0.0275091,0.625545,-1.49694,-0.0343886,0.713615,-1.35314,-0.031096,0.664056,-1.28735,0.0175562,0.887588,-1.13118,0.0081078,0.779193,-1.21188,0.0223783,-0.113114,0.0612283,0.0176783,-0.0608659,-0.0254957,0.0222388,-0.0513195,-0.0375446,0.0189544,-0.0506943,-0.0491085,
0.0629803,-4.77392,11.6607,4.06549,-12.0894,8.78491,-1.53743,4.66851,18.2726,-1.13207,8.60562,15.8779,0,0,0,0,0,0,0,0,0,0,0,0,-0.0357324,0.80417,-1.56603,-0.104644,0.884846,-1.44925,0.0441537,0.802198,-1.46387,0.0278124,0.624774,-1.49777,-0.0338412,0.713956,-1.35238,-0.0301307,0.663236,-1.29051,0.0169901,0.885702,-1.13327,0.00790513,0.779814,-1.21097,0.0227969,-0.104357,0.0500765,0.0181834,-0.0550775,-0.030051,0.0241284,-0.0421129,-0.0497514,0.0206516,-0.0435456,-0.0576448,
0.0369181,-4.66577,11.7095,4.08531,-12.0423,8.89588,-1.5735,4.60891,18.4014,-1.1741,8.67975,16.084,0,0,0,0,0,0,0,0,0,0,0,0,-0.0352208,0.802054,-1.5652,-0.104236,0.883775,-1.45009,0.0447161,0.801449,-1.46523,0.0282941,0.623949,-1.49925,-0.0337976,0.714281,-1.35144,-0.0293686,0.663408,-1.28989,0.0169385,0.884285,-1.13295,0.00765663,0.780635,-1.20922,0.0229777,-0.0898403,0.0262039,0.0180006,-0.0432681,-0.0473065,0.0254101,-0.0294078,-0.0701739,0.0216873,-0.0344796,-0.0737497,
0.0291876,-4.58024,11.7546,4.11719,-11.9919,9.06513,-1.58882,4.55525,18.5294,-1.21207,8.72302,16.2383,0,0,0,0,0,0,0,0,0,0,0,0,-0.0348414,0.800522,-1.5649,-0.103951,0.883081,-1.45109,0.0451378,0.800968,-1.46659,0.0286486,0.623364,-1.50067,-0.0336792,0.714554,-1.35081,-0.0286406,0.663882,-1.2883,0.0169551,0.882954,-1.13225,0.00719368,0.780926,-1.2081,0.0192958,-0.0822096,0.0112382,0.0138398,-0.0355957,-0.0617799,0.0215421,-0.0255812,-0.0781457,0.0178089,-0.0317235,-0.0818328,
0.0339457,-4.44682,11.8087,4.1748,-11.8989,9.25093,-1.60668,4.56035,18.7303,-1.26124,8.77785,16.4144,0,0,0,0,0,0,0,0,0,0,0,0,-0.0344536,0.798606,-1.56476,-0.103699,0.882286,-1.4527,0.0455795,0.800342,-1.46847,0.0290006,0.622594,-1.50265,-0.0333829,0.715177,-1.34996,-0.0275253,0.664887,-1.28678,0.0169005,0.882353,-1.13044,0.00647963,0.781101,-1.20688,0.0138554,-0.078762,0.00267706,0.00818574,-0.0322285,-0.0695208,0.0163012,-0.0276355,-0.0769704,0.0125462,-0.0333142,-0.0815836,
0.230753,-4.53644,11.6996,4.10581,-12.0143,9.13434,-1.37614,4.44788,18.5146,-1.38802,8.51605,16.0234,0,0,0,0,0,0,0,0,0,0,0,0,-0.0341849,0.796869,-1.56472,-0.103553,0.881557,-1.45422,0.0459094,0.799661,-1.47007,0.0292469,0.621796,-1.50435,-0.0296183,0.711786,-1.35196,-0.0287094,0.661983,-1.29035,0.0213623,0.879408,-1.13567,0.00435814,0.775343,-1.21535,0.0113408,-0.0795243,0.00123394,0.00587999,-0.0345826,-0.0674104,0.0144734,-0.0343294,-0.0681266,0.0106291,-0.0394248,-0.0715554,
0.198964,-4.37488,11.7133,4.0729,-11.899,9.2472,-1.41624,4.48392,18.6452,-1.44305,8.566,16.1024,0,0,0,0,0,0,0,0,0,0,0,0,-0.0338914,0.795124,-1.56475,-0.103378,0.880759,-1.45568,0.0462755,0.798862,-1.47154,0.0295269,0.620854,-1.50582,-0.0297179,0.713016,-1.35194,-0.0289448,0.663187,-1.28973,0.0211843,0.879194,-1.13477,0.00381858,0.775112,-1.21514,0.016989,-0.0783649,-0.00504976,0.0116196,-0.0374698,-0.0664929,0.0201232,-0.0364926,-0.0683596,0.016164,-0.0454602,-0.0641032,
0.212006,-4.25307,11.707,4.09943,-11.8144,9.37813,-1.4405,4.4971,18.7711,-1.48765,8.61857,16.2368,0,0,0,0,0,0,0,0,0,0,0,0,-0.0336048,0.793874,-1.56486,-0.103177,0.88015,-1.45675,0.0466103,0.798274,-1.47264,0.0297981,0.620105,-1.50683,-0.02919,0.713981,-1.35225,-0.0282583,0.664092,-1.28846,0.0210782,0.878809,-1.1336,0.00327849,0.775248,-1.21367,0.0171159,-0.0783629,-0.00743235,0.011728,-0.0381874,-0.0677014,0.0201317,-0.0375902,-0.0687731,0.0161508,-0.0476173,-0.0627752,
0.211592,-4.09384,11.7529,4.13831,-11.7024,9.52559,-1.47963,4.53884,18.9266,-1.55092,8.71117,16.399,0,0,0,0,0,0,0,0,0,0,0,0,-0.0332254,0.791968,-1.56504,-0.102926,0.879207,-1.45838,0.0470656,0.797312,-1.47424,0.0301572,0.618905,-1.50827,-0.0288667,0.714902,-1.35161,-0.0273453,0.665095,-1.28736,0.0207838,0.878446,-1.13222,0.00244697,0.775565,-1.21197,0.015632,-0.080454,-0.00776334,0.0103597,-0.0409575,-0.0665065,0.018961,-0.0424824,-0.0642346,0.0149196,-0.0526993,-0.0567593,
0.22446,-4.004,11.7606,4.17145,-11.6255,9.57004,-1.4957,4.56036,19.0143,-1.582,8.7784,16.4594,0,0,0,0,0,0,0,0,0,0,0,0,-0.0329798,0.790662,-1.56515,-0.102763,0.878523,-1.45941,0.0473667,0.796597,-1.47523,0.0303931,0.618025,-1.50912,-0.0284005,0.715156,-1.35152,-0.0265866,0.665699,-1.28746,0.0207856,0.87798,-1.13144,0.00210891,0.775757,-1.21149,0.0152246,-0.0826875,-0.00592764,0.0101504,-0.0443663,-0.0625904,0.0187456,-0.0468368,-0.0588012,0.0146514,-0.0572752,-0.0495942,
0.152518,-3.80266,11.9076,4.26061,-11.4859,9.78641,-1.59886,4.59917,18.949,-1.56984,9.11082,16.62,0,0,0,0,0,0,0,0,0,0,0,0,-0.0326201,0.788633,-1.56525,-0.102521,0.877388,-1.46082,0.0478149,0.795385,-1.47652,0.0307424,0.61656,-1.51016,-0.0293618,0.716677,-1.34882,-0.0247247,0.666926,-1.2847,0.019356,0.877261,-1.13362,0.00267533,0.780119,-1.20923,0.0148253,-0.0860384,-0.0023255,0.0100973,-0.0497067,-0.0555081,0.0186781,-0.0533265,-0.0499026,0.0145289,-0.0639453,-0.0381165,
0.177871,-3.68713,11.9034,4.31177,-11.4172,9.67591,-1.6458,4.63902,19.0353,-1.63361,9.23747,16.792,0,0,0,0,0,0,0,0,0,0,0,0,-0.0323009,0.786724,-1.56523,-0.1023,0.87625,-1.46192,0.0482316,0.79422,-1.47759,0.0310657,0.615158,-1.51095,-0.0285626,0.716867,-1.3486,-0.0235325,0.666916,-1.28732,0.0189885,0.877001,-1.13321,0.00189956,0.781174,-1.20685,0.0154089,-0.0861261,0.00607365,0.0113519,-0.0534158,-0.0405747,0.0207965,-0.047794,-0.052387,0.0163702,-0.0592388,-0.0368983,
0.17292,-3.63903,11.8907,4.31127,-11.3842,9.5662,-1.65654,4.64529,19.1154,-1.6656,9.31016,16.8545,0,0,0,0,0,0,0,0,0,0,0,0,-0.0319987,0.785198,-1.56503,-0.102064,0.875267,-1.46248,0.048647,0.793472,-1.47862,0.0313974,0.614184,-1.51164,-0.0282799,0.716287,-1.34841,-0.0232163,0.666467,-1.28943,0.0193102,0.876669,-1.13299,0.0017412,0.781752,-1.20645,0.0175626,-0.0839283,0.0130266,0.0140732,-0.055442,-0.0267644,0.0238985,-0.0386022,-0.0587407,0.0191733,-0.0521919,-0.0384186,
0.174619,-3.54255,11.856,4.31196,-11.3101,9.5639,-1.65256,4.67808,19.2204,-1.67821,9.40602,16.9201,0,0,0,0,0,0,0,0,0,0,0,0,-0.031638,0.783368,-1.56471,-0.101778,0.87404,-1.46301,0.0491394,0.792653,-1.47991,0.031786,0.613057,-1.51247,-0.0279931,0.716245,-1.34864,-0.0230222,0.666582,-1.2899,0.019744,0.876486,-1.13231,0.00177189,0.782399,-1.20603,0.0143614,-0.082869,0.0154688,0.0109043,-0.0555794,-0.0236942,0.0198993,-0.0373594,-0.0570159,0.0152395,-0.0512063,-0.0367619,
0.179085,-3.44775,11.853,4.33466,-11.2392,9.60706,-1.66431,4.70251,19.2939,-1.7052,9.47542,16.9772,0,0,0,0,0,0,0,0,0,0,0,0,-0.0313803,0.781555,-1.56436,-0.101598,0.872831,-1.46354,0.0495113,0.791818,-1.48111,0.0320566,0.611929,-1.51326,-0.0278017,0.71619,-1.34835,-0.0225792,0.6667,-1.28967,0.019739,0.876053,-1.13206,0.00139091,0.782526,-1.20573,0.00985201,-0.0818661,0.0154721,0.00631271,-0.0544144,-0.024646,0.0149054,-0.0386503,-0.053169,0.0103238,-0.0514365,-0.0350137,
0.266966,-3.54733,11.8773,4.26992,-11.3602,9.61085,-1.42705,4.64421,19.2548,-1.78455,9.1954,16.6855,0,0,0,0,0,0,0,0,0,0,0,0,-0.0312316,0.780093,-1.56409,-0.101513,0.871861,-1.46399,0.0497497,0.791118,-1.48205,0.0322127,0.611007,-1.51388,-0.0261356,0.712955,-1.34763,-0.0237522,0.663559,-1.29005,0.0242054,0.874281,-1.13362,1.91182e-05,0.77652,-1.2116,0.00739686,-0.0807097,0.0153748,0.00384933,-0.0535597,-0.0245455,0.012284,-0.039022,-0.0507649,0.00772191,-0.0512071,-0.0335838,
0.271736,-3.40978,11.832,4.24958,-11.2573,9.64601,-1.45989,4.71747,19.3588,-1.82142,9.21888,16.6832,0,0,0,0,0,0,0,0,0,0,0,0,-0.0310713,0.778336,-1.56375,-0.101431,0.870685,-1.46451,0.0500169,0.790267,-1.48315,0.0323789,0.609884,-1.51459,-0.0258589,0.713735,-1.34815,-0.0240086,0.664239,-1.28986,0.0239136,0.874762,-1.13281,-0.000450518,0.775806,-1.21228,0.00830471,-0.0796185,0.0144762,0.00479642,-0.0540376,-0.0225951,0.0134538,-0.0390018,-0.0499252,0.00877623,-0.0517548,-0.031146,
0.294851,-3.25327,11.7989,4.27997,-11.1474,9.69213,-1.49218,4.78334,19.4782,-1.86333,9.2666,16.7664,0,0,0,0,0,0,0,0,0,0,0,0,-0.0308737,0.776423,-1.56343,-0.101315,0.869383,-1.46505,0.0502716,0.789552,-1.48404,0.0325482,0.608941,-1.51514,-0.025277,0.714663,-1.34847,-0.0233736,0.664939,-1.28957,0.0235883,0.875205,-1.13151,-0.00103983,0.775709,-1.21129,0.00720548,-0.0797371,0.013302,0.00379383,-0.0538845,-0.0228326,0.0136638,-0.040221,-0.0492045,0.00888399,-0.0524218,-0.0304891,
0.290806,-3.15672,11.7944,4.29604,-11.0581,9.77984,-1.50793,4.82551,19.6068,-1.895,9.34079,16.8644,0,0,0,0,0,0,0,0,0,0,0,0,-0.0307616,0.77515,-1.56322,-0.101258,0.868523,-1.46543,0.0505599,0.788658,-1.48512,0.032731,0.607783,-1.51581,-0.0252473,0.715156,-1.34838,-0.0230351,0.665709,-1.28841,0.0235588,0.87505,-1.13021,-0.00146397,0.775874,-1.21016,0.00693453,-0.0794292,0.0123119,0.003464,-0.0536766,-0.024318,0.0127045,-0.0410886,-0.0482718,0.00792958,-0.0532168,-0.0298402,
0.300306,-3.02688,11.7676,4.32575,-10.9441,9.84215,-1.53336,4.89064,19.7337,-1.93198,9.43033,16.9617,0,0,0,0,0,0,0,0,0,0,0,0,-0.0305988,0.773248,-1.56293,-0.101179,0.867233,-1.46601,0.050857,0.787658,-1.48625,0.0329137,0.606492,-1.5165,-0.0249214,0.71562,-1.34857,-0.0224244,0.666482,-1.28784,0.0233788,0.875192,-1.12895,-0.00196848,0.776172,-1.209,0.00663938,-0.0792547,0.0124027,0.00319332,-0.0539829,-0.0236906,0.0122539,-0.0423815,-0.0457594,0.00747737,-0.0543998,-0.0272757,
0.185848,-2.70206,11.7689,4.47918,-10.7287,9.91684,-1.70009,5.01191,19.9696,-1.85208,10.0033,17.6697,0,0,0,0,0,0,0,0,0,0,0,0,-0.0304934,0.771982,-1.56273,-0.101128,0.866366,-1.46638,0.0510527,0.786972,-1.48696,0.0330328,0.605615,-1.51691,-0.0268983,0.720265,-1.34833,-0.0195832,0.669519,-1.28681,0.0205425,0.876674,-1.12529,-0.000397954,0.785684,-1.19645,0.00660155,-0.0790859,0.0127544,0.00321669,-0.0543596,-0.0224747,0.0122349,-0.0435153,-0.0432407,0.0074388,-0.0553278,-0.024634,
0.166205,-2.65834,11.8003,4.52509,-10.6897,9.86717,-1.72222,5.02938,20.0156,-1.90395,10.1723,17.8597,0,0,0,0,0,0,0,0,0,0,0,0,-0.0303388,0.770255,-1.56244,-0.101045,0.865164,-1.46683,0.0513327,0.786008,-1.48787,0.0332067,0.604389,-1.5174,-0.0270334,0.719388,-1.34745,-0.0185877,0.668991,-1.28799,0.0204927,0.876004,-1.12522,-0.00109645,0.787489,-1.19325,0.00866179,-0.0774323,0.0134738,0.00560457,-0.0554498,-0.017217,0.0144588,-0.0442084,-0.0387148,0.00959686,-0.0565566,-0.0175334,
0.164915,-2.6272,11.7953,4.54233,-10.6372,9.84594,-1.72452,5.03382,19.9694,-1.90872,10.2691,17.8336,0,0,0,0,0,0,0,0,0,0,0,0,-0.0301193,0.768426,-1.56209,-0.100896,0.863823,-1.46716,0.0516873,0.784917,-1.48867,0.033445,0.603013,-1.51769,-0.026855,0.718195,-1.3471,-0.0181359,0.668599,-1.28852,0.0207707,0.874913,-1.12651,-0.000976831,0.787834,-1.1937,0.00812445,-0.0752856,0.0161129,0.00526002,-0.0556091,-0.0115422,0.0133971,-0.0466883,-0.0281949,0.00861957,-0.0577265,-0.00792512,
0.173653,-2.62489,11.754,4.54339,-10.6186,9.832,-1.72532,5.00699,19.9031,-1.91196,10.2904,17.7722,0,0,0,0,0,0,0,0,0,0,0,0,-0.0300062,0.767242,-1.56181,-0.100828,0.862949,-1.46732,0.0518795,0.784178,-1.48908,0.0335618,0.602109,-1.51779,-0.0266325,0.717135,-1.3475,-0.0180984,0.668125,-1.28886,0.0208808,0.873736,-1.12801,-0.000983618,0.787403,-1.19487,0.00661163,-0.0727948,0.0183052,0.00375694,-0.053754,-0.00925581,0.0113264,-0.045176,-0.0245839,0.00664432,-0.0551185,-0.00634414,
0.178657,-2.56941,11.7115,4.54413,-10.5513,9.86852,-1.74681,5.00452,19.8898,-1.93381,10.3159,17.7581,0,0,0,0,0,0,0,0,0,0,0,0,-0.0298541,0.765567,-1.56136,-0.100745,0.861711,-1.46752,0.052136,0.783166,-1.48967,0.033707,0.600866,-1.51796,-0.0264014,0.716657,-1.34782,-0.0180148,0.668248,-1.28834,0.0207156,0.872872,-1.12886,-0.00126468,0.786833,-1.19536,0.00624757,-0.0670281,0.0184852,0.00335939,-0.0495238,-0.00757176,0.0103823,-0.0392876,-0.0250372,0.00575951,-0.0487424,-0.00839585,
0.370641,-2.71257,11.5332,4.431,-10.6436,9.7688,-1.51789,4.91231,19.7378,-2.0049,9.83424,17.2959,0,0,0,0,0,0,0,0,0,0,0,0,-0.0297168,0.764163,-1.56097,-0.100672,0.860673,-1.46768,0.0523595,0.782375,-1.49025,0.0338289,0.599867,-1.51818,-0.022773,0.712844,-1.35073,-0.0200002,0.665674,-1.29031,0.0250896,0.870602,-1.13227,-0.00244668,0.777272,-1.20409,0.0062576,-0.0610959,0.0166233,0.00331092,-0.0451902,-0.00738193,0.0100265,-0.0332329,-0.0273984,0.00541133,-0.0427556,-0.0114008,
0.331085,-2.64243,11.5247,4.37017,-10.5668,9.8943,-1.56465,4.90722,19.7534,-2.03135,9.76739,17.1806,0,0,0,0,0,0,0,0,0,0,0,0,-0.0295682,0.763114,-1.56073,-0.100578,0.859887,-1.46783,0.0525716,0.781817,-1.49078,0.0339575,0.599118,-1.5184,-0.0231597,0.713242,-1.35091,-0.0208353,0.666361,-1.28828,0.0246197,0.87007,-1.13268,-0.00263284,0.775329,-1.20642,0.0118776,-0.0558661,0.00854131,0.00872278,-0.042865,-0.0105331,0.0151608,-0.0296466,-0.0322139,0.0104899,-0.0421048,-0.01186,
0.353801,-2.5275,11.5067,4.402,-10.4743,9.98852,-1.6063,4.93574,19.8739,-2.06678,9.77307,17.2522,0,0,0,0,0,0,0,0,0,0,0,0,-0.0292712,0.761941,-1.56063,-0.100353,0.858982,-1.46812,0.0529413,0.781217,-1.49157,0.0342236,0.598221,-1.51871,-0.0224376,0.714289,-1.35132,-0.0200231,0.667254,-1.28699,0.0242585,0.870133,-1.13148,-0.00298776,0.77466,-1.20562,0.0122472,-0.0518593,0.00296835,0.00896041,-0.0392597,-0.0147054,0.0159688,-0.0252064,-0.0385202,0.0112011,-0.0382774,-0.0177157,
0.359002,-2.4679,11.5315,4.43474,-10.4208,10.0489,-1.6326,4.92809,19.9548,-2.09493,9.77074,17.3047,0,0,0,0,0,0,0,0,0,0,0,0,-0.0290964,0.761128,-1.56059,-0.100231,0.858377,-1.46837,0.0531822,0.78084,-1.49221,0.0343872,0.597643,-1.51904,-0.0222139,0.714621,-1.35088,-0.0193517,0.66769,-1.28619,0.0239939,0.8697,-1.13076,-0.00336642,0.774138,-1.20511,0.0108534,-0.0499945,0.00142423,0.00755499,-0.0371951,-0.0160092,0.0151361,-0.0226484,-0.0414416,0.0102658,-0.0352838,-0.0214631,
0.366873,-2.38425,11.5306,4.4626,-10.3484,10.0802,-1.64671,4.95225,20.0621,-2.10886,9.82244,17.3628,0,0,0,0,0,0,0,0,0,0,0,0,-0.0288448,0.759946,-1.56058,-0.100058,0.857496,-1.46876,0.0535377,0.780306,-1.49321,0.0346252,0.596805,-1.51956,-0.0218561,0.71499,-1.35091,-0.01871,0.668149,-1.28602,0.0240565,0.869607,-1.12978,-0.00341881,0.774247,-1.20456,0.00972763,-0.049057,0.000596314,0.00641994,-0.0365083,-0.0163883,0.0140228,-0.0226225,-0.0407268,0.00912999,-0.0350814,-0.020959,
0.297852,-2.27318,11.7034,4.59968,-10.2067,10.4435,-1.81817,5.00474,20.1276,-2.12999,10.0573,17.5877,0,0,0,0,0,0,0,0,0,0,0,0,-0.0286637,0.758966,-1.56057,-0.0999433,0.856767,-1.46909,0.0538043,0.779836,-1.49399,0.034794,0.596092,-1.51995,-0.0229595,0.716032,-1.34776,-0.0161319,0.669994,-1.27974,0.0211742,0.87003,-1.12927,-0.00366534,0.777761,-1.20078,0.00882129,-0.0489966,0.000426383,0.00552625,-0.0365667,-0.0163667,0.0130625,-0.0244641,-0.0375308,0.00818131,-0.0363906,-0.0182882,
0.323566,-2.22861,11.6758,4.64191,-10.1292,10.423,-1.83204,5.01308,20.2102,-2.15235,10.1057,17.6521,0,0,0,0,0,0,0,0,0,0,0,0,-0.0284784,0.757791,-1.5605,-0.0998351,0.855887,-1.46943,0.0540918,0.779259,-1.49486,0.0349645,0.595241,-1.52038,-0.0223715,0.715675,-1.34796,-0.0153119,0.670499,-1.28019,0.0211434,0.869716,-1.1286,-0.00396801,0.777923,-1.20002,0.00684116,-0.048758,0.00776599,0.00381478,-0.0372834,-0.00834063,0.0110433,-0.0210589,-0.036564,0.00614819,-0.032328,-0.01815,
0.320094,-2.2221,11.6519,4.63993,-10.0958,10.3858,-1.82397,5.01657,20.2362,-2.15008,10.129,17.6276,0,0,0,0,0,0,0,0,0,0,0,0,-0.0283741,0.757017,-1.56032,-0.0997776,0.855283,-1.46949,0.054259,0.778954,-1.49545,0.0350534,0.594754,-1.52066,-0.0223433,0.715038,-1.34805,-0.0152983,0.670477,-1.28073,0.0214246,0.869557,-1.12867,-0.00386947,0.777932,-1.2007,0.0064444,-0.0481956,0.0129948,0.00357115,-0.0380565,-0.0021769,0.0100445,-0.0185658,-0.0352636,0.00517846,-0.0301032,-0.016541,
0.319934,-2.18219,11.6239,4.63914,-10.0479,10.372,-1.8231,5.03199,20.2678,-2.14778,10.1592,17.6022,0,0,0,0,0,0,0,0,0,0,0,0,-0.0282269,0.755877,-1.55998,-0.0996989,0.854372,-1.46951,0.0544796,0.778516,-1.49624,0.0351589,0.594039,-1.52102,-0.0222184,0.714674,-1.34814,-0.0152528,0.670454,-1.28091,0.0216132,0.869422,-1.12878,-0.00376647,0.777794,-1.20143,0.00584978,-0.0466631,0.015061,0.00299341,-0.037543,0.000349313,0.00857845,-0.0178564,-0.0319458,0.00382711,-0.0292532,-0.0138057,
0.314549,-2.16222,11.6189,4.64037,-10.0262,10.3816,-1.83666,5.02854,20.2686,-2.16171,10.159,17.5955,0,0,0,0,0,0,0,0,0,0,0,0,-0.0281352,0.755145,-1.55974,-0.099653,0.853782,-1.4695,0.0546128,0.778239,-1.49675,0.0352164,0.593583,-1.52123,-0.0222313,0.714359,-1.34799,-0.0151915,0.670302,-1.28071,0.0214878,0.869118,-1.12924,-0.00397331,0.777383,-1.20176,0.00564774,-0.0449917,0.0150684,0.00278501,-0.0362467,0.000711689,0.00821153,-0.0167674,-0.0310105,0.00348642,-0.0277684,-0.0136478,
0.278086,-1.77797,10.3573,5.51898,-7.78283,9.17039,-1.97419,8.20136,23.5637,-2.30683,13.3366,21.5184,0,0,0,0,0,0,0,0,0,0,0,0,-0.0280032,0.7541,-1.55938,-0.0995899,0.852941,-1.46948,0.0548055,0.777863,-1.49748,0.0352959,0.592951,-1.52157,-0.0227711,0.720387,-1.37059,0.000836961,0.710324,-1.30272,0.0191684,0.926496,-1.07005,-0.00654346,0.834613,-1.1308,0.00537781,-0.0423391,0.0146162,0.00249638,-0.033972,0.000689904,0.00785818,-0.0147376,-0.0305151,0.00314798,-0.0251071,-0.0143961,
0.0592309,-2.2725,10.2235,5.40792,-7.55592,9.55017,-1.71855,8.9696,24.7642,-2.49256,14.4589,22.7395,0,0,0,0,0,0,0,0,0,0,0,0,-0.027796,0.753297,-1.5592,-0.0994487,0.852298,-1.46961,0.0550144,0.777527,-1.49802,0.0354038,0.592353,-1.52174,-0.0260623,0.711181,-1.37355,-0.000583895,0.714225,-1.29662,0.0242136,0.940041,-1.04815,-0.00960016,0.854144,-1.10804,0.0200688,-0.0243861,-0.00684717,0.0164725,-0.0211591,-0.0197953,0.0136168,-0.0174141,-0.0118531,0.0096343,-0.0335436,0.00772507,
5.25932,-1.32017,20.6629,13.7761,-10.6481,3.02261,-11.6818,14.5765,27.8385,-7.31812,6.86002,21.203,0,0,0,0,0,0,0,0,0,0,0,0,-0.02726,0.753089,-1.55951,-0.0989937,0.852058,-1.47012,0.0553089,0.777159,-1.49788,0.0356421,0.591667,-1.52127,0.0694426,0.728939,-1.18443,0.152403,0.658183,-1.4161,-0.156543,1.0413,-0.990695,-0.0969575,0.715043,-1.13434,0.032961,-0.00449447,-0.0186416,0.0281559,-0.00834072,-0.0288571,0.0166508,-0.0271188,0.0315663,0.0139689,-0.0412864,0.0434044,
4.42009,-0.125545,21.3444,13.7418,-10.8956,2.87016,-9.95106,15.5473,29.4568,-2.39369,5.78927,16.5341,0,0,0,0,0,0,0,0,0,0,0,0,-0.0267682,0.752555,-1.55713,-0.0989954,0.851768,-1.4725,0.0520974,0.776839,-1.49555,0.0328076,0.589254,-1.51903,0.0540051,0.748505,-1.15905,0.149561,0.652545,-1.428,-0.142355,1.06022,-0.953622,-0.0225982,0.68725,-1.21257,0.0124671,-0.0539833,0.305323,-0.0395342,-0.0342567,-0.234662,-0.41323,0.0214368,0.193993,-0.363126,-0.221922,0.178245,
3.59813,1.78342,22.9655,15.0214,-11.999,0.822083,-12.4282,16.7156,30.4172,-0.804253,3.61635,13.6769,0,0,0,0,0,0,0,0,0,0,0,0,-0.0249004,0.75118,-1.54526,-0.0989316,0.850268,-1.47981,0.037875,0.779589,-1.49049,0.0205605,0.582112,-1.51352,0.0466228,0.781829,-1.10397,0.176992,0.629061,-1.47712,-0.213407,1.0915,-0.930465,-0.0154524,0.635521,-1.25536,0.186474,-0.0542904,0.725116,0.0857886,-0.0930112,-0.374749,-0.773505,0.244221,0.213453,-0.653588,-0.377152,0.28979,
2.5703,2.90052,20.0852,14.5287,-11.8168,-0.335945,-11.9374,15.8017,25.3973,0.506943,2.42519,11.5725,0,0,0,0,0,0,0,0,0,0,0,0,-0.0200125,0.750323,-1.52863,-0.096091,0.848388,-1.4876,0.0213555,0.7862,-1.48699,0.00680502,0.574574,-1.50798,0.0363281,0.801383,-1.12703,0.173602,0.630296,-1.51056,-0.23163,1.08862,-1.0188,-0.013873,0.60403,-1.28785,0.293577,-0.0512303,1.11267,0.169111,-0.0990487,-0.514892,-1.09823,0.461791,0.196331,-0.913463,-0.447294,0.297077,
-2.22465,4.03498,14.4791,8.63722,-7.89165,0.899197,-5.24008,11.1157,17.5249,4.08594,4.16601,11.5883,0,0,0,0,0,0,0,0,0,0,0,0,-0.0115971,0.749588,-1.49903,-0.0904557,0.846305,-1.50132,-0.00721819,0.799785,-1.48354,-0.016605,0.563591,-1.5015,-0.0358312,0.823331,-1.1872,0.0788372,0.700169,-1.50867,-0.149012,1.02743,-1.1629,0.020299,0.621882,-1.28188,0.495428,0.0116092,1.48441,0.374382,-0.0810114,-0.724158,-1.42143,0.780343,0.0612784,-1.14234,-0.533334,0.272597,
-6.5156,3.38162,12.1244,5.3252,-4.78898,3.27742,-3.48992,5.7126,15.8201,6.54851,4.34912,14.8247,0,0,0,0,0,0,0,0,0,0,0,0,0.00454525,0.752752,-1.46302,-0.0808939,0.845537,-1.51625,-0.0336082,0.817126,-1.48548,-0.0371818,0.553936,-1.49775,-0.087158,0.822614,-1.19592,0.0374393,0.758784,-1.4866,-0.144708,0.957549,-1.20709,0.0457888,0.616572,-1.22451,0.817735,0.256004,1.42561,0.657289,0.00977767,-0.914674,-1.45589,1.11701,-0.282741,-1.10285,-0.502303,0.113222,
-8.21726,2.90409,13.7977,4.12946,-5.78979,6.27947,-2.51104,3.00806,15.7768,7.88335,3.84233,17.9146,0,0,0,0,0,0,0,0,0,0,0,0,0.0182325,0.757893,-1.44223,-0.0634259,0.847469,-1.53996,-0.0651011,0.843763,-1.495,-0.0600352,0.542776,-1.49708,-0.102687,0.822582,-1.15241,0.0397389,0.74706,-1.4664,-0.157501,0.937603,-1.22359,0.0503216,0.594616,-1.17133,0.870391,0.36323,1.19027,0.858112,0.148486,-1.24085,-1.42832,1.1962,-0.47193,-1.00762,-0.550632,0.00103542,
-11.365,3.18295,15.9591,1.664,-6.39067,9.95725,-1.13461,3.19895,18.7229,9.60563,3.9579,21.026,0,0,0,0,0,0,0,0,0,0,0,0,0.0382377,0.766934,-1.41955,-0.0427907,0.851468,-1.57049,-0.0960368,0.86827,-1.50489,-0.0810339,0.528551,-1.49618,-0.13751,0.838949,-1.09907,0.0204573,0.741314,-1.43769,-0.161963,0.959825,-1.17749,0.063941,0.576067,-1.11021,0.943829,0.43215,0.92631,1.00813,0.184537,-1.47401,-1.38407,1.02033,-0.397625,-0.906671,-0.746956,0.112506,
-13.7147,4.48808,15.7086,1.13254,-6.20536,14.7987,-0.280003,6.49248,24.2446,10.1627,5.11253,25.631,0,0,0,0,0,0,0,0,0,0,0,0,0.055287,0.774537,-1.40366,-0.0239016,0.854507,-1.5977,-0.120828,0.88446,-1.51026,-0.0968452,0.51332,-1.49245,-0.164003,0.868848,-1.08866,0.0311414,0.746363,-1.37826,-0.171703,1.02793,-1.07512,0.0589702,0.575762,-1.01652,0.918734,0.388342,0.897799,1.05268,0.143011,-1.51639,-1.39894,0.776812,-0.173375,-0.884894,-0.932351,0.302995,
-14.7662,6.2027,13.9408,0.135699,-4.21322,18.1383,0.397281,9.62811,29.0164,10.4875,8.56196,26.9907,0,0,0,0,0,0,0,0,0,0,0,0,0.0766386,0.782375,-1.38054,0.00194232,0.856507,-1.63238,-0.154369,0.898805,-1.50973,-0.117569,0.488179,-1.48115,-0.162828,0.903746,-1.09269,0.0410381,0.780098,-1.34598,-0.192037,1.08806,-0.97501,0.0462356,0.60578,-0.968448,0.886413,0.262633,1.05064,1.1192,0.00597524,-1.32579,-1.37171,0.433808,0.218358,-0.821244,-1.16327,0.671166,
-16.0065,7.01884,10.0165,-1.18923,-1.37633,21.08,1.72962,11.4821,33.6216,11.3914,12.4397,28.6334,0,0,0,0,0,0,0,0,0,0,0,0,0.0956581,0.786443,-1.35398,0.0271399,0.854876,-1.65737,-0.18397,0.904809,-1.49982,-0.134766,0.460661,-1.46158,-0.168156,0.918018,-1.12741,0.0431726,0.82564,-1.30562,-0.196054,1.11875,-0.867697,0.0475574,0.644451,-0.906579,0.831494,0.120981,1.35844,1.15057,-0.128672,-0.963475,-1.33014,0.158112,0.636098,-0.757578,-1.29518,1.0509,
-15.8608,5.53323,6.29788,-1.27813,1.1376,23.5343,1.36995,12.0836,37.2854,10.8364,13.975,28.9326,0,0,0,0,0,0,0,0,0,0,0,0,0.108536,0.787662,-1.3304,0.0455681,0.852275,-1.67017,-0.204647,0.90593,-1.4872,-0.146258,0.439747,-1.44275,-0.154162,0.889658,-1.16528,0.0599543,0.866811,-1.26436,-0.220619,1.12503,-0.778881,0.028562,0.650545,-0.87439,0.784679,0.0425275,1.54624,1.14965,-0.187847,-0.674939,-1.2491,-0.0182257,0.928925,-0.678504,-1.32287,1.29295,
-13.3302,2.40657,4.4055,1.8225,3.85184,24.26,-2.19952,12.3417,36.7199,9.58612,12.5061,21.7792,0,0,0,0,0,0,0,0,0,0,0,0,0.124206,0.789499,-1.29262,0.0722641,0.847014,-1.68139,-0.232588,0.900825,-1.45785,-0.160971,0.407342,-1.40638,-0.0980227,0.839559,-1.16895,0.13977,0.909328,-1.25048,-0.308697,1.11223,-0.741257,-0.00556329,0.589857,-0.954712,0.615334,0.192653,1.33153,1.05019,-0.235863,-0.311053,-1.10362,-0.396869,1.49585,-0.577037,-1.37098,1.70146,
-9.83922,-1.79296,-0.79043,3.44271,5.16395,22.5289,-5.26636,6.82037,30.419,9.02548,6.78521,12.8218,0,0,0,0,0,0,0,0,0,0,0,0,0.127655,0.795149,-1.26612,0.0900857,0.843021,-1.68429,-0.251742,0.892152,-1.42772,-0.170984,0.383504,-1.37427,-0.0525973,0.770259,-1.22605,0.183599,0.930429,-1.27693,-0.381866,0.998696,-0.815806,-0.0249803,0.464868,-1.08131,-0.0414742,0.235564,1.66339,0.944746,-0.198076,-0.0691711,-1.05026,-0.533554,1.79795,-0.552933,-1.28345,1.82834,
-7.86063,-3.65803,-0.140517,4.39846,6.88155,22.9463,-6.92865,0.989771,21.9197,9.17172,4.57506,8.86068,0,0,0,0,0,0,0,0,0,0,0,0,0.125952,0.801925,-1.2374,0.109705,0.840122,-1.68365,-0.274099,0.880086,-1.386,-0.182719,0.357509,-1.33427,-0.0477961,0.744673,-1.21842,0.217016,0.963226,-1.26459,-0.43351,0.879926,-0.923413,-0.0338894,0.404862,-1.11535,-0.941949,0.282885,0.658014,0.835358,-0.0615622,0.0564005,-1.02165,-0.554765,1.95699,-0.547838,-1.0948,1.76664,
-9.40129,-2.52427,2.70828,5.06768,7.34105,23.0864,-6.00919,-4.93028,12.5407,8.29958,2.65169,10.7475,0,0,0,0,0,0,0,0,0,0,0,0,0.121774,0.809365,-1.21355,0.129164,0.841373,-1.68528,-0.29787,0.866201,-1.33891,-0.195461,0.332808,-1.29398,-0.0553371,0.770962,-1.13435,0.24698,0.980011,-1.27068,-0.439344,0.758805,-1.04833,-0.0619642,0.350488,-1.04804,-0.188789,0.22894,0.91551,0.784566,0.157801,-0.157635,-0.984353,-0.542495,1.91183,-0.53181,-0.932938,1.54415,
-17.282,-1.8116,5.70437,-3.97734,9.06687,23.4999,3.16181,-16.2062,10.1728,12.0526,3.44656,17.7466,0,0,0,0,0,0,0,0,0,0,0,0,0.122796,0.813084,-1.1958,0.142135,0.845168,-1.68878,-0.313007,0.858564,-1.30984,-0.203329,0.319059,-1.27092,-0.176888,0.787986,-1.04604,0.0983184,1.01906,-1.27032,-0.284988,0.549242,-1.06746,0.00149979,0.353833,-0.901794,0.444091,0.239584,1.40691,0.870796,0.276236,-0.269112,-0.900434,-0.448075,1.7543,-0.437224,-0.852213,1.4195,
-24.132,-1.77771,6.38665,-10.7798,8.93785,18.6422,14.9845,-16.3634,-0.547364,19.4609,13.8022,27.2664,0,0,0,0,0,0,0,0,0,0,0,0,0.132241,0.818443,-1.16438,0.162096,0.852423,-1.69858,-0.334362,0.842711,-1.2632,-0.214201,0.296057,-1.23423,-0.298144,0.79163,-1.00985,-0.0109484,1.02466,-1.37818,-0.0915272,0.511802,-1.19791,0.122403,0.51023,-0.682163,0.256027,0.168321,1.17357,0.701308,0.297227,-0.566865,-0.904782,-1.02034,2.299,-0.5265,-1.12375,1.72083,
-30.7248,-9.4851,-2.74052,-17.5175,6.58929,9.84361,17.2992,-1.56096,-15.8265,29.8137,34.4065,28.3078,0,0,0,0,0,0,0,0,0,0,0,0,0.13908,0.823022,-1.14464,0.177918,0.858807,-1.71137,-0.349132,0.816474,-1.20987,-0.222043,0.270177,-1.1932,-0.403898,0.660263,-1.17568,-0.113597,0.987622,-1.54885,-0.0451411,0.747816,-1.41933,0.317966,0.858033,-0.614767,0.478344,0.296305,0.574135,0.824524,0.275296,-0.502918,-0.322042,-1.23067,2.39233,-0.0628845,-1.15246,1.94784,
-23.3337,-11.6952,5.908,-14.7908,-3.0473,1.46046,9.28162,3.43759,-12.4959,22.2633,33.5474,32.8868,0,0,0,0,0,0,0,0,0,0,0,0,0.148296,0.829734,-1.1398,0.191236,0.864614,-1.71764,-0.341395,0.807886,-1.20578,-0.2192,0.256655,-1.16649,-0.255281,0.635826,-1.03037,-0.0521,0.826484,-1.69987,-0.104379,0.8858,-1.57151,0.198163,0.855815,-0.532082,0.631651,0.572356,0.0616855,0.781853,0.527859,-0.2685,2.08568,0.470927,-4.2329,0.38425,-0.32978,1.11414,
-11.4832,-15.345,15.8555,-10.8206,-10.4668,-7.16944,0.0352259,0.723102,-3.52838,20.2612,29.1549,37.4529,0,0,0,0,0,0,0,0,0,0,0,0,0.157447,0.846332,-1.14121,0.200725,0.884937,-1.7224,-0.241663,0.82657,-1.38624,-0.21149,0.268889,-1.16343,-0.0497992,0.590232,-0.85299,0.00426947,0.729114,-1.86027,-0.0927061,0.871984,-1.70437,0.159123,0.830862,-0.497401,0.0470195,0.699747,-0.00186586,0.00864827,1.05365,-0.22962,4.53189,0.985922,-7.76041,0.0680273,0.97426,-0.456134,
-17.2046,-18.3019,16.66,-6.52247,-7.00489,-5.09197,-1.44185,-1.40923,-3.34373,23.6803,29.9053,37.1749,0,0,0,0,0,0,0,0,0,0,0,0,0.155614,0.85709,-1.14002,0.189862,0.893051,-1.73828,-0.175329,0.839427,-1.49544,-0.212871,0.286163,-1.17299,-0.160681,0.546318,-0.83347,0.0124104,0.734942,-1.89974,-0.0798158,0.841043,-1.79234,0.214239,0.864111,-0.515436,-0.106454,0.671903,0.111246,-1.79854,-0.939517,-2.10442,3.71948,0.832257,-7.21414,-0.105166,1.0455,-0.560762,
-22.6897,-20.7992,10.6753,-0.336901,-0.615847,0.438116,-0.755434,-2.92128,-0.0943241,24.9598,28.3012,34.3996,0,0,0,0,0,0,0,0,0,0,0,0,0.154964,0.872692,-1.13291,0.118796,0.822544,-1.80824,-0.106873,0.848631,-1.64988,-0.214636,0.310623,-1.18481,-0.25646,0.514364,-0.92075,0.0112359,0.694137,-1.90241,-0.0512789,0.793859,-1.83502,0.237813,0.860451,-0.5758,0.0340841,0.606177,0.551992,-3.09939,-3.58139,-3.12101,2.1184,-0.0506757,-5.60485,-0.0416996,1.0774,-0.502195,
-23.2971,-21.7479,8.50882,0.0355451,-4.24411,2.0698,0.363129,-4.28926,2.71172,23.4726,26.0881,33.4863,0,0,0,0,0,0,0,0,0,0,0,0,0.157703,0.885387,-1.11593,0.0630874,0.748351,-1.85811,-0.0734942,0.835136,-1.74105,-0.21381,0.336471,-1.19668,-0.260023,0.508593,-0.932578,-0.00147848,0.570119,-1.8728,-0.0295113,0.720197,-1.80297,0.216159,0.852292,-0.607397,0.178975,0.569048,0.87536,-1.99259,-3.08815,-1.59882,1.14218,-1.12909,-3.39835,0.0975855,1.2678,-0.597652,
-22.8645,-24.3123,5.86968,0.186263,-6.35372,4.96259,1.00586,-6.68751,4.85265,21.9057,23.0243,29.8394,0,0,0,0,0,0,0,0,0,0,0,0,0.161665,0.895523,-1.09917,0.0358012,0.693636,-1.87316,-0.057644,0.804608,-1.77911,-0.211182,0.360351,-1.20793,-0.246363,0.471692,-0.961501,-0.00300281,0.46087,-1.78228,-0.0138801,0.604623,-1.71849,0.192597,0.823042,-0.685931,0.23499,0.556412,0.945453,-1.28916,-3.58245,0.0198432,0.778421,-2.39539,-0.843394,0.167841,1.34652,-0.627416,
-20.6376,-25.8195,1.89126,1.04437,-3.9422,6.44684,1.01481,-4.09517,5.01124,19.93,18.5058,25.8352,0,0,0,0,0,0,0,0,0,0,0,0,0.166675,0.907683,-1.07871,0.014452,0.59869,-1.84316,-0.0433757,0.730817,-1.76188,-0.207402,0.390665,-1.22234,-0.202047,0.456297,-1.01507,0.00922507,0.364451,-1.63878,-0.00592538,0.516143,-1.59979,0.160036,0.773178,-0.775354,0.19882,0.551795,0.893584,-0.739918,-4.9672,2.66342,0.580532,-4.28442,2.16866,0.155022,1.40691,-0.695033,
-18.0762,-25.3727,-0.28171,1.24361,-0.560566,9.23888,0.646464,-0.733818,4.62002,15.362,14.3691,23.227,0,0,0,0,0,0,0,0,0,0,0,0,0.171416,0.922074,-1.06019,0.00701242,0.478429,-1.75389,-0.0334265,0.621396,-1.68944,-0.203514,0.425626,-1.24093,-0.150462,0.482394,-1.04542,0.0288558,0.302987,-1.42649,-0.0109928,0.453348,-1.47616,0.081636,0.73533,-0.845846,0.207191,0.661286,0.607849,-0.0234592,-5.04932,4.87123,0.326327,-4.72714,3.95022,0.178495,1.48036,-0.831977,
-17.244,-23.4706,-3.64125,1.66766,5.34192,14.5864,-0.0275551,2.33811,6.88914,10.7594,12.8958,22.8922,0,0,0,0,0,0,0,0,0,0,0,0,0.174575,0.933675,-1.05268,0.00950008,0.405926,-1.67317,-0.0308957,0.553458,-1.6304,-0.200861,0.449817,-1.25538,-0.133042,0.532188,-1.10732,0.0447776,0.352299,-1.17237,-0.0277746,0.456932,-1.34979,-0.000435904,0.734103,-0.870162,0.180566,0.771579,0.353466,0.151444,-4.60635,7.19873,0.110673,-4.24835,4.74677,0.14665,1.52216,-0.947378,
-21.3612,-24.0944,-5.3761,0.76391,-0.658409,33.5731,-2.7921,5.97036,3.81989,3.18945,12.83,21.3858,0,0,0,0,0,0,0,0,0,0,0,0,0.184923,0.951828,-1.04494,0.0186072,0.438337,-1.70043,-0.0266351,0.475243,-1.5076,-0.191205,0.483386,-1.27372,-0.17916,0.541761,-1.1288,0.0531928,0.492881,-1.13895,-0.0709484,0.49651,-1.24439,-0.109702,0.76816,-0.909433,0.742559,0.855964,0.424221,0.632389,2.03242,-1.49554,0.197146,-2.66704,5.92034,0.718437,1.57363,-0.749875,
-14.8498,-22.4375,-9.25927,6.75797,4.35048,32.3319,-3.68574,14.3446,14.9402,-1.5923,9.85397,16.722,0,0,0,0,0,0,0,0,0,0,0,0,0.20597,0.971949,-1.03048,0.0358892,0.484399,-1.71964,-0.0303899,0.445785,-1.39942,-0.174955,0.512769,-1.28625,-0.0419963,0.58819,-1.16974,0.174382,0.626213,-1.14571,-0.122573,0.695991,-0.989939,-0.175476,0.749063,-1.00715,0.673161,0.739319,0.889029,0.477293,1.91629,-0.42522,-0.769058,-0.324026,4.2118,0.868698,1.74568,-0.761909,
-11.8104,-15.7039,-10.3327,12.3949,7.28944,34.8114,-11.412,15.1862,39.7437,0.913305,6.07299,13.8837,0,0,0,0,0,0,0,0,0,0,0,0,0.215205,0.983371,-1.01327,0.0417396,0.515664,-1.72302,-0.0422872,0.468501,-1.31767,-0.161508,0.557545,-1.3091,0.0142433,0.718979,-1.1636,0.27293,0.71163,-1.09462,-0.237415,0.865129,-0.729057,-0.130691,0.738228,-1.09393,0.420834,0.64577,1.14715,0.178096,1.93817,-0.138405,0.377748,3.68239,-4.09453,0.434242,2.14698,-1.13827,
-9.54929,-9.50629,-14.2452,17.0989,5.96084,39.288,-17.7561,20.1341,48.5541,3.70569,3.59611,9.05567,0,0,0,0,0,0,0,0,0,0,0,0,0.215528,0.998004,-0.997312,0.0383285,0.559185,-1.72585,-0.0382279,0.530765,-1.37776,-0.157709,0.60428,-1.33089,0.0365639,0.849822,-1.24438,0.336547,0.722515,-1.01581,-0.36275,0.956901,-0.534998,-0.0920648,0.72441,-1.18547,-0.163187,0.753492,0.364656,-0.387125,1.67906,-0.131052,-0.0514549,1.83519,-1.22332,-0.052935,1.6728,-0.587758,
-4.58013,-4.84199,-18.695,21.4224,9.66425,41.1679,-21.7161,20.9065,56.8212,4.99475,3.47466,-4.73963,0,0,0,0,0,0,0,0,0,0,0,0,0.204554,1.01053,-1.01572,0.0302395,0.584266,-1.72706,-0.0409932,0.555148,-1.38949,-0.160355,0.627663,-1.33607,0.0794885,0.958793,-1.46802,0.400461,0.808624,-0.978537,-0.444713,0.978843,-0.369671,-0.0779901,0.734054,-1.42671,-1.27693,1.10916,-3.43411,-0.588997,1.48633,0.000356,-0.271396,1.33154,-0.406049,-0.25817,1.32047,-0.136462,
-0.999692,-3.35698,-7.69145,23.209,12.196,43.7868,-14.9213,17.3669,49.3316,2.67728,1.6992,-10.4421,0,0,0,0,0,0,0,0,0,0,0,0,0.166896,1.05678,-1.17556,0.0131163,0.61692,-1.72398,-0.0511035,0.579789,-1.3868,-0.153164,0.669245,-1.36844,0.0725059,1.04892,-1.64628,0.406751,0.880247,-0.919834,-0.342178,0.921186,-0.471331,-0.0637938,0.771383,-1.64062,-2.32875,1.62499,-10.1101,-0.866174,1.27051,0.245165,-0.604315,0.78331,0.566263,1.24339,2.17686,-2.51551,
1.45503,1.26177,-4.07514,15.1152,8.5702,42.1963,-7.28977,10.2819,36.1588,-1.23171,-0.86886,-7.81073,0,0,0,0,0,0,0,0,0,0,0,0,0.108819,1.04651,-1.36381,-0.00474722,0.642748,-1.71293,-0.0655221,0.595712,-1.36863,-0.110563,0.715452,-1.43667,0.0477637,1.04837,-1.75663,0.251939,0.834613,-0.919121,-0.213555,0.809898,-0.684933,-0.0452615,0.786671,-1.78539,-2.67393,-0.6443,-9.73882,-0.554135,1.1013,0.812892,-0.473365,0.832366,0.802577,2.67962,2.65884,-6.31609,
3.65558,-0.00344348,-1.4766,9.78478,3.04917,34.8852,-8.49816,6.42076,27.3636,-2.84795,-2.63736,-2.6118,0,0,0,0,0,0,0,0,0,0,0,0,0.0579379,1.03012,-1.5634,-0.00896402,0.665195,-1.68586,-0.0693183,0.619475,-1.3582,-0.0648216,0.753694,-1.55182,0.0599353,1.00115,-1.84548,0.170585,0.752252,-1.00044,-0.22229,0.778556,-0.844305,-0.0227411,0.775128,-1.8562,-1.96985,-0.883325,-7.79898,0.0502378,0.966075,1.5628,0.0470631,1.29373,0.500355,2.86799,2.12013,-7.84931,
3.7803,-2.93559,-0.0408573,8.26509,0.59188,28.9031,-8.39759,4.15033,23.9833,-2.62517,-2.53794,-0.409577,0,0,0,0,0,0,0,0,0,0,0,0,0.0347017,1.01196,-1.67624,-0.00621729,0.680143,-1.65803,-0.066877,0.643032,-1.35233,-0.0144241,0.777176,-1.69812,0.0694668,0.914982,-1.88697,0.151673,0.720882,-1.07206,-0.2129,0.770663,-0.913737,-0.00557726,0.740537,-1.89261,-1.0379,-1.33233,-6.41639,0.232714,0.915982,1.84728,0.203504,1.5941,0.0773268,1.72875,0.290431,-5.71538,
2.1831,-3.30101,1.39529,8.06879,-1.18109,23.2349,-7.9434,1.0116,22.7757,-1.80316,-2.82434,1.16925,0,0,0,0,0,0,0,0,0,0,0,0,0.0262199,0.966553,-1.7873,-9.06519e-05,0.701611,-1.61192,-0.061711,0.68457,-1.35399,0.00982855,0.765769,-1.7994,0.0691955,0.826856,-1.87817,0.154469,0.709061,-1.12706,-0.199652,0.761615,-0.944794,-0.00435121,0.681483,-1.88699,0.10031,-2.43463,-3.55186,0.23999,0.883815,1.90687,0.198135,1.79215,-0.149833,0.568483,-1.00633,-3.32589,
1.3071,-4.36729,2.50917,9.46891,-2.50748,18.8754,-6.77818,0.0601866,20.8394,-1.86091,-3.48175,1.83358,0,0,0,0,0,0,0,0,0,0,0,0,0.030504,0.924363,-1.82862,0.00294631,0.715808,-1.5827,-0.0593061,0.713151,-1.35652,0.01438,0.744677,-1.83781,0.067887,0.744539,-1.83899,0.180017,0.699257,-1.18323,-0.17888,0.771092,-0.981852,-0.0156105,0.624051,-1.85773,0.416095,-3.06836,-1.71097,0.149983,0.887334,1.71951,0.112023,1.73699,-0.129253,0.117464,-1.7515,-1.62755,
0.796226,-3.45308,3.3064,9.69488,-3.99663,18.7093,-6.31949,-0.823046,19.6191,-2.01891,-2.14925,3.35932,0,0,0,0,0,0,0,0,0,0,0,0,0.0399168,0.852524,-1.84792,0.00482228,0.735775,-1.54999,-0.0581259,0.749049,-1.3581,0.0147088,0.699102,-1.8572,0.0696146,0.672953,-1.78699,0.183192,0.693512,-1.16861,-0.172115,0.784455,-1.00259,-0.0247332,0.580625,-1.80069,0.465086,-3.56851,0.0249651,0.0641498,0.928969,1.2593,0.027843,1.53909,-0.0366558,-0.0835572,-2.42609,-0.139422,
0.551439,-0.85181,2.98441,8.59567,-5.28403,20.6716,-6.9806,-1.98359,20.6564,-1.9422,-0.492457,3.12546,0,0,0,0,0,0,0,0,0,0,0,0,0.0503815,0.759846,-1.82301,0.00702624,0.758938,-1.52677,-0.0570798,0.783807,-1.35904,0.0102853,0.633978,-1.8353,0.0714795,0.616194,-1.71725,0.167609,0.695643,-1.12663,-0.181515,0.793523,-0.985761,-0.0325451,0.5354,-1.72653,0.338308,-3.91615,1.57361,0.131335,1.00155,0.742127,0.0759422,1.39888,-0.0700121,-0.229706,-2.73851,1.58718,
-0.167317,-0.371496,3.1972,2.74432,-1.08541,28.2062,-0.22287,-7.65418,24.8501,-0.926672,1.19799,1.8077,0,0,0,0,0,0,0,0,0,0,0,0,0.0533767,0.703249,-1.79778,0.00942933,0.775565,-1.51765,-0.0555445,0.805573,-1.36044,0.0069249,0.59481,-1.80875,0.0552155,0.581365,-1.66352,0.064213,0.790532,-0.990155,-0.056449,0.70934,-0.911015,-0.0197993,0.535378,-1.6953,0.149141,-3.51787,2.32641,0.149323,1.06034,0.447834,0.096178,1.31187,-0.0731281,-0.301753,-2.48153,2.4622,
1.5483,0.465608,2.363,5.06608,-2.658,33.2289,-4.37502,-4.71888,22.7087,-2.75713,-0.416372,0.845836,0,0,0,0,0,0,0,0,0,0,0,0,0.0516973,0.626443,-1.7304,0.0118751,0.801662,-1.51034,-0.0517758,0.832438,-1.35867,0.00340295,0.546432,-1.74693,0.068758,0.543719,-1.599,0.105135,0.789315,-0.898399,-0.122932,0.775659,-0.936844,-0.0429027,0.493401,-1.6621,-0.338866,-2.78632,2.70207,0.0351091,1.09942,0.237742,0.256348,0.886677,0.273178,0.116846,-1.38906,2.12197,
2.01903,0.458549,3.08442,6.24569,-3.55992,32.5554,-8.82966,-4.16016,22.1765,-2.56691,-1.13766,2.26328,0,0,0,0,0,0,0,0,0,0,0,0,0.0454541,0.589284,-1.69192,0.0123757,0.819163,-1.50628,-0.045821,0.8447,-1.3528,0.00632599,0.529555,-1.71799,0.073279,0.525328,-1.53971,0.128007,0.789663,-0.903125,-0.190898,0.794025,-0.93775,-0.0376971,0.473745,-1.61067,-0.271479,-2.20897,2.93722,0.0633553,1.07635,0.343314,0.472447,0.762816,0.361669,0.0809091,-1.07327,2.02204,
1.68862,0.4376,1.9217,6.44471,-4.92744,30.0872,-11.9547,-4.58916,21.6242,-1.3427,0.688184,2.69451,0,0,0,0,0,0,0,0,0,0,0,0,0.0419879,0.547573,-1.62384,0.0150217,0.844454,-1.49391,-0.0308172,0.863812,-1.34489,0.00416672,0.504828,-1.67137,0.0708309,0.508479,-1.48988,0.135549,0.788956,-0.9264,-0.225731,0.806715,-0.940734,-0.028358,0.481777,-1.5482,-0.0568074,-1.43766,3.02586,0.102387,1.04171,0.62547,0.685804,0.804888,0.335709,-0.247869,-1.08665,2.26651,
0.713926,0.314395,2.18734,5.51677,-6.75097,27.7839,-10.2929,-6.40213,18.1188,-0.0341658,4.08409,2.97401,0,0,0,0,0,0,0,0,0,0,0,0,0.0409354,0.520696,-1.55372,0.0157867,0.869591,-1.47743,-0.0146256,0.8825,-1.33549,-0.00242616,0.483426,-1.61156,0.0518907,0.497415,-1.42466,0.114617,0.781541,-0.949012,-0.180841,0.79039,-0.991157,-0.0103318,0.538088,-1.47223,-0.0618795,-0.886027,2.72815,-0.0450679,1.06013,0.710475,0.639447,0.742281,0.455154,-0.222579,-0.598712,2.60509,
-0.654287,2.41359,4.07169,2.56089,-6.27409,24.5183,-6.97093,-9.62044,15.4471,1.15432,12.4137,8.16496,0,0,0,0,0,0,0,0,0,0,0,0,0.0392064,0.509673,-1.51482,0.0141673,0.886788,-1.46584,-0.00465789,0.893938,-1.32754,-0.00410233,0.480431,-1.57329,0.0227502,0.530202,-1.34614,0.0564609,0.80817,-0.995463,-0.110703,0.7422,-1.03001,0.0164545,0.712422,-1.32999,-0.139337,-0.713591,2.89202,-0.130411,1.08339,0.751447,0.632474,0.708248,0.509385,-0.0131624,0.192105,2.89819,
-1.55406,1.74306,2.71371,1.75561,-7.1429,21.2271,-3.20854,-12.127,9.93226,-1.07886,10.8992,9.17806,0,0,0,0,0,0,0,0,0,0,0,0,0.0295962,0.499569,-1.43396,0.00900331,0.913959,-1.4471,0.0113224,0.910313,-1.31466,0.00256595,0.522804,-1.47387,-0.0219735,0.531455,-1.2714,0.0305422,0.823219,-1.03577,-0.0243635,0.710595,-1.11525,0.00293283,0.836834,-1.14217,-0.712374,0.00591504,3.45956,-0.317204,1.19564,0.775566,0.692119,0.634753,0.575017,0.610578,3.54029,5.03611,
-1.44549,2.73343,12.0274,4.0008,-6.44959,15.3159,-4.69313,-10.8658,8.4995,-2.95265,13.6545,26.5823,0,0,0,0,0,0,0,0,0,0,0,0,0.016306,0.509403,-1.40373,0.00274604,0.933806,-1.43531,0.0227149,0.919286,-1.30472,0.0137293,0.583979,-1.41745,-0.0339212,0.619183,-1.24575,0.061449,0.856722,-1.13126,-0.0385343,0.737898,-1.12794,-0.0251122,0.915131,-0.975111,-0.731671,1.83582,-1.85488,-0.428967,1.22778,0.781427,0.73579,0.494146,0.679388,0.453535,2.5327,-1.25201,
-1.14943,2.01402,16.0279,3.81877,-10.128,10.0801,-5.61006,-10.0154,4.84301,-2.4165,13.8508,29.5526,0,0,0,0,0,0,0,0,0,0,0,0,-0.00147258,0.546654,-1.4387,-0.0069904,0.960657,-1.41364,0.0426599,0.92521,-1.28263,0.0263662,0.635834,-1.44212,-0.0457265,0.628239,-1.18677,0.0506334,0.809545,-1.19873,-0.0306529,0.743137,-1.15623,0.00134199,0.948338,-0.922575,-0.713631,1.37399,-1.20669,-0.360812,1.00932,0.966571,0.876589,0.000796827,1.17173,0.577874,1.85386,-0.543227,
-2.97793,-0.454608,19.6137,2.28431,-14.891,5.31339,-4.52985,-9.86714,-4.24949,0.113893,16.2618,30.6508,0,0,0,0,0,0,0,0,0,0,0,0,-0.016159,0.575415,-1.46419,-0.013913,0.980335,-1.39147,0.0616691,0.920281,-1.25146,0.0393238,0.670917,-1.44651,-0.0909983,0.608525,-1.14381,0.0183105,0.735812,-1.26048,0.00646502,0.728694,-1.27669,0.0603026,1.01271,-0.888,-0.632354,1.26427,-1.10713,-0.284457,0.801249,1.05067,0.829792,-0.372286,1.59005,0.577746,1.40923,0.0374219,
-3.6947,-0.268649,20.699,1.4894,-16.1162,-2.24627,-3.23794,-6.53471,-9.23205,1.21715,17.8724,31.9037,0,0,0,0,0,0,0,0,0,0,0,0,-0.0266536,0.597766,-1.48271,-0.0182769,0.993162,-1.37104,0.0746234,0.911626,-1.2262,0.0496984,0.694306,-1.44319,-0.111026,0.633345,-1.13746,0.0026297,0.721093,-1.37119,0.0390715,0.782064,-1.35773,0.0915644,1.06071,-0.855088,-0.525433,1.23639,-0.950248,-0.188629,0.640219,1.24335,0.712546,-0.328452,1.11019,0.603042,1.26669,0.245394,
-5.00072,-1.20587,21.6575,0.0635298,-16.3986,-7.36825,0.195894,-4.14471,-3.56274,2.15688,18.5102,30.3964,0,0,0,0,0,0,0,0,0,0,0,0,-0.0374213,0.6275,-1.50365,-0.0211618,1.00661,-1.33892,0.0791217,0.901242,-1.25372,0.0646814,0.723631,-1.43597,-0.141329,0.646297,-1.13763,-0.0225505,0.725342,-1.42849,0.0682416,0.79299,-1.42275,0.124324,1.09849,-0.872232,-0.396764,1.24428,-0.848012,-0.0777275,0.515912,1.35664,-0.441277,-1.00509,-3.1856,0.624143,1.17045,0.338417,
-5.38634,-1.24687,24.3235,-0.539694,-15.6533,-9.71813,2.37581,-1.24111,-3.82363,3.33775,18.5516,27.8907,0,0,0,0,0,0,0,0,0,0,0,0,-0.04323,0.647646,-1.51692,-0.022022,1.0135,-1.31849,0.0675224,0.871724,-1.30241,0.0745619,0.742251,-1.43076,-0.152488,0.667079,-1.10116,-0.0334025,0.726289,-1.46973,0.0848738,0.780366,-1.48621,0.155236,1.1194,-0.915545,-0.346015,1.28651,-0.809271,-0.0479077,-0.0795124,0.777709,-0.789715,-2.10197,-3.49174,0.610725,1.21752,0.247943,
-6.62656,-3.30122,24.4752,-0.234529,-13.4153,-6.40685,2.51725,-0.208319,-2.14155,5.40179,16.4734,28.248,0,0,0,0,0,0,0,0,0,0,0,0,-0.0509471,0.680014,-1.53493,-0.0236209,1.01557,-1.31104,0.0524791,0.818885,-1.38277,0.0887504,0.775192,-1.42952,-0.181322,0.666167,-1.1108,-0.0317159,0.720314,-1.50137,0.0863036,0.749724,-1.53787,0.205898,1.12686,-0.922254,-0.302261,1.4109,-0.637959,-0.117055,-1.56879,-2.25653,-0.364945,-1.99755,-3.5493,0.578517,1.59355,-0.193538,
-7.36393,-4.82379,24.253,0.183914,-13.8727,-5.9045,1.76295,-0.500314,-0.365013,6.41114,14.5182,30.3144,0,0,0,0,0,0,0,0,0,0,0,0,-0.0572526,0.712325,-1.54664,-0.0269831,1.00041,-1.34086,0.0502936,0.77864,-1.4577,0.101651,0.81514,-1.43875,-0.199978,0.673976,-1.12037,-0.028418,0.69794,-1.51828,0.0847308,0.712167,-1.56563,0.237953,1.144,-0.90663,-0.269968,1.50811,-0.449147,-0.146019,-1.53496,-2.14083,0.0728327,-1.75318,-3.09512,0.60304,1.98287,-0.582238,
-7.91602,-5.33169,24.5551,0.0670725,-15.2228,-7.27291,1.74387,-1.08943,0.215422,6.45353,14.3076,32.3368,0,0,0,0,0,0,0,0,0,0,0,0,-0.0613617,0.736823,-1.553,-0.0287467,0.986812,-1.35857,0.0527309,0.751656,-1.49682,0.111557,0.848391,-1.44938,-0.213025,0.690426,-1.11904,-0.0295286,0.687336,-1.52313,0.0902839,0.676807,-1.56515,0.249983,1.17785,-0.884142,-0.236374,1.54437,-0.381818,-0.0611519,-0.693561,-0.987848,0.178635,-1.68182,-2.20761,0.644404,2.11798,-0.693758,
-8.24893,-7.07941,24.51,0.339913,-14.4685,-4.85517,1.26612,-0.997819,0.561139,5.82451,12.8485,35.0292,0,0,0,0,0,0,0,0,0,0,0,0,-0.0663368,0.774082,-1.56183,-0.0299726,0.965471,-1.38377,0.0574682,0.709234,-1.5338,0.128048,0.899656,-1.46587,-0.222425,0.696147,-1.12799,-0.0248902,0.666705,-1.51305,0.0870458,0.631144,-1.55474,0.257469,1.20278,-0.850327,-0.186611,1.55168,-0.360479,-0.0335428,-1.0909,-1.253,0.200358,-1.83174,-0.951466,0.718694,2.1239,-0.652368,
-9.21131,-8.02829,27.1487,-0.540676,-19.8597,-6.07809,1.53252,-1.0483,1.20339,5.33978,14.9287,37.332,0,0,0,0,0,0,0,0,0,0,0,0,-0.0700605,0.807885,-1.56981,-0.0304078,0.959341,-1.39106,0.059978,0.670049,-1.54522,0.144469,0.944729,-1.47791,-0.242234,0.711456,-1.08922,-0.0408273,0.635148,-1.47621,0.0891938,0.589777,-1.52819,0.266944,1.27889,-0.812126,-0.143475,1.51374,-0.398122,-0.017996,1.12726,0.775011,0.0413065,-1.87035,-0.148286,0.775759,1.91668,-0.396747,
-8.27649,-8.21862,28.2974,-0.45921,-21.0799,-4.73919,1.27601,-0.42747,1.09944,4.9352,14.9724,38.0367,0,0,0,0,0,0,0,0,0,0,0,0,-0.072698,0.834493,-1.57638,-0.0308247,0.967481,-1.38379,0.0601098,0.636999,-1.5423,0.15847,0.977614,-1.48292,-0.228925,0.732124,-1.0711,-0.0402901,0.619583,-1.43893,0.0832148,0.566404,-1.50361,0.273285,1.30851,-0.798034,-0.175556,1.43796,-0.281773,-0.0341051,1.08088,0.948279,-0.00291256,-1.9196,0.571387,0.766464,1.79284,-0.204283,
-7.93063,-9.59455,27.6252,-0.608265,-23.0058,-3.82065,1.02122,0.276766,0.891565,4.08939,13.3206,36.1591,0,0,0,0,0,0,0,0,0,0,0,0,-0.0768568,0.864783,-1.5791,-0.0318143,0.988848,-1.35843,0.0594788,0.596555,-1.52404,0.175316,1.01607,-1.48477,-0.227041,0.733811,-1.07626,-0.0441097,0.59927,-1.38424,0.0759597,0.546501,-1.47807,0.275149,1.31435,-0.826625,-0.18305,1.32837,0.0170674,-0.0377704,0.877233,1.33395,-0.063758,-1.68317,0.909451,0.778564,1.71393,0.0215126,
-6.77387,-10.9621,25.4952,-0.510845,-24.8066,-3.11516,1.29947,0.561586,1.31247,2.68367,11.0671,32.2445,0,0,0,0,0,0,0,0,0,0,0,0,-0.0810446,0.892561,-1.57493,-0.0328036,1.0057,-1.32458,0.0564098,0.566017,-1.50434,0.192376,1.05274,-1.48152,-0.210827,0.732604,-1.10003,-0.0439449,0.576639,-1.32491,0.0736752,0.536107,-1.44491,0.266414,1.30746,-0.887105,-0.202324,1.20251,0.346596,-0.0566272,0.67116,1.72057,-0.194376,-1.2259,1.08689,0.771347,1.63474,0.249056,
-3.76208,-10.47,23.0264,0.311914,-26.6283,0.067698,0.709521,-2.90058,5.27148,0.71229,9.71822,27.7388,0,0,0,0,0,0,0,0,0,0,0,0,-0.0845549,0.910907,-1.5674,-0.033979,1.01509,-1.29471,0.0536817,0.553857,-1.49057,0.204545,1.07824,-1.47606,-0.161967,0.755796,-1.13041,-0.0324316,0.548141,-1.2296,0.0749347,0.535891,-1.40313,0.241458,1.30496,-0.957578,-0.275316,1.0772,0.559767,-0.126005,0.525461,1.95204,0.255221,1.06248,-0.256674,0.732186,1.52856,0.431949,
-0.701054,-9.46027,18.7446,1.11965,-28.5368,1.58004,-0.116715,-3.89611,8.33262,-2.09746,6.52274,21.47,0,0,0,0,0,0,0,0,0,0,0,0,-0.0942847,0.93272,-1.55056,-0.0398842,1.0247,-1.2452,0.0606223,0.587099,-1.49988,0.220213,1.10941,-1.45966,-0.122586,0.785947,-1.18324,-0.0295523,0.515007,-1.14511,0.0668201,0.55463,-1.3506,0.202583,1.26358,-1.03932,-0.475288,0.770952,0.809961,-0.306331,0.279787,2.18034,0.254217,1.1724,-0.0679907,0.626556,1.08705,0.91593,
1.75037,-9.35682,14.7697,1.83977,-28.7557,2.99412,-0.74556,-2.60874,10.4661,-4.62059,3.43195,13.3611,0,0,0,0,0,0,0,0,0,0,0,0,-0.106197,0.94686,-1.53129,-0.0478652,1.02837,-1.19551,0.0653032,0.607725,-1.49464,0.233223,1.128,-1.43428,-0.0929431,0.7948,-1.23296,-0.0268939,0.507732,-1.06474,0.0583625,0.585163,-1.28931,0.16825,1.21145,-1.14721,-0.56745,0.551963,0.91052,-0.381304,0.0668763,2.33229,0.202122,0.759926,0.459285,0.581705,0.643121,1.34875,
4.09149,-10.615,9.52139,2.94888,-26.8148,5.26504,-1.49968,0.22938,14.6292,-6.70751,-0.186879,4.17641,0,0,0,0,0,0,0,0,0,0,0,0,-0.116719,0.95547,-1.51445,-0.0549378,1.02807,-1.15251,0.0687341,0.618814,-1.48333,0.243456,1.13646,-1.40715,-0.0620717,0.776354,-1.3099,-0.0146968,0.538008,-0.977232,0.0471018,0.639984,-1.19316,0.139475,1.14469,-1.27861,-0.603284,0.424266,0.960474,-0.408677,-0.0768606,2.4307,0.172171,0.519447,0.739213,0.549181,0.355362,1.60744,
7.24237,-13.3069,1.16899,4.80649,-24.3739,8.51656,-2.3129,3.93165,18.8077,-9.02511,-4.97571,-7.84833,0,0,0,0,0,0,0,0,0,0,0,0,-0.130967,0.963474,-1.49309,-0.06486,1.02524,-1.09897,0.0713666,0.627605,-1.46436,0.254354,1.14151,-1.36996,-0.0218461,0.732079,-1.44018,0.00643051,0.577134,-0.865408,0.0315639,0.709336,-1.09169,0.10478,1.05577,-1.45602,-0.689274,0.322318,0.967173,-0.491952,-0.151203,2.40506,0.0687481,0.313071,0.938606,0.443653,0.144536,1.73061,
8.88045,-14.1544,-5.09452,7.50571,-23.5403,4.97165,-3.92468,6.84565,23.7963,-8.47278,-2.46857,-10.8827,0,0,0,0,0,0,0,0,0,0,0,0,-0.145655,0.970703,-1.47398,-0.0751079,1.02158,-1.04735,0.073199,0.63305,-1.44353,0.249013,1.13983,-1.36714,-0.00273917,0.725481,-1.54283,0.0497638,0.587313,-0.881,0.00815503,0.764786,-0.981794,0.0455997,1.0691,-1.63549,-0.566725,0.37069,0.726407,-0.354316,-0.191311,2.32101,0.192924,0.222135,0.8884,-1.5083,-0.789869,-2.15345,
8.63855,-14.5056,-9.5586,8.78651,-26.7608,0.642982,-7.74915,8.11441,25.4971,-6.151,-1.56143,-9.75755,0,0,0,0,0,0,0,0,0,0,0,0,-0.152142,0.977845,-1.466,-0.0778558,1.0181,-1.01082,0.0793512,0.635771,-1.43011,0.212685,1.11727,-1.42173,-0.00492871,0.730821,-1.63077,0.0802642,0.524807,-0.928092,-0.0447895,0.78631,-0.939367,0.0114193,1.04371,-1.78863,-0.301,0.510688,0.275605,-0.049949,-0.205816,2.17066,0.511898,0.0918021,0.829968,-2.73256,-1.3801,-5.7899,
4.97477,-11.5603,-7.52179,7.29548,-31.7601,0.876585,-13.2318,10.1499,21.1705,-2.60414,-0.863274,-3.68824,0,0,0,0,0,0,0,0,0,0,0,0,-0.146612,0.980884,-1.48182,-0.0731841,1.01409,-0.9654,0.0979142,0.632755,-1.4091,0.138867,1.0747,-1.57411,-0.00594607,0.712422,-1.70119,0.0708219,0.434356,-0.90044,-0.111967,0.804833,-0.992304,-0.0108823,0.996195,-1.87724,1.53437,-1.78061,-2.52442,0.347138,-0.0697582,1.49788,0.937954,-0.380861,0.973933,-3.12894,-1.91928,-7.21328,
1.38004,-3.33174,-2.20439,6.56362,-37.5541,4.92799,-15.5728,10.053,18.5496,-0.0640779,-1.25489,-0.875476,0,0,0,0,0,0,0,0,0,0,0,0,-0.0918634,0.886464,-1.5662,-0.0651936,1.01554,-0.940323,0.119087,0.620974,-1.38693,0.071555,1.02943,-1.72126,0.016647,0.646741,-1.75435,0.0645481,0.338148,-0.819309,-0.13397,0.785851,-1.01839,-0.02727,0.936929,-1.93613,2.5489,-5.47391,-4.52434,0.317872,0.16545,0.959875,0.91928,-0.547052,0.955348,-2.98406,-2.12928,-6.07926,
0.632473,-1.49503,0.883083,5.69699,-41.0694,4.87626,-17.5048,8.94531,17.7422,0.474268,-3.28673,0.937095,0,0,0,0,0,0,0,0,0,0,0,0,-0.0518631,0.78356,-1.63915,-0.0596088,1.01891,-0.922346,0.135604,0.612891,-1.37221,0.0248413,0.99217,-1.80981,0.0242722,0.568541,-1.75153,0.0554609,0.277138,-0.796104,-0.151018,0.764678,-1.02761,-0.0382855,0.863322,-1.93877,1.97498,-5.73945,-3.92436,0.351027,0.151107,1.14837,0.966998,-0.331684,0.67261,-2.19236,-2.11104,-4.46116,
0.540884,-0.757495,5.64758,6.60813,-42.1174,0.277659,-19.2373,8.68579,16.8167,0.990094,-5.8987,5.29742,0,0,0,0,0,0,0,0,0,0,0,0,-0.0184999,0.664623,-1.70218,-0.0517048,1.02059,-0.89108,0.157259,0.609441,-1.36145,-0.0118989,0.93956,-1.87984,0.0279913,0.483108,-1.65903,0.0790616,0.255291,-0.832526,-0.161276,0.766003,-1.04322,-0.0366023,0.741139,-1.85088,1.12007,-5.12547,-1.81921,0.324457,0.0144575,1.63489,0.954367,-0.0416043,0.381006,-1.30488,-2.78582,-2.05802,
0.0460449,-1.39286,8.36895,6.93692,-42.1366,-2.90552,-17.389,7.83894,18.5009,2.03151,-6.91338,8.11537,0,0,0,0,0,0,0,0,0,0,0,0,-0.00436081,0.581147,-1.71068,-0.0472462,1.02028,-0.859342,0.172971,0.610146,-1.35583,-0.0292999,0.881818,-1.89117,0.0181488,0.405187,-1.51565,0.0850329,0.253202,-0.853529,-0.117037,0.754736,-1.00994,-0.0177439,0.622806,-1.705,0.662213,-4.60274,1.30997,0.188018,-0.0292357,1.79181,0.799224,0.0630649,0.290711,-0.775513,-4.07349,1.18007,
-1.12704,0.894376,9.78474,8.58692,-41.8116,-6.37527,-15.2737,9.83874,15.1912,1.5325,-3.71329,9.19722,0,0,0,0,0,0,0,0,0,0,0,0,0.00366066,0.492615,-1.65669,-0.0456762,1.02012,-0.820435,0.187604,0.612091,-1.34998,-0.0362402,0.783053,-1.83915,-0.00881741,0.377787,-1.33057,0.110297,0.260279,-0.880831,-0.0713929,0.792332,-1.06367,-0.00841061,0.543046,-1.52375,0.24486,-4.00552,4.52871,-0.00466038,0.0112058,1.69637,0.571627,0.0413739,0.308911,-0.00103813,-5.27061,4.52763,
1.12689,-4.73739,32.5283,11.4992,-42.6651,-11.7582,-10.7031,9.53528,13.0501,2.16027,1.6795,7.83518,0,0,0,0,0,0,0,0,0,0,0,0,-0.00716542,0.465773,-1.6305,-0.0490051,1.02081,-0.782909,0.196393,0.614416,-1.34396,-0.0308457,0.663775,-1.70574,-0.0303437,0.44442,-1.15624,0.148507,0.24552,-0.935853,0.00726129,0.796417,-1.1002,0.0169209,0.519173,-1.32227,-1.33428,1.97943,-3.58013,-0.35336,0.0134989,1.85905,0.167163,0.263766,0.198368,0.259388,-5.35146,7.36404,
0.67722,0.9109,38.283,10.0087,-39.147,-16.6814,-5.15215,7.83939,16.9938,4.0324,5.74455,6.91861,0,0,0,0,0,0,0,0,0,0,0,0,-0.039465,0.505158,-1.68573,-0.0612605,1.01986,-0.73562,0.194843,0.626148,-1.34305,-0.0211317,0.56748,-1.54286,-0.0757578,0.578836,-1.05117,0.0993065,0.304249,-0.959539,0.0945872,0.794573,-1.03832,0.0721015,0.550356,-1.13872,-1.48518,1.74521,-1.87892,-0.65416,-0.117646,2.42545,-0.20108,0.79111,-0.129937,0.60857,-3.71465,8.50523,
-0.0848567,8.17752,42.2548,7.1093,-20.7235,-20.9357,-1.71912,6.76541,17.8701,9.09488,8.46314,9.87127,0,0,0,0,0,0,0,0,0,0,0,0,-0.0640409,0.532968,-1.70908,-0.0738679,1.01782,-0.69465,0.189061,0.641744,-1.34673,-0.00730485,0.525536,-1.41962,-0.117666,0.737858,-0.978436,0.0256522,0.637172,-0.989688,0.141337,0.799743,-1.03003,0.193857,0.614875,-0.961682,-1.59139,1.71746,-1.14968,-0.908719,-0.117955,2.61588,-0.503152,1.06917,-0.250898,1.09389,-1.97194,8.50858,
-16.3621,17.9598,53.3414,3.36143,6.77513,-16.5015,-0.118753,-0.122543,25.5857,21.8968,15.4582,44.8899,0,0,0,0,0,0,0,0,0,0,0,0,-0.0949708,0.571929,-1.73046,-0.0874586,1.03496,-0.691668,0.177664,0.666377,-1.34993,-0.00826829,0.563838,-1.41329,-0.418275,0.947904,-0.788688,-0.0321099,1.21438,-1.03239,0.168193,0.69163,-0.881994,0.381021,0.910561,-0.647899,-0.788705,1.51048,-0.857602,-0.17625,1.71828,-1.2435,-0.223415,0.8397,0.0838085,-0.269926,2.00645,-1.55175,
-18.5797,27.3848,58.4165,0.52535,18.2455,-4.58569,-1.80217,3.46627,8.56246,24.18,23.3983,62.9776,0,0,0,0,0,0,0,0,0,0,0,0,-0.103654,0.601334,-1.74675,-0.0789042,1.07123,-0.75825,0.176846,0.677677,-1.33896,-0.00905299,0.592639,-1.42522,-0.458168,1.13648,-0.698446,-0.0390403,1.53608,-1.09657,0.138979,0.744627,-1.1481,0.426757,1.05224,-0.283404,-0.510321,1.13801,-0.422164,0.926202,4.06748,-7.78993,-0.155871,0.11997,1.07487,-0.11693,1.04437,-0.0988795,
-2.66098,25.5716,66.6644,-7.80494,8.02641,-8.76849,-4.9956,11.0426,-7.7969,16.7036,16.0787,68.7351,0,0,0,0,0,0,0,0,0,0,0,0,-0.115624,0.619695,-1.74524,-0.0466648,1.16806,-0.926308,0.172955,0.676836,-1.31259,-0.0119233,0.612482,-1.42365,-0.183021,1.11843,-0.517112,-0.105541,1.53212,-1.36526,0.0786956,0.879713,-1.40467,0.290244,0.945263,-0.167189,-0.581004,1.03253,0.490252,2.53707,6.66504,-8.54109,-0.10481,0.0642607,1.51805,-0.0469013,1.23568,0.205667,
-19.7457,13.1595,63.2938,-8.06867,6.44401,1.65267,1.66477,1.92624,-4.84348,23.76,20.9519,69.6949,0,0,0,0,0,0,0,0,0,0,0,0,-0.12078,0.642902,-1.72105,0.00160107,1.33367,-1.11355,0.158154,0.717434,-1.33847,-0.00976156,0.639678,-1.41113,-0.473055,0.916645,-0.518322,-0.10728,1.70578,-1.42969,0.129526,0.889265,-1.57236,0.429295,1.05452,-0.109059,0.205883,1.05353,1.58668,1.15566,7.78988,-10.578,-1.79961,4.18024,-4.45583,0.215605,1.03574,1.06615,
-15.2935,2.68323,54.0598,-3.78324,-18.6294,-10.386,0.672251,-3.59581,-9.72966,12.2546,12.5494,47.2318,0,0,0,0,0,0,0,0,0,0,0,0,-0.110069,0.660441,-1.68414,0.00159065,1.44768,-1.24714,0.123434,0.793911,-1.40455,-0.00136608,0.654518,-1.38195,-0.364003,0.7375,-0.620775,-0.0851094,1.31649,-1.65297,0.0762241,0.871379,-1.74169,0.24173,0.907283,-0.459231,0.737254,0.863919,2.4586,-0.547369,6.34116,-6.63028,-1.81599,4.36475,-4.8963,0.619818,0.751519,1.95422,
-10.7643,-6.4847,35.6592,4.99419,-22.9624,-10.7579,0.646696,-4.90813,-4.70575,3.85274,8.20162,25.5107,0,0,0,0,0,0,0,0,0,0,0,0,-0.0935201,0.673763,-1.61627,-0.0323266,1.53404,-1.39171,0.0868302,0.869902,-1.53746,0.0137101,0.668664,-1.33016,-0.26727,0.567512,-0.849252,-0.0205208,1.11858,-1.82774,0.0401456,0.859532,-1.85538,0.103912,0.835987,-0.780671,0.671163,0.356047,3.62609,-2.41382,0.0623081,-7.34681,-1.78575,2.40987,-7.09987,0.615765,0.556179,2.6173,
-3.79096,-9.12301,14.4988,4.72297,-8.2301,-7.36992,1.50499,-3.0781,-3.35682,-2.59651,0.959271,14.432,0,0,0,0,0,0,0,0,0,0,0,0,-0.079651,0.675524,-1.5122,-0.06909,1.44328,-1.55263,0.0533524,0.888259,-1.67017,0.0272311,0.683924,-1.2644,-0.135096,0.505032,-1.08906,0.00731059,1.0797,-1.94521,0.0350717,0.832547,-1.92457,-0.00635757,0.728466,-0.91681,0.411944,-0.141142,4.8745,-0.289413,-6.53695,-7.90121,-1.39468,0.00774487,-5.90835,0.416185,0.828088,2.60303,
0.954192,-9.2659,4.44442,2.60447,-2.95598,-3.63111,2.27789,-5.86377,0.0884533,-5.4702,-3.11876,6.65551,0,0,0,0,0,0,0,0,0,0,0,0,-0.0759899,0.671097,-1.43017,-0.0592197,1.31635,-1.68037,0.0320884,0.87902,-1.75933,0.0311296,0.699886,-1.22636,-0.0537746,0.491538,-1.18174,0.0319136,0.985956,-2.02264,0.0343559,0.737472,-1.93448,-0.0631489,0.677037,-1.03165,0.148693,-0.338824,5.12186,1.3377,-8.45302,-8.44113,-1.19621,-1.06742,-5.40093,0.158269,1.03448,2.25191,
2.6286,-7.14399,-2.49257,-0.971664,1.46688,2.7001,2.52435,-3.79676,3.22743,-3.3556,-1.31377,2.36427,0,0,0,0,0,0,0,0,0,0,0,0,-0.0751911,0.66294,-1.31613,-0.0127722,1.11342,-1.86303,0.0147207,0.823974,-1.85448,0.031896,0.724455,-1.17831,-0.0291874,0.523848,-1.22111,0.0380149,0.877648,-2.02386,0.0498871,0.64616,-1.88259,-0.031342,0.733487,-1.07784,-0.0546658,-0.281153,4.28823,2.09164,-8.01916,-6.41445,-0.327888,-3.32388,-2.65197,-0.0680525,1.00584,1.75627,
-1.23403,3.99742,1.36506,-2.05212,-0.593905,6.11775,1.25716,-3.31728,4.19118,-2.20509,1.55972,12.4665,0,0,0,0,0,0,0,0,0,0,0,0,-0.0751528,0.655441,-1.25325,0.0191738,0.988982,-1.94535,0.014243,0.75869,-1.88167,0.0295621,0.743595,-1.15247,-0.0877986,0.693629,-1.1471,0.0285466,0.771821,-1.93783,0.0478102,0.564625,-1.81359,-0.0146412,0.808797,-0.888016,0.299171,-1.05391,2.48516,1.42646,-6.30552,-3.16913,0.327237,-4.08685,-0.248259,-0.12561,1.12576,1.15487,
-7.61738,4.55535,3.454,-1.28863,-1.83395,8.11638,1.12609,-0.9742,9.56416,0.347882,3.24668,15.9554,0,0,0,0,0,0,0,0,0,0,0,0,-0.0678603,0.635238,-1.21368,0.0361584,0.86352,-1.96157,0.0248966,0.66224,-1.85666,0.0273362,0.768837,-1.13329,-0.202497,0.715137,-1.09566,0.0235003,0.658772,-1.78345,0.0601218,0.499647,-1.62113,0.0317174,0.864076,-0.819403,0.117971,-0.0893856,1.68732,0.32913,-5.23732,0.933385,0.45072,-4.42689,1.88354,-0.0593977,1.10638,0.726741,
-8.33341,-1.29631,9.62243,-0.0584149,-5.55041,6.0906,0.839543,-0.541969,12.6718,3.98503,3.80321,14.6571,0,0,0,0,0,0,0,0,0,0,0,0,-0.0692976,0.650336,-1.18743,0.0393652,0.774095,-1.9311,0.0318529,0.581096,-1.80967,0.0271476,0.791919,-1.1206,-0.222842,0.674371,-1.02163,0.029584,0.541439,-1.69678,0.0615716,0.450155,-1.4173,0.0989461,0.893875,-0.838733,-0.0619568,1.45458,-0.279504,-0.266416,-4.02537,3.77602,0.44166,-3.69988,4.94918,-0.0200625,1.00243,0.469904,
-5.43079,-5.93829,15.4602,0.601395,-6.48459,3.94786,-0.552741,1.07401,10.5291,5.6587,1.56112,13.1858,0,0,0,0,0,0,0,0,0,0,0,0,-0.0710334,0.676251,-1.19891,0.0339518,0.706629,-1.85294,0.0386184,0.523866,-1.69944,0.0259493,0.808486,-1.1155,-0.175991,0.62336,-0.945994,0.0341166,0.435092,-1.59519,0.0427466,0.423331,-1.2099,0.124135,0.873426,-0.870526,-0.18994,1.68291,-0.860935,-0.329074,-4.69441,5.68243,0.433217,-3.66857,9.1085,-0.143607,1.11698,0.15977,
-1.21662,-12.1743,16.809,0.457713,-2.01409,5.16965,0.941551,7.33161,9.62486,6.20729,-3.58801,10.7596,0,0,0,0,0,0,0,0,0,0,0,0,-0.0787009,0.719535,-1.22324,0.0324511,0.586217,-1.72265,0.0414112,0.451141,-1.46677,0.0193858,0.840533,-1.11932,-0.114185,0.559561,-0.951934,0.0456248,0.373686,-1.44727,0.0534682,0.50166,-0.95421,0.119922,0.825103,-0.93685,-0.408321,1.87544,-1.04838,0.148243,-5.37509,5.54232,-0.154677,-2.52949,10.3143,-0.376542,1.52187,-0.402213,
1.04678,-14.5604,16.0402,-0.212081,5.23591,6.76367,2.67017,17.6461,11.956,5.34655,-8.39268,7.73476,0,0,0,0,0,0,0,0,0,0,0,0,-0.087542,0.76269,-1.24645,0.0422222,0.476086,-1.60201,0.0358826,0.421644,-1.24744,0.0104679,0.877932,-1.13239,-0.0798996,0.564322,-0.98913,0.0592604,0.414314,-1.27155,0.0798861,0.728305,-0.664433,0.094887,0.784651,-1.01469,-0.348028,2.02785,-1.04865,0.638437,-4.79631,6.33991,-0.138878,-0.433215,11.172,-0.390831,1.81234,-0.700657,
8.47206,-8.97676,14.2963,1.97864,12.1144,10.6957,3.98844,27.3064,34.3928,5.20204,-14.1439,8.81743,0,0,0,0,0,0,0,0,0,0,0,0,-0.100689,0.794979,-1.26617,0.0482677,0.406275,-1.49507,0.0241472,0.46039,-1.26693,-0.00187897,0.902139,-1.13787,0.019787,0.683501,-1.04183,0.087658,0.524448,-1.07032,0.0663821,1.01353,-0.696199,0.0630898,0.676144,-0.976056,-1.02548,1.58079,-1.08771,0.10435,-3.11939,7.03663,-0.925291,1.73117,-1.66811,-0.904868,0.952311,0.0457109,
6.45203,-6.95124,10.4686,-3.19166,9.54903,11.194,2.2905,27.8644,30.963,5.62304,-12.6298,11.0993,0,0,0,0,0,0,0,0,0,0,0,0,-0.127959,0.824772,-1.29097,0.0531225,0.37439,-1.3524,0.000385006,0.47925,-1.27478,-0.0245226,0.910787,-1.12493,-0.044029,0.742317,-1.14081,0.0198637,0.54511,-0.890145,0.0138883,1.00516,-0.710196,0.0511287,0.681616,-0.889004,-1.01994,1.34233,-1.22783,0.756905,-0.0885702,7.90558,-0.859897,0.589342,0.0495162,-0.812348,0.0141024,1.04268,
3.05206,-8.34752,6.8361,-5.32629,1.48251,31.9932,-2.27148,21.2663,28.5111,1.74088,-11.0318,1.17589,0,0,0,0,0,0,0,0,0,0,0,0,-0.141515,0.858867,-1.32273,0.070059,0.416626,-1.24711,-0.0103643,0.49284,-1.27194,-0.0346974,0.90194,-1.08712,-0.0893455,0.75358,-1.236,-0.0238033,0.547831,-0.841449,-0.0524091,0.902324,-0.752371,-0.00346046,0.682062,-0.999953,-0.101518,1.42041,-1.14762,0.0910348,3.18544,-5.37881,-0.0227653,0.697378,0.0363489,-0.0126904,-0.589725,2.01029,
4.9554,-5.39744,0.635472,-2.47039,3.51661,27.7069,-4.6233,18.9568,28.4985,0.963994,-14.834,-6.40243,0,0,0,0,0,0,0,0,0,0,0,0,-0.139316,0.880252,-1.33467,0.0742428,0.452978,-1.29615,-0.00729547,0.507252,-1.27324,-0.0315289,0.893222,-1.05269,-0.045012,0.822189,-1.33508,0.0360851,0.579023,-0.857007,-0.085665,0.885616,-0.759013,-0.00804983,0.610618,-1.10058,0.12851,1.22445,-0.365625,0.206511,1.89771,-1.97439,0.173873,1.02959,-0.120058,0.181864,-0.394004,2.09355,
5.54613,-2.11717,-8.13739,0.654306,5.5003,23.0078,-8.46819,15.3531,31.1798,-0.225912,-13.9598,-16.3668,0,0,0,0,0,0,0,0,0,0,0,0,-0.137759,0.906069,-1.33249,0.0766307,0.494039,-1.32622,-0.00477165,0.535644,-1.27762,-0.0287264,0.889231,-1.00641,-0.0342857,0.900611,-1.4708,0.091698,0.646949,-0.937468,-0.154881,0.856686,-0.719398,-0.0285744,0.633583,-1.245,0.0804912,1.00943,0.294723,0.0968879,1.61651,-0.903644,0.117879,1.2801,-0.265195,0.130154,-0.0560336,1.80229,
6.70336,-0.498188,-7.56372,5.42661,4.33374,23.444,-8.52385,13.8182,30.1217,-2.31303,-3.66972,-16.0019,0,0,0,0,0,0,0,0,0,0,0,0,-0.133684,0.924125,-1.34841,0.0773624,0.51963,-1.34043,-0.00370735,0.555633,-1.28138,-0.0260588,0.888703,-1.01768,0.00785362,0.949915,-1.58306,0.174886,0.651099,-0.947074,-0.159472,0.844949,-0.738797,-0.0632045,0.805907,-1.45452,0.600661,1.06479,-2.96777,-0.034895,1.60949,-1.00537,-0.0239973,1.16343,-0.155442,0.150012,-0.491141,-4.45801,
3.02615,1.5254,-4.21394,8.2253,0.865242,26.2006,-6.14513,10.2324,30.8264,-1.29211,-4.20964,-10.7996,0,0,0,0,0,0,0,0,0,0,0,0,-0.103199,0.93,-1.43397,0.073062,0.559072,-1.36717,-0.00789332,0.582092,-1.28345,-0.0255936,0.866457,-1.14075,0.00822654,0.964386,-1.66779,0.21415,0.630403,-0.927894,-0.128094,0.807023,-0.728807,-0.0483273,0.839257,-1.58974,1.72348,0.203217,-4.80337,-0.258577,1.69886,-1.1335,-0.258849,1.18823,-0.178321,0.0231999,1.50758,-7.71947,
0.805166,0.25546,-3.30409,9.65718,-1.91374,27.595,-8.84942,9.59004,31.8949,-1.53991,-1.08191,-2.6217,0,0,0,0,0,0,0,0,0,0,0,0,-0.0596476,0.936077,-1.54649,0.0687172,0.596103,-1.38981,-0.0123875,0.60987,-1.28919,-0.0259264,0.878246,-1.35516,0.0215758,0.948958,-1.76483,0.240645,0.615124,-0.917335,-0.176826,0.826702,-0.718969,-0.0539123,0.838523,-1.69741,2.03451,0.251669,-4.83589,-0.111762,1.64436,-0.893885,-0.108152,1.29761,-0.295823,0.000381231,-0.612686,-9.00126,
1.09689,-0.349273,-2.31534,10.1939,-3.51166,26.2949,-9.57287,9.38864,30.8233,-1.19532,0.06654,-2.01394,0,0,0,0,0,0,0,0,0,0,0,0,-0.0309934,0.938914,-1.61828,0.0671912,0.62198,-1.40187,-0.013594,0.631146,-1.29397,-0.0261889,0.858832,-1.47907,0.0388077,0.938275,-1.82092,0.249112,0.61056,-0.945045,-0.190094,0.846342,-0.743354,-0.0482298,0.817344,-1.7686,1.52343,0.174539,-4.90534,-0.104605,1.60199,-0.649872,-0.0747847,1.35952,-0.29964,-0.00940377,-1.30465,-7.72774,
1.15545,-1.08896,-0.0508862,9.00164,-5.24865,25.4534,-9.63527,7.5289,30.6233,-0.971898,-0.22706,-0.314944,0,0,0,0,0,0,0,0,0,0,0,0,-0.00448875,0.938037,-1.71545,0.064922,0.656569,-1.41224,-0.015048,0.662289,-1.3006,-0.0266147,0.827421,-1.62381,0.0501237,0.910558,-1.84368,0.225841,0.611738,-0.960398,-0.191818,0.847121,-0.75397,-0.0444719,0.775564,-1.81334,1.0268,-0.234639,-3.88981,-0.083935,1.54608,-0.334503,-0.0483711,1.46492,-0.310358,-0.00569434,-1.45836,-5.6162,
1.69459,-2.77407,-0.445433,8.02564,-8.58905,28.2024,-9.92745,6.61012,27.9922,-1.11522,-0.844359,0.832725,0,0,0,0,0,0,0,0,0,0,0,0,0.0148029,0.92473,-1.78284,0.0627052,0.692868,-1.41723,-0.0163893,0.697476,-1.30664,-0.0264778,0.79282,-1.7248,0.0658572,0.847671,-1.86073,0.204677,0.585374,-0.908985,-0.199559,0.864478,-0.80313,-0.0463194,0.730057,-1.82021,0.618556,-0.813432,-2.13257,-0.120665,1.48713,-0.138341,-0.0816022,1.43054,-0.166233,0.013296,-1.44865,-3.37782,
1.91573,-3.40164,0.539075,7.37862,-9.86238,27.6755,-10.3115,5.27593,26.3441,-1.13766,-2.36038,1.17429,0,0,0,0,0,0,0,0,0,0,0,0,0.0231069,0.908472,-1.80913,0.0608196,0.716112,-1.41802,-0.0175972,0.720148,-1.30853,-0.0262046,0.770039,-1.76463,0.0757093,0.801113,-1.84439,0.192163,0.583051,-0.912877,-0.206462,0.863144,-0.833466,-0.0461429,0.676946,-1.80451,0.543001,-1.39063,-1.3767,-0.0859683,1.41332,0.0596158,-0.0422584,1.43826,-0.119845,0.0228102,-1.53318,-1.87071,
1.51832,-2.77184,1.95556,6.75208,-11.339,24.8377,-10.4001,2.34837,25.018,-1.06667,-2.47146,2.19866,0,0,0,0,0,0,0,0,0,0,0,0,0.0366767,0.859719,-1.82718,0.0597593,0.748391,-1.41201,-0.0176717,0.75572,-1.31146,-0.0257715,0.726135,-1.78692,0.0816052,0.730415,-1.79995,0.181647,0.584507,-0.947585,-0.206408,0.847853,-0.860317,-0.0448111,0.613209,-1.75683,0.529303,-2.41106,-0.254248,-0.0268043,1.29189,0.392035,0.0108598,1.51054,-0.114106,0.0108261,-2.07749,-0.302056,
1.49575,-3.0789,3.26865,6.80899,-11.555,22.9497,-10.1459,1.05013,23.703,-1.28871,-2.75902,3.40856,0,0,0,0,0,0,0,0,0,0,0,0,0.0445025,0.814558,-1.82387,0.0591731,0.770962,-1.4035,-0.0175967,0.782765,-1.31281,-0.0254399,0.687275,-1.78333,0.0864055,0.665171,-1.73565,0.181726,0.600887,-0.969955,-0.202201,0.849554,-0.88236,-0.0485319,0.555698,-1.68986,0.449399,-2.85409,0.879667,-0.0380943,1.22273,0.497385,-0.00406656,1.45739,-0.0155582,0.010364,-2.48761,0.962495,
1.2741,-1.75279,2.97306,7.22057,-12.4856,21.2312,-10.0959,-0.364003,21.983,-1.47755,-1.46147,2.93392,0,0,0,0,0,0,0,0,0,0,0,0,0.0538813,0.7435,-1.78467,0.0580156,0.797235,-1.39284,-0.0180969,0.813089,-1.3112,-0.0253976,0.624633,-1.7414,0.0887282,0.60077,-1.65711,0.187098,0.608859,-0.991831,-0.202969,0.849565,-0.906948,-0.0519816,0.50002,-1.61008,0.35693,-3.3874,2.24611,-0.0672439,1.1805,0.457889,-0.0400477,1.31674,0.139306,0.00857328,-2.99568,2.38246,
1.30182,-0.604107,3.78994,5.89611,-13.1281,19.3678,-9.12623,-0.945253,19.3129,-1.79957,-0.469152,3.24236,0,0,0,0,0,0,0,0,0,0,0,0,0.0593019,0.673341,-1.73155,0.0563464,0.823179,-1.38385,-0.0192643,0.840788,-1.30689,-0.0249891,0.562687,-1.68579,0.0909854,0.556763,-1.56192,0.161272,0.622967,-1.0201,-0.18702,0.862895,-0.947658,-0.0579955,0.460679,-1.52278,0.244872,-3.22651,3.07761,-0.0695506,1.17583,0.354485,-0.0557313,1.20062,0.247062,-0.0087676,-2.85628,3.17959,
0.694278,-0.434767,3.99086,5.64415,-11.9527,18.6953,-8.50754,-1.66602,17.8157,-1.63494,0.240652,4.00446,0,0,0,0,0,0,0,0,0,0,0,0,0.062474,0.620736,-1.67541,0.0551401,0.844631,-1.3786,-0.0203321,0.861926,-1.30217,-0.0255328,0.51648,-1.62962,0.0818828,0.517944,-1.47428,0.155752,0.666816,-1.03089,-0.177028,0.869715,-0.969729,-0.0586431,0.437646,-1.4331,0.207337,-2.89935,3.92835,-0.0613889,1.20712,0.238076,-0.0615261,1.16354,0.260228,-0.103402,-2.54254,3.78036,
-0.174626,0.575174,4.34292,5.52545,-10.5562,17.2001,-7.86661,-2.6778,15.6238,-0.973466,2.3238,4.23009,0,0,0,0,0,0,0,0,0,0,0,0,0.064905,0.563676,-1.58342,0.0539721,0.872094,-1.37531,-0.0215335,0.887603,-1.29703,-0.0280747,0.467647,-1.54062,0.0626332,0.496138,-1.36039,0.153002,0.722322,-1.06022,-0.165966,0.877419,-1.00635,-0.0496153,0.446152,-1.32193,0.0275998,-2.38319,4.40204,-0.0437795,1.2882,0.0722928,-0.0428692,1.17647,0.202095,-0.117373,-1.9478,4.33191,
-1.0173,3.12283,4.8795,4.96742,-6.85502,16.0281,-6.55966,-2.64342,15.4412,-0.452343,5.10011,4.89517,0,0,0,0,0,0,0,0,0,0,0,0,0.062452,0.52773,-1.50777,0.0534946,0.896198,-1.37538,-0.0218487,0.909325,-1.29436,-0.0292813,0.441805,-1.46672,0.0394547,0.521489,-1.25396,0.143155,0.816902,-1.08611,-0.14129,0.901838,-1.01036,-0.0393902,0.496568,-1.21865,-0.137532,-1.92559,5.04458,-0.0200571,1.3854,-0.0656747,-0.00533445,1.2398,0.0993202,-0.0575798,-1.16008,4.86023,
-0.449792,1.94703,2.40546,4.1361,-6.40631,16.4496,-4.93384,-3.61145,14.673,-0.689058,7.04554,3.3437,0,0,0,0,0,0,0,0,0,0,0,0,0.0547198,0.498702,-1.39424,0.0526096,0.928995,-1.37962,-0.021944,0.937793,-1.29376,-0.0292074,0.433611,-1.3568,0.0247896,0.511688,-1.17768,0.125581,0.864664,-1.09065,-0.11188,0.916058,-1.02803,-0.0395799,0.573993,-1.12764,-0.66465,-0.684886,5.28055,-0.0681391,1.5934,-0.30884,-0.00703849,1.34226,-0.032131,0.0658728,0.375246,5.14463,
-3.70077,-4.07206,19.0098,2.24697,-6.17139,17.1536,-2.4575,-4.10118,12.486,-0.363577,8.28783,19.032,0,0,0,0,0,0,0,0,0,0,0,0,0.0437572,0.510577,-1.33811,0.0533396,0.964398,-1.38943,-0.0198903,0.964339,-1.29247,-0.0264137,0.471478,-1.35035,-0.019536,0.528279,-1.10645,0.0979074,0.902866,-1.0935,-0.0596217,0.922588,-1.05725,-0.029103,0.688818,-1.06388,0.122025,2.80315,-3.48233,0.11348,1.54839,-0.487343,0.151266,1.00269,0.250722,0.119812,2.03659,-1.81992,
-4.42629,-2.9918,21.0546,0.956679,-6.77635,14.3559,-0.800201,-6.04268,8.78919,0.816869,10.2483,25.2305,0,0,0,0,0,0,0,0,0,0,0,0,0.045135,0.552675,-1.3835,0.0546847,0.990608,-1.39636,-0.0182105,0.97936,-1.2839,-0.0251375,0.503531,-1.37405,-0.0359525,0.565974,-1.06114,0.071598,0.912448,-1.14159,-0.0326194,0.895149,-1.10393,-0.0108323,0.747069,-0.952836,-0.0186242,2.06845,-1.84717,-0.0146934,1.3764,-0.190983,0.00428261,0.783937,0.616129,-0.0167102,1.74796,-1.14642,
-5.77947,-2.628,23.1709,-0.886095,-9.42856,7.69434,0.230744,-8.50927,1.9137,3.60114,12.5988,31.5758,0,0,0,0,0,0,0,0,0,0,0,0,0.04339,0.594168,-1.41323,0.0530473,1.01749,-1.39392,-0.0194439,0.994361,-1.26561,-0.0267707,0.5408,-1.39459,-0.0644036,0.603966,-1.02589,0.0342815,0.881086,-1.24234,-0.0174878,0.858068,-1.19714,0.0360207,0.822348,-0.843805,-0.0828791,1.75938,-1.03748,-0.0811244,1.07013,0.35698,-0.068423,0.562876,1.02915,-0.0820069,1.60353,-0.712438,
-8.43542,-1.7743,24.2083,-3.42277,-11.198,-5.83015,1.74919,-7.83948,-11.2436,6.84707,16.2584,38.4073,0,0,0,0,0,0,0,0,0,0,0,0,0.0424769,0.633145,-1.43161,0.0519716,1.03836,-1.37917,-0.0206405,1.00358,-1.23514,-0.028054,0.575049,-1.40399,-0.110736,0.650557,-1.01066,-0.0105941,0.857894,-1.45916,0.0100921,0.868456,-1.39175,0.095544,0.911996,-0.709877,0.00484577,1.51776,-0.586622,-0.010193,0.70688,0.79491,-0.0327206,0.22639,1.46087,-0.0273216,1.26314,-0.128418,
-10.7568,-1.37535,24.7092,-4.35708,-8.74488,-12.9444,1.87113,-5.11259,-12.425,11.2786,18.7109,40.7657,0,0,0,0,0,0,0,0,0,0,0,0,0.0429937,0.65637,-1.44008,0.0510312,1.04592,-1.36932,-0.0209311,1.0066,-1.23861,-0.0284324,0.592818,-1.40304,-0.150819,0.677599,-1.00897,-0.0378622,0.877553,-1.60953,0.0128721,0.908162,-1.5642,0.175694,0.964692,-0.655404,0.0539722,1.41275,-0.554601,-0.295588,-0.286154,-0.148517,-0.00663768,-0.167576,-3.04581,-0.0286741,0.96789,0.196798,
-14.2732,-4.55406,26.6233,-3.46989,-8.32254,-6.62476,1.9264,-2.38878,-4.5813,14.9285,19.4398,38.3874,0,0,0,0,0,0,0,0,0,0,0,0,0.0447486,0.686334,-1.45288,0.0437703,1.04843,-1.41407,-0.0202666,0.979224,-1.36554,-0.0293695,0.609757,-1.39455,-0.210554,0.647482,-0.988374,-0.0455738,0.867409,-1.7141,0.0164675,0.878903,-1.69476,0.241312,0.984571,-0.680075,0.128665,1.34288,-0.597425,-0.802237,-0.907621,-5.48699,0.052206,-1.73826,-7.51448,-0.0227802,0.652755,0.504828,
-15.9219,-6.51691,26.2285,-1.01676,-1.63469,-5.99683,1.15798,-1.09279,-6.37397,14.7827,16.8495,36.3238,0,0,0,0,0,0,0,0,0,0,0,0,0.0492942,0.718436,-1.46373,0.0150337,0.998265,-1.50108,-0.0163888,0.936917,-1.46794,-0.0290729,0.621535,-1.38472,-0.233685,0.643637,-0.995753,-0.0406285,0.848876,-1.77309,0.0122677,0.839903,-1.76653,0.241069,0.951433,-0.707502,0.198931,1.33497,-0.271975,-1.13592,-3.6565,-4.97989,0.232291,-2.35721,-5.58263,0.0417354,0.719374,0.512796,
-14.6533,-7.78569,25.6014,-0.288392,-0.232251,-0.878801,1.56478,-1.50658,-0.512307,13.4714,14.0879,34.9102,0,0,0,0,0,0,0,0,0,0,0,0,0.051619,0.739499,-1.46558,0.000284908,0.915304,-1.63087,-0.0136014,0.888308,-1.61195,-0.028486,0.641524,-1.37671,-0.211487,0.640462,-0.999937,-0.0300693,0.788088,-1.82928,0.0181766,0.781906,-1.81937,0.216557,0.932135,-0.733575,0.101376,1.29924,0.00490161,-0.767273,-3.75813,-5.57415,0.10167,-2.41417,-6.05305,0.00331186,1.05314,0.256642,
-12.7262,-9.52183,24.0236,-0.406015,-0.9875,0.818843,1.46445,-2.1706,1.49668,11.5877,11.2016,33.4118,0,0,0,0,0,0,0,0,0,0,0,0,0.0528553,0.769974,-1.46063,-0.00969918,0.83321,-1.73507,-0.0103379,0.826966,-1.72098,-0.0286926,0.670461,-1.3728,-0.177864,0.637567,-1.01236,-0.0209292,0.713742,-1.84081,0.0206569,0.702641,-1.81608,0.181407,0.916688,-0.761638,0.0203684,1.24414,0.350614,-0.117575,-3.1018,-3.68591,0.133483,-2.59291,-3.73726,-0.0179205,1.30045,0.112436,
-11.9901,-11.7246,22.3742,-0.519775,-2.62707,2.14767,1.78838,-3.5015,2.99396,11.3513,10.5442,31.4384,0,0,0,0,0,0,0,0,0,0,0,0,0.0528485,0.78951,-1.4535,-0.0101104,0.787908,-1.77925,-0.00818145,0.78593,-1.76419,-0.0291543,0.691957,-1.37114,-0.165497,0.615567,-1.03055,-0.018379,0.646034,-1.80956,0.0294824,0.629796,-1.76893,0.176015,0.927442,-0.7953,-0.0104895,1.19873,0.493274,0.0361129,-2.87556,-2.11949,0.157294,-2.8255,-1.80821,-0.0372142,1.33746,0.129373,
-9.65044,-13.8347,20.5942,-0.856382,-3.33318,3.13442,1.65185,-2.34342,4.16181,10.9555,9.75018,27.8651,0,0,0,0,0,0,0,0,0,0,0,0,0.0522153,0.817394,-1.44024,-0.00752133,0.714208,-1.80223,-0.00333571,0.707679,-1.77431,-0.0303756,0.723519,-1.36692,-0.124641,0.603038,-1.0464,-0.0178633,0.549319,-1.74946,0.0341416,0.550804,-1.68349,0.166759,0.943592,-0.853783,-0.0425778,1.13616,0.592817,0.159763,-3.18651,-0.128766,0.227445,-3.49152,0.463023,-0.0628331,1.30768,0.198494,
-8.46931,-15.281,18.8268,-0.71444,-4.7108,5.13222,1.42708,-3.09133,5.89304,10.3393,8.13143,24.8379,0,0,0,0,0,0,0,0,0,0,0,0,0.0509822,0.842138,-1.42628,-0.00284764,0.652783,-1.79621,7.23358e-05,0.641268,-1.75922,-0.0320789,0.752724,-1.36264,-0.105033,0.600691,-1.06266,-0.0118124,0.467705,-1.65824,0.0346217,0.482023,-1.58319,0.153338,0.944209,-0.904721,-0.0619474,1.11192,0.651071,0.122988,-3.03806,1.36474,0.262851,-3.14843,2.10475,-0.0785371,1.33346,0.193297,
-8.07897,-16.594,16.365,-0.302875,-3.33432,5.6957,1.22384,-2.07322,5.22502,9.93754,6.13394,22.0383,0,0,0,0,0,0,0,0,0,0,0,0,0.0500415,0.85989,-1.41587,-0.0014689,0.597903,-1.75966,0.0050765,0.588111,-1.70877,-0.0332528,0.774264,-1.35981,-0.0987489,0.594444,-1.0972,-0.00511038,0.409034,-1.5454,0.038854,0.432336,-1.47519,0.145109,0.930292,-0.954013,-0.0580602,1.10805,0.645576,0.0569965,-3.9186,3.38241,0.352179,-3.60801,4.23419,-0.0708984,1.35978,0.15574,
-7.63601,-18.6863,13.1983,-0.509213,0.846214,4.24605,0.997497,1.50498,2.58834,9.0563,2.91587,20.7063,0,0,0,0,0,0,0,0,0,0,0,0,0.0485599,0.887029,-1.40143,0.00122876,0.498582,-1.65558,0.0113716,0.502315,-1.59235,-0.0350665,0.808053,-1.35789,-0.0921893,0.585306,-1.14393,-0.00128147,0.381138,-1.42237,0.035242,0.419157,-1.38107,0.127196,0.908314,-0.980882,-0.0584403,1.162,0.535893,0.206194,-4.05866,4.76681,0.175208,-3.37702,5.01768,-0.0732706,1.44361,0.0162409,
-7.22085,-18.4541,10.9682,-0.509897,5.54378,6.30507,-0.133399,5.18385,2.91086,6.76787,1.68699,20.8717,0,0,0,0,0,0,0,0,0,0,0,0,0.0475997,0.913784,-1.39236,0.00736462,0.424452,-1.55613,0.0127563,0.444115,-1.49738,-0.0364712,0.839917,-1.35835,-0.0848059,0.619461,-1.18368,0.00558186,0.428271,-1.27119,0.0108037,0.466641,-1.29645,0.0847241,0.916876,-0.979495,-0.0341454,1.25909,0.282639,0.228803,-2.9632,5.20364,0.014448,-2.19161,4.52216,-0.0567334,1.41432,-0.0192098,
-6.24871,-16.9609,8.84426,-1.00544,8.31928,6.20012,-0.516276,9.52459,4.86251,3.66449,1.29344,21.1979,0,0,0,0,0,0,0,0,0,0,0,0,0.0469336,0.937436,-1.38972,0.0113285,0.387186,-1.46455,0.0105666,0.419843,-1.42623,-0.0377248,0.864742,-1.35865,-0.0685554,0.673383,-1.22709,-0.00249873,0.493594,-1.15034,-0.00803142,0.572261,-1.20214,0.0255794,0.932685,-0.97383,-0.0573239,1.35445,0.0557994,0.136077,-1.37048,6.15633,-0.281455,-0.634212,4.14592,-0.101532,1.35746,-0.0182295,
-5.59302,-14.5618,9.52131,-0.895985,5.56675,23.562,-1.28603,10.3191,14.1205,0.412987,0.675272,19.7473,0,0,0,0,0,0,0,0,0,0,0,0,0.046584,0.968404,-1.39033,0.0134638,0.409333,-1.43632,0.00183592,0.431476,-1.3526,-0.0395428,0.89375,-1.35823,-0.0545844,0.749246,-1.21715,-0.00212119,0.590932,-1.09123,-0.0251943,0.687302,-1.12098,-0.0335075,0.94786,-0.996063,0.0159776,1.39338,0.00189729,0.021561,2.45624,-2.54532,-0.111462,2.08404,-0.767299,-0.0450264,1.2782,0.0953936,
-3.35337,-12.7034,9.83491,1.38181,6.7469,22.2179,-0.908171,12.094,21.6018,-0.237341,-0.802287,17.4198,0,0,0,0,0,0,0,0,0,0,0,0,0.046022,0.995955,-1.38476,0.0127546,0.458739,-1.47819,0.000885917,0.478638,-1.38898,-0.0407726,0.920824,-1.35487,-0.0187741,0.801279,-1.1887,0.0336082,0.651821,-1.1242,-0.0194266,0.763258,-1.03567,-0.0491291,0.946519,-1.02941,-0.116897,1.10899,0.526847,-0.130475,2.15144,-1.52691,-0.116122,1.97784,-1.20537,-0.12348,1.23086,0.26687,
-2.55201,-11.2261,7.8007,2.20892,7.83371,22.7993,-0.853419,13.2381,26.8515,-0.144429,-1.92678,13.1356,0,0,0,0,0,0,0,0,0,0,0,0,0.0431478,1.01359,-1.37059,0.00968554,0.496596,-1.50117,-0.00191087,0.513451,-1.40688,-0.0436963,0.942355,-1.34518,-0.00893555,0.838305,-1.19682,0.0438966,0.706423,-1.12233,-0.0229322,0.816388,-0.946538,-0.052051,0.944914,-1.08825,-0.17365,0.880705,0.975763,-0.181844,2.0593,-1.09063,-0.168196,1.90189,-0.851403,-0.175042,1.14862,0.552904,
-0.63436,-10.5047,3.59801,4.87582,7.90159,25.4912,-3.10809,15.3537,31.1375,-0.962831,-5.2949,6.76119,0,0,0,0,0,0,0,0,0,0,0,0,0.038378,1.03088,-1.34129,0.00462959,0.544385,-1.52183,-0.00621932,0.556686,-1.42128,-0.0480026,0.967107,-1.32687,0.0192047,0.858983,-1.22977,0.0849836,0.751627,-1.08133,-0.0691206,0.891466,-0.867619,-0.0715843,0.901322,-1.17339,-0.233428,0.583614,1.40875,-0.25353,1.94262,-0.701848,-0.195269,1.69958,-0.381199,-0.185646,0.931518,0.933453,
1.05231,-8.11827,-4.68222,6.92428,10.0557,26.3618,-6.67985,17.6694,35.4707,-1.39047,-7.5788,-1.71831,0,0,0,0,0,0,0,0,0,0,0,0,0.0346322,1.03869,-1.31689,0.0004655,0.574747,-1.53122,-0.00914544,0.582502,-1.42479,-0.050653,0.98051,-1.30968,0.046246,0.904769,-1.34908,0.117923,0.818611,-1.06831,-0.13625,0.95487,-0.783647,-0.080907,0.868052,-1.30264,-0.229751,0.418237,1.61757,-0.257835,1.86492,-0.501146,-0.172725,1.56157,-0.115455,-0.151945,0.774248,1.16982,
2.377,-3.39588,-11.8653,10.9037,9.94547,28.6175,-11.6895,18.1757,37.6965,-1.88846,-8.28112,-12.7924,0,0,0,0,0,0,0,0,0,0,0,0,0.0307802,1.04337,-1.28645,-0.00471459,0.614663,-1.53997,-0.0120361,0.614859,-1.42416,-0.0529107,0.995156,-1.28075,0.0708861,0.967345,-1.49899,0.185284,0.854365,-1.03219,-0.228647,0.991073,-0.734878,-0.0901084,0.864798,-1.46875,-0.0950987,-0.436263,0.0975897,-0.252081,1.79895,-0.383131,-0.124483,1.39784,0.118982,-0.0874524,0.617459,1.36237,
2.29235,-2.14851,-6.61537,15.2165,6.96909,30.2834,-13.2496,15.2673,38.025,-1.3349,-7.05638,-10.7437,0,0,0,0,0,0,0,0,0,0,0,0,0.0293507,1.04114,-1.34118,-0.0112429,0.654473,-1.54921,-0.015609,0.644795,-1.42073,-0.0557008,1.00695,-1.30712,0.0716826,0.99253,-1.64189,0.254906,0.840748,-1.01234,-0.263199,0.967475,-0.724418,-0.0887919,0.870098,-1.65628,0.0199489,-0.291561,-5.5132,-0.321264,1.82002,-0.419944,-0.204357,1.37784,0.151122,-0.269504,-0.261228,-4.69983,
1.41993,-0.77185,-4.96754,15.4279,3.32022,29.858,-13.6047,12.2994,35.9839,-0.698084,-2.74778,-5.83519,0,0,0,0,0,0,0,0,0,0,0,0,0.0326786,1.02254,-1.43948,-0.0164508,0.687237,-1.55516,-0.0192463,0.670918,-1.41866,-0.062306,0.978601,-1.40844,0.064385,0.974381,-1.74967,0.256627,0.806927,-1.02018,-0.271966,0.944416,-0.762321,-0.0818473,0.862683,-1.76994,0.179957,-1.04258,-6.71843,-0.227003,1.81263,-0.241125,-0.163859,1.52385,0.0637425,-0.209271,-2.0154,-7.80402,
1.63781,-0.701037,-1.68924,13.3502,-0.218841,30.5135,-12.1059,8.79665,34.109,-0.656295,0.59506,-0.720732,0,0,0,0,0,0,0,0,0,0,0,0,0.0360126,0.992237,-1.59726,-0.0199048,0.730395,-1.55688,-0.0220532,0.710346,-1.4185,-0.0641162,0.912779,-1.59389,0.0677873,0.932152,-1.82592,0.219661,0.784963,-0.999954,-0.245313,0.927069,-0.799147,-0.075785,0.824027,-1.83721,0.061,-1.44647,-6.04859,-0.0966957,1.78896,0.0651457,-0.0963179,1.73508,-0.0248536,0.0080625,-3.04244,-7.03431,
2.1907,-1.91884,-0.961598,11.7953,-2.09232,32.8876,-12.2202,9.06979,31.4764,-1.72895,-1.48469,-0.342613,0,0,0,0,0,0,0,0,0,0,0,0,0.0367737,0.967465,-1.67619,-0.0209236,0.758811,-1.55383,-0.0232297,0.739151,-1.41904,-0.0630657,0.865879,-1.68437,0.0774466,0.880947,-1.85221,0.192465,0.778348,-0.946422,-0.246666,0.964175,-0.847956,-0.088275,0.749707,-1.86356,0.0257254,-1.57758,-4.84424,-0.0327447,1.75934,0.28886,-0.0382407,1.83696,-0.0371515,0.190245,-2.72486,-5.28489,
1.99374,-2.09279,0.907616,10.8919,-4.78235,32.202,-12.446,6.03946,29.7323,-1.73725,-2.76661,1.19359,0,0,0,0,0,0,0,0,0,0,0,0,0.0382078,0.926906,-1.76767,-0.0209624,0.800181,-1.54233,-0.0232246,0.784818,-1.41971,-0.0583088,0.808859,-1.78,0.0796042,0.82611,-1.84403,0.17823,0.768299,-0.93454,-0.24826,0.96,-0.881008,-0.0874542,0.679902,-1.85203,0.157258,-1.91721,-2.83738,0.0353611,1.6827,0.681318,0.0383751,1.9975,-0.05757,0.0745829,-2.40336,-2.86385,
1.77587,-2.60364,2.01941,11.0318,-7.45965,29.7187,-13.5794,3.21863,27.9172,-1.623,-3.00964,2.37519,0,0,0,0,0,0,0,0,0,0,0,0,0.0430176,0.882579,-1.80498,-0.0196057,0.832703,-1.5246,-0.0217196,0.826324,-1.42111,-0.0588064,0.754787,-1.81586,0.0842363,0.754449,-1.80485,0.183733,0.748656,-0.950143,-0.265402,0.954186,-0.915507,-0.0908184,0.602081,-1.80471,0.272865,-2.46863,-1.11813,0.0843588,1.57615,1.04238,0.0982289,2.11878,-0.0605815,-0.0764755,-2.99401,-0.978981,
1.65659,-3.10391,3.28075,10.7831,-11.215,26.7551,-13.5593,0.39452,25.9213,-1.64974,-2.75229,3.4032,0,0,0,0,0,0,0,0,0,0,0,0,0.0483737,0.825268,-1.81167,-0.0179392,0.86601,-1.49835,-0.0195773,0.873184,-1.42123,-0.0610603,0.686466,-1.81832,0.0871538,0.6742,-1.73649,0.180275,0.709852,-0.969902,-0.263288,0.949345,-0.947822,-0.095804,0.525796,-1.73154,0.264619,-2.89157,0.474467,0.0659406,1.45906,1.28307,0.0862598,2.10796,0.0644508,-0.14509,-3.38033,0.76078,
1.45708,-2.28928,3.79983,9.88409,-12.9152,24.0718,-12.6609,-1.06948,24.4406,-1.55446,-1.85412,3.89889,0,0,0,0,0,0,0,0,0,0,0,0,0.0524568,0.772111,-1.79379,-0.0171397,0.891407,-1.47429,-0.0184055,0.910211,-1.41842,-0.063417,0.626478,-1.796,0.0887917,0.620876,-1.65816,0.163748,0.7012,-0.992157,-0.246985,0.955769,-0.965877,-0.0978696,0.47398,-1.65004,0.30074,-3.34924,2.03326,0.0359737,1.36323,1.35866,0.0494785,1.9862,0.2497,-0.189129,-3.62959,2.29388,
1.01939,-0.779921,2.40223,8.35633,-13.9432,21.1353,-10.7698,-2.03258,21.8654,-1.56837,-0.246097,2.72811,0,0,0,0,0,0,0,0,0,0,0,0,0.0580938,0.696366,-1.73436,-0.0167525,0.92028,-1.4445,-0.017802,0.95133,-1.40985,-0.0667831,0.547682,-1.73117,0.083571,0.56978,-1.58556,0.135343,0.708555,-1.01664,-0.21322,0.97211,-0.995732,-0.099167,0.429492,-1.56877,0.212143,-3.43463,3.21202,0.00497098,1.27685,1.33176,0.0121084,1.76415,0.506289,-0.118196,-3.47464,3.44656,
-0.0675126,-1.39035,4.46175,6.70215,-14.2144,19.137,-9.28353,-3.00798,18.7651,-1.10472,1.00863,4.73088,0,0,0,0,0,0,0,0,0,0,0,0,0.0602887,0.630525,-1.67493,-0.0167983,0.950451,-1.41384,-0.0176265,0.990807,-1.39469,-0.0679646,0.482834,-1.66641,0.0621054,0.520128,-1.49355,0.105012,0.732604,-1.02605,-0.18618,0.986242,-1.02926,-0.0908367,0.419673,-1.46962,0.0930153,-2.60081,3.06354,-0.00142449,1.24041,1.21743,0.00727655,1.53161,0.740874,-0.0851365,-2.49028,3.38465,
-1.1163,-0.200027,5.39971,5.14549,-11.5993,17.6858,-8.12671,-3.22519,16.9891,-0.535811,4.02501,7.72343,0,0,0,0,0,0,0,0,0,0,0,0,0.0608631,0.590779,-1.62102,-0.0168051,0.970305,-1.39527,-0.0173566,1.01405,-1.38175,-0.068892,0.44769,-1.60768,0.0397417,0.502062,-1.3872,0.0767193,0.800138,-1.03691,-0.164208,1.00143,-1.0452,-0.0800917,0.454825,-1.32326,-0.0252065,-2.59969,4.14478,-0.000917569,1.24447,1.12441,0.0277055,1.40616,0.845159,-0.0445398,-2.01809,4.39987,
-1.00004,3.69337,3.758,3.72551,-10.2133,16.7205,-6.78108,-4.43883,16.3505,-1.56663,8.8963,7.51492,0,0,0,0,0,0,0,0,0,0,0,0,0.0527678,0.532703,-1.50632,-0.0174449,1.00125,-1.37016,-0.0163945,1.04672,-1.36071,-0.0690818,0.417168,-1.47609,0.0130716,0.533083,-1.27917,0.0482865,0.859681,-1.03448,-0.138148,1.00988,-1.03441,-0.0956104,0.564491,-1.14188,-0.657359,-2.04026,4.85278,-0.061269,1.34824,0.967826,0.047019,1.34017,0.886765,0.0597566,-0.440853,6.0373,
-3.16752,7.02818,4.79757,-0.261258,-5.91653,16.0277,-3.10764,-4.75829,16.3517,-2.5053,11.4878,24.4356,0,0,0,0,0,0,0,0,0,0,0,0,0.0390403,0.507864,-1.42992,-0.0174753,1.02562,-1.35484,-0.0143953,1.06829,-1.34294,-0.0664804,0.440699,-1.44184,-0.0416689,0.603787,-1.1861,-0.0178544,0.959934,-1.03917,-0.0641411,1.01231,-1.00657,-0.106616,0.742586,-1.0794,-0.706383,-0.973547,4.78475,0.13356,1.27993,0.741035,0.206459,0.933156,1.19385,0.16546,2.84224,-2.50106,
-1.22525,2.90737,3.82923,0.843653,-6.1613,11.3414,-2.69885,-4.4349,11.4033,-2.36559,14.6266,26.7247,0,0,0,0,0,0,0,0,0,0,0,0,0.0161142,0.509451,-1.32106,-0.0121813,1.0519,-1.34197,-0.00809913,1.07912,-1.30844,-0.0606948,0.48974,-1.47305,-0.0549301,0.597224,-1.09512,0.0120817,0.97752,-1.11993,-0.0465495,1.00383,-1.04022,-0.0938097,0.817933,-1.01587,-1.4901,1.06673,4.7762,0.272674,1.15017,0.483964,0.324485,0.163142,1.8606,0.302371,1.90226,-0.877653,
-4.53633,-0.669215,19.1507,0.458865,-11.224,7.19882,-1.09254,-6.77921,-0.166723,2.03396,17.2565,34.8537,0,0,0,0,0,0,0,0,0,0,0,0,0.00541958,0.560019,-1.33038,-0.00680076,1.07623,-1.33268,-0.00145496,1.07575,-1.26086,-0.0545216,0.526578,-1.48503,-0.0737919,0.629894,-1.06675,0.00451235,0.907133,-1.18634,-0.0168672,0.941972,-1.18563,-0.013607,0.893381,-0.865452,0.099836,2.50687,-2.58397,0.0907533,1.06879,0.472074,0.13604,-0.321335,2.39154,0.120194,1.62093,-0.431574,
-8.12451,0.690817,20.5695,-1.99964,-11.5929,-6.4718,0.206428,-7.45478,-11.9057,5.48994,20.9484,40.6284,0,0,0,0,0,0,0,0,0,0,0,0,0.00640548,0.600739,-1.36511,-0.00602028,1.0935,-1.32046,-0.000489523,1.06947,-1.21594,-0.0535428,0.555523,-1.49104,-0.135824,0.684331,-1.04509,-0.0375012,0.909654,-1.40905,0.00736791,0.922637,-1.34998,0.0509883,0.987039,-0.758236,0.167713,2.17042,-1.64937,0.148996,0.823144,0.888652,0.125406,-0.344891,2.5186,0.144039,1.54722,-0.180192,
-11.4059,0.0955803,20.6403,-3.42718,-10.7367,-15.4053,1.81551,-5.36411,-10.2977,10.9818,24.5737,43.2201,0,0,0,0,0,0,0,0,0,0,0,0,0.0123263,0.647089,-1.39826,-0.00229111,1.10625,-1.30567,0.000123905,1.064,-1.21809,-0.0492044,0.58621,-1.49038,-0.18672,0.715705,-1.07134,-0.0634161,0.922292,-1.58169,0.0261504,0.940185,-1.52659,0.155039,1.0727,-0.698022,0.25463,2.04348,-1.47756,0.0362797,0.343773,0.124457,-0.213366,-0.803016,-3.70553,0.139774,1.21306,0.199651,
-15.2181,-2.66546,23.3628,-2.32567,-8.46901,-6.71198,1.2577,-1.35155,-6.20302,12.8801,23.5071,40.92,0,0,0,0,0,0,0,0,0,0,0,0,0.0188213,0.695185,-1.4334,-0.00543675,1.10941,-1.3743,-0.00354523,1.01727,-1.34813,-0.0463175,0.611264,-1.48164,-0.246448,0.712401,-1.05606,-0.0657954,0.912897,-1.70743,0.0194717,0.915197,-1.68905,0.194023,1.07058,-0.722758,0.349057,2.00688,-1.4495,-0.552255,-1.29944,-6.45026,0.00457172,-2.36811,-6.97103,0.188121,0.975074,0.454648,
-15.1131,-3.35998,26.7839,-0.811317,-5.17676,-3.92542,1.17808,-1.99618,-2.98151,13.1891,20.5502,40.8473,0,0,0,0,0,0,0,0,0,0,0,0,0.0241901,0.727189,-1.45438,-0.0181408,1.06349,-1.49312,-0.00339921,0.977469,-1.47645,-0.0431999,0.628234,-1.47527,-0.240767,0.7313,-1.00574,-0.0615371,0.842649,-1.80984,0.0177663,0.855839,-1.8011,0.202506,1.03987,-0.721973,0.30027,1.99226,-1.17151,-0.875266,-3.87183,-7.49679,-0.00776717,-2.60751,-8.26372,0.180385,1.16107,0.324594,
-14.1355,-5.66269,27.4642,-0.678765,-2.488,-3.45135,0.80115,-2.61776,-2.93672,12.9974,17.0369,39.5837,0,0,0,0,0,0,0,0,0,0,0,0,0.0291277,0.770608,-1.47348,-0.0334757,0.96255,-1.6227,-0.0029115,0.91684,-1.61304,-0.040153,0.658545,-1.4713,-0.221924,0.731538,-0.994293,-0.0572314,0.763878,-1.87641,0.0106233,0.783855,-1.86192,0.1998,1.01843,-0.74864,0.182022,1.95212,-0.616039,-0.348776,-4.68829,-5.83482,-0.0315207,-2.60912,-5.97326,0.111098,1.53158,0.0903836,
-13.3612,-8.27801,25.7006,-0.753275,-1.33431,0.0728922,1.64685,-3.26163,0.789786,12.3455,15.1192,37.8384,0,0,0,0,0,0,0,0,0,0,0,0,0.0319392,0.816085,-1.48082,-0.035636,0.850183,-1.7533,-0.00505405,0.849613,-1.74284,-0.0388706,0.688007,-1.47039,-0.208806,0.725744,-1.01554,-0.0484326,0.672615,-1.90725,0.0207494,0.688383,-1.87742,0.185818,1.0182,-0.780894,0.0668139,1.83846,-0.0613806,0.0274765,-4.68439,-4.74456,-0.126478,-3.11446,-4.55118,0.0068806,1.68973,0.0465876,
-12.4181,-11.9076,23.8761,-0.749832,-2.4624,2.88694,1.98222,-3.47741,3.58071,12.0995,12.5343,35.4192,0,0,0,0,0,0,0,0,0,0,0,0,0.0325658,0.844725,-1.47945,-0.0341368,0.772763,-1.81579,-0.00587389,0.789983,-1.7976,-0.0390941,0.726239,-1.46871,-0.192551,0.685635,-1.03895,-0.042626,0.569449,-1.87133,0.0298621,0.593426,-1.82033,0.179965,1.0117,-0.820951,0.0204061,1.75427,0.195288,0.157182,-4.84439,-3.30097,-0.00930192,-4.07401,-2.68361,-0.0284705,1.75889,0.115307,
-10.9504,-15.3001,21.2352,-0.943572,-2.94901,4.0204,2.0115,-2.09714,4.60082,11.5012,9.63162,32.4856,0,0,0,0,0,0,0,0,0,0,0,0,0.0327031,0.885322,-1.47034,-0.029327,0.661446,-1.85531,-0.00320607,0.687583,-1.82204,-0.039961,0.76879,-1.46441,-0.166434,0.660695,-1.0676,-0.0392205,0.458557,-1.79415,0.0396391,0.505183,-1.72851,0.167915,1.00141,-0.865465,-0.00120302,1.63646,0.508726,0.221904,-4.56106,-0.364751,0.191657,-4.40823,0.301935,-0.0378261,1.75701,0.253596,
-9.08131,-17.9956,19.0189,-1.18434,-4.90055,6.05274,2.25874,-2.39228,7.63766,10.3384,8.07572,27.2429,0,0,0,0,0,0,0,0,0,0,0,0,0.0326432,0.910891,-1.46076,-0.0255395,0.593749,-1.85025,-0.000278423,0.622121,-1.80784,-0.0406118,0.796624,-1.45939,-0.132537,0.634804,-1.094,-0.0421308,0.358144,-1.69048,0.0506378,0.438896,-1.59614,0.146206,0.998786,-0.951402,-0.0019927,1.56156,0.640633,0.15101,-4.4765,1.51921,0.30092,-4.26948,2.22536,-0.0352595,1.69068,0.386953,
-7.93694,-21.4615,15.9658,-0.621394,-1.96551,6.6143,1.86806,-0.593111,6.20892,9.43499,4.73725,22.9245,0,0,0,0,0,0,0,0,0,0,0,0,0.0325083,0.944194,-1.4453,-0.0227905,0.495106,-1.79643,0.00724751,0.533057,-1.7362,-0.0414888,0.832505,-1.44894,-0.112527,0.602225,-1.13032,-0.0325325,0.303151,-1.55286,0.0563963,0.389822,-1.46497,0.128303,0.971114,-1.01532,-0.0222083,1.47401,0.754475,0.0475485,-4.77335,3.76783,0.463955,-4.04715,4.8382,-0.0535823,1.60346,0.513559,
-6.80496,-23.6115,12.5546,-0.318242,2.46761,5.14512,1.1104,2.82933,2.97617,8.26969,1.12481,21.3933,0,0,0,0,0,0,0,0,0,0,0,0,0.0313279,0.975926,-1.42774,-0.0219585,0.393453,-1.69237,0.0171259,0.452373,-1.6144,-0.0433849,0.867666,-1.43756,-0.094952,0.593107,-1.17277,-0.025846,0.29462,-1.41385,0.0512437,0.393477,-1.36053,0.103332,0.94005,-1.03158,-0.0780196,1.42022,0.81583,0.0580176,-4.39078,5.6521,0.4256,-3.37144,6.10378,-0.111256,1.58684,0.519888,
-6.07154,-24.4974,8.19963,-0.47455,7.92447,7.907,-0.0358633,5.86086,3.19463,6.02387,-0.736163,20.0139,0,0,0,0,0,0,0,0,0,0,0,0,0.028996,1.00989,-1.40893,-0.0189823,0.313152,-1.56081,0.0224151,0.39556,-1.48805,-0.0467911,0.904376,-1.42413,-0.0844684,0.610831,-1.23634,-0.022765,0.375782,-1.22843,0.0249453,0.450408,-1.26573,0.0578104,0.937832,-1.03937,-0.0938925,1.41631,0.718166,0.148056,-2.48881,5.76341,0.097235,-1.58012,5.01833,-0.150437,1.43124,0.637968,
-5.48187,-21.6381,5.19189,-0.441528,10.8948,10.0312,-1.64994,10.5191,4.75797,3.09807,-0.600688,19.9962,0,0,0,0,0,0,0,0,0,0,0,0,0.0275255,1.03279,-1.3987,-0.016178,0.28921,-1.4736,0.0220753,0.38289,-1.41942,-0.0493304,0.925794,-1.41276,-0.0754914,0.686566,-1.28516,-0.021291,0.462037,-1.06543,-0.0124655,0.566768,-1.18179,0.00126554,0.956517,-1.02421,-0.102252,1.44212,0.584777,0.0890602,-0.771845,6.89916,-0.13878,-0.225454,4.61763,-0.175162,1.27247,0.763383,
-5.30253,-16.7438,4.88764,-0.0928513,8.41609,28.5989,-4.99416,10.9475,16.7542,-1.9151,-1.74756,18.597,0,0,0,0,0,0,0,0,0,0,0,0,0.0296422,1.06373,-1.38252,-0.0127858,0.344638,-1.50296,0.0197481,0.411675,-1.35385,-0.0488406,0.953328,-1.39324,-0.0603732,0.801777,-1.26263,-0.00773891,0.597455,-1.07346,-0.0652088,0.70209,-1.11658,-0.0786487,0.961535,-1.0218,0.19538,1.29792,0.948121,0.205794,3.04939,-2.76479,0.17863,2.79186,-2.05785,0.15314,1.22164,1.01791,
-2.09413,-14.4961,3.80613,4.3779,9.33214,26.5093,-5.66669,12.6537,21.4196,-2.76502,-3.54203,12.2379,0,0,0,0,0,0,0,0,0,0,0,0,0.0323284,1.08904,-1.35302,-0.0108001,0.412706,-1.55338,0.0228777,0.470224,-1.38661,-0.0455047,0.978778,-1.36303,-0.00739298,0.853113,-1.23361,0.0656647,0.672291,-1.12781,-0.0806412,0.774692,-1.02831,-0.095465,0.947172,-1.09537,-0.0503035,0.844426,1.53408,-0.0957421,2.74725,-1.72369,-0.0149128,2.27336,-0.951757,0.00955656,1.00204,1.37965,
-0.203323,-13.1716,-1.22539,6.56632,11.1612,28.158,-6.96628,13.5655,27.0507,-2.15688,-4.5578,3.70807,0,0,0,0,0,0,0,0,0,0,0,0,0.0299077,1.10022,-1.32458,-0.0138803,0.456104,-1.57761,0.0210186,0.50598,-1.39918,-0.0469797,0.994401,-1.33982,0.0198986,0.880437,-1.28301,0.0982104,0.747007,-1.11054,-0.111064,0.825515,-0.930103,-0.0910165,0.942636,-1.223,-0.192875,0.601981,1.95079,-0.222964,2.68802,-1.37175,-0.165698,2.22718,-0.695333,-0.147302,0.950423,1.50939,
2.15859,-9.24932,-11.0128,10.7491,11.827,30.6219,-12.1757,15.0631,31.8583,-2.35998,-6.59934,-6.00218,0,0,0,0,0,0,0,0,0,0,0,0,0.0248412,1.11052,-1.27718,-0.0195286,0.514347,-1.60362,0.0165473,0.554222,-1.41165,-0.0510726,1.01436,-1.30491,0.0555496,0.954504,-1.40278,0.166178,0.81525,-1.08154,-0.212093,0.898666,-0.848086,-0.100494,0.923655,-1.36119,-0.260903,0.371193,2.28052,-0.297342,2.62373,-1.05961,-0.221971,2.15631,-0.479195,-0.198997,0.894837,1.61487,
2.56671,-3.21574,-10.0499,16.5113,10.3131,31.0233,-15.6518,13.3826,36.669,-1.42927,-5.77724,-12.8689,0,0,0,0,0,0,0,0,0,0,0,0,0.0216977,1.11277,-1.27814,-0.0267891,0.571501,-1.62477,0.0116154,0.600768,-1.42083,-0.0580269,1.02649,-1.29511,0.0694199,1.02817,-1.58268,0.261286,0.843935,-1.08944,-0.281229,0.914045,-0.767957,-0.102983,0.912397,-1.57824,0.0322266,-0.798349,-3.72239,-0.370669,2.59488,-0.877955,-0.252567,2.13755,-0.422795,-0.579623,-0.276755,-1.50173,
0.942148,-5.10252,-11.0914,17.3178,10.1334,33.27,-14.0985,11.7591,35.9686,-1.38502,-7.93888,-13.5622,0,0,0,0,0,0,0,0,0,0,0,0,0.0245413,1.10835,-1.33429,-0.0334315,0.617872,-1.63945,0.00680175,0.639068,-1.42763,-0.0642769,1.039,-1.32804,0.0462354,1.04818,-1.70901,0.270142,0.885203,-1.06122,-0.258473,0.920516,-0.783476,-0.0934476,0.937421,-1.74006,0.139459,0.996081,-5.28794,-0.345119,2.53876,-0.815089,-0.273136,2.06694,-0.30013,-0.121868,1.30665,-5.05499,
0.586642,-2.17839,-4.75871,15.8507,5.31287,33.5474,-13.1368,7.73687,34.5567,0.0961675,-2.32763,-4.68384,0,0,0,0,0,0,0,0,0,0,0,0,0.0326609,1.09697,-1.49511,-0.0399621,0.677031,-1.65691,0.000487372,0.686909,-1.43156,-0.0713996,1.01898,-1.49153,0.0496785,1.01501,-1.81902,0.242113,0.853139,-1.06549,-0.245303,0.893997,-0.807785,-0.0753892,0.915041,-1.8447,0.194069,-1.2941,-7.25337,-0.186986,2.42946,-0.565981,-0.212027,2.02943,-0.138275,-0.17533,-1.88277,-8.18907,
1.32278,-1.97899,-2.70214,14.6863,1.20234,32.6469,-13.4765,6.27717,31.115,-0.589345,-1.74016,-2.47292,0,0,0,0,0,0,0,0,0,0,0,0,0.0335163,1.07002,-1.60488,-0.041563,0.715527,-1.66315,-0.00166498,0.720367,-1.43386,-0.0712152,0.980815,-1.61654,0.0565,0.971612,-1.88478,0.224159,0.815312,-1.07829,-0.248926,0.903505,-0.872204,-0.0740402,0.86317,-1.91546,-0.0325991,-1.90739,-7.05158,-0.0398067,2.381,-0.266265,-0.0682256,2.10858,-0.124554,0.241093,-2.62795,-7.75984,
1.5995,-0.742866,0.242238,13.0206,-1.71661,32.6688,-12.6049,2.94146,28.7457,-1.52527,-0.811567,0.668046,0,0,0,0,0,0,0,0,0,0,0,0,0.0323846,1.01337,-1.75345,-0.0409422,0.771671,-1.66469,-0.00166327,0.771852,-1.43595,-0.0616511,0.910502,-1.77628,0.0609674,0.913459,-1.9167,0.198231,0.815908,-1.06748,-0.229493,0.897087,-0.91563,-0.0762057,0.795083,-1.94399,-0.0152483,-2.64014,-5.12275,0.0744138,2.30536,0.098672,0.0412708,2.19247,-0.0712694,0.402647,-3.0758,-5.49586,
1.46333,-1.5785,1.49234,12.0794,-5.91361,32.0339,-13.3459,0.183268,25.2909,-1.6615,-2.16503,1.38141,0,0,0,0,0,0,0,0,0,0,0,0,0.0322959,0.95672,-1.83558,-0.0386178,0.821485,-1.65886,-3.64193e-05,0.820827,-1.43671,-0.0553223,0.846241,-1.86221,0.0589349,0.844738,-1.90578,0.185371,0.786728,-1.06345,-0.239053,0.89742,-0.976824,-0.0789678,0.712964,-1.93448,0.00101346,-2.54474,-2.97393,0.133338,2.22332,0.396669,0.111106,2.2385,0.00170396,0.200554,-2.86958,-2.97564,
0.711321,-1.61141,3.57763,11.0035,-9.18,30.188,-13.8982,-1.86056,23.7245,-1.22017,-2.36835,3.61045,0,0,0,0,0,0,0,0,0,0,0,0,0.0328653,0.911978,-1.87152,-0.0357631,0.860584,-1.64951,0.00258705,0.861035,-1.4358,-0.0531364,0.795885,-1.89803,0.0481218,0.795121,-1.84333,0.170275,0.763081,-1.0806,-0.244485,0.899856,-1.00138,-0.0737797,0.653118,-1.86919,0.0709933,-2.67542,-1.12624,0.18253,2.12074,0.612362,0.171772,2.21985,0.0935814,0.0471036,-3.04658,-1.1247,
0.769663,-2.15341,5.07245,10.2858,-12.5997,28.2818,-14.0613,-4.2663,23.04,-1.35322,-2.55281,4.88168,0,0,0,0,0,0,0,0,0,0,0,0,0.0334335,0.855123,-1.87678,-0.0315944,0.905691,-1.63365,0.00670362,0.908816,-1.43174,-0.0529734,0.729897,-1.903,0.0470938,0.729124,-1.75359,0.161273,0.741617,-1.09368,-0.243066,0.899836,-1.00323,-0.0781251,0.581104,-1.78104,-0.010194,-2.65364,0.946406,0.178822,1.98646,0.786928,0.17997,2.09576,0.293365,-0.0167357,-3.12824,1.01429,
0.831345,-1.9597,5.11001,10.046,-13.5088,27.1734,-13.3167,-5.30981,23.0094,-1.56401,-2.32632,4.66054,0,0,0,0,0,0,0,0,0,0,0,0,0.0321556,0.806627,-1.84257,-0.0289871,0.940361,-1.61899,0.00940555,0.944359,-1.42382,-0.0534143,0.672741,-1.86782,0.0454725,0.673715,-1.64817,0.157406,0.755987,-1.09818,-0.228818,0.908103,-0.986292,-0.0837668,0.517413,-1.68118,-0.0549528,-2.97247,3.10097,0.114252,1.87124,0.817445,0.119086,1.8421,0.585951,-0.0585473,-3.45372,3.11377,
0.405953,-0.853178,3.85665,10.0044,-14.3365,25.1611,-12.6369,-6.16614,20.7979,-1.58763,-0.553541,3.47185,0,0,0,0,0,0,0,0,0,0,0,0,0.0300997,0.740021,-1.75771,-0.0274292,0.980064,-1.60137,0.0112215,0.980258,-1.40607,-0.0544044,0.596178,-1.78444,0.0339322,0.623583,-1.53925,0.155768,0.776713,-1.11832,-0.216627,0.915444,-0.995262,-0.0848765,0.47079,-1.57747,-0.108427,-3.08382,4.5328,0.0396916,1.75123,0.781362,0.0584568,1.44519,0.998154,-0.049073,-3.52378,4.39526,
-0.536103,-0.144619,5.61646,9.00753,-14.6668,22.4152,-11.2921,-7.29795,15.7353,-1.21255,2.23176,4.94651,0,0,0,0,0,0,0,0,0,0,0,0,0.0249961,0.673523,-1.65126,-0.0269477,1.02096,-1.58326,0.0124683,1.01002,-1.3772,-0.0545674,0.521856,-1.6824,0.0064279,0.58542,-1.39603,0.137399,0.808835,-1.1518,-0.190973,0.91251,-1.04647,-0.0764605,0.470453,-1.44657,-0.269525,-2.61169,4.67854,0.0175327,1.66657,0.730642,0.0571172,1.07498,1.36396,0.00468262,-2.8105,4.45785,
-3.03727,8.22806,10.1269,8.96471,-12.5506,20.3708,-9.13706,-7.94584,14.9442,0.360309,9.36733,8.29888,0,0,0,0,0,0,0,0,0,0,0,0,0.0191552,0.637166,-1.5805,-0.0265064,1.04738,-1.57179,0.0137052,1.02575,-1.354,-0.053988,0.485739,-1.61632,-0.049069,0.708865,-1.21117,0.137727,0.872855,-1.178,-0.149328,0.911669,-1.03317,-0.0470922,0.590223,-1.29756,-0.397257,-2.38037,5.65902,0.0378499,1.63975,0.715195,0.0945818,0.92847,1.50082,0.0105329,-2.01151,5.12949,
-4.48745,2.27326,20.376,6.72528,-9.69086,18.7589,-4.76567,-6.57946,11.8323,1.02877,11.2008,18.237,0,0,0,0,0,0,0,0,0,0,0,0,0.00764154,0.613626,-1.47913,-0.0254556,1.08344,-1.5557,0.0164794,1.04511,-1.31975,-0.0522543,0.469179,-1.51066,-0.0729098,0.750432,-1.17343,0.0980194,0.958912,-1.18829,-0.0669891,0.950625,-1.04864,-0.0307699,0.750768,-1.19531,0.0317365,2.91725,-1.97922,0.0365779,1.57866,0.804716,0.097171,0.768093,1.71054,0.0849307,2.38146,-0.495891,
-7.68854,2.12259,20.416,3.32213,-10.9527,13.7944,-2.81738,-8.48067,4.79948,2.50464,13.2127,28.1304,0,0,0,0,0,0,0,0,0,0,0,0,0.00902027,0.66986,-1.50492,-0.0243326,1.11452,-1.53296,0.0179071,1.05869,-1.27679,-0.0508074,0.53087,-1.54831,-0.128338,0.782423,-1.1482,0.0384539,0.95643,-1.23957,-0.0314542,0.922265,-1.12008,-0.00302138,0.85724,-1.07558,0.0743469,2.26021,-0.442482,0.0728492,1.25436,1.3014,0.0569511,0.542887,2.12225,0.068659,2.63204,-1.18363,
-10.3573,1.97343,21.0681,0.651157,-12.9549,1.71502,-1.2461,-9.13452,-6.8834,6.41525,16.9718,35,0,0,0,0,0,0,0,0,0,0,0,0,0.010814,0.708286,-1.5072,-0.0225738,1.1343,-1.50539,0.0189495,1.06677,-1.23557,-0.0493613,0.576604,-1.56465,-0.174233,0.811218,-1.1219,-0.00751764,0.930871,-1.41862,-0.00204411,0.912488,-1.28131,0.0698088,0.966333,-0.952174,0.099821,2.04879,0.0687736,0.0982963,0.981272,1.69845,0.0508084,0.360618,2.42644,0.0772793,2.47957,-0.729964,
-13.0974,-0.95172,21.2397,-1.54999,-14.1712,-11.0872,1.04307,-7.45346,-15.5641,9.99952,18.0648,37.2662,0,0,0,0,0,0,0,0,0,0,0,0,0.013934,0.751464,-1.50295,-0.0195849,1.15256,-1.46482,0.0178605,1.07157,-1.20037,-0.0470748,0.628295,-1.57556,-0.217565,0.796745,-1.11007,-0.0415512,0.918449,-1.60422,0.030863,0.937539,-1.46561,0.139476,1.02907,-0.908035,0.202757,1.91232,0.204929,0.189911,0.719537,1.90004,-0.182185,0.0453274,0.542283,0.144871,2.20975,-0.30691,
-21.6566,-2.41614,30.0169,4.6707,-10.4547,5.06808,-1.5957,-5.3806,-8.31812,13.574,15.2262,38.9134,0,0,0,0,0,0,0,0,0,0,0,0,0.0181979,0.785084,-1.50019,-0.0172895,1.15648,-1.45356,0.0142785,1.0735,-1.23032,-0.0442171,0.665077,-1.57801,-0.36744,0.801246,-0.951721,0.0646479,0.929147,-1.4301,-0.0211819,0.983136,-1.55951,0.207921,1.00463,-0.8714,0.24809,1.83613,0.0827457,-0.0911924,-1.13822,-2.09871,-0.197011,0.228174,-5.43742,0.163125,1.9161,-0.0277199,
-23.6471,-4.65967,33.5149,3.73684,-15.7033,3.91956,0.345609,-1.38239,-2.05434,15.6074,14.4505,35.0427,0,0,0,0,0,0,0,0,0,0,0,0,0.0223252,0.823741,-1.4977,-0.0190572,1.13836,-1.47114,0.00936171,1.04057,-1.36466,-0.0418843,0.704362,-1.57568,-0.403476,0.793326,-0.877565,0.0524985,0.878398,-1.34945,-0.00526906,0.944922,-1.60918,0.243206,1.02456,-0.93227,0.126695,1.65936,0.329176,0.110403,0.780607,1.54092,-0.639056,-2.1546,-6.32995,0.0403316,1.75584,0.191413,
-23.2471,-8.76452,32.0527,4.8064,-18.2571,3.50457,1.31373,-0.499887,0.0170546,14.2005,8.4144,29.2521,0,0,0,0,0,0,0,0,0,0,0,0,0.0243371,0.859883,-1.47742,-0.0172808,1.15217,-1.42259,-0.0120227,0.984644,-1.49736,-0.041751,0.749899,-1.57086,-0.396706,0.745218,-0.850665,0.0717831,0.833083,-1.27691,-0.012901,0.894111,-1.63898,0.216359,0.971335,-1.03377,0.0498315,1.36553,1.3439,0.0511722,0.393095,2.50433,-0.756687,-2.48859,-4.33678,-0.00247117,2.09141,0.159804,
-22.8541,-12.0966,29.1201,5.15935,-20.2174,4.72554,1.74798,-3.39078,-0.841038,14.0027,2.84238,22.7162,0,0,0,0,0,0,0,0,0,0,0,0,0.0248168,0.879712,-1.44984,-0.0166818,1.15602,-1.37674,-0.0220571,0.946547,-1.55111,-0.0419333,0.785386,-1.56852,-0.390472,0.696689,-0.853754,0.077751,0.792296,-1.18772,-0.00888316,0.808425,-1.66259,0.21176,0.912884,-1.15115,0.00731406,1.12796,2.03602,0.0191428,0.118117,3.15032,-0.568564,-2.33663,-2.93901,-0.0275355,2.31668,0.132829,
-21.3248,-16.7114,24.274,4.52211,-22.9202,6.17367,2.5798,-6.45896,-3.34265,13.048,-7.26612,12.0495,0,0,0,0,0,0,0,0,0,0,0,0,0.0245015,0.900087,-1.39465,-0.0165864,1.15391,-1.29767,-0.030771,0.890083,-1.60179,-0.0427307,0.838872,-1.56524,-0.364067,0.620896,-0.859424,0.0656167,0.728239,-1.05646,0.00926362,0.675383,-1.72251,0.193488,0.788595,-1.34026,-0.0257965,0.753222,2.86852,-0.000521913,-0.273089,3.94039,-0.209944,-2.97198,-1.83168,-0.0310989,2.50049,0.18019,
-19.5835,-30.8548,36.3989,9.79314,-38.7376,28.4085,1.97738,-15.9256,-5.44975,6.43802,-30.9999,-20.3781,0,0,0,0,0,0,0,0,0,0,0,0,0.0237414,0.912722,-1.31712,-0.0166333,1.14194,-1.19437,-0.0316748,0.804763,-1.64782,-0.0432458,0.898907,-1.55899,-0.333562,0.362525,-0.540516,0.161321,0.415232,-0.527815,0.00840739,0.373464,-1.81793,0.0735055,0.416318,-1.91836,-0.0378756,0.330019,3.50801,-0.00313364,-0.684025,4.58443,0.126188,-4.33105,-2.1701,-0.00927823,2.47639,0.340649,
-9.82127,-34.357,37.0109,8.70288,-44.3441,34.0819,-4.37032,-24.5365,5.80292,-4.35786,-40.3007,-7.44867,0,0,0,0,0,0,0,0,0,0,0,0,0.0228751,0.9139,-1.25333,-0.0169161,1.12672,-1.11336,-0.0287576,0.722969,-1.68301,-0.0391648,0.927514,-1.58,-0.158503,0.280435,-0.423403,0.13997,0.277249,-0.301664,-0.0993213,0.06029,-1.66325,-0.0901169,0.174607,-1.88957,-0.0858337,-0.26869,4.79726,-0.0411929,-1.32057,5.86731,0.27184,-6.61712,-2.62,0.864163,-0.616202,-5.32083,
-0.942716,-34.5492,27.1925,6.39914,-42.5871,9.03203,-3.88927,-3.48133,12.3211,0.637125,-15.0621,19.3285,0,0,0,0,0,0,0,0,0,0,0,0,0.0173593,0.890181,-1.10283,-0.021091,1.07944,-0.940869,-0.0323931,0.50311,-1.68687,-0.0296539,0.743273,-1.70897,-0.0132827,0.200944,-0.317998,0.0841089,0.20798,-0.454621,-0.135292,0.0210487,-1.36495,-0.0426798,0.00503743,-1.46777,-0.41255,-1.86599,8.87406,-0.34064,-2.96833,9.83977,-0.983429,-12.7956,2.99169,-0.75197,-14.1893,-3.36813,
16.6791,22.6991,-60.5638,-15.5114,17.5641,-69.3052,2.6616,60,82.3548,14.3624,60,87.5138,0,0,0,0,0,0,0,0,0,0,0,0,0.00781917,0.814243,-0.814615,-0.0289797,0.973244,-0.629048,-0.0752774,0.212926,-1.55103,-0.0474656,0.354005,-1.63401,0.29656,1.09748,-1.45716,-0.323013,1.11001,-1.38512,-0.103123,1.04424,0.21757,0.204454,1.24126,0.25,-0.443518,-3.95609,14.0132,-0.366903,-5.57887,15.4006,-2.32951,-10.4376,8.288,-0.281553,-16.0215,8.94829,
2.55113,0.230128,-6.3191,0.362295,-6.12773,-23.7716,4.21761,47.5761,11.6491,-7.51064,60,18.9537,0,0,0,0,0,0,0,0,0,0,0,0,0.00863472,0.81106,-0.749357,-0.0345565,0.946155,-0.600738,-0.0980214,0.102371,-1.28941,-0.0404546,0.162736,-1.35458,0.0911228,1.08527,-1.50421,-0.0506387,1.03217,-1.82465,0.00217878,0.866538,0.102823,-0.147289,1.01863,0.25,1.10317,8.25081,-19.5543,-0.692676,6.03237,-24.1908,0.718554,-3.08164,36.0686,0.908182,-7.61203,38.4989,
7.76325,18.9727,-16.6622,-8.86611,23.8606,-10.3146,8.82391,46.9779,73.143,-6.68752,60,85.3846,0,0,0,0,0,0,0,0,0,0,0,0,0.0764643,0.968519,-1.20235,-0.0757725,1.04097,-1.21289,-0.0812772,0.209383,-1.08408,-0.0218422,0.236501,-1.20476,0.324438,1.40629,-1.86572,-0.298122,1.47565,-2.15617,0.0879711,1.20752,0.0839655,-0.134368,1.61655,0.25,3.26405,2.83576,-11.0129,-1.86841,0.0259181,-23.0922,0.269303,4.39967,-4.94472,0.277006,3.51508,-2.98497,
24.6275,12.51,-21.1967,-27.7527,11.8195,-21.3177,14.4991,60,51.8969,-11.8262,60,65.6323,0,0,0,0,0,0,0,0,0,0,0,0,0.134454,1.04079,-1.45639,-0.101876,1.01606,-1.65527,-0.0750724,0.215136,-1.02477,-0.017521,0.239996,-1.14155,0.66464,1.47998,-2.36102,-0.641998,1.3357,-2.70823,0.201115,1.46418,0.0943881,-0.223413,1.91041,0.217205,2.51817,6.46973,-15.8657,-1.08553,3.20033,-20.3307,0.384017,-1.50529,5.36481,0.278948,-1.37205,5.05498,
19.0761,-0.772342,-12.391,-21.5047,-1.03959,-8.96708,19.9648,60,44.6847,-12.3372,60,51.7573,0,0,0,0,0,0,0,0,0,0,0,0,0.204914,1.16832,-1.71999,-0.153376,1.11041,-1.97273,-0.0664576,0.182257,-0.925777,-0.0106051,0.20898,-1.04661,0.785122,1.44977,-2.5882,-0.755432,1.3069,-2.8692,0.318349,1.64537,0.107862,-0.216544,1.99374,0.110531,7.13077,9.02892,-19.6447,-6.4491,6.58135,-22.4103,0.666436,-2.52975,6.75858,0.561427,-2.45587,6.60311,
-7.65139,-3.17197,-2.1225,5.70643,-2.91182,2.63427,16.879,60,36.1578,-17.575,60,32.1549,0,0,0,0,0,0,0,0,0,0,0,0,0.488416,1.34514,-2.16505,-0.437294,1.21441,-2.45109,-0.0430936,0.119592,-0.76047,0.010479,0.142703,-0.874439,0.798826,1.45486,-2.72029,-0.784352,1.24382,-2.92039,0.304764,1.65316,0.102565,-0.27087,1.96842,-0.0572159,13.7355,5.11477,-15.7865,-13.7748,2.51621,-15.8034,1.25175,-2.03652,6.28285,1.16711,-2.46857,7.10689,
-6.38325,-10.6906,-0.996042,9.18661,-14.7748,-19.0914,14.5251,60,43.6933,-19.3684,60,26.8419,0,0,0,0,0,0,0,0,0,0,0,0,0.668959,1.40756,-2.37326,-0.628021,1.24536,-2.54469,-0.0217274,0.10709,-0.681666,0.030589,0.120023,-0.776599,0.828436,1.32044,-2.79405,-0.777665,1.02411,-2.93441,0.282033,1.69964,0.23306,-0.284422,2.05554,-0.131379,8.41916,3.27736,-12.3042,-9.67613,1.44775,-1.30154,1.21206,0.356878,3.67591,1.1349,-0.267312,4.80287,
-25.8795,-17.9252,-0.901619,28.8057,-24.0679,5.48666,23.371,60,24.518,-17.2491,60,10.3719,0,0,0,0,0,0,0,0,0,0,0,0,0.785091,1.42098,-2.51428,-0.763812,1.21397,-2.52587,-0.00501546,0.155048,-0.633723,0.0420644,0.179257,-0.730799,0.398799,1.02674,-2.55074,-0.337874,0.634678,-2.38357,0.423933,1.34553,-0.151127,-0.2694,1.67048,-0.55261,2.57412,-2.08774,-0.613095,-2.98836,-4.32956,1.29993,0.122854,2.99381,1.12486,0.0658921,3.67781,-0.317512,
-18.9433,-30.2609,0.46875,17.6317,-19.8974,14.8781,17.8732,49.7714,8.28257,-6.85376,45.7076,11.7013,0,0,0,0,0,0,0,0,0,0,0,0,0.772386,1.35108,-2.50074,-0.753457,1.09177,-2.49512,-0.0105138,0.249296,-0.638168,0.03228,0.30871,-0.786808,0.242235,0.628773,-2.45586,-0.233181,0.451026,-2.1505,0.307489,1.36282,-0.576374,-0.128097,1.49526,-0.777198,-5.67502,-5.2588,1.11075,6.10194,-8.52409,2.26452,-0.212806,6.37363,-2.71328,-1.09276,10.8625,-6.20711,
2.10357,-11.1318,15.3997,-3.30565,12.5287,15.5849,5.18185,28.3127,8.94296,-4.09429,16.3187,13.097,0,0,0,0,0,0,0,0,0,0,0,0,0.603488,1.18434,-2.47788,-0.572718,0.883231,-2.39821,-0.00548116,0.414699,-0.740122,0.0140361,0.55068,-0.93669,0.285914,0.529133,-2.14504,-0.257094,0.668292,-1.811,0.110319,1.30511,-0.871513,-0.0893884,1.32502,-0.938841,-10.8723,-13.8359,1.61474,11.4805,-13.528,9.28439,0.65953,11.4777,-8.98303,-0.885587,14.5945,-7.34185,
5.6256,26.1479,32.4704,-13.6678,37.6306,12.2182,-2.20624,4.64796,-13.4311,-13.1697,-12.5512,-13.1366,0,0,0,0,0,0,0,0,0,0,0,0,0.402451,0.843343,-2.33239,-0.355409,0.666169,-2.11495,0.0151547,0.69128,-0.909592,0.0105836,0.810997,-1.07257,0.272939,0.847292,-1.41151,-0.353912,1.18178,-1.4347,0.00318694,1.1734,-1.37044,-0.217547,0.913557,-1.50218,-7.08264,-14.406,10.0991,7.63896,-5.15115,13.9974,0.86001,12.1492,-6.61967,0.345865,10.1066,-5.82885,
2.05159,23.9495,1.85989,-8.89944,26.6269,-10.029,1.26224,4.38173,-1.52404,-9.21363,0.572224,13.7492,0,0,0,0,0,0,0,0,0,0,0,0,0.28933,0.661213,-1.99957,-0.264295,0.695075,-1.83206,0.0127838,0.940749,-1.10313,-0.0158465,1.00466,-1.22272,0.213561,1.02247,-1.21847,-0.397636,1.42723,-1.54566,0.0044881,1.39052,-1.48205,-0.314438,1.20684,-1.22943,-3.45492,-2.26694,22.8337,0.869834,7.57859,14.323,-0.954721,11.3089,-10.7315,-4.00496,5.86005,-7.84347,
-0.648683,22.1901,-6.87493,0.109845,10.0716,-13.7135,-5.60271,-0.023819,71.2488,26.7185,34.564,56.1604,0,0,0,0,0,0,0,0,0,0,0,0,0.23888,0.695153,-1.66147,-0.272261,0.898247,-1.655,-0.000525307,1.11714,-1.24937,-0.11886,1.05253,-1.29357,0.140127,1.26198,-1.26424,-0.307339,1.55078,-1.74355,-0.122274,1.4381,-0.218222,0.145256,1.73697,-0.247072,-2.65708,4.9918,15.957,-1.13286,14.3433,4.91285,-0.607489,9.82035,-8.07542,-6.77337,1.71098,0.77598,
-13.2945,9.08975,8.72912,14.9628,-15.6625,16.7596,-9.21617,-25.8122,15.423,18.4452,19.1986,68.4764,0,0,0,0,0,0,0,0,0,0,0,0,0.197182,0.858695,-1.42158,-0.305876,1.21816,-1.60659,0.00435032,1.26706,-1.21737,-0.226441,1.13242,-1.25003,-0.0723765,1.34694,-1.07684,-0.0441323,1.39294,-1.35502,-0.132667,0.815872,-0.091928,0.0829538,1.79896,-0.227513,-0.850683,9.86882,5.68415,-0.314921,14.0418,-1.62396,0.933438,0.553691,25.8202,-0.793604,9.70078,-6.79874,
-6.29336,-4.31555,8.74314,12.8396,-25.6971,-7.19506,-9.55815,-5.84804,64.3707,12.6008,19.244,77.7628,0,0,0,0,0,0,0,0,0,0,0,0,0.168583,1.04334,-1.32302,-0.301304,1.41172,-1.58867,0.021784,1.36975,-1.24057,-0.227897,1.24713,-1.30927,-0.0446521,1.28216,-0.903141,-0.0168564,1.15063,-1.45756,-0.114049,1.35122,-0.0352523,0.0171667,1.71438,0.0996169,-3.0192,9.69473,7.97238,1.55834,6.29856,8.00342,1.15962,2.68282,1.06777,0.487621,3.58616,-0.152109,
-12.2052,2.37829,22.1282,-1.05138,-16.4643,-19.2038,0.283838,22.7357,38.9461,20.3279,28.8572,72.7281,0,0,0,0,0,0,0,0,0,0,0,0,0.154049,1.13556,-1.28301,-0.239639,1.45927,-1.44895,0.0411656,1.34028,-1.13597,-0.210526,1.25346,-1.24258,-0.0523761,1.21833,-0.865937,-0.246401,1.21183,-1.76102,0.0596334,1.62755,-0.188938,0.183443,1.71429,0.25,0.473225,1.20765,0.450543,0.377487,1.58597,1.13322,0.406603,-3.85327,7.30022,0.74468,-1.95109,5.20218,
-20.6063,15.7708,22.3693,-0.968334,-1.31001,3.36308,-2.23822,23.9217,1.77677,16.0859,25.8646,49.9353,0,0,0,0,0,0,0,0,0,0,0,0,0.170116,1.14849,-1.24383,-0.232268,1.47486,-1.49737,0.0514048,1.21383,-0.904989,-0.186287,1.16912,-1.07139,-0.165662,1.44574,-0.762231,-0.238282,1.39843,-1.67782,0.0407869,1.46492,-0.534723,0.155656,1.50139,0.109912,1.18809,0.321267,2.28821,0.354202,-1.60752,-7.38218,0.919021,-5.61754,10.3266,1.51167,-4.21673,8.3534,
-45.8895,13.7036,24.9386,9.61246,6.89463,11.306,3.05383,11.5855,-30.5401,7.85944,-16.9459,37.0677,0,0,0,0,0,0,0,0,0,0,0,0,0.193929,1.15247,-1.19885,-0.226729,1.41621,-1.59604,0.0601487,1.16558,-0.753554,-0.158052,1.10131,-0.928513,-0.589616,1.40761,-0.640708,-0.036114,1.41453,-1.52436,0.102179,1.40374,-1.09846,0.0436559,0.657156,0.0480734,1.55255,0.183072,3.19963,0.484079,-3.88181,-4.09082,-0.412316,0.840606,6.42792,1.79695,-4.15698,9.24698,
-41.6275,16.3303,15.205,1.84377,8.54877,12.2473,3.44438,2.69516,-5.87314,9.13354,-51.898,12.0615,0,0,0,0,0,0,0,0,0,0,0,0,0.224976,1.15187,-1.10936,-0.200601,1.36124,-1.62687,0.0301562,1.29187,-0.759161,-0.120137,0.996191,-0.683731,-0.503894,1.43937,-0.703689,-0.0846606,1.48686,-1.34362,0.0455482,1.60349,-1.22087,0.0838509,-0.127753,-0.0733323,0.855387,-0.287737,3.94825,2.5183,-0.910985,1.85086,-1.44323,8.02423,-10.8451,1.15876,-5.51051,11.9503,
-22.4661,6.46436,-7.85134,-0.856826,-15.3562,12.8767,0.795467,-20.7239,-19.8853,19.2211,-23.7297,-29.0432,0,0,0,0,0,0,0,0,0,0,0,0,0.217033,1.14361,-1.02607,-0.1453,1.36725,-1.52946,0.00378585,1.42816,-0.988224,-0.110203,0.824799,-0.426116,-0.227432,1.25251,-1.07283,-0.107803,1.12733,-1.08462,-0.0293126,1.22102,-1.64388,0.24907,0.0616642,-0.798418,-1.09974,-0.263908,2.93332,1.62178,1.20031,6.43855,-1.45327,5.18398,-8.98649,0.299414,-10.1349,4.7592,
7.90409,-14.706,-9.44761,11.5911,-17.0376,-0.604136,4.84401,-29.2372,-21.8987,-9.31347,15.4524,-54.6189,0,0,0,0,0,0,0,0,0,0,0,0,0.152435,1.16153,-1.01521,-0.132501,1.36873,-1.38265,-0.0119806,1.48867,-1.16173,-0.0830039,0.597601,-0.475641,0.0893215,0.979389,-1.28202,0.0736746,0.957254,-1.00152,0.0692935,0.993841,-2.00371,-0.135599,0.461127,-1.79155,-6.31961,2.60463,-2.90392,-0.139682,-3.1076,11.9814,-0.207739,1.12322,-13.5612,3.56707,-12.7547,-9.86453,
9.9175,-15.8016,4.47129,15.8698,-28.6624,12.9534,-2.05731,-30.3737,-3.32731,-18.7868,13.6431,2.05035,0,0,0,0,0,0,0,0,0,0,0,0,0.0353487,1.17955,-1.10305,-0.146547,1.3381,-1.26354,0.0246921,1.39556,-1.5178,0.0165482,0.418616,-1.04784,0.14659,0.829024,-1.17498,0.104248,0.860444,-1.02726,0.0893872,0.552805,-2.13323,-0.190012,0.490546,-2.12026,-2.1107,-1.93196,-4.68198,-1.15334,1.3285,0.0233809,3.11974,-8.87661,-16.9564,4.12555,-5.38164,-33.9076,
-5.16064,9.92043,3.5378,12.8488,-25.3045,6.03066,-5.96564,-8.56197,-5.17693,-11.4296,-6.86948,-37.255,0,0,0,0,0,0,0,0,0,0,0,0,0.0449561,1.07109,-1.14754,-0.161996,1.36039,-1.24581,0.0895047,1.09408,-1.80373,0.0424393,0.402277,-1.32671,0.018101,1.01795,-1.06712,0.0597508,0.929681,-1.0985,0.0598894,0.357527,-2.24276,-0.179598,0.525329,-2.32918,2.04645,-7.13524,0.491816,-0.362616,0.897483,1.15103,2.40933,-17.7491,-10.5387,-0.434711,7.5763,-9.93405,
-12.0319,18.6351,8.21008,9.71583,-24.3016,6.28302,-7.02065,-4.86637,0.532557,-8.76807,-17.3976,-0.361118,0,0,0,0,0,0,0,0,0,0,0,0,0.0766983,0.968654,-1.14539,-0.160399,1.37298,-1.22487,0.109639,0.805066,-1.9529,0.00648485,0.556906,-1.74901,-0.106988,1.1497,-0.984315,0.0277248,0.955446,-1.06533,-0.0105249,0.130965,-2.24439,-0.253117,0.373717,-2.39441,1.07178,-4.82089,0.360654,0.35055,0.743023,1.38404,0.228697,-17.894,-9.20278,-3.06112,4.06788,-19.5199,
-7.77182,-4.48631,8.58564,-2.55927,-24.7648,1.35652,-1.96775,10.2069,23.6873,13.8296,-13.2682,24.489,0,0,0,0,0,0,0,0,0,0,0,0,0.0778502,0.956198,-1.15305,-0.14359,1.38927,-1.18759,0.0804229,0.409073,-2.12098,-0.11204,0.539486,-2.10395,-0.0312012,0.97997,-1.10574,-0.163852,0.960661,-1.1071,-0.0328954,0.107998,-1.83983,-0.062215,0.158079,-2.01552,0.985551,3.21876,-3.3244,0.802707,0.661709,1.7058,-2.36931,-14.87,-4.56905,-6.16069,-4.2829,-10.903,
-7.85815,-23.1514,2.89225,-6.39184,-32.5292,2.92659,-1.31922,20.9307,35.5643,16.1792,5.67197,35.8167,0,0,0,0,0,0,0,0,0,0,0,0,0.0995559,1.00842,-1.19646,-0.12492,1.39913,-1.15238,0.0397302,0.200535,-2.11525,-0.198765,0.4294,-2.18785,0.00255822,0.678178,-1.2135,-0.200746,0.822,-1.03272,-0.0472189,0.285106,-1.23166,0.0130727,0.266147,-1.43674,1.40182,2.77127,-2.12743,1.23412,0.437198,2.03055,-1.92388,-9.04407,7.24073,-2.5156,-8.13938,3.05218,
-4.21676,-15.9863,-13.3681,1.15839,-35.0875,-33.548,-3.14223,45.7576,24.9325,7.58999,47.5991,29.6449,0,0,0,0,0,0,0,0,0,0,0,0,0.129086,1.06581,-1.23431,-0.0992336,1.40629,-1.1033,0.00532061,0.101172,-1.79129,-0.185811,0.271258,-1.93488,0.0895959,0.854227,-1.51896,-0.0464002,0.775865,-1.63204,-0.092447,0.901923,-0.641856,0.033382,0.97085,-0.788395,1.13601,2.4164,-1.27085,0.970805,0.230048,2.48177,-1.24166,-0.953484,21.2703,2.48091,-5.06752,18.562,
-2.97776,-2.48416,-2.7052,5.9369,-22.9838,-26.6022,-7.22199,49.9567,68.406,2.48188,44.8771,53.9718,0,0,0,0,0,0,0,0,0,0,0,0,0.142483,1.09632,-1.31445,-0.0911262,1.40975,-1.16053,-0.00763753,0.159352,-1.55173,-0.129193,0.275789,-1.67418,0.091333,1.00628,-1.56211,0.00933944,0.983077,-1.82023,-0.110227,1.14382,-0.472089,-0.0674852,1.16765,-0.900116,0.0913942,-1.37103,-6.06453,-0.228496,-0.268487,-5.37854,0.877528,2.32714,-5.01442,0.5067,2.31955,-6.33229,
3.83898,3.39793,-0.338131,2.09373,-23.6925,-22.1663,-8.91545,57.691,66.4239,1.09428,51.2929,52.4766,0,0,0,0,0,0,0,0,0,0,0,0,0.137181,1.04383,-1.40417,-0.0928378,1.39455,-1.26057,0.00558888,0.185624,-1.59991,-0.118626,0.304223,-1.72681,0.174886,0.992174,-1.59882,-0.0344634,1.01046,-1.94348,-0.134779,1.27396,-0.454239,-0.079311,1.28324,-0.832245,-0.980678,-3.46603,-5.7597,0.620474,1.42641,-8.55195,0.664016,1.20402,-1.8956,0.593347,1.41837,-1.81981,
7.22898,4.70955,-2.05894,1.46498,-9.9546,4.9238,-8.8498,60,58.0612,0.490861,51.5324,61.9065,0,0,0,0,0,0,0,0,0,0,0,0,0.109814,0.974341,-1.51736,-0.0753499,1.30243,-1.59415,0.0150598,0.203446,-1.6207,-0.10927,0.328379,-1.74551,0.221919,0.982709,-1.66873,-0.030222,0.851894,-1.92188,-0.139481,1.35931,-0.573329,-0.092966,1.29089,-0.628121,-0.590665,-2.36072,-3.48115,0.56503,-8.23594,-12.7494,0.194481,0.481961,-0.253161,0.225485,0.78106,-0.249948,
-0.65783,-2.88237,1.94733,5.6601,-6.4388,15.2161,-4.20796,60,44.2153,3.53846,49.8381,54.9086,0,0,0,0,0,0,0,0,0,0,0,0,0.109979,0.946603,-1.57219,-0.0611011,1.12017,-1.75586,0.0161946,0.209874,-1.61898,-0.107221,0.339993,-1.74443,0.119445,0.867458,-1.64816,0.0756917,0.635126,-1.6791,-0.0591765,1.37184,-0.804876,-0.0396432,1.26209,-0.733774,0.654704,-0.817009,-3.40305,1.03528,-11.2436,-6.10787,0.0347533,0.280319,0.311251,0.0990537,0.487259,0.376282,
-3.40296,-3.58625,2.7676,1.49779,3.03521,8.95157,-1.61885,52.5415,41.4862,4.32988,44.2149,43.5368,0,0,0,0,0,0,0,0,0,0,0,0,0.128108,0.927745,-1.6182,-0.0207405,0.86982,-1.77654,0.0171893,0.218518,-1.61114,-0.104564,0.349852,-1.73069,0.0787257,0.816152,-1.59106,0.0979802,0.551934,-1.48267,-0.00786164,1.19498,-0.850589,-0.0188708,1.17179,-0.916185,0.381632,-1.41742,-0.708389,2.79547,-11.3994,4.00618,0.133914,0.646677,0.1913,0.212899,0.55105,0.700598,
-0.108223,-0.60156,1.62075,-5.95717,6.24964,4.97404,0.259496,44.0966,40.1937,3.39051,42.5663,39.1586,0,0,0,0,0,0,0,0,0,0,0,0,0.116327,0.882124,-1.61108,0.0556362,0.649909,-1.64668,0.0186252,0.240816,-1.61046,-0.101343,0.367674,-1.7162,0.0753757,0.796845,-1.54761,0.0469657,0.524229,-1.3389,0.0230107,1.07937,-0.882287,-0.0376906,1.17174,-0.988603,-1.19118,-2.27155,1.03889,3.04461,-7.31223,6.64095,-0.0101622,1.12434,-0.0800995,0.0613035,0.920783,0.47728,
-3.92908,-6.48538,4.49516,-4.72469,-3.99235,23.4976,-5.44329,40.0465,38.7168,0.71395,38.1252,34.5638,0,0,0,0,0,0,0,0,0,0,0,0,0.110476,0.879711,-1.6198,0.0649435,0.67761,-1.6881,0.0223872,0.261423,-1.61387,-0.0962937,0.383566,-1.70665,0.0583416,0.830785,-1.60236,-0.0027033,0.669597,-1.33556,-0.0649693,1.03692,-0.919291,-0.0687644,1.11468,-1.05881,0.589839,2.10804,-1.96465,0.557842,1.97313,-2.28198,0.354823,1.44776,-0.286061,0.444534,1.15893,0.593083,
-1.17675,-4.27075,2.17834,1.07082,-2.62603,17.5646,-8.02069,39.4881,37.6349,1.81293,27.3209,27.2432,0,0,0,0,0,0,0,0,0,0,0,0,0.118099,0.918264,-1.63686,0.0721523,0.720364,-1.71751,0.0275897,0.299028,-1.62042,-0.0888792,0.416816,-1.69678,0.0957939,0.890151,-1.59707,0.0902667,0.737396,-1.42278,-0.119142,1.07844,-0.944048,-0.0533551,0.972951,-1.19309,-0.0277864,1.51363,0.00565825,-0.0414015,1.97932,-0.752502,-0.0275186,1.87758,-0.241432,0.0782767,1.81473,0.255364,
-0.850992,-4.53964,-1.55373,3.9076,-3.15466,16.0824,-9.66538,34.9159,39.659,3.79093,18.2288,17.6341,0,0,0,0,0,0,0,0,0,0,0,0,0.112339,0.948012,-1.62401,0.066125,0.764186,-1.72275,0.0235126,0.343961,-1.62544,-0.0905795,0.462208,-1.69407,0.0861454,0.907365,-1.62191,0.126167,0.7718,-1.42698,-0.159716,1.0502,-0.913305,-0.0257053,0.865809,-1.37143,-0.327574,1.28003,0.927458,-0.336273,1.98525,0.102796,-0.229012,2.1818,-0.272972,-0.123804,2.2051,0.0616417,
0.106029,-3.53575,-4.95815,6.23038,-3.37529,17.3692,-12.2385,32.1663,40.815,5.42441,9.07479,8.76678,0,0,0,0,0,0,0,0,0,0,0,0,0.104542,0.965836,-1.60757,0.0597398,0.799344,-1.71669,0.0192497,0.384457,-1.63036,-0.0930025,0.503118,-1.69317,0.0844378,0.913304,-1.68139,0.160138,0.801381,-1.38566,-0.2119,1.0439,-0.896622,0.000230994,0.744035,-1.53303,-0.673208,0.359172,0.498759,-0.393595,1.93741,0.46543,-0.263749,2.27933,-0.255138,-0.164761,2.3198,0.0229398,
0.451583,0.644474,-3.10751,8.06296,-3.2672,17.5311,-13.5766,29.0869,38.9916,5.87841,0.528138,-0.376932,0,0,0,0,0,0,0,0,0,0,0,0,0.0831744,0.954346,-1.62605,0.0503075,0.844824,-1.70226,0.0130833,0.439437,-1.63575,-0.0969345,0.559284,-1.69277,0.0614426,0.936582,-1.73975,0.184934,0.846129,-1.36117,-0.241391,1.0432,-0.9334,0.0051876,0.645269,-1.69875,-0.914908,-0.900827,-1.74764,-0.365824,1.85496,0.682762,-0.233033,2.28897,-0.201306,-0.145386,2.33392,0.0266585,
0.865654,1.05222,-2.02536,8.75315,-1.92624,18.898,-12.6922,25.7929,38.3945,5.92963,-3.35342,-6.03775,0,0,0,0,0,0,0,0,0,0,0,0,0.0676355,0.937106,-1.66072,0.0443363,0.877614,-1.68943,0.0091635,0.480517,-1.63906,-0.0953773,0.600702,-1.69466,0.0510927,0.93386,-1.78111,0.192707,0.902035,-1.32253,-0.22941,1.02479,-0.947468,0.0157838,0.616415,-1.82193,-0.986393,-0.683746,-2.55338,-0.329328,1.81633,0.712114,-0.238528,2.30128,-0.198295,0.102351,2.34313,-0.534765,
1.59829,0.204159,0.0865946,10.29,-3.55768,22.3548,-7.35219,20.7369,37.2835,1.0905,-2.49328,-2.93799,0,0,0,0,0,0,0,0,0,0,0,0,0.0459154,0.92711,-1.71597,0.0364086,0.91744,-1.67492,0.00252052,0.530571,-1.64243,-0.0641067,0.63802,-1.72864,0.043915,0.919997,-1.79068,0.210053,0.912233,-1.24873,-0.143586,0.981471,-0.96836,0.0277056,0.62498,-1.8767,-0.949064,-0.330743,-2.33086,-0.410883,1.81736,0.60324,-0.37982,2.25705,-0.116471,2.19954,0.98671,-2.89187,
1.38956,-0.411483,0.676076,11.3831,-6.68355,24.4493,-6.75189,17.0597,34.8584,-1.81727,-2.59311,-0.815175,0,0,0,0,0,0,0,0,0,0,0,0,0.0323536,0.921172,-1.74721,0.0288351,0.950105,-1.66427,-0.0048426,0.571206,-1.64434,-0.0210017,0.643204,-1.77967,0.0399601,0.90212,-1.77987,0.224496,0.887188,-1.19846,-0.138475,0.955948,-1.01502,0.0296182,0.594743,-1.89404,-0.53956,-0.353538,-1.37349,-0.345423,1.7906,0.650179,-0.332177,2.2784,-0.136721,2.55631,-0.0401484,-3.04184,
0.978552,0.433737,1.57735,11.3344,-10.4625,24.3509,-8.40232,13.001,33.5172,-3.41387,-1.7632,1.36898,0,0,0,0,0,0,0,0,0,0,0,0,0.0256829,0.910281,-1.7648,0.0238898,0.991681,-1.64538,-0.00933892,0.627107,-1.64918,0.0325387,0.628361,-1.83656,0.0392581,0.900143,-1.74453,0.227192,0.856242,-1.17249,-0.164082,0.941337,-1.04829,0.0286486,0.560897,-1.86851,-0.128841,-0.55072,-0.25704,-0.0848643,1.67412,0.920982,-0.0603133,2.37873,-0.26018,1.77773,-1.08184,-1.73667,
-0.414923,6.26154,6.21235,11.3544,-11.8178,23.4411,-10.2378,10.9293,32.8472,-2.74059,1.10657,4.76913,0,0,0,0,0,0,0,0,0,0,0,0,0.0237385,0.90094,-1.76341,0.0233371,1.02094,-1.62712,-0.00931489,0.670255,-1.65407,0.05458,0.605121,-1.85523,0.0134512,0.997905,-1.631,0.229942,0.857837,-1.16528,-0.194105,0.947659,-1.0657,0.0300601,0.574786,-1.77965,-0.0838234,-0.515827,0.594424,0.0049367,1.58164,1.08903,0.041298,2.4044,-0.270225,0.773329,-1.54168,-0.34032,
0.118935,4.81692,3.42399,10.1711,-12.1098,22.3095,-11.6325,9.78518,32.6743,-2.38432,1.80764,4.96295,0,0,0,0,0,0,0,0,0,0,0,0,0.019648,0.898808,-1.73491,0.0241727,1.05443,-1.60111,-0.0073665,0.722867,-1.65925,0.0615748,0.573925,-1.844,0.00829315,1.00869,-1.57974,0.210447,0.882619,-1.154,-0.215641,0.97917,-1.07185,0.0178744,0.569862,-1.69167,-0.413029,0.681587,2.83915,0.0411211,1.47798,1.26772,0.0985528,2.39526,-0.203976,-0.0106679,-1.12839,1.89727,
0.980216,2.08114,1.11685,8.73035,-12.5078,20.7851,-12.0708,9.44129,31.2108,-2.0662,3.32194,5.01936,0,0,0,0,0,0,0,0,0,0,0,0,0.0049725,0.931729,-1.66258,0.0246651,1.08607,-1.57225,-0.00528208,0.774495,-1.66192,0.0570516,0.559267,-1.78118,-0.00289621,1.03113,-1.53376,0.183075,0.904918,-1.1511,-0.222316,1.02102,-1.09566,0.00717195,0.607324,-1.57213,-0.784997,1.88112,3.31555,-0.00989465,1.41364,1.32117,0.0744074,2.28746,-0.0368677,-0.376215,-0.377114,3.59912,
0.495334,1.87234,1.67296,6.06864,-12.5205,19.3857,-11.2934,9.77225,28.5053,-2.06344,6.76394,10.2506,0,0,0,0,0,0,0,0,0,0,0,0,-0.00885188,0.96656,-1.61054,0.0239117,1.11126,-1.54879,-0.00423554,0.814266,-1.66094,0.0493591,0.558504,-1.71364,-0.0244647,1.06258,-1.48476,0.13154,0.929354,-1.15392,-0.208721,1.06296,-1.13899,-0.00710128,0.688845,-1.37201,-0.752243,1.89382,2.91384,-0.0828245,1.39751,1.29574,0.0259142,2.16996,0.112269,-0.578822,0.224908,4.74408,
-1.6241,-1.62352,2.84788,0.72184,-11.2077,17.63,-6.43924,7.83887,24.5571,-1.59276,9.90152,26.4093,0,0,0,0,0,0,0,0,0,0,0,0,-0.0227224,1.00533,-1.55073,0.0229223,1.14025,-1.52154,-0.00324158,0.857222,-1.65373,0.0453362,0.598978,-1.68989,-0.0698323,1.03074,-1.41401,0.0374257,0.975553,-1.16298,-0.117592,1.0542,-1.18749,0.0190004,0.860789,-1.23923,-0.537188,1.67839,2.59535,0.0421373,1.19396,1.16181,0.0833156,1.66382,0.603343,0.0801622,2.49895,-0.901688,
-3.68354,-4.5826,5.75686,0.62082,-13.1741,14.6474,-4.52787,5.13941,19.0325,-0.595194,12.5579,31.7497,0,0,0,0,0,0,0,0,0,0,0,0,-0.0326503,1.02832,-1.50296,0.025215,1.15943,-1.5019,-0.000954254,0.881432,-1.63754,0.0474772,0.637095,-1.6968,-0.123299,0.967518,-1.28967,0.0421627,0.951708,-1.20005,-0.0779044,1.0118,-1.25526,0.0415611,0.92728,-1.12167,-0.723417,0.688194,3.3189,0.172946,0.971916,1.08574,0.164228,1.12816,1.10705,0.149894,1.89012,-0.0650329,
-8.4441,-9.26849,13.4653,-0.429569,-17.9975,11.7099,-3.57679,1.32912,4.12762,1.90499,14.0166,34.324,0,0,0,0,0,0,0,0,0,0,0,0,-0.0391667,1.0477,-1.46718,0.0301869,1.17797,-1.47784,0.00368958,0.899449,-1.60668,0.051626,0.671868,-1.68919,-0.186043,0.918965,-1.20963,0.0292079,0.874548,-1.22738,-0.0553053,0.942387,-1.47684,0.0913949,0.971135,-1.04366,0.203282,1.21551,0.388743,0.208736,0.727303,1.14737,0.184482,0.5736,1.6743,0.156831,1.35724,0.65551,
-11.438,-12.2536,13.9493,-1.02105,-18.3399,5.33055,-2.03796,-1.40475,-4.65952,4.88005,14.7735,31.501,0,0,0,0,0,0,0,0,0,0,0,0,-0.0356688,1.07025,-1.45165,0.0336078,1.19039,-1.44775,0.00612011,0.909126,-1.56519,0.0534662,0.698862,-1.66944,-0.237558,0.877723,-1.16742,0.0207221,0.870332,-1.29774,-0.027468,0.897616,-1.58591,0.144948,1.00575,-1.0621,0.185611,0.924652,0.935354,0.173521,0.409415,1.62236,0.105894,0.428736,1.9554,0.0841377,1.16949,1.05706,
-12.3621,-15.6815,14.1192,-0.530775,-16.9811,2.30747,-0.370119,-4.12642,-4.42884,6.19296,12.8774,26.4446,0,0,0,0,0,0,0,0,0,0,0,0,-0.0324078,1.0855,-1.43166,0.0365428,1.19558,-1.41496,0.00285542,0.918997,-1.54445,0.0546112,0.719098,-1.64836,-0.252443,0.826008,-1.13467,0.0309439,0.893833,-1.30942,-0.0252129,0.862328,-1.63762,0.16809,0.988976,-1.12702,0.144562,0.782875,1.23066,0.123796,0.213958,1.94287,-0.652021,0.560915,-0.386382,0.026871,1.09214,1.23829,
-12.0893,-19.8107,13.9487,0.575686,-19.1573,0.538975,1.53536,-3.01191,-2.08424,6.05846,9.39674,20.7217,0,0,0,0,0,0,0,0,0,0,0,0,-0.0306967,1.10212,-1.39863,0.037752,1.19876,-1.36494,-0.0209575,0.914671,-1.57843,0.0539825,0.744532,-1.61721,-0.25033,0.76241,-1.0963,0.0477539,0.853278,-1.28366,-0.0259981,0.829495,-1.67437,0.161858,0.950083,-1.19768,0.00525446,0.625987,1.4886,-0.0142106,0.086425,2.18425,-1.007,-0.929304,-1.77365,-0.0696302,1.06032,1.30713,
-11.1882,-22.3936,13.2533,0.558949,-24.2845,-2.17288,2.12868,-1.806,-2.14983,6.95881,8.27361,16.4613,0,0,0,0,0,0,0,0,0,0,0,0,-0.0312949,1.1114,-1.3734,0.0368633,1.19969,-1.3288,-0.0347234,0.893037,-1.60441,0.0524313,0.761766,-1.59656,-0.237322,0.721731,-1.0776,0.0438441,0.759321,-1.29206,-0.0208389,0.807334,-1.70289,0.174734,0.948542,-1.25609,-0.0796099,0.534387,1.67561,-0.0972254,0.0356344,2.32979,-0.758352,-1.61538,-1.81467,-0.128986,1.11062,1.25821,
-9.76241,-24.0465,9.60582,1.45408,-28.2886,-2.98675,1.93832,-1.35219,-0.211822,7.12042,4.82099,10.8497,0,0,0,0,0,0,0,0,0,0,0,0,-0.0347419,1.12259,-1.32941,0.0330338,1.1999,-1.27037,-0.0470081,0.84972,-1.646,0.0480928,0.789965,-1.56803,-0.21807,0.698948,-1.09058,0.0531655,0.68511,-1.242,-0.0204747,0.765352,-1.70699,0.170815,0.918179,-1.33414,-0.178136,0.414632,1.96106,-0.192685,-0.0138777,2.52613,-0.266104,-1.82669,-1.74582,-0.20595,1.2393,1.11878,
-8.24321,-25.9072,5.67245,2.19729,-32.4172,-3.06757,1.49699,-2.3589,-0.784801,5.48626,-0.276165,1.82684,0,0,0,0,0,0,0,0,0,0,0,0,-0.0389684,1.13162,-1.28008,0.0285204,1.19887,-1.20758,-0.047705,0.804974,-1.67744,0.0444109,0.813019,-1.54881,-0.193696,0.672243,-1.10799,0.0633262,0.607195,-1.17547,-0.0168714,0.699067,-1.72095,0.138347,0.850819,-1.48164,-0.148216,0.356294,2.10685,-0.157203,-0.0693138,2.6854,0.110478,-1.92557,-0.893448,-0.177646,1.30843,1.0375,
-6.83135,-26.9139,2.7239,3.22957,-35.753,-1.33048,1.75828,-5.07638,-1.99846,2.72158,-7.33844,-9.41081,0,0,0,0,0,0,0,0,0,0,0,0,-0.0410153,1.1373,-1.24631,0.0263719,1.19763,-1.16429,-0.045379,0.77469,-1.68944,0.0413727,0.842157,-1.52686,-0.168882,0.659594,-1.12759,0.0813026,0.544861,-1.09917,-0.00675115,0.614215,-1.74854,0.0875571,0.75304,-1.66719,-0.111851,0.355556,2.11435,-0.115768,-0.0828092,2.72918,0.203475,-2.08319,-0.695536,-0.100796,1.35387,0.940362,
-4.8529,-29.7523,-1.37793,3.79592,-40.4767,2.66731,1.07425,-7.64745,-1.53212,-3.02642,-14.1485,-13.501,0,0,0,0,0,0,0,0,0,0,0,0,-0.0425887,1.1454,-1.20074,0.0248135,1.19565,-1.10423,-0.0391184,0.716879,-1.7073,0.0481707,0.865208,-1.54662,-0.131884,0.61684,-1.15978,0.0929011,0.456338,-0.966825,-0.00850631,0.473364,-1.76758,0.0211325,0.606478,-1.89606,-0.032397,0.378552,2.01708,-0.0283866,-0.102881,2.7165,0.338566,-3.19216,-0.990673,0.855177,-0.0453725,-3.1768,
-2.90983,-36.1404,4.7959,3.11431,-49.2521,8.50147,-3.84812,-16.1132,6.0798,-2.67967,-18.4938,1.43388,0,0,0,0,0,0,0,0,0,0,0,0,-0.0429587,1.15369,-1.15671,0.0245718,1.19263,-1.04364,-0.032431,0.630696,-1.72709,0.06469,0.817323,-1.66271,-0.0953619,0.508667,-1.00345,0.081958,0.290811,-0.79569,-0.0930876,0.180196,-1.64301,0.0270573,0.345081,-1.8872,0.0153628,0.368899,2.01841,0.0232946,-0.193314,2.85313,0.284448,-4.81349,-0.808758,0.338817,-4.15529,-7.65622,
-1.45048,-40.9409,10.9198,1.22751,-55.3642,10.234,-6.13124,-16.8603,8.21752,0.0134884,-18.9916,11.3484,0,0,0,0,0,0,0,0,0,0,0,0,-0.0416353,1.15879,-1.1173,0.0260049,1.18602,-0.986607,-0.0318927,0.520754,-1.71582,0.062608,0.697878,-1.76428,-0.0645891,0.418368,-0.837652,0.0517952,0.159758,-0.683357,-0.157646,-0.0562839,-1.4656,0.0502179,0.0519528,-1.66838,0.104457,0.12103,2.47815,0.106085,-0.600185,3.58046,-0.436218,-8.26489,3.08014,-0.386082,-9.18573,-3.37433,
-3.24657,-39.4568,11.8155,-2.99867,-51.6507,-3.06313,-1.12604,-2.43535,10.6932,5.27076,-3.89664,13.02,0,0,0,0,0,0,0,0,0,0,0,0,-0.0375523,1.1542,-1.04586,0.0299387,1.16187,-0.884922,-0.0629309,0.297497,-1.60326,0.0559172,0.441478,-1.74854,-0.0886313,0.418722,-0.697694,-0.0171297,0.17039,-0.753907,-0.158192,-0.122287,-1.18454,0.148624,-0.0708034,-1.35824,0.242902,-0.552443,4.07407,0.227728,-1.60026,5.70496,-2.28519,-11.4737,6.85357,-0.0954948,-13.4882,4.69265,
10.2214,2.96678,-35.4673,-5.53458,11.7952,-66.1617,4.02545,44.1794,44.1879,-2.54296,54.8199,78.636,0,0,0,0,0,0,0,0,0,0,0,0,-0.0336299,1.13221,-0.931051,0.0334243,1.11417,-0.72917,-0.122015,0.0616524,-1.41452,0.0708148,0.161245,-1.58196,0.15336,1.14092,-1.37459,-0.0667978,1.24339,-1.66565,-0.139534,0.55398,-0.286125,0.0711346,0.78055,0.16326,0.0350225,-1.38215,6.1516,0.0124268,-2.60447,8.14182,-2.77167,-9.50077,9.9299,1.42253,-11.5323,9.63955,
4.82445,-9.62528,-18.1603,-3.43335,-28.4888,-27.7062,4.24184,36.5074,10.5771,-5.56087,52.0673,3.80275,0,0,0,0,0,0,0,0,0,0,0,0,-0.0287008,1.13873,-0.911593,0.0375272,1.13671,-0.759288,-0.154741,-0.0407881,-1.20981,0.0857629,0.0287486,-1.30584,0.0970132,1.08764,-1.57401,-0.00279536,0.904257,-2.034,-0.095953,0.523801,-0.288582,-0.0363564,0.817362,-0.0663179,1.16102,3.78616,-10.1515,0.67534,8.72434,-23.5573,-0.56027,-3.03055,22.2725,-0.642052,-4.82973,35.7617,
-2.23315,-3.25788,-6.25814,-1.3206,1.11674,4.35851,1.6017,48.4568,48.9434,-8.80671,60,61.9892,0,0,0,0,0,0,0,0,0,0,0,0,0.0491481,1.17773,-1.25047,0.0143734,1.21401,-1.40008,-0.143746,0.00653553,-1.15542,0.0952633,0.0842537,-1.2286,0.123849,1.07067,-1.76765,-0.0789751,1.07788,-2.04061,-0.0947532,0.927475,-0.284641,-0.0480299,1.2762,-0.118736,3.52316,-1.46115,-12.326,-2.11865,-4.77991,-21.9932,0.607157,1.21935,-0.583715,0.514215,1.13682,-0.525922,
11.4692,-11.3743,-10.7022,-7.9336,-5.72661,-0.94129,5.56345,60,45.7547,-10.4457,60,47.7953,0,0,0,0,0,0,0,0,0,0,0,0,0.100014,1.10797,-1.47852,-0.0210965,1.01396,-1.7751,-0.132416,0.00561688,-1.12196,0.101144,0.0755562,-1.1794,0.330122,0.815402,-2.01071,-0.192912,0.678322,-2.1733,-0.0236128,1.20045,-0.224137,-0.0899918,1.46694,-0.222676,0.659302,-2.6206,-10.3156,-0.842364,-7.07413,-11.6444,0.233719,-0.309689,2.01431,-0.0371183,-0.642863,2.68014,
6.2681,-13.2435,-4.03483,-4.13198,-14.3166,0.602829,14.8082,60,42.5271,-11.1429,60,42.4994,0,0,0,0,0,0,0,0,0,0,0,0,0.112767,1.05713,-1.63872,-0.0382846,0.927077,-1.92171,-0.130719,0.00365627,-1.0909,0.0984556,0.0688562,-1.1391,0.29428,0.665833,-2.06324,-0.177097,0.462032,-2.17165,0.141523,1.22708,-0.257431,-0.110026,1.59378,-0.286921,2.06395,-4.59873,-10.7297,-1.94594,-6.25603,-7.97195,0.0917232,0.00558722,1.8408,-0.17978,-0.29215,2.42807,
-6.32261,-2.7866,4.07488,1.49318,-4.83216,9.64488,11.2933,58.6761,34.0901,-11.7051,60,38.0475,0,0,0,0,0,0,0,0,0,0,0,0,0.187945,0.898458,-1.8462,-0.0952327,0.740645,-2.04856,-0.12755,0.0146573,-1.06152,0.0958596,0.0723367,-1.09442,0.188047,0.559089,-2.02071,-0.144821,0.324633,-1.99916,0.085144,1.11692,-0.417971,-0.117841,1.45566,-0.352049,3.51567,-8.82149,-7.59612,-2.34475,-10.0269,-3.84864,0.224947,1.08257,0.724956,-0.0268983,0.690314,1.54602,
-6.12023,2.75671,5.16335,2.30456,2.1833,4.88725,12.7204,45.0156,36.2758,-10.3519,60,38.699,0,0,0,0,0,0,0,0,0,0,0,0,0.226818,0.697892,-1.95758,-0.127783,0.511879,-2.05673,-0.124174,0.0663027,-1.06974,0.0937575,0.0991454,-1.08121,0.101464,0.505117,-1.94032,-0.101273,0.267683,-1.87844,0.10732,0.986945,-0.452232,-0.0990883,1.37388,-0.380028,-0.430139,-7.42185,-2.34088,-0.470297,-8.67449,2.73252,0.00655166,3.12208,-1.28489,-0.141444,2.25675,-0.0744397,
-2.56175,-5.9407,2.67772,0.498873,-8.19637,3.48816,10.8848,41.6652,39.249,-10.24,60,45.2611,0,0,0,0,0,0,0,0,0,0,0,0,0.195617,0.595782,-1.96459,-0.122876,0.392729,-1.9911,-0.125439,0.125292,-1.09781,0.0895395,0.169905,-1.10385,0.0539896,0.308105,-1.89325,-0.0859025,0.0346522,-1.77683,0.0684944,1.01513,-0.450434,-0.106173,1.45004,-0.333442,-2.9043,-5.48974,0.692131,0.852607,-6.3877,4.6095,-0.121376,4.04222,-2.02418,-0.2912,3.85387,-1.60476,
3.0701,-5.11076,4.91688,0.569394,-8.33388,6.79828,7.57492,41.8591,40.0816,-12.7904,52.7695,47.4686,0,0,0,0,0,0,0,0,0,0,0,0,0.123517,0.50347,-1.94295,-0.0960044,0.284119,-1.9095,-0.127732,0.220311,-1.14452,0.083988,0.262192,-1.14255,0.0720968,0.258988,-1.79343,-0.047863,-0.0505981,-1.63603,0.0064133,1.12341,-0.47955,-0.156621,1.36147,-0.333486,-3.27677,-4.63099,1.83698,1.15466,-5.59753,4.5792,-0.10942,4.33969,-1.94897,-0.246193,4.27275,-1.64992,
4.41865,-1.76709,5.19799,0.872642,-1.04449,5.07006,6.99013,40.4395,39.2249,-12.5603,46.4968,45.7725,0,0,0,0,0,0,0,0,0,0,0,0,0.0722992,0.407458,-1.89261,-0.0755517,0.164909,-1.80867,-0.129545,0.296347,-1.17379,0.0798021,0.337252,-1.16654,0.0791136,0.192514,-1.67125,-0.0180625,-0.0896595,-1.4979,-0.00507175,1.16726,-0.505893,-0.155412,1.31562,-0.368574,-2.24659,-5.58602,3.87602,1.27181,-7.1982,6.6792,-0.0800516,4.14473,-1.38373,-0.209168,4.06297,-1.04682,
3.70752,-0.991731,4.76623,-0.0334496,3.78387,2.97206,6.3356,38.1161,37.6515,-10.8349,40.4225,40.5449,0,0,0,0,0,0,0,0,0,0,0,0,0.0423936,0.29544,-1.79398,-0.0435324,0.0218141,-1.66432,-0.131057,0.384416,-1.1955,0.0754903,0.422577,-1.17974,0.0884507,0.124086,-1.53764,0.00633162,-0.0944803,-1.39169,-0.0180245,1.20479,-0.53249,-0.127791,1.27957,-0.450149,-0.652436,-4.68486,5.1845,1.54221,-5.65559,6.67934,-0.0660182,3.89129,-0.658929,-0.191992,3.72891,-0.231963,
1.82275,-0.405689,3.7507,-0.416173,4.37905,2.68308,5.88718,32.0793,33.8056,-8.89109,32.475,34.3711,0,0,0,0,0,0,0,0,0,0,0,0,0.0391565,0.201181,-1.66944,-0.00986808,-0.0721461,-1.52957,-0.134162,0.474594,-1.20109,0.0694674,0.508726,-1.17576,0.0792918,0.0791223,-1.41808,0.0234131,-0.0764116,-1.30887,-0.0331191,1.1784,-0.583774,-0.101947,1.21414,-0.535845,0.213718,-3.5042,5.5967,1.24813,-2.56314,5.25323,-0.18325,3.68326,0.0815561,-0.298172,3.51263,0.457785,
1.13517,0.392714,1.16172,-0.0633907,2.32043,1.76105,6.54066,26.1762,27.0312,-7.86023,28.0507,29.7547,0,0,0,0,0,0,0,0,0,0,0,0,0.0437339,0.152559,-1.58474,0.0072089,-0.096767,-1.45476,-0.137999,0.532058,-1.19524,0.0638826,0.563587,-1.1644,0.0753992,0.0633357,-1.37014,0.036594,-0.0833345,-1.26464,-0.0283441,1.12361,-0.685172,-0.0917289,1.18383,-0.593669,0.336902,-2.94445,5.91208,0.933096,-0.878693,4.83084,-0.283121,3.53296,0.567951,-0.387998,3.36813,0.908718,
-0.932185,2.9415,4.09233,-0.559508,2.3541,2.9434,5.52105,15.8087,18.1483,-6.84798,18.1502,24.0405,0,0,0,0,0,0,0,0,0,0,0,0,0.0497615,0.103841,-1.48256,0.024442,-0.097945,-1.36843,-0.145203,0.60611,-1.17383,0.054534,0.634434,-1.13678,0.0417594,0.101729,-1.28186,0.0384635,-0.0451306,-1.19867,-0.0549764,0.998876,-0.799509,-0.0832845,1.06659,-0.650335,0.27337,-1.69868,3.85912,0.739273,0.305941,3.55189,-0.310315,3.21855,1.3552,-0.406686,3.12135,1.50765,
-2.46634,4.54359,4.14613,-0.0289986,8.31376,4.89141,4.15545,5.74605,7.44218,-6.06065,7.08632,13.9391,0,0,0,0,0,0,0,0,0,0,0,0,0.0534145,0.0791052,-1.39741,0.0377449,-0.0857817,-1.29143,-0.152373,0.675344,-1.1408,0.0457837,0.698865,-1.09489,0.00825819,0.144568,-1.19062,0.0515081,0.092647,-1.08979,-0.0879776,0.877779,-0.947935,-0.0772979,0.918157,-0.77053,-0.00958551,-0.52397,4.01539,0.436652,0.833231,3.44377,-0.340959,2.99328,1.75848,-0.393798,2.76374,2.16694,
-4.99444,-5.85743,24.7399,2.80912,6.38387,31.3744,2.05564,-6.35816,-0.183885,-3.92391,-4.47243,0.178511,0,0,0,0,0,0,0,0,0,0,0,0,0.0506294,0.147985,-1.43338,0.0317174,0.0474727,-1.42932,-0.155077,0.731128,-1.10704,0.0415077,0.746884,-1.04481,-0.0481105,0.280515,-1.19393,0.0736091,0.40418,-1.07732,-0.122733,0.722499,-1.05447,-0.0349238,0.75412,-0.958239,-0.24236,7.30364,-6.42778,-0.280599,7.35278,-6.67454,-0.153742,3.26863,1.70857,-0.15546,2.70577,2.54602,
-7.194,-6.33245,22.1455,7.38076,3.88135,30.149,1.60397,-17.5771,-5.17632,-1.04149,-19.2966,-6.09667,0,0,0,0,0,0,0,0,0,0,0,0,0.0448122,0.300974,-1.53445,0.0255158,0.204214,-1.54068,-0.159092,0.806911,-1.06996,0.0376305,0.810067,-0.989763,-0.0981746,0.405793,-1.2417,0.147426,0.504861,-1.12545,-0.139729,0.606398,-1.11483,0.0115273,0.564373,-1.02785,-0.372375,6.72081,-3.35789,-0.375376,7.03013,-4.06174,-0.299422,3.63828,1.50457,-0.218992,3.21302,2.22313,
-10.2626,-8.03564,22.2055,9.8764,-1.5624,32.6267,2.04902,-24.0154,-11.6167,1.70928,-23.1856,-24.3522,0,0,0,0,0,0,0,0,0,0,0,0,0.0374614,0.441541,-1.5868,0.0181838,0.352041,-1.60667,-0.165945,0.886433,-1.0358,0.0335102,0.877904,-0.936839,-0.155711,0.49433,-1.24145,0.191263,0.532589,-1.08818,-0.136708,0.565051,-1.18971,0.0623185,0.545579,-1.28552,-0.201056,6.07724,-1.78412,-0.198351,6.38474,-2.28315,-0.244979,3.52189,1.75095,-0.0693472,2.72651,2.87486,
-9.28929,-7.05805,13.476,11.1303,-1.58069,35.0773,-2.43947,-25.7897,-6.33415,1.37864,-23.99,-24.4006,0,0,0,0,0,0,0,0,0,0,0,0,0.0361258,0.576841,-1.61402,0.0169298,0.493791,-1.64237,-0.169215,0.960271,-0.987521,0.0377206,0.945362,-0.91169,-0.130532,0.620795,-1.38879,0.221646,0.645049,-1.03149,-0.210807,0.563277,-1.06627,0.0832821,0.631087,-1.46736,0.068386,5.26418,-0.604463,0.0717303,5.49995,-0.821506,0.0843935,2.19723,1.11275,0.626249,3.72494,-3.42302,
-6.54509,-4.89541,5.70309,8.57424,1.61826,36.3211,-5.44486,-28.4008,-8.74076,0.786775,-19.3787,-20.0329,0,0,0,0,0,0,0,0,0,0,0,0,0.0388843,0.656154,-1.61903,0.0197185,0.575993,-1.64885,-0.168871,1.0054,-0.951966,0.0497797,0.99809,-0.988881,-0.0720234,0.72214,-1.52045,0.183761,0.764591,-0.993623,-0.2656,0.571476,-1.02659,0.0945868,0.747065,-1.60687,0.247316,4.73591,-0.156224,0.248941,4.86367,-0.157674,0.069311,2.51934,2.57594,0.932009,3.09574,-7.75364,
-7.93971,-7.84182,4.66245,7.11308,5.30426,34.5167,-7.57484,-30.1954,-14.1416,0.0550114,-17.2391,-3.44623,0,0,0,0,0,0,0,0,0,0,0,0,0.04696,0.753353,-1.61958,0.027749,0.673767,-1.64595,-0.165434,1.05012,-0.886038,0.073479,1.0485,-1.19476,-0.0824003,0.748019,-1.5332,0.171905,0.905566,-1.00735,-0.295821,0.557679,-1.03716,0.109591,0.741086,-1.67095,0.458274,4.19357,0.049137,0.453066,4.13595,0.336847,0.224181,1.72828,3.23887,1.07286,0.183971,-12.6357,
-10.8211,-16.1086,7.85297,8.03695,5.59679,34.8245,-3.30866,-26.5116,-23.5399,0.068395,-19.8487,-12.9468,0,0,0,0,0,0,0,0,0,0,0,0,0.057368,0.848827,-1.61736,0.037861,0.765819,-1.63349,-0.160874,1.0833,-0.807557,0.0936913,1.06407,-1.33421,-0.129176,0.67938,-1.46937,0.193726,0.986127,-0.981296,-0.218335,0.648685,-1.13156,0.121135,0.787581,-1.67729,0.311798,3.77164,0.15919,0.297567,3.62229,0.581141,0.0824148,1.44884,3.1775,0.800561,2.57876,-3.29034,
-11.0741,-17.4161,16.4873,11.1776,3.81661,13.7808,-1.93911,-27.2123,-25.4182,-0.641347,-20.3804,-5.71078,0,0,0,0,0,0,0,0,0,0,0,0,0.0613876,0.907066,-1.61417,0.0415816,0.821022,-1.62203,-0.16275,1.11183,-0.792087,0.10259,1.05348,-1.43358,-0.133454,0.705614,-1.30429,0.250603,0.999316,-1.34216,-0.205592,0.665409,-1.34472,0.104932,0.583772,-1.77595,0.198804,3.52015,0.309019,0.176976,3.32752,0.895806,-0.231773,1.47732,-2.76482,0.427869,-3.02979,-7.2884,
-10.7856,-21.0628,20.0346,11.407,-0.997737,7.68072,3.73237,-24.568,-32.2803,-1.64488,-21.553,-11.4353,0,0,0,0,0,0,0,0,0,0,0,0,0.063318,0.986255,-1.60534,0.0429273,0.89579,-1.59811,-0.17108,1.17739,-0.825971,0.111373,1.07106,-1.49143,-0.136445,0.703966,-1.23234,0.246081,0.974411,-1.43519,-0.125514,0.848633,-1.55353,0.0800753,0.662214,-1.81358,-0.111852,3.07606,0.266989,-0.129736,2.95663,0.710982,-0.681234,3.60346,-4.29744,-0.0424845,-0.518694,-3.4905,
-14.155,-24.3885,23.4647,8.61083,-5.65917,12.8142,10.105,-20.0277,-23.3313,2.99379,-21.4912,-8.07951,0,0,0,0,0,0,0,0,0,0,0,0,0.0587717,1.03275,-1.60299,0.0381716,0.941692,-1.59228,-0.178061,1.2319,-0.944585,0.109348,1.09232,-1.51116,-0.211862,0.680717,-1.1731,0.181154,0.931258,-1.35443,0.00714445,0.987627,-1.74223,0.159721,0.795357,-1.65991,-0.405507,2.79252,0.0997138,-0.414879,2.82515,0.148628,0.0451774,3.66253,-11.4107,-0.124043,2.86558,-0.0565422,
-12.6239,-26.6229,24.2356,6.90786,-12.8186,18.0545,2.13948,-17.997,-5.43499,7.34727,-17.8044,1.91267,0,0,0,0,0,0,0,0,0,0,0,0,0.0459743,1.09448,-1.59919,0.0251814,1.00664,-1.59154,-0.140157,1.28069,-1.23876,0.0997422,1.08234,-1.57422,-0.20234,0.688637,-1.14878,0.131697,0.857907,-1.25926,0.0125833,0.928091,-1.84787,0.222121,0.850871,-1.54737,-0.574128,2.3896,0.298436,-0.583051,2.57672,0.122684,3.47847,-0.775596,-15.5924,-0.342459,2.81875,-0.24241,
-10.2227,-28.0762,26.5355,7.01778,-14.7826,16.3637,-0.49989,-18.7329,-4.46083,3.38486,-20.5243,-8.94142,0,0,0,0,0,0,0,0,0,0,0,0,0.0333431,1.14113,-1.59039,0.0122698,1.05812,-1.5864,-0.0915839,1.282,-1.44818,0.0929539,1.13344,-1.56829,-0.168161,0.693466,-1.08958,0.123742,0.858236,-1.27283,0.0105944,0.797042,-1.93784,0.148361,0.826892,-1.71157,-0.477802,1.91937,0.560322,-0.492671,2.10506,0.490516,3.39983,-4.41103,-12.4836,-0.187483,2.03549,0.589472,
-10.2678,-23.4678,31.4889,11.8843,-19.6469,1.96003,3.95428,-13.6543,-11.6766,0.630617,-18.7383,-8.96235,0,0,0,0,0,0,0,0,0,0,0,0,0.023672,1.17105,-1.57564,0.00234493,1.09251,-1.57419,-0.0521029,1.20498,-1.59157,0.0890035,1.16443,-1.55643,-0.184691,0.791317,-0.969552,0.196312,0.793676,-1.5137,0.0465991,0.879047,-1.97499,0.0891183,0.878147,-1.69288,-0.662327,1.43467,1.02545,-0.675593,1.78378,0.759234,0.819074,-2.37339,-5.22864,-0.346834,1.66268,0.809732,
-11.4143,-28.6429,18.4226,7.65994,-21.6794,4.95304,2.76638,-3.97523,3.59645,9.05248,-22.6774,-5.40058,0,0,0,0,0,0,0,0,0,0,0,0,0.00753336,1.1972,-1.54476,-0.0139971,1.12848,-1.55328,-0.0261087,1.06404,-1.75955,0.0781902,1.19983,-1.54005,-0.225172,0.71006,-1.15223,0.100006,0.785216,-1.42853,0.0641075,0.732919,-1.94419,0.220005,0.845946,-1.61468,-0.769158,1.02781,1.75943,-0.772087,1.55555,1.06004,1.21973,-7.90917,-7.64,-0.695925,1.78558,0.720066,
-13.3709,-33.4638,13.4622,4.35676,-17.6585,6.12326,1.06105,-0.581225,2.42971,8.24436,-26.6785,-8.28446,0,0,0,0,0,0,0,0,0,0,0,0,-0.00545162,1.21768,-1.50275,-0.0269693,1.15931,-1.52755,0.00433861,0.882524,-1.86554,0.0634111,1.23719,-1.52261,-0.259929,0.638055,-1.19634,0.0409537,0.878871,-1.37546,0.0723668,0.602604,-1.90757,0.19682,0.799981,-1.6411,-0.347413,0.880402,1.88359,-0.344997,1.24142,1.24538,1.48916,-8.23022,-2.63409,-0.503826,1.46212,0.982029,
-11.9969,-33.4134,9.42128,5.51473,-14.0595,11.0809,2.75254,-1.15465,3.49815,6.11009,-26.1819,-15.9179,0,0,0,0,0,0,0,0,0,0,0,0,-0.0114267,1.23071,-1.47292,-0.0310246,1.17763,-1.50791,0.0231717,0.762543,-1.89162,0.0558103,1.25722,-1.50473,-0.239773,0.647307,-1.24111,0.059846,0.957997,-1.26884,0.102688,0.502281,-1.84971,0.149204,0.816506,-1.7546,-0.312285,0.736702,1.84914,-0.287138,1.09996,1.14897,0.900479,-7.31098,-0.662604,-0.540786,1.07932,1.20833,
-10.4426,-38.4171,3.84377,8.00569,-11.7134,16.4912,1.97328,0.315806,2.73823,0.636511,-27.5797,-26.969,0,0,0,0,0,0,0,0,0,0,0,0,-0.0162182,1.24507,-1.433,-0.037556,1.20043,-1.48445,0.0401202,0.617757,-1.88039,0.0467403,1.27251,-1.49748,-0.215378,0.566568,-1.3044,0.0988758,1.02013,-1.15065,0.105732,0.426259,-1.78488,0.0447313,0.810918,-1.97575,-0.283998,0.610978,1.79407,-0.278858,0.998141,1.03749,0.908531,-6.02678,1.3971,-0.415004,1.21795,0.369172,
-7.04693,-43.4338,2.06359,10.7094,-19.7809,22.0481,-2.70015,-6.29793,1.95027,-5.48447,-22.8686,-11.9971,0,0,0,0,0,0,0,0,0,0,0,0,-0.0225608,1.25856,-1.38955,-0.0437319,1.22317,-1.4595,0.0607753,0.500452,-1.83958,0.0377151,1.23259,-1.62706,-0.159103,0.485722,-1.29069,0.14283,0.893095,-1.02265,0.0386685,0.25001,-1.73226,-0.0780348,0.616756,-2.19987,-0.257171,0.515362,1.87435,-0.249191,0.903618,1.0992,0.824599,-4.15354,2.19578,-0.489875,-6.11224,-10.8373,
-1.53605,-44.7098,3.5179,11.4421,-29.0546,19.0024,-5.61819,-9.53726,4.11778,-3.28028,-11.9002,6.75502,0,0,0,0,0,0,0,0,0,0,0,0,-0.0291619,1.26836,-1.34271,-0.0502089,1.2422,-1.42969,0.0721409,0.423608,-1.79773,0.0242583,1.00975,-1.84246,-0.0703436,0.466377,-1.19847,0.144633,0.740879,-1.03066,-0.0310717,0.115092,-1.64066,-0.0741396,0.3824,-2.06519,-0.404969,0.33385,2.45315,-0.403233,0.823193,1.63541,-0.0325026,-4.12838,2.51162,-1.18422,-12.5579,-10.5586,
-3.11802,-50.9216,6.94407,3.56517,-39.6529,12.8174,-6.32515,-4.32878,6.58861,7.8894,-8.85419,23.0056,0,0,0,0,0,0,0,0,0,0,0,0,-0.0346955,1.2722,-1.29844,-0.0557414,1.25345,-1.39728,0.0620542,0.342701,-1.74621,-0.000250745,0.783504,-1.96498,-0.0983061,0.351959,-1.0744,0.00220745,0.550701,-1.08683,-0.0914975,0.0674728,-1.49183,0.0898337,0.116364,-1.66664,-0.211424,0.171209,2.98777,-0.209994,0.556623,2.36517,-1.17788,-6.00486,4.11268,-1.63042,-15.4658,-3.66499,
-3.67066,-49.8831,1.16106,-0.32868,-43.4675,-4.04725,0.0303044,10.7961,12.4999,9.22627,11.2867,19.2852,0,0,0,0,0,0,0,0,0,0,0,0,-0.0352169,1.27219,-1.22189,-0.0561905,1.2597,-1.33097,0.0163637,0.206326,-1.63717,-0.0095858,0.450043,-1.8927,-0.100806,0.358327,-1.0715,-0.0608822,0.471071,-1.28909,-0.0777023,0.207972,-1.21426,0.195887,0.173858,-1.22746,0.0351353,-0.210767,3.95028,0.0392419,0.0515428,3.52815,-2.89108,-5.94753,5.97782,1.15262,-14.7094,9.61296,
3.59494,-16.7809,-29.3832,0.906084,-24.6213,-36.207,5.66198,41.9585,51.2079,-10.0362,38.2313,48.0297,0,0,0,0,0,0,0,0,0,0,0,0,-0.0352381,1.26289,-1.12252,-0.0561566,1.25764,-1.24255,-0.046789,0.120408,-1.4797,0.0490338,0.209041,-1.63427,0.0281548,0.939085,-1.4972,-0.0416216,0.804639,-1.76149,-0.0234506,0.826387,-0.246309,-0.0169487,0.655237,-0.279889,-0.0601825,-0.571361,4.87554,-0.0592556,-0.163213,4.25845,-2.43243,-1.73869,9.23802,3.55954,-7.60582,14.7008,
3.09157,-13.0712,-12.9233,3.39529,-19.1693,-11.1771,2.50968,32.21,64.1954,-7.64717,34.7785,63.9003,0,0,0,0,0,0,0,0,0,0,0,0,-0.0312872,1.25919,-1.11488,-0.0597795,1.25992,-1.26038,-0.0718068,0.144453,-1.40721,0.0895816,0.166323,-1.4624,0.0571133,1.00835,-1.6298,-0.0119489,0.886964,-1.83241,-0.0389619,0.835387,-0.350855,-0.057101,0.907672,-0.439138,0.983589,-0.40264,-8.55388,-0.424781,-0.746104,-11.2691,-0.390673,3.21741,-3.38668,-0.233544,3.33093,-4.23394,
6.36212,-6.60499,-7.21286,1.05444,2.32932,1.91688,3.82959,52.7422,55.0064,-6.96709,52.6502,57.1056,0,0,0,0,0,0,0,0,0,0,0,0,0.00168093,1.20632,-1.3061,-0.0705077,1.09528,-1.55067,-0.0795531,0.17219,-1.41844,0.0810637,0.19631,-1.48709,0.146821,1.05297,-1.65703,-0.0384814,0.818177,-1.8461,-0.0180221,1.12526,-0.37469,-0.0577867,1.15068,-0.417441,0.90033,-1.0164,-6.71555,0.392784,-9.76108,-10.0921,-0.247435,-0.179651,1.33337,-0.372044,-0.0887102,0.958331,
1.9287,-4.98377,-0.975438,0.316903,-3.43138,6.81367,8.50834,54.9245,43.925,-5.10117,60,54.2735,0,0,0,0,0,0,0,0,0,0,0,0,0.0233156,1.1644,-1.4395,-0.0532065,0.94496,-1.6838,-0.0837939,0.160454,-1.38525,0.0743809,0.187035,-1.46109,0.121719,0.953393,-1.71159,-0.00139103,0.592714,-1.77768,0.0630511,1.13033,-0.511097,-0.0315536,1.30768,-0.413643,1.93527,-3.67856,-7.7718,1.40719,-8.85676,-6.65395,-0.239925,-0.878345,2.30746,-0.402906,-0.706883,1.85326,
-2.15278,-2.42918,3.93969,-0.666435,-1.03912,6.90588,8.8231,47.6859,34.8394,-6.14618,57.3769,41.7766,0,0,0,0,0,0,0,0,0,0,0,0,0.0738392,1.05642,-1.58171,-0.0130374,0.7495,-1.75551,-0.0861501,0.144695,-1.33403,0.0681087,0.174726,-1.41797,0.0915218,0.856265,-1.66865,0.0376278,0.471407,-1.64179,0.077178,1.00208,-0.643045,-0.045879,1.21105,-0.605969,1.73629,-4.76636,-4.84522,1.91835,-7.91999,-0.361948,0.0888563,-0.29438,1.75806,-0.0684103,-0.210663,1.60206,
-1.57684,0.305483,4.38006,-2.62118,3.19389,3.39551,7.03229,40.5295,27.0732,-7.4615,44.4477,30.905,0,0,0,0,0,0,0,0,0,0,0,0,0.0931583,0.954635,-1.64129,0.0277446,0.598621,-1.7233,-0.0833468,0.149769,-1.30754,0.067787,0.181398,-1.39402,0.0693023,0.809698,-1.59095,0.0365954,0.451117,-1.54698,0.0487513,0.910325,-0.793556,-0.0677531,1.01583,-0.814064,0.147091,-4.59834,-0.895183,1.72665,-6.28144,3.50121,0.1295,0.722811,0.664443,0.00377265,0.80329,0.55143,
0.192913,2.4868,3.62883,-3.80204,4.71129,3.89999,5.00643,31.7003,21.297,-7.21994,37.1636,29.9205,0,0,0,0,0,0,0,0,0,0,0,0,0.0857195,0.882149,-1.63993,0.0545393,0.510072,-1.66335,-0.0818136,0.170905,-1.305,0.0674149,0.204353,-1.39418,0.0629202,0.804663,-1.52888,0.0218843,0.46453,-1.46255,0.00941823,0.797758,-0.927401,-0.066516,0.934608,-0.86667,-0.80382,-3.74918,1.37728,1.11445,-4.00895,3.96894,0.00629355,1.54259,-0.293768,-0.0812545,1.66689,-0.504212,
0.746544,2.08398,2.70903,-4.31875,2.07663,5.02201,3.14682,21.4768,19.1109,-6.81763,26.7604,26.953,0,0,0,0,0,0,0,0,0,0,0,0,0.0633667,0.819979,-1.60221,0.0683274,0.454233,-1.58271,-0.0826991,0.213868,-1.32313,0.0651574,0.250283,-1.41728,0.0447859,0.788993,-1.47852,-0.00434429,0.443273,-1.36057,-0.0271897,0.677437,-1.01537,-0.0618736,0.814053,-0.973585,-0.982492,-2.10457,2.2743,0.178781,-1.48856,3.99786,-0.0521101,2.23308,-1.21342,-0.0939304,2.35942,-1.41651,
0.168665,0.186068,1.06469,-2.72048,-1.95684,5.4865,2.54801,14.9375,20.1569,-5.87764,19.4015,22.4063,0,0,0,0,0,0,0,0,0,0,0,0,0.0447627,0.789217,-1.54833,0.0597055,0.436637,-1.48584,-0.084506,0.265407,-1.35468,0.0628655,0.304572,-1.45327,0.0227309,0.760933,-1.44671,-0.0198649,0.384004,-1.22915,-0.0428959,0.612934,-1.03705,-0.048993,0.7378,-1.10256,-0.766896,-0.967585,2.51358,-0.91994,-0.521088,4.79532,-0.144142,2.32025,-1.49293,-0.152541,2.45893,-1.73196,
-0.0646229,-0.129711,-0.915936,-3.09785,-10.0431,17.3523,0.656445,12.7931,19.1229,-7.23223,13.464,18.6336,0,0,0,0,0,0,0,0,0,0,0,0,0.0325555,0.776667,-1.50891,0.0479419,0.45073,-1.45376,-0.0866346,0.305714,-1.38138,0.0607385,0.347345,-1.48377,0.00905288,0.751421,-1.45161,-0.0107352,0.345314,-1.1939,-0.0762521,0.610643,-1.08256,-0.0721639,0.668704,-1.19855,-0.682234,-0.699346,2.25961,-0.0718825,2.35843,-1.70004,-0.0474499,2.21001,-1.49334,-0.0430012,2.33932,-1.63715,
0.798778,-1.03934,-0.736398,-2.05165,-13.3172,16.8284,-0.0645246,10.31,18.2745,-7.16741,9.43064,15.5376,0,0,0,0,0,0,0,0,0,0,0,0,0.0154791,0.763196,-1.4741,0.0472261,0.498087,-1.48358,-0.086243,0.352033,-1.41295,0.0612857,0.39605,-1.51645,0.00127604,0.72671,-1.45746,0.00950451,0.322125,-1.21644,-0.0859387,0.605501,-1.12585,-0.067284,0.636392,-1.27856,-0.87775,-0.537437,0.917462,-0.0127965,2.02182,-1.18646,0.0451438,2.01707,-1.37982,0.0533781,2.10454,-1.36297,
1.18971,-1.5269,0.66995,-1.33898,-15.9008,19.5193,-1.05782,7.63619,16.2965,-6.41451,7.8391,11.3946,0,0,0,0,0,0,0,0,0,0,0,0,-0.00359933,0.747624,-1.46191,0.0481296,0.543135,-1.51062,-0.0841562,0.396659,-1.44368,0.0635647,0.441782,-1.54441,-0.00414518,0.693238,-1.44165,0.0267134,0.311546,-1.19198,-0.0993407,0.591881,-1.18681,-0.0487652,0.640772,-1.36988,-0.677627,-0.813512,0.246995,0.089499,1.75747,-1.10778,0.123709,1.72278,-1.20483,0.131314,1.72521,-0.997586,
1.62818,-0.652596,0.836958,-0.394797,-15.3285,17.75,-1.77846,6.52864,16.3034,-5.90112,5.68644,10.0937,0,0,0,0,0,0,0,0,0,0,0,0,-0.0122957,0.731634,-1.45613,0.0503958,0.569766,-1.52776,-0.0815362,0.422943,-1.46268,0.0663278,0.46745,-1.55874,0.00267813,0.679726,-1.42088,0.0492286,0.343593,-1.23827,-0.10736,0.594795,-1.20629,-0.0340627,0.62164,-1.40342,-0.447007,-1.22351,0.611959,0.183667,1.60501,-1.01574,0.198962,1.624,-1.22349,0.210912,1.55222,-0.861872,
0.556205,-7.06891,3.68063,0.622909,-13.281,18.4847,0.345042,6.15566,17.2858,-4.73469,4.273,12.8074,0,0,0,0,0,0,0,0,0,0,0,0,-0.0105522,0.76273,-1.4744,0.0525116,0.602997,-1.54858,-0.0792945,0.456789,-1.48815,0.0688681,0.499855,-1.57725,0.000470395,0.67909,-1.43223,0.064892,0.408095,-1.24154,-0.0722149,0.616475,-1.20972,-0.0159379,0.623221,-1.37108,0.027798,1.37151,-0.756344,0.0322293,1.423,-0.887604,0.0246298,1.45949,-1.09547,0.0390884,1.39565,-0.815731,
-0.480015,-8.50734,5.39764,-0.127876,-9.29889,18.422,1.16858,7.20662,20.4621,-4.78074,3.9863,14.5795,0,0,0,0,0,0,0,0,0,0,0,0,-0.00945722,0.792793,-1.49145,0.0537667,0.633399,-1.56754,-0.0786311,0.488344,-1.5119,0.0698057,0.529117,-1.59341,-0.0149174,0.676101,-1.41653,0.0549637,0.501033,-1.25559,-0.0550281,0.657903,-1.16907,-0.0145106,0.635794,-1.34522,0.0998378,1.16071,-0.709523,0.107616,1.12153,-0.702432,0.0719933,1.17728,-0.892612,0.0796339,1.04497,-0.516215,
-0.197036,-8.85223,6.4692,0.390037,-5.55678,17.7811,2.35527,9.76358,23.3545,-4.47082,4.82893,16.3301,0,0,0,0,0,0,0,0,0,0,0,0,-0.00788084,0.809876,-1.50248,0.0554715,0.649554,-1.57797,-0.0775209,0.504981,-1.52423,0.0709611,0.543511,-1.59964,-0.00945627,0.681218,-1.40624,0.0648128,0.579133,-1.2751,-0.0334666,0.71287,-1.12108,-0.00913354,0.657518,-1.31284,0.0613264,0.986698,-0.653407,0.0687408,0.935352,-0.624058,0.0376221,0.927927,-0.656535,0.0364516,0.800807,-0.308798,
0.0560651,-10.3264,8.83958,-0.547327,-3.76464,19.559,3.05359,11.876,24.823,-4.83352,6.20224,17.8761,0,0,0,0,0,0,0,0,0,0,0,0,-0.00743,0.828719,-1.51544,0.0560337,0.667453,-1.59028,-0.0772955,0.521497,-1.53459,0.0710055,0.557712,-1.60337,-0.00627092,0.665712,-1.37215,0.0463202,0.622473,-1.25087,-0.0216478,0.757681,-1.09406,-0.0172015,0.687739,-1.28018,0.00426878,0.756113,-0.53238,0.00727054,0.717051,-0.495368,0.00390476,0.618952,-0.329952,-0.00992625,0.527361,-0.0560312,
0.4561,-10.7514,8.56885,-0.561719,-2.88788,18.433,3.62019,13.6301,25.4677,-5.06936,6.73671,18.5498,0,0,0,0,0,0,0,0,0,0,0,0,-0.00760708,0.842724,-1.52493,0.0558431,0.680783,-1.59883,-0.0772537,0.532297,-1.53864,0.0706049,0.566793,-1.60201,-0.00042208,0.664559,-1.37852,0.0443306,0.645353,-1.27207,-0.0118568,0.793817,-1.07816,-0.0228056,0.701058,-1.26051,-0.0338474,0.529026,-0.286623,-0.0397045,0.521817,-0.256168,-0.0129772,0.418607,-0.0783524,-0.0379006,0.359946,0.129213,
0.744124,-10.6443,7.55075,-0.673448,-2.489,16.8669,3.86154,14.7748,25.6496,-5.32134,7.06197,18.9485,0,0,0,0,0,0,0,0,0,0,0,0,-0.0085997,0.850494,-1.52714,0.0546464,0.688873,-1.60069,-0.0776941,0.539156,-1.53868,0.0696553,0.572922,-1.59894,0.00284983,0.668839,-1.39028,0.0398368,0.656572,-1.29399,-0.0083614,0.819242,-1.07051,-0.0289834,0.711802,-1.24768,-0.0635556,0.362932,-0.0130077,-0.0783784,0.395804,0.00117523,-0.0268021,0.349976,0.0553021,-0.0576577,0.320232,0.205919,
0.948021,-10.4948,6.39116,-0.896128,-2.63882,15.695,3.8631,15.4716,25.2763,-5.45232,7.17226,18.6103,0,0,0,0,0,0,0,0,0,0,0,0,-0.0100829,0.856595,-1.52474,0.0527591,0.696024,-1.59807,-0.0782348,0.545768,-1.53578,0.0683649,0.579123,-1.59325,0.00486331,0.672834,-1.4023,0.0335085,0.656992,-1.30632,-0.0087788,0.835575,-1.07,-0.032739,0.717673,-1.24513,-0.0699888,0.215548,0.190628,-0.0903627,0.273365,0.195315,-0.0238994,0.25988,0.189591,-0.0602175,0.248896,0.297965,
1.11709,-10.2458,5.27433,-1.06983,-2.57805,14.9166,3.65042,16.1171,24.8795,-5.44806,7.32626,18.235,0,0,0,0,0,0,0,0,0,0,0,0,-0.0116091,0.860081,-1.5191,0.0507558,0.700939,-1.59242,-0.0787045,0.550556,-1.53048,0.0670613,0.583802,-1.58592,0.00643048,0.677713,-1.41349,0.0283066,0.660261,-1.31163,-0.0130142,0.84972,-1.06918,-0.0339379,0.723113,-1.24284,-0.0693954,0.119743,0.296734,-0.0915982,0.189295,0.292639,-0.0208063,0.187203,0.273236,-0.0593846,0.186575,0.352509,
0.882021,-11.2468,5.58589,-1.19286,-1.68395,16.0863,2.91823,16.5944,23.4094,-5.16198,7.82997,17.5151,0,0,0,0,0,0,0,0,0,0,0,0,-0.0128039,0.861753,-1.51337,0.0491612,0.703884,-1.58679,-0.0790312,0.553521,-1.52525,0.0660433,0.586792,-1.57942,0.00111061,0.659805,-1.40109,0.0246319,0.67813,-1.28382,-0.026543,0.860219,-1.08999,-0.029617,0.734222,-1.24917,-0.0648471,0.0775979,0.327583,-0.0868053,0.148597,0.320437,-0.0174322,0.152219,0.294658,-0.0551863,0.154824,0.360321,
1.15279,-11.2901,4.53153,-1.06419,-1.42231,15.4106,2.73711,16.4536,22.9839,-5.04487,7.43993,17.6417,0,0,0,0,0,0,0,0,0,0,0,0,-0.0142473,0.863126,-1.50564,0.0472313,0.706891,-1.57931,-0.0794675,0.55706,-1.51928,0.0648341,0.590446,-1.57219,0.00416649,0.659555,-1.40986,0.024567,0.685544,-1.28652,-0.0307867,0.863044,-1.0943,-0.0289905,0.732939,-1.243,-0.0777916,0.0520546,0.409035,-0.101301,0.137908,0.385065,-0.0331471,0.208595,0.216813,-0.0641588,0.220648,0.257887,
1.20093,-11.2927,3.46339,-1.16213,-1.23727,14.4917,2.56497,16.211,23.2438,-5.06776,6.98266,17.9634,0,0,0,0,0,0,0,0,0,0,0,0,-0.0159858,0.864234,-1.49559,0.0449509,0.709988,-1.56981,-0.0802658,0.562979,-1.51618,0.063462,0.596675,-1.5683,0.00362316,0.660683,-1.41727,0.0207836,0.692061,-1.29147,-0.0345342,0.86772,-1.09081,-0.03032,0.73396,-1.23753,-0.0680175,0.0540875,0.468814,-0.0928146,0.139591,0.454069,-0.0276316,0.305426,0.0843813,-0.050139,0.315566,0.127396,
1.25403,-11.3244,3.0204,-1.16048,-0.885934,14.2061,2.47178,16.4159,23.8111,-5.0316,6.86777,18.1661,0,0,0,0,0,0,0,0,0,0,0,0,-0.0170456,0.865304,-1.48748,0.0434581,0.712459,-1.56179,-0.0806296,0.568669,-1.5153,0.0627394,0.602484,-1.56654,0.00385641,0.661485,-1.4187,0.0197055,0.700824,-1.28968,-0.036348,0.87735,-1.0813,-0.0300032,0.737771,-1.23358,-0.0580085,0.0635513,0.423656,-0.0810622,0.136688,0.42205,-0.0201604,0.311996,0.0325912,-0.0384696,0.318324,0.0813517,
1.33149,-11.4721,2.86252,-1.02867,-0.696739,14.3608,2.34711,16.6573,24.3859,-4.98567,6.75415,18.1463,0,0,0,0,0,0,0,0,0,0,0,0,-0.0183446,0.866858,-1.47945,0.0416938,0.715456,-1.55372,-0.0811045,0.575014,-1.51477,0.0618977,0.608989,-1.565,0.0038749,0.660793,-1.4172,0.0203628,0.707257,-1.28229,-0.0391909,0.886525,-1.07068,-0.0300213,0.740725,-1.23297,-0.0607854,0.0769621,0.311787,-0.0802975,0.136553,0.315512,-0.0232536,0.26435,0.0216832,-0.0388182,0.272959,0.0641712,
1.4123,-11.6589,2.88674,-0.597857,-0.443097,14.3549,2.44197,17.255,24.9553,-4.82232,6.97749,18.4242,0,0,0,0,0,0,0,0,0,0,0,0,-0.0196979,0.868712,-1.47402,0.0399523,0.718455,-1.54814,-0.0816247,0.580118,-1.51424,0.0610558,0.614312,-1.56361,0.00389559,0.659647,-1.41503,0.0264655,0.714867,-1.28038,-0.0380562,0.900613,-1.05963,-0.0279092,0.748329,-1.22659,-0.063698,0.089099,0.198591,-0.0799553,0.136514,0.206464,-0.0253867,0.206784,0.0267861,-0.039308,0.218572,0.0621292,
1.36601,-11.7928,2.93505,-0.645193,-0.170013,14.6879,2.36965,17.5507,25.5462,-4.86904,7.1019,18.7015,0,0,0,0,0,0,0,0,0,0,0,0,-0.0207157,0.870436,-1.47131,0.0386674,0.720885,-1.54516,-0.0819577,0.58344,-1.51376,0.0604823,0.617805,-1.56242,0.00261945,0.659368,-1.41417,0.024985,0.722157,-1.27357,-0.0391625,0.908171,-1.04853,-0.0287556,0.752731,-1.22011,-0.045879,0.102243,0.115337,-0.0596342,0.133319,0.138686,-0.00884053,0.171921,0.0228966,-0.021691,0.177225,0.0694746,
1.42201,-11.9884,3.00955,-0.595577,-0.0930588,15.0989,2.33034,17.7419,25.8668,-4.87175,7.09193,18.7266,0,0,0,0,0,0,0,0,0,0,0,0,-0.0215789,0.872794,-1.46966,0.037531,0.723776,-1.5429,-0.0820313,0.586774,-1.51321,0.0601339,0.621206,-1.56079,0.00303702,0.658367,-1.41336,0.0250844,0.72633,-1.26588,-0.0397254,0.913724,-1.04188,-0.0289131,0.754636,-1.21774,-0.0378543,0.108254,0.0482755,-0.0494365,0.129724,0.0762282,-0.00195411,0.133538,0.0313757,-0.0143551,0.137063,0.078396,
1.47478,-12.0685,3.00336,-0.573063,0.0320492,15.4306,2.24483,17.9673,26.1236,-4.87593,7.08618,18.7836,0,0,0,0,0,0,0,0,0,0,0,0,-0.0222489,0.874728,-1.46915,0.0366634,0.726065,-1.54189,-0.0820536,0.588889,-1.51251,0.0598886,0.6234,-1.55929,0.00336259,0.658756,-1.41392,0.0246924,0.730723,-1.25982,-0.0412585,0.919078,-1.03611,-0.0291905,0.755917,-1.21495,-0.0367464,0.105562,0.0188805,-0.047413,0.124511,0.0461429,-0.000611679,0.107249,0.0436415,-0.0130112,0.11237,0.086147,
1.53766,-12.175,2.92709,-0.550413,0.0436536,15.6869,2.18227,18.0764,26.2428,-4.86978,6.99296,18.7113,0,0,0,0,0,0,0,0,0,0,0,0,-0.0230455,0.876954,-1.46886,0.035638,0.7287,-1.54102,-0.082055,0.591001,-1.51141,0.059613,0.625644,-1.55731,0.00374314,0.658762,-1.41526,0.0241253,0.733274,-1.25459,-0.0423629,0.922552,-1.03244,-0.0293243,0.755893,-1.21404,-0.0357138,0.0969148,0.0115857,-0.0459934,0.115498,0.0373296,0.00044338,0.0882655,0.0556301,-0.0120916,0.0948435,0.0936149,
1.5504,-12.2073,2.41179,-0.695482,0.326671,15.5187,1.89773,17.9557,26.1307,-4.73916,6.88931,18.4262,0,0,0,0,0,0,0,0,0,0,0,0,-0.0238771,0.879145,-1.46856,0.0345614,0.731327,-1.5401,-0.0820218,0.592923,-1.50992,0.0593425,0.627729,-1.55495,0.00321167,0.660022,-1.42423,0.020482,0.740677,-1.2566,-0.047441,0.921817,-1.03265,-0.0271651,0.755637,-1.21657,-0.0336229,0.0864338,0.0145729,-0.0438223,0.104218,0.0411192,0.00234278,0.0741632,0.066384,-0.0104188,0.0808899,0.102522,
1.65494,-12.2826,2.38814,-0.534285,0.339377,15.6602,1.73619,18.0358,26.2138,-4.70326,6.75209,18.2369,0,0,0,0,0,0,0,0,0,0,0,0,-0.0244318,0.880485,-1.46836,0.0338438,0.732958,-1.53948,-0.0819921,0.594021,-1.5088,0.0591682,0.628954,-1.55328,0.00441714,0.659879,-1.42469,0.0225541,0.742479,-1.25369,-0.0504204,0.924012,-1.02981,-0.0267543,0.754139,-1.21834,-0.0379151,0.0829069,0.00746225,-0.0481379,0.10239,0.0323198,0.000143019,0.0631688,0.0728009,-0.0124885,0.0739227,0.102831,
1.74067,-12.4364,2.41768,-0.395377,0.233257,15.8149,1.59328,18.0571,26.2725,-4.67933,6.5438,18.0012,0,0,0,0,0,0,0,0,0,0,0,0,-0.0254299,0.882458,-1.46837,0.0325972,0.735438,-1.53892,-0.0820196,0.595387,-1.50703,0.0588459,0.630676,-1.55091,0.00481886,0.65902,-1.42457,0.0236684,0.743071,-1.25077,-0.0530909,0.925474,-1.02695,-0.0266645,0.751978,-1.2205,-0.0427711,0.0818349,-0.00498145,-0.053169,0.103652,0.0184214,-0.00122156,0.0542789,0.0730682,-0.0131886,0.0710161,0.0952224,
1.79918,-12.5669,2.35868,-0.360278,0.159048,15.9459,1.51108,18.0258,26.3011,-4.62386,6.36268,17.7688,0,0,0,0,0,0,0,0,0,0,0,0,-0.0263706,0.884239,-1.46851,0.0314283,0.737703,-1.53855,-0.0820414,0.596559,-1.50546,0.0585676,0.632234,-1.5489,0.00495227,0.658362,-1.42584,0.0231509,0.743929,-1.2481,-0.0545963,0.926023,-1.02497,-0.025906,0.750226,-1.2229,-0.0424557,0.0798033,-0.0063978,-0.0527657,0.101877,0.0162844,-0.000885894,0.0526246,0.0698191,-0.0123283,0.0704789,0.0893945,
1.85329,-12.6527,2.31307,-0.338488,0.136012,16.028,1.43856,18.0386,26.3593,-4.57337,6.22032,17.5753,0,0,0,0,0,0,0,0,0,0,0,0,-0.0271226,0.885653,-1.46862,0.0304918,0.73951,-1.53825,-0.0820514,0.597495,-1.50422,0.0583552,0.633492,-1.54732,0.00521434,0.658133,-1.42674,0.0226432,0.745228,-1.24628,-0.0559079,0.92715,-1.02274,-0.0251725,0.74886,-1.22495,-0.0415338,0.0772776,-0.00541056,-0.0517714,0.0991467,0.0171503,-0.000372063,0.0513486,0.0678942,-0.011476,0.069408,0.0862064,
1.90012,-12.8505,2.44381,6.48201e-05,-0.22379,16.9347,1.66146,18.15,26.2239,-4.68182,6.02729,17.5243,0,0,0,0,0,0,0,0,0,0,0,0,-0.0280305,0.88731,-1.46872,0.0293585,0.741651,-1.53786,-0.0820528,0.598601,-1.50275,0.0581142,0.635005,-1.54547,0.00517455,0.656075,-1.4244,0.0276813,0.740716,-1.22934,-0.0518364,0.930217,-1.02379,-0.0273528,0.746826,-1.22414,-0.0410221,0.0736667,-0.00360836,-0.051284,0.0957634,0.0188755,0.000245459,0.0493995,0.0661182,-0.0104788,0.0682534,0.0826791,
1.88241,-12.9439,2.29647,-0.152824,-0.237859,16.9713,1.58758,18.0612,26.2307,-4.67814,5.83564,17.2935,0,0,0,0,0,0,0,0,0,0,0,0,-0.0288356,0.888898,-1.46873,0.0283279,0.743667,-1.53729,-0.0819704,0.599734,-1.50139,0.0579637,0.636498,-1.54365,0.00459579,0.655885,-1.42672,0.0244179,0.742077,-1.22719,-0.0526524,0.930101,-1.02278,-0.0269834,0.744869,-1.22644,-0.0242649,0.0712098,0.00803702,-0.0345712,0.083571,0.0464928,0.0138414,0.0605521,0.0516145,0.0033619,0.0693008,0.0850176,
1.9254,-13.0018,2.08718,-0.197523,-0.238937,16.8003,1.59642,18.0115,26.2965,-4.61286,5.67907,17.0225,0,0,0,0,0,0,0,0,0,0,0,0,-0.0290658,0.890136,-1.46835,0.02791,0.745012,-1.53602,-0.0815592,0.601008,-1.50064,0.0581893,0.637789,-1.54207,0.00562927,0.655883,-1.42937,0.0236597,0.742925,-1.22775,-0.0517176,0.93097,-1.02132,-0.0252004,0.743448,-1.22967,-0.00953834,0.0655022,0.0315729,-0.0201371,0.0689696,0.0856921,0.0249271,0.075762,0.0368588,0.0146827,0.0734378,0.0887095,
1.97898,-13.0629,1.95676,-0.159044,-0.279063,16.584,1.56871,17.9927,26.3854,-4.56168,5.53152,16.7287,0,0,0,0,0,0,0,0,0,0,0,0,-0.0292401,0.891482,-1.46746,0.0274985,0.746373,-1.53382,-0.0809913,0.602724,-1.49989,0.0585327,0.639393,-1.54008,0.00653898,0.655894,-1.43047,0.0240472,0.743152,-1.22875,-0.0515698,0.932414,-1.0191,-0.0238401,0.74228,-1.23288,-0.00618225,0.0586504,0.0431084,-0.0170982,0.0566072,0.108141,0.0274822,0.077896,0.0322527,0.0173165,0.0707092,0.0930123,
2.04482,-13.1297,1.87714,-0.0695674,-0.353862,16.451,1.52021,18.0014,26.4703,-4.51332,5.40539,16.4317,0,0,0,0,0,0,0,0,0,0,0,0,-0.0293796,0.892724,-1.46655,0.0271182,0.747519,-1.53138,-0.0803853,0.604364,-1.49918,0.0589159,0.640852,-1.53798,0.0075698,0.655809,-1.43119,0.0252668,0.742692,-1.22867,-0.0518557,0.933981,-1.01683,-0.0225851,0.741163,-1.23605,-0.00700285,0.0552227,0.0376659,-0.0179202,0.0491124,0.109905,0.0271756,0.070814,0.0327474,0.0170928,0.0620762,0.0970333,
2.0587,-13.2848,1.89647,-0.00146146,-0.459184,16.3777,1.57073,17.9376,26.1233,-4.44329,5.43831,16.1071,0,0,0,0,0,0,0,0,0,0,0,0,-0.0295104,0.893598,-1.46603,0.0268141,0.748274,-1.52967,-0.0799658,0.605434,-1.49865,0.0591751,0.64178,-1.53641,0.00765151,0.653845,-1.43063,0.0261673,0.741428,-1.2285,-0.0505475,0.933669,-1.0226,-0.0210775,0.742457,-1.24034,-0.00822131,0.0546255,0.0279809,-0.0189509,0.0459043,0.103808,0.0262627,0.0640809,0.033115,0.0163335,0.0549333,0.0982987,
2.09935,-13.3666,1.89564,0.0613007,-0.554697,16.1909,1.4997,17.8726,26.0989,-4.4061,5.3247,15.9053,0,0,0,0,0,0,0,0,0,0,0,0,-0.0297106,0.894934,-1.46555,0.0263608,0.749351,-1.52731,-0.079338,0.606927,-1.49796,0.0595733,0.643037,-1.53413,0.00824075,0.653811,-1.4306,0.0269138,0.740747,-1.22975,-0.0511613,0.934076,-1.02286,-0.019919,0.741692,-1.2421,-0.00667979,0.0582662,0.0149727,-0.0171591,0.0452635,0.0971397,0.027788,0.067038,0.0177019,0.0189013,0.0562764,0.0866336,
2.14854,-13.4412,1.85789,0.0978261,-0.61347,16.1289,1.49666,17.8235,26.1712,-4.3537,5.22029,15.8091,0,0,0,0,0,0,0,0,0,0,0,0,-0.0298863,0.896259,-1.46531,0.0259572,0.750382,-1.52526,-0.0787583,0.608494,-1.49779,0.0599734,0.644383,-1.53247,0.00883087,0.653872,-1.43129,0.0270551,0.740806,-1.22914,-0.0507788,0.934937,-1.0219,-0.0186682,0.741385,-1.24285,-0.0106087,0.0610577,0.00739603,-0.0208019,0.0482268,0.0877909,0.0234519,0.0727133,0.00167369,0.015784,0.0637686,0.0666987,
2.18761,-13.4784,1.83385,0.113149,-0.5912,16.1614,1.49391,17.8393,26.2885,-4.31442,5.16597,15.7936,0,0,0,0,0,0,0,0,0,0,0,0,-0.0301043,0.897234,-1.46525,0.0255789,0.751166,-1.52395,-0.0784357,0.609643,-1.49781,0.0601783,0.645411,-1.5315,0.00918804,0.654167,-1.43186,0.02683,0.742027,-1.22756,-0.0506562,0.936309,-1.01992,-0.0178817,0.741429,-1.24246,-0.0147386,0.0609095,0.00124705,-0.024633,0.0491734,0.077888,0.0188695,0.0707656,-0.00261563,0.0117326,0.063884,0.0573676,
2.23159,-13.5637,1.82719,0.152845,-0.618725,16.1846,1.48287,17.813,26.3739,-4.28899,5.07345,15.711,0,0,0,0,0,0,0,0,0,0,0,0,-0.0304881,0.898675,-1.46533,0.0249628,0.75233,-1.52224,-0.0780192,0.611261,-1.49789,0.0604294,0.646887,-1.53021,0.00954085,0.653988,-1.43233,0.0268846,0.742636,-1.22578,-0.0505171,0.937231,-1.01849,-0.017232,0.74106,-1.24286,-0.0166681,0.0588585,-0.00690454,-0.0261915,0.0475273,0.0668408,0.0165249,0.0641062,-0.00365118,0.00978203,0.0589164,0.0518359,
2.27322,-13.5791,1.90772,0.153731,-0.836519,16.1889,1.67473,17.5552,25.8438,-4.33165,4.97637,15.4768,0,0,0,0,0,0,0,0,0,0,0,0,-0.0307961,0.899708,-1.4655,0.0244859,0.753162,-1.52109,-0.0777341,0.612355,-1.49794,0.0605946,0.647898,-1.52929,0.00999099,0.654653,-1.43116,0.0264325,0.739417,-1.22473,-0.0467546,0.933445,-1.02813,-0.0178493,0.740137,-1.24623,-0.0166275,0.0561682,-0.0108221,-0.0259248,0.044759,0.0616493,0.0161876,0.0582208,-0.00216623,0.00957375,0.0537783,0.0508472,
2.2782,-13.5848,1.90502,0.115618,-0.865902,16.1188,1.62566,17.4724,25.7347,-4.3176,4.89443,15.4001,0,0,0,0,0,0,0,0,0,0,0,0,-0.0311226,0.900908,-1.46577,0.0239576,0.754094,-1.51977,-0.0773472,0.613581,-1.49801,0.0608385,0.649019,-1.52819,0.00998338,0.655698,-1.4316,0.0254452,0.739652,-1.22464,-0.0470572,0.933138,-1.03038,-0.0171344,0.739668,-1.24661,-0.00965227,0.0545805,-0.014268,-0.018776,0.0397874,0.0627632,0.0223854,0.0573394,-0.00841636,0.0161581,0.0506963,0.0481204,
2.29733,-13.6227,1.88891,0.103522,-0.883473,16.0573,1.59124,17.4156,25.7788,-4.31082,4.80965,15.3667,0,0,0,0,0,0,0,0,0,0,0,0,-0.0312384,0.90211,-1.46613,0.0236421,0.754921,-1.51834,-0.0767633,0.614896,-1.49835,0.0612949,0.650159,-1.52723,0.0104107,0.656206,-1.43236,0.0251086,0.740048,-1.22427,-0.0469165,0.933537,-1.03033,-0.0163464,0.739332,-1.24656,-0.00368255,0.0544121,-0.0176604,-0.0127013,0.0363645,0.0646519,0.027964,0.0609053,-0.0207949,0.0225225,0.0527059,0.0388233,
2.32216,-13.6435,1.89238,0.103459,-0.835123,16.0547,1.57698,17.4267,25.9104,-4.30063,4.78416,15.3877,0,0,0,0,0,0,0,0,0,0,0,0,-0.0313008,0.903077,-1.46649,0.0234192,0.755553,-1.51722,-0.0762585,0.61597,-1.49877,0.0617061,0.651089,-1.52659,0.0108132,0.656752,-1.43285,0.0249039,0.741484,-1.22337,-0.0466626,0.934708,-1.02848,-0.0157289,0.739712,-1.24571,-0.00327338,0.0530957,-0.0234568,-0.01211,0.034056,0.0595848,0.0282182,0.057751,-0.0245355,0.0231706,0.0500588,0.0337743,
2.35265,-13.7055,1.94981,0.149505,-0.818255,16.0497,1.55147,17.4451,26.0415,-4.29984,4.75679,15.3528,0,0,0,0,0,0,0,0,0,0,0,0,-0.0313859,0.904311,-1.46719,0.0231254,0.75632,-1.51592,-0.0755855,0.617219,-1.49933,0.06226,0.652172,-1.52579,0.0112518,0.656742,-1.43284,0.025425,0.742424,-1.2225,-0.046474,0.935915,-1.02654,-0.0151784,0.739971,-1.24553,-0.00420729,0.0495748,-0.0335253,-0.0127907,0.0300083,0.0491082,0.0275903,0.0462252,-0.0208935,0.0226267,0.0401016,0.0341163,
2.3618,-13.7382,2.01695,0.226076,-0.877429,16.0601,1.79429,17.5205,25.9303,-4.35911,4.80166,15.5164,0,0,0,0,0,0,0,0,0,0,0,0,-0.0314719,0.905072,-1.46777,0.0229034,0.756773,-1.5152,-0.0751607,0.617876,-1.49962,0.0626046,0.652746,-1.52523,0.01128,0.65679,-1.43234,0.0265479,0.741702,-1.22179,-0.0416799,0.937652,-1.02867,-0.01596,0.741121,-1.24193,-0.00579995,0.0459371,-0.0379118,-0.0142399,0.0269383,0.0429889,0.0261945,0.0373184,-0.0156239,0.0211475,0.0327656,0.0359628,
2.35371,-13.7658,2.06815,0.177999,-0.880449,16.0121,1.79701,17.5472,25.9428,-4.38076,4.81887,15.528,0,0,0,0,0,0,0,0,0,0,0,0,-0.0316026,0.906026,-1.46864,0.0225896,0.75731,-1.5143,-0.0745891,0.618592,-1.49991,0.063064,0.653371,-1.52441,0.0110923,0.657113,-1.43238,0.0254561,0.742001,-1.2218,-0.0409714,0.938622,-1.02866,-0.0158101,0.741805,-1.24081,-0.00305105,0.0419539,-0.0410425,-0.0113004,0.0213567,0.0418787,0.028869,0.0302413,-0.0133062,0.0237138,0.0250049,0.0390711,
2.38083,-13.7976,2.09596,0.186198,-0.91325,15.9249,1.79256,17.5675,25.9604,-4.39264,4.79904,15.4775,0,0,0,0,0,0,0,0,0,0,0,0,-0.0316231,0.906978,-1.46962,0.0223701,0.757739,-1.51323,-0.0738403,0.619268,-1.50023,0.0636896,0.653911,-1.52345,0.0116489,0.657339,-1.43279,0.025467,0.741637,-1.22215,-0.0402125,0.939545,-1.02864,-0.015308,0.741855,-1.24073,-0.000484148,0.037431,-0.0393216,-0.00881382,0.0153623,0.0468011,0.0316508,0.0265029,-0.0128789,0.0265385,0.0210462,0.04014,
2.39676,-13.8047,2.10635,0.175757,-0.891252,15.8834,1.80854,17.6014,26.0221,-4.38302,4.81003,15.4609,0,0,0,0,0,0,0,0,0,0,0,0,-0.0316336,0.907549,-1.47023,0.0222266,0.757956,-1.51246,-0.0733389,0.619671,-1.50043,0.0641095,0.65423,-1.52281,0.0119268,0.657682,-1.43316,0.0251337,0.742153,-1.22209,-0.0394309,0.940492,-1.02771,-0.0147222,0.742308,-1.24041,-0.000521805,0.0344613,-0.0376613,-0.00881349,0.0122692,0.0484288,0.0313317,0.0242989,-0.0124556,0.0262643,0.019034,0.0396444,
2.41797,-13.8299,2.12426,0.18949,-0.894471,15.837,1.80491,17.617,26.0718,-4.39063,4.79911,15.4225,0,0,0,0,0,0,0,0,0,0,0,0,-0.0316471,0.908265,-1.47104,0.0220315,0.758184,-1.51139,-0.0726566,0.62017,-1.5007,0.0646812,0.654618,-1.52195,0.0122899,0.657827,-1.43361,0.0251813,0.742216,-1.22184,-0.038835,0.941177,-1.02706,-0.0143068,0.742419,-1.24029,-0.000799565,0.0310082,-0.0363487,-0.00902814,0.00900357,0.0489968,0.0307071,0.0213337,-0.0119342,0.0257162,0.0166196,0.0384191,
2.4412,-13.8305,2.17966,0.236399,-0.937938,15.9355,1.99061,17.6357,25.9839,-4.46489,4.76554,15.4925,0,0,0,0,0,0,0,0,0,0,0,0,-0.0316744,0.908964,-1.4719,0.0218083,0.758362,-1.51022,-0.0719355,0.620639,-1.50097,0.0652834,0.654983,-1.52105,0.0126663,0.658403,-1.43342,0.0257967,0.741509,-1.21891,-0.0347765,0.941877,-1.0289,-0.0150915,0.742086,-1.23816,-0.00136732,0.0275829,-0.0353061,-0.00946662,0.00613027,0.048168,0.0295169,0.0180168,-0.0109815,0.0245954,0.0139551,0.0369933,
2.43569,-13.8404,2.20366,0.206133,-0.932469,15.8814,1.97825,17.6475,25.9988,-4.48429,4.75521,15.4796,0,0,0,0,0,0,0,0,0,0,0,0,-0.0316885,0.909387,-1.47245,0.0216655,0.758439,-1.50944,-0.0714585,0.620919,-1.50115,0.0656817,0.655195,-1.52046,0.0126172,0.658586,-1.43348,0.02517,0.741595,-1.21899,-0.0344601,0.942368,-1.02885,-0.0149818,0.742083,-1.23781,0.000626944,0.0257722,-0.0335905,-0.00743675,0.00335949,0.0517746,0.0314765,0.0179056,-0.0123896,0.0265562,0.0131289,0.0368647,
2.46957,-13.8579,2.21059,0.238703,-0.96292,15.7625,1.96734,17.6582,26.0137,-4.49715,4.72607,15.4236,0,0,0,0,0,0,0,0,0,0,0,0,-0.0316595,0.909965,-1.47319,0.0214981,0.758477,-1.5081,-0.0706798,0.621358,-1.50147,0.0663441,0.655527,-1.5196,0.0132672,0.658741,-1.43394,0.0255936,0.740986,-1.21963,-0.033856,0.943012,-1.02894,-0.0145246,0.741928,-1.23804,0.000779386,0.0225665,-0.0287783,-0.00747214,0.000501524,0.0575717,0.0322097,0.0182296,-0.0136415,0.0274261,0.0144293,0.0345754,
2.48354,-13.8677,2.22425,0.238151,-0.955341,15.6999,1.9799,17.6724,26.0625,-4.49071,4.73027,15.3886,0,0,0,0,0,0,0,0,0,0,0,0,-0.0316529,0.910353,-1.47369,0.0213566,0.758475,-1.50706,-0.0701093,0.62168,-1.50172,0.0668294,0.655787,-1.519,0.0135148,0.658904,-1.43416,0.0254313,0.741086,-1.21973,-0.0330785,0.943567,-1.02832,-0.0139411,0.742254,-1.23813,0.000379214,0.0210948,-0.0278407,-0.00780073,-0.000583677,0.0575327,0.0315497,0.017469,-0.0139891,0.0268504,0.0141181,0.0329028,
2.50304,-13.8839,2.24266,0.251969,-0.962329,15.6559,1.97847,17.6818,26.0978,-4.49622,4.72339,15.3501,0,0,0,0,0,0,0,0,0,0,0,0,-0.0316493,0.910805,-1.47432,0.0211821,0.758456,-1.50583,-0.0694254,0.622043,-1.50203,0.067411,0.656084,-1.5183,0.0138567,0.659028,-1.4345,0.0254968,0.74093,-1.21941,-0.0324512,0.94404,-1.02798,-0.0134871,0.742388,-1.2382,-0.000116697,0.0201055,-0.0291687,-0.00814372,-0.000899617,0.0540855,0.0306143,0.0155946,-0.0139354,0.0260104,0.0129495,0.0308136,
2.5025,-13.8671,2.28912,0.279702,-1.00234,15.6646,2.15405,17.6848,25.9769,-4.53462,4.69421,15.4381,0,0,0,0,0,0,0,0,0,0,0,0,-0.0316595,0.911238,-1.47498,0.0209979,0.758437,-1.5047,-0.0687684,0.622361,-1.50233,0.0679677,0.656352,-1.51765,0.013821,0.65974,-1.43437,0.025808,0.740184,-1.21826,-0.0286418,0.944348,-1.03047,-0.0136657,0.742081,-1.23602,-0.000600052,0.0193195,-0.0308127,-0.00841586,-0.000856449,0.0495553,0.0294003,0.0136225,-0.0136681,0.0248807,0.0115787,0.0287042,
2.48916,-13.8793,2.33427,0.246962,-1.00997,15.62,2.14573,17.6812,25.9579,-4.55371,4.68677,15.4287,0,0,0,0,0,0,0,0,0,0,0,0,-0.0316579,0.911584,-1.47555,0.0208607,0.758416,-1.50383,-0.0682309,0.622598,-1.50259,0.068424,0.656547,-1.51714,0.013652,0.659868,-1.43419,0.0251524,0.739999,-1.21823,-0.028187,0.944506,-1.03112,-0.0134873,0.742101,-1.23568,0.0016029,0.0194179,-0.0328321,-0.00606612,-0.00166461,0.0486544,0.031491,0.0131536,-0.0151181,0.0269914,0.0103608,0.0284763,
2.51029,-13.8985,2.36825,0.26271,-1.03229,15.5566,2.14977,17.6794,25.9539,-4.55652,4.6685,15.3854,0,0,0,0,0,0,0,0,0,0,0,0,-0.0316137,0.912006,-1.47629,0.0207362,0.758373,-1.50276,-0.067527,0.622882,-1.50293,0.0690303,0.656774,-1.51653,0.0140856,0.659924,-1.43432,0.02532,0.739535,-1.21834,-0.0274025,0.944745,-1.03158,-0.0129211,0.742,-1.23593,0.00176047,0.0188894,-0.0333806,-0.00589146,-0.00209761,0.0479778,0.0317128,0.012786,-0.0162007,0.027328,0.0104898,0.0265238,
